image_path,ground_truth,gt_idx,pred_baseline_pth,confidence_baseline_pth,latency_ms_baseline_pth,margin_baseline_pth,probabilities_baseline_pth,pred_structured_pth,confidence_structured_pth,latency_ms_structured_pth,margin_structured_pth,probabilities_structured_pth,pred_baseline_onnx,confidence_baseline_onnx,latency_ms_baseline_onnx,margin_baseline_onnx,probabilities_baseline_onnx,pred_structured_onnx,confidence_structured_onnx,latency_ms_structured_onnx,margin_structured_onnx,probabilities_structured_onnx,pred_baseline_pte,confidence_baseline_pte,latency_ms_baseline_pte,margin_baseline_pte,probabilities_baseline_pte,pred_structured_pte,confidence_structured_pte,latency_ms_structured_pte,margin_structured_pte,probabilities_structured_pte
E:\RHNA\1Visual\NCKH\nckh2\products\fe\model\Dataset_Flood\low\images - 2025-01-28T163251.007.jpg,low,0,low,0.743341863155365,39.02090000065073,0.5900731086730957,"[0.743341863155365, 0.07202435284852982, 0.0313650518655777, 0.1532687246799469]",low,0.9865579009056091,23.918400000184192,0.9767677783966064,"[0.9865579009056091, 0.009790097363293171, 0.00045768351992592216, 0.0031943279318511486]",low,0.7433398962020874,14.919100000042818,0.5900698304176331,"[0.7433398962020874, 0.07202469557523727, 0.03136533498764038, 0.15327008068561554]",low,0.9865580201148987,15.664200000173878,0.9767680168151855,"[0.9865580201148987, 0.009790008887648582, 0.00045767659321427345, 0.0031942431814968586]",low,0.7433426380157471,29.247399999803747,0.5900750160217285,"[0.7433426380157471, 0.07202458381652832, 0.03136519715189934, 0.15326762199401855]",low,0.9865581393241882,48.39929999980086,0.9767682552337646,"[0.9865581393241882, 0.009789912961423397, 0.0004576670180540532, 0.0031943481881171465]"
E:\RHNA\1Visual\NCKH\nckh2\products\fe\model\Dataset_Flood\low\다운로드 (54).jpg,low,0,low,0.6131587624549866,39.10650000034366,0.3904503583908081,"[0.6131587624549866, 0.0857996940612793, 0.07833311706781387, 0.22270840406417847]",non_flood,0.6276069283485413,20.648800000344636,0.31985506415367126,"[0.30775186419487, 0.03521329537034035, 0.02942788042128086, 0.6276069283485413]",low,0.6131573915481567,9.112099999583734,0.3904474675655365,"[0.6131573915481567, 0.08579949289560318, 0.07833322137594223, 0.22270992398262024]",non_flood,0.6276072263717651,15.087600000697421,0.31985485553741455,"[0.3077523708343506, 0.03521299362182617, 0.029427487403154373, 0.6276072263717651]",low,0.6131585836410522,8.901799999875948,0.39044997096061707,"[0.6131585836410522, 0.0857997015118599, 0.07833309471607208, 0.22270861268043518]",non_flood,0.6276028156280518,18.15309999983583,0.3198472857475281,"[0.3077555298805237, 0.03521333262324333, 0.02942834235727787, 0.6276028156280518]"
E:\RHNA\1Visual\NCKH\nckh2\products\fe\model\Dataset_Flood\low\808137151_1065873222862956_2369990287917085533_n.jpg,low,0,medium,0.6701968312263489,19.7941999995237,0.46400192379951477,"[0.2061949074268341, 0.6701968312263489, 0.03669515252113342, 0.08691304922103882]",medium,0.8506250381469727,19.112099999802012,0.7227499485015869,"[0.12787505984306335, 0.8506250381469727, 0.013573537580668926, 0.007926390506327152]",medium,0.6701967716217041,10.316099999727157,0.4640020430088043,"[0.20619472861289978, 0.6701967716217041, 0.036695219576358795, 0.08691322058439255]",medium,0.8506249189376831,23.79320000000007,0.7227498292922974,"[0.12787507474422455, 0.8506249189376831, 0.013573580421507359, 0.007926404476165771]",medium,0.6701970100402832,24.77279999948223,0.4640023708343506,"[0.2061946541070938, 0.6701970100402832, 0.03669508174061775, 0.08691327273845673]",medium,0.8506248593330383,18.439600000419887,0.7227495908737183,"[0.12787523865699768, 0.8506248593330383, 0.013573591597378254, 0.007926271297037601]"
E:\RHNA\1Visual\NCKH\nckh2\products\fe\model\Dataset_Flood\low\SSI_20170716151354_O2.jpg,low,0,medium,0.7966281771659851,27.882100000169885,0.6160874366760254,"[0.18054071068763733, 0.7966281771659851, 0.010662614367902279, 0.012168497778475285]",medium,0.7658470869064331,24.878399999579415,0.5419559478759766,"[0.22389112412929535, 0.7658470869064331, 0.0008702690829522908, 0.009391491301357746]",medium,0.7966292500495911,14.474200000222481,0.6160896420478821,"[0.18053960800170898, 0.7966292500495911, 0.010662669315934181, 0.012168490327894688]",medium,0.7658459544181824,16.32510000035836,0.5419535636901855,"[0.22389239072799683, 0.7658459544181824, 0.0008702627965249121, 0.009391415864229202]",medium,0.796629011631012,18.389700000625453,0.6160891056060791,"[0.18053990602493286, 0.796629011631012, 0.01066263485699892, 0.01216844655573368]",medium,0.7658491730690002,23.675100000218663,0.5419600009918213,"[0.22388920187950134, 0.7658491730690002, 0.0008702626219019294, 0.009391365572810173]"
E:\RHNA\1Visual\NCKH\nckh2\products\fe\model\Dataset_Flood\low\화면 캡처 2025-03-05 161811.jpg,low,0,low,0.3782110810279846,32.569900000453345,0.11128553748130798,"[0.3782110810279846, 0.26692554354667664, 0.09464015066623688, 0.26022329926490784]",low,0.47771403193473816,27.3416999998517,0.2643014192581177,"[0.47771403193473816, 0.1661466360092163, 0.14272667467594147, 0.21341261267662048]",low,0.3782104551792145,11.443899999903806,0.11128401756286621,"[0.3782104551792145, 0.26692643761634827, 0.09464026242494583, 0.2602228820323944]",low,0.477716863155365,17.685799999526353,0.26430565118789673,"[0.477716863155365, 0.16614696383476257, 0.1427248865365982, 0.21341122686862946]",low,0.37821289896965027,33.700900000440015,0.11128726601600647,"[0.37821289896965027, 0.2669256329536438, 0.09463995695114136, 0.2602214515209198]",low,0.4777178466320038,49.22100000021601,0.2643055319786072,"[0.4777178466320038, 0.16614285111427307, 0.14272700250148773, 0.2134122997522354]"
E:\RHNA\1Visual\NCKH\nckh2\products\fe\model\Dataset_Flood\low\images - 2025-01-28T163030.279.jpg,low,0,low,0.9183323383331299,35.31549999934214,0.879941999912262,"[0.9183323383331299, 0.03087749145925045, 0.012399774044752121, 0.03839036077260971]",low,0.9247124195098877,25.756000000001222,0.8655880093574524,"[0.9247124195098877, 0.05912439897656441, 0.004394754767417908, 0.01176855806261301]",low,0.9183318614959717,9.069300000192015,0.8799411058425903,"[0.9183318614959717, 0.03087760880589485, 0.012399832718074322, 0.03839075192809105]",low,0.9247124791145325,17.180699999698845,0.8655880689620972,"[0.9247124791145325, 0.0591244176030159, 0.00439471984282136, 0.011768436059355736]",low,0.9183321595191956,27.27500000037253,0.8799416422843933,"[0.9183321595191956, 0.03087751194834709, 0.012399817816913128, 0.03839051350951195]",low,0.9247121810913086,40.80150000027061,0.8655876517295837,"[0.9247121810913086, 0.05912455543875694, 0.004394709598273039, 0.011768588796257973]"
E:\RHNA\1Visual\NCKH\nckh2\products\fe\model\Dataset_Flood\low\images - 2025-01-28T185425.621.jpg,low,0,low,0.8010513186454773,37.824000000000524,0.6799496412277222,"[0.8010513186454773, 0.06730077415704727, 0.010546121746301651, 0.12110169976949692]",low,0.9983166456222534,28.0655000005936,0.9971290230751038,"[0.9983166456222534, 0.001187636749818921, 0.00011101120617240667, 0.00038480476359836757]",low,0.8010507225990295,11.299000000690285,0.679948627948761,"[0.8010507225990295, 0.06730100512504578, 0.01054623443633318, 0.12110210955142975]",low,0.9983166456222534,18.722400000115158,0.9971290230751038,"[0.9983166456222534, 0.0011876407079398632, 0.00011101077689090744, 0.0003847988846246153]",low,0.8010512590408325,27.18070000082662,0.6799492835998535,"[0.8010512590408325, 0.06730060279369354, 0.010546109639108181, 0.1211019828915596]",low,0.9983165264129639,49.91579999932583,0.9971289038658142,"[0.9983165264129639, 0.0011876195203512907, 0.00011100885603809729, 0.0003848056367132813]"
E:\RHNA\1Visual\NCKH\nckh2\products\fe\model\Dataset_Flood\low\images - 2025-01-28T154416.248.jpg,low,0,low,0.6116245985031128,41.3048999998864,0.3406660556793213,"[0.6116245985031128, 0.2709585428237915, 0.08516637235879898, 0.032250504940748215]",low,0.994232714176178,21.5384000002814,0.9901016354560852,"[0.994232714176178, 0.004131108056753874, 0.0005609643994830549, 0.001075238105840981]",low,0.6116239428520203,12.786699999196571,0.3406652510166168,"[0.6116239428520203, 0.27095869183540344, 0.08516678214073181, 0.03225066885352135]",low,0.994232714176178,26.162299999668903,0.9901015758514404,"[0.994232714176178, 0.0041311318054795265, 0.0005609638756141067, 0.0010752438101917505]",low,0.6116248965263367,53.89090000062424,0.34066659212112427,"[0.6116248965263367, 0.2709583044052124, 0.0851663127541542, 0.032250504940748215]",low,0.9942325949668884,73.62929999999324,0.9901014566421509,"[0.9942325949668884, 0.004131123423576355, 0.0005609765648841858, 0.001075263600796461]"
E:\RHNA\1Visual\NCKH\nckh2\products\fe\model\Dataset_Flood\low\images - 2025-01-28T154231.729.jpg,low,0,low,0.560068666934967,52.81470000045374,0.30250561237335205,"[0.560068666934967, 0.257563054561615, 0.038890838623046875, 0.14347738027572632]",low,0.8246156573295593,18.265599999722326,0.6811442375183105,"[0.8246156573295593, 0.14347140491008759, 0.008054131641983986, 0.023858826607465744]",low,0.5600684881210327,9.4649999991816,0.30250558257102966,"[0.5600684881210327, 0.25756290555000305, 0.038890816271305084, 0.1434778869152069]",low,0.824615478515625,19.099000000096567,0.6811437010765076,"[0.824615478515625, 0.14347176253795624, 0.008054102770984173, 0.023858683183789253]",low,0.5600691437721252,48.69090000011056,0.30250561237335205,"[0.5600691437721252, 0.2575635313987732, 0.03889070078730583, 0.14347663521766663]",low,0.8246147632598877,72.37510000049951,0.6811425685882568,"[0.8246147632598877, 0.14347217977046967, 0.008054149337112904, 0.023858942091464996]"
E:\RHNA\1Visual\NCKH\nckh2\products\fe\model\Dataset_Flood\low\화면 캡처 2025-03-05 162152.jpg,low,0,non_flood,0.7368931174278259,45.42559999936202,0.49172425270080566,"[0.24516887962818146, 0.010535205714404583, 0.007402768824249506, 0.7368931174278259]",low,0.8640885353088379,37.495500000659376,0.7474877834320068,"[0.8640885353088379, 0.013836461119353771, 0.005474214442074299, 0.11660075932741165]",non_flood,0.7368943095207214,17.744199999469856,0.4917265772819519,"[0.24516773223876953, 0.010535177774727345, 0.007402773480862379, 0.7368943095207214]",low,0.8640893697738647,30.524899999363697,0.7474892735481262,"[0.8640893697738647, 0.013836462050676346, 0.005474112927913666, 0.11660008877515793]",non_flood,0.7368934154510498,32.33300000010786,0.49172481894493103,"[0.24516859650611877, 0.010535204783082008, 0.007402803748846054, 0.7368934154510498]",low,0.8640875816345215,38.197899999431684,0.7474857568740845,"[0.8640875816345215, 0.013836393132805824, 0.0054742260836064816, 0.11660181730985641]"
E:\RHNA\1Visual\NCKH\nckh2\products\fe\model\Dataset_Flood\low\images (93).jpg,low,0,low,0.7503069043159485,40.55700000026263,0.5270668268203735,"[0.7503069043159485, 0.22324006259441376, 0.007798762060701847, 0.018654391169548035]",low,0.9339789748191833,35.56670000034501,0.8711754083633423,"[0.9339789748191833, 0.06280358135700226, 0.0031644830014556646, 5.29534590896219e-05]",low,0.7503064274787903,9.121999999479158,0.5270659923553467,"[0.7503064274787903, 0.2232404351234436, 0.007798767648637295, 0.01865442283451557]",low,0.9339792132377625,14.82919999943988,0.8711758852005005,"[0.9339792132377625, 0.06280330568552017, 0.003164491383358836, 5.2952866099076346e-05]",low,0.7503067851066589,20.474599999943166,0.5270668268203735,"[0.7503067851066589, 0.2232399582862854, 0.007798798847943544, 0.01865442655980587]",low,0.9339778423309326,37.06469999997353,0.8711731433868408,"[0.9339778423309326, 0.0628046914935112, 0.003164483467116952, 5.295405208016746e-05]"
E:\RHNA\1Visual\NCKH\nckh2\products\fe\model\Dataset_Flood\low\images (99).jpg,low,0,low,0.438313364982605,44.8326999994606,0.015568375587463379,"[0.438313364982605, 0.4227449893951416, 0.11140520870685577, 0.027536414563655853]",medium,0.5096515417098999,30.569800000193936,0.02760183811187744,"[0.48204970359802246, 0.5096515417098999, 0.005352983251214027, 0.0029457153286784887]",low,0.438313752412796,19.32479999959469,0.015569299459457397,"[0.438313752412796, 0.4227444529533386, 0.11140532791614532, 0.02753647044301033]",medium,0.5096541047096252,31.499300000177755,0.027606815099716187,"[0.48204728960990906, 0.5096541047096252, 0.005352984648197889, 0.0029456920456141233]",low,0.43831300735473633,38.78160000022035,0.015567749738693237,"[0.43831300735473633, 0.4227452576160431, 0.11140559613704681, 0.02753610350191593]",medium,0.5096544623374939,47.41899999953603,0.027607738971710205,"[0.4820467233657837, 0.5096544623374939, 0.005353116430342197, 0.002945690182968974]"
E:\RHNA\1Visual\NCKH\nckh2\products\fe\model\Dataset_Flood\low\화면 캡처 2025-03-05 165853.jpg,low,0,low,0.4571917951107025,43.20570000072621,0.07977896928787231,"[0.4571917951107025, 0.09782355278730392, 0.06757191568613052, 0.3774128258228302]",low,0.9209455251693726,23.03429999938089,0.8764849305152893,"[0.9209455251693726, 0.03437997028231621, 0.0002139106800314039, 0.04446060210466385]",low,0.4571909010410309,13.421999999991385,0.07977688312530518,"[0.4571909010410309, 0.09782324731349945, 0.06757178902626038, 0.3774140179157257]",low,0.9209461212158203,18.27400000001944,0.8764857053756714,"[0.9209461212158203, 0.03437959402799606, 0.000213909603189677, 0.04446040838956833]",low,0.45719167590141296,51.11070000020845,0.0797787606716156,"[0.45719167590141296, 0.09782345592975616, 0.06757185608148575, 0.37741291522979736]",low,0.9209458231925964,65.85549999999785,0.8764849305152893,"[0.9209458231925964, 0.034379489719867706, 0.00021390321489889175, 0.04446087032556534]"
E:\RHNA\1Visual\NCKH\nckh2\products\fe\model\Dataset_Flood\low\images - 2025-01-28T164427.465.jpg,low,0,low,0.8215275406837463,50.03300000043964,0.6732016205787659,"[0.8215275406837463, 0.14832590520381927, 0.025762507691979408, 0.004383972845971584]",low,0.8552843332290649,38.4011999994982,0.7244760990142822,"[0.8552843332290649, 0.13080820441246033, 0.013902454636991024, 4.957533292326843e-06]",low,0.8215270042419434,19.883799999661278,0.6732006072998047,"[0.8215270042419434, 0.14832641184329987, 0.02576260082423687, 0.004383988678455353]",low,0.8552833795547485,30.782700000600016,0.7244744300842285,"[0.8552833795547485, 0.13080894947052002, 0.013902751728892326, 4.957537385053001e-06]",low,0.8215270638465881,38.936699999794655,0.6732007265090942,"[0.8215270638465881, 0.1483263522386551, 0.025762608274817467, 0.0043839686550199986]",low,0.8552840352058411,36.54629999982717,0.7244758605957031,"[0.8552840352058411, 0.13080815970897675, 0.013902860693633556, 4.957583769282792e-06]"
E:\RHNA\1Visual\NCKH\nckh2\products\fe\model\Dataset_Flood\low\images (38).jpg,low,0,medium,0.5172596573829651,33.473800000138,0.07808542251586914,"[0.43917423486709595, 0.5172596573829651, 0.015665316954255104, 0.027900684624910355]",low,0.630889356136322,26.967099999637867,0.26577994227409363,"[0.630889356136322, 0.3651094138622284, 0.0018422856228426099, 0.0021589379757642746]",medium,0.5172597765922546,18.871000000217464,0.07808557152748108,"[0.43917420506477356, 0.5172597765922546, 0.015665309503674507, 0.02790071815252304]",low,0.6308896541595459,30.40160000000469,0.26578056812286377,"[0.6308896541595459, 0.36510908603668213, 0.0018422998255118728, 0.0021589472889900208]",medium,0.5172593593597412,44.820899999649555,0.07808476686477661,"[0.4391745924949646, 0.5172593593597412, 0.015665333718061447, 0.027900753542780876]",low,0.6308882236480713,58.43110000023444,0.26577773690223694,"[0.6308882236480713, 0.36511048674583435, 0.0018422905122861266, 0.002158952411264181]"
E:\RHNA\1Visual\NCKH\nckh2\products\fe\model\Dataset_Flood\low\images - 2025-01-28T151232.035.jpg,low,0,low,0.5574042201042175,48.383600000306615,0.2728373408317566,"[0.5574042201042175, 0.28456687927246094, 0.09771299362182617, 0.0603158213198185]",low,0.8695278167724609,38.14619999957358,0.8065681457519531,"[0.8695278167724609, 0.04952917620539665, 0.01798325963318348, 0.06295966356992722]",low,0.5574045777320862,17.937400000846537,0.27283811569213867,"[0.5574045777320862, 0.2845664620399475, 0.09771274030208588, 0.06031620875000954]",low,0.8695293664932251,29.952600000797247,0.8065707683563232,"[0.8695293664932251, 0.04952893406152725, 0.01798311248421669, 0.06295859068632126]",low,0.5574047565460205,42.085600000064005,0.2728378474712372,"[0.5574047565460205, 0.2845669090747833, 0.09771260619163513, 0.06031571701169014]",low,0.8695294260978699,53.969900000083726,0.8065714240074158,"[0.8695294260978699, 0.04952947795391083, 0.01798311248421669, 0.06295798718929291]"
E:\RHNA\1Visual\NCKH\nckh2\products\fe\model\Dataset_Flood\low\images (33).jpg,low,0,medium,0.5204829573631287,42.60380000050645,0.08464723825454712,"[0.43583571910858154, 0.5204829573631287, 0.012572057545185089, 0.031109286472201347]",low,0.5192157626152039,28.794700000617013,0.10607302188873291,"[0.5192157626152039, 0.41314274072647095, 0.05914750695228577, 0.008494012989103794]",medium,0.5204843878746033,12.913700000353856,0.08465033769607544,"[0.43583405017852783, 0.5204843878746033, 0.01257211621850729, 0.03110942430794239]",low,0.5192177891731262,22.43929999985994,0.10607632994651794,"[0.5192177891731262, 0.4131414592266083, 0.05914682149887085, 0.008493932895362377]",medium,0.5204838514328003,14.853700000458048,0.08464914560317993,"[0.43583470582962036, 0.5204838514328003, 0.01257207989692688, 0.031109385192394257]",low,0.5192127823829651,20.482699999774923,0.10606828331947327,"[0.5192127823829651, 0.4131444990634918, 0.05914865806698799, 0.008494077250361443]"
E:\RHNA\1Visual\NCKH\nckh2\products\fe\model\Dataset_Flood\low\다운로드 (15) 1.jpg,low,0,low,0.853419303894043,43.2464000004984,0.7641924619674683,"[0.853419303894043, 0.053135573863983154, 0.004218358546495438, 0.08922681957483292]",non_flood,0.681293785572052,36.892499999339634,0.4547196924686432,"[0.2265740931034088, 0.034668441861867905, 0.05746374651789665, 0.681293785572052]",low,0.8534190058708191,12.94770000004064,0.7641919255256653,"[0.8534190058708191, 0.053135477006435394, 0.004218356683850288, 0.0892270877957344]",non_flood,0.6812947392463684,20.857900000009977,0.4547218680381775,"[0.22657285630702972, 0.034668393433094025, 0.05746395140886307, 0.6812947392463684]",low,0.8534194827079773,30.40289999989909,0.7641929984092712,"[0.8534194827079773, 0.05313574895262718, 0.004218363668769598, 0.08922646939754486]",non_flood,0.6812946796417236,27.378499999940686,0.4547208547592163,"[0.22657383978366852, 0.03466791659593582, 0.05746353045105934, 0.6812946796417236]"
E:\RHNA\1Visual\NCKH\nckh2\products\fe\model\Dataset_Flood\low\noise.jpg,low,0,medium,0.550692081451416,45.458599999619764,0.24966993927955627,"[0.13569296896457672, 0.550692081451416, 0.30102214217185974, 0.012592808343470097]",medium,0.5516833066940308,20.1297000003251,0.1277085840702057,"[0.020323634147644043, 0.5516833066940308, 0.4239747226238251, 0.004018280189484358]",medium,0.5506919622421265,8.952500000305008,0.24966949224472046,"[0.1356927752494812, 0.5506919622421265, 0.301022469997406, 0.012592763639986515]",medium,0.55168616771698,14.889799999764364,0.12771445512771606,"[0.020323745906352997, 0.55168616771698, 0.4239717125892639, 0.004018278326839209]",medium,0.5506916046142578,19.57109999966633,0.249668687582016,"[0.13569267094135284, 0.5506916046142578, 0.3010229170322418, 0.012592765502631664]",medium,0.5516747832298279,24.641699999847333,0.12769067287445068,"[0.020322877913713455, 0.5516747832298279, 0.4239841103553772, 0.004018248990178108]"
E:\RHNA\1Visual\NCKH\nckh2\products\fe\model\Dataset_Flood\low\images - 2025-01-28T151759.595.jpg,low,0,low,0.7692960500717163,28.700599999865517,0.6334548592567444,"[0.7692960500717163, 0.048315469175577164, 0.04654731601476669, 0.13584117591381073]",low,0.9035453200340271,25.893600000017614,0.8483899831771851,"[0.9035453200340271, 0.05515534430742264, 0.008625364862382412, 0.03267393633723259]",low,0.7692956328392029,9.066900000107125,0.6334541440010071,"[0.7692956328392029, 0.048315487802028656, 0.046547405421733856, 0.1358414739370346]",low,0.9035462141036987,14.925700000276265,0.8483915328979492,"[0.9035462141036987, 0.05515466257929802, 0.0086253322660923, 0.03267378732562065]",low,0.7692956924438477,22.813200000200595,0.6334547996520996,"[0.7692956924438477, 0.048315830528736115, 0.04654760658740997, 0.13584087789058685]",low,0.9035437703132629,43.63329999978305,0.848387598991394,"[0.9035437703132629, 0.055156171321868896, 0.00862550176680088, 0.03267453610897064]"
E:\RHNA\1Visual\NCKH\nckh2\products\fe\model\Dataset_Flood\low\721750ca-9b42-42b5-8b16-353112338174-Flood3.jpg,low,0,low,0.546464741230011,27.029599999877973,0.3617010712623596,"[0.546464741230011, 0.18476368486881256, 0.16220451891422272, 0.10656704008579254]",low,0.7608411312103271,20.141099999818834,0.5770866274833679,"[0.7608411312103271, 0.016102498397231102, 0.18375448882579803, 0.039301928132772446]",low,0.5464641451835632,16.563300000598247,0.36170095205307007,"[0.5464641451835632, 0.18476317822933197, 0.16220445930957794, 0.10656825453042984]",low,0.7608431577682495,27.815999999802443,0.5770901441574097,"[0.7608431577682495, 0.01610257476568222, 0.18375298380851746, 0.03930119052529335]",low,0.546464741230011,23.459299999558425,0.36170095205307007,"[0.546464741230011, 0.1847638040781021, 0.1622042953968048, 0.10656717419624329]",low,0.7608412504196167,26.61050000006071,0.5770875215530396,"[0.7608412504196167, 0.01610253006219864, 0.18375371396541595, 0.03930253908038139]"
E:\RHNA\1Visual\NCKH\nckh2\products\fe\model\Dataset_Flood\low\화면 캡처 2025-03-05 161202.jpg,low,0,low,0.7726479172706604,29.265899999700196,0.5830495357513428,"[0.7726479172706604, 0.18959835171699524, 0.0068725706078112125, 0.030881216749548912]",low,0.8854783177375793,22.98849999988306,0.7776249647140503,"[0.8854783177375793, 0.10785333067178726, 0.00036061968421563506, 0.006307768635451794]",low,0.7726475596427917,9.391300000061165,0.5830494165420532,"[0.7726475596427917, 0.1895981729030609, 0.006872609723359346, 0.03088168427348137]",low,0.8854779601097107,16.947000000072876,0.7776241898536682,"[0.8854779601097107, 0.10785374790430069, 0.0003606262325774878, 0.006307756993919611]",low,0.7726472020149231,29.07099999993079,0.5830479860305786,"[0.7726472020149231, 0.1895991861820221, 0.006872592959553003, 0.030880993232131004]",low,0.885481595993042,61.80839999979071,0.7776312828063965,"[0.885481595993042, 0.10785028338432312, 0.00036061598802916706, 0.006307512056082487]"
E:\RHNA\1Visual\NCKH\nckh2\products\fe\model\Dataset_Flood\low\images - 2025-01-28T164448.787.jpg,low,0,low,0.8732548356056213,38.589300000239746,0.8105828166007996,"[0.8732548356056213, 0.05668426677584648, 0.007388902362436056, 0.06267202645540237]",low,0.953977108001709,24.096900000586174,0.9336884617805481,"[0.953977108001709, 0.02028864063322544, 0.015774216502904892, 0.009960032068192959]",low,0.8732543587684631,9.306200000537501,0.8105822205543518,"[0.8732543587684631, 0.05668450519442558, 0.0073889330960810184, 0.06267211586236954]",low,0.9539772272109985,19.290000000182772,0.9336885809898376,"[0.9539772272109985, 0.020288662984967232, 0.015774209052324295, 0.009959952905774117]",low,0.8732540607452393,23.891899999398447,0.8105816841125488,"[0.8732540607452393, 0.056684620678424835, 0.007388944737613201, 0.06267237663269043]",low,0.9539766907691956,36.20570000020962,0.9336878061294556,"[0.9539766907691956, 0.02028890885412693, 0.015774402767419815, 0.009959994815289974]"
E:\RHNA\1Visual\NCKH\nckh2\products\fe\model\Dataset_Flood\low\images - 2025-01-28T164438.545.jpg,low,0,low,0.5010344386100769,29.467700000168406,0.06598258018493652,"[0.5010344386100769, 0.04720022901892662, 0.016713479533791542, 0.4350518584251404]",low,0.9675468802452087,31.054199999744014,0.9444780349731445,"[0.9675468802452087, 0.003537500975653529, 0.0058468715287745, 0.023068854585289955]",low,0.501034677028656,14.851200000521203,0.06598317623138428,"[0.501034677028656, 0.04720025137066841, 0.01671351119875908, 0.43505150079727173]",low,0.9675467610359192,20.13630000055855,0.944477915763855,"[0.9675467610359192, 0.0035374918952584267, 0.005846901331096888, 0.023068847134709358]",low,0.501034140586853,20.789999999578868,0.0659821629524231,"[0.501034140586853, 0.047200318425893784, 0.01671353168785572, 0.43505197763442993]",low,0.9675467610359192,20.758499999828928,0.944477915763855,"[0.9675467610359192, 0.003537483513355255, 0.005846946034580469, 0.0230688638985157]"
E:\RHNA\1Visual\NCKH\nckh2\products\fe\model\Dataset_Flood\low\images - 2025-01-28T164633.825.jpg,low,0,low,0.9217808842658997,29.26370000022871,0.8674208521842957,"[0.9217808842658997, 0.05436001345515251, 0.0022807845380157232, 0.021578297019004822]",low,0.9630975127220154,27.783800000179326,0.9393500685691833,"[0.9630975127220154, 0.023747464641928673, 0.0004018336476292461, 0.012753256596624851]",low,0.9217808842658997,18.612900000334776,0.8674208521842957,"[0.9217808842658997, 0.05436001718044281, 0.0022807952482253313, 0.021578336134552956]",low,0.9630978107452393,22.97790000011446,0.9393506050109863,"[0.9630978107452393, 0.023747188970446587, 0.0004018280014861375, 0.01275309082120657]",low,0.9217807650566101,11.656099999527214,0.8674206733703613,"[0.9217807650566101, 0.05436008423566818, 0.0022807950153946877, 0.02157832495868206]",low,0.9630983471870422,18.991200000527897,0.9393517374992371,"[0.9630983471870422, 0.023746611550450325, 0.00040183894452638924, 0.01275323610752821]"
E:\RHNA\1Visual\NCKH\nckh2\products\fe\model\Dataset_Flood\low\images - 2025-01-28T161955.443.jpg,low,0,low,0.7376008629798889,23.74569999938103,0.4856702983379364,"[0.7376008629798889, 0.00877387449145317, 0.001694638398475945, 0.2519305646419525]",low,0.6188845634460449,22.932500000024447,0.2813400328159332,"[0.6188845634460449, 0.04062459245324135, 0.002946240594610572, 0.3375445306301117]",low,0.7375980019569397,9.371200000714452,0.4856644868850708,"[0.7375980019569397, 0.008773856796324253, 0.0016946326941251755, 0.2519335150718689]",low,0.618889570236206,21.676899999874877,0.28134986758232117,"[0.618889570236206, 0.04062451794743538, 0.002946249209344387, 0.3375397026538849]",low,0.7376007437705994,20.44190000015078,0.4856700599193573,"[0.7376007437705994, 0.00877389032393694, 0.0016946331597864628, 0.25193068385124207]",low,0.6188891530036926,20.253899999261193,0.2813504636287689,"[0.6188891530036926, 0.04062579572200775, 0.0029463425744324923, 0.3375386893749237]"
E:\RHNA\1Visual\NCKH\nckh2\products\fe\model\Dataset_Flood\low\images - 2025-01-28T154034.580.jpg,low,0,non_flood,0.7134255766868591,28.080000000045402,0.44628405570983887,"[0.26714152097702026, 0.015481948852539062, 0.003950874321162701, 0.7134255766868591]",non_flood,0.773664116859436,31.95549999963987,0.5577353239059448,"[0.2159288227558136, 0.009852826595306396, 0.0005542576545849442, 0.773664116859436]",non_flood,0.7134258151054382,15.20390000041516,0.4462844431400299,"[0.2671413719654083, 0.015481902286410332, 0.003950864542275667, 0.7134258151054382]",non_flood,0.7736618518829346,21.457599999848753,0.5577309727668762,"[0.21593086421489716, 0.009852948598563671, 0.0005542676663026214, 0.7736618518829346]",non_flood,0.7134255170822144,19.888300000275194,0.44628387689590454,"[0.2671416401863098, 0.015481941401958466, 0.003950873855501413, 0.7134255170822144]",non_flood,0.7736712694168091,20.82090000021708,0.557749330997467,"[0.21592192351818085, 0.00985251646488905, 0.0005542453727684915, 0.7736712694168091]"
E:\RHNA\1Visual\NCKH\nckh2\products\fe\model\Dataset_Flood\low\다운로드 (24).jpg,low,0,non_flood,0.744523823261261,30.197099999895727,0.5312039852142334,"[0.2133198082447052, 0.03140753135085106, 0.010748835280537605, 0.744523823261261]",non_flood,0.7733485102653503,23.85509999930946,0.615600049495697,"[0.15774846076965332, 0.02956594154238701, 0.039337094873189926, 0.7733485102653503]",non_flood,0.7445239424705505,10.01520000045275,0.5312042236328125,"[0.21331971883773804, 0.03140748664736748, 0.01074886228889227, 0.7445239424705505]",non_flood,0.7733476161956787,17.678600000181177,0.6155983805656433,"[0.1577492505311966, 0.029565934091806412, 0.03933717682957649, 0.7733476161956787]",non_flood,0.7445228695869446,21.290200000294135,0.5312021970748901,"[0.21332070231437683, 0.031407613307237625, 0.0107488464564085, 0.7445228695869446]",non_flood,0.7733484506607056,19.87820000067586,0.615598738193512,"[0.1577496975660324, 0.029564816504716873, 0.03933704271912575, 0.7733484506607056]"
E:\RHNA\1Visual\NCKH\nckh2\products\fe\model\Dataset_Flood\low\화면 캡처 2025-03-05 165641.jpg,low,0,non_flood,0.5316304564476013,23.259200000211422,0.09295704960823059,"[0.4386734068393707, 0.02248796820640564, 0.007208118215203285, 0.5316304564476013]",low,0.7878875732421875,21.36400000017602,0.599143385887146,"[0.7878875732421875, 0.013931273482739925, 0.0094369538128376, 0.18874415755271912]",non_flood,0.5316320061683655,9.501100000306906,0.0929601788520813,"[0.4386718273162842, 0.02248801290988922, 0.007208146154880524, 0.5316320061683655]",low,0.7878888249397278,15.52449999962846,0.5991456508636475,"[0.7878888249397278, 0.01393118966370821, 0.00943684671074152, 0.18874315917491913]",non_flood,0.5316326022148132,21.257999999761523,0.0929613709449768,"[0.4386712312698364, 0.022488007321953773, 0.007208170369267464, 0.5316326022148132]",low,0.7878879308700562,19.15960000042105,0.5991440415382385,"[0.7878879308700562, 0.013931390829384327, 0.009436777792870998, 0.18874388933181763]"
E:\RHNA\1Visual\NCKH\nckh2\products\fe\model\Dataset_Flood\low\images (23) 2.jpg,low,0,low,0.4907587468624115,31.75530000044091,0.11251771450042725,"[0.4907587468624115, 0.37824103236198425, 0.11616934090852737, 0.014830902218818665]",low,0.775621771812439,26.428500000292843,0.6450101137161255,"[0.775621771812439, 0.13061168789863586, 0.08689148724079132, 0.0068750460632145405]",low,0.4907572567462921,9.920200000124169,0.11251550912857056,"[0.4907572567462921, 0.37824174761772156, 0.1161699891090393, 0.014830945059657097]",low,0.7756219506263733,18.664999999600695,0.6450105309486389,"[0.7756219506263733, 0.13061143457889557, 0.08689161390066147, 0.006874992046505213]",low,0.4907580614089966,16.283300000395684,0.11251604557037354,"[0.4907580614089966, 0.37824201583862305, 0.11616896837949753, 0.014830969274044037]",low,0.7756237387657166,18.38229999975738,0.6450117826461792,"[0.7756237387657166, 0.13061192631721497, 0.08688923716545105, 0.0068750265054404736]"
E:\RHNA\1Visual\NCKH\nckh2\products\fe\model\Dataset_Flood\low\images - 2025-01-28T151814.128.jpg,low,0,low,0.5324296951293945,22.62460000019928,0.08685532212257385,"[0.5324296951293945, 0.019800754263997078, 0.00219514686614275, 0.4455743730068207]",low,0.9325221180915833,21.127400000295893,0.8928331732749939,"[0.9325221180915833, 0.021618204191327095, 0.0061707464046776295, 0.03968895226716995]",low,0.5324286222457886,10.197399999924528,0.08685305714607239,"[0.5324286222457886, 0.019800670444965363, 0.00219512777402997, 0.4455755650997162]",low,0.9325222969055176,16.03369999975257,0.8928335309028625,"[0.9325222969055176, 0.021618207916617393, 0.006170758977532387, 0.03968875855207443]",low,0.5324316024780273,16.990500000247266,0.08685910701751709,"[0.5324316024780273, 0.019800832495093346, 0.0021951538510620594, 0.44557249546051025]",low,0.9325225353240967,20.693299999948067,0.8928335905075073,"[0.9325225353240967, 0.021617893129587173, 0.0061706602573394775, 0.039688922464847565]"
E:\RHNA\1Visual\NCKH\nckh2\products\fe\model\Dataset_Flood\low\803005566_1065370432913235_8636202584573284675_n.jpg,low,0,medium,0.7760425806045532,42.67549999985931,0.6514021158218384,"[0.12464043498039246, 0.7760425806045532, 0.025900347158312798, 0.07341667264699936]",medium,0.8628407120704651,22.794600000452192,0.7577837705612183,"[0.10505691170692444, 0.8628407120704651, 0.026335515081882477, 0.005766903515905142]",medium,0.7760429382324219,9.78820000000269,0.6514027714729309,"[0.12464018166065216, 0.7760429382324219, 0.025900360196828842, 0.07341651618480682]",medium,0.8628404140472412,14.863200000036159,0.7577834725379944,"[0.10505692660808563, 0.8628404140472412, 0.026335733011364937, 0.005766931921243668]",medium,0.7760422229766846,25.74209999966115,0.6514017581939697,"[0.12464047968387604, 0.7760422229766846, 0.025900408625602722, 0.07341690361499786]",medium,0.8628392815589905,28.529899999739428,0.7577812671661377,"[0.10505799204111099, 0.8628392815589905, 0.026335716247558594, 0.005766973365098238]"
E:\RHNA\1Visual\NCKH\nckh2\products\fe\model\Dataset_Flood\low\images (16) 2.jpg,low,0,low,0.6438365578651428,20.42669999991631,0.39528506994247437,"[0.6438365578651428, 0.24855148792266846, 0.09740030765533447, 0.010211675427854061]",low,0.8236388564109802,19.380800000362797,0.6700154542922974,"[0.8236388564109802, 0.15362341701984406, 0.009355984628200531, 0.013381706550717354]",low,0.6438365578651428,9.40450000052806,0.39528530836105347,"[0.6438365578651428, 0.24855123460292816, 0.09740044921636581, 0.010211732238531113]",low,0.8236386179924011,14.832100000603532,0.6700150370597839,"[0.8236386179924011, 0.153623566031456, 0.009356084279716015, 0.013381728902459145]",low,0.6438369750976562,23.182900000392692,0.39528581500053406,"[0.6438369750976562, 0.2485511600971222, 0.09740019589662552, 0.010211637243628502]",low,0.8236382603645325,23.26900000025489,0.670014500617981,"[0.8236382603645325, 0.15362372994422913, 0.009356286376714706, 0.013381799682974815]"
E:\RHNA\1Visual\NCKH\nckh2\products\fe\model\Dataset_Flood\low\image_297.jpg,low,0,medium,0.7150521874427795,22.987900000771333,0.561196506023407,"[0.15385568141937256, 0.7150521874427795, 0.10677464306354523, 0.024317534640431404]",medium,0.6594589352607727,19.100100000287057,0.4673231244087219,"[0.1921357959508896, 0.6594589352607727, 0.12845201790332794, 0.019953209906816483]",medium,0.7150513529777527,9.894199999507691,0.5611956715583801,"[0.15385566651821136, 0.7150513529777527, 0.10677537322044373, 0.024317564442753792]",medium,0.6594597101211548,15.311799999835785,0.4673241376876831,"[0.19213557243347168, 0.6594597101211548, 0.12845170497894287, 0.019953014329075813]",medium,0.7150524854660034,19.487800000206335,0.5611971616744995,"[0.1538553386926651, 0.7150524854660034, 0.10677468776702881, 0.024317491799592972]",medium,0.6594640016555786,19.938499999625492,0.46733349561691284,"[0.19213049113750458, 0.6594640016555786, 0.12845250964164734, 0.019952934235334396]"
E:\RHNA\1Visual\NCKH\nckh2\products\fe\model\Dataset_Flood\low\images - 2025-01-28T162855.395.jpg,low,0,low,0.9246798753738403,22.20709999983228,0.8827430009841919,"[0.9246798753738403, 0.041936855763196945, 0.011775907129049301, 0.02160734124481678]",low,0.850290834903717,21.14419999998063,0.7431495785713196,"[0.850290834903717, 0.020252756774425507, 0.022315213456749916, 0.10714127123355865]",low,0.9246793389320374,9.420500000487664,0.8827422857284546,"[0.9246793389320374, 0.041937053203582764, 0.011775990016758442, 0.0216076597571373]",low,0.85029137134552,15.450199999577308,0.743151068687439,"[0.85029137134552, 0.020253146067261696, 0.022315172478556633, 0.10714028775691986]",low,0.9246797561645508,21.259500000269327,0.8827426433563232,"[0.9246797561645508, 0.04193710535764694, 0.011775977909564972, 0.021607063710689545]",low,0.8502912521362305,27.371099999982107,0.7431509494781494,"[0.8502912521362305, 0.020253192633390427, 0.022315286099910736, 0.10714029520750046]"
E:\RHNA\1Visual\NCKH\nckh2\products\fe\model\Dataset_Flood\low\images (32).jpg,low,0,medium,0.47939378023147583,22.812400000475463,0.1666075885295868,"[0.31278619170188904, 0.47939378023147583, 0.07628117501735687, 0.13153882324695587]",medium,0.7030131816864014,19.301000000268687,0.48085546493530273,"[0.22215770184993744, 0.7030131816864014, 0.016965650022029877, 0.0578635111451149]",medium,0.47939395904541016,9.275800000068557,0.16660812497138977,"[0.3127858340740204, 0.47939395904541016, 0.07628124207258224, 0.131538987159729]",medium,0.7030125260353088,15.239899999869522,0.4808535873889923,"[0.22215893864631653, 0.7030125260353088, 0.016965625807642937, 0.05786280706524849]",medium,0.47939226031303406,20.64280000013241,0.16660597920417786,"[0.3127862811088562, 0.47939226031303406, 0.07628107070922852, 0.13154038786888123]",medium,0.7030106782913208,25.02619999995659,0.48085007071495056,"[0.22216060757637024, 0.7030106782913208, 0.01696580834686756, 0.05786289647221565]"
E:\RHNA\1Visual\NCKH\nckh2\products\fe\model\Dataset_Flood\low\다운로드 (13).jpg,low,0,low,0.8131330013275146,20.89590000014141,0.6409329175949097,"[0.8131330013275146, 0.17220008373260498, 0.014082729816436768, 0.0005841191741637886]",low,0.9975698590278625,19.456199999694945,0.9956857562065125,"[0.9975698590278625, 0.0018840773263946176, 0.0005411494057625532, 4.8659990170563105e-06]",low,0.8131327629089355,9.330100000624952,0.6409325003623962,"[0.8131327629089355, 0.1722002774477005, 0.014082808047533035, 0.0005841242964379489]",low,0.9975699782371521,15.110600000298291,0.995685875415802,"[0.9975699782371521, 0.0018840829143300653, 0.0005411497550085187, 4.865976279688766e-06]",low,0.8131318688392639,21.897900000112713,0.6409307718276978,"[0.8131318688392639, 0.17220109701156616, 0.014082851819694042, 0.0005841214442625642]",low,0.997569739818573,25.939800000742252,0.9956856369972229,"[0.997569739818573, 0.0018841157434508204, 0.0005411738529801369, 4.866077688348014e-06]"
E:\RHNA\1Visual\NCKH\nckh2\products\fe\model\Dataset_Flood\low\images - 2025-01-28T151448.228.jpg,low,0,non_flood,0.44072023034095764,19.33999999982916,0.18298056721687317,"[0.2577396631240845, 0.15948551893234253, 0.14205463230609894, 0.44072023034095764]",non_flood,0.43712955713272095,21.430599999803235,0.008189409971237183,"[0.42894014716148376, 0.08223452419042587, 0.051695797592401505, 0.43712955713272095]",non_flood,0.440720796585083,11.841699999422417,0.1829814910888672,"[0.2577393054962158, 0.15948525071144104, 0.1420547068119049, 0.440720796585083]",non_flood,0.43713125586509705,15.665699999772187,0.008192121982574463,"[0.4289391338825226, 0.08223404735326767, 0.05169564113020897, 0.43713125586509705]",non_flood,0.4407200813293457,20.27780000025814,0.18298044800758362,"[0.2577396333217621, 0.15948553383350372, 0.1420547217130661, 0.4407200813293457]",non_flood,0.4371318817138672,24.048400000538095,0.008191943168640137,"[0.42893993854522705, 0.08223296701908112, 0.05169524624943733, 0.4371318817138672]"
E:\RHNA\1Visual\NCKH\nckh2\products\fe\model\Dataset_Flood\low\images - 2025-01-28T184905.989.jpg,low,0,low,0.7267237901687622,19.91809999981342,0.5651116371154785,"[0.7267237901687622, 0.1616121232509613, 0.08796998858451843, 0.02369406819343567]",low,0.9281216859817505,20.307900000261725,0.8742702603340149,"[0.9281216859817505, 0.05385144427418709, 0.006294822320342064, 0.011731969192624092]",low,0.7267225384712219,9.727399999974295,0.56510990858078,"[0.7267225384712219, 0.1616126149892807, 0.08797065168619156, 0.0236941110342741]",low,0.9281219840049744,15.46539999981178,0.8742706179618835,"[0.9281219840049744, 0.05385137349367142, 0.006294755265116692, 0.011731822043657303]",low,0.726723313331604,20.735599999170518,0.5651109218597412,"[0.726723313331604, 0.1616123616695404, 0.08797017484903336, 0.02369406446814537]",low,0.9281215071678162,19.9415000006411,0.8742696642875671,"[0.9281215071678162, 0.053851816803216934, 0.006294697523117065, 0.011732055805623531]"
E:\RHNA\1Visual\NCKH\nckh2\products\fe\model\Dataset_Flood\low\images - 2025-01-28T155237.362.jpg,low,0,low,0.8751252889633179,21.704400000089663,0.8002493977546692,"[0.8751252889633179, 0.04385362192988396, 0.006145137827843428, 0.07487588375806808]",low,0.9824537634849548,23.615500000232714,0.9701437950134277,"[0.9824537634849548, 0.004800260998308659, 0.00043587657273747027, 0.012309997342526913]",low,0.8751249313354492,10.03229999969335,0.8002487421035767,"[0.8751249313354492, 0.04385371878743172, 0.0061451527290046215, 0.07487617433071136]",low,0.9824537634849548,17.447200000788143,0.970143735408783,"[0.9824537634849548, 0.004800304304808378, 0.0004358761652838439, 0.012310038320720196]",low,0.8751254677772522,53.58700000033423,0.8002496957778931,"[0.8751254677772522, 0.043853648006916046, 0.006145138759166002, 0.07487574219703674]",low,0.9824535846710205,35.34539999964181,0.9701433777809143,"[0.9824535846710205, 0.004800346679985523, 0.0004358843725640327, 0.012310229241847992]"
E:\RHNA\1Visual\NCKH\nckh2\products\fe\model\Dataset_Flood\low\images - 2025-01-28T154421.186.jpg,low,0,low,0.5380403399467468,19.75369999945542,0.08896398544311523,"[0.5380403399467468, 0.011412966065108776, 0.0014703432098031044, 0.4490763545036316]",low,0.8668960332870483,20.747900000060326,0.7490052580833435,"[0.8668960332870483, 0.012368839234113693, 0.002844360889866948, 0.11789079010486603]",low,0.5380392074584961,10.002600000007078,0.08896175026893616,"[0.5380392074584961, 0.011413026601076126, 0.0014703520573675632, 0.44907745718955994]",low,0.8668966889381409,15.600499999891326,0.7490063309669495,"[0.8668966889381409, 0.012368712574243546, 0.0028443089686334133, 0.11789035052061081]",low,0.5380404591560364,22.974900000008347,0.08896425366401672,"[0.5380404591560364, 0.011412994004786015, 0.001470342860557139, 0.44907620549201965]",low,0.8668938875198364,51.95420000018203,0.7490007877349854,"[0.8668938875198364, 0.01236864272505045, 0.0028443236369639635, 0.11789312958717346]"
E:\RHNA\1Visual\NCKH\nckh2\products\fe\model\Dataset_Flood\low\images - 2025-01-28T164917.120.jpg,low,0,low,0.7330406904220581,39.050399999723595,0.5892674326896667,"[0.7330406904220581, 0.14377325773239136, 0.03959255665540695, 0.08359365165233612]",low,0.8775485157966614,18.08569999957399,0.8079331517219543,"[0.8775485157966614, 0.06961537152528763, 0.04997344687581062, 0.002862660214304924]",low,0.7330392599105835,8.908000000701577,0.5892655849456787,"[0.7330392599105835, 0.14377368986606598, 0.039592765271663666, 0.08359434455633163]",low,0.8775485754013062,14.743500000804488,0.8079332113265991,"[0.8775485754013062, 0.06961539387702942, 0.04997342824935913, 0.002862638561055064]",low,0.7330396175384521,24.252899999737565,0.5892660021781921,"[0.7330396175384521, 0.14377361536026, 0.039592646062374115, 0.08359408378601074]",low,0.8775491118431091,38.288400000055844,0.8079341650009155,"[0.8775491118431091, 0.069614939391613, 0.04997329041361809, 0.0028626155108213425]"
E:\RHNA\1Visual\NCKH\nckh2\products\fe\model\Dataset_Flood\low\images - 2025-01-28T152045.509.jpg,low,0,low,0.7572994232177734,47.931400000379654,0.642164945602417,"[0.7572994232177734, 0.08653729408979416, 0.04102878272533417, 0.11513445526361465]",low,0.8372281789779663,23.963800000274205,0.7803369760513306,"[0.8372281789779663, 0.05368571728467941, 0.056891199201345444, 0.05219493433833122]",low,0.7572987675666809,8.956199999374803,0.6421635746955872,"[0.7572987675666809, 0.08653725683689117, 0.04102885350584984, 0.11513521522283554]",low,0.8372273445129395,15.266200000041863,0.7803358435630798,"[0.8372273445129395, 0.05368605628609657, 0.05689147859811783, 0.052195120602846146]",low,0.7572991251945496,26.477299999896786,0.6421644687652588,"[0.7572991251945496, 0.0865374431014061, 0.041028764098882675, 0.11513462662696838]",low,0.837226390838623,29.107000000294647,0.7803339958190918,"[0.837226390838623, 0.053686320781707764, 0.05689237266778946, 0.05219503492116928]"
E:\RHNA\1Visual\NCKH\nckh2\products\fe\model\Dataset_Flood\low\images - 2025-01-28T164148.602.jpg,low,0,low,0.5650261640548706,24.77149999958783,0.36113446950912476,"[0.5650261640548706, 0.18422551453113556, 0.046856675297021866, 0.20389169454574585]",low,0.7894834280014038,27.276599999822793,0.6231117248535156,"[0.7894834280014038, 0.025977423414587975, 0.018167393282055855, 0.166371688246727]",low,0.5650250315666199,12.282600000617094,0.36113178730010986,"[0.5650250315666199, 0.1842251420021057, 0.04685657471418381, 0.20389324426651]",low,0.7894854545593262,15.251800000442017,0.623116135597229,"[0.7894854545593262, 0.025977931916713715, 0.01816735416650772, 0.16636934876441956]",low,0.5650247931480408,25.037800000063726,0.3611307740211487,"[0.5650247931480408, 0.18422481417655945, 0.0468563437461853, 0.20389403402805328]",low,0.7894854545593262,57.493900000736176,0.6231155395507812,"[0.7894854545593262, 0.025977114215493202, 0.018167566508054733, 0.16636988520622253]"
E:\RHNA\1Visual\NCKH\nckh2\products\fe\model\Dataset_Flood\low\화면 캡처 2025-03-05 163923.jpg,low,0,non_flood,0.4391757547855377,42.398900000080175,0.0016252398490905762,"[0.43755051493644714, 0.0998891144990921, 0.023384610190987587, 0.4391757547855377]",non_flood,0.5168954133987427,18.50319999994099,0.048115551471710205,"[0.46877986192703247, 0.004147716797888279, 0.010176964104175568, 0.5168954133987427]",non_flood,0.4391787648200989,9.246900000107416,0.0016308724880218506,"[0.437547892332077, 0.09988867491483688, 0.023384643718600273, 0.4391787648200989]",non_flood,0.5168891549110413,15.324300000429503,0.048103004693984985,"[0.4687861502170563, 0.004147723782807589, 0.010176869109272957, 0.5168891549110413]",non_flood,0.43918076157569885,22.907999999915774,0.0016343891620635986,"[0.43754637241363525, 0.09988841414451599, 0.023384490981698036, 0.43918076157569885]",non_flood,0.5168959498405457,51.56220000026224,0.04811674356460571,"[0.46877920627593994, 0.004147817846387625, 0.010177060961723328, 0.5168959498405457]"
E:\RHNA\1Visual\NCKH\nckh2\products\fe\model\Dataset_Flood\low\img_india_20151202_title-759x500.jpg,low,0,medium,0.5241532921791077,26.828699999896344,0.2505962550640106,"[0.165137380361557, 0.5241532921791077, 0.27355703711509705, 0.03715233504772186]",medium,0.5603833198547363,35.96590000051947,0.1702500879764557,"[0.39013323187828064, 0.5603833198547363, 0.03496445342898369, 0.014519022777676582]",medium,0.5241528153419495,18.890800000008312,0.25059565901756287,"[0.16513754427433014, 0.5241528153419495, 0.2735571563243866, 0.03715244308114052]",medium,0.5603821277618408,28.95300000000134,0.1702479124069214,"[0.39013421535491943, 0.5603821277618408, 0.0349646620452404, 0.01451896782964468]",medium,0.5241528153419495,27.68579999974463,0.2505955398082733,"[0.16513743996620178, 0.5241528153419495, 0.27355727553367615, 0.03715243935585022]",medium,0.5603808760643005,30.343899999934365,0.17024505138397217,"[0.39013582468032837, 0.5603808760643005, 0.034964315593242645, 0.014519039541482925]"
E:\RHNA\1Visual\NCKH\nckh2\products\fe\model\Dataset_Flood\low\다운로드 (17).jpg,low,0,low,0.46238937973976135,28.295600000092236,0.1780671775341034,"[0.46238937973976135, 0.14829739928245544, 0.10499101132154465, 0.28432220220565796]",non_flood,0.5452925562858582,32.8776000005746,0.20396709442138672,"[0.34132546186447144, 0.09180615097284317, 0.021575845777988434, 0.5452925562858582]",low,0.46238917112350464,17.208400000527035,0.17806637287139893,"[0.46238917112350464, 0.14829722046852112, 0.10499082505702972, 0.2843227982521057]",non_flood,0.5452937483787537,22.221799999897485,0.20396825671195984,"[0.3413254916667938, 0.09180515259504318, 0.02157563716173172, 0.5452937483787537]",low,0.46238958835601807,20.796500000869855,0.17806744575500488,"[0.46238958835601807, 0.14829720556735992, 0.104991115629673, 0.2843221426010132]",non_flood,0.5452947020530701,35.83800000069459,0.20397135615348816,"[0.3413233458995819, 0.09180589765310287, 0.02157606929540634, 0.5452947020530701]"
E:\RHNA\1Visual\NCKH\nckh2\products\fe\model\Dataset_Flood\low\images.jpg,low,0,low,0.4765668511390686,44.23959999985527,0.008794188499450684,"[0.4765668511390686, 0.4677726626396179, 0.002586961258202791, 0.05307348445057869]",medium,0.6333118677139282,38.075199999184406,0.2892893850803375,"[0.3440224826335907, 0.6333118677139282, 8.007980068214238e-05, 0.022585494443774223]",low,0.47656676173210144,18.77630000035424,0.00879397988319397,"[0.47656676173210144, 0.46777278184890747, 0.0025869670789688826, 0.05307356268167496]",medium,0.6333132386207581,29.397199999948498,0.2892918288707733,"[0.34402140974998474, 0.6333132386207581, 8.00798152340576e-05, 0.022585300728678703]",low,0.47656697034835815,29.969299999720533,0.00879448652267456,"[0.47656697034835815, 0.4677724838256836, 0.002586969407275319, 0.05307367071509361]",medium,0.6333100199699402,21.39400000032765,0.2892856001853943,"[0.3440244197845459, 0.6333100199699402, 8.008170698303729e-05, 0.02258542738854885]"
E:\RHNA\1Visual\NCKH\nckh2\products\fe\model\Dataset_Flood\low\images - 2025-01-28T152051.161.jpg,low,0,medium,0.4844987094402313,31.105699999898206,0.18021026253700256,"[0.30428844690322876, 0.4844987094402313, 0.017514051869511604, 0.19369883835315704]",non_flood,0.44482019543647766,25.026400000569993,0.10428887605667114,"[0.18176421523094177, 0.3405313193798065, 0.03288418427109718, 0.44482019543647766]",medium,0.48449811339378357,12.883700000202225,0.18021070957183838,"[0.3042874038219452, 0.48449811339378357, 0.017514070495963097, 0.19370044767856598]",non_flood,0.44482019543647766,26.318600000195147,0.10428893566131592,"[0.18176443874835968, 0.34053125977516174, 0.03288406506180763, 0.44482019543647766]",medium,0.48449742794036865,36.291000000346685,0.18020948767662048,"[0.30428794026374817, 0.48449742794036865, 0.01751403696835041, 0.19370058178901672]",non_flood,0.44482162594795227,49.37370000061492,0.10429063439369202,"[0.1817629337310791, 0.34053099155426025, 0.032884370535612106, 0.44482162594795227]"
E:\RHNA\1Visual\NCKH\nckh2\products\fe\model\Dataset_Flood\low\images - 2025-01-28T164419.296.jpg,low,0,low,0.4885987341403961,47.881600000437174,0.17062368988990784,"[0.4885987341403961, 0.3179750442504883, 0.12097293883562088, 0.07245331257581711]",low,0.6742181181907654,31.911500000205706,0.4114569127559662,"[0.6742181181907654, 0.2627612054347992, 0.041046496480703354, 0.02197406068444252]",low,0.4885983467102051,17.638799999986077,0.17062315344810486,"[0.4885983467102051, 0.3179751932621002, 0.12097322195768356, 0.07245320081710815]",low,0.6742185354232788,26.894999999967695,0.41145750880241394,"[0.6742185354232788, 0.26276102662086487, 0.04104640707373619, 0.02197408862411976]",low,0.488598108291626,13.716099999328435,0.1706228256225586,"[0.488598108291626, 0.3179752826690674, 0.1209733709692955, 0.07245318591594696]",low,0.6742121577262878,23.63950000017212,0.41144633293151855,"[0.6742121577262878, 0.2627658247947693, 0.041047289967536926, 0.021974792703986168]"
E:\RHNA\1Visual\NCKH\nckh2\products\fe\model\Dataset_Flood\low\images - 2025-01-28T152202.438.jpg,low,0,non_flood,0.6480581164360046,44.115700000475044,0.32824692130088806,"[0.3198111951351166, 0.02829243801534176, 0.0038383174687623978, 0.6480581164360046]",non_flood,0.67801833152771,36.92990000035934,0.373786598443985,"[0.304231733083725, 0.016039129346609116, 0.0017108501633629203, 0.67801833152771]",non_flood,0.6480584144592285,11.495100000502134,0.3282475471496582,"[0.3198108673095703, 0.028292404487729073, 0.00383831188082695, 0.6480584144592285]",non_flood,0.6780173778533936,23.282200000721787,0.3737848103046417,"[0.30423256754875183, 0.016039198264479637, 0.001710863201878965, 0.6780173778533936]",non_flood,0.6480578780174255,38.913599999432336,0.32824650406837463,"[0.3198113739490509, 0.028292454779148102, 0.0038383090868592262, 0.6480578780174255]",non_flood,0.6780160069465637,45.769100000143226,0.37378185987472534,"[0.3042341470718384, 0.016039008274674416, 0.0017108484171330929, 0.6780160069465637]"
E:\RHNA\1Visual\NCKH\nckh2\products\fe\model\Dataset_Flood\low\flood_6194.jpg,low,0,medium,0.4199291467666626,37.32839999975113,0.01693829894065857,"[0.40299084782600403, 0.4199291467666626, 0.14349836111068726, 0.033581726253032684]",low,0.6155471801757812,37.69449999981589,0.321182519197464,"[0.6155471801757812, 0.29436466097831726, 0.07284888625144958, 0.017239384353160858]",medium,0.4199292063713074,17.659899999671325,0.01693865656852722,"[0.40299054980278015, 0.4199292063713074, 0.1434984803199768, 0.03358179330825806]",low,0.6155465245246887,25.57600000000093,0.32118144631385803,"[0.6155465245246887, 0.2943650782108307, 0.07284907251596451, 0.017239395529031754]",medium,0.41992953419685364,36.6543999998612,0.016939103603363037,"[0.4029904305934906, 0.41992953419685364, 0.14349839091300964, 0.03358159586787224]",low,0.615546464920044,46.85359999984939,0.32118287682533264,"[0.615546464920044, 0.2943635880947113, 0.07285071909427643, 0.017239199951291084]"
E:\RHNA\1Visual\NCKH\nckh2\products\fe\model\Dataset_Flood\low\images - 2025-01-28T164411.442.jpg,low,0,low,0.8116041421890259,45.43009999997594,0.6899882555007935,"[0.8116041421890259, 0.12161587923765182, 0.030496031045913696, 0.036283932626247406]",medium,0.47953733801841736,35.50389999963954,0.06919389963150024,"[0.4103434383869171, 0.47953733801841736, 0.0073256464675068855, 0.1027936041355133]",low,0.8116031885147095,18.357900000410154,0.6899866461753845,"[0.8116031885147095, 0.12161654233932495, 0.03049614652991295, 0.036284126341342926]",medium,0.47953376173973083,23.051899999700254,0.06918701529502869,"[0.41034674644470215, 0.47953376173973083, 0.007325612939894199, 0.10279383510351181]",low,0.8116050958633423,23.3289000007062,0.6899897456169128,"[0.8116050958633423, 0.12161536514759064, 0.030495867133140564, 0.0362837091088295]",medium,0.4795362949371338,51.36640000000625,0.06919124722480774,"[0.41034504771232605, 0.4795362949371338, 0.007325847167521715, 0.10279276967048645]"
E:\RHNA\1Visual\NCKH\nckh2\products\fe\model\Dataset_Flood\low\images - 2025-01-28T164431.273.jpg,low,0,low,0.7346150279045105,42.43110000061279,0.5856399536132812,"[0.7346150279045105, 0.14897508919239044, 0.0585058368742466, 0.05790410190820694]",low,0.6340981125831604,37.83999999996013,0.3572239577770233,"[0.6340981125831604, 0.2768741548061371, 0.018817471340298653, 0.07021035254001617]",low,0.7346147298812866,18.847700000151235,0.585639476776123,"[0.7346147298812866, 0.14897528290748596, 0.05850578472018242, 0.05790430307388306]",low,0.6341001391410828,31.165999999757332,0.35722675919532776,"[0.6341001391410828, 0.276873379945755, 0.01881730742752552, 0.07020922005176544]",low,0.7346156239509583,46.6498000005231,0.5856410264968872,"[0.7346156239509583, 0.14897458255290985, 0.05850551277399063, 0.05790434405207634]",low,0.6340972781181335,54.6132999998008,0.35722360014915466,"[0.6340972781181335, 0.2768736779689789, 0.018817715346813202, 0.07021129876375198]"
E:\RHNA\1Visual\NCKH\nckh2\products\fe\model\Dataset_Flood\low\image_203.jpeg,low,0,medium,0.8388933539390564,22.87350000005972,0.746675968170166,"[0.09221741557121277, 0.8388933539390564, 0.066995769739151, 0.0018934730906039476]",medium,0.9163126945495605,24.099500000374974,0.8331586718559265,"[0.08315403014421463, 0.9163126945495605, 0.00011279321915935725, 0.0004204432771075517]",medium,0.8388938307762146,9.275399999751244,0.7466767430305481,"[0.09221706539392471, 0.8388938307762146, 0.06699564307928085, 0.0018934642430394888]",medium,0.9163123965263367,15.906399999948917,0.833158016204834,"[0.0831543579697609, 0.9163123965263367, 0.0001127935029217042, 0.000420436350395903]",medium,0.838892936706543,21.222100000159116,0.7466753125190735,"[0.09221760183572769, 0.838892936706543, 0.0669960230588913, 0.0018934729741886258]",medium,0.9163123965263367,23.431100000379956,0.833158016204834,"[0.08315438777208328, 0.9163123965263367, 0.00011279930185992271, 0.00042043172288686037]"
E:\RHNA\1Visual\NCKH\nckh2\products\fe\model\Dataset_Flood\low\다운로드 (50).jpg,low,0,low,0.5460861325263977,32.712399999581976,0.2892247140407562,"[0.5460861325263977, 0.10296779125928879, 0.09408464282751083, 0.2568614184856415]",high,0.3603838086128235,23.704000000179803,0.03985714912414551,"[0.15064196288585663, 0.16844753921031952, 0.3603838086128235, 0.320526659488678]",low,0.546085774898529,9.582900000168593,0.28922387957572937,"[0.546085774898529, 0.1029677465558052, 0.09408467262983322, 0.2568618953227997]",high,0.36039063334465027,16.04399999996531,0.03986862301826477,"[0.15064015984535217, 0.16844718158245087, 0.36039063334465027, 0.3205220103263855]",low,0.546085774898529,28.64580000004935,0.2892244756221771,"[0.546085774898529, 0.10296797752380371, 0.09408488869667053, 0.25686129927635193]",high,0.3603987991809845,43.51470000074187,0.03988268971443176,"[0.15063853561878204, 0.1684466153383255, 0.3603987991809845, 0.32051610946655273]"
E:\RHNA\1Visual\NCKH\nckh2\products\fe\model\Dataset_Flood\medium\images - 2025-01-28T164558.649.jpg,medium,1,low,0.43394774198532104,32.346299999517214,0.14133480191230774,"[0.43394774198532104, 0.24520817399024963, 0.02823113463819027, 0.2926129400730133]",non_flood,0.39064469933509827,30.515100000229722,0.03503894805908203,"[0.35560575127601624, 0.24449029564857483, 0.009259316138923168, 0.39064469933509827]",low,0.43394792079925537,12.045699999362114,0.1413346529006958,"[0.43394792079925537, 0.24520783126354218, 0.028231047093868256, 0.29261326789855957]",non_flood,0.39064255356788635,18.351699999584525,0.03503456711769104,"[0.3556079864501953, 0.24449017643928528, 0.009259380400180817, 0.39064255356788635]",low,0.43394705653190613,21.240000000034343,0.14133355021476746,"[0.43394705653190613, 0.24520820379257202, 0.02823120355606079, 0.29261350631713867]",non_flood,0.3906458914279938,41.056099999877915,0.03504502773284912,"[0.35560086369514465, 0.24449387192726135, 0.009259436279535294, 0.3906458914279938]"
E:\RHNA\1Visual\NCKH\nckh2\products\fe\model\Dataset_Flood\medium\images (40).jpg,medium,1,low,0.5993791818618774,50.51100000036968,0.2932892143726349,"[0.5993791818618774, 0.30608996748924255, 0.0763954445719719, 0.018135448917746544]",low,0.6497807502746582,33.103400000072725,0.33657798171043396,"[0.6497807502746582, 0.31320276856422424, 0.03330321982502937, 0.003713261801749468]",low,0.5993786454200745,11.364299999513605,0.29328861832618713,"[0.5993786454200745, 0.30609002709388733, 0.07639569044113159, 0.01813563145697117]",low,0.6497798562049866,18.216999999822292,0.336575984954834,"[0.6497798562049866, 0.3132038712501526, 0.03330303356051445, 0.003713210579007864]",low,0.5993791222572327,54.46849999952974,0.29328933358192444,"[0.5993791222572327, 0.3060897886753082, 0.07639552652835846, 0.01813558116555214]",low,0.6497852206230164,64.39720000071247,0.33658692240715027,"[0.6497852206230164, 0.3131982982158661, 0.03330320119857788, 0.003713262965902686]"
E:\RHNA\1Visual\NCKH\nckh2\products\fe\model\Dataset_Flood\medium\다운로드 (32).jpg,medium,1,low,0.6392181515693665,28.673499999968044,0.3449336588382721,"[0.6392181515693665, 0.05151955783367157, 0.014977858401834965, 0.29428449273109436]",low,0.7660468816757202,29.191699999500997,0.656350314617157,"[0.7660468816757202, 0.07890497893095016, 0.10969655215740204, 0.0453515350818634]",low,0.6392161250114441,9.935300000506686,0.3449295163154602,"[0.6392161250114441, 0.0515194907784462, 0.014977875165641308, 0.2942866086959839]",low,0.7660462856292725,17.641500000536325,0.6563486456871033,"[0.7660462856292725, 0.07890467345714569, 0.10969763249158859, 0.04535134881734848]",low,0.6392183899879456,31.553200000416837,0.3449341058731079,"[0.6392183899879456, 0.05151946842670441, 0.014977839775383472, 0.29428428411483765]",low,0.7660422325134277,56.186499999967054,0.6563417315483093,"[0.7660422325134277, 0.07890438288450241, 0.109700508415699, 0.045352909713983536]"
E:\RHNA\1Visual\NCKH\nckh2\products\fe\model\Dataset_Flood\medium\다운로드 (14) 1.jpg,medium,1,medium,0.5130659937858582,47.45080000066082,0.189213365316391,"[0.32385262846946716, 0.5130659937858582, 0.11170806735754013, 0.05137333273887634]",low,0.48933830857276917,74.02360000014596,0.15548497438430786,"[0.48933830857276917, 0.3338533341884613, 0.153014674782753, 0.02379372902214527]",medium,0.5130665302276611,15.371399999821733,0.1892145574092865,"[0.32385197281837463, 0.5130665302276611, 0.11170820146799088, 0.05137329176068306]",low,0.48934000730514526,19.906700000319688,0.1554868221282959,"[0.48934000730514526, 0.33385318517684937, 0.1530131995677948, 0.02379360795021057]",medium,0.5130662322044373,35.49930000008317,0.18921402096748352,"[0.32385221123695374, 0.5130662322044373, 0.1117081269621849, 0.0513734295964241]",low,0.48933789134025574,67.36480000017764,0.15548259019851685,"[0.48933789134025574, 0.3338553011417389, 0.15301257371902466, 0.023794248700141907]"
E:\RHNA\1Visual\NCKH\nckh2\products\fe\model\Dataset_Flood\medium\images (31).jpg,medium,1,medium,0.7274881601333618,34.66539999953966,0.5352669358253479,"[0.07699167728424072, 0.7274881601333618, 0.19222120940685272, 0.0032989445608109236]",high,0.5685509443283081,31.499300000177755,0.14243265986442566,"[0.00475495308637619, 0.42611828446388245, 0.5685509443283081, 0.0005758283077739179]",medium,0.7274879813194275,9.476899999754096,0.535266637802124,"[0.07699171453714371, 0.7274879813194275, 0.19222131371498108, 0.0032989531755447388]",high,0.5685501098632812,15.39509999929578,0.14243102073669434,"[0.004754966590553522, 0.4261190891265869, 0.5685501098632812, 0.0005758188781328499]",medium,0.727489173412323,16.260899999906542,0.5352687835693359,"[0.07699146866798401, 0.727489173412323, 0.19222041964530945, 0.003298921976238489]",high,0.5685574412345886,14.96560000032332,0.14244553446769714,"[0.004754859488457441, 0.4261119067668915, 0.5685574412345886, 0.0005758150946348906]"
E:\RHNA\1Visual\NCKH\nckh2\products\fe\model\Dataset_Flood\medium\cuuho-19-4795-1763627595.webp,medium,1,medium,0.8109926581382751,24.52750000065862,0.6279866099357605,"[0.005860186647623777, 0.8109926581382751, 0.18300606310367584, 0.0001410310942446813]",medium,0.9566285610198975,27.603100000305858,0.9141137003898621,"[0.0007792383548803627, 0.9566285610198975, 0.04251483455300331, 7.72983257775195e-05]",medium,0.8109928369522095,12.721000000055938,0.6279868483543396,"[0.005860204808413982, 0.8109928369522095, 0.18300597369670868, 0.00014103179273661226]",medium,0.95662921667099,20.04659999965952,0.9141150116920471,"[0.0007792296237312257, 0.95662921667099, 0.042514216154813766, 7.729616481810808e-05]",medium,0.8109921216964722,25.316799999927753,0.6279854774475098,"[0.005860235542058945, 0.8109921216964722, 0.1830066293478012, 0.0001410331460647285]",medium,0.9566293358802795,30.81819999988511,0.9141151905059814,"[0.0007792355609126389, 0.9566293358802795, 0.04251411557197571, 7.729559729341418e-05]"
E:\RHNA\1Visual\NCKH\nckh2\products\fe\model\Dataset_Flood\medium\38.jpg,medium,1,medium,0.6203587055206299,25.273199999901408,0.32980912923812866,"[0.08216140419244766, 0.6203587055206299, 0.2905495762825012, 0.006930372677743435]",high,0.4403010606765747,23.822500000278524,0.0025630593299865723,"[0.11428628116846085, 0.43773800134658813, 0.4403010606765747, 0.007674677763134241]",medium,0.6203584671020508,15.351300000475021,0.32980895042419434,"[0.0821615681052208, 0.6203584671020508, 0.29054951667785645, 0.006930442992597818]",high,0.4403012990951538,17.221099999915168,0.0025630295276641846,"[0.11428574472665787, 0.4377382695674896, 0.4403012990951538, 0.007674660068005323]",medium,0.6203579902648926,21.74620000005234,0.32980817556381226,"[0.08216182142496109, 0.6203579902648926, 0.2905498147010803, 0.006930410861968994]",high,0.4402978718280792,26.260000000547734,0.002558082342147827,"[0.11428758502006531, 0.4377397894859314, 0.4402978718280792, 0.007674720138311386]"
E:\RHNA\1Visual\NCKH\nckh2\products\fe\model\Dataset_Flood\medium\z5675153483527cd80a92c47aaeb3ab9a8fbe5fd9bdaba-1722134771986321631296.webp,medium,1,medium,0.7103906869888306,31.923900000037975,0.5412209033966064,"[0.16916976869106293, 0.7103906869888306, 0.0946120172739029, 0.025827478617429733]",medium,0.8622828125953674,26.00220000022091,0.7821508646011353,"[0.08013193309307098, 0.8622828125953674, 0.026942985132336617, 0.030642302706837654]",medium,0.7103907465934753,27.342399999724876,0.5412207841873169,"[0.16916999220848083, 0.7103907465934753, 0.09461182355880737, 0.0258274357765913]",medium,0.8622826337814331,21.555999999691267,0.782150387763977,"[0.08013224601745605, 0.8622826337814331, 0.02694300375878811, 0.030642148107290268]",medium,0.7103906273841858,25.445199999921897,0.5412206053733826,"[0.16917000710964203, 0.7103906273841858, 0.09461185336112976, 0.025827456265687943]",medium,0.8622820973396301,28.980000000046857,0.7821499705314636,"[0.08013210445642471, 0.8622820973396301, 0.026943359524011612, 0.030642377212643623]"
E:\RHNA\1Visual\NCKH\nckh2\products\fe\model\Dataset_Flood\medium\img0412-173554575-1648898672886468709355.jpg,medium,1,medium,0.6046769022941589,29.435400000693335,0.2656862437725067,"[0.05375446006655693, 0.6046769022941589, 0.3389906585216522, 0.002578016370534897]",medium,0.9221552014350891,22.83160000024509,0.8641707301139832,"[0.012891124933958054, 0.9221552014350891, 0.05798448249697685, 0.006969247944653034]",medium,0.6046767830848694,9.547600000587408,0.2656860649585724,"[0.053754426538944244, 0.6046767830848694, 0.338990718126297, 0.002578004729002714]",medium,0.9221557378768921,18.740500000603788,0.8641718626022339,"[0.012891175225377083, 0.9221557378768921, 0.057983849197626114, 0.006969201844185591]",medium,0.6046772003173828,40.29999999966094,0.2656867802143097,"[0.05375436320900917, 0.6046772003173828, 0.3389904201030731, 0.0025779977440834045]",medium,0.9221543669700623,51.2936000004629,0.8641690015792847,"[0.012890970334410667, 0.9221543669700623, 0.05798538401722908, 0.0069692679680883884]"
E:\RHNA\1Visual\NCKH\nckh2\products\fe\model\Dataset_Flood\medium\images - 2025-01-28T164335.071.jpg,medium,1,medium,0.41728001832962036,22.347599999193335,0.09860050678253174,"[0.3186795115470886, 0.41728001832962036, 0.2595466077327728, 0.004493727348744869]",medium,0.5108312964439392,21.339899999475165,0.10215809941291809,"[0.4086731970310211, 0.5108312964439392, 0.08036260306835175, 0.00013292567746248096]",medium,0.41728007793426514,10.28509999923699,0.09860050678253174,"[0.3186795711517334, 0.41728007793426514, 0.25954654812812805, 0.004493743181228638]",medium,0.5108301043510437,16.583300000093004,0.10215666890144348,"[0.4086734354496002, 0.5108301043510437, 0.08036359399557114, 0.00013292586663737893]",medium,0.41727980971336365,35.877199999958975,0.09860050678253174,"[0.3186793029308319, 0.41727980971336365, 0.2595471441745758, 0.004493748769164085]",medium,0.5108367800712585,50.302300000112155,0.10217028856277466,"[0.4086664915084839, 0.5108367800712585, 0.08036375790834427, 0.0001329259539488703]"
E:\RHNA\1Visual\NCKH\nckh2\products\fe\model\Dataset_Flood\medium\11111_20240910092935.jpg,medium,1,medium,0.7116609811782837,52.84780000056344,0.44539397954940796,"[0.019899090752005577, 0.7116609811782837, 0.26626700162887573, 0.0021729576401412487]",medium,0.8929703235626221,51.42740000064805,0.8249781727790833,"[0.03360399231314659, 0.8929703235626221, 0.06799212843179703, 0.005433510988950729]",medium,0.7116610407829285,15.342799999416457,0.44539403915405273,"[0.019898977130651474, 0.7116610407829285, 0.26626700162887573, 0.002172968117520213]",medium,0.892970621585846,32.63639999931911,0.8249787092208862,"[0.03360399603843689, 0.892970621585846, 0.06799193471670151, 0.005433422047644854]",medium,0.711661159992218,51.21589999998832,0.4453943073749542,"[0.01989898830652237, 0.711661159992218, 0.2662668526172638, 0.002172941341996193]",medium,0.8929705023765564,69.08759999987524,0.8249775767326355,"[0.03360318765044212, 0.8929705023765564, 0.06799294054508209, 0.005433325655758381]"
E:\RHNA\1Visual\NCKH\nckh2\products\fe\model\Dataset_Flood\medium\803102991_1065370649579880_774651092268573661_n.jpg,medium,1,medium,0.7876158952713013,35.71220000048925,0.6102508306503296,"[0.17736506462097168, 0.7876158952713013, 0.026801491156220436, 0.008217519149184227]",medium,0.9559701085090637,40.70499999943422,0.9125322103500366,"[0.04343791678547859, 0.9559701085090637, 0.0005702881026081741, 2.1790396203869022e-05]",medium,0.7876155376434326,15.751799999634386,0.6102501749992371,"[0.17736537754535675, 0.7876155376434326, 0.02680155448615551, 0.00821754615753889]",medium,0.9559696912765503,29.68070000042644,0.912531316280365,"[0.04343836382031441, 0.9559696912765503, 0.000570289499592036, 2.179017974413e-05]",medium,0.7876154184341431,29.489399999874877,0.6102498173713684,"[0.17736558616161346, 0.7876154184341431, 0.026801545172929764, 0.00821756199002266]",medium,0.9559701085090637,41.17310000037833,0.9125322103500366,"[0.04343787953257561, 0.9559701085090637, 0.0005702742491848767, 2.1789734091726132e-05]"
E:\RHNA\1Visual\NCKH\nckh2\products\fe\model\Dataset_Flood\medium\images (17) 2.jpg,medium,1,low,0.6591565012931824,46.80929999994987,0.45430442690849304,"[0.6591565012931824, 0.20485207438468933, 0.0952741950750351, 0.040717240422964096]",low,0.9224306344985962,36.93870000006427,0.8797607421875,"[0.9224306344985962, 0.028002776205539703, 0.04266988858580589, 0.006896734703332186]",low,0.6591565012931824,16.96260000062466,0.4543045163154602,"[0.6591565012931824, 0.20485198497772217, 0.09527420252561569, 0.04071735590696335]",low,0.9224306344985962,29.29130000029545,0.8797607421875,"[0.9224306344985962, 0.028002768754959106, 0.04266989603638649, 0.006896688602864742]",low,0.6591565608978271,30.672100000629143,0.45430439710617065,"[0.6591565608978271, 0.2048521637916565, 0.09527386724948883, 0.040717341005802155]",low,0.922429084777832,39.9875000002794,0.8797582983970642,"[0.922429084777832, 0.028003189712762833, 0.04267076402902603, 0.006896916776895523]"
E:\RHNA\1Visual\NCKH\nckh2\products\fe\model\Dataset_Flood\medium\images (21).jpg,medium,1,medium,0.78076171875,42.60909999993601,0.6602219939231873,"[0.09830568730831146, 0.78076171875, 0.12053974717855453, 0.00039284760714508593]",medium,0.8784868121147156,37.56780000003346,0.8022161722183228,"[0.07627061009407043, 0.8784868121147156, 0.04503112658858299, 0.00021145852224435657]",medium,0.7807613611221313,13.579800000115938,0.660221517086029,"[0.09830589592456818, 0.7807613611221313, 0.12053985893726349, 0.000392851943615824]",medium,0.8784869909286499,20.37209999980405,0.8022164106369019,"[0.07627059519290924, 0.8784869909286499, 0.04503103345632553, 0.0002114551462000236]",medium,0.7807613611221313,30.38540000034118,0.66022127866745,"[0.09830566495656967, 0.7807613611221313, 0.12054009735584259, 0.0003928526712115854]",medium,0.8784875273704529,45.73619999973744,0.8022175431251526,"[0.0762699618935585, 0.8784875273704529, 0.045031074434518814, 0.00021145446226000786]"
E:\RHNA\1Visual\NCKH\nckh2\products\fe\model\Dataset_Flood\medium\images - 2025-01-28T184948.206.jpg,medium,1,high,0.5731315016746521,41.6029999996681,0.22073262929916382,"[0.06753271073102951, 0.3523988723754883, 0.5731315016746521, 0.006936951540410519]",high,0.7681992650032043,33.16429999995307,0.5862852931022644,"[0.015611108392477036, 0.18191397190093994, 0.7681992650032043, 0.03427557274699211]",high,0.573131263256073,16.621699999632256,0.22073230147361755,"[0.06753266602754593, 0.35239896178245544, 0.573131263256073, 0.0069370511919260025]",high,0.7681992053985596,29.654899999513873,0.586284875869751,"[0.015611021779477596, 0.1819142997264862, 0.7681992053985596, 0.03427540510892868]",high,0.5731296539306641,38.76919999947859,0.22072982788085938,"[0.06753332912921906, 0.3523998260498047, 0.5731296539306641, 0.006937144324183464]",high,0.7682027220726013,54.90009999994072,0.5862919092178345,"[0.015610729344189167, 0.18191081285476685, 0.7682027220726013, 0.03427574038505554]"
E:\RHNA\1Visual\NCKH\nckh2\products\fe\model\Dataset_Flood\medium\805785436_1065873412862937_6378472947375029280_n.jpg,medium,1,medium,0.6186951398849487,39.54650000014226,0.36232733726501465,"[0.08152099698781967, 0.6186951398849487, 0.2563678026199341, 0.043416064232587814]",medium,0.5268591642379761,47.664600000643986,0.31073421239852905,"[0.21612496674060822, 0.5268591642379761, 0.10306160897016525, 0.15395426750183105]",medium,0.6186947226524353,24.645499999678577,0.362326443195343,"[0.0815209448337555, 0.6186947226524353, 0.2563682794570923, 0.0434161014854908]",medium,0.5268584489822388,36.161200000606186,0.3107326924800873,"[0.2161257565021515, 0.5268584489822388, 0.10306085646152496, 0.1539548933506012]",medium,0.6186954975128174,42.212499999550346,0.3623281419277191,"[0.08152107894420624, 0.6186954975128174, 0.25636735558509827, 0.043416015803813934]",medium,0.5268622040748596,51.93570000028558,0.310735285282135,"[0.21612690389156342, 0.5268622040748596, 0.10306168347597122, 0.15394926071166992]"
E:\RHNA\1Visual\NCKH\nckh2\products\fe\model\Dataset_Flood\medium\z6586657762546_35b240fb22ac28c998ad31a1de0491e8.webp,medium,1,medium,0.8557568788528442,35.5212999993455,0.7527658939361572,"[0.04059428349137306, 0.8557568788528442, 0.10299096256494522, 0.0006578448228538036]",medium,0.8679901361465454,29.25180000056571,0.7450358867645264,"[0.008944837376475334, 0.8679901361465454, 0.12295421957969666, 0.00011086705490015447]",medium,0.8557567000389099,16.65659999980562,0.7527655363082886,"[0.04059424251317978, 0.8557567000389099, 0.10299114137887955, 0.0006578443571925163]",medium,0.8679905533790588,25.59460000065883,0.7450368404388428,"[0.008944868110120296, 0.8679905533790588, 0.12295371294021606, 0.00011086615995736793]",medium,0.8557576537132263,14.62950000041019,0.7527675032615662,"[0.040594279766082764, 0.8557576537132263, 0.10299016535282135, 0.000657847267575562]",medium,0.8679901957511902,35.312299999532115,0.7450361847877502,"[0.008944941684603691, 0.8679901957511902, 0.12295401096343994, 0.00011086706217611209]"
E:\RHNA\1Visual\NCKH\nckh2\products\fe\model\Dataset_Flood\medium\803102985_1065370659579879_8461065299246796518_n.jpg,medium,1,medium,0.5154157876968384,35.99359999952867,0.15118125081062317,"[0.3642345368862152, 0.5154157876968384, 0.041305914521217346, 0.07904373109340668]",medium,0.8544901013374329,36.870200000521436,0.7584030628204346,"[0.09608706086874008, 0.8544901013374329, 0.04905533790588379, 0.0003674323670566082]",medium,0.5154169201850891,15.978700000232493,0.15118315815925598,"[0.36423376202583313, 0.5154169201850891, 0.04130597785115242, 0.07904336601495743]",medium,0.8544908761978149,23.00809999997,0.7584041953086853,"[0.09608668833971024, 0.8544908761978149, 0.049055010080337524, 0.00036742849624715745]",medium,0.5154163837432861,14.011700000082783,0.1511823832988739,"[0.36423400044441223, 0.5154163837432861, 0.041305992752313614, 0.07904364168643951]",medium,0.8544906973838806,11.744500000531843,0.7584038972854614,"[0.09608680009841919, 0.8544906973838806, 0.049055058509111404, 0.0003674263134598732]"
E:\RHNA\1Visual\NCKH\nckh2\products\fe\model\Dataset_Flood\medium\images - 2025-01-28T155605.972.jpg,medium,1,low,0.7713690400123596,22.487299999738752,0.5922476649284363,"[0.7713690400123596, 0.04722023010253906, 0.002289427211508155, 0.17912137508392334]",low,0.6359612345695496,27.995200000077602,0.3889603614807129,"[0.6359612345695496, 0.1120743602514267, 0.004963533487170935, 0.24700088798999786]",low,0.7713679075241089,13.400300000284915,0.59224534034729,"[0.7713679075241089, 0.0472201369702816, 0.002289430471137166, 0.17912255227565765]",low,0.6359618902206421,18.50990000002639,0.3889620304107666,"[0.6359618902206421, 0.11207478493452072, 0.004963510204106569, 0.2469998449087143]",low,0.7713684439659119,22.247300000344694,0.5922467708587646,"[0.7713684439659119, 0.04722035303711891, 0.0022894374560564756, 0.1791217029094696]",low,0.6359623670578003,24.415800000497256,0.3889618515968323,"[0.6359623670578003, 0.11207367479801178, 0.00496344268321991, 0.24700051546096802]"
E:\RHNA\1Visual\NCKH\nckh2\products\fe\model\Dataset_Flood\medium\mua-lu-thai-nguyen-1760069078776-17600690791511790978445.jpg,medium,1,medium,0.8612375855445862,20.266100000299048,0.7596035003662109,"[0.0324716754257679, 0.8612375855445862, 0.10163408517837524, 0.004656696226447821]",medium,0.845331072807312,21.52380000006815,0.7585428953170776,"[0.006852744147181511, 0.845331072807312, 0.061027973890304565, 0.08678817749023438]",medium,0.8612375855445862,9.362800000417337,0.7596035599708557,"[0.03247172012925148, 0.8612375855445862, 0.10163403302431107, 0.004656731616705656]",medium,0.8453322649002075,17.72179999989021,0.7585450410842896,"[0.006852639373391867, 0.8453322649002075, 0.061027880758047104, 0.08678720146417618]",medium,0.8612372279167175,31.816799999432988,0.7596030235290527,"[0.03247179836034775, 0.8612372279167175, 0.10163423418998718, 0.004656772129237652]",medium,0.8453329801559448,34.88099999958649,0.7585471868515015,"[0.0068525210954248905, 0.8453329801559448, 0.06102865934371948, 0.08678577840328217]"
E:\RHNA\1Visual\NCKH\nckh2\products\fe\model\Dataset_Flood\medium\flood_172.jpg,medium,1,medium,0.48482221364974976,30.94669999973121,0.26276713609695435,"[0.14614148437976837, 0.48482221364974976, 0.22205506265163422, 0.14698125422000885]",medium,0.3661986291408539,31.69609999986278,0.07127249240875244,"[0.2165684551000595, 0.3661986291408539, 0.29492613673210144, 0.12230682373046875]",medium,0.484822541475296,15.423900000314461,0.262767493724823,"[0.14614112675189972, 0.484822541475296, 0.22205503284931183, 0.1469813585281372]",medium,0.36619997024536133,15.78129999961675,0.07127457857131958,"[0.21656864881515503, 0.36619997024536133, 0.29492539167404175, 0.1223059818148613]",medium,0.4848238229751587,20.66590000049473,0.2627684473991394,"[0.14614097774028778, 0.4848238229751587, 0.22205539047718048, 0.14697982370853424]",medium,0.36619895696640015,39.102599999750964,0.07127517461776733,"[0.21656979620456696, 0.36619895696640015, 0.2949237823486328, 0.12230749428272247]"
E:\RHNA\1Visual\NCKH\nckh2\products\fe\model\Dataset_Flood\medium\images - 2025-01-28T153853.563.jpg,medium,1,low,0.6645619869232178,32.555300000240095,0.3557426929473877,"[0.6645619869232178, 0.024105926975607872, 0.0025127683766186237, 0.3088192939758301]",low,0.8298719525337219,29.086999999890395,0.7439879775047302,"[0.8298719525337219, 0.06311506778001785, 0.021128982305526733, 0.08588399738073349]",low,0.6645614504814148,11.31840000016382,0.3557417094707489,"[0.6645614504814148, 0.024105919525027275, 0.002512772334739566, 0.3088197410106659]",low,0.8298723697662354,17.245899999579706,0.7439883947372437,"[0.8298723697662354, 0.06311484426259995, 0.021128853783011436, 0.0858839601278305]",low,0.6645618081092834,27.003899999726855,0.35574233531951904,"[0.6645618081092834, 0.024105994030833244, 0.0025127786211669445, 0.3088194727897644]",low,0.8298720121383667,52.86419999993086,0.7439880967140198,"[0.8298720121383667, 0.06311500072479248, 0.021129049360752106, 0.08588392287492752]"
E:\RHNA\1Visual\NCKH\nckh2\products\fe\model\Dataset_Flood\medium\1582606863.jpg,medium,1,medium,0.7854788899421692,20.48319999994419,0.6207029819488525,"[0.048252303153276443, 0.7854788899421692, 0.16477592289447784, 0.0014929705066606402]",medium,0.494280070066452,20.158100000116974,0.10682612657546997,"[0.38745394349098206, 0.494280070066452, 0.11766572296619415, 0.000600260216742754]",medium,0.785478413105011,9.774700000889425,0.6207020878791809,"[0.04825226217508316, 0.785478413105011, 0.16477632522583008, 0.00149296666495502]",medium,0.4942803680896759,18.788699999277014,0.1068260669708252,"[0.3874543011188507, 0.4942803680896759, 0.11766508966684341, 0.0006002557347528636]",medium,0.7854794859886169,19.380699999601347,0.620704174041748,"[0.04825225844979286, 0.7854794859886169, 0.1647752970457077, 0.0014929616590961814]",medium,0.49428457021713257,25.748299999577284,0.10683465003967285,"[0.3874499201774597, 0.49428457021713257, 0.11766530573368073, 0.0006002439768053591]"
E:\RHNA\1Visual\NCKH\nckh2\products\fe\model\Dataset_Flood\medium\noise2.jpeg,medium,1,medium,0.723268985748291,30.922500000087894,0.48098093271255493,"[0.03126182034611702, 0.723268985748291, 0.24228806793689728, 0.0031812225934118032]",high,0.61067134141922,32.25970000039524,0.24087956547737122,"[0.003089927602559328, 0.36979177594184875, 0.61067134141922, 0.01644696667790413]",medium,0.7232688665390015,9.463700000196695,0.48098066449165344,"[0.03126182034611702, 0.7232688665390015, 0.24228820204734802, 0.003181220730766654]",high,0.61067134141922,21.38829999967129,0.2408795952796936,"[0.0030899331904947758, 0.36979174613952637, 0.61067134141922, 0.01644694060087204]",medium,0.7232688665390015,39.60269999970478,0.48098069429397583,"[0.03126177191734314, 0.7232688665390015, 0.24228817224502563, 0.003181211184710264]",high,0.6106730103492737,49.65650000031019,0.2408829629421234,"[0.003089890582486987, 0.36979004740715027, 0.6106730103492737, 0.01644703932106495]"
E:\RHNA\1Visual\NCKH\nckh2\products\fe\model\Dataset_Flood\medium\image_0166.jpg,medium,1,medium,0.5100123882293701,39.22270000020944,0.16393476724624634,"[0.3460776209831238, 0.5100123882293701, 0.1193290501832962, 0.024580873548984528]",low,0.49336111545562744,27.901599999495375,0.055101245641708374,"[0.49336111545562744, 0.43825986981391907, 0.04079091176390648, 0.02758808806538582]",medium,0.5100129842758179,10.810800000399468,0.1639362871646881,"[0.34607669711112976, 0.5100129842758179, 0.11932940781116486, 0.024580854922533035]",low,0.4933619201183319,20.32690000032744,0.05510261654853821,"[0.4933619201183319, 0.4382593035697937, 0.04079068824648857, 0.02758808247745037]",medium,0.5100138187408447,39.412199999787845,0.1639377474784851,"[0.3460760712623596, 0.5100138187408447, 0.11932937055826187, 0.024580776691436768]",low,0.4933573305606842,57.528999999703956,0.05509459972381592,"[0.4933573305606842, 0.4382627308368683, 0.04079132154583931, 0.027588587254285812]"
E:\RHNA\1Visual\NCKH\nckh2\products\fe\model\Dataset_Flood\medium\image_358.jpg,medium,1,medium,0.6823782920837402,40.508000000045286,0.410573273897171,"[0.2718050181865692, 0.6823782920837402, 0.04227205738425255, 0.003544550621882081]",low,0.506256639957428,30.0041999998939,0.15009817481040955,"[0.506256639957428, 0.35615846514701843, 0.10144990682601929, 0.03613506257534027]",medium,0.6823788285255432,9.63560000036523,0.4105743169784546,"[0.2718045115470886, 0.6823788285255432, 0.04227213189005852, 0.003544563427567482]",low,0.5062530040740967,17.6236000006611,0.150091290473938,"[0.5062530040740967, 0.3561617136001587, 0.10145021975040436, 0.036135148257017136]",medium,0.6823787093162537,30.792000000474218,0.41057369112968445,"[0.2718050181865692, 0.6823787093162537, 0.042271699756383896, 0.003544590203091502]",low,0.5062510371208191,49.83720000018366,0.15008407831192017,"[0.5062510371208191, 0.3561669588088989, 0.10144694894552231, 0.03613504022359848]"
E:\RHNA\1Visual\NCKH\nckh2\products\fe\model\Dataset_Flood\medium\images (61).jpg,medium,1,low,0.48870161175727844,36.643200000071374,0.12856817245483398,"[0.48870161175727844, 0.36013343930244446, 0.1482735425233841, 0.0028914969880133867]",low,0.688428521156311,37.29690000000119,0.48868635296821594,"[0.688428521156311, 0.1997421681880951, 0.11163768917322159, 0.00019162370881531388]",low,0.48870113492012024,12.514800000644755,0.1285673975944519,"[0.48870113492012024, 0.36013373732566833, 0.14827369153499603, 0.0028914983849972486]",low,0.6884292960166931,29.693700000279932,0.48868685960769653,"[0.6884292960166931, 0.19974245131015778, 0.11163665354251862, 0.00019162082753609866]",low,0.4887010455131531,22.062600000026578,0.12856701016426086,"[0.4887010455131531, 0.3601340353488922, 0.14827348291873932, 0.0028914939612150192]",low,0.688427746295929,48.777899999549845,0.4886847138404846,"[0.688427746295929, 0.19974303245544434, 0.11163762211799622, 0.00019161782984156162]"
E:\RHNA\1Visual\NCKH\nckh2\products\fe\model\Dataset_Flood\medium\nguoi-dan-di-chuyen-bang-do-1726905142020203369784.webp,medium,1,high,0.6074426174163818,33.08820000074775,0.2638392448425293,"[0.044883083552122116, 0.34360337257385254, 0.6074426174163818, 0.004070991650223732]",high,0.9477159380912781,27.084399999694142,0.8993378281593323,"[0.00345604564063251, 0.048378102481365204, 0.9477159380912781, 0.0004500205395743251]",high,0.6074429750442505,11.113099999420228,0.2638399302959442,"[0.04488297179341316, 0.3436030447483063, 0.6074429750442505, 0.0040709939785301685]",high,0.9477154016494751,24.704500000552798,0.8993368148803711,"[0.0034560963977128267, 0.04837856814265251, 0.9477154016494751, 0.0004500237409956753]",high,0.6074413657188416,20.625800000743766,0.2638368308544159,"[0.044883087277412415, 0.34360453486442566, 0.6074413657188416, 0.004070986993610859]",high,0.9477159380912781,27.409599999373313,0.8993379473686218,"[0.0034560225903987885, 0.04837798327207565, 0.9477159380912781, 0.000450026331236586]"
E:\RHNA\1Visual\NCKH\nckh2\products\fe\model\Dataset_Flood\medium\807659213_1065873136196298_5615785750511825525_n.jpg,medium,1,medium,0.5295999050140381,41.866700000355195,0.138909250497818,"[0.3906906545162201, 0.5295999050140381, 0.014281283132731915, 0.06542817503213882]",medium,0.8936488032341003,25.354999999763095,0.7905835509300232,"[0.10306522995233536, 0.8936488032341003, 0.0029166718013584614, 0.00036920729326084256]",medium,0.529599666595459,9.576899999956368,0.13890907168388367,"[0.3906905949115753, 0.529599666595459, 0.014281327836215496, 0.06542845815420151]",medium,0.8936488032341003,16.169800000170653,0.7905834913253784,"[0.10306530445814133, 0.8936488032341003, 0.0029166911263018847, 0.00036920589627698064]",medium,0.5296005606651306,16.895399999157235,0.1389104127883911,"[0.3906901478767395, 0.5296005606651306, 0.014281319454312325, 0.06542801856994629]",medium,0.893649160861969,16.682200000104785,0.7905842065811157,"[0.10306492447853088, 0.893649160861969, 0.0029167018365114927, 0.00036920563434250653]"
E:\RHNA\1Visual\NCKH\nckh2\products\fe\model\Dataset_Flood\medium\images - 2025-01-28T152117.659.jpg,medium,1,low,0.4352298676967621,35.61749999971653,0.09737706184387207,"[0.4352298676967621, 0.33785280585289, 0.20700179040431976, 0.019915536046028137]",medium,0.8771359324455261,25.555100000019593,0.771817147731781,"[0.10531876236200333, 0.8771359324455261, 0.014675861224532127, 0.002869370160624385]",low,0.43522965908050537,12.324899999839545,0.09737655520439148,"[0.43522965908050537, 0.3378531038761139, 0.20700158178806305, 0.019915573298931122]",medium,0.8771361112594604,23.693099999945844,0.7718176245689392,"[0.10531850904226303, 0.8771361112594604, 0.01467597670853138, 0.0028693201020359993]",low,0.43522849678993225,31.030500000269967,0.09737539291381836,"[0.43522849678993225, 0.3378531038761139, 0.20700287818908691, 0.01991555653512478]",medium,0.8771371245384216,45.17409999971278,0.7718195915222168,"[0.10531752556562424, 0.8771371245384216, 0.01467601303011179, 0.002869317540898919]"
E:\RHNA\1Visual\NCKH\nckh2\products\fe\model\Dataset_Flood\medium\images - 2025-01-28T154106.043.jpg,medium,1,low,0.8257629871368408,50.00740000014048,0.7438258528709412,"[0.8257629871368408, 0.072320356965065, 0.0199794489890337, 0.08193715661764145]",low,0.9454283714294434,37.280200000168406,0.9145493507385254,"[0.9454283714294434, 0.01750742271542549, 0.03087903931736946, 0.0061851744540035725]",low,0.8257630467414856,14.854900000500493,0.7438259124755859,"[0.8257630467414856, 0.07232043147087097, 0.019979501143097878, 0.08193710446357727]",low,0.9454290866851807,24.385499999880267,0.9145505428314209,"[0.9454290866851807, 0.017507176846265793, 0.030878562480211258, 0.006185108795762062]",low,0.8257623910903931,24.22130000013567,0.7438250184059143,"[0.8257623910903931, 0.0723206177353859, 0.019979562610387802, 0.08193735778331757]",low,0.9454290866851807,39.5872999997664,0.9145505428314209,"[0.9454290866851807, 0.017507292330265045, 0.030878538265824318, 0.00618514372035861]"
E:\RHNA\1Visual\NCKH\nckh2\products\fe\model\Dataset_Flood\medium\hoi_an_ngap_lut_tro_lai_nguoi_dan_lo_chay_lu_lan_2_.webp,medium,1,medium,0.7774515151977539,27.689599999575876,0.6675968170166016,"[0.10985469073057175, 0.7774515151977539, 0.10588950663805008, 0.006804204545915127]",medium,0.8504440188407898,36.277500000323926,0.7118812203407288,"[0.13856278359889984, 0.8504440188407898, 0.009460247121751308, 0.0015329400775954127]",medium,0.7774522304534912,16.574000000218803,0.667598307132721,"[0.10985391587018967, 0.7774522304534912, 0.10588966310024261, 0.006804158911108971]",medium,0.8504415154457092,41.49859999961336,0.7118762731552124,"[0.13856522738933563, 0.8504415154457092, 0.009460372850298882, 0.0015329677844420075]",medium,0.7774520516395569,54.17059999945195,0.6675976514816284,"[0.10985438525676727, 0.7774520516395569, 0.10588947683572769, 0.006804150063544512]",medium,0.8504458069801331,55.50589999984368,0.7118850350379944,"[0.13856077194213867, 0.8504458069801331, 0.009460506029427052, 0.0015329263405874372]"
E:\RHNA\1Visual\NCKH\nckh2\products\fe\model\Dataset_Flood\medium\images (35).jpg,medium,1,medium,0.6254028677940369,29.840100000001257,0.3471132516860962,"[0.2782896161079407, 0.6254028677940369, 0.09353341162204742, 0.002774094231426716]",medium,0.8813436627388,20.445500000278116,0.7685860991477966,"[0.11275755614042282, 0.8813436627388, 0.005810214672237635, 8.858957153279334e-05]",medium,0.6254028081893921,9.271000000808272,0.3471132218837738,"[0.2782895863056183, 0.6254028081893921, 0.0935334786772728, 0.0027741100639104843]",medium,0.8813436627388,15.624900000148045,0.7685860991477966,"[0.11275755614042282, 0.8813436627388, 0.00581012899056077, 8.858889486873522e-05]",medium,0.6254021525382996,29.86700000019482,0.347112238407135,"[0.27828991413116455, 0.6254021525382996, 0.09353387355804443, 0.0027740958612412214]",medium,0.8813438415527344,71.49170000047889,0.7685866951942444,"[0.1127571240067482, 0.8813438415527344, 0.005810403730720282, 8.859169611241668e-05]"
E:\RHNA\1Visual\NCKH\nckh2\products\fe\model\Dataset_Flood\medium\noise4.jpg,medium,1,medium,0.7453607320785522,43.98549999950774,0.5712728500366211,"[0.07883233577013016, 0.7453607320785522, 0.17408788204193115, 0.0017190133221447468]",medium,0.6792775392532349,38.72550000050978,0.3651247024536133,"[0.006356603931635618, 0.6792775392532349, 0.3141528367996216, 0.00021306591224856675]",medium,0.745360791683197,13.497800000550342,0.5712729096412659,"[0.07883234322071075, 0.745360791683197, 0.17408786714076996, 0.0017190176295116544]",medium,0.6792780160903931,23.69399999952293,0.3651256263256073,"[0.006356554105877876, 0.6792780160903931, 0.31415238976478577, 0.0002130632201442495]",medium,0.7453610301017761,32.211699999606935,0.5712733268737793,"[0.0788322240114212, 0.7453610301017761, 0.17408770322799683, 0.0017190147191286087]",medium,0.679279088973999,27.621799999906216,0.36512768268585205,"[0.006356466561555862, 0.679279088973999, 0.314151406288147, 0.00021306397684384137]"
E:\RHNA\1Visual\NCKH\nckh2\products\fe\model\Dataset_Flood\medium\다운로드 (11) 1.jpg,medium,1,medium,0.5449395179748535,20.83370000036666,0.24501833319664001,"[0.2999211847782135, 0.5449395179748535, 0.14939092099666595, 0.005748352035880089]",medium,0.6700093746185303,57.566700000279525,0.3870505392551422,"[0.029938893392682076, 0.6700093746185303, 0.28295883536338806, 0.017092855647206306]",medium,0.5449379682540894,11.733600000297884,0.24501603841781616,"[0.2999219298362732, 0.5449379682540894, 0.14939171075820923, 0.005748406518250704]",medium,0.670008659362793,20.31669999996666,0.38704875111579895,"[0.029938867315649986, 0.670008659362793, 0.282959908246994, 0.01709260232746601]",medium,0.5449398756027222,52.053000000341854,0.24501919746398926,"[0.2999206781387329, 0.5449398756027222, 0.14939096570014954, 0.005748389288783073]",medium,0.6700051426887512,66.61210000038409,0.387042760848999,"[0.029939118772745132, 0.6700051426887512, 0.2829623818397522, 0.01709328591823578]"
E:\RHNA\1Visual\NCKH\nckh2\products\fe\model\Dataset_Flood\medium\images (27).jpg,medium,1,medium,0.6893449425697327,50.27479999989737,0.5165650248527527,"[0.17277993261814117, 0.6893449425697327, 0.1355806142091751, 0.002294508507475257]",medium,0.9441786408424377,32.50029999981052,0.894275963306427,"[0.049902670085430145, 0.9441786408424377, 0.005823112558573484, 9.552443952998146e-05]",medium,0.6893448829650879,10.997300000781252,0.5165652632713318,"[0.1727796047925949, 0.6893448829650879, 0.13558098673820496, 0.0022945126984268427]",medium,0.9441789388656616,31.14960000038991,0.89427649974823,"[0.04990242421627045, 0.9441789388656616, 0.005823058541864157, 9.552292613079771e-05]",medium,0.6893448233604431,53.250199999638426,0.5165650844573975,"[0.17277970910072327, 0.6893448233604431, 0.13558100163936615, 0.0022945189848542213]",medium,0.9441788792610168,41.83499999999185,0.8942763209342957,"[0.04990255832672119, 0.9441788792610168, 0.0058230748400092125, 9.552382107358426e-05]"
E:\RHNA\1Visual\NCKH\nckh2\products\fe\model\Dataset_Flood\medium\image_0294.jpg,medium,1,medium,0.5128499865531921,36.18170000027021,0.07584238052368164,"[0.044603381305933, 0.5128499865531921, 0.4370076060295105, 0.0055389697663486]",medium,0.717117428779602,41.42700000011246,0.560254693031311,"[0.12500430643558502, 0.717117428779602, 0.1568627506494522, 0.0010154768824577332]",medium,0.5128500461578369,18.907300000137184,0.07584241032600403,"[0.04460333287715912, 0.5128500461578369, 0.4370076358318329, 0.00553899398073554]",medium,0.7171158790588379,20.443499999601045,0.5602529644966125,"[0.12500572204589844, 0.7171158790588379, 0.15686289966106415, 0.0010154786286875606]",medium,0.5128499269485474,53.11390000042593,0.07584202289581299,"[0.044603269547224045, 0.5128499269485474, 0.4370079040527344, 0.005538953002542257]",medium,0.7171173095703125,62.24400000064634,0.5602527856826782,"[0.1250026673078537, 0.7171173095703125, 0.15686455368995667, 0.0010154865449294448]"
E:\RHNA\1Visual\NCKH\nckh2\products\fe\model\Dataset_Flood\medium\images (85).jpg,medium,1,medium,0.5781167149543762,53.28839999947377,0.30276909470558167,"[0.27534762024879456, 0.5781167149543762, 0.12742984294891357, 0.019105730578303337]",low,0.4889834523200989,44.92050000044401,0.0983121395111084,"[0.4889834523200989, 0.3906713128089905, 0.10647622495889664, 0.013869037851691246]",medium,0.5781165957450867,14.46589999977732,0.3027689754962921,"[0.27534762024879456, 0.5781165957450867, 0.12743009626865387, 0.019105741754174232]",low,0.48898470401763916,24.85270000033779,0.09831464290618896,"[0.48898470401763916, 0.3906700611114502, 0.10647629201412201, 0.013868912123143673]",medium,0.578117311000824,27.583600000070874,0.3027705252170563,"[0.2753467857837677, 0.578117311000824, 0.12743023037910461, 0.019105618819594383]",low,0.4889838695526123,52.71219999940513,0.09831348061561584,"[0.4889838695526123, 0.39067038893699646, 0.10647673159837723, 0.013869076035916805]"
E:\RHNA\1Visual\NCKH\nckh2\products\fe\model\Dataset_Flood\medium\image_251.png,medium,1,high,0.48912277817726135,40.22570000051928,0.16329681873321533,"[0.325825959444046, 0.1517014503479004, 0.48912277817726135, 0.03334977477788925]",high,0.7903867959976196,29.112700000041514,0.6479550004005432,"[0.06308870017528534, 0.14243178069591522, 0.7903867959976196, 0.004092655144631863]",high,0.48912402987480164,12.26330000008602,0.16329950094223022,"[0.3258245289325714, 0.15170162916183472, 0.48912402987480164, 0.033349860459566116]",high,0.7903864979743958,20.758399999976973,0.6479546427726746,"[0.06308897584676743, 0.1424318552017212, 0.7903864979743958, 0.004092688672244549]",high,0.489121675491333,33.10610000062297,0.16329485177993774,"[0.32582682371139526, 0.15170152485370636, 0.489121675491333, 0.03334993124008179]",high,0.7903842329978943,50.10370000036346,0.6479508280754089,"[0.06308963149785995, 0.14243339002132416, 0.7903842329978943, 0.004092735704034567]"
E:\RHNA\1Visual\NCKH\nckh2\products\fe\model\Dataset_Flood\medium\AKR20200101044751104_09_i.jpg,medium,1,medium,0.730274498462677,43.63499999999476,0.6166357398033142,"[0.10546758770942688, 0.730274498462677, 0.11363878101110458, 0.05061911419034004]",medium,0.6710960268974304,36.991100000705046,0.3628707826137543,"[0.30822524428367615, 0.6710960268974304, 0.018775904551148415, 0.0019027898088097572]",medium,0.730274498462677,17.35819999976229,0.6166356205940247,"[0.10546725243330002, 0.730274498462677, 0.11363889276981354, 0.05061937868595123]",medium,0.6710969805717468,23.824299999432696,0.3628726899623871,"[0.30822429060935974, 0.6710969805717468, 0.018775949254631996, 0.0019027662929147482]",medium,0.7302743792533875,18.77650000005815,0.6166351437568665,"[0.10546740144491196, 0.7302743792533875, 0.1136392131447792, 0.05061895772814751]",medium,0.6711013913154602,32.52780000002531,0.3628816306591034,"[0.3082197606563568, 0.6711013913154602, 0.01877601444721222, 0.001902798074297607]"
E:\RHNA\1Visual\NCKH\nckh2\products\fe\model\Dataset_Flood\medium\images (41).jpg,medium,1,medium,0.5687758922576904,47.93470000004163,0.2713114619255066,"[0.12494542449712753, 0.5687758922576904, 0.29746443033218384, 0.008814213797450066]",medium,0.8514153361320496,26.945300000079442,0.7625023126602173,"[0.05340197682380676, 0.8514153361320496, 0.08891299366950989, 0.006269709672778845]",medium,0.5687758922576904,12.985899999875983,0.27131158113479614,"[0.12494554370641708, 0.5687758922576904, 0.2974643111228943, 0.008814247325062752]",medium,0.8514155745506287,23.258500000338245,0.7625027298927307,"[0.053401801735162735, 0.8514155745506287, 0.08891282230615616, 0.006269741337746382]",medium,0.5687772035598755,26.96049999940442,0.2713143229484558,"[0.12494568526744843, 0.5687772035598755, 0.2974628806114197, 0.008814279921352863]",medium,0.8514158725738525,46.75799999949959,0.7625038623809814,"[0.05340203642845154, 0.8514158725738525, 0.08891201764345169, 0.006270012818276882]"
E:\RHNA\1Visual\NCKH\nckh2\products\fe\model\Dataset_Flood\medium\image_012.jpg,medium,1,medium,0.776921272277832,25.215300000127172,0.5895605683326721,"[0.03553825989365578, 0.776921272277832, 0.1873607188463211, 0.0001798137091100216]",medium,0.8450429439544678,30.81579999980022,0.7520262598991394,"[0.09301670640707016, 0.8450429439544678, 0.05822833999991417, 0.0037119195330888033]",medium,0.7769206166267395,14.736099999936414,0.5895590782165527,"[0.035538025200366974, 0.7769206166267395, 0.18736152350902557, 0.00017981303972192109]",medium,0.8450425267219543,26.816999999937252,0.7520260214805603,"[0.09301648288965225, 0.8450425267219543, 0.05822911858558655, 0.003711887402459979]",medium,0.776921272277832,9.913200000482902,0.5895603895187378,"[0.03553804010152817, 0.776921272277832, 0.18736086785793304, 0.0001798133598640561]",medium,0.8450460433959961,15.536100000645092,0.7520331144332886,"[0.09301294386386871, 0.8450460433959961, 0.05822920426726341, 0.0037117982283234596]"
E:\RHNA\1Visual\NCKH\nckh2\products\fe\model\Dataset_Flood\medium\images (26).jpg,medium,1,non_flood,0.7514512538909912,33.168400000249676,0.5897963047027588,"[0.16165491938591003, 0.08511968702077866, 0.0017741852207109332, 0.7514512538909912]",medium,0.5999569892883301,24.543799999264593,0.3911944329738617,"[0.08461584895849228, 0.5999569892883301, 0.10666466504335403, 0.20876255631446838]",non_flood,0.7514508366584778,10.248399999909452,0.5897956490516663,"[0.16165517270565033, 0.08511973917484283, 0.0017741868505254388, 0.7514508366584778]",medium,0.5999588370323181,18.92660000066826,0.39119747281074524,"[0.0846160501241684, 0.5999588370323181, 0.10666371136903763, 0.20876136422157288]",non_flood,0.751450777053833,13.517700000193145,0.5897955298423767,"[0.1616552621126175, 0.08511979132890701, 0.001774190692231059, 0.751450777053833]",medium,0.5999580025672913,15.00930000020162,0.39119547605514526,"[0.0846123993396759, 0.5999580025672913, 0.10666702687740326, 0.208762526512146]"
E:\RHNA\1Visual\NCKH\nckh2\products\fe\model\Dataset_Flood\medium\images - 2025-01-28T155421.285.jpg,medium,1,medium,0.5538396239280701,34.031299999696785,0.1707857847213745,"[0.38305383920669556, 0.5538396239280701, 0.055254604667425156, 0.00785183534026146]",low,0.9445655345916748,20.065400000021327,0.9008358120918274,"[0.9445655345916748, 0.043729718774557114, 0.0024333391338586807, 0.009271487593650818]",medium,0.5538394451141357,12.48699999996461,0.17078560590744019,"[0.38305383920669556, 0.5538394451141357, 0.055254820734262466, 0.007851874455809593]",low,0.9445649981498718,26.028299999779847,0.9008346199989319,"[0.9445649981498718, 0.043730370700359344, 0.0024333179462701082, 0.009271375834941864]",medium,0.553839385509491,16.098399999464164,0.1707853376865387,"[0.38305404782295227, 0.553839385509491, 0.05525466799736023, 0.007851868867874146]",low,0.944564700126648,30.91709999989689,0.9008340835571289,"[0.944564700126648, 0.04373059794306755, 0.002433390822261572, 0.009271360002458096]"
E:\RHNA\1Visual\NCKH\nckh2\products\fe\model\Dataset_Flood\medium\images - 2025-01-28T154314.514.jpg,medium,1,low,0.8087658286094666,29.05579999969632,0.667802095413208,"[0.8087658286094666, 0.14096374809741974, 0.015297875739634037, 0.034972552210092545]",low,0.9151926040649414,22.399999999834108,0.8407180905342102,"[0.9151926040649414, 0.07447453588247299, 0.0018800240941345692, 0.008452854119241238]",low,0.8087655901908875,11.898300000211748,0.6678017377853394,"[0.8087655901908875, 0.1409638375043869, 0.015297922305762768, 0.03497263416647911]",low,0.9151934385299683,27.02339999996184,0.8407196402549744,"[0.9151934385299683, 0.0744737759232521, 0.0018800157122313976, 0.008452821522951126]",low,0.8087648749351501,16.57549999981711,0.6678003668785095,"[0.8087648749351501, 0.14096450805664062, 0.015298073180019855, 0.034972529858350754]",low,0.9151931405067444,30.403700000533718,0.8407192826271057,"[0.9151931405067444, 0.07447385787963867, 0.0018800536636263132, 0.008452991023659706]"
E:\RHNA\1Visual\NCKH\nckh2\products\fe\model\Dataset_Flood\medium\chay-lu-3-21413569-1730073550943-1730073551814934630676.jpg,medium,1,medium,0.761160135269165,38.663199999973585,0.6593444347381592,"[0.06478022783994675, 0.761160135269165, 0.10181570053100586, 0.07224398851394653]",medium,0.7336077094078064,37.31840000000375,0.5585511922836304,"[0.023205025121569633, 0.7336077094078064, 0.0681307390332222, 0.1750565469264984]",medium,0.761159360408783,10.094899999785412,0.6593431830406189,"[0.06478022038936615, 0.761159360408783, 0.10181616246700287, 0.07224423438310623]",medium,0.7336092591285706,15.58980000027077,0.55855393409729,"[0.02320484071969986, 0.7336092591285706, 0.0681305006146431, 0.17505531013011932]",medium,0.761160135269165,22.908199999619683,0.6593445539474487,"[0.06478016823530197, 0.761160135269165, 0.10181555151939392, 0.07224421203136444]",medium,0.7336059808731079,22.931100000278093,0.558547854423523,"[0.023204581812024117, 0.7336059808731079, 0.06813130527734756, 0.17505815625190735]"
E:\RHNA\1Visual\NCKH\nckh2\products\fe\model\Dataset_Flood\medium\images - 2025-01-28T185102.902.jpg,medium,1,low,0.6836978197097778,25.72119999967981,0.4844808578491211,"[0.6836978197097778, 0.09948292374610901, 0.017602335661649704, 0.19921694695949554]",low,0.852183997631073,28.71309999954974,0.7256426215171814,"[0.852183997631073, 0.1265413612127304, 0.009966418147087097, 0.011308211833238602]",low,0.6836962103843689,14.027799999894341,0.4844776391983032,"[0.6836962103843689, 0.09948279708623886, 0.01760239154100418, 0.19921857118606567]",low,0.8521828055381775,22.831000000223867,0.725640058517456,"[0.8521828055381775, 0.12654274702072144, 0.009966428391635418, 0.01130807213485241]",low,0.6836957931518555,20.797500000298896,0.48447689414024353,"[0.6836957931518555, 0.0994829386472702, 0.01760242134332657, 0.19921889901161194]",low,0.8521851301193237,27.580400000260852,0.7256447076797485,"[0.8521851301193237, 0.126540407538414, 0.009966256096959114, 0.011308225803077221]"
E:\RHNA\1Visual\NCKH\nckh2\products\fe\model\Dataset_Flood\medium\3_ngoai_giao_doan1.webp,medium,1,medium,0.8523168563842773,21.443700000418175,0.7207646369934082,"[0.015541505999863148, 0.8523168563842773, 0.13155221939086914, 0.0005895147332921624]",medium,0.861501157283783,18.734599999334023,0.7354714870452881,"[0.010423572733998299, 0.861501157283783, 0.12602970004081726, 0.0020456404890865088]",medium,0.8523162603378296,9.47120000000723,0.7207635641098022,"[0.015541531145572662, 0.8523162603378296, 0.13155266642570496, 0.0005895171198062599]",medium,0.8615005016326904,15.398699999423116,0.7354703545570374,"[0.010423589497804642, 0.8615005016326904, 0.12603016197681427, 0.0020456546917557716]",medium,0.8523170351982117,16.779099999439495,0.7207650542259216,"[0.015541499480605125, 0.8523170351982117, 0.13155199587345123, 0.0005895165377296507]",medium,0.8615005016326904,20.42929999970511,0.7354702949523926,"[0.010423580184578896, 0.8615005016326904, 0.12603022158145905, 0.0020456407219171524]"
E:\RHNA\1Visual\NCKH\nckh2\products\fe\model\Dataset_Flood\medium\다운로드 (14).jpg,medium,1,medium,0.6112441420555115,22.8703000002497,0.2964905798435211,"[0.06950108706951141, 0.6112441420555115, 0.31475356221199036, 0.004501243121922016]",medium,0.7102356553077698,20.96220000021276,0.46965694427490234,"[0.049026764929294586, 0.7102356553077698, 0.24057869613170624, 0.0001589591265656054]",medium,0.6112439632415771,11.313500000142085,0.296490341424942,"[0.06950122117996216, 0.6112439632415771, 0.31475362181663513, 0.004501239862293005]",medium,0.7102371454238892,28.739200000018172,0.4696592092514038,"[0.049025967717170715, 0.7102371454238892, 0.24057793617248535, 0.00015895823889877647]",medium,0.611244261264801,30.642200000329467,0.2964908182621002,"[0.06950106471776962, 0.611244261264801, 0.3147534430027008, 0.004501244053244591]",medium,0.7102314829826355,20.398000000568572,0.46964871883392334,"[0.04902677610516548, 0.7102314829826355, 0.24058274924755096, 0.00015896197874099016]"
E:\RHNA\1Visual\NCKH\nckh2\products\fe\model\Dataset_Flood\medium\img14.jpg,medium,1,high,0.4384787976741791,32.722199999625445,0.032443463802337646,"[0.15189337730407715, 0.40603533387184143, 0.4384787976741791, 0.0035924785770475864]",high,0.7125405669212341,28.826600000684266,0.45389217138290405,"[0.02822027914226055, 0.2586483955383301, 0.7125405669212341, 0.0005907684098929167]",high,0.43847864866256714,17.100299999583513,0.032442688941955566,"[0.15189293026924133, 0.4060359597206116, 0.43847864866256714, 0.0035924857947975397]",high,0.7125386595726013,23.17860000039218,0.4538886547088623,"[0.02822059392929077, 0.258650004863739, 0.7125386595726013, 0.0005907713202759624]",high,0.4384794235229492,31.689100000221515,0.03244420886039734,"[0.15189282596111298, 0.4060352146625519, 0.4384794235229492, 0.0035924697294831276]",high,0.712542712688446,20.803099999284314,0.4538954794406891,"[0.028219260275363922, 0.25864723324775696, 0.712542712688446, 0.0005907655577175319]"
E:\RHNA\1Visual\NCKH\nckh2\products\fe\model\Dataset_Flood\medium\cd3a096a-084a-49d7-8d1f-345c16612ce9.jpg.webp,medium,1,high,0.5806019306182861,24.70519999951648,0.18767255544662476,"[0.023458033800125122, 0.3929293751716614, 0.5806019306182861, 0.003010692773386836]",high,0.964459240436554,23.245800000040617,0.9302161931991577,"[0.0009983760537579656, 0.03424303978681564, 0.964459240436554, 0.00029941287357360125]",high,0.5806009769439697,11.131700000078126,0.1876707375049591,"[0.023458097130060196, 0.3929302394390106, 0.5806009769439697, 0.003010702086612582]",high,0.9644591212272644,23.922100000163482,0.9302160143852234,"[0.000998379779048264, 0.034243084490299225, 0.9644591212272644, 0.0002994151145685464]",high,0.5806006193161011,15.376299999843468,0.18766996264457703,"[0.023458033800125122, 0.39293065667152405, 0.5806006193161011, 0.0030106946360319853]",high,0.9644596576690674,29.63220000037836,0.9302170276641846,"[0.000998352188616991, 0.03424261137843132, 0.9644596576690674, 0.00029940842068754137]"
E:\RHNA\1Visual\NCKH\nckh2\products\fe\model\Dataset_Flood\medium\flood_6358.jpg,medium,1,medium,0.7839630246162415,36.700200000268524,0.5997120141983032,"[0.18425099551677704, 0.7839630246162415, 0.02965668961405754, 0.0021292578894644976]",medium,0.964708149433136,28.99769999930868,0.9409934282302856,"[0.011505412869155407, 0.964708149433136, 0.023714713752269745, 7.177146471804008e-05]",medium,0.783963680267334,9.522800000013376,0.5997132062911987,"[0.18425048887729645, 0.783963680267334, 0.02965661510825157, 0.0021292525343596935]",medium,0.9647080302238464,15.039200000501296,0.9409933686256409,"[0.011505482718348503, 0.9647080302238464, 0.023714646697044373, 7.177172665251419e-05]",medium,0.7839637398719788,25.702500000079453,0.5997134447097778,"[0.18425028026103973, 0.7839637398719788, 0.02965678460896015, 0.0021292371675372124]",medium,0.964708149433136,47.486100000242004,0.9409934878349304,"[0.01150539144873619, 0.964708149433136, 0.023714689537882805, 7.177132647484541e-05]"
E:\RHNA\1Visual\NCKH\nckh2\products\fe\model\Dataset_Flood\medium\image_0428.jpg,medium,1,medium,0.699830949306488,48.886900000070455,0.47778964042663574,"[0.2220413237810135, 0.699830949306488, 0.07428482919931412, 0.003842873265966773]",medium,0.7101782560348511,30.516099999658763,0.43501755595207214,"[0.27516070008277893, 0.7101782560348511, 0.010753310285508633, 0.003907690290361643]",medium,0.6998318433761597,9.59459999921819,0.47779136896133423,"[0.22204045951366425, 0.6998318433761597, 0.0742848664522171, 0.003842859761789441]",medium,0.7101770639419556,15.920899999400717,0.43501517176628113,"[0.27516189217567444, 0.7101770639419556, 0.010753374546766281, 0.003907680045813322]",medium,0.6998319625854492,21.452999999382882,0.477791965007782,"[0.22204001247882843, 0.6998319625854492, 0.07428515702486038, 0.00384283484891057]",medium,0.7101827263832092,22.89829999972426,0.4350265860557556,"[0.2751561403274536, 0.7101827263832092, 0.010753454640507698, 0.003907672129571438]"
E:\RHNA\1Visual\NCKH\nckh2\products\fe\model\Dataset_Flood\medium\images (23).jpg,medium,1,medium,0.5466626882553101,29.16480000021693,0.24517706036567688,"[0.3014856278896332, 0.5466626882553101, 0.14442992210388184, 0.007421817630529404]",medium,0.4425455331802368,49.10279999967315,0.00441858172416687,"[0.1166769340634346, 0.4425455331802368, 0.43812695145606995, 0.002650625305250287]",medium,0.5466626882553101,25.084699999752047,0.24517682194709778,"[0.3014858663082123, 0.5466626882553101, 0.14442968368530273, 0.007421810179948807]",medium,0.4425436556339264,21.42920000005688,0.004413515329360962,"[0.11667555570602417, 0.4425436556339264, 0.43813014030456543, 0.0026505787391215563]",medium,0.5466621518135071,38.953899999796704,0.24517661333084106,"[0.301485538482666, 0.5466621518135071, 0.144430473446846, 0.007421824149787426]",medium,0.44254085421562195,67.43269999969925,0.004409581422805786,"[0.11667723953723907, 0.44254085421562195, 0.43813127279281616, 0.002650548005476594]"
E:\RHNA\1Visual\NCKH\nckh2\products\fe\model\Dataset_Flood\medium\img12.jpg,medium,1,medium,0.5416893362998962,41.47780000039347,0.20256122946739197,"[0.3391281068325043, 0.5416893362998962, 0.1165827214717865, 0.002599857049062848]",medium,0.695304274559021,18.062099999951897,0.42410406470298767,"[0.2712002098560333, 0.695304274559021, 0.03340835124254227, 8.716237789485604e-05]",medium,0.5416889190673828,9.527799999887065,0.20256072282791138,"[0.33912819623947144, 0.5416889190673828, 0.11658293008804321, 0.002599867293611169]",medium,0.6953057050704956,17.81730000038806,0.42410707473754883,"[0.2711986303329468, 0.6953057050704956, 0.03340848162770271, 8.716155571164563e-05]",medium,0.5416893362998962,17.2629999997298,0.2025620937347412,"[0.33912724256515503, 0.5416893362998962, 0.11658353358507156, 0.002599854487925768]",medium,0.6952983736991882,19.657499999993888,0.4240931272506714,"[0.27120524644851685, 0.6952983736991882, 0.033409181982278824, 8.716362935956568e-05]"
E:\RHNA\1Visual\NCKH\nckh2\products\fe\model\Dataset_Flood\medium\image_242.jpg,medium,1,medium,0.7599272131919861,35.2299000005587,0.5492695569992065,"[0.028641434386372566, 0.7599272131919861, 0.21065767109394073, 0.0007736438419669867]",medium,0.7964053153991699,23.030600000311097,0.6537336111068726,"[0.14267171919345856, 0.7964053153991699, 0.043626781553030014, 0.01729615218937397]",medium,0.7599269151687622,9.318999999777589,0.5492687821388245,"[0.028641341254115105, 0.7599269151687622, 0.21065813302993774, 0.0007736405823379755]",medium,0.7964069843292236,15.992000000551343,0.6537367105484009,"[0.14267028868198395, 0.7964069843292236, 0.043626733124256134, 0.017295941710472107]",medium,0.7599273324012756,23.12919999985752,0.5492695569992065,"[0.028641333803534508, 0.7599273324012756, 0.2106577605009079, 0.0007736465195193887]",medium,0.7964056730270386,44.21550000006391,0.6537342071533203,"[0.14267146587371826, 0.7964056730270386, 0.04362691938877106, 0.017295846715569496]"
E:\RHNA\1Visual\NCKH\nckh2\products\fe\model\Dataset_Flood\medium\Mua-Lu-00.jpg,medium,1,medium,0.9093316197395325,41.77350000009028,0.8530600666999817,"[0.05627153813838959, 0.9093316197395325, 0.030132431536912918, 0.00426449254155159]",medium,0.8969634771347046,29.280600000674895,0.8238149285316467,"[0.01201453898102045, 0.8969634771347046, 0.07314856350421906, 0.017873428761959076]",medium,0.9093316197395325,10.232300000097894,0.8530603051185608,"[0.05627132207155228, 0.9093316197395325, 0.0301325935870409, 0.004264472052454948]",medium,0.896963894367218,26.647200000297744,0.8238157033920288,"[0.012014566920697689, 0.896963894367218, 0.0731481984257698, 0.017873317003250122]",medium,0.909331738948822,27.566400000068825,0.8530603051185608,"[0.056271422654390335, 0.909331738948822, 0.030132390558719635, 0.0042645130306482315]",medium,0.8969629406929016,52.12319999918691,0.823813796043396,"[0.012014507316052914, 0.8969629406929016, 0.07314912229776382, 0.017873486503958702]"
E:\RHNA\1Visual\NCKH\nckh2\products\fe\model\Dataset_Flood\medium\AA.34456276.1.jpg,medium,1,medium,0.47559648752212524,34.55020000001241,0.1867595911026001,"[0.10704462975263596, 0.47559648752212524, 0.28883689641952515, 0.12852194905281067]",high,0.8897413015365601,37.22169999946345,0.8312016725540161,"[0.0090447086840868, 0.04267435893416405, 0.8897413015365601, 0.058539651334285736]",medium,0.4755951464176178,18.021699999735574,0.18675711750984192,"[0.10704455524682999, 0.4755951464176178, 0.2888380289077759, 0.12852227687835693]",high,0.8897401690483093,30.94969999983732,0.8311992287635803,"[0.00904484000056982, 0.04267403855919838, 0.8897401690483093, 0.0585409440100193]",medium,0.47559666633605957,26.89710000049672,0.18675994873046875,"[0.10704481601715088, 0.47559666633605957, 0.2888367176055908, 0.12852182984352112]",high,0.8897403478622437,26.506700000027195,0.8311982750892639,"[0.009044725447893143, 0.04267285019159317, 0.8897403478622437, 0.058542054146528244]"
E:\RHNA\1Visual\NCKH\nckh2\products\fe\model\Dataset_Flood\medium\mien-trung-mua-lu-bao-so-13-kalmaegi-14062802.jpg,medium,1,medium,0.9806392788887024,25.976400000217836,0.9709038734436035,"[0.009125929325819016, 0.9806392788887024, 0.009735397063195705, 0.0004994483897462487]",medium,0.9966409206390381,21.088699999381788,0.9950801134109497,"[0.0007011842099018395, 0.9966409206390381, 0.0015608055982738733, 0.0010971160372719169]",medium,0.9806392788887024,9.93449999987206,0.9709038734436035,"[0.009125933982431889, 0.9806392788887024, 0.009735419414937496, 0.0004994524642825127]",medium,0.9966409206390381,20.700300000498828,0.9950801134109497,"[0.0007011875859461725, 0.9966409206390381, 0.0015608040848746896, 0.0010971155716106296]",medium,0.9806392788887024,16.340900000614056,0.9709039330482483,"[0.009125906974077225, 0.9806392788887024, 0.00973537378013134, 0.0004994472255930305]",medium,0.9966408014297485,23.430399999597284,0.9950799345970154,"[0.0007012012647464871, 0.9966408014297485, 0.0015608707908540964, 0.0010971262818202376]"
E:\RHNA\1Visual\NCKH\nckh2\products\fe\model\Dataset_Flood\medium\images (5).jpg,medium,1,medium,0.6191822290420532,25.967599999603408,0.3577326238155365,"[0.2614496052265167, 0.6191822290420532, 0.11699894070625305, 0.0023692946415394545]",medium,0.7778365015983582,29.179799999837996,0.567693829536438,"[0.21014267206192017, 0.7778365015983582, 0.011941279284656048, 7.953836029628292e-05]",medium,0.6191818714141846,13.594999999440915,0.35773205757141113,"[0.26144981384277344, 0.6191818714141846, 0.11699902266263962, 0.0023693067487329245]",medium,0.7778359055519104,25.120399999650544,0.5676924586296082,"[0.21014346182346344, 0.7778359055519104, 0.011941127479076385, 7.953807653393596e-05]",medium,0.6191823482513428,57.28309999994963,0.35773253440856934,"[0.26144981384277344, 0.6191823482513428, 0.116998590528965, 0.002369288122281432]",medium,0.7778363227844238,69.58389999999781,0.5676940679550171,"[0.21014226973056793, 0.7778363227844238, 0.011941840872168541, 7.953924796311185e-05]"
E:\RHNA\1Visual\NCKH\nckh2\products\fe\model\Dataset_Flood\high\flood_208.jpg,high,2,high,0.5818613767623901,29.69219999977213,0.3941006064414978,"[0.09228133410215378, 0.13809651136398315, 0.5818613767623901, 0.18776078522205353]",high,0.7281278967857361,37.29890000067826,0.5331865549087524,"[0.05201941356062889, 0.024911371991038322, 0.7281278967857361, 0.19494132697582245]",high,0.5818616151809692,16.58919999954378,0.3941006660461426,"[0.09228098392486572, 0.13809648156166077, 0.5818616151809692, 0.18776093423366547]",high,0.7281277775764465,26.881499999944936,0.5331867337226868,"[0.05201954022049904, 0.02491164021193981, 0.7281277775764465, 0.19494105875492096]",high,0.5818608999252319,39.049099999829195,0.3940998315811157,"[0.09228138625621796, 0.1380966156721115, 0.5818608999252319, 0.1877610832452774]",high,0.728125274181366,37.87889999966865,0.5331827402114868,"[0.0520206093788147, 0.02491161786019802, 0.728125274181366, 0.19494250416755676]"
E:\RHNA\1Visual\NCKH\nckh2\products\fe\model\Dataset_Flood\high\img31.webp,high,2,high,0.8077839612960815,40.27730000052543,0.6621633768081665,"[0.03876303508877754, 0.14562061429023743, 0.8077839612960815, 0.007832364179193974]",high,0.875784695148468,26.138299999729497,0.7693859338760376,"[0.005107734352350235, 0.10639876127243042, 0.875784695148468, 0.012708834372460842]",high,0.8077841997146606,12.296699999751581,0.6621637344360352,"[0.0387628972530365, 0.14562049508094788, 0.8077841997146606, 0.007832366973161697]",high,0.875783383846283,21.368100000472623,0.769383430480957,"[0.005107731558382511, 0.10639996826648712, 0.875783383846283, 0.012708906084299088]",high,0.8077834844589233,34.69600000062201,0.6621624827384949,"[0.038763079792261124, 0.14562098681926727, 0.8077834844589233, 0.007832419127225876]",high,0.8757840991020203,55.98660000032396,0.7693849205970764,"[0.005107716657221317, 0.10639919340610504, 0.8757840991020203, 0.012708940543234348]"
E:\RHNA\1Visual\NCKH\nckh2\products\fe\model\Dataset_Flood\high\184fe5688cfd2ba372ec-1725976227.jpg,high,2,high,0.9048367738723755,37.09820000040054,0.8142814040184021,"[0.003769304370507598, 0.0905553475022316, 0.9048367738723755, 0.00083859235746786]",high,0.9974728226661682,35.903099999814,0.9954302906990051,"[0.00011776392784668133, 0.0020425436086952686, 0.9974728226661682, 0.00036682409700006247]",high,0.9048364758491516,18.223699999907694,0.8142809867858887,"[0.0037693323101848364, 0.09055551141500473, 0.9048364758491516, 0.0008385976543650031]",high,0.9974728226661682,31.364899999971385,0.9954302310943604,"[0.00011776392784668133, 0.0020425785332918167, 0.9974728226661682, 0.0003668289864435792]",high,0.9048365950584412,39.47440000047209,0.8142811059951782,"[0.0037693073973059654, 0.09055551886558533, 0.9048365950584412, 0.0008385925902985036]",high,0.9974729418754578,39.44229999979143,0.9954304099082947,"[0.00011776629980886355, 0.0020425349939614534, 0.9974729418754578, 0.0003668386780191213]"
E:\RHNA\1Visual\NCKH\nckh2\products\fe\model\Dataset_Flood\high\images (22).jpg,high,2,low,0.3496856689453125,31.025299999782874,0.028727710247039795,"[0.3496856689453125, 0.20965410768985748, 0.3209579586982727, 0.11970221996307373]",high,0.5837341547012329,18.796099999235594,0.370156466960907,"[0.19729165732860565, 0.21357767283916473, 0.5837341547012329, 0.005396550055593252]",low,0.3496858477592468,10.02130000051693,0.028728187084197998,"[0.3496858477592468, 0.2096538543701172, 0.32095766067504883, 0.11970263719558716]",high,0.583733856678009,17.01980000052572,0.3701566159725189,"[0.197292298078537, 0.2135772407054901, 0.583733856678009, 0.005396550055593252]",low,0.3496849536895752,11.081499999818334,0.02872622013092041,"[0.3496849536895752, 0.2096540927886963, 0.3209587335586548, 0.11970210820436478]",high,0.5837357640266418,22.934999999961292,0.37016060948371887,"[0.19729258120059967, 0.21357515454292297, 0.5837357640266418, 0.005396538879722357]"
E:\RHNA\1Visual\NCKH\nckh2\products\fe\model\Dataset_Flood\high\nha-diva-my-linh-cach-tam-lut-lich-su-40km-bi-ngap-nang-co-len-thuong-qua-thai-nguyen-oi-_9_5_n-1759912630-809-width780height971.jpg,high,2,high,0.8288694620132446,30.806799999481882,0.6697919368743896,"[0.00844242237508297, 0.15907752513885498, 0.8288694620132446, 0.0036105590406805277]",high,0.5607929229736328,35.99080000003596,0.17903947830200195,"[0.046294037252664566, 0.38175344467163086, 0.5607929229736328, 0.011159613728523254]",high,0.8288694620132446,17.308299999967858,0.6697918772697449,"[0.008442406542599201, 0.15907756984233856, 0.8288694620132446, 0.003610552055761218]",high,0.5607934594154358,28.960699999515782,0.17904043197631836,"[0.04629397392272949, 0.38175302743911743, 0.5607934594154358, 0.011159566231071949]",high,0.8288701772689819,22.791200000028766,0.6697932481765747,"[0.008442346006631851, 0.15907689929008484, 0.8288701772689819, 0.0036105408798903227]",high,0.5607950687408447,41.99330000028567,0.17904269695281982,"[0.04629325121641159, 0.3817523717880249, 0.5607950687408447, 0.011159315705299377]"
E:\RHNA\1Visual\NCKH\nckh2\products\fe\model\Dataset_Flood\high\Mua-Lu-1.jpg,high,2,high,0.6643226742744446,39.54459999931714,0.40671300888061523,"[0.05044360086321831, 0.25760966539382935, 0.6643226742744446, 0.027624020352959633]",high,0.8559302091598511,35.64780000033352,0.738314688205719,"[0.0040725888684391975, 0.11761551350355148, 0.8559302091598511, 0.022381698712706566]",high,0.6643235087394714,17.039000000295346,0.40671437978744507,"[0.0504433736205101, 0.25760912895202637, 0.6643235087394714, 0.027624068781733513]",high,0.8559294939041138,18.600200000037148,0.7383131980895996,"[0.004072638228535652, 0.11761628091335297, 0.8559294939041138, 0.022381633520126343]",high,0.6643227338790894,35.67230000044219,0.40671297907829285,"[0.05044348165392876, 0.2576097548007965, 0.6643227338790894, 0.027624065056443214]",high,0.8559300899505615,61.31699999968987,0.7383143305778503,"[0.00407255906611681, 0.11761573702096939, 0.8559300899505615, 0.022381635382771492]"
E:\RHNA\1Visual\NCKH\nckh2\products\fe\model\Dataset_Flood\high\image_108.jpg,high,2,high,0.8088253736495972,18.96649999980582,0.6236433982849121,"[0.005567108280956745, 0.18518200516700745, 0.8088253736495972, 0.0004254940140526742]",high,0.9736472964286804,24.402299999565003,0.9477571249008179,"[0.0004341194871813059, 0.025890188291668892, 0.9736472964286804, 2.8386162739479914e-05]",high,0.8088254928588867,15.480800000659656,0.6236435770988464,"[0.005567111540585756, 0.1851819008588791, 0.8088254928588867, 0.0004254934610798955]",high,0.9736470580101013,25.981099999626167,0.9477566480636597,"[0.00043412434752099216, 0.025890396907925606, 0.9736470580101013, 2.838623731804546e-05]",high,0.8088255524635315,33.39400000004389,0.623643696308136,"[0.005567103624343872, 0.1851818561553955, 0.8088255524635315, 0.000425495469244197]",high,0.9736480712890625,24.5044000002963,0.9477585554122925,"[0.00043408459168858826, 0.02588951401412487, 0.9736480712890625, 2.8384751203702763e-05]"
E:\RHNA\1Visual\NCKH\nckh2\products\fe\model\Dataset_Flood\high\img96.jpg,high,2,high,0.9645088911056519,35.28149999965535,0.9343801736831665,"[0.0026019730139523745, 0.030128687620162964, 0.9645088911056519, 0.0027603639755398035]",high,0.9637482166290283,37.304600000425125,0.9288273453712463,"[0.0011817310005426407, 0.03492087870836258, 0.9637482166290283, 0.00014926651783753186]",high,0.9645088911056519,14.912599999661325,0.9343802332878113,"[0.0026019681245088577, 0.030128659680485725, 0.9645088911056519, 0.0027603560592979193]",high,0.9637482166290283,21.94069999950443,0.9288274049758911,"[0.0011817308841273189, 0.034920837730169296, 0.9637482166290283, 0.00014926650328561664]",high,0.9645088911056519,36.82889999981853,0.9343801736831665,"[0.0026019755750894547, 0.030128702521324158, 0.9645088911056519, 0.0027603774797171354]",high,0.9637482166290283,54.35189999934664,0.9288274049758911,"[0.0011817298363894224, 0.03492080047726631, 0.9637482166290283, 0.00014926765288691968]"
E:\RHNA\1Visual\NCKH\nckh2\products\fe\model\Dataset_Flood\high\a81349fcba3a042928236465e17d5847.jpg,high,2,medium,0.6420641541481018,33.892200000082084,0.3080812692642212,"[0.023260176181793213, 0.6420641541481018, 0.3339828848838806, 0.0006927754729986191]",high,0.8874114155769348,18.870099999730883,0.784923255443573,"[0.00369652989320457, 0.10248815268278122, 0.8874114155769348, 0.0064038438722491264]",medium,0.6420639157295227,9.068899999874702,0.308080792427063,"[0.023260168731212616, 0.6420639157295227, 0.3339831233024597, 0.0006927779177203774]",high,0.8874117136001587,15.036200000395183,0.7849236726760864,"[0.003696506842970848, 0.10248807072639465, 0.8874117136001587, 0.006403714418411255]",medium,0.6420646905899048,23.28010000019276,0.3080821931362152,"[0.023260043933987617, 0.6420646905899048, 0.3339824974536896, 0.0006927700596861541]",high,0.8874097466468811,22.78400000068359,0.784919798374176,"[0.0036965743638575077, 0.10248994082212448, 0.8874097466468811, 0.00640383455902338]"
E:\RHNA\1Visual\NCKH\nckh2\products\fe\model\Dataset_Flood\high\img25.jpg,high,2,medium,0.7412563562393188,26.570600000013656,0.508950412273407,"[0.025835882872343063, 0.7412563562393188, 0.23230595886707306, 0.0006017684354446828]",high,0.664929211139679,29.61539999978413,0.33116844296455383,"[0.0012066940544173121, 0.3337607681751251, 0.664929211139679, 0.00010330376244382933]",medium,0.7412559986114502,13.224100000115868,0.5089497566223145,"[0.0258359145373106, 0.7412559986114502, 0.23230627179145813, 0.0006017736159265041]",high,0.664927065372467,30.97619999971357,0.33116406202316284,"[0.0012066814815625548, 0.3337630033493042, 0.664927065372467, 0.00010330283839721233]",medium,0.7412557005882263,24.47039999970002,0.5089492201805115,"[0.02583598718047142, 0.7412557005882263, 0.23230649530887604, 0.0006017741397954524]",high,0.6649318933486938,23.89149999999063,0.33117371797561646,"[0.0012066769413650036, 0.3337581753730774, 0.6649318933486938, 0.00010330320219509304]"
E:\RHNA\1Visual\NCKH\nckh2\products\fe\model\Dataset_Flood\high\ngap_2_0.webp,high,2,high,0.7026132941246033,26.47720000004483,0.4752865433692932,"[0.023723876103758812, 0.0463360957801342, 0.7026132941246033, 0.22732675075531006]",high,0.8667063117027283,18.821699999534758,0.7442092299461365,"[0.004693238064646721, 0.006103320047259331, 0.8667063117027283, 0.1224970668554306]",high,0.7026126980781555,9.477599999627273,0.47528547048568726,"[0.023723969236016273, 0.04633616656064987, 0.7026126980781555, 0.22732721269130707]",high,0.8667066097259521,18.38569999927131,0.7442096471786499,"[0.0046932087279856205, 0.006103295832872391, 0.8667066097259521, 0.12249693274497986]",high,0.7026141881942749,18.436299999848416,0.4752882421016693,"[0.02372385933995247, 0.04633595421910286, 0.7026141881942749, 0.2273259460926056]",high,0.8667054176330566,20.38059999995312,0.7442072629928589,"[0.004693258088082075, 0.006103109568357468, 0.8667054176330566, 0.12249815464019775]"
E:\RHNA\1Visual\NCKH\nckh2\products\fe\model\Dataset_Flood\high\flood_5032.jpg,high,2,high,0.7971948385238647,28.303199999754725,0.603954553604126,"[0.009051595814526081, 0.19324027001857758, 0.7971948385238647, 0.0005132493679411709]",high,0.9828891754150391,31.197399999655318,0.9671469926834106,"[0.0006925834459252656, 0.015742160379886627, 0.9828891754150391, 0.0006761217373423278]",high,0.7971952557563782,8.983700000499084,0.6039552688598633,"[0.009051552973687649, 0.1932399570941925, 0.7971952557563782, 0.0005132454680278897]",high,0.98288893699646,16.383000000132597,0.9671466946601868,"[0.0006925924681127071, 0.01574225351214409, 0.98288893699646, 0.0006761312251910567]",high,0.7971952557563782,19.979400000011083,0.6039552092552185,"[0.009051558561623096, 0.19324004650115967, 0.7971952557563782, 0.000513245293404907]",high,0.9828891754150391,19.57219999985682,0.9671469926834106,"[0.000692583795171231, 0.015742160379886627, 0.9828891754150391, 0.0006761281401850283]"
E:\RHNA\1Visual\NCKH\nckh2\products\fe\model\Dataset_Flood\high\img48.webp,high,2,non_flood,0.40885457396507263,34.50410000004922,0.03670555353164673,"[0.06760361045598984, 0.15139277279376984, 0.3721490204334259, 0.40885457396507263]",high,0.9432072639465332,26.634899999407935,0.8974443674087524,"[0.00092713424237445, 0.04576290771365166, 0.9432072639465332, 0.01010266225785017]",non_flood,0.4088551104068756,14.158799999677285,0.03670632839202881,"[0.06760358810424805, 0.15139248967170715, 0.3721487820148468, 0.4088551104068756]",high,0.9432070255279541,16.956999999820255,0.897443950176239,"[0.0009271507733501494, 0.04576307162642479, 0.9432070255279541, 0.010102732107043266]",non_flood,0.40885674953460693,19.16559999972378,0.03670915961265564,"[0.06760347634553909, 0.15139217674732208, 0.3721475899219513, 0.40885674953460693]",high,0.9432083964347839,19.562800000130665,0.8974462747573853,"[0.0009271167800761759, 0.04576210305094719, 0.9432083964347839, 0.010102424770593643]"
"E:\RHNA\1Visual\NCKH\nckh2\products\fe\model\Dataset_Flood\high\huracán Sandy 26-10-12, Santo Domingo.jpg",high,2,high,0.9557167887687683,23.01919999990787,0.9285396933555603,"[0.002540883608162403, 0.014565312303602695, 0.9557167887687683, 0.02717708609998226]",high,0.9876344799995422,23.29439999994065,0.9805372953414917,"[0.0023205536417663097, 0.0029477723874151707, 0.9876344799995422, 0.007097163703292608]",high,0.9557164311408997,11.828400000013062,0.9285391569137573,"[0.002540897112339735, 0.014565369114279747, 0.9557164311408997, 0.027177289128303528]",high,0.9876344799995422,16.949999999269494,0.9805372953414917,"[0.0023205692414194345, 0.0029477542266249657, 0.9876344799995422, 0.007097190711647272]",high,0.9557168483734131,19.72680000017135,0.9285398721694946,"[0.0025408815126866102, 0.014565285295248032, 0.9557168483734131, 0.0271769892424345]",high,0.9876344799995422,20.83370000036666,0.9805373549461365,"[0.0023206023033708334, 0.0029477840289473534, 0.9876344799995422, 0.007097129710018635]"
E:\RHNA\1Visual\NCKH\nckh2\products\fe\model\Dataset_Flood\high\Flooded-Home-Car.jpg,high,2,medium,0.597099781036377,29.03409999998985,0.2568414509296417,"[0.05600002408027649, 0.597099781036377, 0.34025833010673523, 0.006641832645982504]",high,0.7747358083724976,33.97490000043035,0.5606513619422913,"[0.00990695133805275, 0.2140844464302063, 0.7747358083724976, 0.0012727797729894519]",medium,0.5971003770828247,12.979900000573252,0.25684261322021484,"[0.05600006505846977, 0.5971003770828247, 0.34025776386260986, 0.006641810759902]",high,0.7747352123260498,15.114599999833445,0.560650110244751,"[0.009906920604407787, 0.21408508718013763, 0.7747352123260498, 0.001272770343348384]",medium,0.5971006155014038,28.075600000192935,0.25684306025505066,"[0.05600003898143768, 0.5971006155014038, 0.34025755524635315, 0.006641825661063194]",high,0.774735689163208,62.27820000003703,0.5606508851051331,"[0.009906841441988945, 0.21408478915691376, 0.774735689163208, 0.0012727297144010663]"
E:\RHNA\1Visual\NCKH\nckh2\products\fe\model\Dataset_Flood\high\img.webp,high,2,medium,0.562434732913971,40.971499999614025,0.2955380380153656,"[0.16525419056415558, 0.562434732913971, 0.26689669489860535, 0.00541435182094574]",high,0.8158453106880188,35.8646000004228,0.7103039622306824,"[0.05435004457831383, 0.10554132610559464, 0.8158453106880188, 0.02426331490278244]",medium,0.5624350309371948,15.108999999938533,0.2955390512943268,"[0.165254607796669, 0.5624350309371948, 0.26689597964286804, 0.0054144118912518024]",high,0.8158432245254517,18.093300000145973,0.7103012204170227,"[0.05435127019882202, 0.10554201900959015, 0.8158432245254517, 0.0242634080350399]",medium,0.5624359250068665,48.35619999994378,0.29553931951522827,"[0.1652531772851944, 0.5624359250068665, 0.2668966054916382, 0.005414322018623352]",high,0.815848171710968,51.6524999993635,0.7103086709976196,"[0.05434950813651085, 0.10553953051567078, 0.815848171710968, 0.024262813851237297]"
E:\RHNA\1Visual\NCKH\nckh2\products\fe\model\Dataset_Flood\high\flood_157.jpg,high,2,high,0.5283073782920837,27.74330000011105,0.14084750413894653,"[0.07733894884586334, 0.3874598741531372, 0.5283073782920837, 0.006893815007060766]",high,0.5236401557922363,20.98929999920074,0.1035315990447998,"[0.0551656112074852, 0.4201085567474365, 0.5236401557922363, 0.0010857474990189075]",high,0.5283076763153076,9.392099999786296,0.14084801077842712,"[0.0773388221859932, 0.3874596655368805, 0.5283076763153076, 0.006893795914947987]",high,0.5236412286758423,15.659800000321411,0.10353374481201172,"[0.0551656074821949, 0.42010748386383057, 0.5236412286758423, 0.001085733762010932]",high,0.5283075571060181,21.251000000120257,0.1408478319644928,"[0.07733894884586334, 0.38745972514152527, 0.5283075571060181, 0.006893826648592949]",high,0.5236432552337646,25.98480000051495,0.10353636741638184,"[0.05516410619020462, 0.4201068878173828, 0.5236432552337646, 0.0010857244487851858]"
E:\RHNA\1Visual\NCKH\nckh2\products\fe\model\Dataset_Flood\high\images (10).jpg,high,2,high,0.7433528900146484,52.238799999940966,0.6199122071266174,"[0.039390698075294495, 0.123440682888031, 0.7433528900146484, 0.09381566941738129]",high,0.9256707429885864,51.2789000003977,0.8848546743392944,"[0.013596133328974247, 0.019917048513889313, 0.9256707429885864, 0.0408160462975502]",high,0.7433537244796753,19.320100000186358,0.6199133992195129,"[0.039390575140714645, 0.12344030290842056, 0.7433537244796753, 0.0938154011964798]",high,0.9256709814071655,25.073800000427582,0.8848550319671631,"[0.013596104457974434, 0.019917011260986328, 0.9256709814071655, 0.04081596061587334]",high,0.743353545665741,49.075799999627634,0.6199131011962891,"[0.039390578866004944, 0.1234404593706131, 0.743353545665741, 0.09381541609764099]",high,0.9256712794303894,67.60620000022755,0.8848555684089661,"[0.01359616033732891, 0.01991683430969715, 0.9256712794303894, 0.04081569239497185]"
E:\RHNA\1Visual\NCKH\nckh2\products\fe\model\Dataset_Flood\high\OIP (32).webp,high,2,high,0.4463285803794861,28.413699999873643,0.0967332124710083,"[0.20093123614788055, 0.3495953679084778, 0.4463285803794861, 0.00314484816044569]",low,0.6783665418624878,18.595399999867368,0.410014271736145,"[0.6783665418624878, 0.051286112517118454, 0.2683522701263428, 0.00199508061632514]",high,0.44632819294929504,9.358899999824644,0.09673306345939636,"[0.2009318768978119, 0.3495951294898987, 0.44632819294929504, 0.003144875168800354]",low,0.6783621907234192,15.154400000028545,0.4100058376789093,"[0.6783621907234192, 0.05128638446331024, 0.2683563530445099, 0.0019950754940509796]",high,0.44632866978645325,26.172300000325777,0.09673315286636353,"[0.20093098282814026, 0.3495955169200897, 0.44632866978645325, 0.0031448560766875744]",low,0.67836594581604,37.77009999976144,0.41001272201538086,"[0.67836594581604, 0.051285792142152786, 0.2683532238006592, 0.001995057100430131]"
E:\RHNA\1Visual\NCKH\nckh2\products\fe\model\Dataset_Flood\high\flood_177.jpg,high,2,high,0.7103769183158875,30.09939999992639,0.5065015554428101,"[0.07916895300149918, 0.203875333070755, 0.7103769183158875, 0.006578783970326185]",medium,0.6057274341583252,31.691099999989092,0.3125731647014618,"[0.2931542694568634, 0.6057274341583252, 0.10069762170314789, 0.00042060608393512666]",high,0.7103773951530457,17.180699999698845,0.5065024495124817,"[0.07916885614395142, 0.20387493073940277, 0.7103773951530457, 0.006578776054084301]",medium,0.6057274341583252,19.595799999478913,0.3125728964805603,"[0.2931545376777649, 0.6057274341583252, 0.10069733113050461, 0.000420604512328282]",high,0.7103771567344666,30.602099999669008,0.5065020322799683,"[0.07916892319917679, 0.2038751095533371, 0.7103771567344666, 0.00657876068726182]",medium,0.6057252287864685,31.644499999856635,0.31256967782974243,"[0.2931555509567261, 0.6057252287864685, 0.10069862753152847, 0.00042058972758241]"
E:\RHNA\1Visual\NCKH\nckh2\products\fe\model\Dataset_Flood\high\57273245822796747825365592763479213825731927n-17618117613511361637837.webp,high,2,high,0.8752519488334656,25.811399999838613,0.786300539970398,"[0.006430605426430702, 0.08895138651132584, 0.8752519488334656, 0.02936607412993908]",high,0.9852761626243591,38.54319999936706,0.9784965515136719,"[0.0012287870049476624, 0.0067155081778764725, 0.9852761626243591, 0.006779583636671305]",high,0.875251829624176,18.27339999999822,0.7863003611564636,"[0.0064305951818823814, 0.0889514610171318, 0.875251829624176, 0.02936609275639057]",high,0.9852761030197144,29.77279999959137,0.9784965515136719,"[0.001228785840794444, 0.0067155142314732075, 0.9852761030197144, 0.006779554300010204]",high,0.875252366065979,15.956899999764573,0.7863011360168457,"[0.006430568639189005, 0.0889512151479721, 0.875252366065979, 0.029365813359618187]",high,0.9852761030197144,17.66900000075111,0.9784965515136719,"[0.0012287846766412258, 0.0067155323922634125, 0.9852761030197144, 0.006779553834348917]"
E:\RHNA\1Visual\NCKH\nckh2\products\fe\model\Dataset_Flood\high\img39.jpg,high,2,high,0.9692409634590149,27.362400000129128,0.9464733004570007,"[0.004529053810983896, 0.02276763506233692, 0.9692409634590149, 0.0034623760730028152]",high,0.9582099914550781,27.32919999925798,0.9385198354721069,"[0.016490451991558075, 0.019690126180648804, 0.9582099914550781, 0.005609507672488689]",high,0.9692409634590149,13.36749999973108,0.9464733600616455,"[0.004529062658548355, 0.022767623886466026, 0.9692409634590149, 0.0034623858518898487]",high,0.9582095146179199,23.536199999398377,0.938519299030304,"[0.016490686684846878, 0.019690223038196564, 0.9582095146179199, 0.005609552841633558]",high,0.9692408442497253,26.178000000072643,0.9464731812477112,"[0.00452908081933856, 0.022767677903175354, 0.9692408442497253, 0.0034624100662767887]",high,0.9582101106643677,34.380500000224856,0.9385202527046204,"[0.016490546986460686, 0.01968987099826336, 0.9582101106643677, 0.00560947647318244]"
E:\RHNA\1Visual\NCKH\nckh2\products\fe\model\Dataset_Flood\high\img100.webp,high,2,high,0.766671895980835,40.2607000005446,0.5964915156364441,"[0.03930911421775818, 0.17018036544322968, 0.766671895980835, 0.023838557302951813]",high,0.8745059967041016,37.8606000003856,0.7592937350273132,"[0.009634081274271011, 0.11521224677562714, 0.8745059967041016, 0.0006476910202763975]",high,0.7666716575622559,13.71599999947648,0.5964910984039307,"[0.0393090657889843, 0.170180544257164, 0.7666716575622559, 0.02383863925933838]",high,0.8745064735412598,16.751699999986158,0.7592947483062744,"[0.00963413156569004, 0.11521171033382416, 0.8745064735412598, 0.0006476886337623]",high,0.7666722536087036,30.452199999672303,0.596491813659668,"[0.03930886462330818, 0.17018042504787445, 0.7666722536087036, 0.023838510736823082]",high,0.8745071887969971,32.04809999988356,0.7592960000038147,"[0.009633908979594707, 0.11521118879318237, 0.8745071887969971, 0.0006476823473349214]"
E:\RHNA\1Visual\NCKH\nckh2\products\fe\model\Dataset_Flood\high\3f5d93177388049.Y3JvcCwyMjE5LDE3MzYsMTkyLDA.jpg,high,2,high,0.9637334942817688,35.27169999961188,0.9292255640029907,"[0.0012113481061533093, 0.03450791537761688, 0.9637334942817688, 0.0005472516058944166]",high,0.9990633130073547,45.71380000015779,0.9981968998908997,"[4.101993181393482e-05, 0.0008663863991387188, 0.9990633130073547, 2.924860018538311e-05]",high,0.9637336134910583,16.768299999966985,0.929225742816925,"[0.0012113482225686312, 0.0345078781247139, 0.9637336134910583, 0.0005472503835335374]",high,0.9990633130073547,25.77839999958087,0.9981968998908997,"[4.1020361095434055e-05, 0.0008663897169753909, 0.9990633130073547, 2.9248572900542058e-05]",high,0.9637336134910583,26.28499999991618,0.9292258024215698,"[0.0012113495031371713, 0.03450780734419823, 0.9637336134910583, 0.0005472547491081059]",high,0.9990634322166443,22.57279999957973,0.9981970191001892,"[4.102064485778101e-05, 0.0008663893677294254, 0.9990634322166443, 2.9248660212033428e-05]"
E:\RHNA\1Visual\NCKH\nckh2\products\fe\model\Dataset_Flood\high\OIP (27).webp,high,2,medium,0.6339563727378845,32.886900000448804,0.34766048192977905,"[0.07584451138973236, 0.6339563727378845, 0.28629589080810547, 0.0039033270440995693]",high,0.7411717176437378,42.858899999373534,0.49862730503082275,"[0.016000909730792046, 0.24254441261291504, 0.7411717176437378, 0.0002830127195920795]",medium,0.633956253528595,19.4260000007489,0.34766000509262085,"[0.0758441686630249, 0.633956253528595, 0.2862962484359741, 0.003903326578438282]",high,0.7411700487136841,32.26950000043871,0.4986240267753601,"[0.0160009004175663, 0.24254600703716278, 0.7411700487136841, 0.0002830084122251719]",medium,0.6339566707611084,39.271499999813386,0.3476610481739044,"[0.07584439963102341, 0.6339566707611084, 0.286295622587204, 0.0039033254142850637]",high,0.7411686182022095,34.62479999961943,0.49862128496170044,"[0.016001010313630104, 0.24254734814167023, 0.7411686182022095, 0.0002830115263350308]"
E:\RHNA\1Visual\NCKH\nckh2\products\fe\model\Dataset_Flood\high\kerala-floods-maruti-swift-submerged-in-water-33a9.jpg,high,2,high,0.7651965618133545,28.32459999990533,0.5566973090171814,"[0.017406858503818512, 0.2084992378950119, 0.7651965618133545, 0.008897356688976288]",high,0.4843175709247589,20.776500000465603,0.02040138840675354,"[0.015194157138466835, 0.46391618251800537, 0.4843175709247589, 0.036572083830833435]",high,0.7651967406272888,12.877299999672687,0.5566977262496948,"[0.01740686222910881, 0.2084989845752716, 0.7651967406272888, 0.00889738742262125]",high,0.48431649804115295,15.846600000259059,0.02039891481399536,"[0.01519404724240303, 0.4639175832271576, 0.48431649804115295, 0.036571916192770004]",high,0.7651959657669067,23.151400000642752,0.5566962957382202,"[0.01740698702633381, 0.2084996998310089, 0.7651959657669067, 0.008897405117750168]",high,0.4843137264251709,22.176200000103563,0.020395487546920776,"[0.01519494503736496, 0.4639182388782501, 0.4843137264251709, 0.03657311201095581]"
E:\RHNA\1Visual\NCKH\nckh2\products\fe\model\Dataset_Flood\high\OIP (31).webp,high,2,medium,0.529761016368866,39.00640000028943,0.15543094277381897,"[0.0914013683795929, 0.529761016368866, 0.374330073595047, 0.004507479257881641]",high,0.6872216463088989,32.09040000001551,0.48795145750045776,"[0.06400297582149506, 0.19927020370960236, 0.6872216463088989, 0.04950524494051933]",medium,0.5297613739967346,9.997399999519985,0.15543100237846375,"[0.09140085428953171, 0.5297613739967346, 0.3743303716182709, 0.004507454577833414]",high,0.6872208118438721,16.520900000614347,0.48794975876808167,"[0.06400316953659058, 0.1992710530757904, 0.6872208118438721, 0.049504995346069336]",medium,0.529761791229248,28.58509999987291,0.15543270111083984,"[0.09140170365571976, 0.529761791229248, 0.3743290901184082, 0.004507494159042835]",high,0.6872240900993347,32.32709999974759,0.487951397895813,"[0.06400032341480255, 0.19927267730236053, 0.6872240900993347, 0.04950283095240593]"
E:\RHNA\1Visual\NCKH\nckh2\products\fe\model\Dataset_Flood\high\img38.jpg,high,2,medium,0.8281716704368591,30.67819999978383,0.6836376190185547,"[0.026146797463297844, 0.8281716704368591, 0.14453408122062683, 0.0011473946506157517]",medium,0.9721769690513611,27.30950000022858,0.9554311633110046,"[0.010301927104592323, 0.9721769690513611, 0.016745800152420998, 0.0007753121317364275]",medium,0.8281716704368591,15.058099999805563,0.6836376190185547,"[0.02614687569439411, 0.8281716704368591, 0.14453402161598206, 0.0011473962804302573]",medium,0.9721774458885193,26.58030000020517,0.9554319977760315,"[0.01030186377465725, 0.9721774458885193, 0.01674545742571354, 0.0007753117824904621]",medium,0.8281716108322144,25.10100000017701,0.6836373805999756,"[0.026146836578845978, 0.8281716108322144, 0.14453421533107758, 0.001147403847426176]",medium,0.972176730632782,22.357899999406072,0.9554309844970703,"[0.010302186012268066, 0.972176730632782, 0.01674572192132473, 0.000775333319325]"
E:\RHNA\1Visual\NCKH\nckh2\products\fe\model\Dataset_Flood\high\texas14n_7_web_adya.jpg,high,2,high,0.6689226031303406,28.480400000262307,0.3947924077510834,"[0.042872555553913116, 0.2741301953792572, 0.6689226031303406, 0.014074576087296009]",high,0.5148952007293701,24.97060000041529,0.17228591442108154,"[0.13567407429218292, 0.3426092863082886, 0.5148952007293701, 0.006821418646723032]",high,0.6689222455024719,9.13459999992483,0.39479172229766846,"[0.04287261143326759, 0.27413052320480347, 0.6689222455024719, 0.014074631966650486]",high,0.5148952007293701,15.277800000149,0.17228567600250244,"[0.1356738954782486, 0.3426095247268677, 0.5148952007293701, 0.006821298040449619]",high,0.6689215302467346,20.437500000298314,0.39479053020477295,"[0.042872779071331024, 0.27413100004196167, 0.6689215302467346, 0.014074679464101791]",high,0.5149038434028625,24.16929999981221,0.17230293154716492,"[0.13567380607128143, 0.34260091185569763, 0.5149038434028625, 0.006821431219577789]"
E:\RHNA\1Visual\NCKH\nckh2\products\fe\model\Dataset_Flood\high\img23.jpg,high,2,medium,0.8849034905433655,31.8303999993077,0.7886184453964233,"[0.016579126939177513, 0.8849034905433655, 0.09628506004810333, 0.0022323604207485914]",medium,0.9553906321525574,29.94829999988724,0.9249633550643921,"[0.012554971501231194, 0.9553906321525574, 0.030427290126681328, 0.0016271196072921157]",medium,0.8849033713340759,11.195999999472406,0.7886181473731995,"[0.016579026356339455, 0.8849033713340759, 0.09628523141145706, 0.0022323601879179478]",medium,0.9553907513618469,17.208100000061677,0.9249637126922607,"[0.012555014342069626, 0.9553907513618469, 0.03042704425752163, 0.0016270856140181422]",medium,0.8849038481712341,25.30899999965186,0.7886191606521606,"[0.016579100862145424, 0.8849038481712341, 0.09628468006849289, 0.0022323615849018097]",medium,0.9553906321525574,31.145399999331858,0.9249634146690369,"[0.01255506556481123, 0.9553906321525574, 0.030427243560552597, 0.001627094577997923]"
E:\RHNA\1Visual\NCKH\nckh2\products\fe\model\Dataset_Flood\high\img56.jpg,high,2,high,0.7277392745018005,30.11530000003404,0.5708169937133789,"[0.04984287917613983, 0.15692229568958282, 0.7277392745018005, 0.0654955506324768]",high,0.9530330896377563,18.898799999988114,0.9102317690849304,"[0.001660052454099059, 0.042801324278116226, 0.9530330896377563, 0.002505491953343153]",high,0.7277401685714722,9.539200000290293,0.5708181262016296,"[0.049842607229948044, 0.15692202746868134, 0.7277401685714722, 0.06549517810344696]",high,0.9530330896377563,17.72309999978461,0.9102317690849304,"[0.0016600430244579911, 0.04280134662985802, 0.9530330896377563, 0.002505470532923937]",high,0.7277396321296692,21.74139999988256,0.5708175301551819,"[0.04984279349446297, 0.1569221168756485, 0.7277396321296692, 0.06549543887376785]",high,0.9530333280563354,23.396999999931722,0.9102322459220886,"[0.0016600338276475668, 0.04280110448598862, 0.9530333280563354, 0.002505489392206073]"
E:\RHNA\1Visual\NCKH\nckh2\products\fe\model\Dataset_Flood\high\img88.webp,high,2,high,0.7482188940048218,21.007400000598864,0.5411804914474487,"[0.04415765404701233, 0.20703840255737305, 0.7482188940048218, 0.0005851134774275124]",high,0.8740718960762024,20.753899999363057,0.7569079995155334,"[0.008742352947592735, 0.11716387420892715, 0.8740718960762024, 2.1863739675609395e-05]",high,0.7482188940048218,10.261099999297585,0.5411806106567383,"[0.044157736003398895, 0.2070382982492447, 0.7482188940048218, 0.0005851159803569317]",high,0.8740721940994263,24.938399999882677,0.7569085955619812,"[0.008742371574044228, 0.11716359108686447, 0.8740721940994263, 2.1863641450181603e-05]",high,0.7482191324234009,25.5765000001702,0.5411809682846069,"[0.044157613068819046, 0.20703816413879395, 0.7482191324234009, 0.0005851172609254718]",high,0.8740702867507935,23.557900000014342,0.7569048404693604,"[0.008742320351302624, 0.1171654686331749, 0.8740702867507935, 2.18632812902797e-05]"
E:\RHNA\1Visual\NCKH\nckh2\products\fe\model\Dataset_Flood\high\anh-13-cuu-cu-gia-1-1500-1017-124.jpg,high,2,high,0.6453015804290771,27.657199999339355,0.38103756308555603,"[0.05030214414000511, 0.2642640173435211, 0.6453015804290771, 0.04013225808739662]",high,0.8149774074554443,27.679499999976542,0.6717533469200134,"[0.03581720590591431, 0.14322404563426971, 0.8149774074554443, 0.005981284659355879]",high,0.6453016996383667,15.077600000040547,0.38103753328323364,"[0.050302065908908844, 0.26426416635513306, 0.6453016996383667, 0.0401320718228817]",high,0.8149787187576294,26.094300000295334,0.6717557907104492,"[0.03581712767481804, 0.14322291314601898, 0.8149787187576294, 0.005981225986033678]",high,0.6453020572662354,25.077199999941513,0.38103801012039185,"[0.050301820039749146, 0.2642640471458435, 0.6453020572662354, 0.04013200104236603]",high,0.81498122215271,26.303999999981897,0.671760082244873,"[0.035816509276628494, 0.14322112500667572, 0.81498122215271, 0.005981167312711477]"
E:\RHNA\1Visual\NCKH\nckh2\products\fe\model\Dataset_Flood\high\flood_4762.jpg,high,2,high,0.6078530550003052,26.561499999843363,0.3741018772125244,"[0.15552572906017303, 0.23375117778778076, 0.6078530550003052, 0.0028700940310955048]",high,0.9200620651245117,29.720800000177405,0.8492823839187622,"[0.07077966630458832, 0.008732035756111145, 0.9200620651245117, 0.00042622341425158083]",high,0.607853353023529,12.528499999461928,0.3741024136543274,"[0.15552553534507751, 0.23375093936920166, 0.607853353023529, 0.0028701184783130884]",high,0.9200617671012878,17.276099999435246,0.8492817878723145,"[0.0707799643278122, 0.00873210746794939, 0.9200617671012878, 0.00042622085311450064]",high,0.6078531742095947,18.929199999547563,0.37410223484039307,"[0.15552577376365662, 0.23375092446804047, 0.6078531742095947, 0.0028701038099825382]",high,0.9200617671012878,20.639700000174344,0.8492817878723145,"[0.07078000903129578, 0.008732011541724205, 0.9200617671012878, 0.00042621453758329153]"
E:\RHNA\1Visual\NCKH\nckh2\products\fe\model\Dataset_Flood\high\img28.jpg,high,2,high,0.6450117826461792,29.478399999788962,0.3242056965827942,"[0.03076699934899807, 0.320806086063385, 0.6450117826461792, 0.003415046725422144]",high,0.9779911041259766,30.735299999832932,0.957288920879364,"[0.0009728380246087909, 0.020702185109257698, 0.9779911041259766, 0.00033388857264071703]",high,0.6450119018554688,11.68130000041856,0.32420575618743896,"[0.03076694719493389, 0.3208061456680298, 0.6450119018554688, 0.003415040671825409]",high,0.9779911041259766,21.743199999946228,0.9572888612747192,"[0.0009728366858325899, 0.020702224224805832, 0.9779911041259766, 0.0003338863025419414]",high,0.6450105905532837,19.904099999621394,0.32420337200164795,"[0.03076714091002941, 0.32080721855163574, 0.6450105905532837, 0.0034150583669543266]",high,0.9779912233352661,19.834199999422708,0.9572890996932983,"[0.0009728368022479117, 0.020702101290225983, 0.9779912233352661, 0.00033388857264071703]"
E:\RHNA\1Visual\NCKH\nckh2\products\fe\model\Dataset_Flood\high\anh-nha-dan-ngap-den-noc-tai-tan-ky-1759228506727711366464.webp,high,2,high,0.5175657868385315,26.127199999791628,0.09476175904273987,"[0.05385109409689903, 0.4228040277957916, 0.5175657868385315, 0.005779052618891001]",high,0.560657799243927,33.43080000013288,0.12527012825012207,"[0.000801650807261467, 0.43538767099380493, 0.560657799243927, 0.0031529362313449383]",high,0.5175663232803345,22.723999999470834,0.09476268291473389,"[0.05385099723935127, 0.4228036403656006, 0.5175663232803345, 0.005779055878520012]",high,0.5606560707092285,35.22339999926771,0.12526673078536987,"[0.0008016544743441045, 0.43538933992385864, 0.5606560707092285, 0.003152957884594798]",high,0.5175663828849792,25.812500000029104,0.09476259350776672,"[0.05385080724954605, 0.4228037893772125, 0.5175663828849792, 0.005779006984084845]",high,0.5606642365455627,31.71290000045701,0.12528297305107117,"[0.0008016345091164112, 0.4353812634944916, 0.5606642365455627, 0.003152897348627448]"
E:\RHNA\1Visual\NCKH\nckh2\products\fe\model\Dataset_Flood\high\img53.png,high,2,medium,0.8399792313575745,38.09129999990546,0.6962020993232727,"[0.015724100172519684, 0.8399792313575745, 0.14377711713314056, 0.0005195166449993849]",medium,0.9484268426895142,41.070899999795074,0.8980216383934021,"[0.0010519599309191108, 0.9484268426895142, 0.050405215471982956, 0.00011597760021686554]",medium,0.8399787545204163,20.989900000131456,0.6962012052536011,"[0.015724215656518936, 0.8399787545204163, 0.14377754926681519, 0.0005195190315134823]",medium,0.9484261274337769,31.844099999943865,0.8980201482772827,"[0.0010519531788304448, 0.9484261274337769, 0.050405971705913544, 0.0001159770690719597]",medium,0.8399790525436401,27.439099999355676,0.6962018013000488,"[0.01572412997484207, 0.8399790525436401, 0.1437772810459137, 0.0005195182166062295]",medium,0.9484281539916992,30.878100000336417,0.8980242609977722,"[0.0010519231436774135, 0.9484281539916992, 0.050403907895088196, 0.00011597200500546023]"
E:\RHNA\1Visual\NCKH\nckh2\products\fe\model\Dataset_Flood\high\OIP (21).webp,high,2,high,0.5229454636573792,42.70090000045457,0.17574474215507507,"[0.1276388168334961, 0.3472007215023041, 0.5229454636573792, 0.00221507390961051]",high,0.8707753419876099,47.6754000001165,0.8091164231300354,"[0.05446171015501022, 0.06165893003344536, 0.8707753419876099, 0.013104082085192204]",high,0.5229458808898926,18.366900000728492,0.17574551701545715,"[0.12763874232769012, 0.3472003638744354, 0.5229458808898926, 0.0022150895092636347]",high,0.8707758784294128,59.45930000052613,0.8091170787811279,"[0.05446138232946396, 0.06165880709886551, 0.8707758784294128, 0.01310395821928978]",high,0.5229442119598389,74.38860000002023,0.17574304342269897,"[0.12763959169387817, 0.3472011685371399, 0.5229442119598389, 0.002215092536062002]",high,0.8707776665687561,67.74349999977858,0.809119462966919,"[0.05446033924818039, 0.06165819615125656, 0.8707776665687561, 0.013103735633194447]"
E:\RHNA\1Visual\NCKH\nckh2\products\fe\model\Dataset_Flood\high\images (1).jpg,high,2,high,0.5497957468032837,46.942800000579155,0.34799182415008545,"[0.20180390775203705, 0.19012708961963654, 0.5497957468032837, 0.058273229748010635]",high,0.96574467420578,29.692099999920174,0.9372105598449707,"[0.004963247571140528, 0.028534142300486565, 0.96574467420578, 0.0007578679942525923]",high,0.5497961640357971,9.288399999604735,0.34799250960350037,"[0.20180365443229675, 0.19012703001499176, 0.5497961640357971, 0.058273203670978546]",high,0.9657445549964905,24.850400000104855,0.9372102618217468,"[0.004963263403624296, 0.0285343024879694, 0.9657445549964905, 0.0007578765507787466]",high,0.5497952103614807,26.905700000497745,0.3479909300804138,"[0.2018042802810669, 0.19012707471847534, 0.5497952103614807, 0.05827348679304123]",high,0.9657450318336487,54.33730000004289,0.9372111558914185,"[0.004963183309882879, 0.028533881530165672, 0.9657450318336487, 0.00075787294190377]"
E:\RHNA\1Visual\NCKH\nckh2\products\fe\model\Dataset_Flood\high\IMAGE_1655988793.webp,high,2,high,0.7048236727714539,20.5655999998271,0.4550026059150696,"[0.04391723871231079, 0.24982108175754547, 0.7048236727714539, 0.0014379244530573487]",high,0.9121736288070679,28.29490000021906,0.85788494348526,"[0.026686348021030426, 0.05428867042064667, 0.9121736288070679, 0.006851330865174532]",high,0.7048237919807434,10.794799999530369,0.4550028443336487,"[0.043917279690504074, 0.24982096254825592, 0.7048237919807434, 0.0014379281783476472]",high,0.9121734499931335,25.047099999937927,0.857884407043457,"[0.026686260476708412, 0.05428904667496681, 0.9121734499931335, 0.006851234473288059]",high,0.7048237323760986,32.4267999994845,0.45500272512435913,"[0.04391728341579437, 0.2498210072517395, 0.7048237323760986, 0.0014379313215613365]",high,0.9121743440628052,37.98000000006141,0.8578858375549316,"[0.026686031371355057, 0.05428849160671234, 0.9121743440628052, 0.006851104088127613]"
E:\RHNA\1Visual\NCKH\nckh2\products\fe\model\Dataset_Flood\high\img44.jpg,high,2,high,0.7085466384887695,34.52629999992496,0.485137939453125,"[0.018198629841208458, 0.049845945090055466, 0.7085466384887695, 0.22340871393680573]",high,0.9893540143966675,29.415899999548856,0.9825088977813721,"[0.0019550323486328125, 0.0018458550330251455, 0.9893540143966675, 0.006845144554972649]",high,0.7085472941398621,16.36030000008759,0.4851389229297638,"[0.018198542296886444, 0.04984588548541069, 0.7085472941398621, 0.22340837121009827]",high,0.9893540143966675,20.439099999748578,0.9825088977813721,"[0.001955040730535984, 0.0018458577105775476, 0.9893540143966675, 0.006845128256827593]",high,0.7085474133491516,36.85459999996965,0.48513907194137573,"[0.01819852739572525, 0.049845803529024124, 0.7085474133491516, 0.22340832650661469]",high,0.989354133605957,44.87710000012157,0.9825090169906616,"[0.001954989740625024, 0.001845806953497231, 0.989354133605957, 0.006845108699053526]"
E:\RHNA\1Visual\NCKH\nckh2\products\fe\model\Dataset_Flood\high\OIP (40).webp,high,2,low,0.49102982878685,35.897799999474955,0.28223419189453125,"[0.49102982878685, 0.20879562199115753, 0.18243315815925598, 0.11774139106273651]",high,0.38138285279273987,26.001600000199687,0.014556735754013062,"[0.19622477889060974, 0.3668261170387268, 0.38138285279273987, 0.05556625872850418]",low,0.4910290241241455,16.653900000164867,0.2822328209877014,"[0.4910290241241455, 0.2087962031364441, 0.18243378400802612, 0.11774105578660965]",high,0.38138121366500854,22.494900000310736,0.014555782079696655,"[0.1962265968322754, 0.3668254315853119, 0.38138121366500854, 0.055566687136888504]",low,0.4910293519496918,24.16969999922003,0.2822333872318268,"[0.4910293519496918, 0.208795964717865, 0.18243369460105896, 0.11774104833602905]",high,0.38138246536254883,52.460400000200025,0.014555484056472778,"[0.19622480869293213, 0.36682698130607605, 0.38138246536254883, 0.055565785616636276]"
E:\RHNA\1Visual\NCKH\nckh2\products\fe\model\Dataset_Flood\high\3683595427395733579929176168177302426969453n-17000618284281562116315-17001001010301837793450-1700105792646-1700105792799297207396.jpg,high,2,high,0.889273464679718,32.7835000007326,0.8041197061538696,"[0.006018088664859533, 0.08515375852584839, 0.889273464679718, 0.019554726779460907]",high,0.6887480616569519,28.399699999681616,0.43107664585113525,"[0.027694160118699074, 0.25767141580581665, 0.6887480616569519, 0.025886371731758118]",high,0.8892741799354553,16.629800000373507,0.8041210174560547,"[0.0060180481523275375, 0.08515313267707825, 0.8892741799354553, 0.019554629921913147]",high,0.6887455582618713,22.487899999759975,0.4310723841190338,"[0.027694638818502426, 0.2576731741428375, 0.6887455582618713, 0.025886647403240204]",high,0.8892741203308105,29.00339999996504,0.8041208982467651,"[0.006018026731908321, 0.08515321463346481, 0.8892741203308105, 0.0195546243339777]",high,0.6887577176094055,41.08170000017708,0.4310946762561798,"[0.027693504467606544, 0.2576630413532257, 0.6887577176094055, 0.02588578686118126]"
E:\RHNA\1Visual\NCKH\nckh2\products\fe\model\Dataset_Flood\high\OIP (39).webp,high,2,low,0.4402039349079132,45.83619999993971,0.17060917615890503,"[0.4402039349079132, 0.10359140485525131, 0.2695947587490082, 0.1866099089384079]",high,0.40080901980400085,22.812600000179373,0.11666446924209595,"[0.2841445505619049, 0.22157950699329376, 0.40080901980400085, 0.09346700459718704]",low,0.4402034282684326,14.760000000023865,0.1706085503101349,"[0.4402034282684326, 0.10359112918376923, 0.26959487795829773, 0.1866106241941452]",high,0.40081143379211426,31.829800000195974,0.11666858196258545,"[0.2841428518295288, 0.22157859802246094, 0.40081143379211426, 0.09346719086170197]",low,0.4402041733264923,55.29649999971298,0.17060977220535278,"[0.4402041733264923, 0.10359115898609161, 0.2695944011211395, 0.18661032617092133]",high,0.400812029838562,80.7862000001478,0.11666703224182129,"[0.2841449975967407, 0.22157695889472961, 0.400812029838562, 0.09346602857112885]"
E:\RHNA\1Visual\NCKH\nckh2\products\fe\model\Dataset_Flood\high\1790569740867_6460767276583596373_6460767276583596373_148fba99df2beb60bd9753db9b918adb.jpg,high,2,medium,0.5326124429702759,33.53629999946861,0.27613887190818787,"[0.256473571062088, 0.5326124429702759, 0.2015843689441681, 0.009329639375209808]",medium,0.46025335788726807,46.644199999718694,0.1931961476802826,"[0.2511359751224518, 0.46025335788726807, 0.2670572102069855, 0.02155343070626259]",medium,0.532611072063446,13.568700000178069,0.2761376202106476,"[0.25647345185279846, 0.532611072063446, 0.20158571004867554, 0.009329776279628277]",medium,0.46025335788726807,20.383699999911187,0.19319871068000793,"[0.2511385381221771, 0.46025335788726807, 0.26705464720726013, 0.021553482860326767]",medium,0.5326119065284729,41.24580000006972,0.2761387825012207,"[0.2564731240272522, 0.5326119065284729, 0.20158527791500092, 0.00932968221604824]",medium,0.4602431058883667,51.565399999162764,0.19318297505378723,"[0.2511424124240875, 0.4602431058883667, 0.26706013083457947, 0.021554283797740936]"
E:\RHNA\1Visual\NCKH\nckh2\products\fe\model\Dataset_Flood\high\flood_197.jpg,high,2,high,0.715091347694397,18.307399999685003,0.4453299939632416,"[0.014908659271895885, 0.2697613537311554, 0.715091347694397, 0.00023858413624111563]",high,0.6398593783378601,18.82759999989503,0.4320940375328064,"[0.20776532590389252, 0.10692141950130463, 0.6398593783378601, 0.04545397311449051]",high,0.7150917649269104,9.705499999654421,0.44533082842826843,"[0.01490867417305708, 0.26976093649864197, 0.7150917649269104, 0.00023858516942709684]",high,0.639859139919281,18.296299999747134,0.43209290504455566,"[0.20776623487472534, 0.10692112892866135, 0.639859139919281, 0.04545355588197708]",high,0.7150928378105164,27.450900000076217,0.4453328251838684,"[0.014908619225025177, 0.26976001262664795, 0.7150928378105164, 0.00023858554777689278]",high,0.6398593783378601,46.16189999978815,0.43209052085876465,"[0.20776885747909546, 0.10691792517900467, 0.6398593783378601, 0.04545391723513603]"
E:\RHNA\1Visual\NCKH\nckh2\products\fe\model\Dataset_Flood\high\image_043.jpg,high,2,medium,0.4737975299358368,30.361300000549818,0.037271469831466675,"[0.08479463309049606, 0.4737975299358368, 0.4365260601043701, 0.0048817964270710945]",high,0.47231972217559814,35.144100000252365,0.04266476631164551,"[0.09206058084964752, 0.42965495586395264, 0.47231972217559814, 0.005964735988527536]",medium,0.4737977385520935,14.919400000508176,0.037271738052368164,"[0.08479435741901398, 0.4737977385520935, 0.43652600049972534, 0.004881798289716244]",high,0.47232332825660706,16.216899999562884,0.042671531438827515,"[0.0920601636171341, 0.42965179681777954, 0.47232332825660706, 0.005964633543044329]",medium,0.47379881143569946,9.287799999583513,0.03727442026138306,"[0.08479494601488113, 0.47379881143569946, 0.4365243911743164, 0.00488180061802268]",high,0.47233694791793823,14.563499999894702,0.04269799590110779,"[0.09205932915210724, 0.42963895201683044, 0.47233694791793823, 0.0059647937305271626]"
E:\RHNA\1Visual\NCKH\nckh2\products\fe\model\Dataset_Flood\high\Song-Lo-Ngap-Lut.jpg,high,2,high,0.7222164869308472,25.61470000000554,0.5166149139404297,"[0.01877991296350956, 0.05340199172496796, 0.7222164869308472, 0.20560158789157867]",high,0.9899701476097107,25.073900000279536,0.9830409288406372,"[0.001385235576890409, 0.0017153150402009487, 0.9899701476097107, 0.006929236929863691]",high,0.7222170233726501,15.390800000204763,0.5166157484054565,"[0.018779810518026352, 0.053401775658130646, 0.7222170233726501, 0.205601304769516]",high,0.9899701476097107,27.2954000001846,0.9830408692359924,"[0.0013852481497451663, 0.0017153224907815456, 0.9899701476097107, 0.006929293274879456]",high,0.7222165465354919,43.94589999992604,0.5166144967079163,"[0.018779752776026726, 0.05340170860290527, 0.7222165465354919, 0.2056020349264145]",high,0.9899702668190002,49.9190999998973,0.9830410480499268,"[0.0013851901749148965, 0.0017152676591649652, 0.9899702668190002, 0.006929208058863878]"
E:\RHNA\1Visual\NCKH\nckh2\products\fe\model\Dataset_Flood\high\R (1).jpg,high,2,medium,0.7167142629623413,41.140899999845715,0.45216748118400574,"[0.017196951434016228, 0.7167142629623413, 0.26454678177833557, 0.0015419148840010166]",medium,0.6828736066818237,43.85530000035942,0.3686675727367401,"[0.0024581807665526867, 0.6828736066818237, 0.3142060339450836, 0.0004621115222107619]",medium,0.7167146801948547,13.239199999588891,0.4521683156490326,"[0.017197001725435257, 0.7167146801948547, 0.26454636454582214, 0.0015419276896864176]",medium,0.6828738451004028,18.4930000004897,0.36866798996925354,"[0.002458177972584963, 0.6828738451004028, 0.3142058551311493, 0.0004621066327672452]",medium,0.7167146801948547,23.68659999956435,0.45216822624206543,"[0.01719697006046772, 0.7167146801948547, 0.2645464539527893, 0.0015419150004163384]",medium,0.6828734874725342,24.733999999625667,0.36866721510887146,"[0.0024581202305853367, 0.6828734874725342, 0.3142062723636627, 0.0004621176340151578]"
E:\RHNA\1Visual\NCKH\nckh2\products\fe\model\Dataset_Flood\high\images (6).jpg,high,2,medium,0.4967042803764343,36.300499999924796,0.22561359405517578,"[0.21006815135478973, 0.4967042803764343, 0.27109068632125854, 0.022136814892292023]",high,0.5233074426651001,22.86129999993136,0.26941826939582825,"[0.21800915896892548, 0.25388917326927185, 0.5233074426651001, 0.004794291220605373]",medium,0.4967039227485657,8.801099999800499,0.22561365365982056,"[0.21006882190704346, 0.4967039227485657, 0.2710902690887451, 0.022137057036161423]",high,0.5233062505722046,15.096099999936996,0.2694164216518402,"[0.21800962090492249, 0.2538898289203644, 0.5233062505722046, 0.004794227425009012]",medium,0.4967038035392761,20.287399999688205,0.22561275959014893,"[0.2100682556629181, 0.4967038035392761, 0.2710910439491272, 0.022136835381388664]",high,0.5233194231987,21.638899999743444,0.2694352865219116,"[0.21800221502780914, 0.25388413667678833, 0.5233194231987, 0.0047942036762833595]"
E:\RHNA\1Visual\NCKH\nckh2\products\fe\model\Dataset_Flood\high\flood_4856.jpg,high,2,high,0.5528197288513184,45.36429999916436,0.27783381938934326,"[0.147796630859375, 0.2749859094619751, 0.5528197288513184, 0.02439776062965393]",high,0.7988942861557007,37.01139999975567,0.6977974772453308,"[0.07745977491140366, 0.10109680145978928, 0.7988942861557007, 0.02254912070930004]",high,0.5528199076652527,17.368900000292342,0.27783387899398804,"[0.14779622852802277, 0.27498602867126465, 0.5528199076652527, 0.024397781118750572]",high,0.7988951206207275,26.00540000003093,0.697798490524292,"[0.07745935767889023, 0.10109662264585495, 0.7988951206207275, 0.022548994049429893]",high,0.5528202056884766,8.325399999193905,0.27783435583114624,"[0.14779619872570038, 0.2749858498573303, 0.5528202056884766, 0.024397708475589752]",high,0.7988929748535156,8.952099999987695,0.6977946758270264,"[0.0774601474404335, 0.10109827667474747, 0.7988929748535156, 0.022548621520400047]"
E:\RHNA\1Visual\NCKH\nckh2\products\fe\model\Dataset_Flood\high\noise5.webp,high,2,high,0.9183108806610107,28.945199999725446,0.8732751607894897,"[0.005475865211337805, 0.0450357124209404, 0.9183108806610107, 0.03117763064801693]",high,0.8998419046401978,33.071799999561335,0.8185747265815735,"[0.00695743877440691, 0.011933444999158382, 0.8998419046401978, 0.08126719295978546]",high,0.9183110594749451,14.962399999603804,0.8732754588127136,"[0.005475837737321854, 0.045035604387521744, 0.9183110594749451, 0.031177464872598648]",high,0.8998423218727112,16.108599999824946,0.8185755014419556,"[0.006957408972084522, 0.011933445930480957, 0.8998423218727112, 0.0812668427824974]",high,0.9183111786842346,8.242899999459041,0.8732755184173584,"[0.005475836340337992, 0.04503564164042473, 0.9183111786842346, 0.03117739036679268]",high,0.8998443484306335,6.355700000312936,0.8185791969299316,"[0.006957175675779581, 0.01193332951515913, 0.8998443484306335, 0.08126513659954071]"
E:\RHNA\1Visual\NCKH\nckh2\products\fe\model\Dataset_Flood\high\images (5).jpg,high,2,medium,0.4761292636394501,31.68679999998858,0.16783708333969116,"[0.20054370164871216, 0.4761292636394501, 0.3082921802997589, 0.01503487303853035]",low,0.5116022825241089,33.855900000162364,0.26517176628112793,"[0.5116022825241089, 0.24097894132137299, 0.24643053114414215, 0.0009883285965770483]",medium,0.47612908482551575,16.173500000149943,0.16783657670021057,"[0.2005433887243271, 0.47612908482551575, 0.3082925081253052, 0.015034953132271767]",low,0.5116060972213745,38.79460000007384,0.2651776075363159,"[0.5116060972213745, 0.24097703397274017, 0.2464284747838974, 0.0009883373277261853]",medium,0.47612953186035156,61.49719999939407,0.16783687472343445,"[0.20054300129413605, 0.47612953186035156, 0.3082926571369171, 0.015034846030175686]",low,0.5115982294082642,33.160299999508425,0.2651626169681549,"[0.5115982294082642, 0.24097779393196106, 0.24643561244010925, 0.000988325453363359]"
E:\RHNA\1Visual\NCKH\nckh2\products\fe\model\Dataset_Flood\high\OIP (3).webp,high,2,high,0.9241359233856201,28.89580000010028,0.8804711699485779,"[0.006245905999094248, 0.02595343254506588, 0.9241359233856201, 0.04366477578878403]",high,0.9630377888679504,25.008200000229408,0.9373969435691833,"[0.004593081772327423, 0.006728295236825943, 0.9630377888679504, 0.02564082108438015]",high,0.9241355061531067,9.552800000165007,0.8804703950881958,"[0.006245926953852177, 0.0259535014629364, 0.9241355061531067, 0.0436650812625885]",high,0.9630377888679504,16.54529999996157,0.9373970031738281,"[0.00459310133010149, 0.006728288717567921, 0.9630377888679504, 0.02564079873263836]",high,0.9241364002227783,23.242999999638414,0.8804718852043152,"[0.006245842669159174, 0.025953296571969986, 0.9241364002227783, 0.04366450011730194]",high,0.9630385637283325,44.74030000073981,0.937398374080658,"[0.004593010526150465, 0.0067282491363584995, 0.9630385637283325, 0.02564016357064247]"
E:\RHNA\1Visual\NCKH\nckh2\products\fe\model\Dataset_Flood\non_flood\화면 캡처 2025-03-05 172713.jpg,non_flood,3,non_flood,0.7511900663375854,38.11200000018289,0.5157308578491211,"[0.23545919358730316, 0.011397606693208218, 0.0019531461875885725, 0.7511900663375854]",non_flood,0.8447151184082031,24.894600000152423,0.7009357810020447,"[0.14377933740615845, 0.005277412943542004, 0.006228163838386536, 0.8447151184082031]",non_flood,0.751192569732666,16.878800000085903,0.5157358050346375,"[0.23545677959918976, 0.01139749214053154, 0.001953132450580597, 0.751192569732666]",non_flood,0.8447149395942688,25.496100000054867,0.700935423374176,"[0.14377953112125397, 0.005277376621961594, 0.006228127051144838, 0.8447149395942688]",non_flood,0.7511892318725586,21.706300000005285,0.5157293081283569,"[0.23545993864536285, 0.011397691443562508, 0.0019531685393303633, 0.7511892318725586]",non_flood,0.8447158932685852,21.76919999965321,0.7009371519088745,"[0.1437787115573883, 0.005277304444462061, 0.006228134036064148, 0.8447158932685852]"
E:\RHNA\1Visual\NCKH\nckh2\products\fe\model\Dataset_Flood\non_flood\images (12)1.jpg,non_flood,3,non_flood,0.7843527793884277,28.09460000025865,0.5816057920455933,"[0.20274700224399567, 0.010947981849312782, 0.001952292863279581, 0.7843527793884277]",non_flood,0.7014825940132141,28.140299999904528,0.4180760085582733,"[0.2834065854549408, 0.012429659254848957, 0.002681206213310361, 0.7014825940132141]",non_flood,0.7843531370162964,19.02960000006715,0.5816066265106201,"[0.20274652540683746, 0.010947976261377335, 0.0019522937946021557, 0.7843531370162964]",non_flood,0.7014786005020142,33.925799999451556,0.41806820034980774,"[0.2834104001522064, 0.012429766356945038, 0.0026811999268829823, 0.7014786005020142]",non_flood,0.7843525409698486,90.59010000055423,0.5816054344177246,"[0.20274709165096283, 0.01094803586602211, 0.0019523054361343384, 0.7843525409698486]",non_flood,0.7014840841293335,84.02209999985644,0.41807880997657776,"[0.28340527415275574, 0.012429441325366497, 0.002681266749277711, 0.7014840841293335]"
E:\RHNA\1Visual\NCKH\nckh2\products\fe\model\Dataset_Flood\non_flood\1737619229_376_Nhieu-hem-o-TPHCM-dong-loat-khoac-ao-moi-ruc.jpg,non_flood,3,non_flood,0.9133425951004028,18.832900000234076,0.8583624362945557,"[0.027057137340307236, 0.05498015880584717, 0.004620111547410488, 0.9133425951004028]",non_flood,0.9769286513328552,20.458599999983562,0.9668682217597961,"[0.003238310106098652, 0.009772528894245625, 0.010060458444058895, 0.9769286513328552]",non_flood,0.9133428931236267,10.28039999982866,0.8583629131317139,"[0.027057021856307983, 0.05498000606894493, 0.004620106890797615, 0.9133428931236267]",non_flood,0.9769286513328552,16.038100000514532,0.9668682217597961,"[0.0032383378129452467, 0.009772575460374355, 0.010060434229671955, 0.9769286513328552]",non_flood,0.9133434295654297,27.008699999896635,0.8583637475967407,"[0.027056870982050896, 0.054979655891656876, 0.004620071966201067, 0.9133434295654297]",non_flood,0.9769291281700134,46.974500000033004,0.9668687582015991,"[0.003238207893446088, 0.009772268123924732, 0.010060392320156097, 0.9769291281700134]"
E:\RHNA\1Visual\NCKH\nckh2\products\fe\model\Dataset_Flood\non_flood\optimize.jpg,non_flood,3,non_flood,0.6556727886199951,29.841200000191748,0.40157681703567505,"[0.25409597158432007, 0.06592680513858795, 0.024304518476128578, 0.6556727886199951]",non_flood,0.9274053573608398,32.79679999923246,0.8719561100006104,"[0.05544925481081009, 0.014104929752647877, 0.0030404767021536827, 0.9274053573608398]",non_flood,0.6556736826896667,12.013200000183133,0.4015786945819855,"[0.2540949881076813, 0.06592670828104019, 0.0243045873939991, 0.6556736826896667]",non_flood,0.9274051785469055,19.27940000041417,0.8719558119773865,"[0.05544939264655113, 0.014104886911809444, 0.0030404527205973864, 0.9274051785469055]",non_flood,0.6556719541549683,26.578799999697367,0.4015756845474243,"[0.25409626960754395, 0.06592704355716705, 0.024304646998643875, 0.6556719541549683]",non_flood,0.9274061322212219,44.21860000002198,0.8719573020935059,"[0.05544884130358696, 0.014104585163295269, 0.003040457144379616, 0.9274061322212219]"
E:\RHNA\1Visual\NCKH\nckh2\products\fe\model\Dataset_Flood\non_flood\화면 캡처 2025-03-05 153248.jpg,non_flood,3,non_flood,0.7842771410942078,37.65000000021246,0.5786501169204712,"[0.20562699437141418, 0.0082056550309062, 0.001890141167677939, 0.7842771410942078]",non_flood,0.9555509686470032,36.197899999933725,0.9159234762191772,"[0.03962749242782593, 0.0022712410427629948, 0.0025503491051495075, 0.9555509686470032]",non_flood,0.7842787504196167,15.151999999943655,0.5786533355712891,"[0.20562542974948883, 0.008205671794712543, 0.0018901440780609846, 0.7842787504196167]",non_flood,0.955549955368042,24.133099999744445,0.9159215688705444,"[0.03962837532162666, 0.002271262463182211, 0.002550351433455944, 0.955549955368042]",non_flood,0.784277081489563,20.654300000387593,0.5786499977111816,"[0.20562705397605896, 0.008205722086131573, 0.001890147221274674, 0.784277081489563]",non_flood,0.9555523991584778,21.149299999706273,0.9159261584281921,"[0.03962622955441475, 0.002271101577207446, 0.002550197532400489, 0.9555523991584778]"
E:\RHNA\1Visual\NCKH\nckh2\products\fe\model\Dataset_Flood\non_flood\화면 캡처 2025-03-05 173857.jpg,non_flood,3,non_flood,0.8887723088264465,21.277600000757957,0.7897784113883972,"[0.09899391233921051, 0.011450037360191345, 0.000783795490860939, 0.8887723088264465]",non_flood,0.9486780762672424,24.228199999924982,0.9057983160018921,"[0.04287978634238243, 0.005312780849635601, 0.0031294047366827726, 0.9486780762672424]",non_flood,0.8887730240821838,11.86520000010205,0.789779782295227,"[0.0989932119846344, 0.011449969373643398, 0.0007837912417016923, 0.8887730240821838]",non_flood,0.9486768841743469,16.264300000329968,0.9057961702346802,"[0.042880717664957047, 0.005312943831086159, 0.003129493212327361, 0.9486768841743469]",non_flood,0.8887733221054077,19.825899999887042,0.7897803783416748,"[0.09899295121431351, 0.011449955403804779, 0.0007837896118871868, 0.8887733221054077]",non_flood,0.9486770033836365,18.124900000657362,0.9057963490486145,"[0.04288063943386078, 0.005312899127602577, 0.0031294545624405146, 0.9486770033836365]"
E:\RHNA\1Visual\NCKH\nckh2\products\fe\model\Dataset_Flood\non_flood\다운로드 (44).jpg,non_flood,3,non_flood,0.922444224357605,22.549500000422995,0.8705468773841858,"[0.05189736187458038, 0.016628241166472435, 0.00903022475540638, 0.922444224357605]",non_flood,0.9883307218551636,29.607899999973597,0.9819175601005554,"[0.006413177587091923, 0.0030748879071325064, 0.0021811809856444597, 0.9883307218551636]",non_flood,0.9224438071250916,14.619399999901361,0.8705463409423828,"[0.05189748480916023, 0.016628319397568703, 0.009030302986502647, 0.9224438071250916]",non_flood,0.9883308410644531,25.995400000283553,0.981917679309845,"[0.006413178518414497, 0.003074848558753729, 0.002181151183322072, 0.9883308410644531]",non_flood,0.9224438071250916,22.37180000065564,0.870546281337738,"[0.05189754441380501, 0.016628358513116837, 0.009030281566083431, 0.9224438071250916]",non_flood,0.9883310198783875,20.122300000366522,0.9819179773330688,"[0.0064130197279155254, 0.0030747978016734123, 0.002181154442951083, 0.9883310198783875]"
E:\RHNA\1Visual\NCKH\nckh2\products\fe\model\Dataset_Flood\non_flood\화면 캡처 2025-03-05 181559.jpg,non_flood,3,non_flood,0.8651231527328491,24.413000000095053,0.8127700686454773,"[0.033732324838638306, 0.05235306918621063, 0.04879145696759224, 0.8651231527328491]",non_flood,0.9394893050193787,28.735999999298656,0.9073380827903748,"[0.0014068752061575651, 0.026952600106596947, 0.032151225954294205, 0.9394893050193787]",non_flood,0.8651226162910461,12.803399999938847,0.8127692937850952,"[0.03373229503631592, 0.05235333368182182, 0.04879169538617134, 0.8651226162910461]",non_flood,0.9394885897636414,17.88399999986723,0.9073368906974792,"[0.0014068975578993559, 0.02695290744304657, 0.03215167298913002, 0.9394885897636414]",non_flood,0.8651229739189148,22.24610000030225,0.812769889831543,"[0.033732373267412186, 0.05235305801033974, 0.048791609704494476, 0.8651229739189148]",non_flood,0.939490556716919,24.321200000485987,0.9073402881622314,"[0.0014068703167140484, 0.02695232816040516, 0.0321502722799778, 0.939490556716919]"
E:\RHNA\1Visual\NCKH\nckh2\products\fe\model\Dataset_Flood\non_flood\화면 캡처 2025-03-05 153034.jpg,non_flood,3,non_flood,0.9697787165641785,27.858399999786343,0.9429018497467041,"[0.026876870542764664, 0.002549045253545046, 0.0007953355670906603, 0.9697787165641785]",non_flood,0.9932069182395935,30.134999999972933,0.9876205325126648,"[0.005586402490735054, 0.000600142520852387, 0.0006064826739020646, 0.9932069182395935]",non_flood,0.9697788953781128,13.302899999871443,0.9429022073745728,"[0.026876669377088547, 0.0025490312837064266, 0.0007953311433084309, 0.9697788953781128]",non_flood,0.9932069182395935,16.7818999998417,0.9876204133033752,"[0.005586490500718355, 0.0006001511355862021, 0.0006064941990189254, 0.9932069182395935]",non_flood,0.9697788953781128,22.429700000429875,0.9429022073745728,"[0.026876693591475487, 0.0025490422267466784, 0.0007953329477459192, 0.9697788953781128]",non_flood,0.9932070374488831,24.01370000006864,0.9876207709312439,"[0.005586238112300634, 0.0006001219153404236, 0.0006064717308618128, 0.9932070374488831]"
E:\RHNA\1Visual\NCKH\nckh2\products\fe\model\Dataset_Flood\non_flood\1789568749035_282700609501588260_7406490438318140161_f6b1db74c9d78f9d62ae6bb1bcc6557b.jpg,non_flood,3,non_flood,0.8864282965660095,22.383300000001327,0.8404688239097595,"[0.03271564841270447, 0.03489653393626213, 0.04595949500799179, 0.8864282965660095]",non_flood,0.9748144745826721,26.01810000032856,0.9611419439315796,"[0.0030666992533951998, 0.013672527857124805, 0.008446285501122475, 0.9748144745826721]",non_flood,0.8864282965660095,11.77339999958349,0.8404688835144043,"[0.03271563723683357, 0.03489651530981064, 0.04595943167805672, 0.8864282965660095]",non_flood,0.9748143553733826,25.05589999964286,0.9611417651176453,"[0.0030667108949273825, 0.013672598637640476, 0.008446336723864079, 0.9748143553733826]",non_flood,0.8864282965660095,20.05360000021028,0.8404687643051147,"[0.03271559998393059, 0.03489646688103676, 0.04595951363444328, 0.8864282965660095]",non_flood,0.9748135805130005,20.55220000056579,0.9611406326293945,"[0.003066797275096178, 0.013672971166670322, 0.008446578867733479, 0.9748135805130005]"
E:\RHNA\1Visual\NCKH\nckh2\products\fe\model\Dataset_Flood\non_flood\화면 캡처 2025-03-05 160330.jpg,non_flood,3,low,0.8345809578895569,26.078099999722326,0.7238965630531311,"[0.8345809578895569, 0.05160379782319069, 0.0031307993922382593, 0.11068437993526459]",low,0.9877579212188721,22.642099999757193,0.9812199473381042,"[0.9877579212188721, 0.005548267159610987, 0.00015591269766446203, 0.0065379454754292965]",low,0.8345790505409241,9.744700000737794,0.7238928079605103,"[0.8345790505409241, 0.05160384997725487, 0.0031308101024478674, 0.11068624258041382]",low,0.9877580404281616,22.34020000014425,0.9812201857566833,"[0.9877580404281616, 0.005548225715756416, 0.00015591151895932853, 0.006537871900945902]",low,0.8345801830291748,47.00849999971979,0.7238948345184326,"[0.8345801830291748, 0.05160374939441681, 0.0031307756435126066, 0.11068534106016159]",low,0.9877578020095825,79.8428000007334,0.9812197089195251,"[0.9877578020095825, 0.005548266693949699, 0.00015591968258377165, 0.006538065616041422]"
E:\RHNA\1Visual\NCKH\nckh2\products\fe\model\Dataset_Flood\non_flood\화면 캡처 2025-03-05 175602.jpg,non_flood,3,non_flood,0.9314690232276917,40.47869999976683,0.8747460842132568,"[0.05672292783856392, 0.0074501242488622665, 0.00435792189091444, 0.9314690232276917]",non_flood,0.9757566452026367,17.921699999533303,0.9600775241851807,"[0.01567912846803665, 0.005404253955930471, 0.0031600301153957844, 0.9757566452026367]",non_flood,0.9314687252044678,9.019400000397582,0.8747456669807434,"[0.056723084300756454, 0.007450157310813665, 0.004357960075139999, 0.9314687252044678]",non_flood,0.9757566452026367,16.290000000481086,0.9600775241851807,"[0.01567913591861725, 0.005404241383075714, 0.0031600301153957844, 0.9757566452026367]",non_flood,0.9314686059951782,49.89500000010594,0.8747453689575195,"[0.056723251938819885, 0.007450205739587545, 0.004357959609478712, 0.9314686059951782]",non_flood,0.9757567644119263,76.17170000048645,0.9600778222084045,"[0.01567895896732807, 0.005404164083302021, 0.003160064807161689, 0.9757567644119263]"
E:\RHNA\1Visual\NCKH\nckh2\products\fe\model\Dataset_Flood\non_flood\다운로드 (10) 3.jpg,non_flood,3,non_flood,0.8872310519218445,32.654200000251876,0.7924442291259766,"[0.09478684514760971, 0.01509079709649086, 0.0028913544956594706, 0.8872310519218445]",non_flood,0.9261770844459534,27.630900000076508,0.8831485509872437,"[0.04302852600812912, 0.014760890044271946, 0.01603356935083866, 0.9261770844459534]",non_flood,0.8872312307357788,11.827899999843794,0.7924445271492004,"[0.09478671103715897, 0.015090763568878174, 0.002891342621296644, 0.8872312307357788]",non_flood,0.9261767864227295,14.754999999240681,0.8831482529640198,"[0.043028511106967926, 0.014760990627110004, 0.016033710911870003, 0.9261767864227295]",non_flood,0.8872304558753967,21.30609999949229,0.7924432754516602,"[0.09478720277547836, 0.015090879052877426, 0.0028913714922964573, 0.8872304558753967]",non_flood,0.9261806607246399,37.21990000030928,0.8831542730331421,"[0.04302637651562691, 0.01476006768643856, 0.01603291928768158, 0.9261806607246399]"
E:\RHNA\1Visual\NCKH\nckh2\products\fe\model\Dataset_Flood\non_flood\화면 캡처 2025-03-05 175831.jpg,non_flood,3,non_flood,0.9766378402709961,37.071199999445525,0.9648928046226501,"[0.011745023541152477, 0.008525748737156391, 0.003091443097218871, 0.9766378402709961]",non_flood,0.859229326248169,23.97740000014892,0.7718725204467773,"[0.0873568132519722, 0.04685303941369057, 0.0065607973374426365, 0.859229326248169]",non_flood,0.9766378402709961,15.84039999943343,0.9648928046226501,"[0.011745023541152477, 0.008525773882865906, 0.003091454738751054, 0.9766378402709961]",non_flood,0.8592296838760376,22.47239999996964,0.7718731760978699,"[0.08735651522874832, 0.046853017061948776, 0.006560753099620342, 0.8592296838760376]",non_flood,0.976637601852417,22.538499999427586,0.9648925065994263,"[0.011745105497539043, 0.008525815792381763, 0.003091462654992938, 0.976637601852417]",non_flood,0.8592309355735779,24.9456999999893,0.7718751430511475,"[0.08735578507184982, 0.04685258865356445, 0.006560737732797861, 0.8592309355735779]"
E:\RHNA\1Visual\NCKH\nckh2\products\fe\model\Dataset_Flood\non_flood\화면 캡처 2025-03-05 175938.jpg,non_flood,3,non_flood,0.8898595571517944,45.12620000059542,0.8035362958908081,"[0.08632327616214752, 0.016294416040182114, 0.007522829342633486, 0.8898595571517944]",non_flood,0.9793457984924316,33.978899999965506,0.9653699398040771,"[0.013975880108773708, 0.0022588076535612345, 0.00441948464140296, 0.9793457984924316]",non_flood,0.8898600339889526,9.562299999743118,0.8035371899604797,"[0.08632282167673111, 0.016294345259666443, 0.007522836793214083, 0.8898600339889526]",non_flood,0.9793452024459839,15.592900000228838,0.965368926525116,"[0.013976304791867733, 0.0022588600404560566, 0.0044195703230798244, 0.9793452024459839]",non_flood,0.8898592591285706,19.463399999949615,0.8035358190536499,"[0.08632345497608185, 0.016294414177536964, 0.007522858213633299, 0.8898592591285706]",non_flood,0.979346513748169,26.77040000071429,0.9653711318969727,"[0.013975391164422035, 0.0022587175481021404, 0.004419367294758558, 0.979346513748169]"
E:\RHNA\1Visual\NCKH\nckh2\products\fe\model\Dataset_Flood\non_flood\화면 캡처 2025-03-05 174829.jpg,non_flood,3,non_flood,0.9630876183509827,40.05400000005466,0.9333492517471313,"[0.02973834238946438, 0.0060923220589756966, 0.001081726630218327, 0.9630876183509827]",non_flood,0.9833253622055054,24.11579999989044,0.973774254322052,"[0.009551101364195347, 0.006040962412953377, 0.0010825613280758262, 0.9833253622055054]",non_flood,0.9630875587463379,9.360099999867089,0.9333491325378418,"[0.029738420620560646, 0.006092359311878681, 0.0010817322181537747, 0.9630875587463379]",non_flood,0.9833253622055054,17.2629999997298,0.9737743139266968,"[0.00955106969922781, 0.006040982436388731, 0.001082547940313816, 0.9833253622055054]",non_flood,0.9630875587463379,56.627599999956146,0.9333491921424866,"[0.02973838523030281, 0.0060923355631530285, 0.0010817295406013727, 0.9630875587463379]",non_flood,0.9833254814147949,81.32529999966209,0.9737745523452759,"[0.0095509123057127, 0.006041012238711119, 0.0010825562058016658, 0.9833254814147949]"
E:\RHNA\1Visual\NCKH\nckh2\products\fe\model\Dataset_Flood\non_flood\화면 캡처 2025-03-05 155955.jpg,non_flood,3,low,0.8654224276542664,46.286099999633734,0.7748795747756958,"[0.8654224276542664, 0.03908240422606468, 0.004952298942953348, 0.09054285287857056]",non_flood,0.5423435568809509,19.892399999662302,0.11278802156448364,"[0.4295555353164673, 0.02264893241226673, 0.00545201450586319, 0.5423435568809509]",low,0.8654220104217529,13.220499999988533,0.7748786211013794,"[0.8654220104217529, 0.03908231109380722, 0.004952311050146818, 0.09054336696863174]",non_flood,0.542341947555542,19.092800000180432,0.11278495192527771,"[0.4295569956302643, 0.022649010643363, 0.005451971665024757, 0.542341947555542]",low,0.8654223680496216,25.833699999566306,0.7748796939849854,"[0.8654223680496216, 0.039082739502191544, 0.004952338989824057, 0.09054266661405563]",non_flood,0.5423460006713867,66.81530000059865,0.11279216408729553,"[0.4295538365840912, 0.02264818735420704, 0.00545200239866972, 0.5423460006713867]"
E:\RHNA\1Visual\NCKH\nckh2\products\fe\model\Dataset_Flood\non_flood\다운로드 (30) 3.jpg,non_flood,3,non_flood,0.8182610273361206,50.75759999999718,0.6807563304901123,"[0.1375046968460083, 0.030891552567481995, 0.01334273349493742, 0.8182610273361206]",non_flood,0.778351366519928,23.700799999460287,0.6004960536956787,"[0.17785534262657166, 0.012422381900250912, 0.031370922923088074, 0.778351366519928]",non_flood,0.818260908126831,13.267799999994168,0.680756151676178,"[0.13750477135181427, 0.030891502276062965, 0.013342763297259808, 0.818260908126831]",non_flood,0.7783505916595459,18.479399999705493,0.6004947423934937,"[0.17785581946372986, 0.012422369793057442, 0.03137127682566643, 0.7783505916595459]",non_flood,0.8182610273361206,48.167900000407826,0.6807563304901123,"[0.1375047266483307, 0.03089156001806259, 0.013342675752937794, 0.8182610273361206]",non_flood,0.778351902961731,61.99259999993956,0.6004969477653503,"[0.17785494029521942, 0.012422243133187294, 0.03137093409895897, 0.778351902961731]"
E:\RHNA\1Visual\NCKH\nckh2\products\fe\model\Dataset_Flood\non_flood\IMG_5052.jpg,non_flood,3,non_flood,0.4811800420284271,46.57219999990048,0.2152165174484253,"[0.23920227587223053, 0.26596352458000183, 0.013654147274792194, 0.4811800420284271]",non_flood,0.5108841061592102,19.35250000042288,0.2262113392353058,"[0.2846727669239044, 0.19133593142032623, 0.013107157312333584, 0.5108841061592102]",non_flood,0.4811793863773346,9.254800000235264,0.21521538496017456,"[0.23920242488384247, 0.26596400141716003, 0.013654197566211224, 0.4811793863773346]",non_flood,0.5108852386474609,15.032399999654444,0.2262134552001953,"[0.2846717834472656, 0.1913357973098755, 0.013107186183333397, 0.5108852386474609]",non_flood,0.48117947578430176,22.135100000014063,0.21521520614624023,"[0.2392020970582962, 0.2659642696380615, 0.013654190115630627, 0.48117947578430176]",non_flood,0.5108808279037476,53.43449999963923,0.22620627284049988,"[0.2846745550632477, 0.19133742153644562, 0.013107221573591232, 0.5108808279037476]"
E:\RHNA\1Visual\NCKH\nckh2\products\fe\model\Dataset_Flood\non_flood\382335_275271_3551.jpg,non_flood,3,non_flood,0.9558547735214233,58.221299999786424,0.937484622001648,"[0.014435914345085621, 0.018370160833001137, 0.011339154094457626, 0.9558547735214233]",non_flood,0.9795861840248108,20.89909999995143,0.9671915769577026,"[0.002372883027419448, 0.005646299105137587, 0.012394624762237072, 0.9795861840248108]",non_flood,0.9558546543121338,9.230800000295858,0.9374844431877136,"[0.014435919933021069, 0.018370216712355614, 0.011339201591908932, 0.9558546543121338]",non_flood,0.9795861840248108,15.266400000655267,0.9671915769577026,"[0.002372907940298319, 0.0056462776847183704, 0.012394582852721214, 0.9795861840248108]",non_flood,0.9558547735214233,31.247699999767065,0.9374845623970032,"[0.014435921795666218, 0.018370192497968674, 0.011339143849909306, 0.9558547735214233]",non_flood,0.9795860648155212,62.682699999641045,0.9671913385391235,"[0.0023729042150080204, 0.00564632099121809, 0.012394704855978489, 0.9795860648155212]"
E:\RHNA\1Visual\NCKH\nckh2\products\fe\model\Dataset_Flood\non_flood\화면 캡처 2025-03-05 153348.jpg,non_flood,3,non_flood,0.7820507287979126,28.082099999664933,0.584267258644104,"[0.1977834552526474, 0.015392913483083248, 0.004772813059389591, 0.7820507287979126]",non_flood,0.9699577689170837,37.94430000016291,0.9448580741882324,"[0.025099696591496468, 0.0037593133747577667, 0.001183233456686139, 0.9699577689170837]",non_flood,0.7820534706115723,17.611899999792513,0.5842724442481995,"[0.1977810263633728, 0.01539270393550396, 0.0047727772034704685, 0.7820534706115723]",non_flood,0.9699577689170837,16.51140000012674,0.9448580741882324,"[0.02509971521794796, 0.0037592919543385506, 0.001183230779133737, 0.9699577689170837]",non_flood,0.7820522785186768,18.70950000011362,0.5842702388763428,"[0.19778205454349518, 0.015392892993986607, 0.004772813059389591, 0.7820522785186768]",non_flood,0.9699587821960449,33.07970000059868,0.9448598027229309,"[0.02509896643459797, 0.0037591131404042244, 0.001183185144327581, 0.9699587821960449]"
E:\RHNA\1Visual\NCKH\nckh2\products\fe\model\Dataset_Flood\non_flood\images (10).jpg,non_flood,3,non_flood,0.9801158905029297,35.29010000056587,0.9644203782081604,"[0.01569552905857563, 0.0038470569998025894, 0.0003415836545173079, 0.9801158905029297]",non_flood,0.990878164768219,19.081900000855967,0.9833534955978394,"[0.0075246673077344894, 0.0015361258992925286, 6.10562929068692e-05, 0.990878164768219]",non_flood,0.9801157712936401,10.942299999442184,0.9644202589988708,"[0.01569552719593048, 0.003847067477181554, 0.00034158508060500026, 0.9801157712936401]",non_flood,0.9908780455589294,18.54170000024169,0.983353316783905,"[0.007524745538830757, 0.0015361426630988717, 6.105646752985194e-05, 0.9908780455589294]",non_flood,0.9801157712936401,39.926500000547094,0.9644201993942261,"[0.015695570036768913, 0.003847074694931507, 0.0003415857208892703, 0.9801157712936401]",non_flood,0.990878164768219,55.05449999964185,0.9833535552024841,"[0.007524592336267233, 0.0015361186815425754, 6.105565262259915e-05, 0.990878164768219]"
E:\RHNA\1Visual\NCKH\nckh2\products\fe\model\Dataset_Flood\non_flood\화면 캡처 2025-03-05 153859.jpg,non_flood,3,non_flood,0.9187890887260437,32.36259999994218,0.873772919178009,"[0.01957109570503235, 0.04501616954803467, 0.016623592004179955, 0.9187890887260437]",non_flood,0.8956669569015503,18.837399999938498,0.8283413052558899,"[0.025773482397198677, 0.011233869008719921, 0.067325659096241, 0.8956669569015503]",non_flood,0.9187889099121094,9.977099999559869,0.8737725019454956,"[0.019571106880903244, 0.04501637816429138, 0.016623690724372864, 0.9187889099121094]",non_flood,0.8956672549247742,24.643900000228314,0.8283417224884033,"[0.02577345259487629, 0.011233733035624027, 0.06732554733753204, 0.8956672549247742]",non_flood,0.9187890887260437,42.365999999674386,0.873772919178009,"[0.019571077078580856, 0.045016150921583176, 0.016623605042696, 0.9187890887260437]",non_flood,0.8956698179244995,47.348999999485386,0.8283463716506958,"[0.025773053988814354, 0.011233721859753132, 0.0673234611749649, 0.8956698179244995]"
E:\RHNA\1Visual\NCKH\nckh2\products\fe\model\Dataset_Flood\non_flood\화면 캡처 2025-03-05 174553.jpg,non_flood,3,non_flood,0.9467904567718506,46.37360000015178,0.897312343120575,"[0.04947812482714653, 0.0036883053835481405, 4.314179750508629e-05, 0.9467904567718506]",non_flood,0.9644248485565186,20.46799999970972,0.9316226243972778,"[0.03280223160982132, 0.0025974870659410954, 0.0001754309778334573, 0.9644248485565186]",non_flood,0.946790874004364,9.257499999876018,0.8973131775856018,"[0.049477674067020416, 0.0036882860586047173, 4.314157195040025e-05, 0.946790874004364]",non_flood,0.9644248485565186,20.044800000505347,0.9316226243972778,"[0.03280220180749893, 0.0025974758900702, 0.000175428474904038, 0.9644248485565186]",non_flood,0.9467906951904297,28.675200000179757,0.8973127007484436,"[0.049477990716695786, 0.003688299097120762, 4.3141524656675756e-05, 0.9467906951904297]",non_flood,0.9644262790679932,59.07889999980398,0.9316253662109375,"[0.03280089795589447, 0.0025973760057240725, 0.0001754233962856233, 0.9644262790679932]"
E:\RHNA\1Visual\NCKH\nckh2\products\fe\model\Dataset_Flood\non_flood\images (59).jpg,non_flood,3,non_flood,0.8936066031455994,40.07670000009966,0.8210850358009338,"[0.07252157479524612, 0.032558053731918335, 0.0013137933565303683, 0.8936066031455994]",low,0.44408929347991943,19.632499999715947,0.05761086940765381,"[0.44408929347991943, 0.07882677763700485, 0.09060541540384293, 0.3864784240722656]",non_flood,0.8936066031455994,11.783199999626959,0.8210850358009338,"[0.07252155244350433, 0.03255804628133774, 0.0013137927744537592, 0.8936066031455994]",low,0.4440811574459076,17.41330000004382,0.05760440230369568,"[0.4440811574459076, 0.07882867753505707, 0.09061337262392044, 0.3864767551422119]",non_flood,0.8936063647270203,21.834299999682116,0.8210846781730652,"[0.07252169400453568, 0.03255808725953102, 0.0013137849746271968, 0.8936063647270203]",low,0.4440849721431732,37.3898999996527,0.0576113760471344,"[0.4440849721431732, 0.07882779091596603, 0.09061360359191895, 0.3864735960960388]"
E:\RHNA\1Visual\NCKH\nckh2\products\fe\model\Dataset_Flood\non_flood\다운로드 (56) 3.jpg,non_flood,3,non_flood,0.9462273120880127,42.42369999974471,0.9003399014472961,"[0.04588741809129715, 0.006425278726965189, 0.0014600330032408237, 0.9462273120880127]",non_flood,0.9274623990058899,33.772299999327515,0.8846623301506042,"[0.04280007258057594, 0.019029919058084488, 0.010707572102546692, 0.9274623990058899]",non_flood,0.9462271332740784,12.144899999839254,0.900339663028717,"[0.04588746652007103, 0.006425314582884312, 0.0014600403374060988, 0.9462271332740784]",non_flood,0.9274618625640869,19.228799999837065,0.8846613764762878,"[0.042800504714250565, 0.019030030816793442, 0.010707657784223557, 0.9274618625640869]",non_flood,0.9462270140647888,25.423199999750068,0.9003394246101379,"[0.04588761180639267, 0.00642532529309392, 0.0014600387075915933, 0.9462270140647888]",non_flood,0.9274622797966003,28.526199999760138,0.8846620917320251,"[0.042800191789865494, 0.01902989111840725, 0.010707657784223557, 0.9274622797966003]"
E:\RHNA\1Visual\NCKH\nckh2\products\fe\model\Dataset_Flood\non_flood\다운로드 (62) 3.jpg,non_flood,3,non_flood,0.9747200012207031,23.842399999921327,0.9541758298873901,"[0.020544199272990227, 0.004217658657580614, 0.0005181000451557338, 0.9747200012207031]",non_flood,0.9015985131263733,29.830499999661697,0.845192551612854,"[0.037152014672756195, 0.05640598386526108, 0.004843418020755053, 0.9015985131263733]",non_flood,0.9747201204299927,15.723700000307872,0.9541759490966797,"[0.020544152706861496, 0.004217654932290316, 0.0005180988227948546, 0.9747201204299927]",non_flood,0.9015981554985046,23.115099999813538,0.8451917171478271,"[0.03715194761753082, 0.05640643090009689, 0.004843427799642086, 0.9015981554985046]",non_flood,0.9747198820114136,39.69260000030772,0.954175591468811,"[0.02054431661963463, 0.004217689856886864, 0.0005180996959097683, 0.9747198820114136]",non_flood,0.9016000628471375,68.53139999930136,0.8451948165893555,"[0.037151359021663666, 0.056405261158943176, 0.004843348171561956, 0.9016000628471375]"
E:\RHNA\1Visual\NCKH\nckh2\products\fe\model\Dataset_Flood\non_flood\다운로드 (67) 3.jpg,non_flood,3,non_flood,0.8311209082603455,39.28150000047026,0.7032586336135864,"[0.12786227464675903, 0.034269027411937714, 0.006747743114829063, 0.8311209082603455]",non_flood,0.9505892395973206,41.658900000584254,0.9177725315093994,"[0.032816726714372635, 0.012884673662483692, 0.0037092803977429867, 0.9505892395973206]",non_flood,0.8311217427253723,15.61900000069727,0.7032600045204163,"[0.12786172330379486, 0.03426890820264816, 0.006747708190232515, 0.8311217427253723]",non_flood,0.9505877494812012,25.425499999983003,0.9177699089050293,"[0.03281784802675247, 0.012885059230029583, 0.0037093472201377153, 0.9505877494812012]",non_flood,0.8311213254928589,37.82240000055026,0.7032594084739685,"[0.1278619021177292, 0.03426903858780861, 0.006747727282345295, 0.8311213254928589]",non_flood,0.9505916237831116,59.22450000070967,0.9177767038345337,"[0.03281494230031967, 0.012884312309324741, 0.0037091393023729324, 0.9505916237831116]"
E:\RHNA\1Visual\NCKH\nckh2\products\fe\model\Dataset_Flood\non_flood\화면 캡처 2025-03-05 153735.jpg,non_flood,3,non_flood,0.8472581505775452,35.52570000010746,0.7135579586029053,"[0.1337001621723175, 0.01824912801384926, 0.0007926336256787181, 0.8472581505775452]",non_flood,0.9893552660942078,26.975299999321578,0.981433093547821,"[0.007922189310193062, 0.002174261026084423, 0.000548232754226774, 0.9893552660942078]",non_flood,0.8472585082054138,10.36519999979646,0.7135588526725769,"[0.13369964063167572, 0.018249189481139183, 0.0007926385151222348, 0.8472585082054138]",non_flood,0.9893552660942078,17.243499999494816,0.9814330339431763,"[0.007922246120870113, 0.0021742742974311113, 0.0005482436972670257, 0.9893552660942078]",non_flood,0.8472576141357422,27.320599999256956,0.713557243347168,"[0.13370035588741302, 0.018249355256557465, 0.0007926418911665678, 0.8472576141357422]",non_flood,0.9893552660942078,38.22279999985767,0.981433093547821,"[0.007922189310193062, 0.002174217253923416, 0.0005482293199747801, 0.9893552660942078]"
E:\RHNA\1Visual\NCKH\nckh2\products\fe\model\Dataset_Flood\non_flood\화면 캡처 2025-03-05 152318.jpg,non_flood,3,non_flood,0.9923927783966064,27.154200000040873,0.987680196762085,"[0.0047125862911343575, 0.0023508602753281593, 0.0005437051877379417, 0.9923927783966064]",non_flood,0.985126256942749,24.608799999441544,0.977145791053772,"[0.007980436086654663, 0.003231196431443095, 0.0036621151957660913, 0.985126256942749]",non_flood,0.992392897605896,15.424700000039593,0.9876803159713745,"[0.004712559748440981, 0.002350853756070137, 0.0005437031504698098, 0.992392897605896]",non_flood,0.985126256942749,18.502799999623676,0.9771458506584167,"[0.007980432361364365, 0.0032311936374753714, 0.003662081900984049, 0.985126256942749]",non_flood,0.9923927783966064,24.915099999816448,0.9876802563667297,"[0.0047125499695539474, 0.0023508600424975157, 0.000543705653399229, 0.9923927783966064]",non_flood,0.9851265549659729,34.09890000057203,0.9771463871002197,"[0.007980190217494965, 0.003231106325984001, 0.0036620970349758863, 0.9851265549659729]"
E:\RHNA\1Visual\NCKH\nckh2\products\fe\model\Dataset_Flood\non_flood\화면 캡처 2025-03-05 182955.jpg,non_flood,3,non_flood,0.9783990979194641,30.72760000031849,0.960276186466217,"[0.018122900277376175, 0.0031885975040495396, 0.00028935447335243225, 0.9783990979194641]",non_flood,0.9776890277862549,25.11780000077124,0.9578127264976501,"[0.019876310601830482, 0.0017922306433320045, 0.000642458675429225, 0.9776890277862549]",non_flood,0.9783992171287537,12.957200000528246,0.9602763652801514,"[0.0181228369474411, 0.0031885888893157244, 0.0002893542405217886, 0.9783992171287537]",non_flood,0.9776890277862549,20.10080000036396,0.9578126668930054,"[0.019876331090927124, 0.0017922143451869488, 0.0006424464518204331, 0.9776890277862549]",non_flood,0.9783989787101746,23.22909999929834,0.9602760076522827,"[0.018122989684343338, 0.003188611939549446, 0.00028935662703588605, 0.9783989787101746]",non_flood,0.9776890277862549,38.83899999982532,0.9578126668930054,"[0.019876370206475258, 0.0017922109691426158, 0.0006424539024010301, 0.9776890277862549]"
E:\RHNA\1Visual\NCKH\nckh2\products\fe\model\Dataset_Flood\non_flood\화면 캡처 2025-03-05 152809.jpg,non_flood,3,non_flood,0.9477482438087463,35.099699999591394,0.8999778032302856,"[0.04777044057846069, 0.003142518224194646, 0.0013387996004894376, 0.9477482438087463]",non_flood,0.9779644012451172,40.68900000038411,0.960500180721283,"[0.01746421866118908, 0.0014921792317181826, 0.003079153597354889, 0.9779644012451172]",non_flood,0.9477483630180359,18.71449999998731,0.8999780416488647,"[0.04777031019330025, 0.003142506582662463, 0.00133879529312253, 0.9477483630180359]",non_flood,0.9779644012451172,21.576300000560877,0.9605000615119934,"[0.017464326694607735, 0.0014921770198270679, 0.003079106565564871, 0.9779644012451172]",non_flood,0.9477479457855225,31.861299999945913,0.8999773263931274,"[0.04777064919471741, 0.003142549889162183, 0.0013388177612796426, 0.9477479457855225]",non_flood,0.9779649972915649,36.59869999955845,0.9605011940002441,"[0.017463812604546547, 0.0014921302208676934, 0.003079131944105029, 0.9779649972915649]"
E:\RHNA\1Visual\NCKH\nckh2\products\fe\model\Dataset_Flood\non_flood\images (33).jpg,non_flood,3,low,0.5427936315536499,29.726900000241585,0.33801451325416565,"[0.5427936315536499, 0.18070432543754578, 0.07172293961048126, 0.20477911829948425]",low,0.5156199932098389,33.81630000058067,0.1287502646446228,"[0.5156199932098389, 0.07898755371570587, 0.018522778525948524, 0.38686972856521606]",low,0.5427934527397156,17.80830000006972,0.33801349997520447,"[0.5427934527397156, 0.18070389330387115, 0.07172274589538574, 0.2047799527645111]",low,0.5156205892562866,27.68339999965974,0.1287517249584198,"[0.5156205892562866, 0.07898782938718796, 0.01852276362478733, 0.3868688642978668]",low,0.542793869972229,27.96169999965059,0.3380146622657776,"[0.542793869972229, 0.18070416152477264, 0.07172277569770813, 0.2047792226076126]",low,0.5156187415122986,43.953599999440485,0.1287480592727661,"[0.5156187415122986, 0.0789879634976387, 0.018522629514336586, 0.38687068223953247]"
E:\RHNA\1Visual\NCKH\nckh2\products\fe\model\Dataset_Flood\non_flood\23031215004403700.jpg,non_flood,3,non_flood,0.8848474621772766,30.727399999705085,0.7996029853820801,"[0.025860099121928215, 0.08524447679519653, 0.004047982860356569, 0.8848474621772766]",non_flood,0.9627745151519775,21.5782000004765,0.9375643730163574,"[0.008604991249740124, 0.025210171937942505, 0.003410289529711008, 0.9627745151519775]",non_flood,0.8848474025726318,9.351099999548751,0.7996028661727905,"[0.02586008422076702, 0.08524452149868011, 0.004047986585646868, 0.8848474025726318]",non_flood,0.9627746343612671,16.635900000437687,0.937564492225647,"[0.008604975417256355, 0.025210127234458923, 0.0034102718345820904, 0.9627746343612671]",non_flood,0.884846568107605,19.311000000016065,0.7996013164520264,"[0.02586020715534687, 0.08524525165557861, 0.004048032686114311, 0.884846568107605]",non_flood,0.9627746939659119,23.66489999985788,0.9375647306442261,"[0.008605045266449451, 0.025209976360201836, 0.0034102981444448233, 0.9627746939659119]"
E:\RHNA\1Visual\NCKH\nckh2\products\fe\model\Dataset_Flood\non_flood\화면 캡처 2025-03-05 164114.jpg,non_flood,3,low,0.8017266392707825,50.77900000014779,0.6482700705528259,"[0.8017266392707825, 0.04009367898106575, 0.004723177757114172, 0.15345656871795654]",non_flood,0.4991540312767029,34.663600000385486,0.04254463315010071,"[0.4566093981266022, 0.02333218976855278, 0.02090435102581978, 0.4991540312767029]",low,0.801724910736084,10.279699999955483,0.6482667922973633,"[0.801724910736084, 0.04009373486042023, 0.004723196383565664, 0.1534581482410431]",non_flood,0.4991535544395447,15.978399999767134,0.04254382848739624,"[0.45660972595214844, 0.023332133889198303, 0.020904619246721268, 0.4991535544395447]",low,0.8017256855964661,35.724999999729334,0.6482681035995483,"[0.8017256855964661, 0.04009364917874336, 0.004723172634840012, 0.15345759689807892]",non_flood,0.49915724992752075,72.29989999996178,0.042550474405288696,"[0.45660677552223206, 0.023331787437200546, 0.02090420387685299, 0.49915724992752075]"
E:\RHNA\1Visual\NCKH\nckh2\products\fe\model\Dataset_Flood\non_flood\화면 캡처 2025-03-05 172356.jpg,non_flood,3,non_flood,0.9308105707168579,41.64509999918664,0.8654593825340271,"[0.06535118073225021, 0.003501239698380232, 0.0003370090271346271, 0.9308105707168579]",non_flood,0.9729198217391968,36.09210000013263,0.9483230113983154,"[0.02459682524204254, 0.001316386042162776, 0.0011670032981783152, 0.9729198217391968]",non_flood,0.9308108687400818,12.692100000094797,0.8654599189758301,"[0.06535093486309052, 0.0035012192092835903, 0.0003370096383150667, 0.9308108687400818]",non_flood,0.9729197025299072,28.47569999994448,0.9483227133750916,"[0.024596961215138435, 0.001316394074819982, 0.001167010865174234, 0.9729197025299072]",non_flood,0.9308103322982788,84.12250000037602,0.8654589056968689,"[0.06535142660140991, 0.0035012622829526663, 0.0003370112390257418, 0.9308103322982788]",non_flood,0.9729188084602356,72.15269999960583,0.9483211636543274,"[0.02459762990474701, 0.0013164556585252285, 0.001167059876024723, 0.9729188084602356]"
E:\RHNA\1Visual\NCKH\nckh2\products\fe\model\Dataset_Flood\non_flood\화면 캡처 2025-03-05 173938.jpg,non_flood,3,non_flood,0.983954906463623,33.16790000008041,0.9707929491996765,"[0.013161944225430489, 0.0025772855151444674, 0.00030593169503845274, 0.983954906463623]",non_flood,0.9681950211524963,21.563899999819114,0.9413694739341736,"[0.0268255528062582, 0.003135331906378269, 0.0018441600259393454, 0.9681950211524963]",non_flood,0.983954906463623,12.72419999986596,0.9707930088043213,"[0.013161893002688885, 0.0025772759690880775, 0.0003059305308852345, 0.983954906463623]",non_flood,0.9681947827339172,17.17389999976149,0.9413691163063049,"[0.02682567946612835, 0.003135350765660405, 0.0018441701540723443, 0.9681947827339172]",non_flood,0.9839547872543335,29.611300000397023,0.970792829990387,"[0.013161953538656235, 0.002577300416305661, 0.0003059331211261451, 0.9839547872543335]",non_flood,0.9681968688964844,61.754600000313076,0.9413731694221497,"[0.026823708787560463, 0.0031352227088063955, 0.0018441283609718084, 0.9681968688964844]"
E:\RHNA\1Visual\NCKH\nckh2\products\fe\model\Dataset_Flood\non_flood\1789568749452_282700609501588260_7406490438318140161_27f20da03aed7425178793bf0e655ec5.jpg,non_flood,3,non_flood,0.8769810795783997,53.09930000021268,0.8128491044044495,"[0.021561149507761, 0.06413198262453079, 0.03732585161924362, 0.8769810795783997]",non_flood,0.9687323570251465,54.93289999958506,0.9439334869384766,"[0.02479885332286358, 0.002241656417027116, 0.004227157216519117, 0.9687323570251465]",non_flood,0.8769807815551758,21.46660000016709,0.812848687171936,"[0.021561147645115852, 0.06413208693265915, 0.037325918674468994, 0.8769807815551758]",non_flood,0.9687321186065674,43.741899999986344,0.9439331293106079,"[0.024798976257443428, 0.0022416666615754366, 0.004227167926728725, 0.9687321186065674]",non_flood,0.8769814372062683,26.143000000047323,0.8128496408462524,"[0.021561115980148315, 0.06413180381059647, 0.0373256616294384, 0.8769814372062683]",non_flood,0.9687321186065674,24.58420000039041,0.9439330697059631,"[0.024799058213829994, 0.002241666428744793, 0.004227173514664173, 0.9687321186065674]"
E:\RHNA\1Visual\NCKH\nckh2\products\fe\model\Dataset_Flood\non_flood\2810089_image2_1.jpg,non_flood,3,non_flood,0.9700924754142761,36.08769999937067,0.9516309499740601,"[0.002328579081222415, 0.009117425419390202, 0.018461499363183975, 0.9700924754142761]",non_flood,0.9092193841934204,33.64160000000993,0.8487305641174316,"[0.014031637459993362, 0.01626012846827507, 0.06048883870244026, 0.9092193841934204]",non_flood,0.9700924754142761,15.780400000039663,0.9516309499740601,"[0.002328573726117611, 0.00911741703748703, 0.01846153847873211, 0.9700924754142761]",non_flood,0.9092174172401428,31.95770000002085,0.8487277626991272,"[0.014032229781150818, 0.01626066491007805, 0.06048966944217682, 0.9092174172401428]",non_flood,0.9700924754142761,43.051000000559725,0.9516309499740601,"[0.0023285856004804373, 0.009117408655583858, 0.018461527302861214, 0.9700924754142761]",non_flood,0.9092217683792114,45.45390000021143,0.8487342596054077,"[0.014031033031642437, 0.016259826719760895, 0.06048747897148132, 0.9092217683792114]"
E:\RHNA\1Visual\NCKH\nckh2\products\fe\model\Dataset_Flood\non_flood\화면 캡처 2025-03-05 175530.jpg,non_flood,3,non_flood,0.9317697286605835,64.81239999993704,0.9012183547019958,"[0.030551383271813393, 0.013017016462981701, 0.02466193027794361, 0.9317697286605835]",non_flood,0.6641891598701477,39.06340000048658,0.43750184774398804,"[0.09548205137252808, 0.013641467317938805, 0.22668731212615967, 0.6641891598701477]",non_flood,0.9317700266838074,20.669700000325975,0.9012187719345093,"[0.030551282688975334, 0.01301694568246603, 0.024661831557750702, 0.9317700266838074]",non_flood,0.6641871333122253,28.5900999997466,0.4374988079071045,"[0.09548288583755493, 0.013641594909131527, 0.22668832540512085, 0.6641871333122253]",non_flood,0.9317697882652283,40.94179999992775,0.9012183547019958,"[0.030551427975296974, 0.01301692333072424, 0.024661770090460777, 0.9317697882652283]",non_flood,0.6641826033592224,40.5533999992258,0.43748974800109863,"[0.09548293054103851, 0.01364156138151884, 0.22669287025928497, 0.6641826033592224]"
E:\RHNA\1Visual\NCKH\nckh2\products\fe\model\Dataset_Flood\non_flood\1184178968.jpg,non_flood,3,non_flood,0.9532850384712219,77.22439999997732,0.9256603717803955,"[0.02762467786669731, 0.01685030199587345, 0.0022399420849978924, 0.9532850384712219]",non_flood,0.9981380701065063,40.885399999751826,0.9971786737442017,"[0.0009593896684236825, 0.0006561884074471891, 0.0002462976844981313, 0.9981380701065063]",non_flood,0.9532849192619324,18.452500000421423,0.9256601929664612,"[0.027624741196632385, 0.016850315034389496, 0.002239957917481661, 0.9532849192619324]",non_flood,0.9981380701065063,45.29559999991761,0.9971786737442017,"[0.0009593869326636195, 0.0006561896298080683, 0.00024629675317555666, 0.9981380701065063]",non_flood,0.9532849192619324,35.60809999999037,0.9256601333618164,"[0.02762478031218052, 0.016850346699357033, 0.0022399674635380507, 0.9532849192619324]",non_flood,0.9981380701065063,62.90580000040791,0.9971786737442017,"[0.0009593768627382815, 0.0006561671616509557, 0.00024629346444271505, 0.9981380701065063]"
E:\RHNA\1Visual\NCKH\nckh2\products\fe\model\Dataset_Flood\non_flood\화면 캡처 2025-03-05 172345.jpg,non_flood,3,non_flood,0.9212809801101685,50.23890000029496,0.8501757383346558,"[0.0711052417755127, 0.0066794129088521, 0.0009343153797090054, 0.9212809801101685]",non_flood,0.9926177859306335,19.216599999708706,0.9893107414245605,"[0.002522267634049058, 0.001552918110974133, 0.0033070158679038286, 0.9926177859306335]",non_flood,0.9212821125984192,9.527100000013888,0.8501778841018677,"[0.07110424339771271, 0.006679338403046131, 0.0009343076380901039, 0.9212821125984192]",non_flood,0.992617666721344,21.848299999874143,0.989310622215271,"[0.0025223142001777887, 0.0015529341762885451, 0.003307039150968194, 0.992617666721344]",non_flood,0.9212808012962341,23.32250000017666,0.8501753807067871,"[0.07110542804002762, 0.00667943712323904, 0.0009343178826384246, 0.9212808012962341]",non_flood,0.9926181435585022,68.04130000000441,0.9893112182617188,"[0.0025221616961061954, 0.0015528231160715222, 0.003306904574856162, 0.9926181435585022]"
E:\RHNA\1Visual\NCKH\nckh2\products\fe\model\Dataset_Flood\non_flood\images (61).jpg,non_flood,3,non_flood,0.7758788466453552,45.59570000037638,0.6063209176063538,"[0.16955792903900146, 0.04314731806516647, 0.011415865272283554, 0.7758788466453552]",non_flood,0.9475259184837341,25.911799999448704,0.9131503701210022,"[0.03437556326389313, 0.009108353406190872, 0.008990191854536533, 0.9475259184837341]",non_flood,0.77587890625,10.916599999291066,0.6063211560249329,"[0.16955773532390594, 0.04314745217561722, 0.011415921151638031, 0.77587890625]",non_flood,0.9475255012512207,21.250900000268302,0.9131497144699097,"[0.034375786781311035, 0.0091084660962224, 0.008990179747343063, 0.9475255012512207]",non_flood,0.7758793234825134,39.87169999982143,0.6063219308853149,"[0.16955742239952087, 0.043147340416908264, 0.011415856890380383, 0.7758793234825134]",non_flood,0.9475255012512207,62.13889999980893,0.9131498336791992,"[0.03437567502260208, 0.009108518250286579, 0.008990389294922352, 0.9475255012512207]"
E:\RHNA\1Visual\NCKH\nckh2\products\fe\model\Dataset_Flood\non_flood\화면 캡처 2025-03-05 175812.jpg,non_flood,3,non_flood,0.9570410251617432,54.45659999986674,0.9169677495956421,"[0.040073297917842865, 0.002137808594852686, 0.0007479378837160766, 0.9570410251617432]",low,0.558688759803772,46.93760000009206,0.12313178181648254,"[0.558688759803772, 0.003843526355922222, 0.0019107243278995156, 0.43555697798728943]",non_flood,0.9570407867431641,19.881700000041747,0.9169673323631287,"[0.0400734581053257, 0.0021378244273364544, 0.0007479398627765477, 0.9570407867431641]",low,0.5586899518966675,28.45580000030168,0.12313410639762878,"[0.5586899518966675, 0.0038434979505836964, 0.0019106811378151178, 0.4355558454990387]",non_flood,0.9570404887199402,37.02259999954549,0.9169666767120361,"[0.040073785930871964, 0.002137836767360568, 0.0007479463238269091, 0.9570404887199402]",low,0.5586847066879272,46.15430000012566,0.12312331795692444,"[0.5586847066879272, 0.0038433552253991365, 0.0019106565741822124, 0.4355613887310028]"
E:\RHNA\1Visual\NCKH\nckh2\products\fe\model\Dataset_Flood\non_flood\화면 캡처 2025-03-05 152934.jpg,non_flood,3,non_flood,0.9368841648101807,46.183299999938754,0.879202663898468,"[0.05768151208758354, 0.00394718162715435, 0.0014871788443997502, 0.9368841648101807]",non_flood,0.9850472211837769,31.81829999994079,0.9779090285301208,"[0.005462954752147198, 0.007138216868042946, 0.002351615345105529, 0.9850472211837769]",non_flood,0.9368841648101807,9.146200000031968,0.8792027235031128,"[0.05768141895532608, 0.003947204444557428, 0.0014871859457343817, 0.9368841648101807]",non_flood,0.9850472211837769,16.944199999670673,0.9779090881347656,"[0.005462985951453447, 0.00713815912604332, 0.002351590432226658, 0.9850472211837769]",non_flood,0.9368841052055359,21.1979000005158,0.8792024850845337,"[0.05768159031867981, 0.003947213292121887, 0.0014871915336698294, 0.9368841052055359]",non_flood,0.9850485920906067,29.239200000120036,0.977911114692688,"[0.005462545435875654, 0.007137467619031668, 0.0023514514323323965, 0.9850485920906067]"
E:\RHNA\1Visual\NCKH\nckh2\products\fe\model\Dataset_Flood\non_flood\다운로드 (9) 3.jpg,non_flood,3,non_flood,0.9812435507774353,37.13090000019292,0.9646812677383423,"[0.016562307253479958, 0.001786380773410201, 0.00040775377419777215, 0.9812435507774353]",non_flood,0.9836822152137756,46.26430000007531,0.9691596031188965,"[0.01452260185033083, 0.0015571624971926212, 0.000237944521359168, 0.9836822152137756]",non_flood,0.9812435507774353,15.506799999457144,0.9646812081336975,"[0.016562314704060555, 0.001786380773410201, 0.00040775336674414575, 0.9812435507774353]",non_flood,0.9836822152137756,23.135699999329518,0.9691595435142517,"[0.014522699639201164, 0.00155715795699507, 0.00023794497246854007, 0.9836822152137756]",non_flood,0.9812435507774353,38.2210000007035,0.9646812677383423,"[0.016562312841415405, 0.0017863858956843615, 0.00040775295929051936, 0.9812435507774353]",non_flood,0.9836824536323547,41.14359999948647,0.9691599607467651,"[0.014522474259138107, 0.0015571403782814741, 0.00023794003936927766, 0.9836824536323547]"
E:\RHNA\1Visual\NCKH\nckh2\products\fe\model\Dataset_Flood\non_flood\1789568749531_282700609501588260_7406490438318140161_bea2323eb3bd6a9504e98226ccf20a6e.jpg,non_flood,3,non_flood,0.419710248708725,27.33189999980823,0.04486572742462158,"[0.3748445212841034, 0.13791629672050476, 0.06752881407737732, 0.419710248708725]",non_flood,0.7989736199378967,20.49760000045353,0.6458799839019775,"[0.15309365093708038, 0.026162924244999886, 0.021769775077700615, 0.7989736199378967]",non_flood,0.41971084475517273,9.974800000236428,0.04486650228500366,"[0.37484434247016907, 0.1379161775112152, 0.06752867251634598, 0.41971084475517273]",non_flood,0.7989720702171326,18.787300000440155,0.6458770036697388,"[0.1530950963497162, 0.026163140311837196, 0.021769769489765167, 0.7989720702171326]",non_flood,0.4197101294994354,27.05789999981789,0.04486533999443054,"[0.3748447895050049, 0.13791637122631073, 0.06752869486808777, 0.4197101294994354]",non_flood,0.7989736199378967,38.99379999984376,0.6458796262741089,"[0.15309397876262665, 0.02616281621158123, 0.021769654005765915, 0.7989736199378967]"
E:\RHNA\1Visual\NCKH\nckh2\products\fe\model\Dataset_Flood\non_flood\화면 캡처 2025-03-05 153554.jpg,non_flood,3,non_flood,0.8776127696037292,41.00040000048466,0.7586520314216614,"[0.11896076053380966, 0.0023239068686962128, 0.0011025405256077647, 0.8776127696037292]",non_flood,0.9160906076431274,29.72609999960696,0.8356331586837769,"[0.08045745640993118, 0.002392225433140993, 0.0010597319342195988, 0.9160906076431274]",non_flood,0.8776131272315979,18.384200000582496,0.7586527466773987,"[0.11896040290594101, 0.002323915483430028, 0.0011025494895875454, 0.8776131272315979]",non_flood,0.9160897135734558,20.357000000331027,0.8356314897537231,"[0.08045824617147446, 0.002392225433140993, 0.0010597329819574952, 0.9160897135734558]",non_flood,0.8776136040687561,17.304700000750017,0.7586536407470703,"[0.1189599558711052, 0.0023239124566316605, 0.001102539012208581, 0.8776136040687561]",non_flood,0.9160924553871155,25.56399999957648,0.8356367945671082,"[0.08045564591884613, 0.0023921311367303133, 0.0010597046930342913, 0.9160924553871155]"
E:\RHNA\1Visual\NCKH\nckh2\products\fe\model\Dataset_Flood\non_flood\화면 캡처 2025-03-05 181159.jpg,non_flood,3,non_flood,0.9248663187026978,34.29599999981292,0.887071430683136,"[0.03779486566781998, 0.018264101818203926, 0.019074739888310432, 0.9248663187026978]",non_flood,0.9869102835655212,41.892100000040955,0.9793546795845032,"[0.0028450593817979097, 0.0026890512090176344, 0.007555610500276089, 0.9869102835655212]",non_flood,0.9248661398887634,20.726099999592407,0.8870712518692017,"[0.03779485821723938, 0.018264172598719597, 0.019074760377407074, 0.9248661398887634]",non_flood,0.9869104027748108,29.160299999603012,0.9793548583984375,"[0.0028450528625398874, 0.0026890141889452934, 0.007555532269179821, 0.9869104027748108]",non_flood,0.9248661398887634,26.52109999962704,0.8870710730552673,"[0.0377950519323349, 0.01826414279639721, 0.0190746933221817, 0.9248661398887634]",non_flood,0.9869102835655212,26.64180000010674,0.9793546199798584,"[0.0028450514655560255, 0.0026889368891716003, 0.007555646821856499, 0.9869102835655212]"
E:\RHNA\1Visual\NCKH\nckh2\products\fe\model\Dataset_Flood\non_flood\화면 캡처 2025-03-05 153513.jpg,non_flood,3,non_flood,0.9384992122650146,36.92979999959789,0.8854671120643616,"[0.05303209647536278, 0.007274318020790815, 0.001194442855194211, 0.9384992122650146]",non_flood,0.9897406101226807,40.13310000027559,0.9839027523994446,"[0.005837857723236084, 0.0006537151639349759, 0.0037677844520658255, 0.9897406101226807]",non_flood,0.9384998083114624,11.064100000112376,0.8854682445526123,"[0.0530315600335598, 0.007274246774613857, 0.0011944288853555918, 0.9384998083114624]",non_flood,0.9897406101226807,15.358499999820197,0.9839026927947998,"[0.005837907548993826, 0.0006537129520438612, 0.003767771879211068, 0.9897406101226807]",non_flood,0.9384992122650146,19.37309999993886,0.8854670524597168,"[0.053032130002975464, 0.007274276576936245, 0.0011944264406338334, 0.9384992122650146]",non_flood,0.9897412061691284,23.7741000000824,0.9839035272598267,"[0.005837652832269669, 0.0006536588771268725, 0.0037675299681723118, 0.9897412061691284]"
E:\RHNA\1Visual\NCKH\nckh2\products\fe\model\Dataset_Flood\non_flood\DSC05846-01.jpg,non_flood,3,non_flood,0.776360809803009,32.856200000423996,0.6664130687713623,"[0.10994776338338852, 0.10832706093788147, 0.005364355631172657, 0.776360809803009]",non_flood,0.7591611742973328,33.71999999944819,0.6495699286460876,"[0.08018571138381958, 0.10959123075008392, 0.05106189846992493, 0.7591611742973328]",non_flood,0.7763618230819702,14.05979999981355,0.6664145588874817,"[0.10994724929332733, 0.10832659155130386, 0.005364357493817806, 0.7763618230819702]",non_flood,0.7591604590415955,26.182900000094378,0.6495692133903503,"[0.0801863819360733, 0.10959125310182571, 0.051061905920505524, 0.7591604590415955]",non_flood,0.7763606905937195,25.366599999870232,0.6664128303527832,"[0.10994785279035568, 0.10832713544368744, 0.005364364478737116, 0.7763606905937195]",non_flood,0.759166419506073,25.10970000002999,0.6495793461799622,"[0.08018527925014496, 0.10958708077669144, 0.0510612316429615, 0.759166419506073]"
E:\RHNA\1Visual\NCKH\nckh2\products\fe\model\Dataset_Flood\non_flood\5f420ab85477f0364be7a38916496632.jpg,non_flood,3,non_flood,0.9452165961265564,24.374399999942398,0.9227487444877625,"[0.022467851638793945, 0.018046105280518532, 0.014269505627453327, 0.9452165961265564]",non_flood,0.9808667898178101,19.188799999938055,0.9689818620681763,"[0.011884928680956364, 0.004996052943170071, 0.0022522013168781996, 0.9808667898178101]",non_flood,0.9452164769172668,9.409899999809568,0.9227486848831177,"[0.02246779575943947, 0.018046168610453606, 0.014269599691033363, 0.9452164769172668]",non_flood,0.9808670878410339,15.43889999993553,0.9689822793006897,"[0.011884807609021664, 0.004995964001864195, 0.002252161270007491, 0.9808670878410339]",non_flood,0.9452166557312012,19.22680000006949,0.922748863697052,"[0.02246776409447193, 0.018046081066131592, 0.014269473031163216, 0.9452166557312012]",non_flood,0.9808675646781921,26.45669999947131,0.968982994556427,"[0.011884546838700771, 0.004995740018785, 0.002252073958516121, 0.9808675646781921]"
E:\RHNA\1Visual\NCKH\nckh2\products\fe\model\Dataset_Flood\non_flood\다운로드 (34).jpg,non_flood,3,non_flood,0.9404178261756897,37.10860000046523,0.8867171406745911,"[0.05370067059993744, 0.004285851493477821, 0.0015955944545567036, 0.9404178261756897]",non_flood,0.9873526096343994,29.095199999574106,0.9760123491287231,"[0.011340253055095673, 0.0011270291870459914, 0.0001800668687792495, 0.9873526096343994]",non_flood,0.9404179453849792,17.049600000063947,0.8867173194885254,"[0.05370061472058296, 0.004285856150090694, 0.001595601555891335, 0.9404179453849792]",non_flood,0.9873524904251099,16.6839000003165,0.9760121703147888,"[0.01134033314883709, 0.0011270338436588645, 0.00018006737809628248, 0.9873524904251099]",non_flood,0.9404180645942688,25.014600000758946,0.8867174983024597,"[0.05370057746767998, 0.004285850096493959, 0.0015955931739881635, 0.9404180645942688]",non_flood,0.9873530864715576,24.516199999197852,0.97601318359375,"[0.011339874938130379, 0.0011270161485299468, 0.00018006782920565456, 0.9873530864715576]"
E:\RHNA\1Visual\NCKH\nckh2\products\fe\model\Dataset_Flood\non_flood\heavy+rain+and+flooding+safety.jpg,non_flood,3,low,0.5661348104476929,29.66440000000148,0.30591118335723877,"[0.5661348104476929, 0.2602236270904541, 0.11365345120429993, 0.059988122433423996]",non_flood,0.6351866722106934,27.77180000066437,0.4676973223686218,"[0.16748933494091034, 0.16324742138385773, 0.034076541662216187, 0.6351866722106934]",low,0.5661334991455078,15.87790000030509,0.30590909719467163,"[0.5661334991455078, 0.2602244019508362, 0.11365396529436111, 0.05998824164271355]",non_flood,0.6351853013038635,26.867099999435595,0.46769365668296814,"[0.16749164462089539, 0.1632465422153473, 0.034076590090990067, 0.6351853013038635]",low,0.5661340355873108,24.028299999372393,0.30590978264808655,"[0.5661340355873108, 0.26022425293922424, 0.11365366727113724, 0.05998806282877922]",non_flood,0.6351895928382874,22.378000000571774,0.46770572662353516,"[0.167483851313591, 0.16324931383132935, 0.03407720848917961, 0.6351895928382874]"
E:\RHNA\1Visual\NCKH\nckh2\products\fe\model\Dataset_Flood\non_flood\화면 캡처 2025-03-05 181547.jpg,non_flood,3,non_flood,0.7852974534034729,37.57949999999255,0.6823815107345581,"[0.08961645513772964, 0.10291596502065659, 0.022170143201947212, 0.7852974534034729]",non_flood,0.6580493450164795,30.179800000041723,0.4661986529827118,"[0.14412084221839905, 0.1918506920337677, 0.005979134701192379, 0.6580493450164795]",non_flood,0.7852970957756042,20.342599999821687,0.6823809146881104,"[0.08961643278598785, 0.10291621088981628, 0.022170260548591614, 0.7852970957756042]",non_flood,0.6580488681793213,24.103000000650354,0.466198205947876,"[0.14412133395671844, 0.1918506771326065, 0.005979150999337435, 0.6580488681793213]",non_flood,0.7852967977523804,12.72030000018276,0.6823805570602417,"[0.08961673825979233, 0.10291626304388046, 0.022170208394527435, 0.7852967977523804]",non_flood,0.6580515503883362,21.35550000002695,0.46620112657546997,"[0.14411886036396027, 0.1918504238128662, 0.005979188717901707, 0.6580515503883362]"
E:\RHNA\1Visual\NCKH\nckh2\products\fe\model\Dataset_Flood\non_flood\1210_5594_1621.jpg,non_flood,3,non_flood,0.9549581408500671,20.63689999977214,0.931452751159668,"[0.013666866347193718, 0.02350541390478611, 0.007869652472436428, 0.9549581408500671]",non_flood,0.7231411337852478,22.853599999507423,0.5808750987052917,"[0.14226602017879486, 0.04415329545736313, 0.09043952822685242, 0.7231411337852478]",non_flood,0.9549580216407776,11.272200000348676,0.9314525127410889,"[0.013666890561580658, 0.02350551076233387, 0.007869681343436241, 0.9549580216407776]",non_flood,0.7231383919715881,17.84589999988384,0.580870509147644,"[0.1422678530216217, 0.04415362328290939, 0.09044010937213898, 0.7231383919715881]",non_flood,0.9549577832221985,13.222100000348291,0.9314522743225098,"[0.013666944578289986, 0.023505493998527527, 0.007869686931371689, 0.9549577832221985]",non_flood,0.7231440544128418,14.909700000316661,0.5808804035186768,"[0.14226365089416504, 0.044152725487947464, 0.09043955057859421, 0.7231440544128418]"
E:\RHNA\1Visual\NCKH\nckh2\products\fe\model\Dataset_Flood\non_flood\다운로드 (19) 3.jpg,non_flood,3,non_flood,0.8802595734596252,29.288299999279843,0.7812941074371338,"[0.09896549582481384, 0.010216926224529743, 0.010557947680354118, 0.8802595734596252]",non_flood,0.9007543325424194,37.676099999771395,0.8124983906745911,"[0.08825591951608658, 0.0007303676684387028, 0.010259415954351425, 0.9007543325424194]",non_flood,0.8802598714828491,13.397200000326848,0.7812945246696472,"[0.09896532446146011, 0.010216880589723587, 0.010557920671999454, 0.8802598714828491]",non_flood,0.9007535576820374,31.39759999976377,0.8124969601631165,"[0.0882565975189209, 0.0007303785532712936, 0.010259481146931648, 0.9007535576820374]",non_flood,0.8802593946456909,26.52349999971193,0.7812938094139099,"[0.098965585231781, 0.010216955095529556, 0.01055802684277296, 0.8802593946456909]",non_flood,0.9007546901702881,23.950899999363173,0.8124990463256836,"[0.0882556140422821, 0.0007303508464246988, 0.010259289294481277, 0.9007546901702881]"
E:\RHNA\1Visual\NCKH\nckh2\products\fe\model\Dataset_Flood\non_flood\다운로드 (17) 3.jpg,non_flood,3,non_flood,0.8769741058349609,44.226699999853736,0.7598167657852173,"[0.11715736240148544, 0.004916212987154722, 0.0009522913605906069, 0.8769741058349609]",non_flood,0.9812970757484436,45.94429999997374,0.965132474899292,"[0.01616457849740982, 0.0007915705209597945, 0.0017468244768679142, 0.9812970757484436]",non_flood,0.8769742846488953,13.30599999982951,0.7598171234130859,"[0.11715719103813171, 0.00491619948297739, 0.0009522887994535267, 0.8769742846488953]",non_flood,0.981296956539154,25.337500000205182,0.9651323556900024,"[0.01616460084915161, 0.0007915677851997316, 0.0017468077130615711, 0.981296956539154]",non_flood,0.8769745230674744,42.49379999964731,0.7598176002502441,"[0.11715690791606903, 0.004916210658848286, 0.0009522885666228831, 0.8769745230674744]",non_flood,0.9812977313995361,20.693200000096112,0.9651337265968323,"[0.016164002940058708, 0.0007915265159681439, 0.0017467422876507044, 0.9812977313995361]"
E:\RHNA\1Visual\NCKH\nckh2\products\fe\model\Dataset_Flood\non_flood\953056_345891_5555.jpeg,non_flood,3,non_flood,0.9830209016799927,22.435699999732606,0.9734212756156921,"[0.009599607437849045, 0.006250728387385607, 0.0011287529487162828, 0.9830209016799927]",non_flood,0.9687972664833069,20.760999999765772,0.9414676427841187,"[0.0016920382622629404, 0.0021811702754348516, 0.02732960134744644, 0.9687972664833069]",non_flood,0.9830210208892822,9.35029999982362,0.9734214544296265,"[0.00959955807775259, 0.006250693462789059, 0.0011287472443655133, 0.9830210208892822]",non_flood,0.9687970280647278,15.110299999832932,0.9414672255516052,"[0.0016920410562306643, 0.0021811791229993105, 0.027329783886671066, 0.9687970280647278]",non_flood,0.9830209016799927,20.236600000316685,0.9734213352203369,"[0.00959954783320427, 0.0062507218681275845, 0.0011287495726719499, 0.9830209016799927]",non_flood,0.9687965512275696,22.152599999571976,0.9414663314819336,"[0.001692054676823318, 0.0021811923943459988, 0.027330191805958748, 0.9687965512275696]"
E:\RHNA\1Visual\NCKH\nckh2\products\fe\model\Dataset_Flood\non_flood\화면 캡처 2025-03-05 153209.jpg,non_flood,3,non_flood,0.823729395866394,35.92930000013439,0.6554050445556641,"[0.1683243364095688, 0.0074944887310266495, 0.0004517667111940682, 0.823729395866394]",non_flood,0.9290207028388977,39.571799999976065,0.8649143576622009,"[0.06410632282495499, 0.005324565339833498, 0.0015483987517654896, 0.9290207028388977]",non_flood,0.8237307071685791,10.764600000584323,0.6554076075553894,"[0.1683230996131897, 0.007494483143091202, 0.0004517695924732834, 0.8237307071685791]",non_flood,0.9290187358856201,18.486599999960163,0.8649105429649353,"[0.06410817801952362, 0.005324698984622955, 0.0015484160976484418, 0.9290187358856201]",non_flood,0.8237292170524597,15.613300000040908,0.655404806137085,"[0.16832444071769714, 0.007494558580219746, 0.00045177325955592096, 0.8237292170524597]",non_flood,0.9290238618850708,21.794400000544556,0.8649205565452576,"[0.06410332024097443, 0.005324454978108406, 0.0015483921160921454, 0.9290238618850708]"
E:\RHNA\1Visual\NCKH\nckh2\products\fe\model\Dataset_Flood\non_flood\images (41).jpg,non_flood,3,non_flood,0.6210681796073914,22.075399999266665,0.36095675826072693,"[0.26011142134666443, 0.06980771571397781, 0.049012649804353714, 0.6210681796073914]",low,0.6766080260276794,23.59879999949044,0.4803559482097626,"[0.6766080260276794, 0.10453009605407715, 0.022609705105423927, 0.19625207781791687]",non_flood,0.6210681796073914,9.543099999973492,0.3609567880630493,"[0.26011139154434204, 0.06980771571397781, 0.04901270940899849, 0.6210681796073914]",low,0.6766075491905212,24.340000000847795,0.48035523295402527,"[0.6766075491905212, 0.10453014820814133, 0.022609975188970566, 0.19625231623649597]",non_flood,0.621067464351654,32.40329999971436,0.36095601320266724,"[0.2601114511489868, 0.06980811059474945, 0.04901299253106117, 0.621067464351654]",low,0.6766109466552734,42.29669999949692,0.48036110401153564,"[0.6766109466552734, 0.10452926903963089, 0.022609887644648552, 0.1962498426437378]"
E:\RHNA\1Visual\NCKH\nckh2\products\fe\model\Dataset_Flood\non_flood\230415135444359_w.jpg,non_flood,3,non_flood,0.9742660522460938,33.548700000210374,0.9587241411209106,"[0.015541927888989449, 0.009406974539160728, 0.0007850329857319593, 0.9742660522460938]",non_flood,0.9988316893577576,21.248600000035367,0.998317539691925,"[0.00048817103379406035, 0.0005141391884535551, 0.00016595746274106205, 0.9988316893577576]",non_flood,0.9742660522460938,9.173800000098709,0.9587240815162659,"[0.015541942790150642, 0.0094069829210639, 0.000785031879786402, 0.9742660522460938]",non_flood,0.9988316893577576,16.35679999981221,0.998317539691925,"[0.00048817868810147047, 0.0005141421570442617, 0.0001659584086155519, 0.9988316893577576]",non_flood,0.9742661714553833,28.123600000071747,0.9587242603302002,"[0.015541891567409039, 0.009406935423612595, 0.000785031181294471, 0.9742661714553833]",non_flood,0.9988316893577576,27.05859999969107,0.998317539691925,"[0.00048817263450473547, 0.000514141924213618, 0.00016595511988271028, 0.9988316893577576]"
E:\RHNA\1Visual\NCKH\nckh2\products\fe\model\Dataset_Flood\non_flood\images (32).jpg,non_flood,3,low,0.80089271068573,31.682499999988067,0.7128303647041321,"[0.80089271068573, 0.0880623534321785, 0.04168260097503662, 0.06936232000589371]",low,0.8817614316940308,40.106200000082026,0.8397491574287415,"[0.8817614316940308, 0.040686409920454025, 0.03553995117545128, 0.042012277990579605]",low,0.8008929491043091,24.224300000241783,0.7128306031227112,"[0.8008929491043091, 0.0880623534321785, 0.041682492941617966, 0.06936226040124893]",low,0.8817618489265442,26.83690000048955,0.839749813079834,"[0.8817618489265442, 0.04068610072135925, 0.03553991764783859, 0.042012039572000504]",low,0.8008927702903748,25.878100000227278,0.7128304839134216,"[0.8008927702903748, 0.08806228637695312, 0.041682470589876175, 0.06936244666576385]",low,0.8817611336708069,25.006399999256246,0.8397490382194519,"[0.8817611336708069, 0.040686529129743576, 0.03554024547338486, 0.04201209545135498]"
E:\RHNA\1Visual\NCKH\nckh2\products\fe\model\Dataset_Flood\non_flood\화면 캡처 2025-03-05 173907.jpg,non_flood,3,non_flood,0.9761147499084473,31.95380000033765,0.9528827667236328,"[0.023231999948620796, 0.0006256383494473994, 2.7598454835242592e-05, 0.9761147499084473]",non_flood,0.9638550877571106,32.97339999971882,0.9331976771354675,"[0.030657382681965828, 0.004834108520299196, 0.0006534385029226542, 0.9638550877571106]",non_flood,0.9761148691177368,13.416400000096473,0.9528829455375671,"[0.02323189750313759, 0.0006256360211409628, 2.7598143788054585e-05, 0.9761148691177368]",non_flood,0.9638550877571106,26.046900000437745,0.9331977367401123,"[0.03065735474228859, 0.004834117833524942, 0.0006534441490657628, 0.9638550877571106]",non_flood,0.9761147499084473,15.903600000456208,0.952882707118988,"[0.023232024163007736, 0.0006256438209675252, 2.7598560336627997e-05, 0.9761147499084473]",non_flood,0.9638557434082031,14.396900000065216,0.9331989288330078,"[0.03065681830048561, 0.004834015388041735, 0.0006534290150739253, 0.9638557434082031]"
E:\RHNA\1Visual\NCKH\nckh2\products\fe\model\Dataset_Flood\non_flood\1789568749022_282700609501588260_7406490438318140161_e59a160960ff6aab4139ef93e6451eaa.jpg,non_flood,3,non_flood,0.9293272495269775,22.236400000110734,0.8878431916236877,"[0.041484035551548004, 0.020915022119879723, 0.008273674175143242, 0.9293272495269775]",non_flood,0.9942917823791504,19.745900000089023,0.9921626448631287,"[0.0016622525872662663, 0.0021291417069733143, 0.0019167877035215497, 0.9942917823791504]",non_flood,0.9293273687362671,9.48080000034679,0.8878433704376221,"[0.04148399084806442, 0.020914990454912186, 0.008273660205304623, 0.9293273687362671]",non_flood,0.9942917823791504,15.2909999997064,0.9921626448631287,"[0.0016622731927782297, 0.002129160100594163, 0.001916809706017375, 0.9942917823791504]",non_flood,0.9293271899223328,14.003100000081758,0.8878431916236877,"[0.04148402065038681, 0.020915066823363304, 0.008273725397884846, 0.9293271899223328]",non_flood,0.9942917823791504,23.969300000317162,0.9921626448631287,"[0.0016622809926047921, 0.0021291538141667843, 0.0019168006256222725, 0.9942917823791504]"
E:\RHNA\1Visual\NCKH\nckh2\products\fe\model\Dataset_Flood\non_flood\img.jpg,non_flood,3,non_flood,0.989693820476532,39.21150000041962,0.9855878949165344,"[0.0033929466735571623, 0.004105943255126476, 0.0028073403518646955, 0.989693820476532]",non_flood,0.8797597885131836,36.26499999973021,0.8177374601364136,"[0.06202229857444763, 0.013863946311175823, 0.044353943318128586, 0.8797597885131836]",non_flood,0.989693820476532,12.207200000375451,0.9855878949165344,"[0.0033929159399122, 0.004105926025658846, 0.0028073375578969717, 0.989693820476532]",non_flood,0.8797588348388672,23.347600000306556,0.8177363276481628,"[0.062022481113672256, 0.013864116743206978, 0.04435453191399574, 0.8797588348388672]",non_flood,0.9896937012672424,35.01299999970797,0.9855877161026001,"[0.0033929639030247927, 0.004105991683900356, 0.002807373646646738, 0.9896937012672424]",non_flood,0.8797589540481567,53.08760000025359,0.8177362680435181,"[0.062022678554058075, 0.013864071108400822, 0.044354237616062164, 0.8797589540481567]"
E:\RHNA\1Visual\NCKH\nckh2\products\fe\model\Dataset_Flood\non_flood\화면 캡처 2025-03-05 153429.jpg,non_flood,3,non_flood,0.82539302110672,68.94829999964713,0.6791608333587646,"[0.1462322175502777, 0.026436349377036095, 0.0019383671460673213, 0.82539302110672]",non_flood,0.9817668795585632,58.61090000053082,0.9668269753456116,"[0.01493989210575819, 0.0009663021191954613, 0.0023269709199666977, 0.9817668795585632]",non_flood,0.8253942728042603,24.373299999751907,0.6791632175445557,"[0.14623107016086578, 0.02643629163503647, 0.0019383711041882634, 0.8253942728042603]",non_flood,0.9817669987678528,36.67990000030841,0.9668271541595459,"[0.014939851127564907, 0.0009663022356107831, 0.002326957881450653, 0.9817669987678528]",non_flood,0.8253939151763916,30.320799999572046,0.6791625022888184,"[0.14623142778873444, 0.026436304673552513, 0.001938368077389896, 0.8253939151763916]",non_flood,0.981767475605011,27.500300000610878,0.9668281078338623,"[0.014939366839826107, 0.0009662779048085213, 0.0023269413504749537, 0.981767475605011]"
E:\RHNA\1Visual\NCKH\nckh2\products\fe\model\Dataset_Flood\non_flood\다운로드 (6).jpg,non_flood,3,non_flood,0.8229859471321106,54.40829999952257,0.664867639541626,"[0.1581183224916458, 0.01644495315849781, 0.002450772328302264, 0.8229859471321106]",non_flood,0.8603035807609558,50.67330000019865,0.734738290309906,"[0.1255652755498886, 0.009513451717793941, 0.004617654252797365, 0.8603035807609558]",non_flood,0.8229868412017822,16.928499999266933,0.6648695468902588,"[0.15811732411384583, 0.016444936394691467, 0.0024507842026650906, 0.8229868412017822]",non_flood,0.8603037595748901,20.989499999814143,0.7347385287284851,"[0.12556523084640503, 0.009513376280665398, 0.004617585334926844, 0.8603037595748901]",non_flood,0.8229864835739136,25.65649999996822,0.6648687124252319,"[0.15811780095100403, 0.016444971784949303, 0.002450775122269988, 0.8229864835739136]",non_flood,0.8603081107139587,25.96670000002632,0.734747052192688,"[0.12556105852127075, 0.0095133101567626, 0.00461755134165287, 0.8603081107139587]"
E:\RHNA\1Visual\NCKH\nckh2\products\fe\model\Dataset_Flood\non_flood\화면 캡처 2025-03-05 172439.jpg,non_flood,3,non_flood,0.7007916569709778,26.03960000033112,0.44722220301628113,"[0.25356945395469666, 0.04414408281445503, 0.0014947690069675446, 0.7007916569709778]",non_flood,0.7832466959953308,43.13449999972363,0.6581149101257324,"[0.12513180077075958, 0.0910457968711853, 0.0005756717291660607, 0.7832466959953308]",non_flood,0.7007942795753479,15.40949999980512,0.44722703099250793,"[0.25356724858283997, 0.04414370283484459, 0.001494753174483776, 0.7007942795753479]",non_flood,0.7832426428794861,29.957099999592174,0.6581077575683594,"[0.1251349002122879, 0.09104673564434052, 0.0005756751052103937, 0.7832426428794861]",non_flood,0.7007944583892822,32.938999999714724,0.4472272992134094,"[0.2535671591758728, 0.044143564999103546, 0.0014947549207136035, 0.7007944583892822]",non_flood,0.7832480072975159,35.02149999985704,0.6581166386604309,"[0.12513136863708496, 0.09104499220848083, 0.0005756710888817906, 0.7832480072975159]"
E:\RHNA\1Visual\NCKH\nckh2\products\fe\model\Dataset_Flood\non_flood\images (20).jpg,non_flood,3,non_flood,0.8861100673675537,69.57880000027217,0.8268058896064758,"[0.05930418148636818, 0.03825296834111214, 0.016332797706127167, 0.8861100673675537]",non_flood,0.9839427471160889,45.106000000487256,0.9768519997596741,"[0.006703817285597324, 0.007090774830430746, 0.0022626707796007395, 0.9839427471160889]",non_flood,0.8861101269721985,19.62360000015906,0.8268061280250549,"[0.059304025024175644, 0.0382530577480793, 0.016332799568772316, 0.8861101269721985]",non_flood,0.983942985534668,25.672700000541226,0.9768522381782532,"[0.006703677587211132, 0.007090739440172911, 0.0022626370191574097, 0.983942985534668]",non_flood,0.8861097693443298,43.379799999456736,0.8268055319786072,"[0.059304241091012955, 0.03825308382511139, 0.016332881525158882, 0.8861097693443298]",non_flood,0.983942985534668,31.18189999986498,0.9768522381782532,"[0.006703581660985947, 0.007090731989592314, 0.0022626626305282116, 0.983942985534668]"
E:\RHNA\1Visual\NCKH\nckh2\products\fe\model\Dataset_Flood\non_flood\images (44).jpg,non_flood,3,non_flood,0.9799315333366394,26.219899999887275,0.964646577835083,"[0.015284928493201733, 0.004096564371138811, 0.000686950865201652, 0.9799315333366394]",non_flood,0.9900244474411011,19.839499999761756,0.9853630065917969,"[0.004661453887820244, 0.004434551112353802, 0.0008795827743597329, 0.9900244474411011]",non_flood,0.9799315333366394,8.876799999598006,0.9646466374397278,"[0.015284892171621323, 0.004096564371138811, 0.0006869505159556866, 0.9799315333366394]",non_flood,0.9900243282318115,15.871499999775551,0.9853628277778625,"[0.004661499988287687, 0.004434588365256786, 0.0008795952307991683, 0.9900243282318115]",non_flood,0.9799312949180603,19.160400000146183,0.9646462202072144,"[0.015285048633813858, 0.004096616059541702, 0.0006869621574878693, 0.9799312949180603]",non_flood,0.9900245666503906,23.790000000190048,0.985363245010376,"[0.004661316517740488, 0.004434525500983, 0.0008795828325673938, 0.9900245666503906]"
E:\RHNA\1Visual\NCKH\nckh2\products\fe\model\Dataset_Flood\non_flood\화면 캡처 2025-03-05 181150.jpg,non_flood,3,non_flood,0.9328570365905762,29.51759999996284,0.8828215003013611,"[0.05003553256392479, 0.014417690224945545, 0.0026897466741502285, 0.9328570365905762]",non_flood,0.9605526328086853,29.69109999958164,0.9409884810447693,"[0.019564133137464523, 0.008677501231431961, 0.011205755174160004, 0.9605526328086853]",non_flood,0.9328570365905762,9.841500000220549,0.8828215599060059,"[0.05003548786044121, 0.014417697675526142, 0.0026897506322711706, 0.9328570365905762]",non_flood,0.9605539441108704,15.258000000358152,0.9409903287887573,"[0.019563639536499977, 0.008677090518176556, 0.011205284856259823, 0.9605539441108704]",non_flood,0.9328571557998657,10.266900000715395,0.882821798324585,"[0.05003536865115166, 0.014417706057429314, 0.0026897394564002752, 0.9328571557998657]",non_flood,0.960555374622345,17.29849999992439,0.9409925937652588,"[0.019562769681215286, 0.008676639758050442, 0.011205131188035011, 0.960555374622345]"
E:\RHNA\1Visual\NCKH\nckh2\products\fe\model\Dataset_Flood\non_flood\화면 캡처 2025-03-05 153259.jpg,non_flood,3,non_flood,0.6780125498771667,33.2685000003039,0.5105838179588318,"[0.16742871701717377, 0.12746958434581757, 0.027089130133390427, 0.6780125498771667]",non_flood,0.8881718516349792,37.23020000052202,0.8440385460853577,"[0.036829832941293716, 0.044133298099040985, 0.030865000560879707, 0.8881718516349792]",non_flood,0.6780149340629578,11.082800000622228,0.5105874538421631,"[0.1674274504184723, 0.12746861577033997, 0.027089038863778114, 0.6780149340629578]",non_flood,0.8881714344024658,15.79689999925904,0.8440379500389099,"[0.03682994097471237, 0.04413347318768501, 0.03086511790752411, 0.8881714344024658]",non_flood,0.678013801574707,17.9827000001751,0.5105857849121094,"[0.16742801666259766, 0.12746906280517578, 0.027089055627584457, 0.678013801574707]",non_flood,0.888170599937439,28.97899999970832,0.8440378308296204,"[0.03683027625083923, 0.04413274675607681, 0.03086635284125805, 0.888170599937439]"
E:\RHNA\1Visual\NCKH\nckh2\products\fe\model\Dataset_Flood\non_flood\다운로드 (15).jpg,non_flood,3,non_flood,0.9528119564056396,32.440199999655306,0.9166589975357056,"[0.03615293651819229, 0.006761610973626375, 0.004273447208106518, 0.9528119564056396]",non_flood,0.9477217197418213,38.99290000026667,0.9179359078407288,"[0.029785815626382828, 0.008378982543945312, 0.014113545417785645, 0.9477217197418213]",non_flood,0.9528119564056396,17.791000000215718,0.9166589975357056,"[0.03615296259522438, 0.006761643569916487, 0.004273483995348215, 0.9528119564056396]",non_flood,0.9477214813232422,24.380500000006577,0.9179355502128601,"[0.029785949736833572, 0.008379044011235237, 0.01411360315978527, 0.9477214813232422]",non_flood,0.9528116583824158,13.751000000411295,0.9166584610939026,"[0.03615320846438408, 0.00676166033372283, 0.004273478407412767, 0.9528116583824158]",non_flood,0.9477211833000183,27.27210000011837,0.9179350733757019,"[0.02978610247373581, 0.00837904866784811, 0.014113611541688442, 0.9477211833000183]"
E:\RHNA\1Visual\NCKH\nckh2\products\fe\model\Dataset_Flood\non_flood\다운로드 (33).jpg,non_flood,3,non_flood,0.7765281796455383,32.97169999950711,0.571245014667511,"[0.20528316497802734, 0.008382754400372505, 0.009805905632674694, 0.7765281796455383]",non_flood,0.9340934157371521,36.40280000036,0.871174693107605,"[0.06291870772838593, 0.0016945754177868366, 0.0012932963436469436, 0.9340934157371521]",non_flood,0.7765279412269592,21.176899999773013,0.5712447166442871,"[0.2052832543849945, 0.008382771164178848, 0.009805949404835701, 0.7765279412269592]",non_flood,0.934095561504364,18.255599999974947,0.871178925037384,"[0.06291664391756058, 0.0016945177922025323, 0.0012932721292600036, 0.934095561504364]",non_flood,0.7765284180641174,23.83529999951861,0.5712454319000244,"[0.2052830159664154, 0.008382740430533886, 0.009805889800190926, 0.7765284180641174]",non_flood,0.934096097946167,23.071300000083284,0.8711799383163452,"[0.06291618198156357, 0.0016945074312388897, 0.0012932950630784035, 0.934096097946167]"
E:\RHNA\1Visual\NCKH\nckh2\products\fe\model\Dataset_Flood\non_flood\다운로드 (58) 3.jpg,non_flood,3,non_flood,0.8639671802520752,26.4777000002141,0.7319258451461792,"[0.1320413500070572, 0.0022853913251310587, 0.0017061297548934817, 0.8639671802520752]",non_flood,0.8249716758728027,34.31579999960377,0.7456443309783936,"[0.07932732999324799, 0.020973235368728638, 0.07472779601812363, 0.8249716758728027]",non_flood,0.8639670610427856,10.233200000584475,0.7319257259368896,"[0.132041335105896, 0.002285401802510023, 0.0017061351099982858, 0.8639670610427856]",non_flood,0.82497239112854,19.823499999802152,0.7456456422805786,"[0.07932671904563904, 0.020973172038793564, 0.07472775876522064, 0.82497239112854]",non_flood,0.8639666438102722,13.538299999709125,0.7319247722625732,"[0.13204187154769897, 0.0022854118142277002, 0.001706145703792572, 0.8639666438102722]",non_flood,0.8249709010124207,18.311099999664293,0.7456442713737488,"[0.07932663708925247, 0.020973583683371544, 0.07472880184650421, 0.8249709010124207]"
E:\RHNA\1Visual\NCKH\nckh2\products\fe\model\Dataset_Flood\non_flood\images (3)1.jpg,non_flood,3,non_flood,0.632008969783783,30.532700000549085,0.30748337507247925,"[0.3245255947113037, 0.03173249959945679, 0.011733031831681728, 0.632008969783783]",low,0.5758825540542603,38.003800000296906,0.30891159176826477,"[0.5758825540542603, 0.09838476777076721, 0.058761756867170334, 0.2669709622859955]",non_flood,0.6320095062255859,18.70729999973264,0.3074844181537628,"[0.3245250880718231, 0.031732384115457535, 0.011732962913811207, 0.6320095062255859]",low,0.5758872628211975,28.785900000002584,0.30892086029052734,"[0.5758872628211975, 0.098384328186512, 0.05876192823052406, 0.26696640253067017]",non_flood,0.6320096850395203,15.650900000764523,0.30748486518859863,"[0.32452481985092163, 0.03173248469829559, 0.011732988059520721, 0.6320096850395203]",low,0.5758780837059021,18.06979999946634,0.3089022934436798,"[0.5758780837059021, 0.09838292002677917, 0.05876318737864494, 0.2669757902622223]"
E:\RHNA\1Visual\NCKH\nckh2\products\fe\model\Dataset_Flood\non_flood\화면 캡처 2025-03-05 153800.jpg,non_flood,3,non_flood,0.9515346884727478,96.02480000012292,0.9080844521522522,"[0.0434502474963665, 0.0045575411058962345, 0.0004574754857458174, 0.9515346884727478]",non_flood,0.9957414865493774,56.901299999481125,0.9932905435562134,"[0.002450936008244753, 0.0005847984575666487, 0.001222822698764503, 0.9957414865493774]",non_flood,0.9515349864959717,24.461799999698997,0.9080850481987,"[0.04344996064901352, 0.0045575471594929695, 0.00045748043339699507, 0.9515349864959717]",non_flood,0.9957413673400879,24.35409999998228,0.9932904243469238,"[0.0024509697686880827, 0.0005848033470101655, 0.0012228371342644095, 0.9957413673400879]",non_flood,0.9515343904495239,12.439399999493617,0.9080838561058044,"[0.04345054551959038, 0.0045575937256217, 0.0004574836348183453, 0.9515343904495239]",non_flood,0.995741605758667,14.886500000102387,0.9932907223701477,"[0.0024508570786565542, 0.0005847683642059565, 0.0012227925471961498, 0.995741605758667]"
E:\RHNA\1Visual\NCKH\nckh2\products\fe\model\Dataset_Flood\non_flood\images (7)1.jpg,non_flood,3,non_flood,0.7903860211372375,33.14610000052198,0.5916441679000854,"[0.1987418532371521, 0.00547519838437438, 0.005396918393671513, 0.7903860211372375]",non_flood,0.8028673529624939,29.814700000315497,0.610814094543457,"[0.19205322861671448, 0.0016762986779212952, 0.0034031386021524668, 0.8028673529624939]",non_flood,0.7903850674629211,11.06419999996433,0.5916423201560974,"[0.19874274730682373, 0.005475249607115984, 0.0053969682194292545, 0.7903850674629211]",non_flood,0.802865743637085,16.369599999961792,0.6108109951019287,"[0.19205474853515625, 0.0016763202147558331, 0.0034031704999506474, 0.802865743637085]",non_flood,0.7903854846954346,28.464499999245163,0.5916430950164795,"[0.1987423598766327, 0.0054752156138420105, 0.00539696030318737, 0.7903854846954346]",non_flood,0.8028718829154968,42.37730000022566,0.6108232140541077,"[0.19204868376255035, 0.001676278538070619, 0.003403137903660536, 0.8028718829154968]"
E:\RHNA\1Visual\NCKH\nckh2\products\fe\model\Dataset_Flood\non_flood\다운로드 (31) 3.jpg,non_flood,3,non_flood,0.8852548003196716,39.59200000008423,0.7903462052345276,"[0.09490859508514404, 0.018329134210944176, 0.0015074796974658966, 0.8852548003196716]",non_flood,0.9302040338516235,29.966199999762466,0.8754658699035645,"[0.05473818629980087, 0.008732788264751434, 0.006324931047856808, 0.9302040338516235]",non_flood,0.8852553367614746,16.01440000013099,0.790347158908844,"[0.09490816295146942, 0.018329018726944923, 0.0015074685215950012, 0.8852553367614746]",non_flood,0.9302035570144653,20.387900000059744,0.8754647970199585,"[0.05473877117037773, 0.008732800371944904, 0.0063249156810343266, 0.9302035570144653]",non_flood,0.8852542042732239,21.094300000186195,0.7903451919555664,"[0.09490898251533508, 0.018329249694943428, 0.0015074879629537463, 0.8852542042732239]",non_flood,0.9302041530609131,25.762000000213447,0.8754660487174988,"[0.0547381155192852, 0.008732764050364494, 0.006325049325823784, 0.9302041530609131]"
E:\RHNA\1Visual\NCKH\nckh2\products\fe\model\Dataset_Flood\non_flood\다운로드 (39) 3.jpg,non_flood,3,non_flood,0.7692813277244568,33.94930000013119,0.5539162158966064,"[0.21536511182785034, 0.009056339040398598, 0.0062972381711006165, 0.7692813277244568]",non_flood,0.9359870553016663,20.221800000399526,0.8734190464019775,"[0.06256800889968872, 0.0011047802399843931, 0.00034020893508568406, 0.9359870553016663]",non_flood,0.769281804561615,9.3258999995669,0.5539171695709229,"[0.21536463499069214, 0.009056339971721172, 0.006297262851148844, 0.769281804561615]",non_flood,0.9359867572784424,15.997800000150164,0.8734184503555298,"[0.0625682845711708, 0.0011047724401578307, 0.0003402064030524343, 0.9359867572784424]",non_flood,0.7692802548408508,16.122799999720883,0.5539141893386841,"[0.21536603569984436, 0.009056413546204567, 0.006297301035374403, 0.7692802548408508]",non_flood,0.9359855651855469,14.38400000006368,0.8734162449836731,"[0.06256933510303497, 0.0011048121377825737, 0.00034021897590719163, 0.9359855651855469]"
E:\RHNA\1Visual\NCKH\nckh2\products\fe\model\Dataset_Flood\non_flood\images (21)1.jpg,non_flood,3,non_flood,0.6653968691825867,20.88000000003376,0.3343764543533325,"[0.33102041482925415, 0.003524838015437126, 5.7843433751259e-05, 0.6653968691825867]",non_flood,0.7368332743644714,20.482900000388327,0.514320969581604,"[0.22251233458518982, 0.03575372323393822, 0.00490071065723896, 0.7368332743644714]",non_flood,0.6653981804847717,10.124600000381179,0.3343789875507355,"[0.33101919293403625, 0.0035248352214694023, 5.784321911050938e-05, 0.6653981804847717]",non_flood,0.73683100938797,16.156499999851803,0.5143166780471802,"[0.2225143015384674, 0.0357540138065815, 0.004900728352367878, 0.73683100938797]",non_flood,0.6653987169265747,20.43139999932464,0.3343801200389862,"[0.3310185968875885, 0.003524834755808115, 5.784309541922994e-05, 0.6653987169265747]",non_flood,0.736835777759552,20.339800000328978,0.5143254399299622,"[0.22251033782958984, 0.035753145813941956, 0.004900706000626087, 0.736835777759552]"
E:\RHNA\1Visual\NCKH\nckh2\products\fe\model\Dataset_Flood\non_flood\images - 2025-01-28T185039.760.jpg,non_flood,3,non_flood,0.5004959106445312,31.61980000004405,0.13068819046020508,"[0.36980772018432617, 0.12126258760690689, 0.008433707058429718, 0.5004959106445312]",non_flood,0.8774570822715759,26.49420000034297,0.7928465604782104,"[0.08461051434278488, 0.03433186933398247, 0.0036005061119794846, 0.8774570822715759]",non_flood,0.500496506690979,12.70349999958853,0.13068914413452148,"[0.3698073625564575, 0.12126240879297256, 0.008433744311332703, 0.500496506690979]",non_flood,0.8774564266204834,16.173900000467256,0.7928454875946045,"[0.0846109539270401, 0.03433205932378769, 0.0036005345173180103, 0.8774564266204834]",non_flood,0.5004969239234924,33.38559999974677,0.13069024682044983,"[0.3698066771030426, 0.12126258760690689, 0.008433734998106956, 0.5004969239234924]",non_flood,0.8774585127830505,44.42780000044877,0.7928495407104492,"[0.08460895717144012, 0.034332025796175, 0.0036005242727696896, 0.8774585127830505]"
E:\RHNA\1Visual\NCKH\nckh2\products\fe\model\Dataset_Flood\non_flood\화면 캡처 2025-03-05 164447.jpg,non_flood,3,low,0.798092246055603,49.018400000022666,0.7064200043678284,"[0.798092246055603, 0.0482863187789917, 0.06194917485117912, 0.09167221933603287]",low,0.9000704288482666,35.61880000052042,0.8409870862960815,"[0.9000704288482666, 0.024442078545689583, 0.016404034569859505, 0.05908333510160446]",low,0.7980915904045105,19.748499999877822,0.706419050693512,"[0.7980915904045105, 0.04828643053770065, 0.06194940209388733, 0.09167251735925674]",low,0.9000704288482666,31.47720000015397,0.8409870266914368,"[0.9000704288482666, 0.02444198541343212, 0.0164041668176651, 0.05908339470624924]",low,0.7980920076370239,31.882799999948475,0.7064197659492493,"[0.7980920076370239, 0.04828624799847603, 0.06194942444562912, 0.09167225658893585]",low,0.9000691175460815,38.96410000015749,0.8409839868545532,"[0.9000691175460815, 0.02444138191640377, 0.01640433818101883, 0.05908510461449623]"
E:\RHNA\1Visual\NCKH\nckh2\products\fe\model\Dataset_Flood\non_flood\images (16)1.jpg,non_flood,3,non_flood,0.9469630718231201,39.47179999977379,0.8973435759544373,"[0.04961947724223137, 0.0030506120529025793, 0.0003668546851258725, 0.9469630718231201]",non_flood,0.8873798847198486,46.91889999958221,0.8073140382766724,"[0.08006581664085388, 0.030065592378377914, 0.0024887314066290855, 0.8873798847198486]",non_flood,0.9469630718231201,13.12089999919408,0.897343635559082,"[0.049619417637586594, 0.0030506192706525326, 0.0003668546851258725, 0.9469630718231201]",non_flood,0.8873777985572815,25.392200000169396,0.8073104619979858,"[0.08006736636161804, 0.03006603755056858, 0.0024887514300644398, 0.8873777985572815]",non_flood,0.9469626545906067,34.665400000449154,0.8973428010940552,"[0.04961985722184181, 0.0030506495386362076, 0.0003668566350825131, 0.9469626545906067]",non_flood,0.8873817920684814,18.848499999876367,0.807316780090332,"[0.08006500452756882, 0.030064500868320465, 0.002488757949322462, 0.8873817920684814]"
E:\RHNA\1Visual\NCKH\nckh2\products\fe\model\Dataset_Flood\non_flood\images (25).jpg,non_flood,3,non_flood,0.9606916904449463,25.23399999972753,0.9250490069389343,"[0.03564266860485077, 0.0016527019906789064, 0.002012968296185136, 0.9606916904449463]",non_flood,0.9007195234298706,20.11179999954038,0.8231223225593567,"[0.07759718596935272, 0.0067920139990746975, 0.014891289174556732, 0.9007195234298706]",non_flood,0.9606916904449463,10.2511000004597,0.9250491261482239,"[0.0356425903737545, 0.0016526973340660334, 0.0020129664335399866, 0.9606916904449463]",non_flood,0.9007183313369751,16.518399999768008,0.8231199979782104,"[0.07759834080934525, 0.0067920079454779625, 0.014891247265040874, 0.9007183313369751]",non_flood,0.9606916904449463,21.452700000736513,0.9250490069389343,"[0.03564268350601196, 0.001652705017477274, 0.0020129738841205835, 0.9606916904449463]",non_flood,0.9007226824760437,20.797399999537447,0.823128342628479,"[0.07759436964988708, 0.006791859865188599, 0.014891007915139198, 0.9007226824760437]"
