profile,kbps,rtt_ms,mode,run,image,image_bytes,wire_bytes_up,http_status,success,elapsed_s,load1,measured_at,input_index,relative_path,label,image_sha256,original_format,payload_format,repeat,attempt,error_code,error_detail,backend_accepted
2G (EDGE),50,600,metadata,1,images - 2025-01-28T184849.878.jpg,0,1009,200,TRUE,1.472,,2026-10-05T03:20:42+00:00,1,low/images - 2025-01-28T184849.878.jpg,low,627c22c607ef478c79ea55e107f001691ab8ed53f6c54afdb050abe5682b7023,JPEG,,1,1,,,TRUE
2G (EDGE),50,600,metadata,2,images - 2025-01-28T151941.007.jpg,0,1009,200,TRUE,1.435,,2026-10-05T03:20:43+00:00,2,low/images - 2025-01-28T151941.007.jpg,low,5f0113ce019bca0d49e4a8f877b9b7bfb1a0d1ffcc2c4e07281f217530db5311,JPEG,,1,1,,,TRUE
2G (EDGE),50,600,metadata,3,images - 2025-01-28T184423.521.jpg,0,1009,200,TRUE,1.434,,2026-10-05T03:20:45+00:00,3,low/images - 2025-01-28T184423.521.jpg,low,bd922bb16c58fc71516ec9d7b5c1d93fb321d00de871e7ce760bf988adbba2d1,JPEG,,1,1,,,TRUE
2G (EDGE),50,600,metadata,4,다운로드 (26).jpg,0,1009,200,TRUE,1.507,,2026-10-05T03:20:46+00:00,4,low/다운로드 (26).jpg,low,8e49e8cfc10b1dac0f9007397fa30102f7fea32177ece824c7644737972900ce,JPEG,,1,1,,,TRUE
2G (EDGE),50,600,metadata,5,images - 2025-01-28T151753.297.jpg,0,1009,200,TRUE,1.478,,2026-10-05T03:20:48+00:00,5,low/images - 2025-01-28T151753.297.jpg,low,8a69d9e6278cb6a11e63a0539c222a18d45a3c9f836d5931fff6de5bb82647d8,JPEG,,1,1,,,TRUE
2G (EDGE),50,600,metadata,6,10360-2-13961.jpg,0,1009,200,TRUE,1.492,,2026-10-05T03:20:49+00:00,6,low/10360-2-13961.jpg,low,6471c406a970b2a0c56e05f2d4ed42dc78000ffb9270c7b845f4538095efef97,JPEG,,1,1,,,TRUE
2G (EDGE),50,600,metadata,7,images - 2025-01-28T164625.541.jpg,0,1009,200,TRUE,1.48,,2026-10-05T03:20:51+00:00,7,low/images - 2025-01-28T164625.541.jpg,low,910e7541da110f5fd52f2faf3d5df3773f3c6a8325667b69b6bfac1109c36c4a,JPEG,,1,1,,,TRUE
2G (EDGE),50,600,metadata,8,images - 2025-01-28T163206.341.jpg,0,1009,200,TRUE,1.472,,2026-10-05T03:20:52+00:00,8,low/images - 2025-01-28T163206.341.jpg,low,ce4daf7e801563c1ff173822486ce9ef7d57a394370159ff4c8d028d9c4c3315,JPEG,,1,1,,,TRUE
2G (EDGE),50,600,metadata,9,images - 2025-01-28T152038.912.jpg,0,1009,200,TRUE,1.473,,2026-10-05T03:20:53+00:00,9,low/images - 2025-01-28T152038.912.jpg,low,5b080e1cef380726476f73b0aa9611e1b960d63b67c5f6590a9516fa4a56e781,JPEG,,1,1,,,TRUE
2G (EDGE),50,600,metadata,10,images - 2025-01-28T153916.966.jpg,0,1010,200,TRUE,1.482,,2026-10-05T03:20:55+00:00,10,low/images - 2025-01-28T153916.966.jpg,low,f3feffaad630b6c5c07331468d12eb786d3fa1eff1094150cd2add6d7e2a5622,JPEG,,1,1,,,TRUE
2G (EDGE),50,600,metadata,11,images - 2025-01-28T162916.619.jpg,0,1010,200,TRUE,1.464,,2026-10-05T03:20:56+00:00,11,low/images - 2025-01-28T162916.619.jpg,low,37191e0f372cf8e2f989db33a05227a3bb392a945a33101a9ee99c43e1b61a11,JPEG,,1,1,,,TRUE
2G (EDGE),50,600,metadata,12,images - 2025-01-28T162724.362.jpg,0,1010,200,TRUE,1.493,,2026-10-05T03:20:58+00:00,12,low/images - 2025-01-28T162724.362.jpg,low,522ae358a781adfa05ea28cf94069fd8529c8f93241716587e2d26645ccbabd8,JPEG,,1,1,,,TRUE
2G (EDGE),50,600,metadata,13,images - 2025-01-28T155350.781.jpg,0,1010,200,TRUE,1.486,,2026-10-05T03:20:59+00:00,13,low/images - 2025-01-28T155350.781.jpg,low,45ea68dd2c16bca052d27d42b62ff743ecd20bb27e0e18696162cb2370691cc3,JPEG,,1,1,,,TRUE
2G (EDGE),50,600,metadata,14,images (59).jpg,0,1010,200,TRUE,1.478,,2026-10-05T03:21:01+00:00,14,low/images (59).jpg,low,8e6dbf6872b45499a89e3dace6e33843fa985c6cc64b71396185da03cc52acfa,JPEG,,1,1,,,TRUE
2G (EDGE),50,600,metadata,15,image_9946309791508995980052.jpg,0,1010,200,TRUE,1.488,,2026-10-05T03:21:02+00:00,15,low/image_9946309791508995980052.jpg,low,004188df1dea3d799e7a2c72e3e18b48406182dc1040d6f33ac325e69a2346e3,JPEG,,1,1,,,TRUE
2G (EDGE),50,600,metadata,16,images - 2025-01-28T151819.441.jpg,0,1010,200,TRUE,1.496,,2026-10-05T03:21:04+00:00,16,low/images - 2025-01-28T151819.441.jpg,low,0e7fa7e909dad9499bc66f079b7321ed3149daa2becccd015371f693bc4e8271,JPEG,,1,1,,,TRUE
2G (EDGE),50,600,metadata,17,611212110012634149_1.jpg,0,1010,200,TRUE,1.464,,2026-10-05T03:21:05+00:00,17,low/611212110012634149_1.jpg,low,45e44d7c5ab7f92be0542ab4eba296e772ab9194ae7d75c0dccffbbd067d8b09,JPEG,,1,1,,,TRUE
2G (EDGE),50,600,metadata,18,images - 2025-01-28T154010.314.jpg,0,1010,200,TRUE,1.578,,2026-10-05T03:21:07+00:00,18,low/images - 2025-01-28T154010.314.jpg,low,36d3870b9c93c429d8f3323a300793e1684348f5f926c9e91be6ec6ba42090c7,JPEG,,1,1,,,TRUE
2G (EDGE),50,600,metadata,19,images - 2025-01-28T164648.101.jpg,0,1010,200,TRUE,1.482,,2026-10-05T03:21:08+00:00,19,low/images - 2025-01-28T164648.101.jpg,low,c2efc1e04993962fc74094c7478fb291237307abc74a11df00334fdfbd188dbd,JPEG,,1,1,,,TRUE
2G (EDGE),50,600,metadata,20,images (54).jpg,0,1010,200,TRUE,1.453,,2026-10-05T03:21:10+00:00,20,low/images (54).jpg,low,603f1f9a482a3006952b159cda920bd8ed049209b34a50884f6b119685e131f8,JPEG,,1,1,,,TRUE
2G (EDGE),50,600,metadata,21,AKR20240912005700084_14_i_P2.jpg,0,1010,200,TRUE,1.497,,2026-10-05T03:21:11+00:00,21,low/AKR20240912005700084_14_i_P2.jpg,low,c4482010e40a042da2e83fd3c95bbf9c0712183a7770292863fa9417301f4861,JPEG,,1,1,,,TRUE
2G (EDGE),50,600,metadata,22,images (87).jpg,0,1010,200,TRUE,1.461,,2026-10-05T03:21:13+00:00,22,low/images (87).jpg,low,17e7c86fb13f0323a5c1d3be805646c59eec59d5beaea2658d297c0d3373e74b,JPEG,,1,1,,,TRUE
2G (EDGE),50,600,metadata,23,0f569675-81fe-4a2b-a287-d2bd795d43ba.jpg,0,1010,200,TRUE,1.494,,2026-10-05T03:21:14+00:00,23,low/0f569675-81fe-4a2b-a287-d2bd795d43ba.jpg,low,c81707abf5a85406bc2d94929967233a92a9306ae95f498d747d5f7752f7b902,JPEG,,1,1,,,TRUE
2G (EDGE),50,600,metadata,24,다운로드 (9).jpg,0,1010,200,TRUE,1.475,,2026-10-05T03:21:16+00:00,24,low/다운로드 (9).jpg,low,5df85c890ea4a636469d83b37c1af9cbc748052677e24a7db858ee48e001958c,JPEG,,1,1,,,TRUE
2G (EDGE),50,600,metadata,25,images - 2025-01-28T185206.840.jpg,0,1010,200,TRUE,1.458,,2026-10-05T03:21:17+00:00,25,low/images - 2025-01-28T185206.840.jpg,low,6228c1195a7fcd5d74faaea2760e62b51c03ca564ccb0283b455af8570496bee,JPEG,,1,1,,,TRUE
2G (EDGE),50,600,metadata,26,화면 캡처 2025-03-05 165818.jpg,0,1010,200,TRUE,1.478,,2026-10-05T03:21:19+00:00,26,low/화면 캡처 2025-03-05 165818.jpg,low,a16ebe8d0133bc9197eccfeb7d04f98d3305ef0b54f63e1ed8e9d3b8e0ad2617,JPEG,,1,1,,,TRUE
2G (EDGE),50,600,metadata,27,images - 2025-01-28T154337.022.jpg,0,1010,200,TRUE,1.492,,2026-10-05T03:21:20+00:00,27,low/images - 2025-01-28T154337.022.jpg,low,3621b715c4382601bd8cc43d18a16fcd9365f45d719b87e48af40fb2f8b0eca7,JPEG,,1,1,,,TRUE
2G (EDGE),50,600,metadata,28,images - 2025-01-28T164652.242.jpg,0,1010,200,TRUE,1.48,,2026-10-05T03:21:22+00:00,28,low/images - 2025-01-28T164652.242.jpg,low,61bbb7fe51bc1382fc36cf77c2b73775a0a246084d6feb061712fd1be4fff869,JPEG,,1,1,,,TRUE
2G (EDGE),50,600,metadata,29,images - 2025-01-28T162955.160.jpg,0,1010,200,TRUE,1.489,,2026-10-05T03:21:23+00:00,29,low/images - 2025-01-28T162955.160.jpg,low,1b302964ed960ca3a241f951926093e59174f5d18c0b37a222855ac08e6956d7,JPEG,,1,1,,,TRUE
2G (EDGE),50,600,metadata,30,images - 2025-01-28T154225.875.jpg,0,1010,200,TRUE,1.548,,2026-10-05T03:21:25+00:00,30,low/images - 2025-01-28T154225.875.jpg,low,2b6e1e23e9f6ff7c8f932f4404730b4ecdd6fd9b25b17db4b3169295d653cdf1,JPEG,,1,1,,,TRUE
2G (EDGE),50,600,metadata,31,images (15) 2.jpg,0,1010,200,TRUE,1.491,,2026-10-05T03:21:26+00:00,31,low/images (15) 2.jpg,low,42a5648cd763317c8064e73ce7a8af65cf545a2783580afb80f5e540f69bc858,JPEG,,1,1,,,TRUE
2G (EDGE),50,600,metadata,32,00-276.jpg,0,1010,200,TRUE,1.666,,2026-10-05T03:21:28+00:00,32,low/00-276.jpg,low,4a5b33b50f2ee942035dee793f948a2e4e7f67aa117904e8dcb845205c91e1ff,JPEG,,1,1,,,TRUE
2G (EDGE),50,600,metadata,33,다운로드 (1).jpg,0,1010,200,TRUE,1.513,,2026-10-05T03:21:30+00:00,33,low/다운로드 (1).jpg,low,8d60b77a9b72f390a27542b8465cb0466f5822cc53583d17bba89c6b36cc7d9c,JPEG,,1,1,,,TRUE
2G (EDGE),50,600,metadata,34,다운로드 (55).jpg,0,1010,200,TRUE,1.492,,2026-10-05T03:21:31+00:00,34,low/다운로드 (55).jpg,low,727e6934838d73713fd5680aa6825c4c45ec12e3a8927f05d322de39adacd73d,JPEG,,1,1,,,TRUE
2G (EDGE),50,600,metadata,35,images - 2025-01-28T164829.543.jpg,0,1010,200,TRUE,1.509,,2026-10-05T03:21:33+00:00,35,low/images - 2025-01-28T164829.543.jpg,low,7179a8b265946063e758d20acaa77ee8e110b6d3e141ca7d703db63e145256a1,JPEG,,1,1,,,TRUE
2G (EDGE),50,600,metadata,36,images - 2025-01-28T155549.589.jpg,0,1010,200,TRUE,1.487,,2026-10-05T03:21:34+00:00,36,low/images - 2025-01-28T155549.589.jpg,low,6244cdd6c0edfe22c5952588894aa08869241d031569c86fdce429f18753f322,JPEG,,1,1,,,TRUE
2G (EDGE),50,600,metadata,37,다운로드 (46).jpg,0,1010,200,TRUE,1.483,,2026-10-05T03:21:36+00:00,37,low/다운로드 (46).jpg,low,7f2b0f743bc087d93641e7ed726bdba3d3384d89d3c579272c3c2adb58bd7f38,JPEG,,1,1,,,TRUE
2G (EDGE),50,600,metadata,38,images - 2025-01-28T164746.970.jpg,0,1010,200,TRUE,1.48,,2026-10-05T03:21:37+00:00,38,low/images - 2025-01-28T164746.970.jpg,low,257241bb1a41503ca4e3473135a35ccfe89377ad19bc03d86acfcdf04c1fd04e,JPEG,,1,1,,,TRUE
2G (EDGE),50,600,metadata,39,images - 2025-01-28T185020.777.jpg,0,1010,200,TRUE,1.494,,2026-10-05T03:21:39+00:00,39,low/images - 2025-01-28T185020.777.jpg,low,ffb1ec4da5b736da8737cd08b7fd7151a850e239fe1d35f9beb3b1a16c7bd202,JPEG,,1,1,,,TRUE
2G (EDGE),50,600,metadata,40,다운로드 (22).jpg,0,1010,200,TRUE,1.495,,2026-10-05T03:21:40+00:00,40,low/다운로드 (22).jpg,low,e1dfc556a80e773bf1f1e3b61cb7ae583d59f2076ae7a8c535500670c82de27b,JPEG,,1,1,,,TRUE
2G (EDGE),50,600,metadata,41,images (37).jpg,0,1010,200,TRUE,1.48,,2026-10-05T03:21:42+00:00,41,low/images (37).jpg,low,9b946ad1758501c74a140ee2e4f9789598a5d5295c956bf0e8e280805f794205,JPEG,,1,1,,,TRUE
2G (EDGE),50,600,metadata,42,noise (2).jpg,0,1010,200,TRUE,1.479,,2026-10-05T03:21:43+00:00,42,low/noise (2).jpg,low,c6ff296ef4fd9aa096d5af20edf68e6c94a34fff61edfc6316b25142bd37cc4b,JPEG,,1,1,,,TRUE
2G (EDGE),50,600,metadata,43,images - 2025-01-28T163118.084.jpg,0,1010,200,TRUE,1.487,,2026-10-05T03:21:45+00:00,43,low/images - 2025-01-28T163118.084.jpg,low,a299fe9fa37c2e607bd62439d742f9f3bc7d9901c9e99c97394343d0713f4081,JPEG,,1,1,,,TRUE
2G (EDGE),50,600,metadata,44,화면 캡처 2025-03-05 163951.jpg,0,1010,200,TRUE,1.486,,2026-10-05T03:21:46+00:00,44,low/화면 캡처 2025-03-05 163951.jpg,low,75f31a48a4346e254922a4eeab72b30456bc9d47b5e88b0b215e2f75b0f79541,JPEG,,1,1,,,TRUE
2G (EDGE),50,600,metadata,45,a-1697518992.jpg,0,1010,200,TRUE,1.498,,2026-10-05T03:21:48+00:00,45,low/a-1697518992.jpg,low,3289d204c8e03d8944248936bc454d5aea5b59bc41a1b96269125c2ab581cd07,JPEG,,1,1,,,TRUE
2G (EDGE),50,600,metadata,46,images - 2025-01-28T184855.222.jpg,0,1010,200,TRUE,1.484,,2026-10-05T03:21:49+00:00,46,low/images - 2025-01-28T184855.222.jpg,low,a3ad1d1dd7b1392d7045d0b3c5817c60fd0cb09e35d794ec3d97e405f1535c72,JPEG,,1,1,,,TRUE
2G (EDGE),50,600,metadata,47,Mua-lon-nhieu-tuyen-duong-bi-chia-cat-do-ngap.jpg,0,1010,200,TRUE,1.495,,2026-10-05T03:21:51+00:00,47,low/Mua-lon-nhieu-tuyen-duong-bi-chia-cat-do-ngap.jpg,low,4a636722eac7947289e2ee351659d3279aa8bdec7de3d526aa7301e0e8ea83da,JPEG,,1,1,,,TRUE
2G (EDGE),50,600,metadata,48,images (91).jpg,0,1010,200,TRUE,1.461,,2026-10-05T03:21:52+00:00,48,low/images (91).jpg,low,67694493a5915b456599ffc85f79ad2dd89141dceff2f273b1a6fc4eec5545f2,JPEG,,1,1,,,TRUE
2G (EDGE),50,600,metadata,49,화면 캡처 2025-03-05 164019.jpg,0,1010,200,TRUE,1.466,,2026-10-05T03:21:54+00:00,49,low/화면 캡처 2025-03-05 164019.jpg,low,1126614ab6ce433834ff4010ee4bd775c2cd1aa3003778eb505e2a4aa9f65347,JPEG,,1,1,,,TRUE
2G (EDGE),50,600,metadata,50,화면 캡처 2025-03-05 163845.jpg,0,1010,200,TRUE,1.497,,2026-10-05T03:21:55+00:00,50,low/화면 캡처 2025-03-05 163845.jpg,low,f37481db61b1f1ec7156ad68fdf0937297f0e9c760cf48f5ab6dab76844e6cd4,JPEG,,1,1,,,TRUE
2G (EDGE),50,600,metadata,51,images (80).jpg,0,1010,200,TRUE,1.482,,2026-10-05T03:21:56+00:00,51,low/images (80).jpg,low,6ab02506062e3a532cc7277be599710a40e1b3d03540eb3cfa12b992e90040df,JPEG,,1,1,,,TRUE
2G (EDGE),50,600,metadata,52,images - 2025-01-28T153836.835.jpg,0,1010,200,TRUE,1.493,,2026-10-05T03:21:58+00:00,52,low/images - 2025-01-28T153836.835.jpg,low,2b4d23d3ece2cfa10cee3f0ccbac81b7500e2854e2cd3374c2931007e9eb8fed,JPEG,,1,1,,,TRUE
2G (EDGE),50,600,metadata,53,화면 캡처 2025-03-05 164330.jpg,0,1010,200,TRUE,1.494,,2026-10-05T03:21:59+00:00,53,low/화면 캡처 2025-03-05 164330.jpg,low,ac7842800d9d2b89c7f6b5923074a26327ea286bfe40fe81ccf63c23976a85ec,JPEG,,1,1,,,TRUE
2G (EDGE),50,600,metadata,54,images (12) 2.png,0,1010,200,TRUE,1.5,,2026-10-05T03:22:01+00:00,54,low/images (12) 2.png,low,19586a122eb5e6c4de00bbc09b02339b387d0249a05e3690dc9383bf50991314,PNG,,1,1,,,TRUE
2G (EDGE),50,600,metadata,55,화면 캡처 2025-03-05 161116.jpg,0,1010,200,TRUE,1.473,,2026-10-05T03:22:02+00:00,55,low/화면 캡처 2025-03-05 161116.jpg,low,2f3fe63f36ec75ca5fe0896caac06cf0dfb0e2dee8ed43f0a30fb0a50932a445,JPEG,,1,1,,,TRUE
2G (EDGE),50,600,metadata,56,img1.jpeg,0,1010,200,TRUE,1.478,,2026-10-05T03:22:04+00:00,56,low/img1.jpeg,low,df6f1fbc5204bce20da729fd09ed7bab81e77e6be21e927ae06db39c90a2cf79,JPEG,,1,1,,,TRUE
2G (EDGE),50,600,metadata,57,images - 2025-01-28T163022.980.jpg,0,1010,200,TRUE,1.474,,2026-10-05T03:22:05+00:00,57,low/images - 2025-01-28T163022.980.jpg,low,2f635c3682eac9888a201958073889594b75b8dcc7dcbfe564d176fc91dc460c,JPEG,,1,1,,,TRUE
2G (EDGE),50,600,metadata,58,images (15).jpg,0,1010,200,TRUE,1.473,,2026-10-05T03:22:07+00:00,58,medium/images (15).jpg,medium,68d7ac5485564e08315c8e181b868d10acff2c3c5c6dc30c679eb3b5b69cfbef,JPEG,,1,1,,,TRUE
2G (EDGE),50,600,metadata,59,images (78).jpg,0,1010,200,TRUE,1.482,,2026-10-05T03:22:08+00:00,59,medium/images (78).jpg,medium,b4b3ef29acbc224733e0fca30af83d9c673fcf01e12617e34849d86822b9a976,JPEG,,1,1,,,TRUE
2G (EDGE),50,600,metadata,60,chay-lu-7-21441025-1730073553208-1730073553540228535485.webp,0,1010,200,TRUE,1.465,,2026-10-05T03:22:10+00:00,60,medium/chay-lu-7-21441025-1730073553208-1730073553540228535485.webp,medium,cfd7d11cdfec3d412e4106d470269c2d681c2e892295978e173cbaad46f5f9d9,JPEG,,1,1,,,TRUE
2G (EDGE),50,600,metadata,61,images (22).jpg,0,1010,200,TRUE,1.504,,2026-10-05T03:22:11+00:00,61,medium/images (22).jpg,medium,964bf4e7039c2ec2acabd3c177af4e6ef36611981fee5ba61d36aaedfe62c2e2,JPEG,,1,1,,,TRUE
2G (EDGE),50,600,metadata,62,images (45).jpg,0,1010,200,TRUE,1.483,,2026-10-05T03:22:13+00:00,62,medium/images (45).jpg,medium,612f49698ba90aa45ecdc5f73e555115e850cfd56c76277e9fd29c228af6e5e6,JPEG,,1,1,,,TRUE
2G (EDGE),50,600,metadata,63,flood_6166.jpg,0,1010,200,TRUE,1.49,,2026-10-05T03:22:14+00:00,63,medium/flood_6166.jpg,medium,4159ac8c969671d4a3255912207f9df9bc98049492c0cc0a95362b24eeeb8878,JPEG,,1,1,,,TRUE
2G (EDGE),50,600,metadata,64,0112mualu_21112025075850_160.jpg,0,1010,200,TRUE,1.484,,2026-10-05T03:22:16+00:00,64,medium/0112mualu_21112025075850_160.jpg,medium,8e6d53d2adb0fcb04f8e21dc8aab39bbad0c3edc23f7229aa2944aa9748cc253,JPEG,,1,1,,,TRUE
2G (EDGE),50,600,metadata,65,images - 2025-01-28T151322.303.jpg,0,1010,200,TRUE,1.455,,2026-10-05T03:22:17+00:00,65,medium/images - 2025-01-28T151322.303.jpg,medium,3f1084ef380ebd82dc42f44fdb037103ec757f85062ae269d4c2b5eb5808e296,JPEG,,1,1,,,TRUE
2G (EDGE),50,600,metadata,66,image.png,0,1010,200,TRUE,1.486,,2026-10-05T03:22:19+00:00,66,medium/image.png,medium,66927b3f9717a549fecf7b7d88f8bed53466a78257911fa97ac4cda3d369968a,PNG,,1,1,,,TRUE
2G (EDGE),50,600,metadata,67,807798211_1065370852913193_4397432111052496019_n.jpg,0,1010,200,TRUE,1.527,,2026-10-05T03:22:20+00:00,67,medium/807798211_1065370852913193_4397432111052496019_n.jpg,medium,c24f1ae0af40897ab0cb7a1698d101b1e9bb770c27d0f34ab8c6a102df72e9e6,JPEG,,1,1,,,TRUE
2G (EDGE),50,600,metadata,68,flood_6259.jpg,0,1010,200,TRUE,1.471,,2026-10-05T03:22:22+00:00,68,medium/flood_6259.jpg,medium,4de8fa884f2d57dd80d3dfe3178fc9dbe4733bdc5d19a8460ff6bec341aafac4,JPEG,,1,1,,,TRUE
2G (EDGE),50,600,metadata,69,flood_6286.jpg,0,1010,200,TRUE,1.477,,2026-10-05T03:22:23+00:00,69,medium/flood_6286.jpg,medium,eaeee6cb6978717c20f2879f549380c6c27c3bdc8baadc397bd2060fedbf7c44,JPEG,,1,1,,,TRUE
2G (EDGE),50,600,metadata,70,lam-dong-1764843506279818449019.jpg,0,1010,200,TRUE,1.475,,2026-10-05T03:22:25+00:00,70,medium/lam-dong-1764843506279818449019.jpg,medium,bcacb2153b8df70663102f9fba3181b6b2177a21c79f9bf3123386fd3987e1ac,JPEG,,1,1,,,TRUE
2G (EDGE),50,600,metadata,71,images (46).jpg,0,1010,200,TRUE,1.497,,2026-10-05T03:22:26+00:00,71,medium/images (46).jpg,medium,38a8de4ce3022b4cdc0338ba5d0a3a4dc567e1af297a376ca1dca48e063ef256,JPEG,,1,1,,,TRUE
2G (EDGE),50,600,metadata,72,다운로드 (12).jpg,0,1010,200,TRUE,1.48,,2026-10-05T03:22:28+00:00,72,medium/다운로드 (12).jpg,medium,bcf35d05b7688362f8f6710240a89e8ee8509a08cb181949b7074babcd5d0365,JPEG,,1,1,,,TRUE
2G (EDGE),50,600,metadata,73,noise (5).jpg,0,1010,200,TRUE,1.481,,2026-10-05T03:22:29+00:00,73,medium/noise (5).jpg,medium,eb819a1dbb0043f513069582edbf918ce471cbaa687c26336af6a2ef8d301e1f,JPEG,,1,1,,,TRUE
2G (EDGE),50,600,metadata,74,flood_1247.jpg,0,1010,200,TRUE,1.512,,2026-10-05T03:22:31+00:00,74,medium/flood_1247.jpg,medium,be2b6774ad0ec21cbc1951fb0ceb3f62b35281ede3bb7c5b18c00488e7f3ff5f,JPEG,,1,1,,,TRUE
2G (EDGE),50,600,metadata,75,quangbinh-6177.jpeg,0,1010,200,TRUE,1.479,,2026-10-05T03:22:32+00:00,75,medium/quangbinh-6177.jpeg,medium,eed28d4cd27554ac50c77d00e653f3c51123d57f1311e4772fe98da723416719,JPEG,,1,1,,,TRUE
2G (EDGE),50,600,metadata,76,20231124_uS9nUj.jpg,0,1010,200,TRUE,1.491,,2026-10-05T03:22:34+00:00,76,medium/20231124_uS9nUj.jpg,medium,605154cc415e0e03701135d8283a92ae646b8b1efe374d9647f9c201ff7904d8,JPEG,,1,1,,,TRUE
2G (EDGE),50,600,metadata,77,images (3).jpg,0,1010,200,TRUE,1.494,,2026-10-05T03:22:35+00:00,77,medium/images (3).jpg,medium,4e5d64ecdd47da38de6324ac82b12c23fc99fa40da3590684b67029bc4eb9f2f,JPEG,,1,1,,,TRUE
2G (EDGE),50,600,metadata,78,images (92).jpg,0,1010,200,TRUE,1.495,,2026-10-05T03:22:37+00:00,78,medium/images (92).jpg,medium,0a5033d763a93d7c4dc9cb5dbe45a3a857b134882649b6e0442be4087e1c8aad,JPEG,,1,1,,,TRUE
2G (EDGE),50,600,metadata,79,images - 2025-01-28T155148.034.jpg,0,1010,200,TRUE,1.493,,2026-10-05T03:22:38+00:00,79,medium/images - 2025-01-28T155148.034.jpg,medium,595d2030d6eb563f32639a2f3a95a81024e5d889bd186a03fb2282b99011752c,JPEG,,1,1,,,TRUE
2G (EDGE),50,600,metadata,80,image_186.jpg,0,1010,200,TRUE,1.494,,2026-10-05T03:22:40+00:00,80,medium/image_186.jpg,medium,41aed1f809a8893cd69369b1ab9d4b22495fca4367babe1d7e85416354d90136,JPEG,,1,1,,,TRUE
2G (EDGE),50,600,metadata,81,AA.30869797.1.jpg,0,1010,200,TRUE,1.494,,2026-10-05T03:22:41+00:00,81,medium/AA.30869797.1.jpg,medium,4a1c37b2f5930b315a2a051c78ba8b37577df112f273cfe90e854486413c8474,JPEG,,1,1,,,TRUE
2G (EDGE),50,600,metadata,82,1000014818-17616251502381327466398-136-106-1007-1500-crop-17616257967731607029814.webp,0,1010,200,TRUE,1.506,,2026-10-05T03:22:43+00:00,82,medium/1000014818-17616251502381327466398-136-106-1007-1500-crop-17616257967731607029814.webp,medium,cd507abecb098f7dbbb04c9b5b710fd430eeeada6471e06d961d72f260bbcd96,WEBP,,1,1,,,TRUE
2G (EDGE),50,600,metadata,83,img76.jpg,0,1010,200,TRUE,1.475,,2026-10-05T03:22:44+00:00,83,medium/img76.jpg,medium,b06765974f3a5fc63db4f5affcf65eda68973fa2fe7efbd7007d3fa0548ef3c2,JPEG,,1,1,,,TRUE
2G (EDGE),50,600,metadata,84,flood_6330.jpg,0,1010,200,TRUE,1.488,,2026-10-05T03:22:46+00:00,84,medium/flood_6330.jpg,medium,390684aba7b3f3bba4d62cfbfeb5a2dfe99b486784957eb686faea673a9e203c,JPEG,,1,1,,,TRUE
2G (EDGE),50,600,metadata,85,939cf7ba3afa4a60bbb76760f3fd5aba.jpg,0,1010,200,TRUE,1.488,,2026-10-05T03:22:47+00:00,85,medium/939cf7ba3afa4a60bbb76760f3fd5aba.jpg,medium,ef98ff56a143b33046879132ceaed70eea555d53ad31f60e20bff9107700f3ab,JPEG,,1,1,,,TRUE
2G (EDGE),50,600,metadata,86,flood_4813.jpg,0,1010,200,TRUE,1.49,,2026-10-05T03:22:49+00:00,86,medium/flood_4813.jpg,medium,bdc67b21f57e090669243d986f772b0450ccc43065c54e162361e6f83f5ed758,JPEG,,1,1,,,TRUE
2G (EDGE),50,600,metadata,87,images - 2025-01-28T184959.137.jpg,0,1010,200,TRUE,1.493,,2026-10-05T03:22:50+00:00,87,medium/images - 2025-01-28T184959.137.jpg,medium,1ddd3ac5a0681f32307ea622308e561dc84e90c75a16629ac5c1b1b6ec91b3c0,JPEG,,1,1,,,TRUE
2G (EDGE),50,600,metadata,88,quang-tri-quang-ngai-sap-mua-to-dai-ngay-dac-biet-hue-co-the-tren-500mm-1760611196899.webp,0,1010,200,TRUE,1.488,,2026-10-05T03:22:52+00:00,88,medium/quang-tri-quang-ngai-sap-mua-to-dai-ngay-dac-biet-hue-co-the-tren-500mm-1760611196899.webp,medium,3d3f2f1ffc39aba5eec801859433c261eea9b3bde161c4a0528ddef08557cf39,WEBP,,1,1,,,TRUE
2G (EDGE),50,600,metadata,89,flood_6326.jpg,0,1010,200,TRUE,1.489,,2026-10-05T03:22:53+00:00,89,medium/flood_6326.jpg,medium,de44e55a13026a349ca25e762328448ac121bae58b24f5913a41b78d04d81704,JPEG,,1,1,,,TRUE
2G (EDGE),50,600,metadata,90,img9.jpg,0,1010,200,TRUE,1.477,,2026-10-05T03:22:55+00:00,90,medium/img9.jpg,medium,db9567b5b08ea11ec818bbd8a6f2571f8fd6bb0fc653a56c7b85ff2fb3d91f65,JPEG,,1,1,,,TRUE
2G (EDGE),50,600,metadata,91,images (32).jpg,0,1010,200,TRUE,1.49,,2026-10-05T03:22:56+00:00,91,medium/images (32).jpg,medium,0846f0df1312f26089cf20655aec68f8843c27732284c6406337d8acb15e5fef,JPEG,,1,1,,,TRUE
2G (EDGE),50,600,metadata,92,image_0144.jpg,0,1010,200,TRUE,1.55,,2026-10-05T03:22:58+00:00,92,medium/image_0144.jpg,medium,61f4b3a1508df32e80f65b1bd00bca3059e6b60b624f0e224fa4c92ebeb0c529,JPEG,,1,1,,,TRUE
2G (EDGE),50,600,metadata,93,images (37).jpg,0,1010,200,TRUE,1.458,,2026-10-05T03:22:59+00:00,93,medium/images (37).jpg,medium,ed83e76f54c9708880e842d5c8dc5458dbbb77e0198c0794c7100616d891b7a8,JPEG,,1,1,,,TRUE
2G (EDGE),50,600,metadata,94,images (13).jpg,0,1010,200,TRUE,1.485,,2026-10-05T03:23:01+00:00,94,medium/images (13).jpg,medium,b2918a66e66571b0f53f2f754255d276dc3ddc368ed02583b450ddec3e233505,JPEG,,1,1,,,TRUE
2G (EDGE),50,600,metadata,95,flood_6129.jpg,0,1010,200,TRUE,1.509,,2026-10-05T03:23:02+00:00,95,medium/flood_6129.jpg,medium,15e0255f8dd1ce3ee3abc5096854ceb13840bbb1a016e09f63c5dd46aa189b6f,JPEG,,1,1,,,TRUE
2G (EDGE),50,600,metadata,96,gia-lai-1.jpg,0,1010,200,TRUE,1.473,,2026-10-05T03:23:04+00:00,96,medium/gia-lai-1.jpg,medium,d99d981b85abdd79662b29dc36ceccf6f2c8b516fc557a9aaabffa044ac29110,JPEG,,1,1,,,TRUE
2G (EDGE),50,600,metadata,97,805357338_1065370609579884_4614583555099717146_n.jpg,0,1010,200,TRUE,1.491,,2026-10-05T03:23:05+00:00,97,medium/805357338_1065370609579884_4614583555099717146_n.jpg,medium,4b825284c811f72e3d234cd85fa06bfa6c715a8e0580801cbe37a3897039fedd,JPEG,,1,1,,,TRUE
2G (EDGE),50,600,metadata,98,image_038.jpg,0,1010,200,TRUE,1.494,,2026-10-05T03:23:07+00:00,98,medium/image_038.jpg,medium,6136434252d2fd2654427ab7233aa03edc8b4586c9f5edeae9445512a8c1a986,JPEG,,1,1,,,TRUE
2G (EDGE),50,600,metadata,99,img54.webp,0,1010,200,TRUE,1.497,,2026-10-05T03:23:08+00:00,99,medium/img54.webp,medium,18376708cee0912e197cd3109b168583b99612198d7227800d4e04ddba7efb8c,WEBP,,1,1,,,TRUE
2G (EDGE),50,600,metadata,100,flood_6343.jpg,0,1011,200,TRUE,1.493,,2026-10-05T03:23:10+00:00,100,medium/flood_6343.jpg,medium,bdaabbf877bb24950a976dcee568d7b2f9da082f2df398c581aa9544c8c2d113,JPEG,,1,1,,,TRUE
2G (EDGE),50,600,metadata,101,flood_6140.jpg,0,1011,200,TRUE,1.495,,2026-10-05T03:23:11+00:00,101,medium/flood_6140.jpg,medium,75047d855512c1e7aacdcc71d3424ba42258375fb4558f42e0d1e4d2eb95ab8e,JPEG,,1,1,,,TRUE
2G (EDGE),50,600,metadata,102,5836-17634553662361993507720-168-0-1016-1620-crop-17634553816821875286789.webp,0,1011,200,TRUE,1.495,,2026-10-05T03:23:13+00:00,102,medium/5836-17634553662361993507720-168-0-1016-1620-crop-17634553816821875286789.webp,medium,0f7a3cf9489a57a9d7a85f736ecdc9d61f2292d237dc1d516e81b7144328b65c,WEBP,,1,1,,,TRUE
2G (EDGE),50,600,metadata,103,image_024.jpg,0,1011,200,TRUE,1.476,,2026-10-05T03:23:14+00:00,103,medium/image_024.jpg,medium,4eeeb9650eff67134821474e3be3eef270bc952e5ce699ac5058d98d6272e7dd,JPEG,,1,1,,,TRUE
2G (EDGE),50,600,metadata,104,image_311.jpg,0,1011,200,TRUE,1.488,,2026-10-05T03:23:16+00:00,104,medium/image_311.jpg,medium,c2beb6ef457469d2c37347629f6fa6e5734de8643f9f4edf7b66827e56ea6b6d,JPEG,,1,1,,,TRUE
2G (EDGE),50,600,metadata,105,images (16).jpg,0,1011,200,TRUE,1.496,,2026-10-05T03:23:17+00:00,105,medium/images (16).jpg,medium,c1bb1154b3b1871cf95bfa43c8ff8a3af539e5c68618b1ad2044724ef2759de0,JPEG,,1,1,,,TRUE
2G (EDGE),50,600,metadata,106,images-873cb504e7c333c6f74c7394a73d201acf9fae6cd36600561e3775ee8c31ca9b060d5497fad80da70437e59e48a14722-_111-6190.jpg,0,1011,200,TRUE,1.434,,2026-10-05T03:23:19+00:00,106,medium/images-873cb504e7c333c6f74c7394a73d201acf9fae6cd36600561e3775ee8c31ca9b060d5497fad80da70437e59e48a14722-_111-6190.jpg,medium,d43f170f886d44555d05924ddee0439ecc18f50954cb91026c0100f4f0abc874,JPEG,,1,1,,,TRUE
2G (EDGE),50,600,metadata,107,vnapotalquangtritieptucmualonlulennhanhgayngaplutdienrong1917541315072353-16029002171551755047725.webp,0,1011,200,TRUE,1.458,,2026-10-05T03:23:20+00:00,107,medium/vnapotalquangtritieptucmualonlulennhanhgayngaplutdienrong1917541315072353-16029002171551755047725.webp,medium,08612801e26c708aa52eaadfca720becdaa6c15652f2e6f18d51d644f98d9c1d,WEBP,,1,1,,,TRUE
2G (EDGE),50,600,metadata,108,n3.jpg,0,1011,200,TRUE,1.473,,2026-10-05T03:23:22+00:00,108,medium/n3.jpg,medium,07538d70a44b40d3b440325619b3ca9b32650ede44a0d00d1d9dad1b99fbe4ee,JPEG,,1,1,,,TRUE
2G (EDGE),50,600,metadata,109,39.jpg,0,1011,200,TRUE,1.466,,2026-10-05T03:23:23+00:00,109,medium/39.jpg,medium,fdd7f649e7ae81c6a92c2912a2b1274d61a062ef4a830ad5dcf91d987895347d,JPEG,,1,1,,,TRUE
2G (EDGE),50,600,metadata,110,lu-ky-luc-tren-hai-song-o-mien-trung-ngap-lut-lan-rong-tai-6-tinh-thanh-904.jpg,0,1011,200,TRUE,1.48,,2026-10-05T03:23:25+00:00,110,medium/lu-ky-luc-tren-hai-song-o-mien-trung-ngap-lut-lan-rong-tai-6-tinh-thanh-904.jpg,medium,1208d8781d1283f8a2bf6df0db67a322020a4d22d1e5e77c892664b2dbe7ee09,JPEG,,1,1,,,TRUE
2G (EDGE),50,600,metadata,111,edit-z7290483264645f5e6e37fc44ef85a5b1ffafb92dc59ab-17648137370111953943839-0-27-1131-1837-crop-1764813752388209128783.webp,0,1011,200,TRUE,1.476,,2026-10-05T03:23:26+00:00,111,medium/edit-z7290483264645f5e6e37fc44ef85a5b1ffafb92dc59ab-17648137370111953943839-0-27-1131-1837-crop-1764813752388209128783.webp,medium,e0173401e7ade0280806d8f19ae43363fd2e8405d20aaacd33cee72d7b6dbc73,WEBP,,1,1,,,TRUE
2G (EDGE),50,600,metadata,112,images - 2025-01-28T185558.906.jpg,0,1011,200,TRUE,1.493,,2026-10-05T03:23:28+00:00,112,medium/images - 2025-01-28T185558.906.jpg,medium,f0860d21495f47388ed3e6696ce3785aee4da2cb1de4a590575461e038f7bae0,JPEG,,1,1,,,TRUE
2G (EDGE),50,600,metadata,113,1763565218045_mua1-191125.jpeg,0,1011,200,TRUE,1.479,,2026-10-05T03:23:29+00:00,113,medium/1763565218045_mua1-191125.jpeg,medium,c91db90f158b3e8e854df4c1e3e8eb835f1cb537912568ae19100e6c51e917a2,JPEG,,1,1,,,TRUE
2G (EDGE),50,600,metadata,114,noise_n (3).jpg,0,1011,200,TRUE,1.498,,2026-10-05T03:23:30+00:00,114,medium/noise_n (3).jpg,medium,737a36757baaeb65b62ecc21fd1a7cd2a49f865293696cdbf80f73a117604639,JPEG,,1,1,,,TRUE
2G (EDGE),50,600,metadata,115,81329cb922f6cba892e7-jpg-31673361078756138245019-50182452114320146060691.webp,0,1011,200,TRUE,1.497,,2026-10-05T03:23:32+00:00,115,medium/81329cb922f6cba892e7-jpg-31673361078756138245019-50182452114320146060691.webp,medium,e0c7a3f120e8fc4f8f930f71cb2441f187c7414913c50d326be0c10542c46d7b,WEBP,,1,1,,,TRUE
2G (EDGE),50,600,metadata,116,noise (6).jpg,0,1011,200,TRUE,1.481,,2026-10-05T03:23:33+00:00,116,medium/noise (6).jpg,medium,bacbea8fde543a342777a2e58cffb846bcab7312db734f6bb61c321e3e752dda,JPEG,,1,1,,,TRUE
2G (EDGE),50,600,metadata,117,images - 2025-01-28T151947.364.jpg,0,1011,200,TRUE,1.459,,2026-10-05T03:23:35+00:00,117,medium/images - 2025-01-28T151947.364.jpg,medium,e7b8e37ef4d169937e886cd8663859ecb7af96df687a212be179822094715e95,JPEG,,1,1,,,TRUE
2G (EDGE),50,600,metadata,118,images (63).jpg,0,1011,200,TRUE,1.481,,2026-10-05T03:23:36+00:00,118,medium/images (63).jpg,medium,6184d9e6b2bfe1c7ee6d03565b9bc592d4c3e55b2b707ef326f6c7e8504043b8,JPEG,,1,1,,,TRUE
2G (EDGE),50,600,metadata,119,floods_cambodia_avid_w.jpg,0,1011,200,TRUE,1.476,,2026-10-05T03:23:38+00:00,119,high/floods_cambodia_avid_w.jpg,high,ddb850ec825f321b37caa568aee6098cfd4d06c0affb70c72c9ee4ad142c3d9a,JPEG,,1,1,,,TRUE
2G (EDGE),50,600,metadata,120,download.webp,0,1011,200,TRUE,1.485,,2026-10-05T03:23:39+00:00,120,high/download.webp,high,9882a77a13f8404c4875c672327af6c30f711e1398f55d4278eedc70320775fc,WEBP,,1,1,,,TRUE
2G (EDGE),50,600,metadata,121,img9.webp,0,1011,200,TRUE,1.476,,2026-10-05T03:23:41+00:00,121,high/img9.webp,high,553641be2dee253e89f8ca5829376e2c718e3455ca1b13cdd9e3f4637edaa900,WEBP,,1,1,,,TRUE
2G (EDGE),50,600,metadata,122,flood_4800.jpg,0,1011,200,TRUE,1.492,,2026-10-05T03:23:42+00:00,122,high/flood_4800.jpg,high,0fcf65f440f4bb571ef8372897e08b4598b0e90023bb6700f222a036752a070e,JPEG,,1,1,,,TRUE
2G (EDGE),50,600,metadata,123,flood_732.jpg,0,1011,200,TRUE,1.478,,2026-10-05T03:23:44+00:00,123,high/flood_732.jpg,high,cd381b32133ec4671de6a5b7bbdaf0934357d776d35c3e143fb4cff864027893,JPEG,,1,1,,,TRUE
2G (EDGE),50,600,metadata,124,z7243826042725e83c8d03deb27f56d1a1aad2b13b8e87-176362146979047283232-15-0-615-960-crop-17636214777741938859206.webp,0,1011,200,TRUE,1.466,,2026-10-05T03:23:45+00:00,124,high/z7243826042725e83c8d03deb27f56d1a1aad2b13b8e87-176362146979047283232-15-0-615-960-crop-17636214777741938859206.webp,high,8656b7d16c67126af4681e1671432c38bc8fa52e8753764160db4c4873984988,WEBP,,1,1,,,TRUE
2G (EDGE),50,600,metadata,125,R.png,0,1011,200,TRUE,1.49,,2026-10-05T03:23:47+00:00,125,high/R.png,high,dc0a6fe2a2bd9a52e6e80b51bfba596e52c9c1cdf83b9f74b23ab5ea6a19170d,PNG,,1,1,,,TRUE
2G (EDGE),50,600,metadata,126,flood_1261.jpg,0,1011,200,TRUE,1.482,,2026-10-05T03:23:48+00:00,126,high/flood_1261.jpg,high,e409f5969c2febfdda9ed849c91004358be0a3d10814f787e45e7627ca828214,JPEG,,1,1,,,TRUE
2G (EDGE),50,600,metadata,127,AP23209060794692.jpg,0,1011,200,TRUE,1.469,,2026-10-05T03:23:50+00:00,127,high/AP23209060794692.jpg,high,512a0322830cabfec0a6e89c2e31ea893b2cef2818cc39e3f317a59ae8fe1fd9,JPEG,,1,1,,,TRUE
2G (EDGE),50,600,metadata,128,images - 2025-01-28T151851.902.jpg,0,1011,200,TRUE,1.474,,2026-10-05T03:23:51+00:00,128,high/images - 2025-01-28T151851.902.jpg,high,1edde2dab6d62b91b9de6c3c2655197077d5ab6e19d4765d2676cde1a6d8eb20,JPEG,,1,1,,,TRUE
2G (EDGE),50,600,metadata,129,image_027.jpg,0,1011,200,TRUE,1.51,,2026-10-05T03:23:53+00:00,129,high/image_027.jpg,high,165d98120ba7e01d378bc261d7c3f23972249ed3b3be19d0d68043e769063363,JPEG,,1,1,,,TRUE
2G (EDGE),50,600,metadata,130,2-1726448843911500454177.webp,0,1011,200,TRUE,1.503,,2026-10-05T03:23:54+00:00,130,high/2-1726448843911500454177.webp,high,ff55a67f3985507695ee4b23060fdfdad9e187fb8504aedfbf092075fa5f0d96,JPEG,,1,1,,,TRUE
2G (EDGE),50,600,metadata,131,image_049.jpg,0,1011,200,TRUE,1.486,,2026-10-05T03:23:56+00:00,131,high/image_049.jpg,high,3e828a32d6aed42e6ee8dc53661095ca000f242d7e9f02d192b2c01c86a09957,JPEG,,1,1,,,TRUE
2G (EDGE),50,600,metadata,132,image_0107.jpg,0,1011,200,TRUE,1.464,,2026-10-05T03:23:57+00:00,132,high/image_0107.jpg,high,5fa433bbf249eeb3aa2055834a5f403e493a8cac5cd4b9782a14415183856245,JPEG,,1,1,,,TRUE
2G (EDGE),50,600,metadata,133,dd20c6609cc035fedf1a093e97f51af4.jpeg,0,1011,200,TRUE,1.485,,2026-10-05T03:23:59+00:00,133,high/dd20c6609cc035fedf1a093e97f51af4.jpeg,high,fce656b8e1f1e90ed783f0ca822286246a21df47469426bba44d1b2ad695ca97,PNG,,1,1,,,TRUE
2G (EDGE),50,600,metadata,134,img66.jpg,0,1011,200,TRUE,1.497,,2026-10-05T03:24:00+00:00,134,high/img66.jpg,high,d55e7de52341508886162ad8719416840af584d47853b998f2d2c45f4c5f5fd2,JPEG,,1,1,,,TRUE
2G (EDGE),50,600,metadata,135,OIP (10).webp,0,1011,200,TRUE,1.492,,2026-10-05T03:24:02+00:00,135,high/OIP (10).webp,high,ed3ec9010a260ac315bd0f17ebe4c044ba2c86905964444aa011b3604366fe8d,WEBP,,1,1,,,TRUE
2G (EDGE),50,600,metadata,136,iimages (5).jpg,0,1011,200,TRUE,1.478,,2026-10-05T03:24:03+00:00,136,high/iimages (5).jpg,high,b0a958225801750c5a6a663c180d26565f8a95584750c5e60879380fd14ded85,JPEG,,1,1,,,TRUE
2G (EDGE),50,600,metadata,137,iimages (10).jpg,0,1011,200,TRUE,1.445,,2026-10-05T03:24:05+00:00,137,high/iimages (10).jpg,high,73f6052a7daa8f8de6dade2fa0ac44e339083b998afb2a163d7334c45aee76ad,JPEG,,1,1,,,TRUE
2G (EDGE),50,600,metadata,138,img55.webp,0,1011,200,TRUE,1.459,,2026-10-05T03:24:06+00:00,138,high/img55.webp,high,b5f145285f3fec3d20ccaee444df2159d4f1e362760435f3c6feb51ba725abd1,WEBP,,1,1,,,TRUE
2G (EDGE),50,600,metadata,139,image_6483441_7_c62ccb313f.jpg,0,1011,200,TRUE,1.491,,2026-10-05T03:24:08+00:00,139,high/image_6483441_7_c62ccb313f.jpg,high,6dd3bbf14af3264ba7796f69f228df25a4c356c25a6dd15bc161a085cb6c9e79,JPEG,,1,1,,,TRUE
2G (EDGE),50,600,metadata,140,jakarta-indonesiafebruary-2021the-search-rescue-600nw-1920679820.webp,0,1011,200,TRUE,1.477,,2026-10-05T03:24:09+00:00,140,high/jakarta-indonesiafebruary-2021the-search-rescue-600nw-1920679820.webp,high,c8a13d4112c593635c49f9071db0148b79a1d2e07b71b3df893bfd6a73c037b3,WEBP,,1,1,,,TRUE
2G (EDGE),50,600,metadata,141,image_0090.jpg,0,1011,200,TRUE,1.492,,2026-10-05T03:24:11+00:00,141,high/image_0090.jpg,high,10264351de402d0dd637b6f6bbc7008be5bf13c86313a6b684875ddd858cf613,JPEG,,1,1,,,TRUE
2G (EDGE),50,600,metadata,142,img7.webp,0,1011,200,TRUE,1.485,,2026-10-05T03:24:12+00:00,142,high/img7.webp,high,854cee071b8d48b0567b2717b3f8dc71e3694b96892e5e1591566cb0124e7925,WEBP,,1,1,,,TRUE
2G (EDGE),50,600,metadata,143,4231cd29f2fb53ce8f0359eba8f1caaa85b22b53819bf0b9990e4c4d228c8c89.webp,0,1011,200,TRUE,1.474,,2026-10-05T03:24:14+00:00,143,high/4231cd29f2fb53ce8f0359eba8f1caaa85b22b53819bf0b9990e4c4d228c8c89.webp,high,bcdb14769aad6eeb48dfec2f602435a1d52a3eac013da23c60a3dc34a22f4f38,WEBP,,1,1,,,TRUE
2G (EDGE),50,600,metadata,144,img72.webp,0,1011,200,TRUE,1.486,,2026-10-05T03:24:15+00:00,144,high/img72.webp,high,fc43a66f60e642ba21fa6cbe8fcc8846ba555c658dda41d4cd362b511a55cdc6,WEBP,,1,1,,,TRUE
2G (EDGE),50,600,metadata,145,img49.webp,0,1011,200,TRUE,1.466,,2026-10-05T03:24:17+00:00,145,high/img49.webp,high,96759c7c514ee82e03951cb13230fa9784b1e5e7234dacb2167999386d42da8a,WEBP,,1,1,,,TRUE
2G (EDGE),50,600,metadata,146,OIP (1).webp,0,1011,200,TRUE,1.492,,2026-10-05T03:24:18+00:00,146,high/OIP (1).webp,high,9931f7b540fa118001a5d222735edbddb903cb7469e6f8d551d3e3f9aeb528ff,WEBP,,1,1,,,TRUE
2G (EDGE),50,600,metadata,147,OIP (33).webp,0,1011,200,TRUE,1.471,,2026-10-05T03:24:20+00:00,147,high/OIP (33).webp,high,237864469e6f1c257cd918ef25c0b0dc7bf383955b3dd23e21cc2fd4a92cda2c,WEBP,,1,1,,,TRUE
2G (EDGE),50,600,metadata,148,image_145.jpeg,0,1011,200,TRUE,1.466,,2026-10-05T03:24:21+00:00,148,high/image_145.jpeg,high,bcdda09b5006e6f96bba2f559d90d2d3daf5c41ca66d3886dac46534cf7c7f5c,JPEG,,1,1,,,TRUE
2G (EDGE),50,600,metadata,149,images - 2025-01-28T154039.568.jpg,0,1011,200,TRUE,1.497,,2026-10-05T03:24:23+00:00,149,high/images - 2025-01-28T154039.568.jpg,high,be2defe1fef5628f1e85d94d12c66075ab7feca57f273f4f903521816128d959,JPEG,,1,1,,,TRUE
2G (EDGE),50,600,metadata,150,3cbf55ff-d524-461d-bf40-fa489285474d.jpg,0,1011,200,TRUE,1.516,,2026-10-05T03:24:24+00:00,150,high/3cbf55ff-d524-461d-bf40-fa489285474d.jpg,high,1f48d2d7cdfbc50fb3ca2297a2ccf866a2d48c3c079242e61df887b896f1c929,JPEG,,1,1,,,TRUE
2G (EDGE),50,600,metadata,151,b572b8392df6f2cbbac8a6a19d74bfa2.avif,0,1011,200,TRUE,1.462,,2026-10-05T03:24:25+00:00,151,high/b572b8392df6f2cbbac8a6a19d74bfa2.avif,high,c0aac4095412b24e58c6132b8e66e2b9f243597aee2eb06d7f193dc154e04f73,AVIF,,1,1,,,TRUE
2G (EDGE),50,600,metadata,152,flood_219.jpg,0,1011,200,TRUE,1.497,,2026-10-05T03:24:27+00:00,152,high/flood_219.jpg,high,79facf8f80351b4e020857b9b47604efb7d0ea20f0ddaf838824b215b67ccb05,JPEG,,1,1,,,TRUE
2G (EDGE),50,600,metadata,153,Shutterstock_12250367k.jpg,0,1011,200,TRUE,1.48,,2026-10-05T03:24:28+00:00,153,high/Shutterstock_12250367k.jpg,high,732957645e5b3b44344a6db0f53486059ed78e70192a22c3b436cd8f93717b07,JPEG,,1,1,,,TRUE
2G (EDGE),50,600,metadata,154,noise1.jpeg,0,1011,200,TRUE,1.491,,2026-10-05T03:24:30+00:00,154,high/noise1.jpeg,high,9bbaa77d1bb035ab20937380a2af67a90bd9e4ca71180cfd0b807c5f00b343b8,JPEG,,1,1,,,TRUE
2G (EDGE),50,600,metadata,155,img58.jpg,0,1011,200,TRUE,1.492,,2026-10-05T03:24:31+00:00,155,high/img58.jpg,high,b9364110f4da93b4e893640de31f3fa2ca0dcdf336741d8934571d72a47043e2,JPEG,,1,1,,,TRUE
2G (EDGE),50,600,metadata,156,569FB5E8-17FF-4DA7-AF819E7223AD38C7_source.webp,0,1011,200,TRUE,1.491,,2026-10-05T03:24:33+00:00,156,high/569FB5E8-17FF-4DA7-AF819E7223AD38C7_source.webp,high,3dcb8b40eeb8b9f8bf80bae7a1df25b52f5004838bc145495c760b8f3789c2c7,WEBP,,1,1,,,TRUE
2G (EDGE),50,600,metadata,157,flood_1214.jpg,0,1011,200,TRUE,1.485,,2026-10-05T03:24:34+00:00,157,high/flood_1214.jpg,high,0c1e0b47204317c7c194fc94a7dbfc1030e08c065acbda8b4e455df3e23c4585,JPEG,,1,1,,,TRUE
2G (EDGE),50,600,metadata,158,skynews-philippines-megi_5737099.jpg,0,1011,200,TRUE,1.462,,2026-10-05T03:24:36+00:00,158,high/skynews-philippines-megi_5737099.jpg,high,84c1d37b7cba9e20cf409763137f50704c251e784de518f90804e115163765e0,JPEG,,1,1,,,TRUE
2G (EDGE),50,600,metadata,159,flood_4791.jpg,0,1011,200,TRUE,1.491,,2026-10-05T03:24:37+00:00,159,high/flood_4791.jpg,high,d1c123841ecbd4da557fa97ce87111b212c8228c34a85bd91f2560b0dd7f4540,JPEG,,1,1,,,TRUE
2G (EDGE),50,600,metadata,160,flood_4763.jpg,0,1011,200,TRUE,1.475,,2026-10-05T03:24:39+00:00,160,high/flood_4763.jpg,high,71dc4359a45d5f7f9a73474695d86dcc2a5fe3fb74f89763be6ea2c971476183,JPEG,,1,1,,,TRUE
2G (EDGE),50,600,metadata,161,OIP (14).webp,0,1011,200,TRUE,1.491,,2026-10-05T03:24:40+00:00,161,high/OIP (14).webp,high,327490c28381c700367e1baa43b9b8faa0d4dad840c3f5cc28dbcbc00aef9312,WEBP,,1,1,,,TRUE
2G (EDGE),50,600,metadata,162,img60.webp,0,1011,200,TRUE,1.501,,2026-10-05T03:24:42+00:00,162,high/img60.webp,high,04fb91efee88688fce39d7c57db3f77e74a131efb54072039947ff44497cab46,WEBP,,1,1,,,TRUE
2G (EDGE),50,600,metadata,163,images - 2025-01-28T152121.677.jpg,0,1011,200,TRUE,1.494,,2026-10-05T03:24:43+00:00,163,high/images - 2025-01-28T152121.677.jpg,high,4eb24b2e8dc4eda02a4cc8771e5f553a3cea43118dc311cd054b50be02659728,JPEG,,1,1,,,TRUE
2G (EDGE),50,600,metadata,164,OIP (15).webp,0,1011,200,TRUE,1.484,,2026-10-05T03:24:45+00:00,164,high/OIP (15).webp,high,24f885199ce10f8e1e816382fd1bfbc0cb087adfdbf80d37f50e01f029b902df,WEBP,,1,1,,,TRUE
2G (EDGE),50,600,metadata,165,OIP (29).webp,0,1011,200,TRUE,1.482,,2026-10-05T03:24:46+00:00,165,high/OIP (29).webp,high,722c9d66af59c68dec8e0c6d6304791267c63d646e08710fd3e9f26c37df9334,WEBP,,1,1,,,TRUE
2G (EDGE),50,600,metadata,166,flood-1.jpg,0,1011,200,TRUE,1.485,,2026-10-05T03:24:48+00:00,166,high/flood-1.jpg,high,09f55b9b3f375ebed1a877966d39e27f14f7e874b49f4aaeb760640e48391a2e,JPEG,,1,1,,,TRUE
2G (EDGE),50,600,metadata,167,702018189_univ_cnt_01_xs.jpg,0,1011,200,TRUE,1.481,,2026-10-05T03:24:49+00:00,167,high/702018189_univ_cnt_01_xs.jpg,high,5425fb7fa7db399de54b9d429fd66d384764c2dfb43a11b1661288a1214928f4,JPEG,,1,1,,,TRUE
2G (EDGE),50,600,metadata,168,img4.jpg,0,1011,200,TRUE,1.486,,2026-10-05T03:24:51+00:00,168,high/img4.jpg,high,2a232bbd43a017ee8635ca368475ed57d4f521ec3a3ac3441179a9a2bf799fd8,JPEG,,1,1,,,TRUE
2G (EDGE),50,600,metadata,169,image_294.png,0,1011,200,TRUE,1.484,,2026-10-05T03:24:52+00:00,169,high/image_294.png,high,121729a09e5d44136cae00fe1f03a2937abb87667ab3ecb6ab3c280a5894c585,PNG,,1,1,,,TRUE
2G (EDGE),50,600,metadata,170,65d952b4-90a2-4d18-b035-24352c-3365-2036-1764872629.webp,0,1011,200,TRUE,1.5,,2026-10-05T03:24:54+00:00,170,high/65d952b4-90a2-4d18-b035-24352c-3365-2036-1764872629.webp,high,11f5411abd0b76ea294bd29a7472d8684b48083301862061e6f25da644430a5c,WEBP,,1,1,,,TRUE
2G (EDGE),50,600,metadata,171,OIP (36).webp,0,1011,200,TRUE,1.495,,2026-10-05T03:24:55+00:00,171,high/OIP (36).webp,high,f5293f48dbaa45b33a582c87433bb04fbbf2dd472469a0332a82bd5feb755c14,WEBP,,1,1,,,TRUE
2G (EDGE),50,600,metadata,172,화면 캡처 2025-03-05 181439.jpg,0,1011,200,TRUE,1.452,,2026-10-05T03:24:57+00:00,172,non_flood/화면 캡처 2025-03-05 181439.jpg,non_flood,b75c4f08d2d4af82fae15233d28be9099286d8327bb1728ad06ae8467bd4fd24,JPEG,,1,1,,,TRUE
2G (EDGE),50,600,metadata,173,화면 캡처 2025-03-05 175742.jpg,0,1011,200,TRUE,1.489,,2026-10-05T03:24:58+00:00,173,non_flood/화면 캡처 2025-03-05 175742.jpg,non_flood,9aa30b4ad8e881ee526e62dfd529f7c132517be92583fc25c2a352b59a7b8a10,JPEG,,1,1,,,TRUE
2G (EDGE),50,600,metadata,174,화면 캡처 2025-03-05 175341.jpg,0,1011,200,TRUE,1.483,,2026-10-05T03:25:00+00:00,174,non_flood/화면 캡처 2025-03-05 175341.jpg,non_flood,43a98cd56ba750ceae68f3ca04b1c092e901fff1dcc83a04a19d4652dd5a93ab,JPEG,,1,1,,,TRUE
2G (EDGE),50,600,metadata,175,화면 캡처 2025-03-05 172751.jpg,0,1011,200,TRUE,1.497,,2026-10-05T03:25:01+00:00,175,non_flood/화면 캡처 2025-03-05 172751.jpg,non_flood,8de13e59f0139f6ad9e553f887ea3e427cfbe24c5523a850651923df6d64011a,JPEG,,1,1,,,TRUE
2G (EDGE),50,600,metadata,176,images (13)1.jpg,0,1011,200,TRUE,1.491,,2026-10-05T03:25:03+00:00,176,non_flood/images (13)1.jpg,non_flood,4e2b303a68e00ba4fbca23bdb0585b3f0f6f385e83bfebad4a16d96898663a3e,JPEG,,1,1,,,TRUE
2G (EDGE),50,600,metadata,177,화면 캡처 2025-03-05 181412.jpg,0,1011,200,TRUE,1.507,,2026-10-05T03:25:04+00:00,177,non_flood/화면 캡처 2025-03-05 181412.jpg,non_flood,6fbd9d9cf16d0e950ccae0c7ec26baf60c4081efe34aa86205785db825fc01bc,JPEG,,1,1,,,TRUE
2G (EDGE),50,600,metadata,178,화면 캡처 2025-03-05 152130.jpg,0,1011,200,TRUE,1.484,,2026-10-05T03:25:06+00:00,178,non_flood/화면 캡처 2025-03-05 152130.jpg,non_flood,0df727cf509b4b225f8c3b77ed2b4c65be629b0eb3ef422bd3e6bcd1abe5b4e8,JPEG,,1,1,,,TRUE
2G (EDGE),50,600,metadata,179,화면 캡처 2025-03-05 173917.jpg,0,1011,200,TRUE,1.489,,2026-10-05T03:25:07+00:00,179,non_flood/화면 캡처 2025-03-05 173917.jpg,non_flood,29e372c79949fb945d3d217af23e725576f970bc88d47820d56f908c8c1dd8b4,JPEG,,1,1,,,TRUE
2G (EDGE),50,600,metadata,180,1789568749569_282700609501588260_7406490438318140161_4c67d325471c5a433aa450f9a2bf7b80.jpg,0,1011,200,TRUE,1.535,,2026-10-05T03:25:09+00:00,180,non_flood/1789568749569_282700609501588260_7406490438318140161_4c67d325471c5a433aa450f9a2bf7b80.jpg,non_flood,c8128762797fb77bf5feb965d12100cd783be0e0afe1658cbd851ec37a153d83,JPEG,,1,1,,,TRUE
2G (EDGE),50,600,metadata,181,images (9).jpg,0,1011,200,TRUE,1.48,,2026-10-05T03:25:10+00:00,181,non_flood/images (9).jpg,non_flood,18e261369109061b9841676f321894e21cfd91d608fe3dc9acc8c4d1bfd64a53,JPEG,,1,1,,,TRUE
2G (EDGE),50,600,metadata,182,images (7).jpg,0,1011,200,TRUE,1.488,,2026-10-05T03:25:12+00:00,182,non_flood/images (7).jpg,non_flood,a5bcc829e70ca0664ad916e26c9ffb440248d5d6e3429a58c9b90d3d3860a7ab,JPEG,,1,1,,,TRUE
2G (EDGE),50,600,metadata,183,다운로드 (5).jpg,0,1011,200,TRUE,1.493,,2026-10-05T03:25:13+00:00,183,non_flood/다운로드 (5).jpg,non_flood,49d811196ba07508a08d7689a5746494bdd1e6bc89460cb67dffb53154670204,JPEG,,1,1,,,TRUE
2G (EDGE),50,600,metadata,184,다운로드 (45) 3.jpg,0,1011,200,TRUE,1.488,,2026-10-05T03:25:15+00:00,184,non_flood/다운로드 (45) 3.jpg,non_flood,1f8553a464ee1aa46de5890b8be0676883513c8083217c3013df8ab6e9bef786,JPEG,,1,1,,,TRUE
2G (EDGE),50,600,metadata,185,다운로드 (31).jpg,0,1011,200,TRUE,1.524,,2026-10-05T03:25:16+00:00,185,non_flood/다운로드 (31).jpg,non_flood,c7449da10dfb0cebf3561e433c9a19876e06e81dda26cf39253b8d1aed09be91,JPEG,,1,1,,,TRUE
2G (EDGE),50,600,metadata,186,127465812-일본-교토의-봄비-폭풍우-동안-교토부의-스트리트-뷰.jpg,0,1011,200,TRUE,1.464,,2026-10-05T03:25:18+00:00,186,non_flood/127465812-일본-교토의-봄비-폭풍우-동안-교토부의-스트리트-뷰.jpg,non_flood,6ae7d4cc308ffcdbcea455286428f08c4716a26cd6e0f295ba412b38393a1e05,JPEG,,1,1,,,TRUE
2G (EDGE),50,600,metadata,187,화면 캡처 2025-03-05 174935.jpg,0,1011,200,TRUE,1.477,,2026-10-05T03:25:19+00:00,187,non_flood/화면 캡처 2025-03-05 174935.jpg,non_flood,d9a9b54010a3c3c0b44e085273edb1f64a777f99be11d71a7199030bab07a848,JPEG,,1,1,,,TRUE
2G (EDGE),50,600,metadata,188,화면 캡처 2025-03-05 173725.jpg,0,1011,200,TRUE,1.46,,2026-10-05T03:25:21+00:00,188,non_flood/화면 캡처 2025-03-05 173725.jpg,non_flood,8088bad691c314800e2472cc5837ed0ddc4fc2a8bb5fc67a0466a5b6dbd4ef41,JPEG,,1,1,,,TRUE
2G (EDGE),50,600,metadata,189,다운로드 (7).jpg,0,1011,200,TRUE,1.487,,2026-10-05T03:25:22+00:00,189,non_flood/다운로드 (7).jpg,non_flood,7882a482c8fa3ac2a100823670b3527953bc13261ced12bef7d2814872bbb73d,JPEG,,1,1,,,TRUE
2G (EDGE),50,600,metadata,190,다운로드 (12).jpg,0,1011,200,TRUE,1.496,,2026-10-05T03:25:24+00:00,190,non_flood/다운로드 (12).jpg,non_flood,5a26387b7c471c37b412a214b65d520836f1ccdac5562ba302e9ad91f3063751,JPEG,,1,1,,,TRUE
2G (EDGE),50,600,metadata,191,images (11)1.jpg,0,1011,200,TRUE,1.485,,2026-10-05T03:25:25+00:00,191,non_flood/images (11)1.jpg,non_flood,254e9ebc6f2b62b50393b6db4914c56a5fe0e43f3aac0ffa71f6cf007e661e61,JPEG,,1,1,,,TRUE
2G (EDGE),50,600,metadata,192,1789568749557_282700609501588260_7406490438318140161_7d5baf7f35b58211bf5d643c66ab8606.jpg,0,1011,200,TRUE,1.494,,2026-10-05T03:25:27+00:00,192,non_flood/1789568749557_282700609501588260_7406490438318140161_7d5baf7f35b58211bf5d643c66ab8606.jpg,non_flood,831a018e6022c183e2bad8c815113118193ea4eed8bfe14d0ae7000be299d148,JPEG,,1,1,,,TRUE
2G (EDGE),50,600,metadata,193,images (14)1.jpg,0,1011,200,TRUE,1.465,,2026-10-05T03:25:28+00:00,193,non_flood/images (14)1.jpg,non_flood,62da4a05b2a453136adff5b34666d1bfbbf2fc659e751e9c841909dd1e792d54,JPEG,,1,1,,,TRUE
2G (EDGE),50,600,metadata,194,images (24)1.jpg,0,1011,200,TRUE,1.473,,2026-10-05T03:25:30+00:00,194,non_flood/images (24)1.jpg,non_flood,f14078bda9f46dd2b44eb17870ad533778d7daf7085e8b344be8813a125f4694,JPEG,,1,1,,,TRUE
2G (EDGE),50,600,metadata,195,다운로드 (43) 3.jpg,0,1011,200,TRUE,1.5,,2026-10-05T03:25:31+00:00,195,non_flood/다운로드 (43) 3.jpg,non_flood,82a8697498f35ccc783ad058be58208a775ed79bbf59b68c83a1a95701944ecd,JPEG,,1,1,,,TRUE
2G (EDGE),50,600,metadata,196,p1065569336329878_240_thum.jpg,0,1011,200,TRUE,1.48,,2026-10-05T03:25:33+00:00,196,non_flood/p1065569336329878_240_thum.jpg,non_flood,f648f926141df9ee9b70b1f787f660909a44e33c36bb0ed39162ea186a338df4,JPEG,,1,1,,,TRUE
2G (EDGE),50,600,metadata,197,화면 캡처 2025-03-05 172739.jpg,0,1011,200,TRUE,1.497,,2026-10-05T03:25:34+00:00,197,non_flood/화면 캡처 2025-03-05 172739.jpg,non_flood,b40f793569d14767abe9f2e068970f3b795c0563877a1e1f8a7258821f69edcc,JPEG,,1,1,,,TRUE
2G (EDGE),50,600,metadata,198,다운로드 (36) 3.jpg,0,1011,200,TRUE,1.462,,2026-10-05T03:25:36+00:00,198,non_flood/다운로드 (36) 3.jpg,non_flood,8ae6c5d304ced95a61c6567b5c88ddfc5e319f0e3a5ec72dea7e133aa076ef0f,JPEG,,1,1,,,TRUE
2G (EDGE),50,600,metadata,199,화면 캡처 2025-03-05 175927.jpg,0,1011,200,TRUE,1.488,,2026-10-05T03:25:37+00:00,199,non_flood/화면 캡처 2025-03-05 175927.jpg,non_flood,0565699f292d6f6e0deb526642cc69d3d067a9e934582eabafbccc3d6d0f1bf2,JPEG,,1,1,,,TRUE
2G (EDGE),50,600,metadata,200,13382_13779_4019.jpg,0,1011,200,TRUE,1.484,,2026-10-05T03:25:39+00:00,200,non_flood/13382_13779_4019.jpg,non_flood,6bd6b42bf3dd5e44c475fddcbc9bd6a880a64bfdee58ca7722e49b94de5ee4da,JPEG,,1,1,,,TRUE
2G (EDGE),50,600,metadata,201,RPR20231226002000353_01_i.jpg,0,1011,200,TRUE,1.464,,2026-10-05T03:25:40+00:00,201,non_flood/RPR20231226002000353_01_i.jpg,non_flood,28246d242467856c88fbbfd1bafe4924c405331e349aa0a9e8e2814e688afd88,JPEG,,1,1,,,TRUE
2G (EDGE),50,600,metadata,202,다운로드 (34) 3.jpg,0,1011,200,TRUE,1.478,,2026-10-05T03:25:42+00:00,202,non_flood/다운로드 (34) 3.jpg,non_flood,568d0b9bf261a2e4fe2afb600416d3eb532f928e57b1d059acfe3a177bbd57f0,JPEG,,1,1,,,TRUE
2G (EDGE),50,600,metadata,203,화면 캡처 2025-03-05 174358.jpg,0,1011,200,TRUE,1.494,,2026-10-05T03:25:43+00:00,203,non_flood/화면 캡처 2025-03-05 174358.jpg,non_flood,1c7d8c2b8440637fbcec5baaba40642f2e3b0540590cc8a0ac8db672f478cfc7,JPEG,,1,1,,,TRUE
2G (EDGE),50,600,metadata,204,images (62).jpg,0,1011,200,TRUE,1.483,,2026-10-05T03:25:45+00:00,204,non_flood/images (62).jpg,non_flood,9e03661c93bf0f0f3dd70ccf7f7cfd62cdba0694c8359fef3021f6f2ab3f3b83,JPEG,,1,1,,,TRUE
2G (EDGE),50,600,metadata,205,images - 2025-01-28T184436.464.jpg,0,1011,200,TRUE,1.465,,2026-10-05T03:25:46+00:00,205,non_flood/images - 2025-01-28T184436.464.jpg,non_flood,31ddc209d0f2ff99b445870e708cc8becebb5adbc5c90504371e9c9a76f06d88,JPEG,,1,1,,,TRUE
2G (EDGE),50,600,metadata,206,다운로드 (36).jpg,0,1011,200,TRUE,1.518,,2026-10-05T03:25:48+00:00,206,non_flood/다운로드 (36).jpg,non_flood,3d946dfc7512149170bac99b129a06a6587fdc1ce7c057a3f609a89adfc665ee,JPEG,,1,1,,,TRUE
2G (EDGE),50,600,metadata,207,화면 캡처 2025-03-05 182737.jpg,0,1011,200,TRUE,1.52,,2026-10-05T03:25:49+00:00,207,non_flood/화면 캡처 2025-03-05 182737.jpg,non_flood,a456c939a5253ff3dd25bd0706ecf353ff0b5f5ff0c9d1e99bb3cf05487c3f28,JPEG,,1,1,,,TRUE
2G (EDGE),50,600,metadata,208,20230113501845.jpg,0,1011,200,TRUE,1.513,,2026-10-05T03:25:51+00:00,208,non_flood/20230113501845.jpg,non_flood,c06f0a8a109f0b9c110eea5d3caf05bd439e812ecb451bd34a083e1279173fe7,JPEG,,1,1,,,TRUE
2G (EDGE),50,600,metadata,209,화면 캡처 2025-03-05 151816.jpg,0,1011,200,TRUE,1.466,,2026-10-05T03:25:52+00:00,209,non_flood/화면 캡처 2025-03-05 151816.jpg,non_flood,102ada76b9fd2f4eebcdc6faf911ae294692c86d69b8149475c65dc4a821aa32,JPEG,,1,1,,,TRUE
2G (EDGE),50,600,metadata,210,다운로드 (41).jpg,0,1011,200,TRUE,1.492,,2026-10-05T03:25:54+00:00,210,non_flood/다운로드 (41).jpg,non_flood,93ba76f76448bf9350f289fdae38183912d3e0dedb86321977ac4b74e0eccfc4,JPEG,,1,1,,,TRUE
2G (EDGE),50,600,metadata,211,images (18).jpg,0,1011,200,TRUE,1.506,,2026-10-05T03:25:55+00:00,211,non_flood/images (18).jpg,non_flood,aff1fa1abd5f77fdd2ea5a26bb583771680c48c1bd64720bfa5a9a61012c0ac8,JPEG,,1,1,,,TRUE
2G (EDGE),50,600,metadata,212,20180405_152525.jpg,0,1011,200,TRUE,1.523,,2026-10-05T03:25:57+00:00,212,non_flood/20180405_152525.jpg,non_flood,25eb26aff4ee22251f3b24147b467f4a4d39333ff64c9611b65063054d18d120,JPEG,,1,1,,,TRUE
2G (EDGE),50,600,metadata,213,화면 캡처 2025-03-05 164255.jpg,0,1011,200,TRUE,1.506,,2026-10-05T03:25:58+00:00,213,non_flood/화면 캡처 2025-03-05 164255.jpg,non_flood,33c16a1a474295f7a31cc57648004d03eb04d2878e9f358250722c237528cd04,JPEG,,1,1,,,TRUE
2G (EDGE),50,600,metadata,214,다운로드 (23).jpg,0,1011,200,TRUE,1.588,,2026-10-05T03:26:00+00:00,214,non_flood/다운로드 (23).jpg,non_flood,c11157a4e5d6142a6cf64acf9448d948dc814160ff2ec431734692861bda5a95,JPEG,,1,1,,,TRUE
2G (EDGE),50,600,metadata,215,화면 캡처 2025-03-05 152904.jpg,0,1011,200,TRUE,1.507,,2026-10-05T03:26:01+00:00,215,non_flood/화면 캡처 2025-03-05 152904.jpg,non_flood,491cfa836d07fdb755e12495203d84dee0d937f82cd29e582eb569d7e5abc771,JPEG,,1,1,,,TRUE
2G (EDGE),50,600,metadata,216,images - 2025-01-28T184427.744.jpg,0,1011,200,TRUE,1.497,,2026-10-05T03:26:03+00:00,216,non_flood/images - 2025-01-28T184427.744.jpg,non_flood,e6d4712ee1e188f41d9179607bc46ed14c0681f69a5edd8d77ed619b9c4d6f7f,JPEG,,1,1,,,TRUE
2G (EDGE),50,600,metadata,217,화면 캡처 2025-03-05 172144.jpg,0,1011,200,TRUE,1.563,,2026-10-05T03:26:04+00:00,217,non_flood/화면 캡처 2025-03-05 172144.jpg,non_flood,67d6ad153034a81055741535ba0bdc53ff8e80076d90d512f42c10a76686d60e,JPEG,,1,1,,,TRUE
2G (EDGE),50,600,metadata,218,다운로드 (53) 3.jpg,0,1011,200,TRUE,1.51,,2026-10-05T03:26:06+00:00,218,non_flood/다운로드 (53) 3.jpg,non_flood,bac90bc594d2f060fd10ae095378c20d68e6565d54a1e3cc841b2ec094b869de,JPEG,,1,1,,,TRUE
2G (EDGE),50,600,metadata,219,images - 2025-01-28T184942.058.jpg,0,1011,200,TRUE,1.467,,2026-10-05T03:26:07+00:00,219,non_flood/images - 2025-01-28T184942.058.jpg,non_flood,cebc0d1cbc0ede1e75a7d4765af70a7bb5d44a651f831d11eeccc6f9ef18ffed,JPEG,,1,1,,,TRUE
2G (EDGE),50,600,metadata,220,화면 캡처 2025-03-05 152054.jpg,0,1011,200,TRUE,1.496,,2026-10-05T03:26:09+00:00,220,non_flood/화면 캡처 2025-03-05 152054.jpg,non_flood,b23bcf8d9814ddc38d73eb269f0be25f0dcc9626cc9a928bb116197859b3b29a,JPEG,,1,1,,,TRUE
2G (EDGE),50,600,metadata,221,img (2).jpg,0,1011,200,TRUE,1.609,,2026-10-05T03:26:10+00:00,221,non_flood/img (2).jpg,non_flood,ee879ba624faad0000bc7ae69d2bd8b2fca0d4fc159a181fe7a067a59260d156,JPEG,,1,1,,,TRUE
2G (EDGE),50,600,metadata,222,화면 캡처 2025-03-05 175626.jpg,0,1011,200,TRUE,1.498,,2026-10-05T03:26:12+00:00,222,non_flood/화면 캡처 2025-03-05 175626.jpg,non_flood,d9e510c3f2f2d13008fde01e8e520872122d0cc49de5a5ba5f8bab1bcf183cda,JPEG,,1,1,,,TRUE
2G (EDGE),50,600,metadata,223,다운로드 (27).jpg,0,1011,200,TRUE,1.506,,2026-10-05T03:26:14+00:00,223,non_flood/다운로드 (27).jpg,non_flood,e78be2b8fc5aea406725fab8f457a9ab79e4413b64e383634d419379d0a64a46,JPEG,,1,1,,,TRUE
2G (EDGE),50,600,metadata,224,화면 캡처 2025-03-05 153850.jpg,0,1011,200,TRUE,1.47,,2026-10-05T03:26:15+00:00,224,non_flood/화면 캡처 2025-03-05 153850.jpg,non_flood,8ed7fe227b6d8a8b890838876b2de8a28c844c7126f2a0d93e626f2387d816a6,JPEG,,1,1,,,TRUE
2G (EDGE),50,600,metadata,225,images (5)1.jpg,0,1011,200,TRUE,1.506,,2026-10-05T03:26:17+00:00,225,non_flood/images (5)1.jpg,non_flood,dae6acca79cb320bd3449d590ccaec16e2c839a431e6ca62911486a65050eab0,JPEG,,1,1,,,TRUE
2G (EDGE),50,600,metadata,226,827778_739893_3348.jpg,0,1011,200,TRUE,1.536,,2026-10-05T03:26:18+00:00,226,non_flood/827778_739893_3348.jpg,non_flood,909c28dfd1ea66f00fcbe72947317e577655cc349a5689b330e5205e0aab2127,JPEG,,1,1,,,TRUE
2G (EDGE),50,600,metadata,227,화면 캡처 2025-03-05 182805.jpg,0,1011,200,TRUE,1.496,,2026-10-05T03:26:20+00:00,227,non_flood/화면 캡처 2025-03-05 182805.jpg,non_flood,4637c31d11cb1fe03de357d94fc697479efc2e20be74922ee372ab6b20c2dca0,JPEG,,1,1,,,TRUE
2G (EDGE),50,600,metadata,228,화면 캡처 2025-03-05 153835.jpg,0,1011,200,TRUE,1.491,,2026-10-05T03:26:21+00:00,228,non_flood/화면 캡처 2025-03-05 153835.jpg,non_flood,a37bc97411cb7ac6c602b638a4ae161ec2d7ac8a4355b236c42eac10ef10f277,JPEG,,1,1,,,TRUE
2G (EDGE),50,600,metadata,229,다운로드 (17).jpg,0,1011,200,TRUE,1.489,,2026-10-05T03:26:23+00:00,229,non_flood/다운로드 (17).jpg,non_flood,10b48951d5016b1dbf60509c17f62c2647a902444531028666d61f165a110771,JPEG,,1,1,,,TRUE
2G (EDGE),50,600,metadata,230,화면 캡처 2025-03-05 153232.jpg,0,1011,200,TRUE,1.502,,2026-10-05T03:26:24+00:00,230,non_flood/화면 캡처 2025-03-05 153232.jpg,non_flood,c9e1a30f343094122869eff21dbfe7caaf3ab27b79b75f9fe581eeeb54027375,JPEG,,1,1,,,TRUE
2G (EDGE),50,600,metadata,231,1789568749518_282700609501588260_7406490438318140161_457e5b27ff82f5cc09a9054090d4d3c2.jpg,0,1011,200,TRUE,1.498,,2026-10-05T03:26:26+00:00,231,non_flood/1789568749518_282700609501588260_7406490438318140161_457e5b27ff82f5cc09a9054090d4d3c2.jpg,non_flood,6f8a2b1e3bac95e251969c5917f1e9efd101db672b064d01404e978bf759aab4,JPEG,,1,1,,,TRUE
2G (EDGE),50,600,metadata,232,1789568754305_282700609501588260_7406490438318140161_d8a8d242988605b04d1ce450fe6b34f8.jpg,0,1011,200,TRUE,1.487,,2026-10-05T03:26:27+00:00,232,non_flood/1789568754305_282700609501588260_7406490438318140161_d8a8d242988605b04d1ce450fe6b34f8.jpg,non_flood,7307e294c31f83de713f169ec3b7f14fbf73b87c78d059b45be2a3f57a9d72ce,JPEG,,1,1,,,TRUE
2G (EDGE),50,600,metadata,233,AKR20211228058800052_01_i_P4.jpg,0,1011,200,TRUE,1.49,,2026-10-05T03:26:29+00:00,233,non_flood/AKR20211228058800052_01_i_P4.jpg,non_flood,335da6829f7048e60a42a406f54985c7d1132dfd769137c48965aacc601b4128,JPEG,,1,1,,,TRUE
2G (EDGE),50,600,metadata,234,images (1)1.jpg,0,1011,200,TRUE,1.502,,2026-10-05T03:26:30+00:00,234,non_flood/images (1)1.jpg,non_flood,dfd2bf25abb8eff1566c1e6ff4ab87eb832382ac1a5a49549e1b0fe0b9a63cb4,JPEG,,1,1,,,TRUE
2G (EDGE),50,600,metadata,235,화면 캡처 2025-03-05 175914.jpg,0,1011,200,TRUE,1.468,,2026-10-05T03:26:32+00:00,235,non_flood/화면 캡처 2025-03-05 175914.jpg,non_flood,ec30de984e565a34847944157425ede963aa0be23b065b3732eb9597ac76b1c9,JPEG,,1,1,,,TRUE
2G (EDGE),50,600,metadata,236,화면 캡처 2025-03-05 152437.jpg,0,1011,200,TRUE,1.608,,2026-10-05T03:26:33+00:00,236,non_flood/화면 캡처 2025-03-05 152437.jpg,non_flood,2c620cd0c3d694d5119d85883fd7b23642f08ce0eb03ca21766e5c11224132a8,JPEG,,1,1,,,TRUE
2G (EDGE),50,600,metadata,237,1789568749196_282700609501588260_7406490438318140161_1c6009c2a77bfa996d8a4d22d9c3fd58.jpg,0,1011,200,TRUE,1.494,,2026-10-05T03:26:35+00:00,237,non_flood/1789568749196_282700609501588260_7406490438318140161_1c6009c2a77bfa996d8a4d22d9c3fd58.jpg,non_flood,fa24d60c34be44fb934a934be05686d66907d81619216b140be5bd63c6439fe9,JPEG,,1,1,,,TRUE
2G (EDGE),50,600,metadata,238,img (1).jpg,0,1011,200,TRUE,1.494,,2026-10-05T03:26:36+00:00,238,non_flood/img (1).jpg,non_flood,2c2088de1756cd1bc0e55d300d928af8b493d59df562e46be9c70c4263716bc2,JPEG,,1,1,,,TRUE
2G (EDGE),50,600,metadata,239,202309111114430145_l.jpg,0,1011,200,TRUE,1.492,,2026-10-05T03:26:38+00:00,239,non_flood/202309111114430145_l.jpg,non_flood,0fb3a939767b0614bb5786a4f2d77661b71f316fe2cc9e2af3c0ef24d967eba5,JPEG,,1,1,,,TRUE
2G (EDGE),50,600,metadata,240,화면 캡처 2025-03-05 180321.jpg,0,1011,200,TRUE,1.493,,2026-10-05T03:26:39+00:00,240,non_flood/화면 캡처 2025-03-05 180321.jpg,non_flood,9b63b57d9357dda36bab30f1bc0b45f80c734278fbc5fda7e490cbadde5e9837,JPEG,,1,1,,,TRUE
2G (EDGE),50,600,metadata,241,6.jpg,0,1011,200,TRUE,1.489,,2026-10-05T03:26:41+00:00,241,non_flood/6.jpg,non_flood,c441af2946491166eb9a5c7a7ed9f49d47015d134c3e3290fe4746ba81eee258,PNG,,1,1,,,TRUE
2G (EDGE),50,600,metadata,242,images (28)1.jpg,0,1011,200,TRUE,1.48,,2026-10-05T03:26:42+00:00,242,non_flood/images (28)1.jpg,non_flood,133ce5159193385fc30a15f207f7b085563f9f513765aa6d9db1527ff27d1e50,JPEG,,1,1,,,TRUE
2G (EDGE),50,600,metadata,243,images - 2025-01-28T164753.512.jpg,0,1011,200,TRUE,1.494,,2026-10-05T03:26:44+00:00,243,non_flood/images - 2025-01-28T164753.512.jpg,non_flood,7b6a9c9dcaf36ed2edb0e435c1cbaffd8635cb82a1d1859270f3784b76dc232c,JPEG,,1,1,,,TRUE
2G (EDGE),50,600,metadata,244,images (68).jpg,0,1011,200,TRUE,1.524,,2026-10-05T03:26:45+00:00,244,non_flood/images (68).jpg,non_flood,d567a330f9aae5ae4244d9c33131d265796c8b1f4c5b6f5418c96e4071dcb032,JPEG,,1,1,,,TRUE
2G (EDGE),50,600,metadata,245,화면 캡처 2025-03-05 153618.jpg,0,1011,200,TRUE,1.471,,2026-10-05T03:26:47+00:00,245,non_flood/화면 캡처 2025-03-05 153618.jpg,non_flood,43e12f9c4c083131170e11f2d8982e9a4d0f854c0bca00f22be32a3cf44a28e7,JPEG,,1,1,,,TRUE
2G (EDGE),50,600,metadata,246,1789568749222_282700609501588260_7406490438318140161_252d56e682395c7bebf8921689643574.jpg,0,1011,200,TRUE,1.505,,2026-10-05T03:26:48+00:00,246,non_flood/1789568749222_282700609501588260_7406490438318140161_252d56e682395c7bebf8921689643574.jpg,non_flood,de50feeb6fbbfce20c858b922e4c2b64a9db5cf8ce52fb254307a24842e778c5,JPEG,,1,1,,,TRUE
2G (EDGE),50,600,metadata,247,다운로드 (26) 3.jpg,0,1011,200,TRUE,1.502,,2026-10-05T03:26:50+00:00,247,non_flood/다운로드 (26) 3.jpg,non_flood,de0b95d4b98a14825822659307248874d03101858f644f9721cec72b9101bbe5,JPEG,,1,1,,,TRUE
2G (EDGE),50,600,metadata,248,다운로드 (28) 3.jpg,0,1011,200,TRUE,1.474,,2026-10-05T03:26:51+00:00,248,non_flood/다운로드 (28) 3.jpg,non_flood,6a97c90bfae9e3a4ee39e7a5c7fe2b75b4fe6a3e400b2a09afac18a275f41cae,JPEG,,1,1,,,TRUE
2G (EDGE),50,600,metadata,249,1000_F_456742052_YudLlJwZCJdCGsCjS95JW1leO2jQrZcp.jpg,0,1011,200,TRUE,1.496,,2026-10-05T03:26:53+00:00,249,non_flood/1000_F_456742052_YudLlJwZCJdCGsCjS95JW1leO2jQrZcp.jpg,non_flood,782a4aa7d354dceb8d634480c647446953b8c04939dbd8a5ed8139b09f7c4157,JPEG,,1,1,,,TRUE
2G (EDGE),50,600,metadata,250,다운로드 (38) 3.jpg,0,1011,200,TRUE,1.471,,2026-10-05T03:26:54+00:00,250,non_flood/다운로드 (38) 3.jpg,non_flood,33e834881a9e0e7ca027b9b8d2ac0f4ff9427e6d5bfe69ea0749c9b8c7188764,JPEG,,1,1,,,TRUE
2G (EDGE),50,600,metadata,251,20200212_134749.jpg,0,1011,200,TRUE,1.506,,2026-10-05T03:26:56+00:00,251,non_flood/20200212_134749.jpg,non_flood,e8abcc77cfebf041681d602996e778ec393b201771d2b254574f0e69605d5ddb,JPEG,,1,1,,,TRUE
2G (EDGE),50,600,metadata,252,화면 캡처 2025-03-05 182937.jpg,0,1011,200,TRUE,1.509,,2026-10-05T03:26:57+00:00,252,non_flood/화면 캡처 2025-03-05 182937.jpg,non_flood,8f01696570c558df42bd56f0e1b7a47c082f769ccad329ef34ab30faa3f60f82,JPEG,,1,1,,,TRUE
2G (EDGE),50,600,metadata,253,화면 캡처 2025-03-05 172154.jpg,0,1011,200,TRUE,1.508,,2026-10-05T03:26:59+00:00,253,non_flood/화면 캡처 2025-03-05 172154.jpg,non_flood,f6fcb35702106630aad2a2728d5b82efd38162f3e9cf517455d74a5d23278b12,JPEG,,1,1,,,TRUE
2G (EDGE),50,600,metadata,254,화면 캡처 2025-03-05 172249.jpg,0,1011,200,TRUE,1.56,,2026-10-05T03:27:00+00:00,254,non_flood/화면 캡처 2025-03-05 172249.jpg,non_flood,e23a2f32ccc399fb02b93fab72cd958f47f6bb4c22de82a938af7a41d6ce383a,JPEG,,1,1,,,TRUE
2G (EDGE),50,600,metadata,255,images (6).jpg,0,1011,200,TRUE,1.481,,2026-10-05T03:27:02+00:00,255,non_flood/images (6).jpg,non_flood,134ad7a13637047c799be13d45bc3b1da685a64bc561af6f8a61c48f96183817,JPEG,,1,1,,,TRUE
2G (EDGE),50,600,metadata,256,다운로드 (20).jpg,0,1011,200,TRUE,1.476,,2026-10-05T03:27:03+00:00,256,non_flood/다운로드 (20).jpg,non_flood,17cc0160b5cdbc2eb9a64b4d744148a135d43c44e6c1681297b514b6ac9f7e47,JPEG,,1,1,,,TRUE
2G (EDGE),50,600,metadata,257,화면 캡처 2025-03-05 181325.jpg,0,1011,200,TRUE,1.491,,2026-10-05T03:27:05+00:00,257,non_flood/화면 캡처 2025-03-05 181325.jpg,non_flood,3ec886093348c65fb61f3249fd6060dbb373656412257f12bb9470c0e1de996d,JPEG,,1,1,,,TRUE
2G (EDGE),50,600,compressed,1,images - 2025-01-28T184849.878.jpg,13461,14562,201,TRUE,3.68,,2026-10-05T03:27:08+00:00,1,low/images - 2025-01-28T184849.878.jpg,low,627c22c607ef478c79ea55e107f001691ab8ed53f6c54afdb050abe5682b7023,JPEG,JPEG,1,1,,,TRUE
2G (EDGE),50,600,compressed,2,images - 2025-01-28T151941.007.jpg,12015,13116,201,TRUE,3.471,,2026-10-05T03:27:12+00:00,2,low/images - 2025-01-28T151941.007.jpg,low,5f0113ce019bca0d49e4a8f877b9b7bfb1a0d1ffcc2c4e07281f217530db5311,JPEG,JPEG,1,1,,,TRUE
2G (EDGE),50,600,compressed,3,images - 2025-01-28T184423.521.jpg,3381,4480,201,TRUE,2.079,,2026-10-05T03:27:14+00:00,3,low/images - 2025-01-28T184423.521.jpg,low,bd922bb16c58fc71516ec9d7b5c1d93fb321d00de871e7ce760bf988adbba2d1,JPEG,JPEG,1,1,,,TRUE
2G (EDGE),50,600,compressed,4,다운로드 (26).jpg,7595,8694,201,TRUE,2.765,,2026-10-05T03:27:17+00:00,4,low/다운로드 (26).jpg,low,8e49e8cfc10b1dac0f9007397fa30102f7fea32177ece824c7644737972900ce,JPEG,JPEG,1,1,,,TRUE
2G (EDGE),50,600,compressed,5,images - 2025-01-28T151753.297.jpg,11822,12923,201,TRUE,3.412,,2026-10-05T03:27:20+00:00,5,low/images - 2025-01-28T151753.297.jpg,low,8a69d9e6278cb6a11e63a0539c222a18d45a3c9f836d5931fff6de5bb82647d8,JPEG,JPEG,1,1,,,TRUE
2G (EDGE),50,600,compressed,6,10360-2-13961.jpg,21221,22322,201,TRUE,4.979,,2026-10-05T03:27:25+00:00,6,low/10360-2-13961.jpg,low,6471c406a970b2a0c56e05f2d4ed42dc78000ffb9270c7b845f4538095efef97,JPEG,JPEG,1,1,,,TRUE
2G (EDGE),50,600,compressed,7,images - 2025-01-28T164625.541.jpg,7684,8783,201,TRUE,2.818,,2026-10-05T03:27:28+00:00,7,low/images - 2025-01-28T164625.541.jpg,low,910e7541da110f5fd52f2faf3d5df3773f3c6a8325667b69b6bfac1109c36c4a,JPEG,JPEG,1,1,,,TRUE
2G (EDGE),50,600,compressed,8,images - 2025-01-28T163206.341.jpg,8286,9385,201,TRUE,2.871,,2026-10-05T03:27:31+00:00,8,low/images - 2025-01-28T163206.341.jpg,low,ce4daf7e801563c1ff173822486ce9ef7d57a394370159ff4c8d028d9c4c3315,JPEG,JPEG,1,1,,,TRUE
2G (EDGE),50,600,compressed,9,images - 2025-01-28T152038.912.jpg,13030,14131,201,TRUE,3.624,,2026-10-05T03:27:35+00:00,9,low/images - 2025-01-28T152038.912.jpg,low,5b080e1cef380726476f73b0aa9611e1b960d63b67c5f6590a9516fa4a56e781,JPEG,JPEG,1,1,,,TRUE
2G (EDGE),50,600,compressed,10,images - 2025-01-28T153916.966.jpg,11409,12510,201,TRUE,3.382,,2026-10-05T03:27:38+00:00,10,low/images - 2025-01-28T153916.966.jpg,low,f3feffaad630b6c5c07331468d12eb786d3fa1eff1094150cd2add6d7e2a5622,JPEG,JPEG,1,1,,,TRUE
2G (EDGE),50,600,compressed,11,images - 2025-01-28T162916.619.jpg,8077,9176,201,TRUE,2.823,,2026-10-05T03:27:41+00:00,11,low/images - 2025-01-28T162916.619.jpg,low,37191e0f372cf8e2f989db33a05227a3bb392a945a33101a9ee99c43e1b61a11,JPEG,JPEG,1,1,,,TRUE
2G (EDGE),50,600,compressed,12,images - 2025-01-28T162724.362.jpg,10432,11533,201,TRUE,3.255,,2026-10-05T03:27:44+00:00,12,low/images - 2025-01-28T162724.362.jpg,low,522ae358a781adfa05ea28cf94069fd8529c8f93241716587e2d26645ccbabd8,JPEG,JPEG,1,1,,,TRUE
2G (EDGE),50,600,compressed,13,images - 2025-01-28T155350.781.jpg,10940,12041,201,TRUE,3.263,,2026-10-05T03:27:47+00:00,13,low/images - 2025-01-28T155350.781.jpg,low,45ea68dd2c16bca052d27d42b62ff743ecd20bb27e0e18696162cb2370691cc3,JPEG,JPEG,1,1,,,TRUE
2G (EDGE),50,600,compressed,14,images (59).jpg,9593,10693,201,TRUE,3.237,,2026-10-05T03:27:51+00:00,14,low/images (59).jpg,low,8e6dbf6872b45499a89e3dace6e33843fa985c6cc64b71396185da03cc52acfa,JPEG,JPEG,1,1,,,TRUE
2G (EDGE),50,600,compressed,15,image_9946309791508995980052.jpg,67334,68435,201,TRUE,12.401,,2026-10-05T03:28:03+00:00,15,low/image_9946309791508995980052.jpg,low,004188df1dea3d799e7a2c72e3e18b48406182dc1040d6f33ac325e69a2346e3,JPEG,JPEG,1,1,,,TRUE
2G (EDGE),50,600,compressed,16,images - 2025-01-28T151819.441.jpg,11427,12528,201,TRUE,3.359,,2026-10-05T03:28:06+00:00,16,low/images - 2025-01-28T151819.441.jpg,low,0e7fa7e909dad9499bc66f079b7321ed3149daa2becccd015371f693bc4e8271,JPEG,JPEG,1,1,,,TRUE
2G (EDGE),50,600,compressed,17,611212110012634149_1.jpg,47535,48636,201,TRUE,9.182,,2026-10-05T03:28:15+00:00,17,low/611212110012634149_1.jpg,low,45e44d7c5ab7f92be0542ab4eba296e772ab9194ae7d75c0dccffbbd067d8b09,JPEG,JPEG,1,1,,,TRUE
2G (EDGE),50,600,compressed,18,images - 2025-01-28T154010.314.jpg,8833,9932,201,TRUE,2.962,,2026-10-05T03:28:18+00:00,18,low/images - 2025-01-28T154010.314.jpg,low,36d3870b9c93c429d8f3323a300793e1684348f5f926c9e91be6ec6ba42090c7,JPEG,JPEG,1,1,,,TRUE
2G (EDGE),50,600,compressed,19,images - 2025-01-28T164648.101.jpg,7167,8266,201,TRUE,2.685,,2026-10-05T03:28:21+00:00,19,low/images - 2025-01-28T164648.101.jpg,low,c2efc1e04993962fc74094c7478fb291237307abc74a11df00334fdfbd188dbd,JPEG,JPEG,1,1,,,TRUE
2G (EDGE),50,600,compressed,20,images (54).jpg,5041,6140,201,TRUE,2.34,,2026-10-05T03:28:23+00:00,20,low/images (54).jpg,low,603f1f9a482a3006952b159cda920bd8ed049209b34a50884f6b119685e131f8,JPEG,JPEG,1,1,,,TRUE
2G (EDGE),50,600,compressed,21,AKR20240912005700084_14_i_P2.jpg,30638,31739,201,TRUE,6.44,,2026-10-05T03:28:30+00:00,21,low/AKR20240912005700084_14_i_P2.jpg,low,c4482010e40a042da2e83fd3c95bbf9c0712183a7770292863fa9417301f4861,JPEG,JPEG,1,1,,,TRUE
2G (EDGE),50,600,compressed,22,images (87).jpg,7095,8194,201,TRUE,2.648,,2026-10-05T03:28:33+00:00,22,low/images (87).jpg,low,17e7c86fb13f0323a5c1d3be805646c59eec59d5beaea2658d297c0d3373e74b,JPEG,JPEG,1,1,,,TRUE
2G (EDGE),50,600,compressed,23,0f569675-81fe-4a2b-a287-d2bd795d43ba.jpg,39162,40263,201,TRUE,7.851,,2026-10-05T03:28:40+00:00,23,low/0f569675-81fe-4a2b-a287-d2bd795d43ba.jpg,low,c81707abf5a85406bc2d94929967233a92a9306ae95f498d747d5f7752f7b902,JPEG,JPEG,1,1,,,TRUE
2G (EDGE),50,600,compressed,24,다운로드 (9).jpg,11630,12731,201,TRUE,3.408,,2026-10-05T03:28:44+00:00,24,low/다운로드 (9).jpg,low,5df85c890ea4a636469d83b37c1af9cbc748052677e24a7db858ee48e001958c,JPEG,JPEG,1,1,,,TRUE
2G (EDGE),50,600,compressed,25,images - 2025-01-28T185206.840.jpg,8281,9380,201,TRUE,2.883,,2026-10-05T03:28:47+00:00,25,low/images - 2025-01-28T185206.840.jpg,low,6228c1195a7fcd5d74faaea2760e62b51c03ca564ccb0283b455af8570496bee,JPEG,JPEG,1,1,,,TRUE
2G (EDGE),50,600,compressed,26,화면 캡처 2025-03-05 165818.jpg,24253,25354,201,TRUE,5.432,,2026-10-05T03:28:52+00:00,26,low/화면 캡처 2025-03-05 165818.jpg,low,a16ebe8d0133bc9197eccfeb7d04f98d3305ef0b54f63e1ed8e9d3b8e0ad2617,JPEG,JPEG,1,1,,,TRUE
2G (EDGE),50,600,compressed,27,images - 2025-01-28T154337.022.jpg,9577,10677,201,TRUE,3.062,,2026-10-05T03:28:55+00:00,27,low/images - 2025-01-28T154337.022.jpg,low,3621b715c4382601bd8cc43d18a16fcd9365f45d719b87e48af40fb2f8b0eca7,JPEG,JPEG,1,1,,,TRUE
2G (EDGE),50,600,compressed,28,images - 2025-01-28T164652.242.jpg,11067,12168,201,TRUE,3.321,,2026-10-05T03:28:59+00:00,28,low/images - 2025-01-28T164652.242.jpg,low,61bbb7fe51bc1382fc36cf77c2b73775a0a246084d6feb061712fd1be4fff869,JPEG,JPEG,1,1,,,TRUE
2G (EDGE),50,600,compressed,29,images - 2025-01-28T162955.160.jpg,10053,11154,201,TRUE,3.167,,2026-10-05T03:29:02+00:00,29,low/images - 2025-01-28T162955.160.jpg,low,1b302964ed960ca3a241f951926093e59174f5d18c0b37a222855ac08e6956d7,JPEG,JPEG,1,1,,,TRUE
2G (EDGE),50,600,compressed,30,images - 2025-01-28T154225.875.jpg,5517,6616,201,TRUE,2.404,,2026-10-05T03:29:04+00:00,30,low/images - 2025-01-28T154225.875.jpg,low,2b6e1e23e9f6ff7c8f932f4404730b4ecdd6fd9b25b17db4b3169295d653cdf1,JPEG,JPEG,1,1,,,TRUE
2G (EDGE),50,600,compressed,31,images (15) 2.jpg,12622,13723,201,TRUE,3.608,,2026-10-05T03:29:08+00:00,31,low/images (15) 2.jpg,low,42a5648cd763317c8064e73ce7a8af65cf545a2783580afb80f5e540f69bc858,JPEG,JPEG,1,1,,,TRUE
2G (EDGE),50,600,compressed,32,00-276.jpg,43877,44978,201,TRUE,8.605,,2026-10-05T03:29:16+00:00,32,low/00-276.jpg,low,4a5b33b50f2ee942035dee793f948a2e4e7f67aa117904e8dcb845205c91e1ff,JPEG,JPEG,1,1,,,TRUE
2G (EDGE),50,600,compressed,33,다운로드 (1).jpg,13115,14216,201,TRUE,3.652,,2026-10-05T03:29:20+00:00,33,low/다운로드 (1).jpg,low,8d60b77a9b72f390a27542b8465cb0466f5822cc53583d17bba89c6b36cc7d9c,JPEG,JPEG,1,1,,,TRUE
2G (EDGE),50,600,compressed,34,다운로드 (55).jpg,13620,14721,201,TRUE,3.73,,2026-10-05T03:29:24+00:00,34,low/다운로드 (55).jpg,low,727e6934838d73713fd5680aa6825c4c45ec12e3a8927f05d322de39adacd73d,JPEG,JPEG,1,1,,,TRUE
2G (EDGE),50,600,compressed,35,images - 2025-01-28T164829.543.jpg,8030,9129,201,TRUE,2.841,,2026-10-05T03:29:27+00:00,35,low/images - 2025-01-28T164829.543.jpg,low,7179a8b265946063e758d20acaa77ee8e110b6d3e141ca7d703db63e145256a1,JPEG,JPEG,1,1,,,TRUE
2G (EDGE),50,600,compressed,36,images - 2025-01-28T155549.589.jpg,8297,9396,201,TRUE,2.872,,2026-10-05T03:29:30+00:00,36,low/images - 2025-01-28T155549.589.jpg,low,6244cdd6c0edfe22c5952588894aa08869241d031569c86fdce429f18753f322,JPEG,JPEG,1,1,,,TRUE
2G (EDGE),50,600,compressed,37,다운로드 (46).jpg,6104,7203,201,TRUE,2.506,,2026-10-05T03:29:32+00:00,37,low/다운로드 (46).jpg,low,7f2b0f743bc087d93641e7ed726bdba3d3384d89d3c579272c3c2adb58bd7f38,JPEG,JPEG,1,1,,,TRUE
2G (EDGE),50,600,compressed,38,images - 2025-01-28T164746.970.jpg,8184,9283,201,TRUE,2.8,,2026-10-05T03:29:35+00:00,38,low/images - 2025-01-28T164746.970.jpg,low,257241bb1a41503ca4e3473135a35ccfe89377ad19bc03d86acfcdf04c1fd04e,JPEG,JPEG,1,1,,,TRUE
2G (EDGE),50,600,compressed,39,images - 2025-01-28T185020.777.jpg,2957,4056,201,TRUE,2.011,,2026-10-05T03:29:37+00:00,39,low/images - 2025-01-28T185020.777.jpg,low,ffb1ec4da5b736da8737cd08b7fd7151a850e239fe1d35f9beb3b1a16c7bd202,JPEG,JPEG,1,1,,,TRUE
2G (EDGE),50,600,compressed,40,다운로드 (22).jpg,9866,10966,201,TRUE,3.119,,2026-10-05T03:29:40+00:00,40,low/다운로드 (22).jpg,low,e1dfc556a80e773bf1f1e3b61cb7ae583d59f2076ae7a8c535500670c82de27b,JPEG,JPEG,1,1,,,TRUE
2G (EDGE),50,600,compressed,41,images (37).jpg,12606,13707,201,TRUE,3.543,,2026-10-05T03:29:44+00:00,41,low/images (37).jpg,low,9b946ad1758501c74a140ee2e4f9789598a5d5295c956bf0e8e280805f794205,JPEG,JPEG,1,1,,,TRUE
2G (EDGE),50,600,compressed,42,noise (2).jpg,34531,35632,201,TRUE,7.082,,2026-10-05T03:29:51+00:00,42,low/noise (2).jpg,low,c6ff296ef4fd9aa096d5af20edf68e6c94a34fff61edfc6316b25142bd37cc4b,JPEG,JPEG,1,1,,,TRUE
2G (EDGE),50,600,compressed,43,images - 2025-01-28T163118.084.jpg,10906,12007,201,TRUE,3.278,,2026-10-05T03:29:54+00:00,43,low/images - 2025-01-28T163118.084.jpg,low,a299fe9fa37c2e607bd62439d742f9f3bc7d9901c9e99c97394343d0713f4081,JPEG,JPEG,1,1,,,TRUE
2G (EDGE),50,600,compressed,44,화면 캡처 2025-03-05 163951.jpg,32175,33276,201,TRUE,6.719,,2026-10-05T03:30:01+00:00,44,low/화면 캡처 2025-03-05 163951.jpg,low,75f31a48a4346e254922a4eeab72b30456bc9d47b5e88b0b215e2f75b0f79541,JPEG,JPEG,1,1,,,TRUE
2G (EDGE),50,600,compressed,45,a-1697518992.jpg,25812,26913,201,TRUE,5.697,,2026-10-05T03:30:06+00:00,45,low/a-1697518992.jpg,low,3289d204c8e03d8944248936bc454d5aea5b59bc41a1b96269125c2ab581cd07,JPEG,JPEG,1,1,,,TRUE
2G (EDGE),50,600,compressed,46,images - 2025-01-28T184855.222.jpg,12322,13423,201,TRUE,3.504,,2026-10-05T03:30:10+00:00,46,low/images - 2025-01-28T184855.222.jpg,low,a3ad1d1dd7b1392d7045d0b3c5817c60fd0cb09e35d794ec3d97e405f1535c72,JPEG,JPEG,1,1,,,TRUE
2G (EDGE),50,600,compressed,47,Mua-lon-nhieu-tuyen-duong-bi-chia-cat-do-ngap.jpg,146478,147581,201,TRUE,25.23,,2026-10-05T03:30:35+00:00,47,low/Mua-lon-nhieu-tuyen-duong-bi-chia-cat-do-ngap.jpg,low,4a636722eac7947289e2ee351659d3279aa8bdec7de3d526aa7301e0e8ea83da,JPEG,JPEG,1,1,,,TRUE
2G (EDGE),50,600,compressed,48,images (91).jpg,13731,14832,201,TRUE,3.737,,2026-10-05T03:30:39+00:00,48,low/images (91).jpg,low,67694493a5915b456599ffc85f79ad2dd89141dceff2f273b1a6fc4eec5545f2,JPEG,JPEG,1,1,,,TRUE
2G (EDGE),50,600,compressed,49,화면 캡처 2025-03-05 164019.jpg,24434,25535,201,TRUE,5.483,,2026-10-05T03:30:44+00:00,49,low/화면 캡처 2025-03-05 164019.jpg,low,1126614ab6ce433834ff4010ee4bd775c2cd1aa3003778eb505e2a4aa9f65347,JPEG,JPEG,1,1,,,TRUE
2G (EDGE),50,600,compressed,50,화면 캡처 2025-03-05 163845.jpg,25457,26558,201,TRUE,5.666,,2026-10-05T03:30:50+00:00,50,low/화면 캡처 2025-03-05 163845.jpg,low,f37481db61b1f1ec7156ad68fdf0937297f0e9c760cf48f5ab6dab76844e6cd4,JPEG,JPEG,1,1,,,TRUE
2G (EDGE),50,600,compressed,51,images (80).jpg,10589,11690,201,TRUE,3.229,,2026-10-05T03:30:53+00:00,51,low/images (80).jpg,low,6ab02506062e3a532cc7277be599710a40e1b3d03540eb3cfa12b992e90040df,JPEG,JPEG,1,1,,,TRUE
2G (EDGE),50,600,compressed,52,images - 2025-01-28T153836.835.jpg,10038,11139,201,TRUE,3.153,,2026-10-05T03:30:56+00:00,52,low/images - 2025-01-28T153836.835.jpg,low,2b4d23d3ece2cfa10cee3f0ccbac81b7500e2854e2cd3374c2931007e9eb8fed,JPEG,JPEG,1,1,,,TRUE
2G (EDGE),50,600,compressed,53,화면 캡처 2025-03-05 164330.jpg,19314,20415,201,TRUE,4.664,,2026-10-05T03:31:01+00:00,53,low/화면 캡처 2025-03-05 164330.jpg,low,ac7842800d9d2b89c7f6b5923074a26327ea286bfe40fe81ccf63c23976a85ec,JPEG,JPEG,1,1,,,TRUE
2G (EDGE),50,600,compressed,54,images (12) 2.png,136154,137257,201,TRUE,23.488,,2026-10-05T03:31:25+00:00,54,low/images (12) 2.png,low,19586a122eb5e6c4de00bbc09b02339b387d0249a05e3690dc9383bf50991314,PNG,JPEG,1,1,,,TRUE
2G (EDGE),50,600,compressed,55,화면 캡처 2025-03-05 161116.jpg,21336,22437,201,TRUE,4.978,,2026-10-05T03:31:30+00:00,55,low/화면 캡처 2025-03-05 161116.jpg,low,2f3fe63f36ec75ca5fe0896caac06cf0dfb0e2dee8ed43f0a30fb0a50932a445,JPEG,JPEG,1,1,,,TRUE
2G (EDGE),50,600,compressed,56,img1.jpeg,10652,11753,201,TRUE,3.282,,2026-10-05T03:31:33+00:00,56,low/img1.jpeg,low,df6f1fbc5204bce20da729fd09ed7bab81e77e6be21e927ae06db39c90a2cf79,JPEG,JPEG,1,1,,,TRUE
2G (EDGE),50,600,compressed,57,images - 2025-01-28T163022.980.jpg,4780,5879,201,TRUE,2.293,,2026-10-05T03:31:35+00:00,57,low/images - 2025-01-28T163022.980.jpg,low,2f635c3682eac9888a201958073889594b75b8dcc7dcbfe564d176fc91dc460c,JPEG,JPEG,1,1,,,TRUE
2G (EDGE),50,600,compressed,58,images (15).jpg,8516,9615,201,TRUE,2.893,,2026-10-05T03:31:38+00:00,58,medium/images (15).jpg,medium,68d7ac5485564e08315c8e181b868d10acff2c3c5c6dc30c679eb3b5b69cfbef,JPEG,JPEG,1,1,,,TRUE
2G (EDGE),50,600,compressed,59,images (78).jpg,10995,12096,201,TRUE,3.308,,2026-10-05T03:31:41+00:00,59,medium/images (78).jpg,medium,b4b3ef29acbc224733e0fca30af83d9c673fcf01e12617e34849d86822b9a976,JPEG,JPEG,1,1,,,TRUE
2G (EDGE),50,600,compressed,60,chay-lu-7-21441025-1730073553208-1730073553540228535485.webp,169896,170999,201,TRUE,29.046,,2026-10-05T03:32:10+00:00,60,medium/chay-lu-7-21441025-1730073553208-1730073553540228535485.webp,medium,cfd7d11cdfec3d412e4106d470269c2d681c2e892295978e173cbaad46f5f9d9,JPEG,JPEG,1,1,,,TRUE
2G (EDGE),50,600,compressed,61,images (22).jpg,5668,6767,201,TRUE,2.436,,2026-10-05T03:32:13+00:00,61,medium/images (22).jpg,medium,964bf4e7039c2ec2acabd3c177af4e6ef36611981fee5ba61d36aaedfe62c2e2,JPEG,JPEG,1,1,,,TRUE
2G (EDGE),50,600,compressed,62,images (45).jpg,9489,10589,201,TRUE,3.028,,2026-10-05T03:32:16+00:00,62,medium/images (45).jpg,medium,612f49698ba90aa45ecdc5f73e555115e850cfd56c76277e9fd29c228af6e5e6,JPEG,JPEG,1,1,,,TRUE
2G (EDGE),50,600,compressed,63,flood_6166.jpg,39136,40237,201,TRUE,7.854,,2026-10-05T03:32:24+00:00,63,medium/flood_6166.jpg,medium,4159ac8c969671d4a3255912207f9df9bc98049492c0cc0a95362b24eeeb8878,JPEG,JPEG,1,1,,,TRUE
2G (EDGE),50,600,compressed,64,0112mualu_21112025075850_160.jpg,83525,84626,201,TRUE,15.061,,2026-10-05T03:32:39+00:00,64,medium/0112mualu_21112025075850_160.jpg,medium,8e6d53d2adb0fcb04f8e21dc8aab39bbad0c3edc23f7229aa2944aa9748cc253,JPEG,JPEG,1,1,,,TRUE
2G (EDGE),50,600,compressed,65,images - 2025-01-28T151322.303.jpg,11082,12183,201,TRUE,3.316,,2026-10-05T03:32:42+00:00,65,medium/images - 2025-01-28T151322.303.jpg,medium,3f1084ef380ebd82dc42f44fdb037103ec757f85062ae269d4c2b5eb5808e296,JPEG,JPEG,1,1,,,TRUE
2G (EDGE),50,600,compressed,66,image.png,29460,30561,201,TRUE,6.263,,2026-10-05T03:32:48+00:00,66,medium/image.png,medium,66927b3f9717a549fecf7b7d88f8bed53466a78257911fa97ac4cda3d369968a,PNG,JPEG,1,1,,,TRUE
2G (EDGE),50,600,compressed,67,807798211_1065370852913193_4397432111052496019_n.jpg,226566,227669,201,TRUE,38.188,,2026-10-05T03:33:27+00:00,67,medium/807798211_1065370852913193_4397432111052496019_n.jpg,medium,c24f1ae0af40897ab0cb7a1698d101b1e9bb770c27d0f34ab8c6a102df72e9e6,JPEG,JPEG,1,1,,,TRUE
2G (EDGE),50,600,compressed,68,flood_6259.jpg,21111,22212,201,TRUE,4.901,,2026-10-05T03:33:32+00:00,68,medium/flood_6259.jpg,medium,4de8fa884f2d57dd80d3dfe3178fc9dbe4733bdc5d19a8460ff6bec341aafac4,JPEG,JPEG,1,1,,,TRUE
2G (EDGE),50,600,compressed,69,flood_6286.jpg,34443,35544,201,TRUE,7.145,,2026-10-05T03:33:39+00:00,69,medium/flood_6286.jpg,medium,eaeee6cb6978717c20f2879f549380c6c27c3bdc8baadc397bd2060fedbf7c44,JPEG,JPEG,1,1,,,TRUE
2G (EDGE),50,600,compressed,70,lam-dong-1764843506279818449019.jpg,97469,98570,201,TRUE,17.265,,2026-10-05T03:33:56+00:00,70,medium/lam-dong-1764843506279818449019.jpg,medium,bcacb2153b8df70663102f9fba3181b6b2177a21c79f9bf3123386fd3987e1ac,JPEG,JPEG,1,1,,,TRUE
2G (EDGE),50,600,compressed,71,images (46).jpg,7492,8591,201,TRUE,2.687,,2026-10-05T03:33:59+00:00,71,medium/images (46).jpg,medium,38a8de4ce3022b4cdc0338ba5d0a3a4dc567e1af297a376ca1dca48e063ef256,JPEG,JPEG,1,1,,,TRUE
2G (EDGE),50,600,compressed,72,다운로드 (12).jpg,12834,13935,201,TRUE,3.572,,2026-10-05T03:34:02+00:00,72,medium/다운로드 (12).jpg,medium,bcf35d05b7688362f8f6710240a89e8ee8509a08cb181949b7074babcd5d0365,JPEG,JPEG,1,1,,,TRUE
2G (EDGE),50,600,compressed,73,noise (5).jpg,29458,30559,201,TRUE,6.309,,2026-10-05T03:34:09+00:00,73,medium/noise (5).jpg,medium,eb819a1dbb0043f513069582edbf918ce471cbaa687c26336af6a2ef8d301e1f,JPEG,JPEG,1,1,,,TRUE
2G (EDGE),50,600,compressed,74,flood_1247.jpg,45565,46666,201,TRUE,8.874,,2026-10-05T03:34:17+00:00,74,medium/flood_1247.jpg,medium,be2b6774ad0ec21cbc1951fb0ceb3f62b35281ede3bb7c5b18c00488e7f3ff5f,JPEG,JPEG,1,1,,,TRUE
2G (EDGE),50,600,compressed,75,quangbinh-6177.jpeg,41486,42587,201,TRUE,8.206,,2026-10-05T03:34:26+00:00,75,medium/quangbinh-6177.jpeg,medium,eed28d4cd27554ac50c77d00e653f3c51123d57f1311e4772fe98da723416719,JPEG,JPEG,1,1,,,TRUE
2G (EDGE),50,600,compressed,76,20231124_uS9nUj.jpg,50110,51211,201,TRUE,9.638,,2026-10-05T03:34:35+00:00,76,medium/20231124_uS9nUj.jpg,medium,605154cc415e0e03701135d8283a92ae646b8b1efe374d9647f9c201ff7904d8,JPEG,JPEG,1,1,,,TRUE
2G (EDGE),50,600,compressed,77,images (3).jpg,15855,16956,201,TRUE,4.094,,2026-10-05T03:34:39+00:00,77,medium/images (3).jpg,medium,4e5d64ecdd47da38de6324ac82b12c23fc99fa40da3590684b67029bc4eb9f2f,JPEG,JPEG,1,1,,,TRUE
2G (EDGE),50,600,compressed,78,images (92).jpg,11252,12353,201,TRUE,3.332,,2026-10-05T03:34:43+00:00,78,medium/images (92).jpg,medium,0a5033d763a93d7c4dc9cb5dbe45a3a857b134882649b6e0442be4087e1c8aad,JPEG,JPEG,1,1,,,TRUE
2G (EDGE),50,600,compressed,79,images - 2025-01-28T155148.034.jpg,12444,13545,201,TRUE,3.514,,2026-10-05T03:34:46+00:00,79,medium/images - 2025-01-28T155148.034.jpg,medium,595d2030d6eb563f32639a2f3a95a81024e5d889bd186a03fb2282b99011752c,JPEG,JPEG,1,1,,,TRUE
2G (EDGE),50,600,compressed,80,image_186.jpg,61803,62904,201,TRUE,11.428,,2026-10-05T03:34:58+00:00,80,medium/image_186.jpg,medium,41aed1f809a8893cd69369b1ab9d4b22495fca4367babe1d7e85416354d90136,JPEG,JPEG,1,1,,,TRUE
2G (EDGE),50,600,compressed,81,AA.30869797.1.jpg,28087,29188,201,TRUE,6.027,,2026-10-05T03:35:04+00:00,81,medium/AA.30869797.1.jpg,medium,4a1c37b2f5930b315a2a051c78ba8b37577df112f273cfe90e854486413c8474,JPEG,JPEG,1,1,,,TRUE
2G (EDGE),50,600,compressed,82,1000014818-17616251502381327466398-136-106-1007-1500-crop-17616257967731607029814.webp,116597,117700,201,TRUE,20.337,,2026-10-05T03:35:24+00:00,82,medium/1000014818-17616251502381327466398-136-106-1007-1500-crop-17616257967731607029814.webp,medium,cd507abecb098f7dbbb04c9b5b710fd430eeeada6471e06d961d72f260bbcd96,WEBP,JPEG,1,1,,,TRUE
2G (EDGE),50,600,compressed,83,img76.jpg,52043,53144,201,TRUE,9.97,,2026-10-05T03:35:34+00:00,83,medium/img76.jpg,medium,b06765974f3a5fc63db4f5affcf65eda68973fa2fe7efbd7007d3fa0548ef3c2,JPEG,JPEG,1,1,,,TRUE
2G (EDGE),50,600,compressed,84,flood_6330.jpg,38475,39576,201,TRUE,7.756,,2026-10-05T03:35:42+00:00,84,medium/flood_6330.jpg,medium,390684aba7b3f3bba4d62cfbfeb5a2dfe99b486784957eb686faea673a9e203c,JPEG,JPEG,1,1,,,TRUE
2G (EDGE),50,600,compressed,85,939cf7ba3afa4a60bbb76760f3fd5aba.jpg,30792,31893,201,TRUE,6.475,,2026-10-05T03:35:48+00:00,85,medium/939cf7ba3afa4a60bbb76760f3fd5aba.jpg,medium,ef98ff56a143b33046879132ceaed70eea555d53ad31f60e20bff9107700f3ab,JPEG,JPEG,1,1,,,TRUE
2G (EDGE),50,600,compressed,86,flood_4813.jpg,23069,24170,201,TRUE,5.241,,2026-10-05T03:35:54+00:00,86,medium/flood_4813.jpg,medium,bdc67b21f57e090669243d986f772b0450ccc43065c54e162361e6f83f5ed758,JPEG,JPEG,1,1,,,TRUE
2G (EDGE),50,600,compressed,87,images - 2025-01-28T184959.137.jpg,7573,8672,201,TRUE,2.774,,2026-10-05T03:35:56+00:00,87,medium/images - 2025-01-28T184959.137.jpg,medium,1ddd3ac5a0681f32307ea622308e561dc84e90c75a16629ac5c1b1b6ec91b3c0,JPEG,JPEG,1,1,,,TRUE
2G (EDGE),50,600,compressed,88,quang-tri-quang-ngai-sap-mua-to-dai-ngay-dac-biet-hue-co-the-tren-500mm-1760611196899.webp,6497,7596,201,TRUE,2.573,,2026-10-05T03:35:59+00:00,88,medium/quang-tri-quang-ngai-sap-mua-to-dai-ngay-dac-biet-hue-co-the-tren-500mm-1760611196899.webp,medium,3d3f2f1ffc39aba5eec801859433c261eea9b3bde161c4a0528ddef08557cf39,WEBP,JPEG,1,1,,,TRUE
2G (EDGE),50,600,compressed,89,flood_6326.jpg,21506,22607,201,TRUE,5.009,,2026-10-05T03:36:04+00:00,89,medium/flood_6326.jpg,medium,de44e55a13026a349ca25e762328448ac121bae58b24f5913a41b78d04d81704,JPEG,JPEG,1,1,,,TRUE
2G (EDGE),50,600,compressed,90,img9.jpg,7866,8965,201,TRUE,2.763,,2026-10-05T03:36:07+00:00,90,medium/img9.jpg,medium,db9567b5b08ea11ec818bbd8a6f2571f8fd6bb0fc653a56c7b85ff2fb3d91f65,JPEG,JPEG,1,1,,,TRUE
2G (EDGE),50,600,compressed,91,images (32).jpg,11788,12889,201,TRUE,3.458,,2026-10-05T03:36:10+00:00,91,medium/images (32).jpg,medium,0846f0df1312f26089cf20655aec68f8843c27732284c6406337d8acb15e5fef,JPEG,JPEG,1,1,,,TRUE
2G (EDGE),50,600,compressed,92,image_0144.jpg,38455,39556,201,TRUE,7.771,,2026-10-05T03:36:18+00:00,92,medium/image_0144.jpg,medium,61f4b3a1508df32e80f65b1bd00bca3059e6b60b624f0e224fa4c92ebeb0c529,JPEG,JPEG,1,1,,,TRUE
2G (EDGE),50,600,compressed,93,images (37).jpg,5188,6287,201,TRUE,2.359,,2026-10-05T03:36:20+00:00,93,medium/images (37).jpg,medium,ed83e76f54c9708880e842d5c8dc5458dbbb77e0198c0794c7100616d891b7a8,JPEG,JPEG,1,1,,,TRUE
2G (EDGE),50,600,compressed,94,images (13).jpg,11070,12171,201,TRUE,3.334,,2026-10-05T03:36:24+00:00,94,medium/images (13).jpg,medium,b2918a66e66571b0f53f2f754255d276dc3ddc368ed02583b450ddec3e233505,JPEG,JPEG,1,1,,,TRUE
2G (EDGE),50,600,compressed,95,flood_6129.jpg,28634,29735,201,TRUE,6.163,,2026-10-05T03:36:30+00:00,95,medium/flood_6129.jpg,medium,15e0255f8dd1ce3ee3abc5096854ceb13840bbb1a016e09f63c5dd46aa189b6f,JPEG,JPEG,1,1,,,TRUE
2G (EDGE),50,600,compressed,96,gia-lai-1.jpg,42217,43318,201,TRUE,8.37,,2026-10-05T03:36:38+00:00,96,medium/gia-lai-1.jpg,medium,d99d981b85abdd79662b29dc36ceccf6f2c8b516fc557a9aaabffa044ac29110,JPEG,JPEG,1,1,,,TRUE
2G (EDGE),50,600,compressed,97,805357338_1065370609579884_4614583555099717146_n.jpg,205671,206774,201,TRUE,34.806,,2026-10-05T03:37:13+00:00,97,medium/805357338_1065370609579884_4614583555099717146_n.jpg,medium,4b825284c811f72e3d234cd85fa06bfa6c715a8e0580801cbe37a3897039fedd,JPEG,JPEG,1,1,,,TRUE
2G (EDGE),50,600,compressed,98,image_038.jpg,94240,95341,201,TRUE,16.749,,2026-10-05T03:37:30+00:00,98,medium/image_038.jpg,medium,6136434252d2fd2654427ab7233aa03edc8b4586c9f5edeae9445512a8c1a986,JPEG,JPEG,1,1,,,TRUE
2G (EDGE),50,600,compressed,99,img54.webp,55551,56652,201,TRUE,10.456,,2026-10-05T03:37:40+00:00,99,medium/img54.webp,medium,18376708cee0912e197cd3109b168583b99612198d7227800d4e04ddba7efb8c,WEBP,JPEG,1,1,,,TRUE
2G (EDGE),50,600,compressed,100,flood_6343.jpg,28334,29435,201,TRUE,6.091,,2026-10-05T03:37:46+00:00,100,medium/flood_6343.jpg,medium,bdaabbf877bb24950a976dcee568d7b2f9da082f2df398c581aa9544c8c2d113,JPEG,JPEG,1,1,,,TRUE
2G (EDGE),50,600,compressed,101,flood_6140.jpg,23785,24886,201,TRUE,5.344,,2026-10-05T03:37:52+00:00,101,medium/flood_6140.jpg,medium,75047d855512c1e7aacdcc71d3424ba42258375fb4558f42e0d1e4d2eb95ab8e,JPEG,JPEG,1,1,,,TRUE
2G (EDGE),50,600,compressed,102,5836-17634553662361993507720-168-0-1016-1620-crop-17634553816821875286789.webp,55107,56208,201,TRUE,10.381,,2026-10-05T03:38:02+00:00,102,medium/5836-17634553662361993507720-168-0-1016-1620-crop-17634553816821875286789.webp,medium,0f7a3cf9489a57a9d7a85f736ecdc9d61f2292d237dc1d516e81b7144328b65c,WEBP,JPEG,1,1,,,TRUE
2G (EDGE),50,600,compressed,103,image_024.jpg,69607,70708,201,TRUE,12.775,,2026-10-05T03:38:15+00:00,103,medium/image_024.jpg,medium,4eeeb9650eff67134821474e3be3eef270bc952e5ce699ac5058d98d6272e7dd,JPEG,JPEG,1,1,,,TRUE
2G (EDGE),50,600,compressed,104,image_311.jpg,135716,136819,201,TRUE,23.428,,2026-10-05T03:38:38+00:00,104,medium/image_311.jpg,medium,c2beb6ef457469d2c37347629f6fa6e5734de8643f9f4edf7b66827e56ea6b6d,JPEG,JPEG,1,1,,,TRUE
2G (EDGE),50,600,compressed,105,images (16).jpg,10750,11851,201,TRUE,3.243,,2026-10-05T03:38:42+00:00,105,medium/images (16).jpg,medium,c1bb1154b3b1871cf95bfa43c8ff8a3af539e5c68618b1ad2044724ef2759de0,JPEG,JPEG,1,1,,,TRUE
2G (EDGE),50,600,compressed,106,images-873cb504e7c333c6f74c7394a73d201acf9fae6cd36600561e3775ee8c31ca9b060d5497fad80da70437e59e48a14722-_111-6190.jpg,213085,214188,201,TRUE,35.912,,2026-10-05T03:39:17+00:00,106,medium/images-873cb504e7c333c6f74c7394a73d201acf9fae6cd36600561e3775ee8c31ca9b060d5497fad80da70437e59e48a14722-_111-6190.jpg,medium,d43f170f886d44555d05924ddee0439ecc18f50954cb91026c0100f4f0abc874,JPEG,JPEG,1,1,,,TRUE
2G (EDGE),50,600,compressed,107,vnapotalquangtritieptucmualonlulennhanhgayngaplutdienrong1917541315072353-16029002171551755047725.webp,102638,103741,201,TRUE,18.083,,2026-10-05T03:39:36+00:00,107,medium/vnapotalquangtritieptucmualonlulennhanhgayngaplutdienrong1917541315072353-16029002171551755047725.webp,medium,08612801e26c708aa52eaadfca720becdaa6c15652f2e6f18d51d644f98d9c1d,WEBP,JPEG,1,1,,,TRUE
2G (EDGE),50,600,compressed,108,n3.jpg,8631,9730,201,TRUE,2.878,,2026-10-05T03:39:38+00:00,108,medium/n3.jpg,medium,07538d70a44b40d3b440325619b3ca9b32650ede44a0d00d1d9dad1b99fbe4ee,JPEG,JPEG,1,1,,,TRUE
2G (EDGE),50,600,compressed,109,39.jpg,82526,83627,201,TRUE,14.832,,2026-10-05T03:39:53+00:00,109,medium/39.jpg,medium,fdd7f649e7ae81c6a92c2912a2b1274d61a062ef4a830ad5dcf91d987895347d,JPEG,JPEG,1,1,,,TRUE
2G (EDGE),50,600,compressed,110,lu-ky-luc-tren-hai-song-o-mien-trung-ngap-lut-lan-rong-tai-6-tinh-thanh-904.jpg,111435,112538,201,TRUE,19.513,,2026-10-05T03:40:13+00:00,110,medium/lu-ky-luc-tren-hai-song-o-mien-trung-ngap-lut-lan-rong-tai-6-tinh-thanh-904.jpg,medium,1208d8781d1283f8a2bf6df0db67a322020a4d22d1e5e77c892664b2dbe7ee09,JPEG,JPEG,1,1,,,TRUE
2G (EDGE),50,600,compressed,111,edit-z7290483264645f5e6e37fc44ef85a5b1ffafb92dc59ab-17648137370111953943839-0-27-1131-1837-crop-1764813752388209128783.webp,163762,164865,201,TRUE,28.069,,2026-10-05T03:40:41+00:00,111,medium/edit-z7290483264645f5e6e37fc44ef85a5b1ffafb92dc59ab-17648137370111953943839-0-27-1131-1837-crop-1764813752388209128783.webp,medium,e0173401e7ade0280806d8f19ae43363fd2e8405d20aaacd33cee72d7b6dbc73,WEBP,JPEG,1,1,,,TRUE
2G (EDGE),50,600,compressed,112,images - 2025-01-28T185558.906.jpg,4116,5215,201,TRUE,2.209,,2026-10-05T03:40:43+00:00,112,medium/images - 2025-01-28T185558.906.jpg,medium,f0860d21495f47388ed3e6696ce3785aee4da2cb1de4a590575461e038f7bae0,JPEG,JPEG,1,1,,,TRUE
2G (EDGE),50,600,compressed,113,1763565218045_mua1-191125.jpeg,48581,49682,201,TRUE,9.328,,2026-10-05T03:40:52+00:00,113,medium/1763565218045_mua1-191125.jpeg,medium,c91db90f158b3e8e854df4c1e3e8eb835f1cb537912568ae19100e6c51e917a2,JPEG,JPEG,1,1,,,TRUE
2G (EDGE),50,600,compressed,114,noise_n (3).jpg,30935,32036,201,TRUE,6.477,,2026-10-05T03:40:59+00:00,114,medium/noise_n (3).jpg,medium,737a36757baaeb65b62ecc21fd1a7cd2a49f865293696cdbf80f73a117604639,JPEG,JPEG,1,1,,,TRUE
2G (EDGE),50,600,compressed,115,81329cb922f6cba892e7-jpg-31673361078756138245019-50182452114320146060691.webp,17935,19036,201,TRUE,4.406,,2026-10-05T03:41:03+00:00,115,medium/81329cb922f6cba892e7-jpg-31673361078756138245019-50182452114320146060691.webp,medium,e0c7a3f120e8fc4f8f930f71cb2441f187c7414913c50d326be0c10542c46d7b,WEBP,JPEG,1,1,,,TRUE
2G (EDGE),50,600,compressed,116,noise (6).jpg,33879,34980,201,TRUE,6.991,,2026-10-05T03:41:10+00:00,116,medium/noise (6).jpg,medium,bacbea8fde543a342777a2e58cffb846bcab7312db734f6bb61c321e3e752dda,JPEG,JPEG,1,1,,,TRUE
2G (EDGE),50,600,compressed,117,images - 2025-01-28T151947.364.jpg,11120,12221,201,TRUE,3.275,,2026-10-05T03:41:14+00:00,117,medium/images - 2025-01-28T151947.364.jpg,medium,e7b8e37ef4d169937e886cd8663859ecb7af96df687a212be179822094715e95,JPEG,JPEG,1,1,,,TRUE
2G (EDGE),50,600,compressed,118,images (63).jpg,11385,12486,201,TRUE,3.343,,2026-10-05T03:41:17+00:00,118,medium/images (63).jpg,medium,6184d9e6b2bfe1c7ee6d03565b9bc592d4c3e55b2b707ef326f6c7e8504043b8,JPEG,JPEG,1,1,,,TRUE
2G (EDGE),50,600,compressed,119,floods_cambodia_avid_w.jpg,39317,40418,201,TRUE,7.857,,2026-10-05T03:41:25+00:00,119,high/floods_cambodia_avid_w.jpg,high,ddb850ec825f321b37caa568aee6098cfd4d06c0affb70c72c9ee4ad142c3d9a,JPEG,JPEG,1,1,,,TRUE
2G (EDGE),50,600,compressed,120,download.webp,17370,18471,201,TRUE,4.318,,2026-10-05T03:41:29+00:00,120,high/download.webp,high,9882a77a13f8404c4875c672327af6c30f711e1398f55d4278eedc70320775fc,WEBP,JPEG,1,1,,,TRUE
2G (EDGE),50,600,compressed,121,img9.webp,111755,112858,201,TRUE,19.621,,2026-10-05T03:41:49+00:00,121,high/img9.webp,high,553641be2dee253e89f8ca5829376e2c718e3455ca1b13cdd9e3f4637edaa900,WEBP,JPEG,1,1,,,TRUE
2G (EDGE),50,600,compressed,122,flood_4800.jpg,73856,74957,201,TRUE,13.471,,2026-10-05T03:42:02+00:00,122,high/flood_4800.jpg,high,0fcf65f440f4bb571ef8372897e08b4598b0e90023bb6700f222a036752a070e,JPEG,JPEG,1,1,,,TRUE
2G (EDGE),50,600,compressed,123,flood_732.jpg,166394,167497,201,TRUE,28.514,,2026-10-05T03:42:31+00:00,123,high/flood_732.jpg,high,cd381b32133ec4671de6a5b7bbdaf0934357d776d35c3e143fb4cff864027893,JPEG,JPEG,1,1,,,TRUE
2G (EDGE),50,600,compressed,124,z7243826042725e83c8d03deb27f56d1a1aad2b13b8e87-176362146979047283232-15-0-615-960-crop-17636214777741938859206.webp,33925,35026,201,TRUE,6.996,,2026-10-05T03:42:38+00:00,124,high/z7243826042725e83c8d03deb27f56d1a1aad2b13b8e87-176362146979047283232-15-0-615-960-crop-17636214777741938859206.webp,high,8656b7d16c67126af4681e1671432c38bc8fa52e8753764160db4c4873984988,WEBP,JPEG,1,1,,,TRUE
2G (EDGE),50,600,compressed,125,R.png,19864,20965,201,TRUE,4.736,,2026-10-05T03:42:43+00:00,125,high/R.png,high,dc0a6fe2a2bd9a52e6e80b51bfba596e52c9c1cdf83b9f74b23ab5ea6a19170d,PNG,JPEG,1,1,,,TRUE
2G (EDGE),50,600,compressed,126,flood_1261.jpg,107754,108857,201,TRUE,18.975,,2026-10-05T03:43:02+00:00,126,high/flood_1261.jpg,high,e409f5969c2febfdda9ed849c91004358be0a3d10814f787e45e7627ca828214,JPEG,JPEG,1,1,,,TRUE
2G (EDGE),50,600,compressed,127,AP23209060794692.jpg,137628,138731,201,TRUE,23.82,,2026-10-05T03:43:25+00:00,127,high/AP23209060794692.jpg,high,512a0322830cabfec0a6e89c2e31ea893b2cef2818cc39e3f317a59ae8fe1fd9,JPEG,JPEG,1,1,,,TRUE
2G (EDGE),50,600,compressed,128,images - 2025-01-28T151851.902.jpg,7713,8812,201,TRUE,2.74,,2026-10-05T03:43:28+00:00,128,high/images - 2025-01-28T151851.902.jpg,high,1edde2dab6d62b91b9de6c3c2655197077d5ab6e19d4765d2676cde1a6d8eb20,JPEG,JPEG,1,1,,,TRUE
2G (EDGE),50,600,compressed,129,image_027.jpg,58771,59872,201,TRUE,11.046,,2026-10-05T03:43:39+00:00,129,high/image_027.jpg,high,165d98120ba7e01d378bc261d7c3f23972249ed3b3be19d0d68043e769063363,JPEG,JPEG,1,1,,,TRUE
2G (EDGE),50,600,compressed,130,2-1726448843911500454177.webp,121693,122796,201,TRUE,21.169,,2026-10-05T03:44:00+00:00,130,high/2-1726448843911500454177.webp,high,ff55a67f3985507695ee4b23060fdfdad9e187fb8504aedfbf092075fa5f0d96,JPEG,JPEG,1,1,,,TRUE
2G (EDGE),50,600,compressed,131,image_049.jpg,74513,75614,201,TRUE,13.621,,2026-10-05T03:44:14+00:00,131,high/image_049.jpg,high,3e828a32d6aed42e6ee8dc53661095ca000f242d7e9f02d192b2c01c86a09957,JPEG,JPEG,1,1,,,TRUE
2G (EDGE),50,600,compressed,132,image_0107.jpg,19919,21020,201,TRUE,4.727,,2026-10-05T03:44:19+00:00,132,high/image_0107.jpg,high,5fa433bbf249eeb3aa2055834a5f403e493a8cac5cd4b9782a14415183856245,JPEG,JPEG,1,1,,,TRUE
2G (EDGE),50,600,compressed,133,dd20c6609cc035fedf1a093e97f51af4.jpeg,56381,57482,201,TRUE,10.679,,2026-10-05T03:44:29+00:00,133,high/dd20c6609cc035fedf1a093e97f51af4.jpeg,high,fce656b8e1f1e90ed783f0ca822286246a21df47469426bba44d1b2ad695ca97,PNG,JPEG,1,1,,,TRUE
2G (EDGE),50,600,compressed,134,img66.jpg,20273,21374,201,TRUE,4.796,,2026-10-05T03:44:34+00:00,134,high/img66.jpg,high,d55e7de52341508886162ad8719416840af584d47853b998f2d2c45f4c5f5fd2,JPEG,JPEG,1,1,,,TRUE
2G (EDGE),50,600,compressed,135,OIP (10).webp,7577,8676,201,TRUE,2.721,,2026-10-05T03:44:37+00:00,135,high/OIP (10).webp,high,ed3ec9010a260ac315bd0f17ebe4c044ba2c86905964444aa011b3604366fe8d,WEBP,JPEG,1,1,,,TRUE
2G (EDGE),50,600,compressed,136,iimages (5).jpg,6719,7818,201,TRUE,2.591,,2026-10-05T03:44:39+00:00,136,high/iimages (5).jpg,high,b0a958225801750c5a6a663c180d26565f8a95584750c5e60879380fd14ded85,JPEG,JPEG,1,1,,,TRUE
2G (EDGE),50,600,compressed,137,iimages (10).jpg,10959,12060,201,TRUE,3.308,,2026-10-05T03:44:43+00:00,137,high/iimages (10).jpg,high,73f6052a7daa8f8de6dade2fa0ac44e339083b998afb2a163d7334c45aee76ad,JPEG,JPEG,1,1,,,TRUE
2G (EDGE),50,600,compressed,138,img55.webp,31013,32114,201,TRUE,6.513,,2026-10-05T03:44:49+00:00,138,high/img55.webp,high,b5f145285f3fec3d20ccaee444df2159d4f1e362760435f3c6feb51ba725abd1,WEBP,JPEG,1,1,,,TRUE
2G (EDGE),50,600,compressed,139,image_6483441_7_c62ccb313f.jpg,195650,196753,201,TRUE,33.245,,2026-10-05T03:45:23+00:00,139,high/image_6483441_7_c62ccb313f.jpg,high,6dd3bbf14af3264ba7796f69f228df25a4c356c25a6dd15bc161a085cb6c9e79,JPEG,JPEG,1,1,,,TRUE
2G (EDGE),50,600,compressed,140,jakarta-indonesiafebruary-2021the-search-rescue-600nw-1920679820.webp,35737,36838,201,TRUE,7.283,,2026-10-05T03:45:30+00:00,140,high/jakarta-indonesiafebruary-2021the-search-rescue-600nw-1920679820.webp,high,c8a13d4112c593635c49f9071db0148b79a1d2e07b71b3df893bfd6a73c037b3,WEBP,JPEG,1,1,,,TRUE
2G (EDGE),50,600,compressed,141,image_0090.jpg,29106,30207,201,TRUE,6.223,,2026-10-05T03:45:36+00:00,141,high/image_0090.jpg,high,10264351de402d0dd637b6f6bbc7008be5bf13c86313a6b684875ddd858cf613,JPEG,JPEG,1,1,,,TRUE
2G (EDGE),50,600,compressed,142,img7.webp,29982,31083,201,TRUE,6.34,,2026-10-05T03:45:42+00:00,142,high/img7.webp,high,854cee071b8d48b0567b2717b3f8dc71e3694b96892e5e1591566cb0124e7925,WEBP,JPEG,1,1,,,TRUE
2G (EDGE),50,600,compressed,143,4231cd29f2fb53ce8f0359eba8f1caaa85b22b53819bf0b9990e4c4d228c8c89.webp,82082,83183,201,TRUE,14.774,,2026-10-05T03:45:57+00:00,143,high/4231cd29f2fb53ce8f0359eba8f1caaa85b22b53819bf0b9990e4c4d228c8c89.webp,high,bcdb14769aad6eeb48dfec2f602435a1d52a3eac013da23c60a3dc34a22f4f38,WEBP,JPEG,1,1,,,TRUE
2G (EDGE),50,600,compressed,144,img72.webp,36973,38074,201,TRUE,7.476,,2026-10-05T03:46:05+00:00,144,high/img72.webp,high,fc43a66f60e642ba21fa6cbe8fcc8846ba555c658dda41d4cd362b511a55cdc6,WEBP,JPEG,1,1,,,TRUE
2G (EDGE),50,600,compressed,145,img49.webp,107429,108532,201,TRUE,18.891,,2026-10-05T03:46:24+00:00,145,high/img49.webp,high,96759c7c514ee82e03951cb13230fa9784b1e5e7234dacb2167999386d42da8a,WEBP,JPEG,1,1,,,TRUE
2G (EDGE),50,600,compressed,146,OIP (1).webp,27124,28225,201,TRUE,5.932,,2026-10-05T03:46:30+00:00,146,high/OIP (1).webp,high,9931f7b540fa118001a5d222735edbddb903cb7469e6f8d551d3e3f9aeb528ff,WEBP,JPEG,1,1,,,TRUE
2G (EDGE),50,600,compressed,147,OIP (33).webp,6587,7686,201,TRUE,2.561,,2026-10-05T03:46:32+00:00,147,high/OIP (33).webp,high,237864469e6f1c257cd918ef25c0b0dc7bf383955b3dd23e21cc2fd4a92cda2c,WEBP,JPEG,1,1,,,TRUE
2G (EDGE),50,600,compressed,148,image_145.jpeg,58643,59744,201,TRUE,11,,2026-10-05T03:46:43+00:00,148,high/image_145.jpeg,high,bcdda09b5006e6f96bba2f559d90d2d3daf5c41ca66d3886dac46534cf7c7f5c,JPEG,JPEG,1,1,,,TRUE
2G (EDGE),50,600,compressed,149,images - 2025-01-28T154039.568.jpg,7966,9065,201,TRUE,2.773,,2026-10-05T03:46:46+00:00,149,high/images - 2025-01-28T154039.568.jpg,high,be2defe1fef5628f1e85d94d12c66075ab7feca57f273f4f903521816128d959,JPEG,JPEG,1,1,,,TRUE
2G (EDGE),50,600,compressed,150,3cbf55ff-d524-461d-bf40-fa489285474d.jpg,33547,34648,201,TRUE,6.933,,2026-10-05T03:46:53+00:00,150,high/3cbf55ff-d524-461d-bf40-fa489285474d.jpg,high,1f48d2d7cdfbc50fb3ca2297a2ccf866a2d48c3c079242e61df887b896f1c929,JPEG,JPEG,1,1,,,TRUE
2G (EDGE),50,600,compressed,151,b572b8392df6f2cbbac8a6a19d74bfa2.avif,46966,48067,201,TRUE,9.149,,2026-10-05T03:47:02+00:00,151,high/b572b8392df6f2cbbac8a6a19d74bfa2.avif,high,c0aac4095412b24e58c6132b8e66e2b9f243597aee2eb06d7f193dc154e04f73,AVIF,JPEG,1,1,,,TRUE
2G (EDGE),50,600,compressed,152,flood_219.jpg,290092,291195,201,TRUE,48.435,,2026-10-05T03:47:50+00:00,152,high/flood_219.jpg,high,79facf8f80351b4e020857b9b47604efb7d0ea20f0ddaf838824b215b67ccb05,JPEG,JPEG,1,1,,,TRUE
2G (EDGE),50,600,compressed,153,Shutterstock_12250367k.jpg,34710,35811,201,TRUE,7.128,,2026-10-05T03:47:58+00:00,153,high/Shutterstock_12250367k.jpg,high,732957645e5b3b44344a6db0f53486059ed78e70192a22c3b436cd8f93717b07,JPEG,JPEG,1,1,,,TRUE
2G (EDGE),50,600,compressed,154,noise1.jpeg,13916,15017,201,TRUE,3.725,,2026-10-05T03:48:01+00:00,154,high/noise1.jpeg,high,9bbaa77d1bb035ab20937380a2af67a90bd9e4ca71180cfd0b807c5f00b343b8,JPEG,JPEG,1,1,,,TRUE
2G (EDGE),50,600,compressed,155,img58.jpg,30127,31228,201,TRUE,6.39,,2026-10-05T03:48:08+00:00,155,high/img58.jpg,high,b9364110f4da93b4e893640de31f3fa2ca0dcdf336741d8934571d72a47043e2,JPEG,JPEG,1,1,,,TRUE
2G (EDGE),50,600,compressed,156,569FB5E8-17FF-4DA7-AF819E7223AD38C7_source.webp,30824,31925,201,TRUE,6.497,,2026-10-05T03:48:14+00:00,156,high/569FB5E8-17FF-4DA7-AF819E7223AD38C7_source.webp,high,3dcb8b40eeb8b9f8bf80bae7a1df25b52f5004838bc145495c760b8f3789c2c7,WEBP,JPEG,1,1,,,TRUE
2G (EDGE),50,600,compressed,157,flood_1214.jpg,64661,65762,201,TRUE,11.972,,2026-10-05T03:48:26+00:00,157,high/flood_1214.jpg,high,0c1e0b47204317c7c194fc94a7dbfc1030e08c065acbda8b4e455df3e23c4585,JPEG,JPEG,1,1,,,TRUE
2G (EDGE),50,600,compressed,158,skynews-philippines-megi_5737099.jpg,182222,183325,201,TRUE,31.057,,2026-10-05T03:48:57+00:00,158,high/skynews-philippines-megi_5737099.jpg,high,84c1d37b7cba9e20cf409763137f50704c251e784de518f90804e115163765e0,JPEG,JPEG,1,1,,,TRUE
2G (EDGE),50,600,compressed,159,flood_4791.jpg,57086,58187,201,TRUE,10.775,,2026-10-05T03:49:08+00:00,159,high/flood_4791.jpg,high,d1c123841ecbd4da557fa97ce87111b212c8228c34a85bd91f2560b0dd7f4540,JPEG,JPEG,1,1,,,TRUE
2G (EDGE),50,600,compressed,160,flood_4763.jpg,51828,52929,201,TRUE,9.861,,2026-10-05T03:49:18+00:00,160,high/flood_4763.jpg,high,71dc4359a45d5f7f9a73474695d86dcc2a5fe3fb74f89763be6ea2c971476183,JPEG,JPEG,1,1,,,TRUE
2G (EDGE),50,600,compressed,161,OIP (14).webp,6776,7875,201,TRUE,2.558,,2026-10-05T03:49:20+00:00,161,high/OIP (14).webp,high,327490c28381c700367e1baa43b9b8faa0d4dad840c3f5cc28dbcbc00aef9312,WEBP,JPEG,1,1,,,TRUE
2G (EDGE),50,600,compressed,162,img60.webp,56953,58054,201,TRUE,10.724,,2026-10-05T03:49:31+00:00,162,high/img60.webp,high,04fb91efee88688fce39d7c57db3f77e74a131efb54072039947ff44497cab46,WEBP,JPEG,1,1,,,TRUE
2G (EDGE),50,600,compressed,163,images - 2025-01-28T152121.677.jpg,10227,11328,201,TRUE,3.138,,2026-10-05T03:49:34+00:00,163,high/images - 2025-01-28T152121.677.jpg,high,4eb24b2e8dc4eda02a4cc8771e5f553a3cea43118dc311cd054b50be02659728,JPEG,JPEG,1,1,,,TRUE
2G (EDGE),50,600,compressed,164,OIP (15).webp,7572,8671,201,TRUE,2.748,,2026-10-05T03:49:37+00:00,164,high/OIP (15).webp,high,24f885199ce10f8e1e816382fd1bfbc0cb087adfdbf80d37f50e01f029b902df,WEBP,JPEG,1,1,,,TRUE
2G (EDGE),50,600,compressed,165,OIP (29).webp,15685,16786,201,TRUE,4.046,,2026-10-05T03:49:41+00:00,165,high/OIP (29).webp,high,722c9d66af59c68dec8e0c6d6304791267c63d646e08710fd3e9f26c37df9334,WEBP,JPEG,1,1,,,TRUE
2G (EDGE),50,600,compressed,166,flood-1.jpg,73229,74330,201,TRUE,13.356,,2026-10-05T03:49:55+00:00,166,high/flood-1.jpg,high,09f55b9b3f375ebed1a877966d39e27f14f7e874b49f4aaeb760640e48391a2e,JPEG,JPEG,1,1,,,TRUE
2G (EDGE),50,600,compressed,167,702018189_univ_cnt_01_xs.jpg,8949,10048,201,TRUE,2.909,,2026-10-05T03:49:57+00:00,167,high/702018189_univ_cnt_01_xs.jpg,high,5425fb7fa7db399de54b9d429fd66d384764c2dfb43a11b1661288a1214928f4,JPEG,JPEG,1,1,,,TRUE
2G (EDGE),50,600,compressed,168,img4.jpg,5500,6599,201,TRUE,2.403,,2026-10-05T03:50:00+00:00,168,high/img4.jpg,high,2a232bbd43a017ee8635ca368475ed57d4f521ec3a3ac3441179a9a2bf799fd8,JPEG,JPEG,1,1,,,TRUE
2G (EDGE),50,600,compressed,169,image_294.png,84479,85580,201,TRUE,15.165,,2026-10-05T03:50:15+00:00,169,high/image_294.png,high,121729a09e5d44136cae00fe1f03a2937abb87667ab3ecb6ab3c280a5894c585,PNG,JPEG,1,1,,,TRUE
2G (EDGE),50,600,compressed,170,65d952b4-90a2-4d18-b035-24352c-3365-2036-1764872629.webp,38202,39303,201,TRUE,7.723,,2026-10-05T03:50:23+00:00,170,high/65d952b4-90a2-4d18-b035-24352c-3365-2036-1764872629.webp,high,11f5411abd0b76ea294bd29a7472d8684b48083301862061e6f25da644430a5c,WEBP,JPEG,1,1,,,TRUE
2G (EDGE),50,600,compressed,171,OIP (36).webp,39098,40199,201,TRUE,7.773,,2026-10-05T03:50:31+00:00,171,high/OIP (36).webp,high,f5293f48dbaa45b33a582c87433bb04fbbf2dd472469a0332a82bd5feb755c14,WEBP,JPEG,1,1,,,TRUE
2G (EDGE),50,600,compressed,172,화면 캡처 2025-03-05 181439.jpg,43579,44680,201,TRUE,8.528,,2026-10-05T03:50:39+00:00,172,non_flood/화면 캡처 2025-03-05 181439.jpg,non_flood,b75c4f08d2d4af82fae15233d28be9099286d8327bb1728ad06ae8467bd4fd24,JPEG,JPEG,1,1,,,TRUE
2G (EDGE),50,600,compressed,173,화면 캡처 2025-03-05 175742.jpg,34472,35573,201,TRUE,7.075,,2026-10-05T03:50:46+00:00,173,non_flood/화면 캡처 2025-03-05 175742.jpg,non_flood,9aa30b4ad8e881ee526e62dfd529f7c132517be92583fc25c2a352b59a7b8a10,JPEG,JPEG,1,1,,,TRUE
2G (EDGE),50,600,compressed,174,화면 캡처 2025-03-05 175341.jpg,19452,20553,201,TRUE,4.646,,2026-10-05T03:50:51+00:00,174,non_flood/화면 캡처 2025-03-05 175341.jpg,non_flood,43a98cd56ba750ceae68f3ca04b1c092e901fff1dcc83a04a19d4652dd5a93ab,JPEG,JPEG,1,1,,,TRUE
2G (EDGE),50,600,compressed,175,화면 캡처 2025-03-05 172751.jpg,19183,20284,201,TRUE,4.561,,2026-10-05T03:50:55+00:00,175,non_flood/화면 캡처 2025-03-05 172751.jpg,non_flood,8de13e59f0139f6ad9e553f887ea3e427cfbe24c5523a850651923df6d64011a,JPEG,JPEG,1,1,,,TRUE
2G (EDGE),50,600,compressed,176,images (13)1.jpg,13714,14815,201,TRUE,3.705,,2026-10-05T03:50:59+00:00,176,non_flood/images (13)1.jpg,non_flood,4e2b303a68e00ba4fbca23bdb0585b3f0f6f385e83bfebad4a16d96898663a3e,JPEG,JPEG,1,1,,,TRUE
2G (EDGE),50,600,compressed,177,화면 캡처 2025-03-05 181412.jpg,42823,43924,201,TRUE,8.424,,2026-10-05T03:51:08+00:00,177,non_flood/화면 캡처 2025-03-05 181412.jpg,non_flood,6fbd9d9cf16d0e950ccae0c7ec26baf60c4081efe34aa86205785db825fc01bc,JPEG,JPEG,1,1,,,TRUE
2G (EDGE),50,600,compressed,178,화면 캡처 2025-03-05 152130.jpg,48623,49724,201,TRUE,9.392,,2026-10-05T03:51:17+00:00,178,non_flood/화면 캡처 2025-03-05 152130.jpg,non_flood,0df727cf509b4b225f8c3b77ed2b4c65be629b0eb3ef422bd3e6bcd1abe5b4e8,JPEG,JPEG,1,1,,,TRUE
2G (EDGE),50,600,compressed,179,화면 캡처 2025-03-05 173917.jpg,42894,43995,201,TRUE,8.412,,2026-10-05T03:51:25+00:00,179,non_flood/화면 캡처 2025-03-05 173917.jpg,non_flood,29e372c79949fb945d3d217af23e725576f970bc88d47820d56f908c8c1dd8b4,JPEG,JPEG,1,1,,,TRUE
2G (EDGE),50,600,compressed,180,1789568749569_282700609501588260_7406490438318140161_4c67d325471c5a433aa450f9a2bf7b80.jpg,93355,94456,201,TRUE,16.634,,2026-10-05T03:51:42+00:00,180,non_flood/1789568749569_282700609501588260_7406490438318140161_4c67d325471c5a433aa450f9a2bf7b80.jpg,non_flood,c8128762797fb77bf5feb965d12100cd783be0e0afe1658cbd851ec37a153d83,JPEG,JPEG,1,1,,,TRUE
2G (EDGE),50,600,compressed,181,images (9).jpg,7710,8809,201,TRUE,2.722,,2026-10-05T03:51:45+00:00,181,non_flood/images (9).jpg,non_flood,18e261369109061b9841676f321894e21cfd91d608fe3dc9acc8c4d1bfd64a53,JPEG,JPEG,1,1,,,TRUE
2G (EDGE),50,600,compressed,182,images (7).jpg,13352,14453,201,TRUE,3.609,,2026-10-05T03:51:48+00:00,182,non_flood/images (7).jpg,non_flood,a5bcc829e70ca0664ad916e26c9ffb440248d5d6e3429a58c9b90d3d3860a7ab,JPEG,JPEG,1,1,,,TRUE
2G (EDGE),50,600,compressed,183,다운로드 (5).jpg,10579,11680,201,TRUE,3.19,,2026-10-05T03:51:52+00:00,183,non_flood/다운로드 (5).jpg,non_flood,49d811196ba07508a08d7689a5746494bdd1e6bc89460cb67dffb53154670204,JPEG,JPEG,1,1,,,TRUE
2G (EDGE),50,600,compressed,184,다운로드 (45) 3.jpg,12119,13220,201,TRUE,3.466,,2026-10-05T03:51:55+00:00,184,non_flood/다운로드 (45) 3.jpg,non_flood,1f8553a464ee1aa46de5890b8be0676883513c8083217c3013df8ab6e9bef786,JPEG,JPEG,1,1,,,TRUE
2G (EDGE),50,600,compressed,185,다운로드 (31).jpg,9673,10773,201,TRUE,3.038,,2026-10-05T03:51:58+00:00,185,non_flood/다운로드 (31).jpg,non_flood,c7449da10dfb0cebf3561e433c9a19876e06e81dda26cf39253b8d1aed09be91,JPEG,JPEG,1,1,,,TRUE
2G (EDGE),50,600,compressed,186,127465812-일본-교토의-봄비-폭풍우-동안-교토부의-스트리트-뷰.jpg,150093,151196,201,TRUE,25.857,,2026-10-05T03:52:24+00:00,186,non_flood/127465812-일본-교토의-봄비-폭풍우-동안-교토부의-스트리트-뷰.jpg,non_flood,6ae7d4cc308ffcdbcea455286428f08c4716a26cd6e0f295ba412b38393a1e05,JPEG,JPEG,1,1,,,TRUE
2G (EDGE),50,600,compressed,187,화면 캡처 2025-03-05 174935.jpg,62379,63480,201,TRUE,11.628,,2026-10-05T03:52:36+00:00,187,non_flood/화면 캡처 2025-03-05 174935.jpg,non_flood,d9a9b54010a3c3c0b44e085273edb1f64a777f99be11d71a7199030bab07a848,JPEG,JPEG,1,1,,,TRUE
2G (EDGE),50,600,compressed,188,화면 캡처 2025-03-05 173725.jpg,44279,45380,201,TRUE,8.705,,2026-10-05T03:52:44+00:00,188,non_flood/화면 캡처 2025-03-05 173725.jpg,non_flood,8088bad691c314800e2472cc5837ed0ddc4fc2a8bb5fc67a0466a5b6dbd4ef41,JPEG,JPEG,1,1,,,TRUE
2G (EDGE),50,600,compressed,189,다운로드 (7).jpg,13460,14561,201,TRUE,3.703,,2026-10-05T03:52:48+00:00,189,non_flood/다운로드 (7).jpg,non_flood,7882a482c8fa3ac2a100823670b3527953bc13261ced12bef7d2814872bbb73d,JPEG,JPEG,1,1,,,TRUE
2G (EDGE),50,600,compressed,190,다운로드 (12).jpg,11018,12119,201,TRUE,3.254,,2026-10-05T03:52:51+00:00,190,non_flood/다운로드 (12).jpg,non_flood,5a26387b7c471c37b412a214b65d520836f1ccdac5562ba302e9ad91f3063751,JPEG,JPEG,1,1,,,TRUE
2G (EDGE),50,600,compressed,191,images (11)1.jpg,14198,15299,201,TRUE,3.792,,2026-10-05T03:52:55+00:00,191,non_flood/images (11)1.jpg,non_flood,254e9ebc6f2b62b50393b6db4914c56a5fe0e43f3aac0ffa71f6cf007e661e61,JPEG,JPEG,1,1,,,TRUE
2G (EDGE),50,600,compressed,192,1789568749557_282700609501588260_7406490438318140161_7d5baf7f35b58211bf5d643c66ab8606.jpg,86110,87211,201,TRUE,15.467,,2026-10-05T03:53:10+00:00,192,non_flood/1789568749557_282700609501588260_7406490438318140161_7d5baf7f35b58211bf5d643c66ab8606.jpg,non_flood,831a018e6022c183e2bad8c815113118193ea4eed8bfe14d0ae7000be299d148,JPEG,JPEG,1,1,,,TRUE
2G (EDGE),50,600,compressed,193,images (14)1.jpg,12637,13738,201,TRUE,3.558,,2026-10-05T03:53:14+00:00,193,non_flood/images (14)1.jpg,non_flood,62da4a05b2a453136adff5b34666d1bfbbf2fc659e751e9c841909dd1e792d54,JPEG,JPEG,1,1,,,TRUE
2G (EDGE),50,600,compressed,194,images (24)1.jpg,7965,9064,201,TRUE,2.778,,2026-10-05T03:53:17+00:00,194,non_flood/images (24)1.jpg,non_flood,f14078bda9f46dd2b44eb17870ad533778d7daf7085e8b344be8813a125f4694,JPEG,JPEG,1,1,,,TRUE
2G (EDGE),50,600,compressed,195,다운로드 (43) 3.jpg,13476,14577,201,TRUE,3.679,,2026-10-05T03:53:21+00:00,195,non_flood/다운로드 (43) 3.jpg,non_flood,82a8697498f35ccc783ad058be58208a775ed79bbf59b68c83a1a95701944ecd,JPEG,JPEG,1,1,,,TRUE
2G (EDGE),50,600,compressed,196,p1065569336329878_240_thum.jpg,52647,53748,201,TRUE,9.989,,2026-10-05T03:53:31+00:00,196,non_flood/p1065569336329878_240_thum.jpg,non_flood,f648f926141df9ee9b70b1f787f660909a44e33c36bb0ed39162ea186a338df4,JPEG,JPEG,1,1,,,TRUE
2G (EDGE),50,600,compressed,197,화면 캡처 2025-03-05 172739.jpg,21998,23099,201,TRUE,5.058,,2026-10-05T03:53:36+00:00,197,non_flood/화면 캡처 2025-03-05 172739.jpg,non_flood,b40f793569d14767abe9f2e068970f3b795c0563877a1e1f8a7258821f69edcc,JPEG,JPEG,1,1,,,TRUE
2G (EDGE),50,600,compressed,198,다운로드 (36) 3.jpg,12070,13171,201,TRUE,3.487,,2026-10-05T03:53:39+00:00,198,non_flood/다운로드 (36) 3.jpg,non_flood,8ae6c5d304ced95a61c6567b5c88ddfc5e319f0e3a5ec72dea7e133aa076ef0f,JPEG,JPEG,1,1,,,TRUE
2G (EDGE),50,600,compressed,199,화면 캡처 2025-03-05 175927.jpg,43528,44629,201,TRUE,8.556,,2026-10-05T03:53:48+00:00,199,non_flood/화면 캡처 2025-03-05 175927.jpg,non_flood,0565699f292d6f6e0deb526642cc69d3d067a9e934582eabafbccc3d6d0f1bf2,JPEG,JPEG,1,1,,,TRUE
2G (EDGE),50,600,compressed,200,13382_13779_4019.jpg,33319,34420,201,TRUE,6.945,,2026-10-05T03:53:55+00:00,200,non_flood/13382_13779_4019.jpg,non_flood,6bd6b42bf3dd5e44c475fddcbc9bd6a880a64bfdee58ca7722e49b94de5ee4da,JPEG,JPEG,1,1,,,TRUE
2G (EDGE),50,600,compressed,201,RPR20231226002000353_01_i.jpg,19658,20759,201,TRUE,4.683,,2026-10-05T03:53:59+00:00,201,non_flood/RPR20231226002000353_01_i.jpg,non_flood,28246d242467856c88fbbfd1bafe4924c405331e349aa0a9e8e2814e688afd88,JPEG,JPEG,1,1,,,TRUE
2G (EDGE),50,600,compressed,202,다운로드 (34) 3.jpg,11291,12392,201,TRUE,3.351,,2026-10-05T03:54:03+00:00,202,non_flood/다운로드 (34) 3.jpg,non_flood,568d0b9bf261a2e4fe2afb600416d3eb532f928e57b1d059acfe3a177bbd57f0,JPEG,JPEG,1,1,,,TRUE
2G (EDGE),50,600,compressed,203,화면 캡처 2025-03-05 174358.jpg,49747,50848,201,TRUE,9.62,,2026-10-05T03:54:12+00:00,203,non_flood/화면 캡처 2025-03-05 174358.jpg,non_flood,1c7d8c2b8440637fbcec5baaba40642f2e3b0540590cc8a0ac8db672f478cfc7,JPEG,JPEG,1,1,,,TRUE
2G (EDGE),50,600,compressed,204,images (62).jpg,17065,18166,201,TRUE,4.263,,2026-10-05T03:54:17+00:00,204,non_flood/images (62).jpg,non_flood,9e03661c93bf0f0f3dd70ccf7f7cfd62cdba0694c8359fef3021f6f2ab3f3b83,JPEG,JPEG,1,1,,,TRUE
2G (EDGE),50,600,compressed,205,images - 2025-01-28T184436.464.jpg,7672,8771,201,TRUE,2.738,,2026-10-05T03:54:19+00:00,205,non_flood/images - 2025-01-28T184436.464.jpg,non_flood,31ddc209d0f2ff99b445870e708cc8becebb5adbc5c90504371e9c9a76f06d88,JPEG,JPEG,1,1,,,TRUE
2G (EDGE),50,600,compressed,206,다운로드 (36).jpg,8305,9404,201,TRUE,2.849,,2026-10-05T03:54:22+00:00,206,non_flood/다운로드 (36).jpg,non_flood,3d946dfc7512149170bac99b129a06a6587fdc1ce7c057a3f609a89adfc665ee,JPEG,JPEG,1,1,,,TRUE
2G (EDGE),50,600,compressed,207,화면 캡처 2025-03-05 182737.jpg,39259,40360,201,TRUE,7.839,,2026-10-05T03:54:30+00:00,207,non_flood/화면 캡처 2025-03-05 182737.jpg,non_flood,a456c939a5253ff3dd25bd0706ecf353ff0b5f5ff0c9d1e99bb3cf05487c3f28,JPEG,JPEG,1,1,,,TRUE
2G (EDGE),50,600,compressed,208,20230113501845.jpg,74439,75540,201,TRUE,13.525,,2026-10-05T03:54:44+00:00,208,non_flood/20230113501845.jpg,non_flood,c06f0a8a109f0b9c110eea5d3caf05bd439e812ecb451bd34a083e1279173fe7,JPEG,JPEG,1,1,,,TRUE
2G (EDGE),50,600,compressed,209,화면 캡처 2025-03-05 151816.jpg,41277,42378,201,TRUE,8.141,,2026-10-05T03:54:52+00:00,209,non_flood/화면 캡처 2025-03-05 151816.jpg,non_flood,102ada76b9fd2f4eebcdc6faf911ae294692c86d69b8149475c65dc4a821aa32,JPEG,JPEG,1,1,,,TRUE
2G (EDGE),50,600,compressed,210,다운로드 (41).jpg,12758,13859,201,TRUE,3.608,,2026-10-05T03:54:55+00:00,210,non_flood/다운로드 (41).jpg,non_flood,93ba76f76448bf9350f289fdae38183912d3e0dedb86321977ac4b74e0eccfc4,JPEG,JPEG,1,1,,,TRUE
2G (EDGE),50,600,compressed,211,images (18).jpg,14539,15640,201,TRUE,3.834,,2026-10-05T03:54:59+00:00,211,non_flood/images (18).jpg,non_flood,aff1fa1abd5f77fdd2ea5a26bb583771680c48c1bd64720bfa5a9a61012c0ac8,JPEG,JPEG,1,1,,,TRUE
2G (EDGE),50,600,compressed,212,20180405_152525.jpg,59381,60482,201,TRUE,11.121,,2026-10-05T03:55:10+00:00,212,non_flood/20180405_152525.jpg,non_flood,25eb26aff4ee22251f3b24147b467f4a4d39333ff64c9611b65063054d18d120,JPEG,JPEG,1,1,,,TRUE
2G (EDGE),50,600,compressed,213,화면 캡처 2025-03-05 164255.jpg,20402,21503,201,TRUE,4.806,,2026-10-05T03:55:15+00:00,213,non_flood/화면 캡처 2025-03-05 164255.jpg,non_flood,33c16a1a474295f7a31cc57648004d03eb04d2878e9f358250722c237528cd04,JPEG,JPEG,1,1,,,TRUE
2G (EDGE),50,600,compressed,214,다운로드 (23).jpg,18679,19780,201,TRUE,4.528,,2026-10-05T03:55:20+00:00,214,non_flood/다운로드 (23).jpg,non_flood,c11157a4e5d6142a6cf64acf9448d948dc814160ff2ec431734692861bda5a95,JPEG,JPEG,1,1,,,TRUE
2G (EDGE),50,600,compressed,215,화면 캡처 2025-03-05 152904.jpg,36470,37571,201,TRUE,7.44,,2026-10-05T03:55:27+00:00,215,non_flood/화면 캡처 2025-03-05 152904.jpg,non_flood,491cfa836d07fdb755e12495203d84dee0d937f82cd29e582eb569d7e5abc771,JPEG,JPEG,1,1,,,TRUE
2G (EDGE),50,600,compressed,216,images - 2025-01-28T184427.744.jpg,9346,10446,201,TRUE,3.011,,2026-10-05T03:55:30+00:00,216,non_flood/images - 2025-01-28T184427.744.jpg,non_flood,e6d4712ee1e188f41d9179607bc46ed14c0681f69a5edd8d77ed619b9c4d6f7f,JPEG,JPEG,1,1,,,TRUE
2G (EDGE),50,600,compressed,217,화면 캡처 2025-03-05 172144.jpg,30524,31625,201,TRUE,6.445,,2026-10-05T03:55:37+00:00,217,non_flood/화면 캡처 2025-03-05 172144.jpg,non_flood,67d6ad153034a81055741535ba0bdc53ff8e80076d90d512f42c10a76686d60e,JPEG,JPEG,1,1,,,TRUE
2G (EDGE),50,600,compressed,218,다운로드 (53) 3.jpg,14193,15294,201,TRUE,3.794,,2026-10-05T03:55:40+00:00,218,non_flood/다운로드 (53) 3.jpg,non_flood,bac90bc594d2f060fd10ae095378c20d68e6565d54a1e3cc841b2ec094b869de,JPEG,JPEG,1,1,,,TRUE
2G (EDGE),50,600,compressed,219,images - 2025-01-28T184942.058.jpg,10498,11599,201,TRUE,3.173,,2026-10-05T03:55:43+00:00,219,non_flood/images - 2025-01-28T184942.058.jpg,non_flood,cebc0d1cbc0ede1e75a7d4765af70a7bb5d44a651f831d11eeccc6f9ef18ffed,JPEG,JPEG,1,1,,,TRUE
2G (EDGE),50,600,compressed,220,화면 캡처 2025-03-05 152054.jpg,43155,44256,201,TRUE,8.458,,2026-10-05T03:55:52+00:00,220,non_flood/화면 캡처 2025-03-05 152054.jpg,non_flood,b23bcf8d9814ddc38d73eb269f0be25f0dcc9626cc9a928bb116197859b3b29a,JPEG,JPEG,1,1,,,TRUE
2G (EDGE),50,600,compressed,221,img (2).jpg,226249,227352,201,TRUE,38.145,,2026-10-05T03:56:30+00:00,221,non_flood/img (2).jpg,non_flood,ee879ba624faad0000bc7ae69d2bd8b2fca0d4fc159a181fe7a067a59260d156,JPEG,JPEG,1,1,,,TRUE
2G (EDGE),50,600,compressed,222,화면 캡처 2025-03-05 175626.jpg,40165,41266,201,TRUE,7.989,,2026-10-05T03:56:38+00:00,222,non_flood/화면 캡처 2025-03-05 175626.jpg,non_flood,d9e510c3f2f2d13008fde01e8e520872122d0cc49de5a5ba5f8bab1bcf183cda,JPEG,JPEG,1,1,,,TRUE
2G (EDGE),50,600,compressed,223,다운로드 (27).jpg,221175,222278,201,TRUE,37.192,,2026-10-05T03:57:15+00:00,223,non_flood/다운로드 (27).jpg,non_flood,e78be2b8fc5aea406725fab8f457a9ab79e4413b64e383634d419379d0a64a46,JPEG,JPEG,1,1,,,TRUE
2G (EDGE),50,600,compressed,224,화면 캡처 2025-03-05 153850.jpg,29179,30280,201,TRUE,6.224,,2026-10-05T03:57:22+00:00,224,non_flood/화면 캡처 2025-03-05 153850.jpg,non_flood,8ed7fe227b6d8a8b890838876b2de8a28c844c7126f2a0d93e626f2387d816a6,JPEG,JPEG,1,1,,,TRUE
2G (EDGE),50,600,compressed,225,images (5)1.jpg,16815,17916,201,TRUE,4.218,,2026-10-05T03:57:26+00:00,225,non_flood/images (5)1.jpg,non_flood,dae6acca79cb320bd3449d590ccaec16e2c839a431e6ca62911486a65050eab0,JPEG,JPEG,1,1,,,TRUE
2G (EDGE),50,600,compressed,226,827778_739893_3348.jpg,44851,45952,201,TRUE,8.727,,2026-10-05T03:57:34+00:00,226,non_flood/827778_739893_3348.jpg,non_flood,909c28dfd1ea66f00fcbe72947317e577655cc349a5689b330e5205e0aab2127,JPEG,JPEG,1,1,,,TRUE
2G (EDGE),50,600,compressed,227,화면 캡처 2025-03-05 182805.jpg,32292,33393,201,TRUE,6.766,,2026-10-05T03:57:41+00:00,227,non_flood/화면 캡처 2025-03-05 182805.jpg,non_flood,4637c31d11cb1fe03de357d94fc697479efc2e20be74922ee372ab6b20c2dca0,JPEG,JPEG,1,1,,,TRUE
2G (EDGE),50,600,compressed,228,화면 캡처 2025-03-05 153835.jpg,33312,34413,201,TRUE,6.862,,2026-10-05T03:57:48+00:00,228,non_flood/화면 캡처 2025-03-05 153835.jpg,non_flood,a37bc97411cb7ac6c602b638a4ae161ec2d7ac8a4355b236c42eac10ef10f277,JPEG,JPEG,1,1,,,TRUE
2G (EDGE),50,600,compressed,229,다운로드 (17).jpg,14736,15837,201,TRUE,3.882,,2026-10-05T03:57:52+00:00,229,non_flood/다운로드 (17).jpg,non_flood,10b48951d5016b1dbf60509c17f62c2647a902444531028666d61f165a110771,JPEG,JPEG,1,1,,,TRUE
2G (EDGE),50,600,compressed,230,화면 캡처 2025-03-05 153232.jpg,34060,35161,201,TRUE,7.012,,2026-10-05T03:57:59+00:00,230,non_flood/화면 캡처 2025-03-05 153232.jpg,non_flood,c9e1a30f343094122869eff21dbfe7caaf3ab27b79b75f9fe581eeeb54027375,JPEG,JPEG,1,1,,,TRUE
2G (EDGE),50,600,compressed,231,1789568749518_282700609501588260_7406490438318140161_457e5b27ff82f5cc09a9054090d4d3c2.jpg,119716,120819,201,TRUE,20.889,,2026-10-05T03:58:20+00:00,231,non_flood/1789568749518_282700609501588260_7406490438318140161_457e5b27ff82f5cc09a9054090d4d3c2.jpg,non_flood,6f8a2b1e3bac95e251969c5917f1e9efd101db672b064d01404e978bf759aab4,JPEG,JPEG,1,1,,,TRUE
2G (EDGE),50,600,compressed,232,1789568754305_282700609501588260_7406490438318140161_d8a8d242988605b04d1ce450fe6b34f8.jpg,279095,280198,201,TRUE,46.705,,2026-10-05T03:59:07+00:00,232,non_flood/1789568754305_282700609501588260_7406490438318140161_d8a8d242988605b04d1ce450fe6b34f8.jpg,non_flood,7307e294c31f83de713f169ec3b7f14fbf73b87c78d059b45be2a3f57a9d72ce,JPEG,JPEG,1,1,,,TRUE
2G (EDGE),50,600,compressed,233,AKR20211228058800052_01_i_P4.jpg,61893,62994,201,TRUE,11.542,,2026-10-05T03:59:18+00:00,233,non_flood/AKR20211228058800052_01_i_P4.jpg,non_flood,335da6829f7048e60a42a406f54985c7d1132dfd769137c48965aacc601b4128,JPEG,JPEG,1,1,,,TRUE
2G (EDGE),50,600,compressed,234,images (1)1.jpg,18205,19306,201,TRUE,4.437,,2026-10-05T03:59:23+00:00,234,non_flood/images (1)1.jpg,non_flood,dfd2bf25abb8eff1566c1e6ff4ab87eb832382ac1a5a49549e1b0fe0b9a63cb4,JPEG,JPEG,1,1,,,TRUE
2G (EDGE),50,600,compressed,235,화면 캡처 2025-03-05 175914.jpg,49975,51076,201,TRUE,9.612,,2026-10-05T03:59:32+00:00,235,non_flood/화면 캡처 2025-03-05 175914.jpg,non_flood,ec30de984e565a34847944157425ede963aa0be23b065b3732eb9597ac76b1c9,JPEG,JPEG,1,1,,,TRUE
2G (EDGE),50,600,compressed,236,화면 캡처 2025-03-05 152437.jpg,31730,32831,201,TRUE,6.611,,2026-10-05T03:59:39+00:00,236,non_flood/화면 캡처 2025-03-05 152437.jpg,non_flood,2c620cd0c3d694d5119d85883fd7b23642f08ce0eb03ca21766e5c11224132a8,JPEG,JPEG,1,1,,,TRUE
2G (EDGE),50,600,compressed,237,1789568749196_282700609501588260_7406490438318140161_1c6009c2a77bfa996d8a4d22d9c3fd58.jpg,137253,138356,201,TRUE,23.67,,2026-10-05T04:00:03+00:00,237,non_flood/1789568749196_282700609501588260_7406490438318140161_1c6009c2a77bfa996d8a4d22d9c3fd58.jpg,non_flood,fa24d60c34be44fb934a934be05686d66907d81619216b140be5bd63c6439fe9,JPEG,JPEG,1,1,,,TRUE
2G (EDGE),50,600,compressed,238,img (1).jpg,145136,146239,201,TRUE,24.913,,2026-10-05T04:00:27+00:00,238,non_flood/img (1).jpg,non_flood,2c2088de1756cd1bc0e55d300d928af8b493d59df562e46be9c70c4263716bc2,JPEG,JPEG,1,1,,,TRUE
2G (EDGE),50,600,compressed,239,202309111114430145_l.jpg,46953,48054,201,TRUE,9.071,,2026-10-05T04:00:37+00:00,239,non_flood/202309111114430145_l.jpg,non_flood,0fb3a939767b0614bb5786a4f2d77661b71f316fe2cc9e2af3c0ef24d967eba5,JPEG,JPEG,1,1,,,TRUE
2G (EDGE),50,600,compressed,240,화면 캡처 2025-03-05 180321.jpg,42517,43618,201,TRUE,8.392,,2026-10-05T04:00:45+00:00,240,non_flood/화면 캡처 2025-03-05 180321.jpg,non_flood,9b63b57d9357dda36bab30f1bc0b45f80c734278fbc5fda7e490cbadde5e9837,JPEG,JPEG,1,1,,,TRUE
2G (EDGE),50,600,compressed,241,6.jpg,130798,131901,201,TRUE,22.594,,2026-10-05T04:01:08+00:00,241,non_flood/6.jpg,non_flood,c441af2946491166eb9a5c7a7ed9f49d47015d134c3e3290fe4746ba81eee258,PNG,JPEG,1,1,,,TRUE
2G (EDGE),50,600,compressed,242,images (28)1.jpg,13903,15004,201,TRUE,3.721,,2026-10-05T04:01:11+00:00,242,non_flood/images (28)1.jpg,non_flood,133ce5159193385fc30a15f207f7b085563f9f513765aa6d9db1527ff27d1e50,JPEG,JPEG,1,1,,,TRUE
2G (EDGE),50,600,compressed,243,images - 2025-01-28T164753.512.jpg,6615,7714,201,TRUE,2.526,,2026-10-05T04:01:14+00:00,243,non_flood/images - 2025-01-28T164753.512.jpg,non_flood,7b6a9c9dcaf36ed2edb0e435c1cbaffd8635cb82a1d1859270f3784b76dc232c,JPEG,JPEG,1,1,,,TRUE
2G (EDGE),50,600,compressed,244,images (68).jpg,12790,13891,201,TRUE,3.565,,2026-10-05T04:01:17+00:00,244,non_flood/images (68).jpg,non_flood,d567a330f9aae5ae4244d9c33131d265796c8b1f4c5b6f5418c96e4071dcb032,JPEG,JPEG,1,1,,,TRUE
2G (EDGE),50,600,compressed,245,화면 캡처 2025-03-05 153618.jpg,48503,49604,201,TRUE,9.312,,2026-10-05T04:01:27+00:00,245,non_flood/화면 캡처 2025-03-05 153618.jpg,non_flood,43e12f9c4c083131170e11f2d8982e9a4d0f854c0bca00f22be32a3cf44a28e7,JPEG,JPEG,1,1,,,TRUE
2G (EDGE),50,600,compressed,246,1789568749222_282700609501588260_7406490438318140161_252d56e682395c7bebf8921689643574.jpg,94468,95569,201,TRUE,16.752,,2026-10-05T04:01:43+00:00,246,non_flood/1789568749222_282700609501588260_7406490438318140161_252d56e682395c7bebf8921689643574.jpg,non_flood,de50feeb6fbbfce20c858b922e4c2b64a9db5cf8ce52fb254307a24842e778c5,JPEG,JPEG,1,1,,,TRUE
2G (EDGE),50,600,compressed,247,다운로드 (26) 3.jpg,12546,13647,201,TRUE,3.529,,2026-10-05T04:01:47+00:00,247,non_flood/다운로드 (26) 3.jpg,non_flood,de0b95d4b98a14825822659307248874d03101858f644f9721cec72b9101bbe5,JPEG,JPEG,1,1,,,TRUE
2G (EDGE),50,600,compressed,248,다운로드 (28) 3.jpg,12169,13270,201,TRUE,3.504,,2026-10-05T04:01:51+00:00,248,non_flood/다운로드 (28) 3.jpg,non_flood,6a97c90bfae9e3a4ee39e7a5c7fe2b75b4fe6a3e400b2a09afac18a275f41cae,JPEG,JPEG,1,1,,,TRUE
2G (EDGE),50,600,compressed,249,1000_F_456742052_YudLlJwZCJdCGsCjS95JW1leO2jQrZcp.jpg,117891,118994,201,TRUE,20.653,,2026-10-05T04:02:11+00:00,249,non_flood/1000_F_456742052_YudLlJwZCJdCGsCjS95JW1leO2jQrZcp.jpg,non_flood,782a4aa7d354dceb8d634480c647446953b8c04939dbd8a5ed8139b09f7c4157,JPEG,JPEG,1,1,,,TRUE
2G (EDGE),50,600,compressed,250,다운로드 (38) 3.jpg,10702,11803,201,TRUE,3.213,,2026-10-05T04:02:14+00:00,250,non_flood/다운로드 (38) 3.jpg,non_flood,33e834881a9e0e7ca027b9b8d2ac0f4ff9427e6d5bfe69ea0749c9b8c7188764,JPEG,JPEG,1,1,,,TRUE
2G (EDGE),50,600,compressed,251,20200212_134749.jpg,84338,85439,201,TRUE,15.139,,2026-10-05T04:02:30+00:00,251,non_flood/20200212_134749.jpg,non_flood,e8abcc77cfebf041681d602996e778ec393b201771d2b254574f0e69605d5ddb,JPEG,JPEG,1,1,,,TRUE
2G (EDGE),50,600,compressed,252,화면 캡처 2025-03-05 182937.jpg,30695,31796,201,TRUE,6.483,,2026-10-05T04:02:36+00:00,252,non_flood/화면 캡처 2025-03-05 182937.jpg,non_flood,8f01696570c558df42bd56f0e1b7a47c082f769ccad329ef34ab30faa3f60f82,JPEG,JPEG,1,1,,,TRUE
2G (EDGE),50,600,compressed,253,화면 캡처 2025-03-05 172154.jpg,31520,32621,201,TRUE,6.615,,2026-10-05T04:02:43+00:00,253,non_flood/화면 캡처 2025-03-05 172154.jpg,non_flood,f6fcb35702106630aad2a2728d5b82efd38162f3e9cf517455d74a5d23278b12,JPEG,JPEG,1,1,,,TRUE
2G (EDGE),50,600,compressed,254,화면 캡처 2025-03-05 172249.jpg,30597,31698,201,TRUE,6.44,,2026-10-05T04:02:49+00:00,254,non_flood/화면 캡처 2025-03-05 172249.jpg,non_flood,e23a2f32ccc399fb02b93fab72cd958f47f6bb4c22de82a938af7a41d6ce383a,JPEG,JPEG,1,1,,,TRUE
2G (EDGE),50,600,compressed,255,images (6).jpg,11639,12740,201,TRUE,3.377,,2026-10-05T04:02:52+00:00,255,non_flood/images (6).jpg,non_flood,134ad7a13637047c799be13d45bc3b1da685a64bc561af6f8a61c48f96183817,JPEG,JPEG,1,1,,,TRUE
2G (EDGE),50,600,compressed,256,다운로드 (20).jpg,10935,12036,201,TRUE,3.26,,2026-10-05T04:02:56+00:00,256,non_flood/다운로드 (20).jpg,non_flood,17cc0160b5cdbc2eb9a64b4d744148a135d43c44e6c1681297b514b6ac9f7e47,JPEG,JPEG,1,1,,,TRUE
2G (EDGE),50,600,compressed,257,화면 캡처 2025-03-05 181325.jpg,39113,40214,201,TRUE,7.809,,2026-10-05T04:03:04+00:00,257,non_flood/화면 캡처 2025-03-05 181325.jpg,non_flood,3ec886093348c65fb61f3249fd6060dbb373656412257f12bb9470c0e1de996d,JPEG,JPEG,1,1,,,TRUE
2G (EDGE),50,600,original,1,images - 2025-01-28T184849.878.jpg,12316,13415,201,TRUE,3.496,,2026-10-05T04:03:07+00:00,1,low/images - 2025-01-28T184849.878.jpg,low,627c22c607ef478c79ea55e107f001691ab8ed53f6c54afdb050abe5682b7023,JPEG,JPEG,1,1,,,TRUE
2G (EDGE),50,600,original,2,images - 2025-01-28T151941.007.jpg,11206,12305,201,TRUE,3.355,,2026-10-05T04:03:10+00:00,2,low/images - 2025-01-28T151941.007.jpg,low,5f0113ce019bca0d49e4a8f877b9b7bfb1a0d1ffcc2c4e07281f217530db5311,JPEG,JPEG,1,1,,,TRUE
2G (EDGE),50,600,original,3,images - 2025-01-28T184423.521.jpg,2798,3895,201,TRUE,1.923,,2026-10-05T04:03:12+00:00,3,low/images - 2025-01-28T184423.521.jpg,low,bd922bb16c58fc71516ec9d7b5c1d93fb321d00de871e7ce760bf988adbba2d1,JPEG,JPEG,1,1,,,TRUE
2G (EDGE),50,600,original,4,다운로드 (26).jpg,7386,8483,201,TRUE,2.697,,2026-10-05T04:03:15+00:00,4,low/다운로드 (26).jpg,low,8e49e8cfc10b1dac0f9007397fa30102f7fea32177ece824c7644737972900ce,JPEG,JPEG,1,1,,,TRUE
2G (EDGE),50,600,original,5,images - 2025-01-28T151753.297.jpg,11180,12279,201,TRUE,3.296,,2026-10-05T04:03:18+00:00,5,low/images - 2025-01-28T151753.297.jpg,low,8a69d9e6278cb6a11e63a0539c222a18d45a3c9f836d5931fff6de5bb82647d8,JPEG,JPEG,1,1,,,TRUE
2G (EDGE),50,600,original,6,10360-2-13961.jpg,127381,128482,201,TRUE,22.144,,2026-10-05T04:03:41+00:00,6,low/10360-2-13961.jpg,low,6471c406a970b2a0c56e05f2d4ed42dc78000ffb9270c7b845f4538095efef97,JPEG,JPEG,1,1,,,TRUE
2G (EDGE),50,600,original,7,images - 2025-01-28T164625.541.jpg,6883,7980,201,TRUE,2.585,,2026-10-05T04:03:43+00:00,7,low/images - 2025-01-28T164625.541.jpg,low,910e7541da110f5fd52f2faf3d5df3773f3c6a8325667b69b6bfac1109c36c4a,JPEG,JPEG,1,1,,,TRUE
2G (EDGE),50,600,original,8,images - 2025-01-28T163206.341.jpg,7352,8449,201,TRUE,2.679,,2026-10-05T04:03:46+00:00,8,low/images - 2025-01-28T163206.341.jpg,low,ce4daf7e801563c1ff173822486ce9ef7d57a394370159ff4c8d028d9c4c3315,JPEG,JPEG,1,1,,,TRUE
2G (EDGE),50,600,original,9,images - 2025-01-28T152038.912.jpg,12202,13301,201,TRUE,3.494,,2026-10-05T04:03:49+00:00,9,low/images - 2025-01-28T152038.912.jpg,low,5b080e1cef380726476f73b0aa9611e1b960d63b67c5f6590a9516fa4a56e781,JPEG,JPEG,1,1,,,TRUE
2G (EDGE),50,600,original,10,images - 2025-01-28T153916.966.jpg,10807,11906,201,TRUE,3.271,,2026-10-05T04:03:53+00:00,10,low/images - 2025-01-28T153916.966.jpg,low,f3feffaad630b6c5c07331468d12eb786d3fa1eff1094150cd2add6d7e2a5622,JPEG,JPEG,1,1,,,TRUE
2G (EDGE),50,600,original,11,images - 2025-01-28T162916.619.jpg,7945,9042,201,TRUE,2.768,,2026-10-05T04:03:55+00:00,11,low/images - 2025-01-28T162916.619.jpg,low,37191e0f372cf8e2f989db33a05227a3bb392a945a33101a9ee99c43e1b61a11,JPEG,JPEG,1,1,,,TRUE
2G (EDGE),50,600,original,12,images - 2025-01-28T162724.362.jpg,9844,10942,201,TRUE,3.078,,2026-10-05T04:03:58+00:00,12,low/images - 2025-01-28T162724.362.jpg,low,522ae358a781adfa05ea28cf94069fd8529c8f93241716587e2d26645ccbabd8,JPEG,JPEG,1,1,,,TRUE
2G (EDGE),50,600,original,13,images - 2025-01-28T155350.781.jpg,10373,11472,201,TRUE,3.171,,2026-10-05T04:04:02+00:00,13,low/images - 2025-01-28T155350.781.jpg,low,45ea68dd2c16bca052d27d42b62ff743ecd20bb27e0e18696162cb2370691cc3,JPEG,JPEG,1,1,,,TRUE
2G (EDGE),50,600,original,14,images (59).jpg,8778,9875,201,TRUE,2.93,,2026-10-05T04:04:05+00:00,14,low/images (59).jpg,low,8e6dbf6872b45499a89e3dace6e33843fa985c6cc64b71396185da03cc52acfa,JPEG,JPEG,1,1,,,TRUE
2G (EDGE),50,600,original,15,image_9946309791508995980052.jpg,116902,118003,201,TRUE,20.436,,2026-10-05T04:04:25+00:00,15,low/image_9946309791508995980052.jpg,low,004188df1dea3d799e7a2c72e3e18b48406182dc1040d6f33ac325e69a2346e3,JPEG,JPEG,1,1,,,TRUE
2G (EDGE),50,600,original,16,images - 2025-01-28T151819.441.jpg,10796,11895,201,TRUE,3.251,,2026-10-05T04:04:28+00:00,16,low/images - 2025-01-28T151819.441.jpg,low,0e7fa7e909dad9499bc66f079b7321ed3149daa2becccd015371f693bc4e8271,JPEG,JPEG,1,1,,,TRUE
2G (EDGE),50,600,original,17,611212110012634149_1.jpg,82227,83326,201,TRUE,14.706,,2026-10-05T04:04:43+00:00,17,low/611212110012634149_1.jpg,low,45e44d7c5ab7f92be0542ab4eba296e772ab9194ae7d75c0dccffbbd067d8b09,JPEG,JPEG,1,1,,,TRUE
2G (EDGE),50,600,original,18,images - 2025-01-28T154010.314.jpg,8212,9309,201,TRUE,2.827,,2026-10-05T04:04:46+00:00,18,low/images - 2025-01-28T154010.314.jpg,low,36d3870b9c93c429d8f3323a300793e1684348f5f926c9e91be6ec6ba42090c7,JPEG,JPEG,1,1,,,TRUE
2G (EDGE),50,600,original,19,images - 2025-01-28T164648.101.jpg,6418,7515,201,TRUE,2.562,,2026-10-05T04:04:48+00:00,19,low/images - 2025-01-28T164648.101.jpg,low,c2efc1e04993962fc74094c7478fb291237307abc74a11df00334fdfbd188dbd,JPEG,JPEG,1,1,,,TRUE
2G (EDGE),50,600,original,20,images (54).jpg,4660,5757,201,TRUE,2.257,,2026-10-05T04:04:51+00:00,20,low/images (54).jpg,low,603f1f9a482a3006952b159cda920bd8ed049209b34a50884f6b119685e131f8,JPEG,JPEG,1,1,,,TRUE
2G (EDGE),50,600,original,21,AKR20240912005700084_14_i_P2.jpg,139130,140231,201,TRUE,23.991,,2026-10-05T04:05:15+00:00,21,low/AKR20240912005700084_14_i_P2.jpg,low,c4482010e40a042da2e83fd3c95bbf9c0712183a7770292863fa9417301f4861,JPEG,JPEG,1,1,,,TRUE
2G (EDGE),50,600,original,22,images (87).jpg,6295,7392,201,TRUE,2.526,,2026-10-05T04:05:17+00:00,22,low/images (87).jpg,low,17e7c86fb13f0323a5c1d3be805646c59eec59d5beaea2658d297c0d3373e74b,JPEG,JPEG,1,1,,,TRUE
2G (EDGE),50,600,original,23,0f569675-81fe-4a2b-a287-d2bd795d43ba.jpg,44317,45416,201,TRUE,8.712,,2026-10-05T04:05:26+00:00,23,low/0f569675-81fe-4a2b-a287-d2bd795d43ba.jpg,low,c81707abf5a85406bc2d94929967233a92a9306ae95f498d747d5f7752f7b902,JPEG,JPEG,1,1,,,TRUE
2G (EDGE),50,600,original,24,다운로드 (9).jpg,10859,11958,201,TRUE,3.275,,2026-10-05T04:05:29+00:00,24,low/다운로드 (9).jpg,low,5df85c890ea4a636469d83b37c1af9cbc748052677e24a7db858ee48e001958c,JPEG,JPEG,1,1,,,TRUE
2G (EDGE),50,600,original,25,images - 2025-01-28T185206.840.jpg,7722,8819,201,TRUE,2.751,,2026-10-05T04:05:32+00:00,25,low/images - 2025-01-28T185206.840.jpg,low,6228c1195a7fcd5d74faaea2760e62b51c03ca564ccb0283b455af8570496bee,JPEG,JPEG,1,1,,,TRUE
2G (EDGE),50,600,original,26,화면 캡처 2025-03-05 165818.jpg,46304,47403,201,TRUE,9.049,,2026-10-05T04:05:41+00:00,26,low/화면 캡처 2025-03-05 165818.jpg,low,a16ebe8d0133bc9197eccfeb7d04f98d3305ef0b54f63e1ed8e9d3b8e0ad2617,JPEG,JPEG,1,1,,,TRUE
2G (EDGE),50,600,original,27,images - 2025-01-28T154337.022.jpg,9541,10639,201,TRUE,3.047,,2026-10-05T04:05:44+00:00,27,low/images - 2025-01-28T154337.022.jpg,low,3621b715c4382601bd8cc43d18a16fcd9365f45d719b87e48af40fb2f8b0eca7,JPEG,JPEG,1,1,,,TRUE
2G (EDGE),50,600,original,28,images - 2025-01-28T164652.242.jpg,10095,11194,201,TRUE,3.129,,2026-10-05T04:05:47+00:00,28,low/images - 2025-01-28T164652.242.jpg,low,61bbb7fe51bc1382fc36cf77c2b73775a0a246084d6feb061712fd1be4fff869,JPEG,JPEG,1,1,,,TRUE
2G (EDGE),50,600,original,29,images - 2025-01-28T162955.160.jpg,9905,11003,201,TRUE,3.072,,2026-10-05T04:05:50+00:00,29,low/images - 2025-01-28T162955.160.jpg,low,1b302964ed960ca3a241f951926093e59174f5d18c0b37a222855ac08e6956d7,JPEG,JPEG,1,1,,,TRUE
2G (EDGE),50,600,original,30,images - 2025-01-28T154225.875.jpg,5133,6230,201,TRUE,2.292,,2026-10-05T04:05:53+00:00,30,low/images - 2025-01-28T154225.875.jpg,low,2b6e1e23e9f6ff7c8f932f4404730b4ecdd6fd9b25b17db4b3169295d653cdf1,JPEG,JPEG,1,1,,,TRUE
2G (EDGE),50,600,original,31,images (15) 2.jpg,11774,12873,201,TRUE,3.407,,2026-10-05T04:05:56+00:00,31,low/images (15) 2.jpg,low,42a5648cd763317c8064e73ce7a8af65cf545a2783580afb80f5e540f69bc858,JPEG,JPEG,1,1,,,TRUE
2G (EDGE),50,600,original,32,00-276.jpg,60274,61373,201,TRUE,11.308,,2026-10-05T04:06:07+00:00,32,low/00-276.jpg,low,4a5b33b50f2ee942035dee793f948a2e4e7f67aa117904e8dcb845205c91e1ff,JPEG,JPEG,1,1,,,TRUE
2G (EDGE),50,600,original,33,다운로드 (1).jpg,12728,13827,201,TRUE,3.562,,2026-10-05T04:06:11+00:00,33,low/다운로드 (1).jpg,low,8d60b77a9b72f390a27542b8465cb0466f5822cc53583d17bba89c6b36cc7d9c,JPEG,JPEG,1,1,,,TRUE
2G (EDGE),50,600,original,34,다운로드 (55).jpg,12566,13665,201,TRUE,3.549,,2026-10-05T04:06:14+00:00,34,low/다운로드 (55).jpg,low,727e6934838d73713fd5680aa6825c4c45ec12e3a8927f05d322de39adacd73d,JPEG,JPEG,1,1,,,TRUE
2G (EDGE),50,600,original,35,images - 2025-01-28T164829.543.jpg,7436,8533,201,TRUE,2.697,,2026-10-05T04:06:17+00:00,35,low/images - 2025-01-28T164829.543.jpg,low,7179a8b265946063e758d20acaa77ee8e110b6d3e141ca7d703db63e145256a1,JPEG,JPEG,1,1,,,TRUE
2G (EDGE),50,600,original,36,images - 2025-01-28T155549.589.jpg,7592,8689,201,TRUE,2.696,,2026-10-05T04:06:20+00:00,36,low/images - 2025-01-28T155549.589.jpg,low,6244cdd6c0edfe22c5952588894aa08869241d031569c86fdce429f18753f322,JPEG,JPEG,1,1,,,TRUE
2G (EDGE),50,600,original,37,다운로드 (46).jpg,5488,6585,201,TRUE,2.388,,2026-10-05T04:06:22+00:00,37,low/다운로드 (46).jpg,low,7f2b0f743bc087d93641e7ed726bdba3d3384d89d3c579272c3c2adb58bd7f38,JPEG,JPEG,1,1,,,TRUE
2G (EDGE),50,600,original,38,images - 2025-01-28T164746.970.jpg,7684,8781,201,TRUE,2.759,,2026-10-05T04:06:25+00:00,38,low/images - 2025-01-28T164746.970.jpg,low,257241bb1a41503ca4e3473135a35ccfe89377ad19bc03d86acfcdf04c1fd04e,JPEG,JPEG,1,1,,,TRUE
2G (EDGE),50,600,original,39,images - 2025-01-28T185020.777.jpg,2481,3578,201,TRUE,1.912,,2026-10-05T04:06:27+00:00,39,low/images - 2025-01-28T185020.777.jpg,low,ffb1ec4da5b736da8737cd08b7fd7151a850e239fe1d35f9beb3b1a16c7bd202,JPEG,JPEG,1,1,,,TRUE
2G (EDGE),50,600,original,40,다운로드 (22).jpg,9070,10167,201,TRUE,2.979,,2026-10-05T04:06:30+00:00,40,low/다운로드 (22).jpg,low,e1dfc556a80e773bf1f1e3b61cb7ae583d59f2076ae7a8c535500670c82de27b,JPEG,JPEG,1,1,,,TRUE
2G (EDGE),50,600,original,41,images (37).jpg,11893,12992,201,TRUE,3.43,,2026-10-05T04:06:33+00:00,41,low/images (37).jpg,low,9b946ad1758501c74a140ee2e4f9789598a5d5295c956bf0e8e280805f794205,JPEG,JPEG,1,1,,,TRUE
2G (EDGE),50,600,original,42,noise (2).jpg,38393,39492,201,TRUE,7.689,,2026-10-05T04:06:41+00:00,42,low/noise (2).jpg,low,c6ff296ef4fd9aa096d5af20edf68e6c94a34fff61edfc6316b25142bd37cc4b,JPEG,JPEG,1,1,,,TRUE
2G (EDGE),50,600,original,43,images - 2025-01-28T163118.084.jpg,10369,11468,201,TRUE,3.219,,2026-10-05T04:06:44+00:00,43,low/images - 2025-01-28T163118.084.jpg,low,a299fe9fa37c2e607bd62439d742f9f3bc7d9901c9e99c97394343d0713f4081,JPEG,JPEG,1,1,,,TRUE
2G (EDGE),50,600,original,44,화면 캡처 2025-03-05 163951.jpg,61979,63078,201,TRUE,11.576,,2026-10-05T04:06:56+00:00,44,low/화면 캡처 2025-03-05 163951.jpg,low,75f31a48a4346e254922a4eeab72b30456bc9d47b5e88b0b215e2f75b0f79541,JPEG,JPEG,1,1,,,TRUE
2G (EDGE),50,600,original,45,a-1697518992.jpg,96754,97853,201,TRUE,17.191,,2026-10-05T04:07:13+00:00,45,low/a-1697518992.jpg,low,3289d204c8e03d8944248936bc454d5aea5b59bc41a1b96269125c2ab581cd07,JPEG,JPEG,1,1,,,TRUE
2G (EDGE),50,600,original,46,images - 2025-01-28T184855.222.jpg,11179,12278,201,TRUE,3.328,,2026-10-05T04:07:16+00:00,46,low/images - 2025-01-28T184855.222.jpg,low,a3ad1d1dd7b1392d7045d0b3c5817c60fd0cb09e35d794ec3d97e405f1535c72,JPEG,JPEG,1,1,,,TRUE
2G (EDGE),50,600,original,47,Mua-lon-nhieu-tuyen-duong-bi-chia-cat-do-ngap.jpg,315609,316710,201,TRUE,52.492,,2026-10-05T04:08:09+00:00,47,low/Mua-lon-nhieu-tuyen-duong-bi-chia-cat-do-ngap.jpg,low,4a636722eac7947289e2ee351659d3279aa8bdec7de3d526aa7301e0e8ea83da,JPEG,JPEG,1,1,,,TRUE
2G (EDGE),50,600,original,48,images (91).jpg,12600,13699,201,TRUE,3.531,,2026-10-05T04:08:12+00:00,48,low/images (91).jpg,low,67694493a5915b456599ffc85f79ad2dd89141dceff2f273b1a6fc4eec5545f2,JPEG,JPEG,1,1,,,TRUE
2G (EDGE),50,600,original,49,화면 캡처 2025-03-05 164019.jpg,48583,49682,201,TRUE,9.376,,2026-10-05T04:08:22+00:00,49,low/화면 캡처 2025-03-05 164019.jpg,low,1126614ab6ce433834ff4010ee4bd775c2cd1aa3003778eb505e2a4aa9f65347,JPEG,JPEG,1,1,,,TRUE
2G (EDGE),50,600,original,50,화면 캡처 2025-03-05 163845.jpg,50032,51131,201,TRUE,9.583,,2026-10-05T04:08:31+00:00,50,low/화면 캡처 2025-03-05 163845.jpg,low,f37481db61b1f1ec7156ad68fdf0937297f0e9c760cf48f5ab6dab76844e6cd4,JPEG,JPEG,1,1,,,TRUE
2G (EDGE),50,600,original,51,images (80).jpg,9732,10830,201,TRUE,3.081,,2026-10-05T04:08:34+00:00,51,low/images (80).jpg,low,6ab02506062e3a532cc7277be599710a40e1b3d03540eb3cfa12b992e90040df,JPEG,JPEG,1,1,,,TRUE
2G (EDGE),50,600,original,52,images - 2025-01-28T153836.835.jpg,9612,10710,201,TRUE,3.044,,2026-10-05T04:08:37+00:00,52,low/images - 2025-01-28T153836.835.jpg,low,2b4d23d3ece2cfa10cee3f0ccbac81b7500e2854e2cd3374c2931007e9eb8fed,JPEG,JPEG,1,1,,,TRUE
2G (EDGE),50,600,original,53,화면 캡처 2025-03-05 164330.jpg,38102,39201,201,TRUE,7.652,,2026-10-05T04:08:45+00:00,53,low/화면 캡처 2025-03-05 164330.jpg,low,ac7842800d9d2b89c7f6b5923074a26327ea286bfe40fe81ccf63c23976a85ec,JPEG,JPEG,1,1,,,TRUE
2G (EDGE),50,600,original,54,images (12) 2.png,1751176,364544,0,FALSE,60.001,,2026-10-05T04:09:45+00:00,54,low/images (12) 2.png,low,19586a122eb5e6c4de00bbc09b02339b387d0249a05e3690dc9383bf50991314,PNG,PNG,1,1,NETWORK_ERROR,"('Connection aborted.', ConnectionResetError(10054, 'An existing connection was forcibly closed by the remote host', None, 10054, None))",FALSE
2G (EDGE),50,600,original,55,화면 캡처 2025-03-05 161116.jpg,41419,42518,201,TRUE,8.201,,2026-10-05T04:09:53+00:00,55,low/화면 캡처 2025-03-05 161116.jpg,low,2f3fe63f36ec75ca5fe0896caac06cf0dfb0e2dee8ed43f0a30fb0a50932a445,JPEG,JPEG,1,1,,,TRUE
2G (EDGE),50,600,original,56,img1.jpeg,20121,21220,201,TRUE,4.75,,2026-10-05T04:09:58+00:00,56,low/img1.jpeg,low,df6f1fbc5204bce20da729fd09ed7bab81e77e6be21e927ae06db39c90a2cf79,JPEG,JPEG,1,1,,,TRUE
2G (EDGE),50,600,original,57,images - 2025-01-28T163022.980.jpg,4448,5545,201,TRUE,2.206,,2026-10-05T04:10:00+00:00,57,low/images - 2025-01-28T163022.980.jpg,low,2f635c3682eac9888a201958073889594b75b8dcc7dcbfe564d176fc91dc460c,JPEG,JPEG,1,1,,,TRUE
2G (EDGE),50,600,original,58,images (15).jpg,8013,9110,201,TRUE,2.805,,2026-10-05T04:10:03+00:00,58,medium/images (15).jpg,medium,68d7ac5485564e08315c8e181b868d10acff2c3c5c6dc30c679eb3b5b69cfbef,JPEG,JPEG,1,1,,,TRUE
2G (EDGE),50,600,original,59,images (78).jpg,10322,11421,201,TRUE,3.209,,2026-10-05T04:10:06+00:00,59,medium/images (78).jpg,medium,b4b3ef29acbc224733e0fca30af83d9c673fcf01e12617e34849d86822b9a976,JPEG,JPEG,1,1,,,TRUE
2G (EDGE),50,600,original,60,chay-lu-7-21441025-1730073553208-1730073553540228535485.webp,1407541,364544,0,FALSE,60.009,,2026-10-05T04:11:06+00:00,60,medium/chay-lu-7-21441025-1730073553208-1730073553540228535485.webp,medium,cfd7d11cdfec3d412e4106d470269c2d681c2e892295978e173cbaad46f5f9d9,JPEG,JPEG,1,1,NETWORK_ERROR,"('Connection aborted.', ConnectionResetError(10054, 'An existing connection was forcibly closed by the remote host', None, 10054, None))",FALSE
2G (EDGE),50,600,original,61,images (22).jpg,5885,6982,201,TRUE,2.46,,2026-10-05T04:11:09+00:00,61,medium/images (22).jpg,medium,964bf4e7039c2ec2acabd3c177af4e6ef36611981fee5ba61d36aaedfe62c2e2,JPEG,JPEG,1,1,,,TRUE
2G (EDGE),50,600,original,62,images (45).jpg,8893,9990,201,TRUE,2.948,,2026-10-05T04:11:12+00:00,62,medium/images (45).jpg,medium,612f49698ba90aa45ecdc5f73e555115e850cfd56c76277e9fd29c228af6e5e6,JPEG,JPEG,1,1,,,TRUE
2G (EDGE),50,600,original,63,flood_6166.jpg,43961,45060,201,TRUE,8.574,,2026-10-05T04:11:20+00:00,63,medium/flood_6166.jpg,medium,4159ac8c969671d4a3255912207f9df9bc98049492c0cc0a95362b24eeeb8878,JPEG,JPEG,1,1,,,TRUE
2G (EDGE),50,600,original,64,0112mualu_21112025075850_160.jpg,182185,183286,201,TRUE,30.982,,2026-10-05T04:11:51+00:00,64,medium/0112mualu_21112025075850_160.jpg,medium,8e6d53d2adb0fcb04f8e21dc8aab39bbad0c3edc23f7229aa2944aa9748cc253,JPEG,JPEG,1,1,,,TRUE
2G (EDGE),50,600,original,65,images - 2025-01-28T151322.303.jpg,10455,11554,201,TRUE,3.2,,2026-10-05T04:11:55+00:00,65,medium/images - 2025-01-28T151322.303.jpg,medium,3f1084ef380ebd82dc42f44fdb037103ec757f85062ae269d4c2b5eb5808e296,JPEG,JPEG,1,1,,,TRUE
2G (EDGE),50,600,original,66,image.png,325258,326358,201,TRUE,54.728,,2026-10-05T04:12:49+00:00,66,medium/image.png,medium,66927b3f9717a549fecf7b7d88f8bed53466a78257911fa97ac4cda3d369968a,PNG,PNG,1,1,,,TRUE
2G (EDGE),50,600,original,67,807798211_1065370852913193_4397432111052496019_n.jpg,435298,360448,0,FALSE,60.016,,2026-10-05T04:13:49+00:00,67,medium/807798211_1065370852913193_4397432111052496019_n.jpg,medium,c24f1ae0af40897ab0cb7a1698d101b1e9bb770c27d0f34ab8c6a102df72e9e6,JPEG,JPEG,1,1,NETWORK_ERROR,"('Connection aborted.', RemoteDisconnected('Remote end closed connection without response'))",FALSE
2G (EDGE),50,600,original,68,flood_6259.jpg,23470,24569,201,TRUE,5.318,,2026-10-05T04:13:55+00:00,68,medium/flood_6259.jpg,medium,4de8fa884f2d57dd80d3dfe3178fc9dbe4733bdc5d19a8460ff6bec341aafac4,JPEG,JPEG,1,1,,,TRUE
2G (EDGE),50,600,original,69,flood_6286.jpg,38779,39878,201,TRUE,8.152,,2026-10-05T04:14:03+00:00,69,medium/flood_6286.jpg,medium,eaeee6cb6978717c20f2879f549380c6c27c3bdc8baadc397bd2060fedbf7c44,JPEG,JPEG,1,1,,,TRUE
2G (EDGE),50,600,original,70,lam-dong-1764843506279818449019.jpg,254562,255663,201,TRUE,42.894,,2026-10-05T04:14:46+00:00,70,medium/lam-dong-1764843506279818449019.jpg,medium,bcacb2153b8df70663102f9fba3181b6b2177a21c79f9bf3123386fd3987e1ac,JPEG,JPEG,1,1,,,TRUE
2G (EDGE),50,600,original,71,images (46).jpg,7180,8277,201,TRUE,2.711,,2026-10-05T04:14:48+00:00,71,medium/images (46).jpg,medium,38a8de4ce3022b4cdc0338ba5d0a3a4dc567e1af297a376ca1dca48e063ef256,JPEG,JPEG,1,1,,,TRUE
2G (EDGE),50,600,original,72,다운로드 (12).jpg,12161,13260,201,TRUE,3.553,,2026-10-05T04:14:52+00:00,72,medium/다운로드 (12).jpg,medium,bcf35d05b7688362f8f6710240a89e8ee8509a08cb181949b7074babcd5d0365,JPEG,JPEG,1,1,,,TRUE
2G (EDGE),50,600,original,73,noise (5).jpg,32693,33792,201,TRUE,6.794,,2026-10-05T04:14:59+00:00,73,medium/noise (5).jpg,medium,eb819a1dbb0043f513069582edbf918ce471cbaa687c26336af6a2ef8d301e1f,JPEG,JPEG,1,1,,,TRUE
2G (EDGE),50,600,original,74,flood_1247.jpg,130752,131853,201,TRUE,22.718,,2026-10-05T04:15:21+00:00,74,medium/flood_1247.jpg,medium,be2b6774ad0ec21cbc1951fb0ceb3f62b35281ede3bb7c5b18c00488e7f3ff5f,JPEG,JPEG,1,1,,,TRUE
2G (EDGE),50,600,original,75,quangbinh-6177.jpeg,46517,47616,201,TRUE,9.073,,2026-10-05T04:15:31+00:00,75,medium/quangbinh-6177.jpeg,medium,eed28d4cd27554ac50c77d00e653f3c51123d57f1311e4772fe98da723416719,JPEG,JPEG,1,1,,,TRUE
2G (EDGE),50,600,original,76,20231124_uS9nUj.jpg,60817,61916,201,TRUE,11.309,,2026-10-05T04:15:42+00:00,76,medium/20231124_uS9nUj.jpg,medium,605154cc415e0e03701135d8283a92ae646b8b1efe374d9647f9c201ff7904d8,JPEG,JPEG,1,1,,,TRUE
2G (EDGE),50,600,original,77,images (3).jpg,14759,15858,201,TRUE,3.902,,2026-10-05T04:15:46+00:00,77,medium/images (3).jpg,medium,4e5d64ecdd47da38de6324ac82b12c23fc99fa40da3590684b67029bc4eb9f2f,JPEG,JPEG,1,1,,,TRUE
2G (EDGE),50,600,original,78,images (92).jpg,10406,11505,201,TRUE,3.181,,2026-10-05T04:15:49+00:00,78,medium/images (92).jpg,medium,0a5033d763a93d7c4dc9cb5dbe45a3a857b134882649b6e0442be4087e1c8aad,JPEG,JPEG,1,1,,,TRUE
2G (EDGE),50,600,original,79,images - 2025-01-28T155148.034.jpg,11474,12573,201,TRUE,3.362,,2026-10-05T04:15:52+00:00,79,medium/images - 2025-01-28T155148.034.jpg,medium,595d2030d6eb563f32639a2f3a95a81024e5d889bd186a03fb2282b99011752c,JPEG,JPEG,1,1,,,TRUE
2G (EDGE),50,600,original,80,image_186.jpg,103650,104751,201,TRUE,18.26,,2026-10-05T04:16:11+00:00,80,medium/image_186.jpg,medium,41aed1f809a8893cd69369b1ab9d4b22495fca4367babe1d7e85416354d90136,JPEG,JPEG,1,1,,,TRUE
2G (EDGE),50,600,original,81,AA.30869797.1.jpg,42819,43918,201,TRUE,8.423,,2026-10-05T04:16:19+00:00,81,medium/AA.30869797.1.jpg,medium,4a1c37b2f5930b315a2a051c78ba8b37577df112f273cfe90e854486413c8474,JPEG,JPEG,1,1,,,TRUE
2G (EDGE),50,600,original,82,1000014818-17616251502381327466398-136-106-1007-1500-crop-17616257967731607029814.webp,262748,263850,201,TRUE,44.023,,2026-10-05T04:17:03+00:00,82,medium/1000014818-17616251502381327466398-136-106-1007-1500-crop-17616257967731607029814.webp,medium,cd507abecb098f7dbbb04c9b5b710fd430eeeada6471e06d961d72f260bbcd96,WEBP,WEBP,1,1,,,TRUE
2G (EDGE),50,600,original,83,img76.jpg,58775,59874,201,TRUE,10.999,,2026-10-05T04:17:14+00:00,83,medium/img76.jpg,medium,b06765974f3a5fc63db4f5affcf65eda68973fa2fe7efbd7007d3fa0548ef3c2,JPEG,JPEG,1,1,,,TRUE
2G (EDGE),50,600,original,84,flood_6330.jpg,42957,44056,201,TRUE,8.466,,2026-10-05T04:17:23+00:00,84,medium/flood_6330.jpg,medium,390684aba7b3f3bba4d62cfbfeb5a2dfe99b486784957eb686faea673a9e203c,JPEG,JPEG,1,1,,,TRUE
2G (EDGE),50,600,original,85,939cf7ba3afa4a60bbb76760f3fd5aba.jpg,40103,41202,201,TRUE,8.025,,2026-10-05T04:17:31+00:00,85,medium/939cf7ba3afa4a60bbb76760f3fd5aba.jpg,medium,ef98ff56a143b33046879132ceaed70eea555d53ad31f60e20bff9107700f3ab,JPEG,JPEG,1,1,,,TRUE
2G (EDGE),50,600,original,86,flood_4813.jpg,53682,54781,201,TRUE,10.159,,2026-10-05T04:17:41+00:00,86,medium/flood_4813.jpg,medium,bdc67b21f57e090669243d986f772b0450ccc43065c54e162361e6f83f5ed758,JPEG,JPEG,1,1,,,TRUE
2G (EDGE),50,600,original,87,images - 2025-01-28T184959.137.jpg,6694,7791,201,TRUE,2.588,,2026-10-05T04:17:43+00:00,87,medium/images - 2025-01-28T184959.137.jpg,medium,1ddd3ac5a0681f32307ea622308e561dc84e90c75a16629ac5c1b1b6ec91b3c0,JPEG,JPEG,1,1,,,TRUE
2G (EDGE),50,600,original,88,quang-tri-quang-ngai-sap-mua-to-dai-ngay-dac-biet-hue-co-the-tren-500mm-1760611196899.webp,16450,17550,201,TRUE,4.175,,2026-10-05T04:17:48+00:00,88,medium/quang-tri-quang-ngai-sap-mua-to-dai-ngay-dac-biet-hue-co-the-tren-500mm-1760611196899.webp,medium,3d3f2f1ffc39aba5eec801859433c261eea9b3bde161c4a0528ddef08557cf39,WEBP,WEBP,1,1,,,TRUE
2G (EDGE),50,600,original,89,flood_6326.jpg,46991,48090,201,TRUE,9.116,,2026-10-05T04:17:57+00:00,89,medium/flood_6326.jpg,medium,de44e55a13026a349ca25e762328448ac121bae58b24f5913a41b78d04d81704,JPEG,JPEG,1,1,,,TRUE
2G (EDGE),50,600,original,90,img9.jpg,8269,9366,201,TRUE,2.848,,2026-10-05T04:18:00+00:00,90,medium/img9.jpg,medium,db9567b5b08ea11ec818bbd8a6f2571f8fd6bb0fc653a56c7b85ff2fb3d91f65,JPEG,JPEG,1,1,,,TRUE
2G (EDGE),50,600,original,91,images (32).jpg,11527,12626,201,TRUE,3.37,,2026-10-05T04:18:03+00:00,91,medium/images (32).jpg,medium,0846f0df1312f26089cf20655aec68f8843c27732284c6406337d8acb15e5fef,JPEG,JPEG,1,1,,,TRUE
2G (EDGE),50,600,original,92,image_0144.jpg,43235,44334,201,TRUE,8.523,,2026-10-05T04:18:11+00:00,92,medium/image_0144.jpg,medium,61f4b3a1508df32e80f65b1bd00bca3059e6b60b624f0e224fa4c92ebeb0c529,JPEG,JPEG,1,1,,,TRUE
2G (EDGE),50,600,original,93,images (37).jpg,5324,6421,201,TRUE,2.351,,2026-10-05T04:18:14+00:00,93,medium/images (37).jpg,medium,ed83e76f54c9708880e842d5c8dc5458dbbb77e0198c0794c7100616d891b7a8,JPEG,JPEG,1,1,,,TRUE
2G (EDGE),50,600,original,94,images (13).jpg,10472,11571,201,TRUE,3.167,,2026-10-05T04:18:17+00:00,94,medium/images (13).jpg,medium,b2918a66e66571b0f53f2f754255d276dc3ddc368ed02583b450ddec3e233505,JPEG,JPEG,1,1,,,TRUE
2G (EDGE),50,600,original,95,flood_6129.jpg,31821,32920,201,TRUE,6.627,,2026-10-05T04:18:24+00:00,95,medium/flood_6129.jpg,medium,15e0255f8dd1ce3ee3abc5096854ceb13840bbb1a016e09f63c5dd46aa189b6f,JPEG,JPEG,1,1,,,TRUE
2G (EDGE),50,600,original,96,gia-lai-1.jpg,47302,48401,201,TRUE,9.144,,2026-10-05T04:18:33+00:00,96,medium/gia-lai-1.jpg,medium,d99d981b85abdd79662b29dc36ceccf6f2c8b516fc557a9aaabffa044ac29110,JPEG,JPEG,1,1,,,TRUE
2G (EDGE),50,600,original,97,805357338_1065370609579884_4614583555099717146_n.jpg,400498,364544,0,FALSE,59.997,,2026-10-05T04:19:33+00:00,97,medium/805357338_1065370609579884_4614583555099717146_n.jpg,medium,4b825284c811f72e3d234cd85fa06bfa6c715a8e0580801cbe37a3897039fedd,JPEG,JPEG,1,1,NETWORK_ERROR,"('Connection aborted.', RemoteDisconnected('Remote end closed connection without response'))",FALSE
2G (EDGE),50,600,original,98,image_038.jpg,87978,89077,201,TRUE,15.845,,2026-10-05T04:19:49+00:00,98,medium/image_038.jpg,medium,6136434252d2fd2654427ab7233aa03edc8b4586c9f5edeae9445512a8c1a986,JPEG,JPEG,1,1,,,TRUE
2G (EDGE),50,600,original,99,img54.webp,124418,125520,201,TRUE,21.608,,2026-10-05T04:20:10+00:00,99,medium/img54.webp,medium,18376708cee0912e197cd3109b168583b99612198d7227800d4e04ddba7efb8c,WEBP,WEBP,1,1,,,TRUE
2G (EDGE),50,600,original,100,flood_6343.jpg,31488,32587,201,TRUE,6.574,,2026-10-05T04:20:17+00:00,100,medium/flood_6343.jpg,medium,bdaabbf877bb24950a976dcee568d7b2f9da082f2df398c581aa9544c8c2d113,JPEG,JPEG,1,1,,,TRUE
2G (EDGE),50,600,original,101,flood_6140.jpg,47687,48786,201,TRUE,9.222,,2026-10-05T04:20:26+00:00,101,medium/flood_6140.jpg,medium,75047d855512c1e7aacdcc71d3424ba42258375fb4558f42e0d1e4d2eb95ab8e,JPEG,JPEG,1,1,,,TRUE
2G (EDGE),50,600,original,102,5836-17634553662361993507720-168-0-1016-1620-crop-17634553816821875286789.webp,133464,134566,201,TRUE,23.156,,2026-10-05T04:20:49+00:00,102,medium/5836-17634553662361993507720-168-0-1016-1620-crop-17634553816821875286789.webp,medium,0f7a3cf9489a57a9d7a85f736ecdc9d61f2292d237dc1d516e81b7144328b65c,WEBP,WEBP,1,1,,,TRUE
2G (EDGE),50,600,original,103,image_024.jpg,378699,364544,0,FALSE,60.004,,2026-10-05T04:21:49+00:00,103,medium/image_024.jpg,medium,4eeeb9650eff67134821474e3be3eef270bc952e5ce699ac5058d98d6272e7dd,JPEG,JPEG,1,1,NETWORK_ERROR,"('Connection aborted.', RemoteDisconnected('Remote end closed connection without response'))",FALSE
2G (EDGE),50,600,original,104,image_311.jpg,1144367,360448,0,FALSE,60.003,,2026-10-05T04:22:49+00:00,104,medium/image_311.jpg,medium,c2beb6ef457469d2c37347629f6fa6e5734de8643f9f4edf7b66827e56ea6b6d,JPEG,JPEG,1,1,NETWORK_ERROR,"('Connection aborted.', ConnectionResetError(10054, 'An existing connection was forcibly closed by the remote host', None, 10054, None))",FALSE
2G (EDGE),50,600,original,105,images (16).jpg,9929,11027,201,TRUE,3.115,,2026-10-05T04:22:52+00:00,105,medium/images (16).jpg,medium,c1bb1154b3b1871cf95bfa43c8ff8a3af539e5c68618b1ad2044724ef2759de0,JPEG,JPEG,1,1,,,TRUE
2G (EDGE),50,600,original,106,images-873cb504e7c333c6f74c7394a73d201acf9fae6cd36600561e3775ee8c31ca9b060d5497fad80da70437e59e48a14722-_111-6190.jpg,392978,364544,0,FALSE,60.03,,2026-10-05T04:23:52+00:00,106,medium/images-873cb504e7c333c6f74c7394a73d201acf9fae6cd36600561e3775ee8c31ca9b060d5497fad80da70437e59e48a14722-_111-6190.jpg,medium,d43f170f886d44555d05924ddee0439ecc18f50954cb91026c0100f4f0abc874,JPEG,JPEG,1,1,NETWORK_ERROR,"('Connection aborted.', RemoteDisconnected('Remote end closed connection without response'))",FALSE
2G (EDGE),50,600,original,107,vnapotalquangtritieptucmualonlulennhanhgayngaplutdienrong1917541315072353-16029002171551755047725.webp,114822,115924,201,TRUE,20.087,,2026-10-05T04:24:12+00:00,107,medium/vnapotalquangtritieptucmualonlulennhanhgayngaplutdienrong1917541315072353-16029002171551755047725.webp,medium,08612801e26c708aa52eaadfca720becdaa6c15652f2e6f18d51d644f98d9c1d,WEBP,WEBP,1,1,,,TRUE
2G (EDGE),50,600,original,108,n3.jpg,7767,8864,201,TRUE,2.818,,2026-10-05T04:24:15+00:00,108,medium/n3.jpg,medium,07538d70a44b40d3b440325619b3ca9b32650ede44a0d00d1d9dad1b99fbe4ee,JPEG,JPEG,1,1,,,TRUE
2G (EDGE),50,600,original,109,39.jpg,231907,233008,201,TRUE,39.099,,2026-10-05T04:24:54+00:00,109,medium/39.jpg,medium,fdd7f649e7ae81c6a92c2912a2b1274d61a062ef4a830ad5dcf91d987895347d,JPEG,JPEG,1,1,,,TRUE
2G (EDGE),50,600,original,110,lu-ky-luc-tren-hai-song-o-mien-trung-ngap-lut-lan-rong-tai-6-tinh-thanh-904.jpg,278934,280035,201,TRUE,46.714,,2026-10-05T04:25:41+00:00,110,medium/lu-ky-luc-tren-hai-song-o-mien-trung-ngap-lut-lan-rong-tai-6-tinh-thanh-904.jpg,medium,1208d8781d1283f8a2bf6df0db67a322020a4d22d1e5e77c892664b2dbe7ee09,JPEG,JPEG,1,1,,,TRUE
2G (EDGE),50,600,original,111,edit-z7290483264645f5e6e37fc44ef85a5b1ffafb92dc59ab-17648137370111953943839-0-27-1131-1837-crop-1764813752388209128783.webp,495164,360448,0,FALSE,60.007,,2026-10-05T04:26:41+00:00,111,medium/edit-z7290483264645f5e6e37fc44ef85a5b1ffafb92dc59ab-17648137370111953943839-0-27-1131-1837-crop-1764813752388209128783.webp,medium,e0173401e7ade0280806d8f19ae43363fd2e8405d20aaacd33cee72d7b6dbc73,WEBP,WEBP,1,1,NETWORK_ERROR,"('Connection aborted.', RemoteDisconnected('Remote end closed connection without response'))",FALSE
2G (EDGE),50,600,original,112,images - 2025-01-28T185558.906.jpg,3448,4545,201,TRUE,2.067,,2026-10-05T04:26:43+00:00,112,medium/images - 2025-01-28T185558.906.jpg,medium,f0860d21495f47388ed3e6696ce3785aee4da2cb1de4a590575461e038f7bae0,JPEG,JPEG,1,1,,,TRUE
2G (EDGE),50,600,original,113,1763565218045_mua1-191125.jpeg,54659,55758,201,TRUE,10.301,,2026-10-05T04:26:54+00:00,113,medium/1763565218045_mua1-191125.jpeg,medium,c91db90f158b3e8e854df4c1e3e8eb835f1cb537912568ae19100e6c51e917a2,JPEG,JPEG,1,1,,,TRUE
2G (EDGE),50,600,original,114,noise_n (3).jpg,34785,35884,201,TRUE,7.174,,2026-10-05T04:27:01+00:00,114,medium/noise_n (3).jpg,medium,737a36757baaeb65b62ecc21fd1a7cd2a49f865293696cdbf80f73a117604639,JPEG,JPEG,1,1,,,TRUE
2G (EDGE),50,600,original,115,81329cb922f6cba892e7-jpg-31673361078756138245019-50182452114320146060691.webp,16372,17472,201,TRUE,4.162,,2026-10-05T04:27:05+00:00,115,medium/81329cb922f6cba892e7-jpg-31673361078756138245019-50182452114320146060691.webp,medium,e0c7a3f120e8fc4f8f930f71cb2441f187c7414913c50d326be0c10542c46d7b,WEBP,WEBP,1,1,,,TRUE
2G (EDGE),50,600,original,116,noise (6).jpg,38382,39481,201,TRUE,7.746,,2026-10-05T04:27:13+00:00,116,medium/noise (6).jpg,medium,bacbea8fde543a342777a2e58cffb846bcab7312db734f6bb61c321e3e752dda,JPEG,JPEG,1,1,,,TRUE
2G (EDGE),50,600,original,117,images - 2025-01-28T151947.364.jpg,10458,11557,201,TRUE,3.196,,2026-10-05T04:27:16+00:00,117,medium/images - 2025-01-28T151947.364.jpg,medium,e7b8e37ef4d169937e886cd8663859ecb7af96df687a212be179822094715e95,JPEG,JPEG,1,1,,,TRUE
2G (EDGE),50,600,original,118,images (63).jpg,10539,11638,201,TRUE,3.215,,2026-10-05T04:27:19+00:00,118,medium/images (63).jpg,medium,6184d9e6b2bfe1c7ee6d03565b9bc592d4c3e55b2b707ef326f6c7e8504043b8,JPEG,JPEG,1,1,,,TRUE
2G (EDGE),50,600,original,119,floods_cambodia_avid_w.jpg,234714,235815,201,TRUE,39.568,,2026-10-05T04:27:59+00:00,119,high/floods_cambodia_avid_w.jpg,high,ddb850ec825f321b37caa568aee6098cfd4d06c0affb70c72c9ee4ad142c3d9a,JPEG,JPEG,1,1,,,TRUE
2G (EDGE),50,600,original,120,download.webp,19142,20242,201,TRUE,4.585,,2026-10-05T04:28:03+00:00,120,high/download.webp,high,9882a77a13f8404c4875c672327af6c30f711e1398f55d4278eedc70320775fc,WEBP,WEBP,1,1,,,TRUE
2G (EDGE),50,600,original,121,img9.webp,222414,223516,201,TRUE,37.588,,2026-10-05T04:28:41+00:00,121,high/img9.webp,high,553641be2dee253e89f8ca5829376e2c718e3455ca1b13cdd9e3f4637edaa900,WEBP,WEBP,1,1,,,TRUE
2G (EDGE),50,600,original,122,flood_4800.jpg,162727,163828,201,TRUE,27.801,,2026-10-05T04:29:09+00:00,122,high/flood_4800.jpg,high,0fcf65f440f4bb571ef8372897e08b4598b0e90023bb6700f222a036752a070e,JPEG,JPEG,1,1,,,TRUE
2G (EDGE),50,600,original,123,flood_732.jpg,1943935,364544,0,FALSE,60.029,,2026-10-05T04:30:09+00:00,123,high/flood_732.jpg,high,cd381b32133ec4671de6a5b7bbdaf0934357d776d35c3e143fb4cff864027893,JPEG,JPEG,1,1,NETWORK_ERROR,"('Connection aborted.', ConnectionResetError(10054, 'An existing connection was forcibly closed by the remote host', None, 10054, None))",FALSE
2G (EDGE),50,600,original,124,z7243826042725e83c8d03deb27f56d1a1aad2b13b8e87-176362146979047283232-15-0-615-960-crop-17636214777741938859206.webp,78238,79338,201,TRUE,14.194,,2026-10-05T04:30:23+00:00,124,high/z7243826042725e83c8d03deb27f56d1a1aad2b13b8e87-176362146979047283232-15-0-615-960-crop-17636214777741938859206.webp,high,8656b7d16c67126af4681e1671432c38bc8fa52e8753764160db4c4873984988,WEBP,WEBP,1,1,,,TRUE
2G (EDGE),50,600,original,125,R.png,219688,220788,201,TRUE,37.104,,2026-10-05T04:31:00+00:00,125,high/R.png,high,dc0a6fe2a2bd9a52e6e80b51bfba596e52c9c1cdf83b9f74b23ab5ea6a19170d,PNG,PNG,1,1,,,TRUE
2G (EDGE),50,600,original,126,flood_1261.jpg,227106,228207,201,TRUE,38.195,,2026-10-05T04:31:38+00:00,126,high/flood_1261.jpg,high,e409f5969c2febfdda9ed849c91004358be0a3d10814f787e45e7627ca828214,JPEG,JPEG,1,1,,,TRUE
2G (EDGE),50,600,original,127,AP23209060794692.jpg,1468172,364544,0,FALSE,60.011,,2026-10-05T04:32:38+00:00,127,high/AP23209060794692.jpg,high,512a0322830cabfec0a6e89c2e31ea893b2cef2818cc39e3f317a59ae8fe1fd9,JPEG,JPEG,1,1,NETWORK_ERROR,"('Connection aborted.', ConnectionResetError(10054, 'An existing connection was forcibly closed by the remote host', None, 10054, None))",FALSE
2G (EDGE),50,600,original,128,images - 2025-01-28T151851.902.jpg,7035,8132,201,TRUE,2.632,,2026-10-05T04:32:41+00:00,128,high/images - 2025-01-28T151851.902.jpg,high,1edde2dab6d62b91b9de6c3c2655197077d5ab6e19d4765d2676cde1a6d8eb20,JPEG,JPEG,1,1,,,TRUE
2G (EDGE),50,600,original,129,image_027.jpg,106715,107816,201,TRUE,18.755,,2026-10-05T04:33:00+00:00,129,high/image_027.jpg,high,165d98120ba7e01d378bc261d7c3f23972249ed3b3be19d0d68043e769063363,JPEG,JPEG,1,1,,,TRUE
2G (EDGE),50,600,original,130,2-1726448843911500454177.webp,263033,264134,201,TRUE,43.995,,2026-10-05T04:33:44+00:00,130,high/2-1726448843911500454177.webp,high,ff55a67f3985507695ee4b23060fdfdad9e187fb8504aedfbf092075fa5f0d96,JPEG,JPEG,1,1,,,TRUE
2G (EDGE),50,600,original,131,image_049.jpg,148176,149277,201,TRUE,25.606,,2026-10-05T04:34:09+00:00,131,high/image_049.jpg,high,3e828a32d6aed42e6ee8dc53661095ca000f242d7e9f02d192b2c01c86a09957,JPEG,JPEG,1,1,,,TRUE
2G (EDGE),50,600,original,132,image_0107.jpg,22163,23262,201,TRUE,5.088,,2026-10-05T04:34:14+00:00,132,high/image_0107.jpg,high,5fa433bbf249eeb3aa2055834a5f403e493a8cac5cd4b9782a14415183856245,JPEG,JPEG,1,1,,,TRUE
2G (EDGE),50,600,original,133,dd20c6609cc035fedf1a093e97f51af4.jpeg,819746,360448,0,FALSE,60.006,,2026-10-05T04:35:14+00:00,133,high/dd20c6609cc035fedf1a093e97f51af4.jpeg,high,fce656b8e1f1e90ed783f0ca822286246a21df47469426bba44d1b2ad695ca97,PNG,PNG,1,1,NETWORK_ERROR,"('Connection aborted.', ConnectionResetError(10054, 'An existing connection was forcibly closed by the remote host', None, 10054, None))",FALSE
2G (EDGE),50,600,original,134,img66.jpg,24584,25683,201,TRUE,5.494,,2026-10-05T04:35:20+00:00,134,high/img66.jpg,high,d55e7de52341508886162ad8719416840af584d47853b998f2d2c45f4c5f5fd2,JPEG,JPEG,1,1,,,TRUE
2G (EDGE),50,600,original,135,OIP (10).webp,8178,9276,201,TRUE,2.852,,2026-10-05T04:35:23+00:00,135,high/OIP (10).webp,high,ed3ec9010a260ac315bd0f17ebe4c044ba2c86905964444aa011b3604366fe8d,WEBP,WEBP,1,1,,,TRUE
2G (EDGE),50,600,original,136,iimages (5).jpg,6528,7625,201,TRUE,2.588,,2026-10-05T04:35:25+00:00,136,high/iimages (5).jpg,high,b0a958225801750c5a6a663c180d26565f8a95584750c5e60879380fd14ded85,JPEG,JPEG,1,1,,,TRUE
2G (EDGE),50,600,original,137,iimages (10).jpg,10372,11471,201,TRUE,3.178,,2026-10-05T04:35:28+00:00,137,high/iimages (10).jpg,high,73f6052a7daa8f8de6dade2fa0ac44e339083b998afb2a163d7334c45aee76ad,JPEG,JPEG,1,1,,,TRUE
2G (EDGE),50,600,original,138,img55.webp,103970,105072,201,TRUE,18.463,,2026-10-05T04:35:47+00:00,138,high/img55.webp,high,b5f145285f3fec3d20ccaee444df2159d4f1e362760435f3c6feb51ba725abd1,WEBP,WEBP,1,1,,,TRUE
2G (EDGE),50,600,original,139,image_6483441_7_c62ccb313f.jpg,595810,364544,0,FALSE,60.011,,2026-10-05T04:36:47+00:00,139,high/image_6483441_7_c62ccb313f.jpg,high,6dd3bbf14af3264ba7796f69f228df25a4c356c25a6dd15bc161a085cb6c9e79,JPEG,JPEG,1,1,NETWORK_ERROR,"('Connection aborted.', ConnectionResetError(10054, 'An existing connection was forcibly closed by the remote host', None, 10054, None))",FALSE
2G (EDGE),50,600,original,140,jakarta-indonesiafebruary-2021the-search-rescue-600nw-1920679820.webp,76370,77470,201,TRUE,13.86,,2026-10-05T04:37:01+00:00,140,high/jakarta-indonesiafebruary-2021the-search-rescue-600nw-1920679820.webp,high,c8a13d4112c593635c49f9071db0148b79a1d2e07b71b3df893bfd6a73c037b3,WEBP,WEBP,1,1,,,TRUE
2G (EDGE),50,600,original,141,image_0090.jpg,32203,33302,201,TRUE,6.732,,2026-10-05T04:37:08+00:00,141,high/image_0090.jpg,high,10264351de402d0dd637b6f6bbc7008be5bf13c86313a6b684875ddd858cf613,JPEG,JPEG,1,1,,,TRUE
2G (EDGE),50,600,original,142,img7.webp,58674,59774,201,TRUE,11.026,,2026-10-05T04:37:19+00:00,142,high/img7.webp,high,854cee071b8d48b0567b2717b3f8dc71e3694b96892e5e1591566cb0124e7925,WEBP,WEBP,1,1,,,TRUE
2G (EDGE),50,600,original,143,4231cd29f2fb53ce8f0359eba8f1caaa85b22b53819bf0b9990e4c4d228c8c89.webp,93020,94120,201,TRUE,16.508,,2026-10-05T04:37:35+00:00,143,high/4231cd29f2fb53ce8f0359eba8f1caaa85b22b53819bf0b9990e4c4d228c8c89.webp,high,bcdb14769aad6eeb48dfec2f602435a1d52a3eac013da23c60a3dc34a22f4f38,WEBP,WEBP,1,1,,,TRUE
2G (EDGE),50,600,original,144,img72.webp,80872,81972,201,TRUE,14.682,,2026-10-05T04:37:50+00:00,144,high/img72.webp,high,fc43a66f60e642ba21fa6cbe8fcc8846ba555c658dda41d4cd362b511a55cdc6,WEBP,WEBP,1,1,,,TRUE
2G (EDGE),50,600,original,145,img49.webp,193300,194402,201,TRUE,32.861,,2026-10-05T04:38:23+00:00,145,high/img49.webp,high,96759c7c514ee82e03951cb13230fa9784b1e5e7234dacb2167999386d42da8a,WEBP,WEBP,1,1,,,TRUE
2G (EDGE),50,600,original,146,OIP (1).webp,21818,22918,201,TRUE,5.041,,2026-10-05T04:38:28+00:00,146,high/OIP (1).webp,high,9931f7b540fa118001a5d222735edbddb903cb7469e6f8d551d3e3f9aeb528ff,WEBP,WEBP,1,1,,,TRUE
2G (EDGE),50,600,original,147,OIP (33).webp,6578,7676,201,TRUE,2.577,,2026-10-05T04:38:30+00:00,147,high/OIP (33).webp,high,237864469e6f1c257cd918ef25c0b0dc7bf383955b3dd23e21cc2fd4a92cda2c,WEBP,WEBP,1,1,,,TRUE
2G (EDGE),50,600,original,148,image_145.jpeg,278229,279330,201,TRUE,46.507,,2026-10-05T04:39:17+00:00,148,high/image_145.jpeg,high,bcdda09b5006e6f96bba2f559d90d2d3daf5c41ca66d3886dac46534cf7c7f5c,JPEG,JPEG,1,1,,,TRUE
2G (EDGE),50,600,original,149,images - 2025-01-28T154039.568.jpg,7811,8908,201,TRUE,2.775,,2026-10-05T04:39:20+00:00,149,high/images - 2025-01-28T154039.568.jpg,high,be2defe1fef5628f1e85d94d12c66075ab7feca57f273f4f903521816128d959,JPEG,JPEG,1,1,,,TRUE
2G (EDGE),50,600,original,150,3cbf55ff-d524-461d-bf40-fa489285474d.jpg,37501,38600,201,TRUE,7.56,,2026-10-05T04:39:27+00:00,150,high/3cbf55ff-d524-461d-bf40-fa489285474d.jpg,high,1f48d2d7cdfbc50fb3ca2297a2ccf866a2d48c3c079242e61df887b896f1c929,JPEG,JPEG,1,1,,,TRUE
2G (EDGE),50,600,original,151,b572b8392df6f2cbbac8a6a19d74bfa2.avif,61606,62706,415,FALSE,11.445,,2026-10-05T04:39:39+00:00,151,high/b572b8392df6f2cbbac8a6a19d74bfa2.avif,high,c0aac4095412b24e58c6132b8e66e2b9f243597aee2eb06d7f193dc154e04f73,AVIF,AVIF,1,1,UNSUPPORTED_IMAGE,"Ảnh phải là JPEG, PNG hoặc WebP",FALSE
2G (EDGE),50,600,original,152,flood_219.jpg,2847592,360448,0,FALSE,60.035,,2026-10-05T04:40:39+00:00,152,high/flood_219.jpg,high,79facf8f80351b4e020857b9b47604efb7d0ea20f0ddaf838824b215b67ccb05,JPEG,JPEG,1,1,NETWORK_ERROR,"('Connection aborted.', ConnectionResetError(10054, 'An existing connection was forcibly closed by the remote host', None, 10054, None))",FALSE
2G (EDGE),50,600,original,153,Shutterstock_12250367k.jpg,57055,58154,201,TRUE,10.734,,2026-10-05T04:40:49+00:00,153,high/Shutterstock_12250367k.jpg,high,732957645e5b3b44344a6db0f53486059ed78e70192a22c3b436cd8f93717b07,JPEG,JPEG,1,1,,,TRUE
2G (EDGE),50,600,original,154,noise1.jpeg,15697,16796,201,TRUE,4.04,,2026-10-05T04:40:53+00:00,154,high/noise1.jpeg,high,9bbaa77d1bb035ab20937380a2af67a90bd9e4ca71180cfd0b807c5f00b343b8,JPEG,JPEG,1,1,,,TRUE
2G (EDGE),50,600,original,155,img58.jpg,82737,83836,201,TRUE,14.877,,2026-10-05T04:41:08+00:00,155,high/img58.jpg,high,b9364110f4da93b4e893640de31f3fa2ca0dcdf336741d8934571d72a47043e2,JPEG,JPEG,1,1,,,TRUE
2G (EDGE),50,600,original,156,569FB5E8-17FF-4DA7-AF819E7223AD38C7_source.webp,45462,46562,201,TRUE,8.897,,2026-10-05T04:41:17+00:00,156,high/569FB5E8-17FF-4DA7-AF819E7223AD38C7_source.webp,high,3dcb8b40eeb8b9f8bf80bae7a1df25b52f5004838bc145495c760b8f3789c2c7,WEBP,WEBP,1,1,,,TRUE
2G (EDGE),50,600,original,157,flood_1214.jpg,158307,159408,201,TRUE,27.118,,2026-10-05T04:41:44+00:00,157,high/flood_1214.jpg,high,0c1e0b47204317c7c194fc94a7dbfc1030e08c065acbda8b4e455df3e23c4585,JPEG,JPEG,1,1,,,TRUE
2G (EDGE),50,600,original,158,skynews-philippines-megi_5737099.jpg,233889,234990,201,TRUE,39.386,,2026-10-05T04:42:24+00:00,158,high/skynews-philippines-megi_5737099.jpg,high,84c1d37b7cba9e20cf409763137f50704c251e784de518f90804e115163765e0,JPEG,JPEG,1,1,,,TRUE
2G (EDGE),50,600,original,159,flood_4791.jpg,136191,137292,201,TRUE,23.569,,2026-10-05T04:42:47+00:00,159,high/flood_4791.jpg,high,d1c123841ecbd4da557fa97ce87111b212c8228c34a85bd91f2560b0dd7f4540,JPEG,JPEG,1,1,,,TRUE
2G (EDGE),50,600,original,160,flood_4763.jpg,109308,110409,201,TRUE,19.21,,2026-10-05T04:43:07+00:00,160,high/flood_4763.jpg,high,71dc4359a45d5f7f9a73474695d86dcc2a5fe3fb74f89763be6ea2c971476183,JPEG,JPEG,1,1,,,TRUE
2G (EDGE),50,600,original,161,OIP (14).webp,6430,7528,201,TRUE,2.554,,2026-10-05T04:43:09+00:00,161,high/OIP (14).webp,high,327490c28381c700367e1baa43b9b8faa0d4dad840c3f5cc28dbcbc00aef9312,WEBP,WEBP,1,1,,,TRUE
2G (EDGE),50,600,original,162,img60.webp,84220,85320,201,TRUE,15.165,,2026-10-05T04:43:24+00:00,162,high/img60.webp,high,04fb91efee88688fce39d7c57db3f77e74a131efb54072039947ff44497cab46,WEBP,WEBP,1,1,,,TRUE
2G (EDGE),50,600,original,163,images - 2025-01-28T152121.677.jpg,9854,10952,201,TRUE,3.087,,2026-10-05T04:43:27+00:00,163,high/images - 2025-01-28T152121.677.jpg,high,4eb24b2e8dc4eda02a4cc8771e5f553a3cea43118dc311cd054b50be02659728,JPEG,JPEG,1,1,,,TRUE
2G (EDGE),50,600,original,164,OIP (15).webp,7936,9034,201,TRUE,2.759,,2026-10-05T04:43:30+00:00,164,high/OIP (15).webp,high,24f885199ce10f8e1e816382fd1bfbc0cb087adfdbf80d37f50e01f029b902df,WEBP,WEBP,1,1,,,TRUE
2G (EDGE),50,600,original,165,OIP (29).webp,15016,16116,201,TRUE,3.94,,2026-10-05T04:43:34+00:00,165,high/OIP (29).webp,high,722c9d66af59c68dec8e0c6d6304791267c63d646e08710fd3e9f26c37df9334,WEBP,WEBP,1,1,,,TRUE
2G (EDGE),50,600,original,166,flood-1.jpg,217065,218166,201,TRUE,36.776,,2026-10-05T04:44:11+00:00,166,high/flood-1.jpg,high,09f55b9b3f375ebed1a877966d39e27f14f7e874b49f4aaeb760640e48391a2e,JPEG,JPEG,1,1,,,TRUE
2G (EDGE),50,600,original,167,702018189_univ_cnt_01_xs.jpg,25024,26123,201,TRUE,5.557,,2026-10-05T04:44:16+00:00,167,high/702018189_univ_cnt_01_xs.jpg,high,5425fb7fa7db399de54b9d429fd66d384764c2dfb43a11b1661288a1214928f4,JPEG,JPEG,1,1,,,TRUE
2G (EDGE),50,600,original,168,img4.jpg,7596,8693,201,TRUE,2.743,,2026-10-05T04:44:19+00:00,168,high/img4.jpg,high,2a232bbd43a017ee8635ca368475ed57d4f521ec3a3ac3441179a9a2bf799fd8,JPEG,JPEG,1,1,,,TRUE
2G (EDGE),50,600,original,169,image_294.png,1080402,364544,0,FALSE,60.024,,2026-10-05T04:45:19+00:00,169,high/image_294.png,high,121729a09e5d44136cae00fe1f03a2937abb87667ab3ecb6ab3c280a5894c585,PNG,PNG,1,1,NETWORK_ERROR,"('Connection aborted.', ConnectionResetError(10054, 'An existing connection was forcibly closed by the remote host', None, 10054, None))",FALSE
2G (EDGE),50,600,original,170,65d952b4-90a2-4d18-b035-24352c-3365-2036-1764872629.webp,84692,85792,201,TRUE,15.18,,2026-10-05T04:45:34+00:00,170,high/65d952b4-90a2-4d18-b035-24352c-3365-2036-1764872629.webp,high,11f5411abd0b76ea294bd29a7472d8684b48083301862061e6f25da644430a5c,WEBP,WEBP,1,1,,,TRUE
2G (EDGE),50,600,original,171,OIP (36).webp,23048,24148,201,TRUE,5.209,,2026-10-05T04:45:40+00:00,171,high/OIP (36).webp,high,f5293f48dbaa45b33a582c87433bb04fbbf2dd472469a0332a82bd5feb755c14,WEBP,WEBP,1,1,,,TRUE
2G (EDGE),50,600,original,172,화면 캡처 2025-03-05 181439.jpg,86563,87662,201,TRUE,15.524,,2026-10-05T04:45:55+00:00,172,non_flood/화면 캡처 2025-03-05 181439.jpg,non_flood,b75c4f08d2d4af82fae15233d28be9099286d8327bb1728ad06ae8467bd4fd24,JPEG,JPEG,1,1,,,TRUE
2G (EDGE),50,600,original,173,화면 캡처 2025-03-05 175742.jpg,67563,68662,201,TRUE,12.492,,2026-10-05T04:46:08+00:00,173,non_flood/화면 캡처 2025-03-05 175742.jpg,non_flood,9aa30b4ad8e881ee526e62dfd529f7c132517be92583fc25c2a352b59a7b8a10,JPEG,JPEG,1,1,,,TRUE
2G (EDGE),50,600,original,174,화면 캡처 2025-03-05 175341.jpg,38665,39764,201,TRUE,7.727,,2026-10-05T04:46:15+00:00,174,non_flood/화면 캡처 2025-03-05 175341.jpg,non_flood,43a98cd56ba750ceae68f3ca04b1c092e901fff1dcc83a04a19d4652dd5a93ab,JPEG,JPEG,1,1,,,TRUE
2G (EDGE),50,600,original,175,화면 캡처 2025-03-05 172751.jpg,38116,39215,201,TRUE,7.71,,2026-10-05T04:46:23+00:00,175,non_flood/화면 캡처 2025-03-05 172751.jpg,non_flood,8de13e59f0139f6ad9e553f887ea3e427cfbe24c5523a850651923df6d64011a,JPEG,JPEG,1,1,,,TRUE
2G (EDGE),50,600,original,176,images (13)1.jpg,12745,13844,201,TRUE,3.571,,2026-10-05T04:46:27+00:00,176,non_flood/images (13)1.jpg,non_flood,4e2b303a68e00ba4fbca23bdb0585b3f0f6f385e83bfebad4a16d96898663a3e,JPEG,JPEG,1,1,,,TRUE
2G (EDGE),50,600,original,177,화면 캡처 2025-03-05 181412.jpg,85248,86347,201,TRUE,15.323,,2026-10-05T04:46:42+00:00,177,non_flood/화면 캡처 2025-03-05 181412.jpg,non_flood,6fbd9d9cf16d0e950ccae0c7ec26baf60c4081efe34aa86205785db825fc01bc,JPEG,JPEG,1,1,,,TRUE
2G (EDGE),50,600,original,178,화면 캡처 2025-03-05 152130.jpg,97874,98973,201,TRUE,17.306,,2026-10-05T04:46:59+00:00,178,non_flood/화면 캡처 2025-03-05 152130.jpg,non_flood,0df727cf509b4b225f8c3b77ed2b4c65be629b0eb3ef422bd3e6bcd1abe5b4e8,JPEG,JPEG,1,1,,,TRUE
2G (EDGE),50,600,original,179,화면 캡처 2025-03-05 173917.jpg,84434,85533,201,TRUE,15.21,,2026-10-05T04:47:15+00:00,179,non_flood/화면 캡처 2025-03-05 173917.jpg,non_flood,29e372c79949fb945d3d217af23e725576f970bc88d47820d56f908c8c1dd8b4,JPEG,JPEG,1,1,,,TRUE
2G (EDGE),50,600,original,180,1789568749569_282700609501588260_7406490438318140161_4c67d325471c5a433aa450f9a2bf7b80.jpg,462295,360448,0,FALSE,60.01,,2026-10-05T04:48:15+00:00,180,non_flood/1789568749569_282700609501588260_7406490438318140161_4c67d325471c5a433aa450f9a2bf7b80.jpg,non_flood,c8128762797fb77bf5feb965d12100cd783be0e0afe1658cbd851ec37a153d83,JPEG,JPEG,1,1,NETWORK_ERROR,"('Connection aborted.', RemoteDisconnected('Remote end closed connection without response'))",FALSE
2G (EDGE),50,600,original,181,images (9).jpg,7668,8765,201,TRUE,2.801,,2026-10-05T04:48:17+00:00,181,non_flood/images (9).jpg,non_flood,18e261369109061b9841676f321894e21cfd91d608fe3dc9acc8c4d1bfd64a53,JPEG,JPEG,1,1,,,TRUE
2G (EDGE),50,600,original,182,images (7).jpg,12323,13422,201,TRUE,3.492,,2026-10-05T04:48:21+00:00,182,non_flood/images (7).jpg,non_flood,a5bcc829e70ca0664ad916e26c9ffb440248d5d6e3429a58c9b90d3d3860a7ab,JPEG,JPEG,1,1,,,TRUE
2G (EDGE),50,600,original,183,다운로드 (5).jpg,10259,11358,201,TRUE,3.167,,2026-10-05T04:48:24+00:00,183,non_flood/다운로드 (5).jpg,non_flood,49d811196ba07508a08d7689a5746494bdd1e6bc89460cb67dffb53154670204,JPEG,JPEG,1,1,,,TRUE
2G (EDGE),50,600,original,184,다운로드 (45) 3.jpg,11487,12586,201,TRUE,3.367,,2026-10-05T04:48:27+00:00,184,non_flood/다운로드 (45) 3.jpg,non_flood,1f8553a464ee1aa46de5890b8be0676883513c8083217c3013df8ab6e9bef786,JPEG,JPEG,1,1,,,TRUE
2G (EDGE),50,600,original,185,다운로드 (31).jpg,9664,10762,201,TRUE,3.09,,2026-10-05T04:48:30+00:00,185,non_flood/다운로드 (31).jpg,non_flood,c7449da10dfb0cebf3561e433c9a19876e06e81dda26cf39253b8d1aed09be91,JPEG,JPEG,1,1,,,TRUE
2G (EDGE),50,600,original,186,127465812-일본-교토의-봄비-폭풍우-동안-교토부의-스트리트-뷰.jpg,180600,181701,201,TRUE,30.742,,2026-10-05T04:49:01+00:00,186,non_flood/127465812-일본-교토의-봄비-폭풍우-동안-교토부의-스트리트-뷰.jpg,non_flood,6ae7d4cc308ffcdbcea455286428f08c4716a26cd6e0f295ba412b38393a1e05,JPEG,JPEG,1,1,,,TRUE
2G (EDGE),50,600,original,187,화면 캡처 2025-03-05 174935.jpg,123305,124406,201,TRUE,21.457,,2026-10-05T04:49:23+00:00,187,non_flood/화면 캡처 2025-03-05 174935.jpg,non_flood,d9a9b54010a3c3c0b44e085273edb1f64a777f99be11d71a7199030bab07a848,JPEG,JPEG,1,1,,,TRUE
2G (EDGE),50,600,original,188,화면 캡처 2025-03-05 173725.jpg,86775,87874,201,TRUE,15.574,,2026-10-05T04:49:38+00:00,188,non_flood/화면 캡처 2025-03-05 173725.jpg,non_flood,8088bad691c314800e2472cc5837ed0ddc4fc2a8bb5fc67a0466a5b6dbd4ef41,JPEG,JPEG,1,1,,,TRUE
2G (EDGE),50,600,original,189,다운로드 (7).jpg,12438,13537,201,TRUE,3.523,,2026-10-05T04:49:42+00:00,189,non_flood/다운로드 (7).jpg,non_flood,7882a482c8fa3ac2a100823670b3527953bc13261ced12bef7d2814872bbb73d,JPEG,JPEG,1,1,,,TRUE
2G (EDGE),50,600,original,190,다운로드 (12).jpg,10323,11422,201,TRUE,3.198,,2026-10-05T04:49:45+00:00,190,non_flood/다운로드 (12).jpg,non_flood,5a26387b7c471c37b412a214b65d520836f1ccdac5562ba302e9ad91f3063751,JPEG,JPEG,1,1,,,TRUE
2G (EDGE),50,600,original,191,images (11)1.jpg,13062,14161,201,TRUE,3.623,,2026-10-05T04:49:49+00:00,191,non_flood/images (11)1.jpg,non_flood,254e9ebc6f2b62b50393b6db4914c56a5fe0e43f3aac0ffa71f6cf007e661e61,JPEG,JPEG,1,1,,,TRUE
2G (EDGE),50,600,original,192,1789568749557_282700609501588260_7406490438318140161_7d5baf7f35b58211bf5d643c66ab8606.jpg,517702,360448,0,FALSE,60.02,,2026-10-05T04:50:49+00:00,192,non_flood/1789568749557_282700609501588260_7406490438318140161_7d5baf7f35b58211bf5d643c66ab8606.jpg,non_flood,831a018e6022c183e2bad8c815113118193ea4eed8bfe14d0ae7000be299d148,JPEG,JPEG,1,1,NETWORK_ERROR,"('Connection aborted.', RemoteDisconnected('Remote end closed connection without response'))",FALSE
2G (EDGE),50,600,original,193,images (14)1.jpg,11632,12731,201,TRUE,3.399,,2026-10-05T04:50:52+00:00,193,non_flood/images (14)1.jpg,non_flood,62da4a05b2a453136adff5b34666d1bfbbf2fc659e751e9c841909dd1e792d54,JPEG,JPEG,1,1,,,TRUE
2G (EDGE),50,600,original,194,images (24)1.jpg,7340,8437,201,TRUE,2.679,,2026-10-05T04:50:55+00:00,194,non_flood/images (24)1.jpg,non_flood,f14078bda9f46dd2b44eb17870ad533778d7daf7085e8b344be8813a125f4694,JPEG,JPEG,1,1,,,TRUE
2G (EDGE),50,600,original,195,다운로드 (43) 3.jpg,12680,13779,201,TRUE,3.584,,2026-10-05T04:50:58+00:00,195,non_flood/다운로드 (43) 3.jpg,non_flood,82a8697498f35ccc783ad058be58208a775ed79bbf59b68c83a1a95701944ecd,JPEG,JPEG,1,1,,,TRUE
2G (EDGE),50,600,original,196,p1065569336329878_240_thum.jpg,190695,191796,201,TRUE,32.455,,2026-10-05T04:51:31+00:00,196,non_flood/p1065569336329878_240_thum.jpg,non_flood,f648f926141df9ee9b70b1f787f660909a44e33c36bb0ed39162ea186a338df4,JPEG,JPEG,1,1,,,TRUE
2G (EDGE),50,600,original,197,화면 캡처 2025-03-05 172739.jpg,43887,44986,201,TRUE,8.616,,2026-10-05T04:51:39+00:00,197,non_flood/화면 캡처 2025-03-05 172739.jpg,non_flood,b40f793569d14767abe9f2e068970f3b795c0563877a1e1f8a7258821f69edcc,JPEG,JPEG,1,1,,,TRUE
2G (EDGE),50,600,original,198,다운로드 (36) 3.jpg,17505,18604,201,TRUE,4.35,,2026-10-05T04:51:44+00:00,198,non_flood/다운로드 (36) 3.jpg,non_flood,8ae6c5d304ced95a61c6567b5c88ddfc5e319f0e3a5ec72dea7e133aa076ef0f,JPEG,JPEG,1,1,,,TRUE
2G (EDGE),50,600,original,199,화면 캡처 2025-03-05 175927.jpg,87154,88253,201,TRUE,15.727,,2026-10-05T04:52:00+00:00,199,non_flood/화면 캡처 2025-03-05 175927.jpg,non_flood,0565699f292d6f6e0deb526642cc69d3d067a9e934582eabafbccc3d6d0f1bf2,JPEG,JPEG,1,1,,,TRUE
2G (EDGE),50,600,original,200,13382_13779_4019.jpg,84306,85405,201,TRUE,15.166,,2026-10-05T04:52:15+00:00,200,non_flood/13382_13779_4019.jpg,non_flood,6bd6b42bf3dd5e44c475fddcbc9bd6a880a64bfdee58ca7722e49b94de5ee4da,JPEG,JPEG,1,1,,,TRUE
2G (EDGE),50,600,original,201,RPR20231226002000353_01_i.jpg,108977,110078,201,TRUE,19.275,,2026-10-05T04:52:34+00:00,201,non_flood/RPR20231226002000353_01_i.jpg,non_flood,28246d242467856c88fbbfd1bafe4924c405331e349aa0a9e8e2814e688afd88,JPEG,JPEG,1,1,,,TRUE
2G (EDGE),50,600,original,202,다운로드 (34) 3.jpg,10696,11795,201,TRUE,3.226,,2026-10-05T04:52:37+00:00,202,non_flood/다운로드 (34) 3.jpg,non_flood,568d0b9bf261a2e4fe2afb600416d3eb532f928e57b1d059acfe3a177bbd57f0,JPEG,JPEG,1,1,,,TRUE
2G (EDGE),50,600,original,203,화면 캡처 2025-03-05 174358.jpg,97834,98933,201,TRUE,17.4,,2026-10-05T04:52:55+00:00,203,non_flood/화면 캡처 2025-03-05 174358.jpg,non_flood,1c7d8c2b8440637fbcec5baaba40642f2e3b0540590cc8a0ac8db672f478cfc7,JPEG,JPEG,1,1,,,TRUE
2G (EDGE),50,600,original,204,images (62).jpg,23189,24288,201,TRUE,5.27,,2026-10-05T04:53:00+00:00,204,non_flood/images (62).jpg,non_flood,9e03661c93bf0f0f3dd70ccf7f7cfd62cdba0694c8359fef3021f6f2ab3f3b83,JPEG,JPEG,1,1,,,TRUE
2G (EDGE),50,600,original,205,images - 2025-01-28T184436.464.jpg,6691,7788,201,TRUE,2.605,,2026-10-05T04:53:03+00:00,205,non_flood/images - 2025-01-28T184436.464.jpg,non_flood,31ddc209d0f2ff99b445870e708cc8becebb5adbc5c90504371e9c9a76f06d88,JPEG,JPEG,1,1,,,TRUE
2G (EDGE),50,600,original,206,다운로드 (36).jpg,7644,8741,201,TRUE,2.759,,2026-10-05T04:53:05+00:00,206,non_flood/다운로드 (36).jpg,non_flood,3d946dfc7512149170bac99b129a06a6587fdc1ce7c057a3f609a89adfc665ee,JPEG,JPEG,1,1,,,TRUE
2G (EDGE),50,600,original,207,화면 캡처 2025-03-05 182737.jpg,77443,78542,201,TRUE,14.101,,2026-10-05T04:53:19+00:00,207,non_flood/화면 캡처 2025-03-05 182737.jpg,non_flood,a456c939a5253ff3dd25bd0706ecf353ff0b5f5ff0c9d1e99bb3cf05487c3f28,JPEG,JPEG,1,1,,,TRUE
2G (EDGE),50,600,original,208,20230113501845.jpg,196201,197302,201,TRUE,33.257,,2026-10-05T04:53:53+00:00,208,non_flood/20230113501845.jpg,non_flood,c06f0a8a109f0b9c110eea5d3caf05bd439e812ecb451bd34a083e1279173fe7,JPEG,JPEG,1,1,,,TRUE
2G (EDGE),50,600,original,209,화면 캡처 2025-03-05 151816.jpg,82790,83889,201,TRUE,14.911,,2026-10-05T04:54:08+00:00,209,non_flood/화면 캡처 2025-03-05 151816.jpg,non_flood,102ada76b9fd2f4eebcdc6faf911ae294692c86d69b8149475c65dc4a821aa32,JPEG,JPEG,1,1,,,TRUE
2G (EDGE),50,600,original,210,다운로드 (41).jpg,11674,12773,201,TRUE,3.368,,2026-10-05T04:54:11+00:00,210,non_flood/다운로드 (41).jpg,non_flood,93ba76f76448bf9350f289fdae38183912d3e0dedb86321977ac4b74e0eccfc4,JPEG,JPEG,1,1,,,TRUE
2G (EDGE),50,600,original,211,images (18).jpg,13870,14969,201,TRUE,3.79,,2026-10-05T04:54:15+00:00,211,non_flood/images (18).jpg,non_flood,aff1fa1abd5f77fdd2ea5a26bb583771680c48c1bd64720bfa5a9a61012c0ac8,JPEG,JPEG,1,1,,,TRUE
2G (EDGE),50,600,original,212,20180405_152525.jpg,110689,111790,201,TRUE,19.463,,2026-10-05T04:54:34+00:00,212,non_flood/20180405_152525.jpg,non_flood,25eb26aff4ee22251f3b24147b467f4a4d39333ff64c9611b65063054d18d120,JPEG,JPEG,1,1,,,TRUE
2G (EDGE),50,600,original,213,화면 캡처 2025-03-05 164255.jpg,41066,42165,201,TRUE,8.181,,2026-10-05T04:54:42+00:00,213,non_flood/화면 캡처 2025-03-05 164255.jpg,non_flood,33c16a1a474295f7a31cc57648004d03eb04d2878e9f358250722c237528cd04,JPEG,JPEG,1,1,,,TRUE
2G (EDGE),50,600,original,214,다운로드 (23).jpg,17943,19042,201,TRUE,4.401,,2026-10-05T04:54:47+00:00,214,non_flood/다운로드 (23).jpg,non_flood,c11157a4e5d6142a6cf64acf9448d948dc814160ff2ec431734692861bda5a95,JPEG,JPEG,1,1,,,TRUE
2G (EDGE),50,600,original,215,화면 캡처 2025-03-05 152904.jpg,73147,74246,201,TRUE,13.411,,2026-10-05T04:55:00+00:00,215,non_flood/화면 캡처 2025-03-05 152904.jpg,non_flood,491cfa836d07fdb755e12495203d84dee0d937f82cd29e582eb569d7e5abc771,JPEG,JPEG,1,1,,,TRUE
2G (EDGE),50,600,original,216,images - 2025-01-28T184427.744.jpg,8168,9265,201,TRUE,2.806,,2026-10-05T04:55:03+00:00,216,non_flood/images - 2025-01-28T184427.744.jpg,non_flood,e6d4712ee1e188f41d9179607bc46ed14c0681f69a5edd8d77ed619b9c4d6f7f,JPEG,JPEG,1,1,,,TRUE
2G (EDGE),50,600,original,217,화면 캡처 2025-03-05 172144.jpg,62656,63755,201,TRUE,11.664,,2026-10-05T04:55:15+00:00,217,non_flood/화면 캡처 2025-03-05 172144.jpg,non_flood,67d6ad153034a81055741535ba0bdc53ff8e80076d90d512f42c10a76686d60e,JPEG,JPEG,1,1,,,TRUE
2G (EDGE),50,600,original,218,다운로드 (53) 3.jpg,13371,14470,201,TRUE,3.679,,2026-10-05T04:55:18+00:00,218,non_flood/다운로드 (53) 3.jpg,non_flood,bac90bc594d2f060fd10ae095378c20d68e6565d54a1e3cc841b2ec094b869de,JPEG,JPEG,1,1,,,TRUE
2G (EDGE),50,600,original,219,images - 2025-01-28T184942.058.jpg,9354,10452,201,TRUE,3.04,,2026-10-05T04:55:21+00:00,219,non_flood/images - 2025-01-28T184942.058.jpg,non_flood,cebc0d1cbc0ede1e75a7d4765af70a7bb5d44a651f831d11eeccc6f9ef18ffed,JPEG,JPEG,1,1,,,TRUE
2G (EDGE),50,600,original,220,화면 캡처 2025-03-05 152054.jpg,87155,88254,201,TRUE,15.634,,2026-10-05T04:55:37+00:00,220,non_flood/화면 캡처 2025-03-05 152054.jpg,non_flood,b23bcf8d9814ddc38d73eb269f0be25f0dcc9626cc9a928bb116197859b3b29a,JPEG,JPEG,1,1,,,TRUE
2G (EDGE),50,600,original,221,img (2).jpg,2363566,364544,0,FALSE,60.012,,2026-10-05T04:56:37+00:00,221,non_flood/img (2).jpg,non_flood,ee879ba624faad0000bc7ae69d2bd8b2fca0d4fc159a181fe7a067a59260d156,JPEG,JPEG,1,1,NETWORK_ERROR,"('Connection aborted.', ConnectionResetError(10054, 'An existing connection was forcibly closed by the remote host', None, 10054, None))",FALSE
2G (EDGE),50,600,original,222,화면 캡처 2025-03-05 175626.jpg,78689,79788,201,TRUE,14.239,,2026-10-05T04:56:51+00:00,222,non_flood/화면 캡처 2025-03-05 175626.jpg,non_flood,d9e510c3f2f2d13008fde01e8e520872122d0cc49de5a5ba5f8bab1bcf183cda,JPEG,JPEG,1,1,,,TRUE
2G (EDGE),50,600,original,223,다운로드 (27).jpg,1173235,364544,0,FALSE,60.006,,2026-10-05T04:57:51+00:00,223,non_flood/다운로드 (27).jpg,non_flood,e78be2b8fc5aea406725fab8f457a9ab79e4413b64e383634d419379d0a64a46,JPEG,JPEG,1,1,NETWORK_ERROR,"('Connection aborted.', ConnectionResetError(10054, 'An existing connection was forcibly closed by the remote host', None, 10054, None))",FALSE
2G (EDGE),50,600,original,224,화면 캡처 2025-03-05 153850.jpg,57957,59056,201,TRUE,10.92,,2026-10-05T04:58:02+00:00,224,non_flood/화면 캡처 2025-03-05 153850.jpg,non_flood,8ed7fe227b6d8a8b890838876b2de8a28c844c7126f2a0d93e626f2387d816a6,JPEG,JPEG,1,1,,,TRUE
2G (EDGE),50,600,original,225,images (5)1.jpg,15769,16868,201,TRUE,4.033,,2026-10-05T04:58:06+00:00,225,non_flood/images (5)1.jpg,non_flood,dae6acca79cb320bd3449d590ccaec16e2c839a431e6ca62911486a65050eab0,JPEG,JPEG,1,1,,,TRUE
2G (EDGE),50,600,original,226,827778_739893_3348.jpg,231023,232124,201,TRUE,38.973,,2026-10-05T04:58:45+00:00,226,non_flood/827778_739893_3348.jpg,non_flood,909c28dfd1ea66f00fcbe72947317e577655cc349a5689b330e5205e0aab2127,JPEG,JPEG,1,1,,,TRUE
2G (EDGE),50,600,original,227,화면 캡처 2025-03-05 182805.jpg,63327,64426,201,TRUE,11.753,,2026-10-05T04:58:57+00:00,227,non_flood/화면 캡처 2025-03-05 182805.jpg,non_flood,4637c31d11cb1fe03de357d94fc697479efc2e20be74922ee372ab6b20c2dca0,JPEG,JPEG,1,1,,,TRUE
2G (EDGE),50,600,original,228,화면 캡처 2025-03-05 153835.jpg,66318,67417,201,TRUE,12.24,,2026-10-05T04:59:09+00:00,228,non_flood/화면 캡처 2025-03-05 153835.jpg,non_flood,a37bc97411cb7ac6c602b638a4ae161ec2d7ac8a4355b236c42eac10ef10f277,JPEG,JPEG,1,1,,,TRUE
2G (EDGE),50,600,original,229,다운로드 (17).jpg,14028,15127,201,TRUE,3.759,,2026-10-05T04:59:13+00:00,229,non_flood/다운로드 (17).jpg,non_flood,10b48951d5016b1dbf60509c17f62c2647a902444531028666d61f165a110771,JPEG,JPEG,1,1,,,TRUE
2G (EDGE),50,600,original,230,화면 캡처 2025-03-05 153232.jpg,66817,67916,201,TRUE,12.326,,2026-10-05T04:59:25+00:00,230,non_flood/화면 캡처 2025-03-05 153232.jpg,non_flood,c9e1a30f343094122869eff21dbfe7caaf3ab27b79b75f9fe581eeeb54027375,JPEG,JPEG,1,1,,,TRUE
2G (EDGE),50,600,original,231,1789568749518_282700609501588260_7406490438318140161_457e5b27ff82f5cc09a9054090d4d3c2.jpg,629855,364544,0,FALSE,60.005,,2026-10-05T05:00:25+00:00,231,non_flood/1789568749518_282700609501588260_7406490438318140161_457e5b27ff82f5cc09a9054090d4d3c2.jpg,non_flood,6f8a2b1e3bac95e251969c5917f1e9efd101db672b064d01404e978bf759aab4,JPEG,JPEG,1,1,NETWORK_ERROR,"('Connection aborted.', ConnectionResetError(10054, 'An existing connection was forcibly closed by the remote host', None, 10054, None))",FALSE
2G (EDGE),50,600,original,232,1789568754305_282700609501588260_7406490438318140161_d8a8d242988605b04d1ce450fe6b34f8.jpg,1484828,364544,0,FALSE,60.001,,2026-10-05T05:01:25+00:00,232,non_flood/1789568754305_282700609501588260_7406490438318140161_d8a8d242988605b04d1ce450fe6b34f8.jpg,non_flood,7307e294c31f83de713f169ec3b7f14fbf73b87c78d059b45be2a3f57a9d72ce,JPEG,JPEG,1,1,NETWORK_ERROR,"('Connection aborted.', ConnectionResetError(10054, 'An existing connection was forcibly closed by the remote host', None, 10054, None))",FALSE
2G (EDGE),50,600,original,233,AKR20211228058800052_01_i_P4.jpg,327293,328394,201,TRUE,54.537,,2026-10-05T05:02:20+00:00,233,non_flood/AKR20211228058800052_01_i_P4.jpg,non_flood,335da6829f7048e60a42a406f54985c7d1132dfd769137c48965aacc601b4128,JPEG,JPEG,1,1,,,TRUE
2G (EDGE),50,600,original,234,images (1)1.jpg,17346,18445,201,TRUE,4.298,,2026-10-05T05:02:24+00:00,234,non_flood/images (1)1.jpg,non_flood,dfd2bf25abb8eff1566c1e6ff4ab87eb832382ac1a5a49549e1b0fe0b9a63cb4,JPEG,JPEG,1,1,,,TRUE
2G (EDGE),50,600,original,235,화면 캡처 2025-03-05 175914.jpg,97888,98987,201,TRUE,17.494,,2026-10-05T05:02:42+00:00,235,non_flood/화면 캡처 2025-03-05 175914.jpg,non_flood,ec30de984e565a34847944157425ede963aa0be23b065b3732eb9597ac76b1c9,JPEG,JPEG,1,1,,,TRUE
2G (EDGE),50,600,original,236,화면 캡처 2025-03-05 152437.jpg,63108,64207,201,TRUE,11.782,,2026-10-05T05:02:54+00:00,236,non_flood/화면 캡처 2025-03-05 152437.jpg,non_flood,2c620cd0c3d694d5119d85883fd7b23642f08ce0eb03ca21766e5c11224132a8,JPEG,JPEG,1,1,,,TRUE
2G (EDGE),50,600,original,237,1789568749196_282700609501588260_7406490438318140161_1c6009c2a77bfa996d8a4d22d9c3fd58.jpg,905833,364544,0,FALSE,60.022,,2026-10-05T05:03:54+00:00,237,non_flood/1789568749196_282700609501588260_7406490438318140161_1c6009c2a77bfa996d8a4d22d9c3fd58.jpg,non_flood,fa24d60c34be44fb934a934be05686d66907d81619216b140be5bd63c6439fe9,JPEG,JPEG,1,1,NETWORK_ERROR,"('Connection aborted.', ConnectionResetError(10054, 'An existing connection was forcibly closed by the remote host', None, 10054, None))",FALSE
2G (EDGE),50,600,original,238,img (1).jpg,413769,364544,0,FALSE,60.002,,2026-10-05T05:04:54+00:00,238,non_flood/img (1).jpg,non_flood,2c2088de1756cd1bc0e55d300d928af8b493d59df562e46be9c70c4263716bc2,JPEG,JPEG,1,1,NETWORK_ERROR,"('Connection aborted.', RemoteDisconnected('Remote end closed connection without response'))",FALSE
2G (EDGE),50,600,original,239,202309111114430145_l.jpg,60417,61516,201,TRUE,11.268,,2026-10-05T05:05:05+00:00,239,non_flood/202309111114430145_l.jpg,non_flood,0fb3a939767b0614bb5786a4f2d77661b71f316fe2cc9e2af3c0ef24d967eba5,JPEG,JPEG,1,1,,,TRUE
2G (EDGE),50,600,original,240,화면 캡처 2025-03-05 180321.jpg,83583,84682,201,TRUE,15.011,,2026-10-05T05:05:20+00:00,240,non_flood/화면 캡처 2025-03-05 180321.jpg,non_flood,9b63b57d9357dda36bab30f1bc0b45f80c734278fbc5fda7e490cbadde5e9837,JPEG,JPEG,1,1,,,TRUE
2G (EDGE),50,600,original,241,6.jpg,1855386,364544,0,FALSE,60.005,,2026-10-05T05:06:20+00:00,241,non_flood/6.jpg,non_flood,c441af2946491166eb9a5c7a7ed9f49d47015d134c3e3290fe4746ba81eee258,PNG,PNG,1,1,NETWORK_ERROR,"('Connection aborted.', ConnectionResetError(10054, 'An existing connection was forcibly closed by the remote host', None, 10054, None))",FALSE
2G (EDGE),50,600,original,242,images (28)1.jpg,13457,14556,201,TRUE,3.678,,2026-10-05T05:06:24+00:00,242,non_flood/images (28)1.jpg,non_flood,133ce5159193385fc30a15f207f7b085563f9f513765aa6d9db1527ff27d1e50,JPEG,JPEG,1,1,,,TRUE
2G (EDGE),50,600,original,243,images - 2025-01-28T164753.512.jpg,6027,7124,201,TRUE,2.465,,2026-10-05T05:06:26+00:00,243,non_flood/images - 2025-01-28T164753.512.jpg,non_flood,7b6a9c9dcaf36ed2edb0e435c1cbaffd8635cb82a1d1859270f3784b76dc232c,JPEG,JPEG,1,1,,,TRUE
2G (EDGE),50,600,original,244,images (68).jpg,12293,13392,201,TRUE,3.505,,2026-10-05T05:06:30+00:00,244,non_flood/images (68).jpg,non_flood,d567a330f9aae5ae4244d9c33131d265796c8b1f4c5b6f5418c96e4071dcb032,JPEG,JPEG,1,1,,,TRUE
2G (EDGE),50,600,original,245,화면 캡처 2025-03-05 153618.jpg,95694,96793,201,TRUE,17.015,,2026-10-05T05:06:47+00:00,245,non_flood/화면 캡처 2025-03-05 153618.jpg,non_flood,43e12f9c4c083131170e11f2d8982e9a4d0f854c0bca00f22be32a3cf44a28e7,JPEG,JPEG,1,1,,,TRUE
2G (EDGE),50,600,original,246,1789568749222_282700609501588260_7406490438318140161_252d56e682395c7bebf8921689643574.jpg,529910,364544,0,FALSE,60.006,,2026-10-05T05:07:47+00:00,246,non_flood/1789568749222_282700609501588260_7406490438318140161_252d56e682395c7bebf8921689643574.jpg,non_flood,de50feeb6fbbfce20c858b922e4c2b64a9db5cf8ce52fb254307a24842e778c5,JPEG,JPEG,1,1,NETWORK_ERROR,"('Connection aborted.', RemoteDisconnected('Remote end closed connection without response'))",FALSE
2G (EDGE),50,600,original,247,다운로드 (26) 3.jpg,12208,13307,201,TRUE,3.473,,2026-10-05T05:07:50+00:00,247,non_flood/다운로드 (26) 3.jpg,non_flood,de0b95d4b98a14825822659307248874d03101858f644f9721cec72b9101bbe5,JPEG,JPEG,1,1,,,TRUE
2G (EDGE),50,600,original,248,다운로드 (28) 3.jpg,11914,13013,201,TRUE,3.457,,2026-10-05T05:07:54+00:00,248,non_flood/다운로드 (28) 3.jpg,non_flood,6a97c90bfae9e3a4ee39e7a5c7fe2b75b4fe6a3e400b2a09afac18a275f41cae,JPEG,JPEG,1,1,,,TRUE
2G (EDGE),50,600,original,249,1000_F_456742052_YudLlJwZCJdCGsCjS95JW1leO2jQrZcp.jpg,433724,364544,0,FALSE,60.009,,2026-10-05T05:08:54+00:00,249,non_flood/1000_F_456742052_YudLlJwZCJdCGsCjS95JW1leO2jQrZcp.jpg,non_flood,782a4aa7d354dceb8d634480c647446953b8c04939dbd8a5ed8139b09f7c4157,JPEG,JPEG,1,1,NETWORK_ERROR,"('Connection aborted.', RemoteDisconnected('Remote end closed connection without response'))",FALSE
2G (EDGE),50,600,original,250,다운로드 (38) 3.jpg,10253,11352,201,TRUE,3.168,,2026-10-05T05:08:57+00:00,250,non_flood/다운로드 (38) 3.jpg,non_flood,33e834881a9e0e7ca027b9b8d2ac0f4ff9427e6d5bfe69ea0749c9b8c7188764,JPEG,JPEG,1,1,,,TRUE
2G (EDGE),50,600,original,251,20200212_134749.jpg,507201,360448,0,FALSE,60.01,,2026-10-05T05:09:57+00:00,251,non_flood/20200212_134749.jpg,non_flood,e8abcc77cfebf041681d602996e778ec393b201771d2b254574f0e69605d5ddb,JPEG,JPEG,1,1,NETWORK_ERROR,"('Connection aborted.', RemoteDisconnected('Remote end closed connection without response'))",FALSE
2G (EDGE),50,600,original,252,화면 캡처 2025-03-05 182937.jpg,60819,61918,201,TRUE,11.322,,2026-10-05T05:10:08+00:00,252,non_flood/화면 캡처 2025-03-05 182937.jpg,non_flood,8f01696570c558df42bd56f0e1b7a47c082f769ccad329ef34ab30faa3f60f82,JPEG,JPEG,1,1,,,TRUE
2G (EDGE),50,600,original,253,화면 캡처 2025-03-05 172154.jpg,63315,64414,201,TRUE,11.755,,2026-10-05T05:10:20+00:00,253,non_flood/화면 캡처 2025-03-05 172154.jpg,non_flood,f6fcb35702106630aad2a2728d5b82efd38162f3e9cf517455d74a5d23278b12,JPEG,JPEG,1,1,,,TRUE
2G (EDGE),50,600,original,254,화면 캡처 2025-03-05 172249.jpg,62571,63670,201,TRUE,11.631,,2026-10-05T05:10:32+00:00,254,non_flood/화면 캡처 2025-03-05 172249.jpg,non_flood,e23a2f32ccc399fb02b93fab72cd958f47f6bb4c22de82a938af7a41d6ce383a,JPEG,JPEG,1,1,,,TRUE
2G (EDGE),50,600,original,255,images (6).jpg,10543,11642,201,TRUE,3.226,,2026-10-05T05:10:35+00:00,255,non_flood/images (6).jpg,non_flood,134ad7a13637047c799be13d45bc3b1da685a64bc561af6f8a61c48f96183817,JPEG,JPEG,1,1,,,TRUE
2G (EDGE),50,600,original,256,다운로드 (20).jpg,10158,11257,201,TRUE,3.111,,2026-10-05T05:10:38+00:00,256,non_flood/다운로드 (20).jpg,non_flood,17cc0160b5cdbc2eb9a64b4d744148a135d43c44e6c1681297b514b6ac9f7e47,JPEG,JPEG,1,1,,,TRUE
2G (EDGE),50,600,original,257,화면 캡처 2025-03-05 181325.jpg,77623,78722,201,TRUE,14.102,,2026-10-05T05:10:52+00:00,257,non_flood/화면 캡처 2025-03-05 181325.jpg,non_flood,3ec886093348c65fb61f3249fd6060dbb373656412257f12bb9470c0e1de996d,JPEG,JPEG,1,1,,,TRUE
3G,400,200,metadata,1,images - 2025-01-28T184849.878.jpg,0,1009,200,TRUE,0.491,,2026-10-05T05:10:52+00:00,1,low/images - 2025-01-28T184849.878.jpg,low,627c22c607ef478c79ea55e107f001691ab8ed53f6c54afdb050abe5682b7023,JPEG,,1,1,,,TRUE
3G,400,200,metadata,2,images - 2025-01-28T151941.007.jpg,0,1009,200,TRUE,0.476,,2026-10-05T05:10:53+00:00,2,low/images - 2025-01-28T151941.007.jpg,low,5f0113ce019bca0d49e4a8f877b9b7bfb1a0d1ffcc2c4e07281f217530db5311,JPEG,,1,1,,,TRUE
3G,400,200,metadata,3,images - 2025-01-28T184423.521.jpg,0,1009,200,TRUE,0.477,,2026-10-05T05:10:53+00:00,3,low/images - 2025-01-28T184423.521.jpg,low,bd922bb16c58fc71516ec9d7b5c1d93fb321d00de871e7ce760bf988adbba2d1,JPEG,,1,1,,,TRUE
3G,400,200,metadata,4,다운로드 (26).jpg,0,1009,200,TRUE,0.493,,2026-10-05T05:10:54+00:00,4,low/다운로드 (26).jpg,low,8e49e8cfc10b1dac0f9007397fa30102f7fea32177ece824c7644737972900ce,JPEG,,1,1,,,TRUE
3G,400,200,metadata,5,images - 2025-01-28T151753.297.jpg,0,1009,200,TRUE,0.467,,2026-10-05T05:10:54+00:00,5,low/images - 2025-01-28T151753.297.jpg,low,8a69d9e6278cb6a11e63a0539c222a18d45a3c9f836d5931fff6de5bb82647d8,JPEG,,1,1,,,TRUE
3G,400,200,metadata,6,10360-2-13961.jpg,0,1009,200,TRUE,0.467,,2026-10-05T05:10:55+00:00,6,low/10360-2-13961.jpg,low,6471c406a970b2a0c56e05f2d4ed42dc78000ffb9270c7b845f4538095efef97,JPEG,,1,1,,,TRUE
3G,400,200,metadata,7,images - 2025-01-28T164625.541.jpg,0,1009,200,TRUE,0.487,,2026-10-05T05:10:55+00:00,7,low/images - 2025-01-28T164625.541.jpg,low,910e7541da110f5fd52f2faf3d5df3773f3c6a8325667b69b6bfac1109c36c4a,JPEG,,1,1,,,TRUE
3G,400,200,metadata,8,images - 2025-01-28T163206.341.jpg,0,1009,200,TRUE,0.478,,2026-10-05T05:10:56+00:00,8,low/images - 2025-01-28T163206.341.jpg,low,ce4daf7e801563c1ff173822486ce9ef7d57a394370159ff4c8d028d9c4c3315,JPEG,,1,1,,,TRUE
3G,400,200,metadata,9,images - 2025-01-28T152038.912.jpg,0,1009,200,TRUE,0.486,,2026-10-05T05:10:56+00:00,9,low/images - 2025-01-28T152038.912.jpg,low,5b080e1cef380726476f73b0aa9611e1b960d63b67c5f6590a9516fa4a56e781,JPEG,,1,1,,,TRUE
3G,400,200,metadata,10,images - 2025-01-28T153916.966.jpg,0,1010,200,TRUE,0.483,,2026-10-05T05:10:57+00:00,10,low/images - 2025-01-28T153916.966.jpg,low,f3feffaad630b6c5c07331468d12eb786d3fa1eff1094150cd2add6d7e2a5622,JPEG,,1,1,,,TRUE
3G,400,200,metadata,11,images - 2025-01-28T162916.619.jpg,0,1010,200,TRUE,0.501,,2026-10-05T05:10:57+00:00,11,low/images - 2025-01-28T162916.619.jpg,low,37191e0f372cf8e2f989db33a05227a3bb392a945a33101a9ee99c43e1b61a11,JPEG,,1,1,,,TRUE
3G,400,200,metadata,12,images - 2025-01-28T162724.362.jpg,0,1010,200,TRUE,0.487,,2026-10-05T05:10:58+00:00,12,low/images - 2025-01-28T162724.362.jpg,low,522ae358a781adfa05ea28cf94069fd8529c8f93241716587e2d26645ccbabd8,JPEG,,1,1,,,TRUE
3G,400,200,metadata,13,images - 2025-01-28T155350.781.jpg,0,1010,200,TRUE,0.49,,2026-10-05T05:10:58+00:00,13,low/images - 2025-01-28T155350.781.jpg,low,45ea68dd2c16bca052d27d42b62ff743ecd20bb27e0e18696162cb2370691cc3,JPEG,,1,1,,,TRUE
3G,400,200,metadata,14,images (59).jpg,0,1010,200,TRUE,0.481,,2026-10-05T05:10:59+00:00,14,low/images (59).jpg,low,8e6dbf6872b45499a89e3dace6e33843fa985c6cc64b71396185da03cc52acfa,JPEG,,1,1,,,TRUE
3G,400,200,metadata,15,image_9946309791508995980052.jpg,0,1010,200,TRUE,0.488,,2026-10-05T05:10:59+00:00,15,low/image_9946309791508995980052.jpg,low,004188df1dea3d799e7a2c72e3e18b48406182dc1040d6f33ac325e69a2346e3,JPEG,,1,1,,,TRUE
3G,400,200,metadata,16,images - 2025-01-28T151819.441.jpg,0,1010,200,TRUE,0.449,,2026-10-05T05:11:00+00:00,16,low/images - 2025-01-28T151819.441.jpg,low,0e7fa7e909dad9499bc66f079b7321ed3149daa2becccd015371f693bc4e8271,JPEG,,1,1,,,TRUE
3G,400,200,metadata,17,611212110012634149_1.jpg,0,1010,200,TRUE,0.48,,2026-10-05T05:11:00+00:00,17,low/611212110012634149_1.jpg,low,45e44d7c5ab7f92be0542ab4eba296e772ab9194ae7d75c0dccffbbd067d8b09,JPEG,,1,1,,,TRUE
3G,400,200,metadata,18,images - 2025-01-28T154010.314.jpg,0,1010,200,TRUE,0.49,,2026-10-05T05:11:01+00:00,18,low/images - 2025-01-28T154010.314.jpg,low,36d3870b9c93c429d8f3323a300793e1684348f5f926c9e91be6ec6ba42090c7,JPEG,,1,1,,,TRUE
3G,400,200,metadata,19,images - 2025-01-28T164648.101.jpg,0,1010,200,TRUE,0.483,,2026-10-05T05:11:01+00:00,19,low/images - 2025-01-28T164648.101.jpg,low,c2efc1e04993962fc74094c7478fb291237307abc74a11df00334fdfbd188dbd,JPEG,,1,1,,,TRUE
3G,400,200,metadata,20,images (54).jpg,0,1010,200,TRUE,0.459,,2026-10-05T05:11:02+00:00,20,low/images (54).jpg,low,603f1f9a482a3006952b159cda920bd8ed049209b34a50884f6b119685e131f8,JPEG,,1,1,,,TRUE
3G,400,200,metadata,21,AKR20240912005700084_14_i_P2.jpg,0,1010,200,TRUE,0.459,,2026-10-05T05:11:02+00:00,21,low/AKR20240912005700084_14_i_P2.jpg,low,c4482010e40a042da2e83fd3c95bbf9c0712183a7770292863fa9417301f4861,JPEG,,1,1,,,TRUE
3G,400,200,metadata,22,images (87).jpg,0,1010,200,TRUE,0.469,,2026-10-05T05:11:03+00:00,22,low/images (87).jpg,low,17e7c86fb13f0323a5c1d3be805646c59eec59d5beaea2658d297c0d3373e74b,JPEG,,1,1,,,TRUE
3G,400,200,metadata,23,0f569675-81fe-4a2b-a287-d2bd795d43ba.jpg,0,1010,200,TRUE,0.484,,2026-10-05T05:11:03+00:00,23,low/0f569675-81fe-4a2b-a287-d2bd795d43ba.jpg,low,c81707abf5a85406bc2d94929967233a92a9306ae95f498d747d5f7752f7b902,JPEG,,1,1,,,TRUE
3G,400,200,metadata,24,다운로드 (9).jpg,0,1010,200,TRUE,0.487,,2026-10-05T05:11:04+00:00,24,low/다운로드 (9).jpg,low,5df85c890ea4a636469d83b37c1af9cbc748052677e24a7db858ee48e001958c,JPEG,,1,1,,,TRUE
3G,400,200,metadata,25,images - 2025-01-28T185206.840.jpg,0,1010,200,TRUE,0.484,,2026-10-05T05:11:04+00:00,25,low/images - 2025-01-28T185206.840.jpg,low,6228c1195a7fcd5d74faaea2760e62b51c03ca564ccb0283b455af8570496bee,JPEG,,1,1,,,TRUE
3G,400,200,metadata,26,화면 캡처 2025-03-05 165818.jpg,0,1010,200,TRUE,0.495,,2026-10-05T05:11:05+00:00,26,low/화면 캡처 2025-03-05 165818.jpg,low,a16ebe8d0133bc9197eccfeb7d04f98d3305ef0b54f63e1ed8e9d3b8e0ad2617,JPEG,,1,1,,,TRUE
3G,400,200,metadata,27,images - 2025-01-28T154337.022.jpg,0,1010,200,TRUE,0.473,,2026-10-05T05:11:05+00:00,27,low/images - 2025-01-28T154337.022.jpg,low,3621b715c4382601bd8cc43d18a16fcd9365f45d719b87e48af40fb2f8b0eca7,JPEG,,1,1,,,TRUE
3G,400,200,metadata,28,images - 2025-01-28T164652.242.jpg,0,1010,200,TRUE,0.473,,2026-10-05T05:11:06+00:00,28,low/images - 2025-01-28T164652.242.jpg,low,61bbb7fe51bc1382fc36cf77c2b73775a0a246084d6feb061712fd1be4fff869,JPEG,,1,1,,,TRUE
3G,400,200,metadata,29,images - 2025-01-28T162955.160.jpg,0,1010,200,TRUE,0.473,,2026-10-05T05:11:06+00:00,29,low/images - 2025-01-28T162955.160.jpg,low,1b302964ed960ca3a241f951926093e59174f5d18c0b37a222855ac08e6956d7,JPEG,,1,1,,,TRUE
3G,400,200,metadata,30,images - 2025-01-28T154225.875.jpg,0,1010,200,TRUE,0.48,,2026-10-05T05:11:07+00:00,30,low/images - 2025-01-28T154225.875.jpg,low,2b6e1e23e9f6ff7c8f932f4404730b4ecdd6fd9b25b17db4b3169295d653cdf1,JPEG,,1,1,,,TRUE
3G,400,200,metadata,31,images (15) 2.jpg,0,1010,200,TRUE,0.483,,2026-10-05T05:11:07+00:00,31,low/images (15) 2.jpg,low,42a5648cd763317c8064e73ce7a8af65cf545a2783580afb80f5e540f69bc858,JPEG,,1,1,,,TRUE
3G,400,200,metadata,32,00-276.jpg,0,1010,200,TRUE,0.469,,2026-10-05T05:11:08+00:00,32,low/00-276.jpg,low,4a5b33b50f2ee942035dee793f948a2e4e7f67aa117904e8dcb845205c91e1ff,JPEG,,1,1,,,TRUE
3G,400,200,metadata,33,다운로드 (1).jpg,0,1010,200,TRUE,0.478,,2026-10-05T05:11:08+00:00,33,low/다운로드 (1).jpg,low,8d60b77a9b72f390a27542b8465cb0466f5822cc53583d17bba89c6b36cc7d9c,JPEG,,1,1,,,TRUE
3G,400,200,metadata,34,다운로드 (55).jpg,0,1010,200,TRUE,0.481,,2026-10-05T05:11:09+00:00,34,low/다운로드 (55).jpg,low,727e6934838d73713fd5680aa6825c4c45ec12e3a8927f05d322de39adacd73d,JPEG,,1,1,,,TRUE
3G,400,200,metadata,35,images - 2025-01-28T164829.543.jpg,0,1010,200,TRUE,0.474,,2026-10-05T05:11:09+00:00,35,low/images - 2025-01-28T164829.543.jpg,low,7179a8b265946063e758d20acaa77ee8e110b6d3e141ca7d703db63e145256a1,JPEG,,1,1,,,TRUE
3G,400,200,metadata,36,images - 2025-01-28T155549.589.jpg,0,1010,200,TRUE,0.483,,2026-10-05T05:11:09+00:00,36,low/images - 2025-01-28T155549.589.jpg,low,6244cdd6c0edfe22c5952588894aa08869241d031569c86fdce429f18753f322,JPEG,,1,1,,,TRUE
3G,400,200,metadata,37,다운로드 (46).jpg,0,1010,200,TRUE,0.479,,2026-10-05T05:11:10+00:00,37,low/다운로드 (46).jpg,low,7f2b0f743bc087d93641e7ed726bdba3d3384d89d3c579272c3c2adb58bd7f38,JPEG,,1,1,,,TRUE
3G,400,200,metadata,38,images - 2025-01-28T164746.970.jpg,0,1010,200,TRUE,0.486,,2026-10-05T05:11:10+00:00,38,low/images - 2025-01-28T164746.970.jpg,low,257241bb1a41503ca4e3473135a35ccfe89377ad19bc03d86acfcdf04c1fd04e,JPEG,,1,1,,,TRUE
3G,400,200,metadata,39,images - 2025-01-28T185020.777.jpg,0,1010,200,TRUE,0.484,,2026-10-05T05:11:11+00:00,39,low/images - 2025-01-28T185020.777.jpg,low,ffb1ec4da5b736da8737cd08b7fd7151a850e239fe1d35f9beb3b1a16c7bd202,JPEG,,1,1,,,TRUE
3G,400,200,metadata,40,다운로드 (22).jpg,0,1010,200,TRUE,0.473,,2026-10-05T05:11:11+00:00,40,low/다운로드 (22).jpg,low,e1dfc556a80e773bf1f1e3b61cb7ae583d59f2076ae7a8c535500670c82de27b,JPEG,,1,1,,,TRUE
3G,400,200,metadata,41,images (37).jpg,0,1010,200,TRUE,0.495,,2026-10-05T05:11:12+00:00,41,low/images (37).jpg,low,9b946ad1758501c74a140ee2e4f9789598a5d5295c956bf0e8e280805f794205,JPEG,,1,1,,,TRUE
3G,400,200,metadata,42,noise (2).jpg,0,1010,200,TRUE,0.477,,2026-10-05T05:11:12+00:00,42,low/noise (2).jpg,low,c6ff296ef4fd9aa096d5af20edf68e6c94a34fff61edfc6316b25142bd37cc4b,JPEG,,1,1,,,TRUE
3G,400,200,metadata,43,images - 2025-01-28T163118.084.jpg,0,1010,200,TRUE,0.478,,2026-10-05T05:11:13+00:00,43,low/images - 2025-01-28T163118.084.jpg,low,a299fe9fa37c2e607bd62439d742f9f3bc7d9901c9e99c97394343d0713f4081,JPEG,,1,1,,,TRUE
3G,400,200,metadata,44,화면 캡처 2025-03-05 163951.jpg,0,1010,200,TRUE,0.469,,2026-10-05T05:11:13+00:00,44,low/화면 캡처 2025-03-05 163951.jpg,low,75f31a48a4346e254922a4eeab72b30456bc9d47b5e88b0b215e2f75b0f79541,JPEG,,1,1,,,TRUE
3G,400,200,metadata,45,a-1697518992.jpg,0,1010,200,TRUE,0.501,,2026-10-05T05:11:14+00:00,45,low/a-1697518992.jpg,low,3289d204c8e03d8944248936bc454d5aea5b59bc41a1b96269125c2ab581cd07,JPEG,,1,1,,,TRUE
3G,400,200,metadata,46,images - 2025-01-28T184855.222.jpg,0,1010,200,TRUE,0.476,,2026-10-05T05:11:14+00:00,46,low/images - 2025-01-28T184855.222.jpg,low,a3ad1d1dd7b1392d7045d0b3c5817c60fd0cb09e35d794ec3d97e405f1535c72,JPEG,,1,1,,,TRUE
3G,400,200,metadata,47,Mua-lon-nhieu-tuyen-duong-bi-chia-cat-do-ngap.jpg,0,1010,200,TRUE,0.482,,2026-10-05T05:11:15+00:00,47,low/Mua-lon-nhieu-tuyen-duong-bi-chia-cat-do-ngap.jpg,low,4a636722eac7947289e2ee351659d3279aa8bdec7de3d526aa7301e0e8ea83da,JPEG,,1,1,,,TRUE
3G,400,200,metadata,48,images (91).jpg,0,1010,200,TRUE,0.471,,2026-10-05T05:11:15+00:00,48,low/images (91).jpg,low,67694493a5915b456599ffc85f79ad2dd89141dceff2f273b1a6fc4eec5545f2,JPEG,,1,1,,,TRUE
3G,400,200,metadata,49,화면 캡처 2025-03-05 164019.jpg,0,1010,200,TRUE,0.483,,2026-10-05T05:11:16+00:00,49,low/화면 캡처 2025-03-05 164019.jpg,low,1126614ab6ce433834ff4010ee4bd775c2cd1aa3003778eb505e2a4aa9f65347,JPEG,,1,1,,,TRUE
3G,400,200,metadata,50,화면 캡처 2025-03-05 163845.jpg,0,1010,200,TRUE,0.471,,2026-10-05T05:11:16+00:00,50,low/화면 캡처 2025-03-05 163845.jpg,low,f37481db61b1f1ec7156ad68fdf0937297f0e9c760cf48f5ab6dab76844e6cd4,JPEG,,1,1,,,TRUE
3G,400,200,metadata,51,images (80).jpg,0,1010,200,TRUE,0.485,,2026-10-05T05:11:17+00:00,51,low/images (80).jpg,low,6ab02506062e3a532cc7277be599710a40e1b3d03540eb3cfa12b992e90040df,JPEG,,1,1,,,TRUE
3G,400,200,metadata,52,images - 2025-01-28T153836.835.jpg,0,1010,200,TRUE,0.483,,2026-10-05T05:11:17+00:00,52,low/images - 2025-01-28T153836.835.jpg,low,2b4d23d3ece2cfa10cee3f0ccbac81b7500e2854e2cd3374c2931007e9eb8fed,JPEG,,1,1,,,TRUE
3G,400,200,metadata,53,화면 캡처 2025-03-05 164330.jpg,0,1010,200,TRUE,0.486,,2026-10-05T05:11:18+00:00,53,low/화면 캡처 2025-03-05 164330.jpg,low,ac7842800d9d2b89c7f6b5923074a26327ea286bfe40fe81ccf63c23976a85ec,JPEG,,1,1,,,TRUE
3G,400,200,metadata,54,images (12) 2.png,0,1010,200,TRUE,0.476,,2026-10-05T05:11:18+00:00,54,low/images (12) 2.png,low,19586a122eb5e6c4de00bbc09b02339b387d0249a05e3690dc9383bf50991314,PNG,,1,1,,,TRUE
3G,400,200,metadata,55,화면 캡처 2025-03-05 161116.jpg,0,1010,200,TRUE,0.477,,2026-10-05T05:11:19+00:00,55,low/화면 캡처 2025-03-05 161116.jpg,low,2f3fe63f36ec75ca5fe0896caac06cf0dfb0e2dee8ed43f0a30fb0a50932a445,JPEG,,1,1,,,TRUE
3G,400,200,metadata,56,img1.jpeg,0,1010,200,TRUE,0.475,,2026-10-05T05:11:19+00:00,56,low/img1.jpeg,low,df6f1fbc5204bce20da729fd09ed7bab81e77e6be21e927ae06db39c90a2cf79,JPEG,,1,1,,,TRUE
3G,400,200,metadata,57,images - 2025-01-28T163022.980.jpg,0,1010,200,TRUE,0.46,,2026-10-05T05:11:20+00:00,57,low/images - 2025-01-28T163022.980.jpg,low,2f635c3682eac9888a201958073889594b75b8dcc7dcbfe564d176fc91dc460c,JPEG,,1,1,,,TRUE
3G,400,200,metadata,58,images (15).jpg,0,1010,200,TRUE,0.474,,2026-10-05T05:11:20+00:00,58,medium/images (15).jpg,medium,68d7ac5485564e08315c8e181b868d10acff2c3c5c6dc30c679eb3b5b69cfbef,JPEG,,1,1,,,TRUE
3G,400,200,metadata,59,images (78).jpg,0,1010,200,TRUE,0.48,,2026-10-05T05:11:21+00:00,59,medium/images (78).jpg,medium,b4b3ef29acbc224733e0fca30af83d9c673fcf01e12617e34849d86822b9a976,JPEG,,1,1,,,TRUE
3G,400,200,metadata,60,chay-lu-7-21441025-1730073553208-1730073553540228535485.webp,0,1010,200,TRUE,0.493,,2026-10-05T05:11:21+00:00,60,medium/chay-lu-7-21441025-1730073553208-1730073553540228535485.webp,medium,cfd7d11cdfec3d412e4106d470269c2d681c2e892295978e173cbaad46f5f9d9,JPEG,,1,1,,,TRUE
3G,400,200,metadata,61,images (22).jpg,0,1010,200,TRUE,0.48,,2026-10-05T05:11:22+00:00,61,medium/images (22).jpg,medium,964bf4e7039c2ec2acabd3c177af4e6ef36611981fee5ba61d36aaedfe62c2e2,JPEG,,1,1,,,TRUE
3G,400,200,metadata,62,images (45).jpg,0,1010,200,TRUE,0.497,,2026-10-05T05:11:22+00:00,62,medium/images (45).jpg,medium,612f49698ba90aa45ecdc5f73e555115e850cfd56c76277e9fd29c228af6e5e6,JPEG,,1,1,,,TRUE
3G,400,200,metadata,63,flood_6166.jpg,0,1010,200,TRUE,0.477,,2026-10-05T05:11:23+00:00,63,medium/flood_6166.jpg,medium,4159ac8c969671d4a3255912207f9df9bc98049492c0cc0a95362b24eeeb8878,JPEG,,1,1,,,TRUE
3G,400,200,metadata,64,0112mualu_21112025075850_160.jpg,0,1010,200,TRUE,0.477,,2026-10-05T05:11:23+00:00,64,medium/0112mualu_21112025075850_160.jpg,medium,8e6d53d2adb0fcb04f8e21dc8aab39bbad0c3edc23f7229aa2944aa9748cc253,JPEG,,1,1,,,TRUE
3G,400,200,metadata,65,images - 2025-01-28T151322.303.jpg,0,1010,200,TRUE,0.467,,2026-10-05T05:11:24+00:00,65,medium/images - 2025-01-28T151322.303.jpg,medium,3f1084ef380ebd82dc42f44fdb037103ec757f85062ae269d4c2b5eb5808e296,JPEG,,1,1,,,TRUE
3G,400,200,metadata,66,image.png,0,1010,200,TRUE,0.458,,2026-10-05T05:11:24+00:00,66,medium/image.png,medium,66927b3f9717a549fecf7b7d88f8bed53466a78257911fa97ac4cda3d369968a,PNG,,1,1,,,TRUE
3G,400,200,metadata,67,807798211_1065370852913193_4397432111052496019_n.jpg,0,1010,200,TRUE,0.475,,2026-10-05T05:11:25+00:00,67,medium/807798211_1065370852913193_4397432111052496019_n.jpg,medium,c24f1ae0af40897ab0cb7a1698d101b1e9bb770c27d0f34ab8c6a102df72e9e6,JPEG,,1,1,,,TRUE
3G,400,200,metadata,68,flood_6259.jpg,0,1010,200,TRUE,0.498,,2026-10-05T05:11:25+00:00,68,medium/flood_6259.jpg,medium,4de8fa884f2d57dd80d3dfe3178fc9dbe4733bdc5d19a8460ff6bec341aafac4,JPEG,,1,1,,,TRUE
3G,400,200,metadata,69,flood_6286.jpg,0,1010,200,TRUE,0.472,,2026-10-05T05:11:26+00:00,69,medium/flood_6286.jpg,medium,eaeee6cb6978717c20f2879f549380c6c27c3bdc8baadc397bd2060fedbf7c44,JPEG,,1,1,,,TRUE
3G,400,200,metadata,70,lam-dong-1764843506279818449019.jpg,0,1010,200,TRUE,0.497,,2026-10-05T05:11:26+00:00,70,medium/lam-dong-1764843506279818449019.jpg,medium,bcacb2153b8df70663102f9fba3181b6b2177a21c79f9bf3123386fd3987e1ac,JPEG,,1,1,,,TRUE
3G,400,200,metadata,71,images (46).jpg,0,1010,200,TRUE,0.477,,2026-10-05T05:11:26+00:00,71,medium/images (46).jpg,medium,38a8de4ce3022b4cdc0338ba5d0a3a4dc567e1af297a376ca1dca48e063ef256,JPEG,,1,1,,,TRUE
3G,400,200,metadata,72,다운로드 (12).jpg,0,1010,200,TRUE,0.481,,2026-10-05T05:11:27+00:00,72,medium/다운로드 (12).jpg,medium,bcf35d05b7688362f8f6710240a89e8ee8509a08cb181949b7074babcd5d0365,JPEG,,1,1,,,TRUE
3G,400,200,metadata,73,noise (5).jpg,0,1010,200,TRUE,0.482,,2026-10-05T05:11:27+00:00,73,medium/noise (5).jpg,medium,eb819a1dbb0043f513069582edbf918ce471cbaa687c26336af6a2ef8d301e1f,JPEG,,1,1,,,TRUE
3G,400,200,metadata,74,flood_1247.jpg,0,1010,200,TRUE,0.485,,2026-10-05T05:11:28+00:00,74,medium/flood_1247.jpg,medium,be2b6774ad0ec21cbc1951fb0ceb3f62b35281ede3bb7c5b18c00488e7f3ff5f,JPEG,,1,1,,,TRUE
3G,400,200,metadata,75,quangbinh-6177.jpeg,0,1010,200,TRUE,0.478,,2026-10-05T05:11:28+00:00,75,medium/quangbinh-6177.jpeg,medium,eed28d4cd27554ac50c77d00e653f3c51123d57f1311e4772fe98da723416719,JPEG,,1,1,,,TRUE
3G,400,200,metadata,76,20231124_uS9nUj.jpg,0,1010,200,TRUE,0.468,,2026-10-05T05:11:29+00:00,76,medium/20231124_uS9nUj.jpg,medium,605154cc415e0e03701135d8283a92ae646b8b1efe374d9647f9c201ff7904d8,JPEG,,1,1,,,TRUE
3G,400,200,metadata,77,images (3).jpg,0,1010,200,TRUE,0.467,,2026-10-05T05:11:29+00:00,77,medium/images (3).jpg,medium,4e5d64ecdd47da38de6324ac82b12c23fc99fa40da3590684b67029bc4eb9f2f,JPEG,,1,1,,,TRUE
3G,400,200,metadata,78,images (92).jpg,0,1010,200,TRUE,0.491,,2026-10-05T05:11:30+00:00,78,medium/images (92).jpg,medium,0a5033d763a93d7c4dc9cb5dbe45a3a857b134882649b6e0442be4087e1c8aad,JPEG,,1,1,,,TRUE
3G,400,200,metadata,79,images - 2025-01-28T155148.034.jpg,0,1010,200,TRUE,0.48,,2026-10-05T05:11:30+00:00,79,medium/images - 2025-01-28T155148.034.jpg,medium,595d2030d6eb563f32639a2f3a95a81024e5d889bd186a03fb2282b99011752c,JPEG,,1,1,,,TRUE
3G,400,200,metadata,80,image_186.jpg,0,1010,200,TRUE,0.454,,2026-10-05T05:11:31+00:00,80,medium/image_186.jpg,medium,41aed1f809a8893cd69369b1ab9d4b22495fca4367babe1d7e85416354d90136,JPEG,,1,1,,,TRUE
3G,400,200,metadata,81,AA.30869797.1.jpg,0,1010,200,TRUE,0.478,,2026-10-05T05:11:31+00:00,81,medium/AA.30869797.1.jpg,medium,4a1c37b2f5930b315a2a051c78ba8b37577df112f273cfe90e854486413c8474,JPEG,,1,1,,,TRUE
3G,400,200,metadata,82,1000014818-17616251502381327466398-136-106-1007-1500-crop-17616257967731607029814.webp,0,1010,200,TRUE,0.465,,2026-10-05T05:11:32+00:00,82,medium/1000014818-17616251502381327466398-136-106-1007-1500-crop-17616257967731607029814.webp,medium,cd507abecb098f7dbbb04c9b5b710fd430eeeada6471e06d961d72f260bbcd96,WEBP,,1,1,,,TRUE
3G,400,200,metadata,83,img76.jpg,0,1010,200,TRUE,0.462,,2026-10-05T05:11:32+00:00,83,medium/img76.jpg,medium,b06765974f3a5fc63db4f5affcf65eda68973fa2fe7efbd7007d3fa0548ef3c2,JPEG,,1,1,,,TRUE
3G,400,200,metadata,84,flood_6330.jpg,0,1010,200,TRUE,0.493,,2026-10-05T05:11:33+00:00,84,medium/flood_6330.jpg,medium,390684aba7b3f3bba4d62cfbfeb5a2dfe99b486784957eb686faea673a9e203c,JPEG,,1,1,,,TRUE
3G,400,200,metadata,85,939cf7ba3afa4a60bbb76760f3fd5aba.jpg,0,1010,200,TRUE,0.482,,2026-10-05T05:11:33+00:00,85,medium/939cf7ba3afa4a60bbb76760f3fd5aba.jpg,medium,ef98ff56a143b33046879132ceaed70eea555d53ad31f60e20bff9107700f3ab,JPEG,,1,1,,,TRUE
3G,400,200,metadata,86,flood_4813.jpg,0,1010,200,TRUE,0.474,,2026-10-05T05:11:34+00:00,86,medium/flood_4813.jpg,medium,bdc67b21f57e090669243d986f772b0450ccc43065c54e162361e6f83f5ed758,JPEG,,1,1,,,TRUE
3G,400,200,metadata,87,images - 2025-01-28T184959.137.jpg,0,1010,200,TRUE,0.492,,2026-10-05T05:11:34+00:00,87,medium/images - 2025-01-28T184959.137.jpg,medium,1ddd3ac5a0681f32307ea622308e561dc84e90c75a16629ac5c1b1b6ec91b3c0,JPEG,,1,1,,,TRUE
3G,400,200,metadata,88,quang-tri-quang-ngai-sap-mua-to-dai-ngay-dac-biet-hue-co-the-tren-500mm-1760611196899.webp,0,1010,200,TRUE,0.476,,2026-10-05T05:11:35+00:00,88,medium/quang-tri-quang-ngai-sap-mua-to-dai-ngay-dac-biet-hue-co-the-tren-500mm-1760611196899.webp,medium,3d3f2f1ffc39aba5eec801859433c261eea9b3bde161c4a0528ddef08557cf39,WEBP,,1,1,,,TRUE
3G,400,200,metadata,89,flood_6326.jpg,0,1010,200,TRUE,0.499,,2026-10-05T05:11:35+00:00,89,medium/flood_6326.jpg,medium,de44e55a13026a349ca25e762328448ac121bae58b24f5913a41b78d04d81704,JPEG,,1,1,,,TRUE
3G,400,200,metadata,90,img9.jpg,0,1010,200,TRUE,0.466,,2026-10-05T05:11:36+00:00,90,medium/img9.jpg,medium,db9567b5b08ea11ec818bbd8a6f2571f8fd6bb0fc653a56c7b85ff2fb3d91f65,JPEG,,1,1,,,TRUE
3G,400,200,metadata,91,images (32).jpg,0,1010,200,TRUE,0.476,,2026-10-05T05:11:36+00:00,91,medium/images (32).jpg,medium,0846f0df1312f26089cf20655aec68f8843c27732284c6406337d8acb15e5fef,JPEG,,1,1,,,TRUE
3G,400,200,metadata,92,image_0144.jpg,0,1010,200,TRUE,0.482,,2026-10-05T05:11:37+00:00,92,medium/image_0144.jpg,medium,61f4b3a1508df32e80f65b1bd00bca3059e6b60b624f0e224fa4c92ebeb0c529,JPEG,,1,1,,,TRUE
3G,400,200,metadata,93,images (37).jpg,0,1010,200,TRUE,0.469,,2026-10-05T05:11:37+00:00,93,medium/images (37).jpg,medium,ed83e76f54c9708880e842d5c8dc5458dbbb77e0198c0794c7100616d891b7a8,JPEG,,1,1,,,TRUE
3G,400,200,metadata,94,images (13).jpg,0,1010,200,TRUE,0.491,,2026-10-05T05:11:38+00:00,94,medium/images (13).jpg,medium,b2918a66e66571b0f53f2f754255d276dc3ddc368ed02583b450ddec3e233505,JPEG,,1,1,,,TRUE
3G,400,200,metadata,95,flood_6129.jpg,0,1010,200,TRUE,0.483,,2026-10-05T05:11:38+00:00,95,medium/flood_6129.jpg,medium,15e0255f8dd1ce3ee3abc5096854ceb13840bbb1a016e09f63c5dd46aa189b6f,JPEG,,1,1,,,TRUE
3G,400,200,metadata,96,gia-lai-1.jpg,0,1010,200,TRUE,0.48,,2026-10-05T05:11:39+00:00,96,medium/gia-lai-1.jpg,medium,d99d981b85abdd79662b29dc36ceccf6f2c8b516fc557a9aaabffa044ac29110,JPEG,,1,1,,,TRUE
3G,400,200,metadata,97,805357338_1065370609579884_4614583555099717146_n.jpg,0,1010,200,TRUE,0.477,,2026-10-05T05:11:39+00:00,97,medium/805357338_1065370609579884_4614583555099717146_n.jpg,medium,4b825284c811f72e3d234cd85fa06bfa6c715a8e0580801cbe37a3897039fedd,JPEG,,1,1,,,TRUE
3G,400,200,metadata,98,image_038.jpg,0,1010,200,TRUE,0.471,,2026-10-05T05:11:40+00:00,98,medium/image_038.jpg,medium,6136434252d2fd2654427ab7233aa03edc8b4586c9f5edeae9445512a8c1a986,JPEG,,1,1,,,TRUE
3G,400,200,metadata,99,img54.webp,0,1010,200,TRUE,0.473,,2026-10-05T05:11:40+00:00,99,medium/img54.webp,medium,18376708cee0912e197cd3109b168583b99612198d7227800d4e04ddba7efb8c,WEBP,,1,1,,,TRUE
3G,400,200,metadata,100,flood_6343.jpg,0,1011,200,TRUE,0.48,,2026-10-05T05:11:41+00:00,100,medium/flood_6343.jpg,medium,bdaabbf877bb24950a976dcee568d7b2f9da082f2df398c581aa9544c8c2d113,JPEG,,1,1,,,TRUE
3G,400,200,metadata,101,flood_6140.jpg,0,1011,200,TRUE,0.5,,2026-10-05T05:11:41+00:00,101,medium/flood_6140.jpg,medium,75047d855512c1e7aacdcc71d3424ba42258375fb4558f42e0d1e4d2eb95ab8e,JPEG,,1,1,,,TRUE
3G,400,200,metadata,102,5836-17634553662361993507720-168-0-1016-1620-crop-17634553816821875286789.webp,0,1011,200,TRUE,0.459,,2026-10-05T05:11:42+00:00,102,medium/5836-17634553662361993507720-168-0-1016-1620-crop-17634553816821875286789.webp,medium,0f7a3cf9489a57a9d7a85f736ecdc9d61f2292d237dc1d516e81b7144328b65c,WEBP,,1,1,,,TRUE
3G,400,200,metadata,103,image_024.jpg,0,1011,200,TRUE,0.475,,2026-10-05T05:11:42+00:00,103,medium/image_024.jpg,medium,4eeeb9650eff67134821474e3be3eef270bc952e5ce699ac5058d98d6272e7dd,JPEG,,1,1,,,TRUE
3G,400,200,metadata,104,image_311.jpg,0,1011,200,TRUE,0.498,,2026-10-05T05:11:42+00:00,104,medium/image_311.jpg,medium,c2beb6ef457469d2c37347629f6fa6e5734de8643f9f4edf7b66827e56ea6b6d,JPEG,,1,1,,,TRUE
3G,400,200,metadata,105,images (16).jpg,0,1011,200,TRUE,0.472,,2026-10-05T05:11:43+00:00,105,medium/images (16).jpg,medium,c1bb1154b3b1871cf95bfa43c8ff8a3af539e5c68618b1ad2044724ef2759de0,JPEG,,1,1,,,TRUE
3G,400,200,metadata,106,images-873cb504e7c333c6f74c7394a73d201acf9fae6cd36600561e3775ee8c31ca9b060d5497fad80da70437e59e48a14722-_111-6190.jpg,0,1011,200,TRUE,0.481,,2026-10-05T05:11:43+00:00,106,medium/images-873cb504e7c333c6f74c7394a73d201acf9fae6cd36600561e3775ee8c31ca9b060d5497fad80da70437e59e48a14722-_111-6190.jpg,medium,d43f170f886d44555d05924ddee0439ecc18f50954cb91026c0100f4f0abc874,JPEG,,1,1,,,TRUE
3G,400,200,metadata,107,vnapotalquangtritieptucmualonlulennhanhgayngaplutdienrong1917541315072353-16029002171551755047725.webp,0,1011,200,TRUE,0.473,,2026-10-05T05:11:44+00:00,107,medium/vnapotalquangtritieptucmualonlulennhanhgayngaplutdienrong1917541315072353-16029002171551755047725.webp,medium,08612801e26c708aa52eaadfca720becdaa6c15652f2e6f18d51d644f98d9c1d,WEBP,,1,1,,,TRUE
3G,400,200,metadata,108,n3.jpg,0,1011,200,TRUE,0.47,,2026-10-05T05:11:44+00:00,108,medium/n3.jpg,medium,07538d70a44b40d3b440325619b3ca9b32650ede44a0d00d1d9dad1b99fbe4ee,JPEG,,1,1,,,TRUE
3G,400,200,metadata,109,39.jpg,0,1011,200,TRUE,0.477,,2026-10-05T05:11:45+00:00,109,medium/39.jpg,medium,fdd7f649e7ae81c6a92c2912a2b1274d61a062ef4a830ad5dcf91d987895347d,JPEG,,1,1,,,TRUE
3G,400,200,metadata,110,lu-ky-luc-tren-hai-song-o-mien-trung-ngap-lut-lan-rong-tai-6-tinh-thanh-904.jpg,0,1011,200,TRUE,0.473,,2026-10-05T05:11:45+00:00,110,medium/lu-ky-luc-tren-hai-song-o-mien-trung-ngap-lut-lan-rong-tai-6-tinh-thanh-904.jpg,medium,1208d8781d1283f8a2bf6df0db67a322020a4d22d1e5e77c892664b2dbe7ee09,JPEG,,1,1,,,TRUE
3G,400,200,metadata,111,edit-z7290483264645f5e6e37fc44ef85a5b1ffafb92dc59ab-17648137370111953943839-0-27-1131-1837-crop-1764813752388209128783.webp,0,1011,200,TRUE,0.465,,2026-10-05T05:11:46+00:00,111,medium/edit-z7290483264645f5e6e37fc44ef85a5b1ffafb92dc59ab-17648137370111953943839-0-27-1131-1837-crop-1764813752388209128783.webp,medium,e0173401e7ade0280806d8f19ae43363fd2e8405d20aaacd33cee72d7b6dbc73,WEBP,,1,1,,,TRUE
3G,400,200,metadata,112,images - 2025-01-28T185558.906.jpg,0,1011,200,TRUE,0.482,,2026-10-05T05:11:46+00:00,112,medium/images - 2025-01-28T185558.906.jpg,medium,f0860d21495f47388ed3e6696ce3785aee4da2cb1de4a590575461e038f7bae0,JPEG,,1,1,,,TRUE
3G,400,200,metadata,113,1763565218045_mua1-191125.jpeg,0,1011,200,TRUE,0.489,,2026-10-05T05:11:47+00:00,113,medium/1763565218045_mua1-191125.jpeg,medium,c91db90f158b3e8e854df4c1e3e8eb835f1cb537912568ae19100e6c51e917a2,JPEG,,1,1,,,TRUE
3G,400,200,metadata,114,noise_n (3).jpg,0,1011,200,TRUE,0.474,,2026-10-05T05:11:47+00:00,114,medium/noise_n (3).jpg,medium,737a36757baaeb65b62ecc21fd1a7cd2a49f865293696cdbf80f73a117604639,JPEG,,1,1,,,TRUE
3G,400,200,metadata,115,81329cb922f6cba892e7-jpg-31673361078756138245019-50182452114320146060691.webp,0,1011,200,TRUE,0.47,,2026-10-05T05:11:48+00:00,115,medium/81329cb922f6cba892e7-jpg-31673361078756138245019-50182452114320146060691.webp,medium,e0c7a3f120e8fc4f8f930f71cb2441f187c7414913c50d326be0c10542c46d7b,WEBP,,1,1,,,TRUE
3G,400,200,metadata,116,noise (6).jpg,0,1011,200,TRUE,0.452,,2026-10-05T05:11:48+00:00,116,medium/noise (6).jpg,medium,bacbea8fde543a342777a2e58cffb846bcab7312db734f6bb61c321e3e752dda,JPEG,,1,1,,,TRUE
3G,400,200,metadata,117,images - 2025-01-28T151947.364.jpg,0,1011,200,TRUE,0.483,,2026-10-05T05:11:49+00:00,117,medium/images - 2025-01-28T151947.364.jpg,medium,e7b8e37ef4d169937e886cd8663859ecb7af96df687a212be179822094715e95,JPEG,,1,1,,,TRUE
3G,400,200,metadata,118,images (63).jpg,0,1011,200,TRUE,0.463,,2026-10-05T05:11:49+00:00,118,medium/images (63).jpg,medium,6184d9e6b2bfe1c7ee6d03565b9bc592d4c3e55b2b707ef326f6c7e8504043b8,JPEG,,1,1,,,TRUE
3G,400,200,metadata,119,floods_cambodia_avid_w.jpg,0,1011,200,TRUE,0.452,,2026-10-05T05:11:50+00:00,119,high/floods_cambodia_avid_w.jpg,high,ddb850ec825f321b37caa568aee6098cfd4d06c0affb70c72c9ee4ad142c3d9a,JPEG,,1,1,,,TRUE
3G,400,200,metadata,120,download.webp,0,1011,200,TRUE,0.481,,2026-10-05T05:11:50+00:00,120,high/download.webp,high,9882a77a13f8404c4875c672327af6c30f711e1398f55d4278eedc70320775fc,WEBP,,1,1,,,TRUE
3G,400,200,metadata,121,img9.webp,0,1011,200,TRUE,0.482,,2026-10-05T05:11:51+00:00,121,high/img9.webp,high,553641be2dee253e89f8ca5829376e2c718e3455ca1b13cdd9e3f4637edaa900,WEBP,,1,1,,,TRUE
3G,400,200,metadata,122,flood_4800.jpg,0,1011,200,TRUE,0.49,,2026-10-05T05:11:51+00:00,122,high/flood_4800.jpg,high,0fcf65f440f4bb571ef8372897e08b4598b0e90023bb6700f222a036752a070e,JPEG,,1,1,,,TRUE
3G,400,200,metadata,123,flood_732.jpg,0,1011,200,TRUE,0.495,,2026-10-05T05:11:52+00:00,123,high/flood_732.jpg,high,cd381b32133ec4671de6a5b7bbdaf0934357d776d35c3e143fb4cff864027893,JPEG,,1,1,,,TRUE
3G,400,200,metadata,124,z7243826042725e83c8d03deb27f56d1a1aad2b13b8e87-176362146979047283232-15-0-615-960-crop-17636214777741938859206.webp,0,1011,200,TRUE,0.468,,2026-10-05T05:11:52+00:00,124,high/z7243826042725e83c8d03deb27f56d1a1aad2b13b8e87-176362146979047283232-15-0-615-960-crop-17636214777741938859206.webp,high,8656b7d16c67126af4681e1671432c38bc8fa52e8753764160db4c4873984988,WEBP,,1,1,,,TRUE
3G,400,200,metadata,125,R.png,0,1011,200,TRUE,0.464,,2026-10-05T05:11:53+00:00,125,high/R.png,high,dc0a6fe2a2bd9a52e6e80b51bfba596e52c9c1cdf83b9f74b23ab5ea6a19170d,PNG,,1,1,,,TRUE
3G,400,200,metadata,126,flood_1261.jpg,0,1011,200,TRUE,0.46,,2026-10-05T05:11:53+00:00,126,high/flood_1261.jpg,high,e409f5969c2febfdda9ed849c91004358be0a3d10814f787e45e7627ca828214,JPEG,,1,1,,,TRUE
3G,400,200,metadata,127,AP23209060794692.jpg,0,1011,200,TRUE,0.457,,2026-10-05T05:11:54+00:00,127,high/AP23209060794692.jpg,high,512a0322830cabfec0a6e89c2e31ea893b2cef2818cc39e3f317a59ae8fe1fd9,JPEG,,1,1,,,TRUE
3G,400,200,metadata,128,images - 2025-01-28T151851.902.jpg,0,1011,200,TRUE,0.482,,2026-10-05T05:11:54+00:00,128,high/images - 2025-01-28T151851.902.jpg,high,1edde2dab6d62b91b9de6c3c2655197077d5ab6e19d4765d2676cde1a6d8eb20,JPEG,,1,1,,,TRUE
3G,400,200,metadata,129,image_027.jpg,0,1011,200,TRUE,0.47,,2026-10-05T05:11:54+00:00,129,high/image_027.jpg,high,165d98120ba7e01d378bc261d7c3f23972249ed3b3be19d0d68043e769063363,JPEG,,1,1,,,TRUE
3G,400,200,metadata,130,2-1726448843911500454177.webp,0,1011,200,TRUE,0.478,,2026-10-05T05:11:55+00:00,130,high/2-1726448843911500454177.webp,high,ff55a67f3985507695ee4b23060fdfdad9e187fb8504aedfbf092075fa5f0d96,JPEG,,1,1,,,TRUE
3G,400,200,metadata,131,image_049.jpg,0,1011,200,TRUE,0.487,,2026-10-05T05:11:55+00:00,131,high/image_049.jpg,high,3e828a32d6aed42e6ee8dc53661095ca000f242d7e9f02d192b2c01c86a09957,JPEG,,1,1,,,TRUE
3G,400,200,metadata,132,image_0107.jpg,0,1011,200,TRUE,0.477,,2026-10-05T05:11:56+00:00,132,high/image_0107.jpg,high,5fa433bbf249eeb3aa2055834a5f403e493a8cac5cd4b9782a14415183856245,JPEG,,1,1,,,TRUE
3G,400,200,metadata,133,dd20c6609cc035fedf1a093e97f51af4.jpeg,0,1011,200,TRUE,0.463,,2026-10-05T05:11:56+00:00,133,high/dd20c6609cc035fedf1a093e97f51af4.jpeg,high,fce656b8e1f1e90ed783f0ca822286246a21df47469426bba44d1b2ad695ca97,PNG,,1,1,,,TRUE
3G,400,200,metadata,134,img66.jpg,0,1011,200,TRUE,0.481,,2026-10-05T05:11:57+00:00,134,high/img66.jpg,high,d55e7de52341508886162ad8719416840af584d47853b998f2d2c45f4c5f5fd2,JPEG,,1,1,,,TRUE
3G,400,200,metadata,135,OIP (10).webp,0,1011,200,TRUE,0.472,,2026-10-05T05:11:57+00:00,135,high/OIP (10).webp,high,ed3ec9010a260ac315bd0f17ebe4c044ba2c86905964444aa011b3604366fe8d,WEBP,,1,1,,,TRUE
3G,400,200,metadata,136,iimages (5).jpg,0,1011,200,TRUE,0.489,,2026-10-05T05:11:58+00:00,136,high/iimages (5).jpg,high,b0a958225801750c5a6a663c180d26565f8a95584750c5e60879380fd14ded85,JPEG,,1,1,,,TRUE
3G,400,200,metadata,137,iimages (10).jpg,0,1011,200,TRUE,0.477,,2026-10-05T05:11:58+00:00,137,high/iimages (10).jpg,high,73f6052a7daa8f8de6dade2fa0ac44e339083b998afb2a163d7334c45aee76ad,JPEG,,1,1,,,TRUE
3G,400,200,metadata,138,img55.webp,0,1011,200,TRUE,0.476,,2026-10-05T05:11:59+00:00,138,high/img55.webp,high,b5f145285f3fec3d20ccaee444df2159d4f1e362760435f3c6feb51ba725abd1,WEBP,,1,1,,,TRUE
3G,400,200,metadata,139,image_6483441_7_c62ccb313f.jpg,0,1011,200,TRUE,0.474,,2026-10-05T05:11:59+00:00,139,high/image_6483441_7_c62ccb313f.jpg,high,6dd3bbf14af3264ba7796f69f228df25a4c356c25a6dd15bc161a085cb6c9e79,JPEG,,1,1,,,TRUE
3G,400,200,metadata,140,jakarta-indonesiafebruary-2021the-search-rescue-600nw-1920679820.webp,0,1011,200,TRUE,0.469,,2026-10-05T05:12:00+00:00,140,high/jakarta-indonesiafebruary-2021the-search-rescue-600nw-1920679820.webp,high,c8a13d4112c593635c49f9071db0148b79a1d2e07b71b3df893bfd6a73c037b3,WEBP,,1,1,,,TRUE
3G,400,200,metadata,141,image_0090.jpg,0,1011,200,TRUE,0.469,,2026-10-05T05:12:00+00:00,141,high/image_0090.jpg,high,10264351de402d0dd637b6f6bbc7008be5bf13c86313a6b684875ddd858cf613,JPEG,,1,1,,,TRUE
3G,400,200,metadata,142,img7.webp,0,1011,200,TRUE,0.453,,2026-10-05T05:12:01+00:00,142,high/img7.webp,high,854cee071b8d48b0567b2717b3f8dc71e3694b96892e5e1591566cb0124e7925,WEBP,,1,1,,,TRUE
3G,400,200,metadata,143,4231cd29f2fb53ce8f0359eba8f1caaa85b22b53819bf0b9990e4c4d228c8c89.webp,0,1011,200,TRUE,0.486,,2026-10-05T05:12:01+00:00,143,high/4231cd29f2fb53ce8f0359eba8f1caaa85b22b53819bf0b9990e4c4d228c8c89.webp,high,bcdb14769aad6eeb48dfec2f602435a1d52a3eac013da23c60a3dc34a22f4f38,WEBP,,1,1,,,TRUE
3G,400,200,metadata,144,img72.webp,0,1011,200,TRUE,0.492,,2026-10-05T05:12:02+00:00,144,high/img72.webp,high,fc43a66f60e642ba21fa6cbe8fcc8846ba555c658dda41d4cd362b511a55cdc6,WEBP,,1,1,,,TRUE
3G,400,200,metadata,145,img49.webp,0,1011,200,TRUE,0.495,,2026-10-05T05:12:02+00:00,145,high/img49.webp,high,96759c7c514ee82e03951cb13230fa9784b1e5e7234dacb2167999386d42da8a,WEBP,,1,1,,,TRUE
3G,400,200,metadata,146,OIP (1).webp,0,1011,200,TRUE,0.477,,2026-10-05T05:12:03+00:00,146,high/OIP (1).webp,high,9931f7b540fa118001a5d222735edbddb903cb7469e6f8d551d3e3f9aeb528ff,WEBP,,1,1,,,TRUE
3G,400,200,metadata,147,OIP (33).webp,0,1011,200,TRUE,0.473,,2026-10-05T05:12:03+00:00,147,high/OIP (33).webp,high,237864469e6f1c257cd918ef25c0b0dc7bf383955b3dd23e21cc2fd4a92cda2c,WEBP,,1,1,,,TRUE
3G,400,200,metadata,148,image_145.jpeg,0,1011,200,TRUE,0.464,,2026-10-05T05:12:04+00:00,148,high/image_145.jpeg,high,bcdda09b5006e6f96bba2f559d90d2d3daf5c41ca66d3886dac46534cf7c7f5c,JPEG,,1,1,,,TRUE
3G,400,200,metadata,149,images - 2025-01-28T154039.568.jpg,0,1011,200,TRUE,0.477,,2026-10-05T05:12:04+00:00,149,high/images - 2025-01-28T154039.568.jpg,high,be2defe1fef5628f1e85d94d12c66075ab7feca57f273f4f903521816128d959,JPEG,,1,1,,,TRUE
3G,400,200,metadata,150,3cbf55ff-d524-461d-bf40-fa489285474d.jpg,0,1011,200,TRUE,0.489,,2026-10-05T05:12:05+00:00,150,high/3cbf55ff-d524-461d-bf40-fa489285474d.jpg,high,1f48d2d7cdfbc50fb3ca2297a2ccf866a2d48c3c079242e61df887b896f1c929,JPEG,,1,1,,,TRUE
3G,400,200,metadata,151,b572b8392df6f2cbbac8a6a19d74bfa2.avif,0,1011,200,TRUE,0.479,,2026-10-05T05:12:05+00:00,151,high/b572b8392df6f2cbbac8a6a19d74bfa2.avif,high,c0aac4095412b24e58c6132b8e66e2b9f243597aee2eb06d7f193dc154e04f73,AVIF,,1,1,,,TRUE
3G,400,200,metadata,152,flood_219.jpg,0,1011,200,TRUE,0.459,,2026-10-05T05:12:06+00:00,152,high/flood_219.jpg,high,79facf8f80351b4e020857b9b47604efb7d0ea20f0ddaf838824b215b67ccb05,JPEG,,1,1,,,TRUE
3G,400,200,metadata,153,Shutterstock_12250367k.jpg,0,1011,200,TRUE,0.469,,2026-10-05T05:12:06+00:00,153,high/Shutterstock_12250367k.jpg,high,732957645e5b3b44344a6db0f53486059ed78e70192a22c3b436cd8f93717b07,JPEG,,1,1,,,TRUE
3G,400,200,metadata,154,noise1.jpeg,0,1011,200,TRUE,0.486,,2026-10-05T05:12:07+00:00,154,high/noise1.jpeg,high,9bbaa77d1bb035ab20937380a2af67a90bd9e4ca71180cfd0b807c5f00b343b8,JPEG,,1,1,,,TRUE
3G,400,200,metadata,155,img58.jpg,0,1011,200,TRUE,0.48,,2026-10-05T05:12:07+00:00,155,high/img58.jpg,high,b9364110f4da93b4e893640de31f3fa2ca0dcdf336741d8934571d72a47043e2,JPEG,,1,1,,,TRUE
3G,400,200,metadata,156,569FB5E8-17FF-4DA7-AF819E7223AD38C7_source.webp,0,1011,200,TRUE,0.476,,2026-10-05T05:12:08+00:00,156,high/569FB5E8-17FF-4DA7-AF819E7223AD38C7_source.webp,high,3dcb8b40eeb8b9f8bf80bae7a1df25b52f5004838bc145495c760b8f3789c2c7,WEBP,,1,1,,,TRUE
3G,400,200,metadata,157,flood_1214.jpg,0,1011,200,TRUE,0.479,,2026-10-05T05:12:08+00:00,157,high/flood_1214.jpg,high,0c1e0b47204317c7c194fc94a7dbfc1030e08c065acbda8b4e455df3e23c4585,JPEG,,1,1,,,TRUE
3G,400,200,metadata,158,skynews-philippines-megi_5737099.jpg,0,1011,200,TRUE,0.476,,2026-10-05T05:12:09+00:00,158,high/skynews-philippines-megi_5737099.jpg,high,84c1d37b7cba9e20cf409763137f50704c251e784de518f90804e115163765e0,JPEG,,1,1,,,TRUE
3G,400,200,metadata,159,flood_4791.jpg,0,1011,200,TRUE,0.482,,2026-10-05T05:12:09+00:00,159,high/flood_4791.jpg,high,d1c123841ecbd4da557fa97ce87111b212c8228c34a85bd91f2560b0dd7f4540,JPEG,,1,1,,,TRUE
3G,400,200,metadata,160,flood_4763.jpg,0,1011,200,TRUE,0.452,,2026-10-05T05:12:09+00:00,160,high/flood_4763.jpg,high,71dc4359a45d5f7f9a73474695d86dcc2a5fe3fb74f89763be6ea2c971476183,JPEG,,1,1,,,TRUE
3G,400,200,metadata,161,OIP (14).webp,0,1011,200,TRUE,0.472,,2026-10-05T05:12:10+00:00,161,high/OIP (14).webp,high,327490c28381c700367e1baa43b9b8faa0d4dad840c3f5cc28dbcbc00aef9312,WEBP,,1,1,,,TRUE
3G,400,200,metadata,162,img60.webp,0,1011,200,TRUE,0.452,,2026-10-05T05:12:10+00:00,162,high/img60.webp,high,04fb91efee88688fce39d7c57db3f77e74a131efb54072039947ff44497cab46,WEBP,,1,1,,,TRUE
3G,400,200,metadata,163,images - 2025-01-28T152121.677.jpg,0,1011,200,TRUE,0.496,,2026-10-05T05:12:11+00:00,163,high/images - 2025-01-28T152121.677.jpg,high,4eb24b2e8dc4eda02a4cc8771e5f553a3cea43118dc311cd054b50be02659728,JPEG,,1,1,,,TRUE
3G,400,200,metadata,164,OIP (15).webp,0,1011,200,TRUE,0.461,,2026-10-05T05:12:11+00:00,164,high/OIP (15).webp,high,24f885199ce10f8e1e816382fd1bfbc0cb087adfdbf80d37f50e01f029b902df,WEBP,,1,1,,,TRUE
3G,400,200,metadata,165,OIP (29).webp,0,1011,200,TRUE,0.456,,2026-10-05T05:12:12+00:00,165,high/OIP (29).webp,high,722c9d66af59c68dec8e0c6d6304791267c63d646e08710fd3e9f26c37df9334,WEBP,,1,1,,,TRUE
3G,400,200,metadata,166,flood-1.jpg,0,1011,200,TRUE,0.479,,2026-10-05T05:12:12+00:00,166,high/flood-1.jpg,high,09f55b9b3f375ebed1a877966d39e27f14f7e874b49f4aaeb760640e48391a2e,JPEG,,1,1,,,TRUE
3G,400,200,metadata,167,702018189_univ_cnt_01_xs.jpg,0,1011,200,TRUE,0.471,,2026-10-05T05:12:13+00:00,167,high/702018189_univ_cnt_01_xs.jpg,high,5425fb7fa7db399de54b9d429fd66d384764c2dfb43a11b1661288a1214928f4,JPEG,,1,1,,,TRUE
3G,400,200,metadata,168,img4.jpg,0,1011,200,TRUE,0.478,,2026-10-05T05:12:13+00:00,168,high/img4.jpg,high,2a232bbd43a017ee8635ca368475ed57d4f521ec3a3ac3441179a9a2bf799fd8,JPEG,,1,1,,,TRUE
3G,400,200,metadata,169,image_294.png,0,1011,200,TRUE,0.477,,2026-10-05T05:12:14+00:00,169,high/image_294.png,high,121729a09e5d44136cae00fe1f03a2937abb87667ab3ecb6ab3c280a5894c585,PNG,,1,1,,,TRUE
3G,400,200,metadata,170,65d952b4-90a2-4d18-b035-24352c-3365-2036-1764872629.webp,0,1011,200,TRUE,0.476,,2026-10-05T05:12:14+00:00,170,high/65d952b4-90a2-4d18-b035-24352c-3365-2036-1764872629.webp,high,11f5411abd0b76ea294bd29a7472d8684b48083301862061e6f25da644430a5c,WEBP,,1,1,,,TRUE
3G,400,200,metadata,171,OIP (36).webp,0,1011,200,TRUE,0.474,,2026-10-05T05:12:15+00:00,171,high/OIP (36).webp,high,f5293f48dbaa45b33a582c87433bb04fbbf2dd472469a0332a82bd5feb755c14,WEBP,,1,1,,,TRUE
3G,400,200,metadata,172,화면 캡처 2025-03-05 181439.jpg,0,1011,200,TRUE,0.475,,2026-10-05T05:12:15+00:00,172,non_flood/화면 캡처 2025-03-05 181439.jpg,non_flood,b75c4f08d2d4af82fae15233d28be9099286d8327bb1728ad06ae8467bd4fd24,JPEG,,1,1,,,TRUE
3G,400,200,metadata,173,화면 캡처 2025-03-05 175742.jpg,0,1011,200,TRUE,0.457,,2026-10-05T05:12:16+00:00,173,non_flood/화면 캡처 2025-03-05 175742.jpg,non_flood,9aa30b4ad8e881ee526e62dfd529f7c132517be92583fc25c2a352b59a7b8a10,JPEG,,1,1,,,TRUE
3G,400,200,metadata,174,화면 캡처 2025-03-05 175341.jpg,0,1011,200,TRUE,0.462,,2026-10-05T05:12:16+00:00,174,non_flood/화면 캡처 2025-03-05 175341.jpg,non_flood,43a98cd56ba750ceae68f3ca04b1c092e901fff1dcc83a04a19d4652dd5a93ab,JPEG,,1,1,,,TRUE
3G,400,200,metadata,175,화면 캡처 2025-03-05 172751.jpg,0,1011,200,TRUE,0.459,,2026-10-05T05:12:17+00:00,175,non_flood/화면 캡처 2025-03-05 172751.jpg,non_flood,8de13e59f0139f6ad9e553f887ea3e427cfbe24c5523a850651923df6d64011a,JPEG,,1,1,,,TRUE
3G,400,200,metadata,176,images (13)1.jpg,0,1011,200,TRUE,0.467,,2026-10-05T05:12:17+00:00,176,non_flood/images (13)1.jpg,non_flood,4e2b303a68e00ba4fbca23bdb0585b3f0f6f385e83bfebad4a16d96898663a3e,JPEG,,1,1,,,TRUE
3G,400,200,metadata,177,화면 캡처 2025-03-05 181412.jpg,0,1011,200,TRUE,0.464,,2026-10-05T05:12:18+00:00,177,non_flood/화면 캡처 2025-03-05 181412.jpg,non_flood,6fbd9d9cf16d0e950ccae0c7ec26baf60c4081efe34aa86205785db825fc01bc,JPEG,,1,1,,,TRUE
3G,400,200,metadata,178,화면 캡처 2025-03-05 152130.jpg,0,1011,200,TRUE,0.478,,2026-10-05T05:12:18+00:00,178,non_flood/화면 캡처 2025-03-05 152130.jpg,non_flood,0df727cf509b4b225f8c3b77ed2b4c65be629b0eb3ef422bd3e6bcd1abe5b4e8,JPEG,,1,1,,,TRUE
3G,400,200,metadata,179,화면 캡처 2025-03-05 173917.jpg,0,1011,200,TRUE,0.475,,2026-10-05T05:12:19+00:00,179,non_flood/화면 캡처 2025-03-05 173917.jpg,non_flood,29e372c79949fb945d3d217af23e725576f970bc88d47820d56f908c8c1dd8b4,JPEG,,1,1,,,TRUE
3G,400,200,metadata,180,1789568749569_282700609501588260_7406490438318140161_4c67d325471c5a433aa450f9a2bf7b80.jpg,0,1011,200,TRUE,0.484,,2026-10-05T05:12:19+00:00,180,non_flood/1789568749569_282700609501588260_7406490438318140161_4c67d325471c5a433aa450f9a2bf7b80.jpg,non_flood,c8128762797fb77bf5feb965d12100cd783be0e0afe1658cbd851ec37a153d83,JPEG,,1,1,,,TRUE
3G,400,200,metadata,181,images (9).jpg,0,1011,200,TRUE,0.47,,2026-10-05T05:12:19+00:00,181,non_flood/images (9).jpg,non_flood,18e261369109061b9841676f321894e21cfd91d608fe3dc9acc8c4d1bfd64a53,JPEG,,1,1,,,TRUE
3G,400,200,metadata,182,images (7).jpg,0,1011,200,TRUE,0.47,,2026-10-05T05:12:20+00:00,182,non_flood/images (7).jpg,non_flood,a5bcc829e70ca0664ad916e26c9ffb440248d5d6e3429a58c9b90d3d3860a7ab,JPEG,,1,1,,,TRUE
3G,400,200,metadata,183,다운로드 (5).jpg,0,1011,200,TRUE,0.467,,2026-10-05T05:12:20+00:00,183,non_flood/다운로드 (5).jpg,non_flood,49d811196ba07508a08d7689a5746494bdd1e6bc89460cb67dffb53154670204,JPEG,,1,1,,,TRUE
3G,400,200,metadata,184,다운로드 (45) 3.jpg,0,1011,200,TRUE,0.457,,2026-10-05T05:12:21+00:00,184,non_flood/다운로드 (45) 3.jpg,non_flood,1f8553a464ee1aa46de5890b8be0676883513c8083217c3013df8ab6e9bef786,JPEG,,1,1,,,TRUE
3G,400,200,metadata,185,다운로드 (31).jpg,0,1011,200,TRUE,0.461,,2026-10-05T05:12:21+00:00,185,non_flood/다운로드 (31).jpg,non_flood,c7449da10dfb0cebf3561e433c9a19876e06e81dda26cf39253b8d1aed09be91,JPEG,,1,1,,,TRUE
3G,400,200,metadata,186,127465812-일본-교토의-봄비-폭풍우-동안-교토부의-스트리트-뷰.jpg,0,1011,200,TRUE,0.477,,2026-10-05T05:12:22+00:00,186,non_flood/127465812-일본-교토의-봄비-폭풍우-동안-교토부의-스트리트-뷰.jpg,non_flood,6ae7d4cc308ffcdbcea455286428f08c4716a26cd6e0f295ba412b38393a1e05,JPEG,,1,1,,,TRUE
3G,400,200,metadata,187,화면 캡처 2025-03-05 174935.jpg,0,1011,200,TRUE,0.492,,2026-10-05T05:12:22+00:00,187,non_flood/화면 캡처 2025-03-05 174935.jpg,non_flood,d9a9b54010a3c3c0b44e085273edb1f64a777f99be11d71a7199030bab07a848,JPEG,,1,1,,,TRUE
3G,400,200,metadata,188,화면 캡처 2025-03-05 173725.jpg,0,1011,200,TRUE,0.479,,2026-10-05T05:12:23+00:00,188,non_flood/화면 캡처 2025-03-05 173725.jpg,non_flood,8088bad691c314800e2472cc5837ed0ddc4fc2a8bb5fc67a0466a5b6dbd4ef41,JPEG,,1,1,,,TRUE
3G,400,200,metadata,189,다운로드 (7).jpg,0,1011,200,TRUE,0.474,,2026-10-05T05:12:23+00:00,189,non_flood/다운로드 (7).jpg,non_flood,7882a482c8fa3ac2a100823670b3527953bc13261ced12bef7d2814872bbb73d,JPEG,,1,1,,,TRUE
3G,400,200,metadata,190,다운로드 (12).jpg,0,1011,200,TRUE,0.474,,2026-10-05T05:12:24+00:00,190,non_flood/다운로드 (12).jpg,non_flood,5a26387b7c471c37b412a214b65d520836f1ccdac5562ba302e9ad91f3063751,JPEG,,1,1,,,TRUE
3G,400,200,metadata,191,images (11)1.jpg,0,1011,200,TRUE,0.475,,2026-10-05T05:12:24+00:00,191,non_flood/images (11)1.jpg,non_flood,254e9ebc6f2b62b50393b6db4914c56a5fe0e43f3aac0ffa71f6cf007e661e61,JPEG,,1,1,,,TRUE
3G,400,200,metadata,192,1789568749557_282700609501588260_7406490438318140161_7d5baf7f35b58211bf5d643c66ab8606.jpg,0,1011,200,TRUE,0.477,,2026-10-05T05:12:25+00:00,192,non_flood/1789568749557_282700609501588260_7406490438318140161_7d5baf7f35b58211bf5d643c66ab8606.jpg,non_flood,831a018e6022c183e2bad8c815113118193ea4eed8bfe14d0ae7000be299d148,JPEG,,1,1,,,TRUE
3G,400,200,metadata,193,images (14)1.jpg,0,1011,200,TRUE,0.476,,2026-10-05T05:12:25+00:00,193,non_flood/images (14)1.jpg,non_flood,62da4a05b2a453136adff5b34666d1bfbbf2fc659e751e9c841909dd1e792d54,JPEG,,1,1,,,TRUE
3G,400,200,metadata,194,images (24)1.jpg,0,1011,200,TRUE,0.485,,2026-10-05T05:12:26+00:00,194,non_flood/images (24)1.jpg,non_flood,f14078bda9f46dd2b44eb17870ad533778d7daf7085e8b344be8813a125f4694,JPEG,,1,1,,,TRUE
3G,400,200,metadata,195,다운로드 (43) 3.jpg,0,1011,200,TRUE,0.468,,2026-10-05T05:12:26+00:00,195,non_flood/다운로드 (43) 3.jpg,non_flood,82a8697498f35ccc783ad058be58208a775ed79bbf59b68c83a1a95701944ecd,JPEG,,1,1,,,TRUE
3G,400,200,metadata,196,p1065569336329878_240_thum.jpg,0,1011,200,TRUE,0.481,,2026-10-05T05:12:27+00:00,196,non_flood/p1065569336329878_240_thum.jpg,non_flood,f648f926141df9ee9b70b1f787f660909a44e33c36bb0ed39162ea186a338df4,JPEG,,1,1,,,TRUE
3G,400,200,metadata,197,화면 캡처 2025-03-05 172739.jpg,0,1011,200,TRUE,0.485,,2026-10-05T05:12:27+00:00,197,non_flood/화면 캡처 2025-03-05 172739.jpg,non_flood,b40f793569d14767abe9f2e068970f3b795c0563877a1e1f8a7258821f69edcc,JPEG,,1,1,,,TRUE
3G,400,200,metadata,198,다운로드 (36) 3.jpg,0,1011,200,TRUE,0.467,,2026-10-05T05:12:28+00:00,198,non_flood/다운로드 (36) 3.jpg,non_flood,8ae6c5d304ced95a61c6567b5c88ddfc5e319f0e3a5ec72dea7e133aa076ef0f,JPEG,,1,1,,,TRUE
3G,400,200,metadata,199,화면 캡처 2025-03-05 175927.jpg,0,1011,200,TRUE,0.455,,2026-10-05T05:12:28+00:00,199,non_flood/화면 캡처 2025-03-05 175927.jpg,non_flood,0565699f292d6f6e0deb526642cc69d3d067a9e934582eabafbccc3d6d0f1bf2,JPEG,,1,1,,,TRUE
3G,400,200,metadata,200,13382_13779_4019.jpg,0,1011,200,TRUE,0.48,,2026-10-05T05:12:29+00:00,200,non_flood/13382_13779_4019.jpg,non_flood,6bd6b42bf3dd5e44c475fddcbc9bd6a880a64bfdee58ca7722e49b94de5ee4da,JPEG,,1,1,,,TRUE
3G,400,200,metadata,201,RPR20231226002000353_01_i.jpg,0,1011,200,TRUE,0.472,,2026-10-05T05:12:29+00:00,201,non_flood/RPR20231226002000353_01_i.jpg,non_flood,28246d242467856c88fbbfd1bafe4924c405331e349aa0a9e8e2814e688afd88,JPEG,,1,1,,,TRUE
3G,400,200,metadata,202,다운로드 (34) 3.jpg,0,1011,200,TRUE,0.48,,2026-10-05T05:12:30+00:00,202,non_flood/다운로드 (34) 3.jpg,non_flood,568d0b9bf261a2e4fe2afb600416d3eb532f928e57b1d059acfe3a177bbd57f0,JPEG,,1,1,,,TRUE
3G,400,200,metadata,203,화면 캡처 2025-03-05 174358.jpg,0,1011,200,TRUE,0.471,,2026-10-05T05:12:30+00:00,203,non_flood/화면 캡처 2025-03-05 174358.jpg,non_flood,1c7d8c2b8440637fbcec5baaba40642f2e3b0540590cc8a0ac8db672f478cfc7,JPEG,,1,1,,,TRUE
3G,400,200,metadata,204,images (62).jpg,0,1011,200,TRUE,0.463,,2026-10-05T05:12:31+00:00,204,non_flood/images (62).jpg,non_flood,9e03661c93bf0f0f3dd70ccf7f7cfd62cdba0694c8359fef3021f6f2ab3f3b83,JPEG,,1,1,,,TRUE
3G,400,200,metadata,205,images - 2025-01-28T184436.464.jpg,0,1011,200,TRUE,0.48,,2026-10-05T05:12:31+00:00,205,non_flood/images - 2025-01-28T184436.464.jpg,non_flood,31ddc209d0f2ff99b445870e708cc8becebb5adbc5c90504371e9c9a76f06d88,JPEG,,1,1,,,TRUE
3G,400,200,metadata,206,다운로드 (36).jpg,0,1011,200,TRUE,0.456,,2026-10-05T05:12:32+00:00,206,non_flood/다운로드 (36).jpg,non_flood,3d946dfc7512149170bac99b129a06a6587fdc1ce7c057a3f609a89adfc665ee,JPEG,,1,1,,,TRUE
3G,400,200,metadata,207,화면 캡처 2025-03-05 182737.jpg,0,1011,200,TRUE,0.444,,2026-10-05T05:12:32+00:00,207,non_flood/화면 캡처 2025-03-05 182737.jpg,non_flood,a456c939a5253ff3dd25bd0706ecf353ff0b5f5ff0c9d1e99bb3cf05487c3f28,JPEG,,1,1,,,TRUE
3G,400,200,metadata,208,20230113501845.jpg,0,1011,200,TRUE,0.476,,2026-10-05T05:12:32+00:00,208,non_flood/20230113501845.jpg,non_flood,c06f0a8a109f0b9c110eea5d3caf05bd439e812ecb451bd34a083e1279173fe7,JPEG,,1,1,,,TRUE
3G,400,200,metadata,209,화면 캡처 2025-03-05 151816.jpg,0,1011,200,TRUE,0.492,,2026-10-05T05:12:33+00:00,209,non_flood/화면 캡처 2025-03-05 151816.jpg,non_flood,102ada76b9fd2f4eebcdc6faf911ae294692c86d69b8149475c65dc4a821aa32,JPEG,,1,1,,,TRUE
3G,400,200,metadata,210,다운로드 (41).jpg,0,1011,200,TRUE,0.476,,2026-10-05T05:12:33+00:00,210,non_flood/다운로드 (41).jpg,non_flood,93ba76f76448bf9350f289fdae38183912d3e0dedb86321977ac4b74e0eccfc4,JPEG,,1,1,,,TRUE
3G,400,200,metadata,211,images (18).jpg,0,1011,200,TRUE,0.475,,2026-10-05T05:12:34+00:00,211,non_flood/images (18).jpg,non_flood,aff1fa1abd5f77fdd2ea5a26bb583771680c48c1bd64720bfa5a9a61012c0ac8,JPEG,,1,1,,,TRUE
3G,400,200,metadata,212,20180405_152525.jpg,0,1011,200,TRUE,0.477,,2026-10-05T05:12:34+00:00,212,non_flood/20180405_152525.jpg,non_flood,25eb26aff4ee22251f3b24147b467f4a4d39333ff64c9611b65063054d18d120,JPEG,,1,1,,,TRUE
3G,400,200,metadata,213,화면 캡처 2025-03-05 164255.jpg,0,1011,200,TRUE,0.474,,2026-10-05T05:12:35+00:00,213,non_flood/화면 캡처 2025-03-05 164255.jpg,non_flood,33c16a1a474295f7a31cc57648004d03eb04d2878e9f358250722c237528cd04,JPEG,,1,1,,,TRUE
3G,400,200,metadata,214,다운로드 (23).jpg,0,1011,200,TRUE,0.479,,2026-10-05T05:12:35+00:00,214,non_flood/다운로드 (23).jpg,non_flood,c11157a4e5d6142a6cf64acf9448d948dc814160ff2ec431734692861bda5a95,JPEG,,1,1,,,TRUE
3G,400,200,metadata,215,화면 캡처 2025-03-05 152904.jpg,0,1011,200,TRUE,0.482,,2026-10-05T05:12:36+00:00,215,non_flood/화면 캡처 2025-03-05 152904.jpg,non_flood,491cfa836d07fdb755e12495203d84dee0d937f82cd29e582eb569d7e5abc771,JPEG,,1,1,,,TRUE
3G,400,200,metadata,216,images - 2025-01-28T184427.744.jpg,0,1011,200,TRUE,0.489,,2026-10-05T05:12:36+00:00,216,non_flood/images - 2025-01-28T184427.744.jpg,non_flood,e6d4712ee1e188f41d9179607bc46ed14c0681f69a5edd8d77ed619b9c4d6f7f,JPEG,,1,1,,,TRUE
3G,400,200,metadata,217,화면 캡처 2025-03-05 172144.jpg,0,1011,200,TRUE,0.451,,2026-10-05T05:12:37+00:00,217,non_flood/화면 캡처 2025-03-05 172144.jpg,non_flood,67d6ad153034a81055741535ba0bdc53ff8e80076d90d512f42c10a76686d60e,JPEG,,1,1,,,TRUE
3G,400,200,metadata,218,다운로드 (53) 3.jpg,0,1011,200,TRUE,0.477,,2026-10-05T05:12:37+00:00,218,non_flood/다운로드 (53) 3.jpg,non_flood,bac90bc594d2f060fd10ae095378c20d68e6565d54a1e3cc841b2ec094b869de,JPEG,,1,1,,,TRUE
3G,400,200,metadata,219,images - 2025-01-28T184942.058.jpg,0,1011,200,TRUE,0.475,,2026-10-05T05:12:38+00:00,219,non_flood/images - 2025-01-28T184942.058.jpg,non_flood,cebc0d1cbc0ede1e75a7d4765af70a7bb5d44a651f831d11eeccc6f9ef18ffed,JPEG,,1,1,,,TRUE
3G,400,200,metadata,220,화면 캡처 2025-03-05 152054.jpg,0,1011,200,TRUE,0.473,,2026-10-05T05:12:38+00:00,220,non_flood/화면 캡처 2025-03-05 152054.jpg,non_flood,b23bcf8d9814ddc38d73eb269f0be25f0dcc9626cc9a928bb116197859b3b29a,JPEG,,1,1,,,TRUE
3G,400,200,metadata,221,img (2).jpg,0,1011,200,TRUE,0.465,,2026-10-05T05:12:39+00:00,221,non_flood/img (2).jpg,non_flood,ee879ba624faad0000bc7ae69d2bd8b2fca0d4fc159a181fe7a067a59260d156,JPEG,,1,1,,,TRUE
3G,400,200,metadata,222,화면 캡처 2025-03-05 175626.jpg,0,1011,200,TRUE,0.459,,2026-10-05T05:12:39+00:00,222,non_flood/화면 캡처 2025-03-05 175626.jpg,non_flood,d9e510c3f2f2d13008fde01e8e520872122d0cc49de5a5ba5f8bab1bcf183cda,JPEG,,1,1,,,TRUE
3G,400,200,metadata,223,다운로드 (27).jpg,0,1011,200,TRUE,0.474,,2026-10-05T05:12:40+00:00,223,non_flood/다운로드 (27).jpg,non_flood,e78be2b8fc5aea406725fab8f457a9ab79e4413b64e383634d419379d0a64a46,JPEG,,1,1,,,TRUE
3G,400,200,metadata,224,화면 캡처 2025-03-05 153850.jpg,0,1011,200,TRUE,0.491,,2026-10-05T05:12:40+00:00,224,non_flood/화면 캡처 2025-03-05 153850.jpg,non_flood,8ed7fe227b6d8a8b890838876b2de8a28c844c7126f2a0d93e626f2387d816a6,JPEG,,1,1,,,TRUE
3G,400,200,metadata,225,images (5)1.jpg,0,1011,200,TRUE,0.478,,2026-10-05T05:12:41+00:00,225,non_flood/images (5)1.jpg,non_flood,dae6acca79cb320bd3449d590ccaec16e2c839a431e6ca62911486a65050eab0,JPEG,,1,1,,,TRUE
3G,400,200,metadata,226,827778_739893_3348.jpg,0,1011,200,TRUE,0.49,,2026-10-05T05:12:41+00:00,226,non_flood/827778_739893_3348.jpg,non_flood,909c28dfd1ea66f00fcbe72947317e577655cc349a5689b330e5205e0aab2127,JPEG,,1,1,,,TRUE
3G,400,200,metadata,227,화면 캡처 2025-03-05 182805.jpg,0,1011,200,TRUE,0.46,,2026-10-05T05:12:42+00:00,227,non_flood/화면 캡처 2025-03-05 182805.jpg,non_flood,4637c31d11cb1fe03de357d94fc697479efc2e20be74922ee372ab6b20c2dca0,JPEG,,1,1,,,TRUE
3G,400,200,metadata,228,화면 캡처 2025-03-05 153835.jpg,0,1011,200,TRUE,0.474,,2026-10-05T05:12:42+00:00,228,non_flood/화면 캡처 2025-03-05 153835.jpg,non_flood,a37bc97411cb7ac6c602b638a4ae161ec2d7ac8a4355b236c42eac10ef10f277,JPEG,,1,1,,,TRUE
3G,400,200,metadata,229,다운로드 (17).jpg,0,1011,200,TRUE,0.477,,2026-10-05T05:12:43+00:00,229,non_flood/다운로드 (17).jpg,non_flood,10b48951d5016b1dbf60509c17f62c2647a902444531028666d61f165a110771,JPEG,,1,1,,,TRUE
3G,400,200,metadata,230,화면 캡처 2025-03-05 153232.jpg,0,1011,200,TRUE,0.461,,2026-10-05T05:12:43+00:00,230,non_flood/화면 캡처 2025-03-05 153232.jpg,non_flood,c9e1a30f343094122869eff21dbfe7caaf3ab27b79b75f9fe581eeeb54027375,JPEG,,1,1,,,TRUE
3G,400,200,metadata,231,1789568749518_282700609501588260_7406490438318140161_457e5b27ff82f5cc09a9054090d4d3c2.jpg,0,1011,200,TRUE,0.459,,2026-10-05T05:12:44+00:00,231,non_flood/1789568749518_282700609501588260_7406490438318140161_457e5b27ff82f5cc09a9054090d4d3c2.jpg,non_flood,6f8a2b1e3bac95e251969c5917f1e9efd101db672b064d01404e978bf759aab4,JPEG,,1,1,,,TRUE
3G,400,200,metadata,232,1789568754305_282700609501588260_7406490438318140161_d8a8d242988605b04d1ce450fe6b34f8.jpg,0,1011,200,TRUE,0.475,,2026-10-05T05:12:44+00:00,232,non_flood/1789568754305_282700609501588260_7406490438318140161_d8a8d242988605b04d1ce450fe6b34f8.jpg,non_flood,7307e294c31f83de713f169ec3b7f14fbf73b87c78d059b45be2a3f57a9d72ce,JPEG,,1,1,,,TRUE
3G,400,200,metadata,233,AKR20211228058800052_01_i_P4.jpg,0,1011,200,TRUE,0.474,,2026-10-05T05:12:44+00:00,233,non_flood/AKR20211228058800052_01_i_P4.jpg,non_flood,335da6829f7048e60a42a406f54985c7d1132dfd769137c48965aacc601b4128,JPEG,,1,1,,,TRUE
3G,400,200,metadata,234,images (1)1.jpg,0,1011,200,TRUE,0.476,,2026-10-05T05:12:45+00:00,234,non_flood/images (1)1.jpg,non_flood,dfd2bf25abb8eff1566c1e6ff4ab87eb832382ac1a5a49549e1b0fe0b9a63cb4,JPEG,,1,1,,,TRUE
3G,400,200,metadata,235,화면 캡처 2025-03-05 175914.jpg,0,1011,200,TRUE,0.476,,2026-10-05T05:12:45+00:00,235,non_flood/화면 캡처 2025-03-05 175914.jpg,non_flood,ec30de984e565a34847944157425ede963aa0be23b065b3732eb9597ac76b1c9,JPEG,,1,1,,,TRUE
3G,400,200,metadata,236,화면 캡처 2025-03-05 152437.jpg,0,1011,200,TRUE,0.467,,2026-10-05T05:12:46+00:00,236,non_flood/화면 캡처 2025-03-05 152437.jpg,non_flood,2c620cd0c3d694d5119d85883fd7b23642f08ce0eb03ca21766e5c11224132a8,JPEG,,1,1,,,TRUE
3G,400,200,metadata,237,1789568749196_282700609501588260_7406490438318140161_1c6009c2a77bfa996d8a4d22d9c3fd58.jpg,0,1011,200,TRUE,0.463,,2026-10-05T05:12:46+00:00,237,non_flood/1789568749196_282700609501588260_7406490438318140161_1c6009c2a77bfa996d8a4d22d9c3fd58.jpg,non_flood,fa24d60c34be44fb934a934be05686d66907d81619216b140be5bd63c6439fe9,JPEG,,1,1,,,TRUE
3G,400,200,metadata,238,img (1).jpg,0,1011,200,TRUE,0.464,,2026-10-05T05:12:47+00:00,238,non_flood/img (1).jpg,non_flood,2c2088de1756cd1bc0e55d300d928af8b493d59df562e46be9c70c4263716bc2,JPEG,,1,1,,,TRUE
3G,400,200,metadata,239,202309111114430145_l.jpg,0,1011,200,TRUE,0.5,,2026-10-05T05:12:47+00:00,239,non_flood/202309111114430145_l.jpg,non_flood,0fb3a939767b0614bb5786a4f2d77661b71f316fe2cc9e2af3c0ef24d967eba5,JPEG,,1,1,,,TRUE
3G,400,200,metadata,240,화면 캡처 2025-03-05 180321.jpg,0,1011,200,TRUE,0.465,,2026-10-05T05:12:48+00:00,240,non_flood/화면 캡처 2025-03-05 180321.jpg,non_flood,9b63b57d9357dda36bab30f1bc0b45f80c734278fbc5fda7e490cbadde5e9837,JPEG,,1,1,,,TRUE
3G,400,200,metadata,241,6.jpg,0,1011,200,TRUE,0.47,,2026-10-05T05:12:48+00:00,241,non_flood/6.jpg,non_flood,c441af2946491166eb9a5c7a7ed9f49d47015d134c3e3290fe4746ba81eee258,PNG,,1,1,,,TRUE
3G,400,200,metadata,242,images (28)1.jpg,0,1011,200,TRUE,0.466,,2026-10-05T05:12:49+00:00,242,non_flood/images (28)1.jpg,non_flood,133ce5159193385fc30a15f207f7b085563f9f513765aa6d9db1527ff27d1e50,JPEG,,1,1,,,TRUE
3G,400,200,metadata,243,images - 2025-01-28T164753.512.jpg,0,1011,200,TRUE,0.457,,2026-10-05T05:12:49+00:00,243,non_flood/images - 2025-01-28T164753.512.jpg,non_flood,7b6a9c9dcaf36ed2edb0e435c1cbaffd8635cb82a1d1859270f3784b76dc232c,JPEG,,1,1,,,TRUE
3G,400,200,metadata,244,images (68).jpg,0,1011,200,TRUE,0.48,,2026-10-05T05:12:50+00:00,244,non_flood/images (68).jpg,non_flood,d567a330f9aae5ae4244d9c33131d265796c8b1f4c5b6f5418c96e4071dcb032,JPEG,,1,1,,,TRUE
3G,400,200,metadata,245,화면 캡처 2025-03-05 153618.jpg,0,1011,200,TRUE,0.488,,2026-10-05T05:12:50+00:00,245,non_flood/화면 캡처 2025-03-05 153618.jpg,non_flood,43e12f9c4c083131170e11f2d8982e9a4d0f854c0bca00f22be32a3cf44a28e7,JPEG,,1,1,,,TRUE
3G,400,200,metadata,246,1789568749222_282700609501588260_7406490438318140161_252d56e682395c7bebf8921689643574.jpg,0,1011,200,TRUE,0.477,,2026-10-05T05:12:51+00:00,246,non_flood/1789568749222_282700609501588260_7406490438318140161_252d56e682395c7bebf8921689643574.jpg,non_flood,de50feeb6fbbfce20c858b922e4c2b64a9db5cf8ce52fb254307a24842e778c5,JPEG,,1,1,,,TRUE
3G,400,200,metadata,247,다운로드 (26) 3.jpg,0,1011,200,TRUE,0.481,,2026-10-05T05:12:51+00:00,247,non_flood/다운로드 (26) 3.jpg,non_flood,de0b95d4b98a14825822659307248874d03101858f644f9721cec72b9101bbe5,JPEG,,1,1,,,TRUE
3G,400,200,metadata,248,다운로드 (28) 3.jpg,0,1011,200,TRUE,0.49,,2026-10-05T05:12:52+00:00,248,non_flood/다운로드 (28) 3.jpg,non_flood,6a97c90bfae9e3a4ee39e7a5c7fe2b75b4fe6a3e400b2a09afac18a275f41cae,JPEG,,1,1,,,TRUE
3G,400,200,metadata,249,1000_F_456742052_YudLlJwZCJdCGsCjS95JW1leO2jQrZcp.jpg,0,1011,200,TRUE,0.476,,2026-10-05T05:12:52+00:00,249,non_flood/1000_F_456742052_YudLlJwZCJdCGsCjS95JW1leO2jQrZcp.jpg,non_flood,782a4aa7d354dceb8d634480c647446953b8c04939dbd8a5ed8139b09f7c4157,JPEG,,1,1,,,TRUE
3G,400,200,metadata,250,다운로드 (38) 3.jpg,0,1011,200,TRUE,0.462,,2026-10-05T05:12:53+00:00,250,non_flood/다운로드 (38) 3.jpg,non_flood,33e834881a9e0e7ca027b9b8d2ac0f4ff9427e6d5bfe69ea0749c9b8c7188764,JPEG,,1,1,,,TRUE
3G,400,200,metadata,251,20200212_134749.jpg,0,1011,200,TRUE,0.458,,2026-10-05T05:12:53+00:00,251,non_flood/20200212_134749.jpg,non_flood,e8abcc77cfebf041681d602996e778ec393b201771d2b254574f0e69605d5ddb,JPEG,,1,1,,,TRUE
3G,400,200,metadata,252,화면 캡처 2025-03-05 182937.jpg,0,1011,200,TRUE,0.481,,2026-10-05T05:12:54+00:00,252,non_flood/화면 캡처 2025-03-05 182937.jpg,non_flood,8f01696570c558df42bd56f0e1b7a47c082f769ccad329ef34ab30faa3f60f82,JPEG,,1,1,,,TRUE
3G,400,200,metadata,253,화면 캡처 2025-03-05 172154.jpg,0,1011,200,TRUE,0.471,,2026-10-05T05:12:54+00:00,253,non_flood/화면 캡처 2025-03-05 172154.jpg,non_flood,f6fcb35702106630aad2a2728d5b82efd38162f3e9cf517455d74a5d23278b12,JPEG,,1,1,,,TRUE
3G,400,200,metadata,254,화면 캡처 2025-03-05 172249.jpg,0,1011,200,TRUE,0.491,,2026-10-05T05:12:55+00:00,254,non_flood/화면 캡처 2025-03-05 172249.jpg,non_flood,e23a2f32ccc399fb02b93fab72cd958f47f6bb4c22de82a938af7a41d6ce383a,JPEG,,1,1,,,TRUE
3G,400,200,metadata,255,images (6).jpg,0,1011,200,TRUE,0.474,,2026-10-05T05:12:55+00:00,255,non_flood/images (6).jpg,non_flood,134ad7a13637047c799be13d45bc3b1da685a64bc561af6f8a61c48f96183817,JPEG,,1,1,,,TRUE
3G,400,200,metadata,256,다운로드 (20).jpg,0,1011,200,TRUE,0.47,,2026-10-05T05:12:56+00:00,256,non_flood/다운로드 (20).jpg,non_flood,17cc0160b5cdbc2eb9a64b4d744148a135d43c44e6c1681297b514b6ac9f7e47,JPEG,,1,1,,,TRUE
3G,400,200,metadata,257,화면 캡처 2025-03-05 181325.jpg,0,1011,200,TRUE,0.487,,2026-10-05T05:12:56+00:00,257,non_flood/화면 캡처 2025-03-05 181325.jpg,non_flood,3ec886093348c65fb61f3249fd6060dbb373656412257f12bb9470c0e1de996d,JPEG,,1,1,,,TRUE
3G,400,200,compressed,1,images - 2025-01-28T184849.878.jpg,13461,14562,201,TRUE,0.793,,2026-10-05T05:12:57+00:00,1,low/images - 2025-01-28T184849.878.jpg,low,627c22c607ef478c79ea55e107f001691ab8ed53f6c54afdb050abe5682b7023,JPEG,JPEG,1,1,,,TRUE
3G,400,200,compressed,2,images - 2025-01-28T151941.007.jpg,12015,13116,201,TRUE,0.78,,2026-10-05T05:12:58+00:00,2,low/images - 2025-01-28T151941.007.jpg,low,5f0113ce019bca0d49e4a8f877b9b7bfb1a0d1ffcc2c4e07281f217530db5311,JPEG,JPEG,1,1,,,TRUE
3G,400,200,compressed,3,images - 2025-01-28T184423.521.jpg,3381,4480,201,TRUE,0.561,,2026-10-05T05:12:58+00:00,3,low/images - 2025-01-28T184423.521.jpg,low,bd922bb16c58fc71516ec9d7b5c1d93fb321d00de871e7ce760bf988adbba2d1,JPEG,JPEG,1,1,,,TRUE
3G,400,200,compressed,4,다운로드 (26).jpg,7595,8694,201,TRUE,0.639,,2026-10-05T05:12:59+00:00,4,low/다운로드 (26).jpg,low,8e49e8cfc10b1dac0f9007397fa30102f7fea32177ece824c7644737972900ce,JPEG,JPEG,1,1,,,TRUE
3G,400,200,compressed,5,images - 2025-01-28T151753.297.jpg,11822,12923,201,TRUE,0.764,,2026-10-05T05:13:00+00:00,5,low/images - 2025-01-28T151753.297.jpg,low,8a69d9e6278cb6a11e63a0539c222a18d45a3c9f836d5931fff6de5bb82647d8,JPEG,JPEG,1,1,,,TRUE
3G,400,200,compressed,6,10360-2-13961.jpg,21221,22322,201,TRUE,0.977,,2026-10-05T05:13:01+00:00,6,low/10360-2-13961.jpg,low,6471c406a970b2a0c56e05f2d4ed42dc78000ffb9270c7b845f4538095efef97,JPEG,JPEG,1,1,,,TRUE
3G,400,200,compressed,7,images - 2025-01-28T164625.541.jpg,7684,8783,201,TRUE,0.658,,2026-10-05T05:13:01+00:00,7,low/images - 2025-01-28T164625.541.jpg,low,910e7541da110f5fd52f2faf3d5df3773f3c6a8325667b69b6bfac1109c36c4a,JPEG,JPEG,1,1,,,TRUE
3G,400,200,compressed,8,images - 2025-01-28T163206.341.jpg,8286,9385,201,TRUE,0.686,,2026-10-05T05:13:02+00:00,8,low/images - 2025-01-28T163206.341.jpg,low,ce4daf7e801563c1ff173822486ce9ef7d57a394370159ff4c8d028d9c4c3315,JPEG,JPEG,1,1,,,TRUE
3G,400,200,compressed,9,images - 2025-01-28T152038.912.jpg,13030,14131,201,TRUE,0.781,,2026-10-05T05:13:03+00:00,9,low/images - 2025-01-28T152038.912.jpg,low,5b080e1cef380726476f73b0aa9611e1b960d63b67c5f6590a9516fa4a56e781,JPEG,JPEG,1,1,,,TRUE
3G,400,200,compressed,10,images - 2025-01-28T153916.966.jpg,11409,12510,201,TRUE,0.76,,2026-10-05T05:13:04+00:00,10,low/images - 2025-01-28T153916.966.jpg,low,f3feffaad630b6c5c07331468d12eb786d3fa1eff1094150cd2add6d7e2a5622,JPEG,JPEG,1,1,,,TRUE
3G,400,200,compressed,11,images - 2025-01-28T162916.619.jpg,8077,9176,201,TRUE,0.665,,2026-10-05T05:13:04+00:00,11,low/images - 2025-01-28T162916.619.jpg,low,37191e0f372cf8e2f989db33a05227a3bb392a945a33101a9ee99c43e1b61a11,JPEG,JPEG,1,1,,,TRUE
3G,400,200,compressed,12,images - 2025-01-28T162724.362.jpg,10432,11533,201,TRUE,0.725,,2026-10-05T05:13:05+00:00,12,low/images - 2025-01-28T162724.362.jpg,low,522ae358a781adfa05ea28cf94069fd8529c8f93241716587e2d26645ccbabd8,JPEG,JPEG,1,1,,,TRUE
3G,400,200,compressed,13,images - 2025-01-28T155350.781.jpg,10940,12041,201,TRUE,0.724,,2026-10-05T05:13:06+00:00,13,low/images - 2025-01-28T155350.781.jpg,low,45ea68dd2c16bca052d27d42b62ff743ecd20bb27e0e18696162cb2370691cc3,JPEG,JPEG,1,1,,,TRUE
3G,400,200,compressed,14,images (59).jpg,9593,10693,201,TRUE,0.709,,2026-10-05T05:13:06+00:00,14,low/images (59).jpg,low,8e6dbf6872b45499a89e3dace6e33843fa985c6cc64b71396185da03cc52acfa,JPEG,JPEG,1,1,,,TRUE
3G,400,200,compressed,15,image_9946309791508995980052.jpg,67334,68435,201,TRUE,2.005,,2026-10-05T05:13:08+00:00,15,low/image_9946309791508995980052.jpg,low,004188df1dea3d799e7a2c72e3e18b48406182dc1040d6f33ac325e69a2346e3,JPEG,JPEG,1,1,,,TRUE
3G,400,200,compressed,16,images - 2025-01-28T151819.441.jpg,11427,12528,201,TRUE,0.73,,2026-10-05T05:13:09+00:00,16,low/images - 2025-01-28T151819.441.jpg,low,0e7fa7e909dad9499bc66f079b7321ed3149daa2becccd015371f693bc4e8271,JPEG,JPEG,1,1,,,TRUE
3G,400,200,compressed,17,611212110012634149_1.jpg,47535,48636,201,TRUE,1.544,,2026-10-05T05:13:11+00:00,17,low/611212110012634149_1.jpg,low,45e44d7c5ab7f92be0542ab4eba296e772ab9194ae7d75c0dccffbbd067d8b09,JPEG,JPEG,1,1,,,TRUE
3G,400,200,compressed,18,images - 2025-01-28T154010.314.jpg,8833,9932,201,TRUE,0.696,,2026-10-05T05:13:11+00:00,18,low/images - 2025-01-28T154010.314.jpg,low,36d3870b9c93c429d8f3323a300793e1684348f5f926c9e91be6ec6ba42090c7,JPEG,JPEG,1,1,,,TRUE
3G,400,200,compressed,19,images - 2025-01-28T164648.101.jpg,7167,8266,201,TRUE,0.64,,2026-10-05T05:13:12+00:00,19,low/images - 2025-01-28T164648.101.jpg,low,c2efc1e04993962fc74094c7478fb291237307abc74a11df00334fdfbd188dbd,JPEG,JPEG,1,1,,,TRUE
3G,400,200,compressed,20,images (54).jpg,5041,6140,201,TRUE,0.592,,2026-10-05T05:13:13+00:00,20,low/images (54).jpg,low,603f1f9a482a3006952b159cda920bd8ed049209b34a50884f6b119685e131f8,JPEG,JPEG,1,1,,,TRUE
3G,400,200,compressed,21,AKR20240912005700084_14_i_P2.jpg,30638,31739,201,TRUE,1.155,,2026-10-05T05:13:14+00:00,21,low/AKR20240912005700084_14_i_P2.jpg,low,c4482010e40a042da2e83fd3c95bbf9c0712183a7770292863fa9417301f4861,JPEG,JPEG,1,1,,,TRUE
3G,400,200,compressed,22,images (87).jpg,7095,8194,201,TRUE,0.65,,2026-10-05T05:13:14+00:00,22,low/images (87).jpg,low,17e7c86fb13f0323a5c1d3be805646c59eec59d5beaea2658d297c0d3373e74b,JPEG,JPEG,1,1,,,TRUE
3G,400,200,compressed,23,0f569675-81fe-4a2b-a287-d2bd795d43ba.jpg,39162,40263,201,TRUE,1.354,,2026-10-05T05:13:16+00:00,23,low/0f569675-81fe-4a2b-a287-d2bd795d43ba.jpg,low,c81707abf5a85406bc2d94929967233a92a9306ae95f498d747d5f7752f7b902,JPEG,JPEG,1,1,,,TRUE
3G,400,200,compressed,24,다운로드 (9).jpg,11630,12731,201,TRUE,0.745,,2026-10-05T05:13:17+00:00,24,low/다운로드 (9).jpg,low,5df85c890ea4a636469d83b37c1af9cbc748052677e24a7db858ee48e001958c,JPEG,JPEG,1,1,,,TRUE
3G,400,200,compressed,25,images - 2025-01-28T185206.840.jpg,8281,9380,201,TRUE,0.68,,2026-10-05T05:13:17+00:00,25,low/images - 2025-01-28T185206.840.jpg,low,6228c1195a7fcd5d74faaea2760e62b51c03ca564ccb0283b455af8570496bee,JPEG,JPEG,1,1,,,TRUE
3G,400,200,compressed,26,화면 캡처 2025-03-05 165818.jpg,24253,25354,201,TRUE,1.013,,2026-10-05T05:13:18+00:00,26,low/화면 캡처 2025-03-05 165818.jpg,low,a16ebe8d0133bc9197eccfeb7d04f98d3305ef0b54f63e1ed8e9d3b8e0ad2617,JPEG,JPEG,1,1,,,TRUE
3G,400,200,compressed,27,images - 2025-01-28T154337.022.jpg,9577,10677,201,TRUE,0.686,,2026-10-05T05:13:19+00:00,27,low/images - 2025-01-28T154337.022.jpg,low,3621b715c4382601bd8cc43d18a16fcd9365f45d719b87e48af40fb2f8b0eca7,JPEG,JPEG,1,1,,,TRUE
3G,400,200,compressed,28,images - 2025-01-28T164652.242.jpg,11067,12168,201,TRUE,0.708,,2026-10-05T05:13:20+00:00,28,low/images - 2025-01-28T164652.242.jpg,low,61bbb7fe51bc1382fc36cf77c2b73775a0a246084d6feb061712fd1be4fff869,JPEG,JPEG,1,1,,,TRUE
3G,400,200,compressed,29,images - 2025-01-28T162955.160.jpg,10053,11154,201,TRUE,0.715,,2026-10-05T05:13:20+00:00,29,low/images - 2025-01-28T162955.160.jpg,low,1b302964ed960ca3a241f951926093e59174f5d18c0b37a222855ac08e6956d7,JPEG,JPEG,1,1,,,TRUE
3G,400,200,compressed,30,images - 2025-01-28T154225.875.jpg,5517,6616,201,TRUE,0.583,,2026-10-05T05:13:21+00:00,30,low/images - 2025-01-28T154225.875.jpg,low,2b6e1e23e9f6ff7c8f932f4404730b4ecdd6fd9b25b17db4b3169295d653cdf1,JPEG,JPEG,1,1,,,TRUE
3G,400,200,compressed,31,images (15) 2.jpg,12622,13723,201,TRUE,0.746,,2026-10-05T05:13:22+00:00,31,low/images (15) 2.jpg,low,42a5648cd763317c8064e73ce7a8af65cf545a2783580afb80f5e540f69bc858,JPEG,JPEG,1,1,,,TRUE
3G,400,200,compressed,32,00-276.jpg,43877,44978,201,TRUE,1.437,,2026-10-05T05:13:23+00:00,32,low/00-276.jpg,low,4a5b33b50f2ee942035dee793f948a2e4e7f67aa117904e8dcb845205c91e1ff,JPEG,JPEG,1,1,,,TRUE
3G,400,200,compressed,33,다운로드 (1).jpg,13115,14216,201,TRUE,0.784,,2026-10-05T05:13:24+00:00,33,low/다운로드 (1).jpg,low,8d60b77a9b72f390a27542b8465cb0466f5822cc53583d17bba89c6b36cc7d9c,JPEG,JPEG,1,1,,,TRUE
3G,400,200,compressed,34,다운로드 (55).jpg,13620,14721,201,TRUE,0.762,,2026-10-05T05:13:25+00:00,34,low/다운로드 (55).jpg,low,727e6934838d73713fd5680aa6825c4c45ec12e3a8927f05d322de39adacd73d,JPEG,JPEG,1,1,,,TRUE
3G,400,200,compressed,35,images - 2025-01-28T164829.543.jpg,8030,9129,201,TRUE,0.617,,2026-10-05T05:13:25+00:00,35,low/images - 2025-01-28T164829.543.jpg,low,7179a8b265946063e758d20acaa77ee8e110b6d3e141ca7d703db63e145256a1,JPEG,JPEG,1,1,,,TRUE
3G,400,200,compressed,36,images - 2025-01-28T155549.589.jpg,8297,9396,201,TRUE,0.686,,2026-10-05T05:13:26+00:00,36,low/images - 2025-01-28T155549.589.jpg,low,6244cdd6c0edfe22c5952588894aa08869241d031569c86fdce429f18753f322,JPEG,JPEG,1,1,,,TRUE
3G,400,200,compressed,37,다운로드 (46).jpg,6104,7203,201,TRUE,0.596,,2026-10-05T05:13:27+00:00,37,low/다운로드 (46).jpg,low,7f2b0f743bc087d93641e7ed726bdba3d3384d89d3c579272c3c2adb58bd7f38,JPEG,JPEG,1,1,,,TRUE
3G,400,200,compressed,38,images - 2025-01-28T164746.970.jpg,8184,9283,201,TRUE,0.65,,2026-10-05T05:13:27+00:00,38,low/images - 2025-01-28T164746.970.jpg,low,257241bb1a41503ca4e3473135a35ccfe89377ad19bc03d86acfcdf04c1fd04e,JPEG,JPEG,1,1,,,TRUE
3G,400,200,compressed,39,images - 2025-01-28T185020.777.jpg,2957,4056,201,TRUE,0.522,,2026-10-05T05:13:28+00:00,39,low/images - 2025-01-28T185020.777.jpg,low,ffb1ec4da5b736da8737cd08b7fd7151a850e239fe1d35f9beb3b1a16c7bd202,JPEG,JPEG,1,1,,,TRUE
3G,400,200,compressed,40,다운로드 (22).jpg,9866,10966,201,TRUE,0.696,,2026-10-05T05:13:29+00:00,40,low/다운로드 (22).jpg,low,e1dfc556a80e773bf1f1e3b61cb7ae583d59f2076ae7a8c535500670c82de27b,JPEG,JPEG,1,1,,,TRUE
3G,400,200,compressed,41,images (37).jpg,12606,13707,201,TRUE,0.786,,2026-10-05T05:13:29+00:00,41,low/images (37).jpg,low,9b946ad1758501c74a140ee2e4f9789598a5d5295c956bf0e8e280805f794205,JPEG,JPEG,1,1,,,TRUE
3G,400,200,compressed,42,noise (2).jpg,34531,35632,201,TRUE,1.29,,2026-10-05T05:13:31+00:00,42,low/noise (2).jpg,low,c6ff296ef4fd9aa096d5af20edf68e6c94a34fff61edfc6316b25142bd37cc4b,JPEG,JPEG,1,1,,,TRUE
3G,400,200,compressed,43,images - 2025-01-28T163118.084.jpg,10906,12007,201,TRUE,0.723,,2026-10-05T05:13:31+00:00,43,low/images - 2025-01-28T163118.084.jpg,low,a299fe9fa37c2e607bd62439d742f9f3bc7d9901c9e99c97394343d0713f4081,JPEG,JPEG,1,1,,,TRUE
3G,400,200,compressed,44,화면 캡처 2025-03-05 163951.jpg,32175,33276,201,TRUE,1.212,,2026-10-05T05:13:33+00:00,44,low/화면 캡처 2025-03-05 163951.jpg,low,75f31a48a4346e254922a4eeab72b30456bc9d47b5e88b0b215e2f75b0f79541,JPEG,JPEG,1,1,,,TRUE
3G,400,200,compressed,45,a-1697518992.jpg,25812,26913,201,TRUE,1.074,,2026-10-05T05:13:34+00:00,45,low/a-1697518992.jpg,low,3289d204c8e03d8944248936bc454d5aea5b59bc41a1b96269125c2ab581cd07,JPEG,JPEG,1,1,,,TRUE
3G,400,200,compressed,46,images - 2025-01-28T184855.222.jpg,12322,13423,201,TRUE,0.795,,2026-10-05T05:13:34+00:00,46,low/images - 2025-01-28T184855.222.jpg,low,a3ad1d1dd7b1392d7045d0b3c5817c60fd0cb09e35d794ec3d97e405f1535c72,JPEG,JPEG,1,1,,,TRUE
3G,400,200,compressed,47,Mua-lon-nhieu-tuyen-duong-bi-chia-cat-do-ngap.jpg,146478,147581,201,TRUE,3.787,,2026-10-05T05:13:38+00:00,47,low/Mua-lon-nhieu-tuyen-duong-bi-chia-cat-do-ngap.jpg,low,4a636722eac7947289e2ee351659d3279aa8bdec7de3d526aa7301e0e8ea83da,JPEG,JPEG,1,1,,,TRUE
3G,400,200,compressed,48,images (91).jpg,13731,14832,201,TRUE,0.791,,2026-10-05T05:13:39+00:00,48,low/images (91).jpg,low,67694493a5915b456599ffc85f79ad2dd89141dceff2f273b1a6fc4eec5545f2,JPEG,JPEG,1,1,,,TRUE
3G,400,200,compressed,49,화면 캡처 2025-03-05 164019.jpg,24434,25535,201,TRUE,1.032,,2026-10-05T05:13:40+00:00,49,low/화면 캡처 2025-03-05 164019.jpg,low,1126614ab6ce433834ff4010ee4bd775c2cd1aa3003778eb505e2a4aa9f65347,JPEG,JPEG,1,1,,,TRUE
3G,400,200,compressed,50,화면 캡처 2025-03-05 163845.jpg,25457,26558,201,TRUE,1.056,,2026-10-05T05:13:41+00:00,50,low/화면 캡처 2025-03-05 163845.jpg,low,f37481db61b1f1ec7156ad68fdf0937297f0e9c760cf48f5ab6dab76844e6cd4,JPEG,JPEG,1,1,,,TRUE
3G,400,200,compressed,51,images (80).jpg,10589,11690,201,TRUE,0.709,,2026-10-05T05:13:42+00:00,51,low/images (80).jpg,low,6ab02506062e3a532cc7277be599710a40e1b3d03540eb3cfa12b992e90040df,JPEG,JPEG,1,1,,,TRUE
3G,400,200,compressed,52,images - 2025-01-28T153836.835.jpg,10038,11139,201,TRUE,0.693,,2026-10-05T05:13:43+00:00,52,low/images - 2025-01-28T153836.835.jpg,low,2b4d23d3ece2cfa10cee3f0ccbac81b7500e2854e2cd3374c2931007e9eb8fed,JPEG,JPEG,1,1,,,TRUE
3G,400,200,compressed,53,화면 캡처 2025-03-05 164330.jpg,19314,20415,201,TRUE,0.927,,2026-10-05T05:13:44+00:00,53,low/화면 캡처 2025-03-05 164330.jpg,low,ac7842800d9d2b89c7f6b5923074a26327ea286bfe40fe81ccf63c23976a85ec,JPEG,JPEG,1,1,,,TRUE
3G,400,200,compressed,54,images (12) 2.png,136154,137257,201,TRUE,3.594,,2026-10-05T05:13:47+00:00,54,low/images (12) 2.png,low,19586a122eb5e6c4de00bbc09b02339b387d0249a05e3690dc9383bf50991314,PNG,JPEG,1,1,,,TRUE
3G,400,200,compressed,55,화면 캡처 2025-03-05 161116.jpg,21336,22437,201,TRUE,0.927,,2026-10-05T05:13:48+00:00,55,low/화면 캡처 2025-03-05 161116.jpg,low,2f3fe63f36ec75ca5fe0896caac06cf0dfb0e2dee8ed43f0a30fb0a50932a445,JPEG,JPEG,1,1,,,TRUE
3G,400,200,compressed,56,img1.jpeg,10652,11753,201,TRUE,0.693,,2026-10-05T05:13:49+00:00,56,low/img1.jpeg,low,df6f1fbc5204bce20da729fd09ed7bab81e77e6be21e927ae06db39c90a2cf79,JPEG,JPEG,1,1,,,TRUE
3G,400,200,compressed,57,images - 2025-01-28T163022.980.jpg,4780,5879,201,TRUE,0.593,,2026-10-05T05:13:49+00:00,57,low/images - 2025-01-28T163022.980.jpg,low,2f635c3682eac9888a201958073889594b75b8dcc7dcbfe564d176fc91dc460c,JPEG,JPEG,1,1,,,TRUE
3G,400,200,compressed,58,images (15).jpg,8516,9615,201,TRUE,0.677,,2026-10-05T05:13:50+00:00,58,medium/images (15).jpg,medium,68d7ac5485564e08315c8e181b868d10acff2c3c5c6dc30c679eb3b5b69cfbef,JPEG,JPEG,1,1,,,TRUE
3G,400,200,compressed,59,images (78).jpg,10995,12096,201,TRUE,0.728,,2026-10-05T05:13:51+00:00,59,medium/images (78).jpg,medium,b4b3ef29acbc224733e0fca30af83d9c673fcf01e12617e34849d86822b9a976,JPEG,JPEG,1,1,,,TRUE
3G,400,200,compressed,60,chay-lu-7-21441025-1730073553208-1730073553540228535485.webp,169896,170999,201,TRUE,4.342,,2026-10-05T05:13:55+00:00,60,medium/chay-lu-7-21441025-1730073553208-1730073553540228535485.webp,medium,cfd7d11cdfec3d412e4106d470269c2d681c2e892295978e173cbaad46f5f9d9,JPEG,JPEG,1,1,,,TRUE
3G,400,200,compressed,61,images (22).jpg,5668,6767,201,TRUE,0.613,,2026-10-05T05:13:56+00:00,61,medium/images (22).jpg,medium,964bf4e7039c2ec2acabd3c177af4e6ef36611981fee5ba61d36aaedfe62c2e2,JPEG,JPEG,1,1,,,TRUE
3G,400,200,compressed,62,images (45).jpg,9489,10589,201,TRUE,0.678,,2026-10-05T05:13:56+00:00,62,medium/images (45).jpg,medium,612f49698ba90aa45ecdc5f73e555115e850cfd56c76277e9fd29c228af6e5e6,JPEG,JPEG,1,1,,,TRUE
3G,400,200,compressed,63,flood_6166.jpg,39136,40237,201,TRUE,1.353,,2026-10-05T05:13:58+00:00,63,medium/flood_6166.jpg,medium,4159ac8c969671d4a3255912207f9df9bc98049492c0cc0a95362b24eeeb8878,JPEG,JPEG,1,1,,,TRUE
3G,400,200,compressed,64,0112mualu_21112025075850_160.jpg,83525,84626,201,TRUE,2.367,,2026-10-05T05:14:00+00:00,64,medium/0112mualu_21112025075850_160.jpg,medium,8e6d53d2adb0fcb04f8e21dc8aab39bbad0c3edc23f7229aa2944aa9748cc253,JPEG,JPEG,1,1,,,TRUE
3G,400,200,compressed,65,images - 2025-01-28T151322.303.jpg,11082,12183,201,TRUE,0.766,,2026-10-05T05:14:01+00:00,65,medium/images - 2025-01-28T151322.303.jpg,medium,3f1084ef380ebd82dc42f44fdb037103ec757f85062ae269d4c2b5eb5808e296,JPEG,JPEG,1,1,,,TRUE
3G,400,200,compressed,66,image.png,29460,30561,201,TRUE,1.133,,2026-10-05T05:14:02+00:00,66,medium/image.png,medium,66927b3f9717a549fecf7b7d88f8bed53466a78257911fa97ac4cda3d369968a,PNG,JPEG,1,1,,,TRUE
3G,400,200,compressed,67,807798211_1065370852913193_4397432111052496019_n.jpg,226566,227669,201,TRUE,5.545,,2026-10-05T05:14:08+00:00,67,medium/807798211_1065370852913193_4397432111052496019_n.jpg,medium,c24f1ae0af40897ab0cb7a1698d101b1e9bb770c27d0f34ab8c6a102df72e9e6,JPEG,JPEG,1,1,,,TRUE
3G,400,200,compressed,68,flood_6259.jpg,21111,22212,201,TRUE,0.89,,2026-10-05T05:14:09+00:00,68,medium/flood_6259.jpg,medium,4de8fa884f2d57dd80d3dfe3178fc9dbe4733bdc5d19a8460ff6bec341aafac4,JPEG,JPEG,1,1,,,TRUE
3G,400,200,compressed,69,flood_6286.jpg,34443,35544,201,TRUE,1.244,,2026-10-05T05:14:10+00:00,69,medium/flood_6286.jpg,medium,eaeee6cb6978717c20f2879f549380c6c27c3bdc8baadc397bd2060fedbf7c44,JPEG,JPEG,1,1,,,TRUE
3G,400,200,compressed,70,lam-dong-1764843506279818449019.jpg,97469,98570,201,TRUE,2.648,,2026-10-05T05:14:12+00:00,70,medium/lam-dong-1764843506279818449019.jpg,medium,bcacb2153b8df70663102f9fba3181b6b2177a21c79f9bf3123386fd3987e1ac,JPEG,JPEG,1,1,,,TRUE
3G,400,200,compressed,71,images (46).jpg,7492,8591,201,TRUE,0.639,,2026-10-05T05:14:13+00:00,71,medium/images (46).jpg,medium,38a8de4ce3022b4cdc0338ba5d0a3a4dc567e1af297a376ca1dca48e063ef256,JPEG,JPEG,1,1,,,TRUE
3G,400,200,compressed,72,다운로드 (12).jpg,12834,13935,201,TRUE,0.778,,2026-10-05T05:14:14+00:00,72,medium/다운로드 (12).jpg,medium,bcf35d05b7688362f8f6710240a89e8ee8509a08cb181949b7074babcd5d0365,JPEG,JPEG,1,1,,,TRUE
3G,400,200,compressed,73,noise (5).jpg,29458,30559,201,TRUE,1.136,,2026-10-05T05:14:15+00:00,73,medium/noise (5).jpg,medium,eb819a1dbb0043f513069582edbf918ce471cbaa687c26336af6a2ef8d301e1f,JPEG,JPEG,1,1,,,TRUE
3G,400,200,compressed,74,flood_1247.jpg,45565,46666,201,TRUE,1.506,,2026-10-05T05:14:17+00:00,74,medium/flood_1247.jpg,medium,be2b6774ad0ec21cbc1951fb0ceb3f62b35281ede3bb7c5b18c00488e7f3ff5f,JPEG,JPEG,1,1,,,TRUE
3G,400,200,compressed,75,quangbinh-6177.jpeg,41486,42587,201,TRUE,1.393,,2026-10-05T05:14:18+00:00,75,medium/quangbinh-6177.jpeg,medium,eed28d4cd27554ac50c77d00e653f3c51123d57f1311e4772fe98da723416719,JPEG,JPEG,1,1,,,TRUE
3G,400,200,compressed,76,20231124_uS9nUj.jpg,50110,51211,201,TRUE,1.643,,2026-10-05T05:14:20+00:00,76,medium/20231124_uS9nUj.jpg,medium,605154cc415e0e03701135d8283a92ae646b8b1efe374d9647f9c201ff7904d8,JPEG,JPEG,1,1,,,TRUE
3G,400,200,compressed,77,images (3).jpg,15855,16956,201,TRUE,0.836,,2026-10-05T05:14:20+00:00,77,medium/images (3).jpg,medium,4e5d64ecdd47da38de6324ac82b12c23fc99fa40da3590684b67029bc4eb9f2f,JPEG,JPEG,1,1,,,TRUE
3G,400,200,compressed,78,images (92).jpg,11252,12353,201,TRUE,0.729,,2026-10-05T05:14:21+00:00,78,medium/images (92).jpg,medium,0a5033d763a93d7c4dc9cb5dbe45a3a857b134882649b6e0442be4087e1c8aad,JPEG,JPEG,1,1,,,TRUE
3G,400,200,compressed,79,images - 2025-01-28T155148.034.jpg,12444,13545,201,TRUE,0.745,,2026-10-05T05:14:22+00:00,79,medium/images - 2025-01-28T155148.034.jpg,medium,595d2030d6eb563f32639a2f3a95a81024e5d889bd186a03fb2282b99011752c,JPEG,JPEG,1,1,,,TRUE
3G,400,200,compressed,80,image_186.jpg,61803,62904,201,TRUE,1.864,,2026-10-05T05:14:24+00:00,80,medium/image_186.jpg,medium,41aed1f809a8893cd69369b1ab9d4b22495fca4367babe1d7e85416354d90136,JPEG,JPEG,1,1,,,TRUE
3G,400,200,compressed,81,AA.30869797.1.jpg,28087,29188,201,TRUE,1.134,,2026-10-05T05:14:25+00:00,81,medium/AA.30869797.1.jpg,medium,4a1c37b2f5930b315a2a051c78ba8b37577df112f273cfe90e854486413c8474,JPEG,JPEG,1,1,,,TRUE
3G,400,200,compressed,82,1000014818-17616251502381327466398-136-106-1007-1500-crop-17616257967731607029814.webp,116597,117700,201,TRUE,3.089,,2026-10-05T05:14:28+00:00,82,medium/1000014818-17616251502381327466398-136-106-1007-1500-crop-17616257967731607029814.webp,medium,cd507abecb098f7dbbb04c9b5b710fd430eeeada6471e06d961d72f260bbcd96,WEBP,JPEG,1,1,,,TRUE
3G,400,200,compressed,83,img76.jpg,52043,53144,201,TRUE,1.655,,2026-10-05T05:14:30+00:00,83,medium/img76.jpg,medium,b06765974f3a5fc63db4f5affcf65eda68973fa2fe7efbd7007d3fa0548ef3c2,JPEG,JPEG,1,1,,,TRUE
3G,400,200,compressed,84,flood_6330.jpg,38475,39576,201,TRUE,1.332,,2026-10-05T05:14:31+00:00,84,medium/flood_6330.jpg,medium,390684aba7b3f3bba4d62cfbfeb5a2dfe99b486784957eb686faea673a9e203c,JPEG,JPEG,1,1,,,TRUE
3G,400,200,compressed,85,939cf7ba3afa4a60bbb76760f3fd5aba.jpg,30792,31893,201,TRUE,1.169,,2026-10-05T05:14:32+00:00,85,medium/939cf7ba3afa4a60bbb76760f3fd5aba.jpg,medium,ef98ff56a143b33046879132ceaed70eea555d53ad31f60e20bff9107700f3ab,JPEG,JPEG,1,1,,,TRUE
3G,400,200,compressed,86,flood_4813.jpg,23069,24170,201,TRUE,0.981,,2026-10-05T05:14:33+00:00,86,medium/flood_4813.jpg,medium,bdc67b21f57e090669243d986f772b0450ccc43065c54e162361e6f83f5ed758,JPEG,JPEG,1,1,,,TRUE
3G,400,200,compressed,87,images - 2025-01-28T184959.137.jpg,7573,8672,201,TRUE,0.67,,2026-10-05T05:14:34+00:00,87,medium/images - 2025-01-28T184959.137.jpg,medium,1ddd3ac5a0681f32307ea622308e561dc84e90c75a16629ac5c1b1b6ec91b3c0,JPEG,JPEG,1,1,,,TRUE
3G,400,200,compressed,88,quang-tri-quang-ngai-sap-mua-to-dai-ngay-dac-biet-hue-co-the-tren-500mm-1760611196899.webp,6497,7596,201,TRUE,0.639,,2026-10-05T05:14:34+00:00,88,medium/quang-tri-quang-ngai-sap-mua-to-dai-ngay-dac-biet-hue-co-the-tren-500mm-1760611196899.webp,medium,3d3f2f1ffc39aba5eec801859433c261eea9b3bde161c4a0528ddef08557cf39,WEBP,JPEG,1,1,,,TRUE
3G,400,200,compressed,89,flood_6326.jpg,21506,22607,201,TRUE,0.952,,2026-10-05T05:14:35+00:00,89,medium/flood_6326.jpg,medium,de44e55a13026a349ca25e762328448ac121bae58b24f5913a41b78d04d81704,JPEG,JPEG,1,1,,,TRUE
3G,400,200,compressed,90,img9.jpg,7866,8965,201,TRUE,0.637,,2026-10-05T05:14:36+00:00,90,medium/img9.jpg,medium,db9567b5b08ea11ec818bbd8a6f2571f8fd6bb0fc653a56c7b85ff2fb3d91f65,JPEG,JPEG,1,1,,,TRUE
3G,400,200,compressed,91,images (32).jpg,11788,12889,201,TRUE,0.747,,2026-10-05T05:14:37+00:00,91,medium/images (32).jpg,medium,0846f0df1312f26089cf20655aec68f8843c27732284c6406337d8acb15e5fef,JPEG,JPEG,1,1,,,TRUE
3G,400,200,compressed,92,image_0144.jpg,38455,39556,201,TRUE,1.34,,2026-10-05T05:14:38+00:00,92,medium/image_0144.jpg,medium,61f4b3a1508df32e80f65b1bd00bca3059e6b60b624f0e224fa4c92ebeb0c529,JPEG,JPEG,1,1,,,TRUE
3G,400,200,compressed,93,images (37).jpg,5188,6287,201,TRUE,0.608,,2026-10-05T05:14:39+00:00,93,medium/images (37).jpg,medium,ed83e76f54c9708880e842d5c8dc5458dbbb77e0198c0794c7100616d891b7a8,JPEG,JPEG,1,1,,,TRUE
3G,400,200,compressed,94,images (13).jpg,11070,12171,201,TRUE,0.729,,2026-10-05T05:14:40+00:00,94,medium/images (13).jpg,medium,b2918a66e66571b0f53f2f754255d276dc3ddc368ed02583b450ddec3e233505,JPEG,JPEG,1,1,,,TRUE
3G,400,200,compressed,95,flood_6129.jpg,28634,29735,201,TRUE,1.109,,2026-10-05T05:14:41+00:00,95,medium/flood_6129.jpg,medium,15e0255f8dd1ce3ee3abc5096854ceb13840bbb1a016e09f63c5dd46aa189b6f,JPEG,JPEG,1,1,,,TRUE
3G,400,200,compressed,96,gia-lai-1.jpg,42217,43318,201,TRUE,1.407,,2026-10-05T05:14:42+00:00,96,medium/gia-lai-1.jpg,medium,d99d981b85abdd79662b29dc36ceccf6f2c8b516fc557a9aaabffa044ac29110,JPEG,JPEG,1,1,,,TRUE
3G,400,200,compressed,97,805357338_1065370609579884_4614583555099717146_n.jpg,205671,206774,201,TRUE,5.063,,2026-10-05T05:14:47+00:00,97,medium/805357338_1065370609579884_4614583555099717146_n.jpg,medium,4b825284c811f72e3d234cd85fa06bfa6c715a8e0580801cbe37a3897039fedd,JPEG,JPEG,1,1,,,TRUE
3G,400,200,compressed,98,image_038.jpg,94240,95341,201,TRUE,2.611,,2026-10-05T05:14:50+00:00,98,medium/image_038.jpg,medium,6136434252d2fd2654427ab7233aa03edc8b4586c9f5edeae9445512a8c1a986,JPEG,JPEG,1,1,,,TRUE
3G,400,200,compressed,99,img54.webp,55551,56652,201,TRUE,1.681,,2026-10-05T05:14:51+00:00,99,medium/img54.webp,medium,18376708cee0912e197cd3109b168583b99612198d7227800d4e04ddba7efb8c,WEBP,JPEG,1,1,,,TRUE
3G,400,200,compressed,100,flood_6343.jpg,28334,29435,201,TRUE,1.121,,2026-10-05T05:14:53+00:00,100,medium/flood_6343.jpg,medium,bdaabbf877bb24950a976dcee568d7b2f9da082f2df398c581aa9544c8c2d113,JPEG,JPEG,1,1,,,TRUE
3G,400,200,compressed,101,flood_6140.jpg,23785,24886,201,TRUE,1.031,,2026-10-05T05:14:54+00:00,101,medium/flood_6140.jpg,medium,75047d855512c1e7aacdcc71d3424ba42258375fb4558f42e0d1e4d2eb95ab8e,JPEG,JPEG,1,1,,,TRUE
3G,400,200,compressed,102,5836-17634553662361993507720-168-0-1016-1620-crop-17634553816821875286789.webp,55107,56208,201,TRUE,1.692,,2026-10-05T05:14:55+00:00,102,medium/5836-17634553662361993507720-168-0-1016-1620-crop-17634553816821875286789.webp,medium,0f7a3cf9489a57a9d7a85f736ecdc9d61f2292d237dc1d516e81b7144328b65c,WEBP,JPEG,1,1,,,TRUE
3G,400,200,compressed,103,image_024.jpg,69607,70708,201,TRUE,2.03,,2026-10-05T05:14:57+00:00,103,medium/image_024.jpg,medium,4eeeb9650eff67134821474e3be3eef270bc952e5ce699ac5058d98d6272e7dd,JPEG,JPEG,1,1,,,TRUE
3G,400,200,compressed,104,image_311.jpg,135716,136819,201,TRUE,3.524,,2026-10-05T05:15:01+00:00,104,medium/image_311.jpg,medium,c2beb6ef457469d2c37347629f6fa6e5734de8643f9f4edf7b66827e56ea6b6d,JPEG,JPEG,1,1,,,TRUE
3G,400,200,compressed,105,images (16).jpg,10750,11851,201,TRUE,0.692,,2026-10-05T05:15:02+00:00,105,medium/images (16).jpg,medium,c1bb1154b3b1871cf95bfa43c8ff8a3af539e5c68618b1ad2044724ef2759de0,JPEG,JPEG,1,1,,,TRUE
3G,400,200,compressed,106,images-873cb504e7c333c6f74c7394a73d201acf9fae6cd36600561e3775ee8c31ca9b060d5497fad80da70437e59e48a14722-_111-6190.jpg,213085,214188,201,TRUE,5.154,,2026-10-05T05:15:07+00:00,106,medium/images-873cb504e7c333c6f74c7394a73d201acf9fae6cd36600561e3775ee8c31ca9b060d5497fad80da70437e59e48a14722-_111-6190.jpg,medium,d43f170f886d44555d05924ddee0439ecc18f50954cb91026c0100f4f0abc874,JPEG,JPEG,1,1,,,TRUE
3G,400,200,compressed,107,vnapotalquangtritieptucmualonlulennhanhgayngaplutdienrong1917541315072353-16029002171551755047725.webp,102638,103741,201,TRUE,2.737,,2026-10-05T05:15:09+00:00,107,medium/vnapotalquangtritieptucmualonlulennhanhgayngaplutdienrong1917541315072353-16029002171551755047725.webp,medium,08612801e26c708aa52eaadfca720becdaa6c15652f2e6f18d51d644f98d9c1d,WEBP,JPEG,1,1,,,TRUE
3G,400,200,compressed,108,n3.jpg,8631,9730,201,TRUE,0.679,,2026-10-05T05:15:10+00:00,108,medium/n3.jpg,medium,07538d70a44b40d3b440325619b3ca9b32650ede44a0d00d1d9dad1b99fbe4ee,JPEG,JPEG,1,1,,,TRUE
3G,400,200,compressed,109,39.jpg,82526,83627,201,TRUE,2.369,,2026-10-05T05:15:13+00:00,109,medium/39.jpg,medium,fdd7f649e7ae81c6a92c2912a2b1274d61a062ef4a830ad5dcf91d987895347d,JPEG,JPEG,1,1,,,TRUE
3G,400,200,compressed,110,lu-ky-luc-tren-hai-song-o-mien-trung-ngap-lut-lan-rong-tai-6-tinh-thanh-904.jpg,111435,112538,201,TRUE,3.033,,2026-10-05T05:15:16+00:00,110,medium/lu-ky-luc-tren-hai-song-o-mien-trung-ngap-lut-lan-rong-tai-6-tinh-thanh-904.jpg,medium,1208d8781d1283f8a2bf6df0db67a322020a4d22d1e5e77c892664b2dbe7ee09,JPEG,JPEG,1,1,,,TRUE
3G,400,200,compressed,111,edit-z7290483264645f5e6e37fc44ef85a5b1ffafb92dc59ab-17648137370111953943839-0-27-1131-1837-crop-1764813752388209128783.webp,163762,164865,201,TRUE,4.161,,2026-10-05T05:15:20+00:00,111,medium/edit-z7290483264645f5e6e37fc44ef85a5b1ffafb92dc59ab-17648137370111953943839-0-27-1131-1837-crop-1764813752388209128783.webp,medium,e0173401e7ade0280806d8f19ae43363fd2e8405d20aaacd33cee72d7b6dbc73,WEBP,JPEG,1,1,,,TRUE
3G,400,200,compressed,112,images - 2025-01-28T185558.906.jpg,4116,5215,201,TRUE,0.568,,2026-10-05T05:15:20+00:00,112,medium/images - 2025-01-28T185558.906.jpg,medium,f0860d21495f47388ed3e6696ce3785aee4da2cb1de4a590575461e038f7bae0,JPEG,JPEG,1,1,,,TRUE
3G,400,200,compressed,113,1763565218045_mua1-191125.jpeg,48581,49682,201,TRUE,1.612,,2026-10-05T05:15:22+00:00,113,medium/1763565218045_mua1-191125.jpeg,medium,c91db90f158b3e8e854df4c1e3e8eb835f1cb537912568ae19100e6c51e917a2,JPEG,JPEG,1,1,,,TRUE
3G,400,200,compressed,114,noise_n (3).jpg,30935,32036,201,TRUE,1.168,,2026-10-05T05:15:23+00:00,114,medium/noise_n (3).jpg,medium,737a36757baaeb65b62ecc21fd1a7cd2a49f865293696cdbf80f73a117604639,JPEG,JPEG,1,1,,,TRUE
3G,400,200,compressed,115,81329cb922f6cba892e7-jpg-31673361078756138245019-50182452114320146060691.webp,17935,19036,201,TRUE,0.872,,2026-10-05T05:15:24+00:00,115,medium/81329cb922f6cba892e7-jpg-31673361078756138245019-50182452114320146060691.webp,medium,e0c7a3f120e8fc4f8f930f71cb2441f187c7414913c50d326be0c10542c46d7b,WEBP,JPEG,1,1,,,TRUE
3G,400,200,compressed,116,noise (6).jpg,33879,34980,201,TRUE,1.248,,2026-10-05T05:15:25+00:00,116,medium/noise (6).jpg,medium,bacbea8fde543a342777a2e58cffb846bcab7312db734f6bb61c321e3e752dda,JPEG,JPEG,1,1,,,TRUE
3G,400,200,compressed,117,images - 2025-01-28T151947.364.jpg,11120,12221,201,TRUE,0.713,,2026-10-05T05:15:26+00:00,117,medium/images - 2025-01-28T151947.364.jpg,medium,e7b8e37ef4d169937e886cd8663859ecb7af96df687a212be179822094715e95,JPEG,JPEG,1,1,,,TRUE
3G,400,200,compressed,118,images (63).jpg,11385,12486,201,TRUE,0.726,,2026-10-05T05:15:27+00:00,118,medium/images (63).jpg,medium,6184d9e6b2bfe1c7ee6d03565b9bc592d4c3e55b2b707ef326f6c7e8504043b8,JPEG,JPEG,1,1,,,TRUE
3G,400,200,compressed,119,floods_cambodia_avid_w.jpg,39317,40418,201,TRUE,1.341,,2026-10-05T05:15:28+00:00,119,high/floods_cambodia_avid_w.jpg,high,ddb850ec825f321b37caa568aee6098cfd4d06c0affb70c72c9ee4ad142c3d9a,JPEG,JPEG,1,1,,,TRUE
3G,400,200,compressed,120,download.webp,17370,18471,201,TRUE,0.88,,2026-10-05T05:15:29+00:00,120,high/download.webp,high,9882a77a13f8404c4875c672327af6c30f711e1398f55d4278eedc70320775fc,WEBP,JPEG,1,1,,,TRUE
3G,400,200,compressed,121,img9.webp,111755,112858,201,TRUE,2.997,,2026-10-05T05:15:32+00:00,121,high/img9.webp,high,553641be2dee253e89f8ca5829376e2c718e3455ca1b13cdd9e3f4637edaa900,WEBP,JPEG,1,1,,,TRUE
3G,400,200,compressed,122,flood_4800.jpg,73856,74957,201,TRUE,2.095,,2026-10-05T05:15:34+00:00,122,high/flood_4800.jpg,high,0fcf65f440f4bb571ef8372897e08b4598b0e90023bb6700f222a036752a070e,JPEG,JPEG,1,1,,,TRUE
3G,400,200,compressed,123,flood_732.jpg,166394,167497,201,TRUE,4.232,,2026-10-05T05:15:38+00:00,123,high/flood_732.jpg,high,cd381b32133ec4671de6a5b7bbdaf0934357d776d35c3e143fb4cff864027893,JPEG,JPEG,1,1,,,TRUE
3G,400,200,compressed,124,z7243826042725e83c8d03deb27f56d1a1aad2b13b8e87-176362146979047283232-15-0-615-960-crop-17636214777741938859206.webp,33925,35026,201,TRUE,1.207,,2026-10-05T05:15:39+00:00,124,high/z7243826042725e83c8d03deb27f56d1a1aad2b13b8e87-176362146979047283232-15-0-615-960-crop-17636214777741938859206.webp,high,8656b7d16c67126af4681e1671432c38bc8fa52e8753764160db4c4873984988,WEBP,JPEG,1,1,,,TRUE
3G,400,200,compressed,125,R.png,19864,20965,201,TRUE,0.912,,2026-10-05T05:15:40+00:00,125,high/R.png,high,dc0a6fe2a2bd9a52e6e80b51bfba596e52c9c1cdf83b9f74b23ab5ea6a19170d,PNG,JPEG,1,1,,,TRUE
3G,400,200,compressed,126,flood_1261.jpg,107754,108857,201,TRUE,2.88,,2026-10-05T05:15:43+00:00,126,high/flood_1261.jpg,high,e409f5969c2febfdda9ed849c91004358be0a3d10814f787e45e7627ca828214,JPEG,JPEG,1,1,,,TRUE
3G,400,200,compressed,127,AP23209060794692.jpg,137628,138731,201,TRUE,3.521,,2026-10-05T05:15:47+00:00,127,high/AP23209060794692.jpg,high,512a0322830cabfec0a6e89c2e31ea893b2cef2818cc39e3f317a59ae8fe1fd9,JPEG,JPEG,1,1,,,TRUE
3G,400,200,compressed,128,images - 2025-01-28T151851.902.jpg,7713,8812,201,TRUE,0.629,,2026-10-05T05:15:47+00:00,128,high/images - 2025-01-28T151851.902.jpg,high,1edde2dab6d62b91b9de6c3c2655197077d5ab6e19d4765d2676cde1a6d8eb20,JPEG,JPEG,1,1,,,TRUE
3G,400,200,compressed,129,image_027.jpg,58771,59872,201,TRUE,1.8,,2026-10-05T05:15:49+00:00,129,high/image_027.jpg,high,165d98120ba7e01d378bc261d7c3f23972249ed3b3be19d0d68043e769063363,JPEG,JPEG,1,1,,,TRUE
3G,400,200,compressed,130,2-1726448843911500454177.webp,121693,122796,201,TRUE,3.2,,2026-10-05T05:15:52+00:00,130,high/2-1726448843911500454177.webp,high,ff55a67f3985507695ee4b23060fdfdad9e187fb8504aedfbf092075fa5f0d96,JPEG,JPEG,1,1,,,TRUE
3G,400,200,compressed,131,image_049.jpg,74513,75614,201,TRUE,2.102,,2026-10-05T05:15:55+00:00,131,high/image_049.jpg,high,3e828a32d6aed42e6ee8dc53661095ca000f242d7e9f02d192b2c01c86a09957,JPEG,JPEG,1,1,,,TRUE
3G,400,200,compressed,132,image_0107.jpg,19919,21020,201,TRUE,0.905,,2026-10-05T05:15:56+00:00,132,high/image_0107.jpg,high,5fa433bbf249eeb3aa2055834a5f403e493a8cac5cd4b9782a14415183856245,JPEG,JPEG,1,1,,,TRUE
3G,400,200,compressed,133,dd20c6609cc035fedf1a093e97f51af4.jpeg,56381,57482,201,TRUE,1.767,,2026-10-05T05:15:57+00:00,133,high/dd20c6609cc035fedf1a093e97f51af4.jpeg,high,fce656b8e1f1e90ed783f0ca822286246a21df47469426bba44d1b2ad695ca97,PNG,JPEG,1,1,,,TRUE
3G,400,200,compressed,134,img66.jpg,20273,21374,201,TRUE,0.922,,2026-10-05T05:15:58+00:00,134,high/img66.jpg,high,d55e7de52341508886162ad8719416840af584d47853b998f2d2c45f4c5f5fd2,JPEG,JPEG,1,1,,,TRUE
3G,400,200,compressed,135,OIP (10).webp,7577,8676,201,TRUE,0.68,,2026-10-05T05:15:59+00:00,135,high/OIP (10).webp,high,ed3ec9010a260ac315bd0f17ebe4c044ba2c86905964444aa011b3604366fe8d,WEBP,JPEG,1,1,,,TRUE
3G,400,200,compressed,136,iimages (5).jpg,6719,7818,201,TRUE,0.617,,2026-10-05T05:16:00+00:00,136,high/iimages (5).jpg,high,b0a958225801750c5a6a663c180d26565f8a95584750c5e60879380fd14ded85,JPEG,JPEG,1,1,,,TRUE
3G,400,200,compressed,137,iimages (10).jpg,10959,12060,201,TRUE,0.711,,2026-10-05T05:16:00+00:00,137,high/iimages (10).jpg,high,73f6052a7daa8f8de6dade2fa0ac44e339083b998afb2a163d7334c45aee76ad,JPEG,JPEG,1,1,,,TRUE
3G,400,200,compressed,138,img55.webp,31013,32114,201,TRUE,1.162,,2026-10-05T05:16:01+00:00,138,high/img55.webp,high,b5f145285f3fec3d20ccaee444df2159d4f1e362760435f3c6feb51ba725abd1,WEBP,JPEG,1,1,,,TRUE
3G,400,200,compressed,139,image_6483441_7_c62ccb313f.jpg,195650,196753,201,TRUE,4.825,,2026-10-05T05:16:06+00:00,139,high/image_6483441_7_c62ccb313f.jpg,high,6dd3bbf14af3264ba7796f69f228df25a4c356c25a6dd15bc161a085cb6c9e79,JPEG,JPEG,1,1,,,TRUE
3G,400,200,compressed,140,jakarta-indonesiafebruary-2021the-search-rescue-600nw-1920679820.webp,35737,36838,201,TRUE,1.282,,2026-10-05T05:16:08+00:00,140,high/jakarta-indonesiafebruary-2021the-search-rescue-600nw-1920679820.webp,high,c8a13d4112c593635c49f9071db0148b79a1d2e07b71b3df893bfd6a73c037b3,WEBP,JPEG,1,1,,,TRUE
3G,400,200,compressed,141,image_0090.jpg,29106,30207,201,TRUE,1.13,,2026-10-05T05:16:09+00:00,141,high/image_0090.jpg,high,10264351de402d0dd637b6f6bbc7008be5bf13c86313a6b684875ddd858cf613,JPEG,JPEG,1,1,,,TRUE
3G,400,200,compressed,142,img7.webp,29982,31083,201,TRUE,1.148,,2026-10-05T05:16:10+00:00,142,high/img7.webp,high,854cee071b8d48b0567b2717b3f8dc71e3694b96892e5e1591566cb0124e7925,WEBP,JPEG,1,1,,,TRUE
3G,400,200,compressed,143,4231cd29f2fb53ce8f0359eba8f1caaa85b22b53819bf0b9990e4c4d228c8c89.webp,82082,83183,201,TRUE,2.307,,2026-10-05T05:16:12+00:00,143,high/4231cd29f2fb53ce8f0359eba8f1caaa85b22b53819bf0b9990e4c4d228c8c89.webp,high,bcdb14769aad6eeb48dfec2f602435a1d52a3eac013da23c60a3dc34a22f4f38,WEBP,JPEG,1,1,,,TRUE
3G,400,200,compressed,144,img72.webp,36973,38074,201,TRUE,1.292,,2026-10-05T05:16:13+00:00,144,high/img72.webp,high,fc43a66f60e642ba21fa6cbe8fcc8846ba555c658dda41d4cd362b511a55cdc6,WEBP,JPEG,1,1,,,TRUE
3G,400,200,compressed,145,img49.webp,107429,108532,201,TRUE,2.843,,2026-10-05T05:16:16+00:00,145,high/img49.webp,high,96759c7c514ee82e03951cb13230fa9784b1e5e7234dacb2167999386d42da8a,WEBP,JPEG,1,1,,,TRUE
3G,400,200,compressed,146,OIP (1).webp,27124,28225,201,TRUE,1.075,,2026-10-05T05:16:17+00:00,146,high/OIP (1).webp,high,9931f7b540fa118001a5d222735edbddb903cb7469e6f8d551d3e3f9aeb528ff,WEBP,JPEG,1,1,,,TRUE
3G,400,200,compressed,147,OIP (33).webp,6587,7686,201,TRUE,0.611,,2026-10-05T05:16:18+00:00,147,high/OIP (33).webp,high,237864469e6f1c257cd918ef25c0b0dc7bf383955b3dd23e21cc2fd4a92cda2c,WEBP,JPEG,1,1,,,TRUE
3G,400,200,compressed,148,image_145.jpeg,58643,59744,201,TRUE,1.77,,2026-10-05T05:16:20+00:00,148,high/image_145.jpeg,high,bcdda09b5006e6f96bba2f559d90d2d3daf5c41ca66d3886dac46534cf7c7f5c,JPEG,JPEG,1,1,,,TRUE
3G,400,200,compressed,149,images - 2025-01-28T154039.568.jpg,7966,9065,201,TRUE,0.668,,2026-10-05T05:16:20+00:00,149,high/images - 2025-01-28T154039.568.jpg,high,be2defe1fef5628f1e85d94d12c66075ab7feca57f273f4f903521816128d959,JPEG,JPEG,1,1,,,TRUE
3G,400,200,compressed,150,3cbf55ff-d524-461d-bf40-fa489285474d.jpg,33547,34648,201,TRUE,1.212,,2026-10-05T05:16:22+00:00,150,high/3cbf55ff-d524-461d-bf40-fa489285474d.jpg,high,1f48d2d7cdfbc50fb3ca2297a2ccf866a2d48c3c079242e61df887b896f1c929,JPEG,JPEG,1,1,,,TRUE
3G,400,200,compressed,151,b572b8392df6f2cbbac8a6a19d74bfa2.avif,46966,48067,201,TRUE,1.546,,2026-10-05T05:16:23+00:00,151,high/b572b8392df6f2cbbac8a6a19d74bfa2.avif,high,c0aac4095412b24e58c6132b8e66e2b9f243597aee2eb06d7f193dc154e04f73,AVIF,JPEG,1,1,,,TRUE
3G,400,200,compressed,152,flood_219.jpg,290092,291195,201,TRUE,6.839,,2026-10-05T05:16:30+00:00,152,high/flood_219.jpg,high,79facf8f80351b4e020857b9b47604efb7d0ea20f0ddaf838824b215b67ccb05,JPEG,JPEG,1,1,,,TRUE
3G,400,200,compressed,153,Shutterstock_12250367k.jpg,34710,35811,201,TRUE,1.235,,2026-10-05T05:16:31+00:00,153,high/Shutterstock_12250367k.jpg,high,732957645e5b3b44344a6db0f53486059ed78e70192a22c3b436cd8f93717b07,JPEG,JPEG,1,1,,,TRUE
3G,400,200,compressed,154,noise1.jpeg,13916,15017,201,TRUE,0.761,,2026-10-05T05:16:32+00:00,154,high/noise1.jpeg,high,9bbaa77d1bb035ab20937380a2af67a90bd9e4ca71180cfd0b807c5f00b343b8,JPEG,JPEG,1,1,,,TRUE
3G,400,200,compressed,155,img58.jpg,30127,31228,201,TRUE,1.153,,2026-10-05T05:16:33+00:00,155,high/img58.jpg,high,b9364110f4da93b4e893640de31f3fa2ca0dcdf336741d8934571d72a47043e2,JPEG,JPEG,1,1,,,TRUE
3G,400,200,compressed,156,569FB5E8-17FF-4DA7-AF819E7223AD38C7_source.webp,30824,31925,201,TRUE,1.149,,2026-10-05T05:16:34+00:00,156,high/569FB5E8-17FF-4DA7-AF819E7223AD38C7_source.webp,high,3dcb8b40eeb8b9f8bf80bae7a1df25b52f5004838bc145495c760b8f3789c2c7,WEBP,JPEG,1,1,,,TRUE
3G,400,200,compressed,157,flood_1214.jpg,64661,65762,201,TRUE,1.879,,2026-10-05T05:16:36+00:00,157,high/flood_1214.jpg,high,0c1e0b47204317c7c194fc94a7dbfc1030e08c065acbda8b4e455df3e23c4585,JPEG,JPEG,1,1,,,TRUE
3G,400,200,compressed,158,skynews-philippines-megi_5737099.jpg,182222,183325,201,TRUE,4.457,,2026-10-05T05:16:41+00:00,158,high/skynews-philippines-megi_5737099.jpg,high,84c1d37b7cba9e20cf409763137f50704c251e784de518f90804e115163765e0,JPEG,JPEG,1,1,,,TRUE
3G,400,200,compressed,159,flood_4791.jpg,57086,58187,201,TRUE,1.71,,2026-10-05T05:16:42+00:00,159,high/flood_4791.jpg,high,d1c123841ecbd4da557fa97ce87111b212c8228c34a85bd91f2560b0dd7f4540,JPEG,JPEG,1,1,,,TRUE
3G,400,200,compressed,160,flood_4763.jpg,51828,52929,201,TRUE,1.639,,2026-10-05T05:16:44+00:00,160,high/flood_4763.jpg,high,71dc4359a45d5f7f9a73474695d86dcc2a5fe3fb74f89763be6ea2c971476183,JPEG,JPEG,1,1,,,TRUE
3G,400,200,compressed,161,OIP (14).webp,6776,7875,201,TRUE,0.624,,2026-10-05T05:16:45+00:00,161,high/OIP (14).webp,high,327490c28381c700367e1baa43b9b8faa0d4dad840c3f5cc28dbcbc00aef9312,WEBP,JPEG,1,1,,,TRUE
3G,400,200,compressed,162,img60.webp,56953,58054,201,TRUE,1.749,,2026-10-05T05:16:46+00:00,162,high/img60.webp,high,04fb91efee88688fce39d7c57db3f77e74a131efb54072039947ff44497cab46,WEBP,JPEG,1,1,,,TRUE
3G,400,200,compressed,163,images - 2025-01-28T152121.677.jpg,10227,11328,201,TRUE,0.708,,2026-10-05T05:16:47+00:00,163,high/images - 2025-01-28T152121.677.jpg,high,4eb24b2e8dc4eda02a4cc8771e5f553a3cea43118dc311cd054b50be02659728,JPEG,JPEG,1,1,,,TRUE
3G,400,200,compressed,164,OIP (15).webp,7572,8671,201,TRUE,0.659,,2026-10-05T05:16:48+00:00,164,high/OIP (15).webp,high,24f885199ce10f8e1e816382fd1bfbc0cb087adfdbf80d37f50e01f029b902df,WEBP,JPEG,1,1,,,TRUE
3G,400,200,compressed,165,OIP (29).webp,15685,16786,201,TRUE,0.802,,2026-10-05T05:16:49+00:00,165,high/OIP (29).webp,high,722c9d66af59c68dec8e0c6d6304791267c63d646e08710fd3e9f26c37df9334,WEBP,JPEG,1,1,,,TRUE
3G,400,200,compressed,166,flood-1.jpg,73229,74330,201,TRUE,2.107,,2026-10-05T05:16:51+00:00,166,high/flood-1.jpg,high,09f55b9b3f375ebed1a877966d39e27f14f7e874b49f4aaeb760640e48391a2e,JPEG,JPEG,1,1,,,TRUE
3G,400,200,compressed,167,702018189_univ_cnt_01_xs.jpg,8949,10048,201,TRUE,0.693,,2026-10-05T05:16:51+00:00,167,high/702018189_univ_cnt_01_xs.jpg,high,5425fb7fa7db399de54b9d429fd66d384764c2dfb43a11b1661288a1214928f4,JPEG,JPEG,1,1,,,TRUE
3G,400,200,compressed,168,img4.jpg,5500,6599,201,TRUE,0.607,,2026-10-05T05:16:52+00:00,168,high/img4.jpg,high,2a232bbd43a017ee8635ca368475ed57d4f521ec3a3ac3441179a9a2bf799fd8,JPEG,JPEG,1,1,,,TRUE
3G,400,200,compressed,169,image_294.png,84479,85580,201,TRUE,2.347,,2026-10-05T05:16:54+00:00,169,high/image_294.png,high,121729a09e5d44136cae00fe1f03a2937abb87667ab3ecb6ab3c280a5894c585,PNG,JPEG,1,1,,,TRUE
3G,400,200,compressed,170,65d952b4-90a2-4d18-b035-24352c-3365-2036-1764872629.webp,38202,39303,201,TRUE,1.309,,2026-10-05T05:16:56+00:00,170,high/65d952b4-90a2-4d18-b035-24352c-3365-2036-1764872629.webp,high,11f5411abd0b76ea294bd29a7472d8684b48083301862061e6f25da644430a5c,WEBP,JPEG,1,1,,,TRUE
3G,400,200,compressed,171,OIP (36).webp,39098,40199,201,TRUE,1.305,,2026-10-05T05:16:57+00:00,171,high/OIP (36).webp,high,f5293f48dbaa45b33a582c87433bb04fbbf2dd472469a0332a82bd5feb755c14,WEBP,JPEG,1,1,,,TRUE
3G,400,200,compressed,172,화면 캡처 2025-03-05 181439.jpg,43579,44680,201,TRUE,1.461,,2026-10-05T05:16:59+00:00,172,non_flood/화면 캡처 2025-03-05 181439.jpg,non_flood,b75c4f08d2d4af82fae15233d28be9099286d8327bb1728ad06ae8467bd4fd24,JPEG,JPEG,1,1,,,TRUE
3G,400,200,compressed,173,화면 캡처 2025-03-05 175742.jpg,34472,35573,201,TRUE,1.277,,2026-10-05T05:17:00+00:00,173,non_flood/화면 캡처 2025-03-05 175742.jpg,non_flood,9aa30b4ad8e881ee526e62dfd529f7c132517be92583fc25c2a352b59a7b8a10,JPEG,JPEG,1,1,,,TRUE
3G,400,200,compressed,174,화면 캡처 2025-03-05 175341.jpg,19452,20553,201,TRUE,0.927,,2026-10-05T05:17:01+00:00,174,non_flood/화면 캡처 2025-03-05 175341.jpg,non_flood,43a98cd56ba750ceae68f3ca04b1c092e901fff1dcc83a04a19d4652dd5a93ab,JPEG,JPEG,1,1,,,TRUE
3G,400,200,compressed,175,화면 캡처 2025-03-05 172751.jpg,19183,20284,201,TRUE,0.931,,2026-10-05T05:17:02+00:00,175,non_flood/화면 캡처 2025-03-05 172751.jpg,non_flood,8de13e59f0139f6ad9e553f887ea3e427cfbe24c5523a850651923df6d64011a,JPEG,JPEG,1,1,,,TRUE
3G,400,200,compressed,176,images (13)1.jpg,13714,14815,201,TRUE,0.801,,2026-10-05T05:17:02+00:00,176,non_flood/images (13)1.jpg,non_flood,4e2b303a68e00ba4fbca23bdb0585b3f0f6f385e83bfebad4a16d96898663a3e,JPEG,JPEG,1,1,,,TRUE
3G,400,200,compressed,177,화면 캡처 2025-03-05 181412.jpg,42823,43924,201,TRUE,1.465,,2026-10-05T05:17:04+00:00,177,non_flood/화면 캡처 2025-03-05 181412.jpg,non_flood,6fbd9d9cf16d0e950ccae0c7ec26baf60c4081efe34aa86205785db825fc01bc,JPEG,JPEG,1,1,,,TRUE
3G,400,200,compressed,178,화면 캡처 2025-03-05 152130.jpg,48623,49724,201,TRUE,1.601,,2026-10-05T05:17:06+00:00,178,non_flood/화면 캡처 2025-03-05 152130.jpg,non_flood,0df727cf509b4b225f8c3b77ed2b4c65be629b0eb3ef422bd3e6bcd1abe5b4e8,JPEG,JPEG,1,1,,,TRUE
3G,400,200,compressed,179,화면 캡처 2025-03-05 173917.jpg,42894,43995,201,TRUE,1.445,,2026-10-05T05:17:07+00:00,179,non_flood/화면 캡처 2025-03-05 173917.jpg,non_flood,29e372c79949fb945d3d217af23e725576f970bc88d47820d56f908c8c1dd8b4,JPEG,JPEG,1,1,,,TRUE
3G,400,200,compressed,180,1789568749569_282700609501588260_7406490438318140161_4c67d325471c5a433aa450f9a2bf7b80.jpg,93355,94456,201,TRUE,2.55,,2026-10-05T05:17:10+00:00,180,non_flood/1789568749569_282700609501588260_7406490438318140161_4c67d325471c5a433aa450f9a2bf7b80.jpg,non_flood,c8128762797fb77bf5feb965d12100cd783be0e0afe1658cbd851ec37a153d83,JPEG,JPEG,1,1,,,TRUE
3G,400,200,compressed,181,images (9).jpg,7710,8809,201,TRUE,0.678,,2026-10-05T05:17:10+00:00,181,non_flood/images (9).jpg,non_flood,18e261369109061b9841676f321894e21cfd91d608fe3dc9acc8c4d1bfd64a53,JPEG,JPEG,1,1,,,TRUE
3G,400,200,compressed,182,images (7).jpg,13352,14453,201,TRUE,0.785,,2026-10-05T05:17:11+00:00,182,non_flood/images (7).jpg,non_flood,a5bcc829e70ca0664ad916e26c9ffb440248d5d6e3429a58c9b90d3d3860a7ab,JPEG,JPEG,1,1,,,TRUE
3G,400,200,compressed,183,다운로드 (5).jpg,10579,11680,201,TRUE,0.698,,2026-10-05T05:17:12+00:00,183,non_flood/다운로드 (5).jpg,non_flood,49d811196ba07508a08d7689a5746494bdd1e6bc89460cb67dffb53154670204,JPEG,JPEG,1,1,,,TRUE
3G,400,200,compressed,184,다운로드 (45) 3.jpg,12119,13220,201,TRUE,0.76,,2026-10-05T05:17:13+00:00,184,non_flood/다운로드 (45) 3.jpg,non_flood,1f8553a464ee1aa46de5890b8be0676883513c8083217c3013df8ab6e9bef786,JPEG,JPEG,1,1,,,TRUE
3G,400,200,compressed,185,다운로드 (31).jpg,9673,10773,201,TRUE,0.694,,2026-10-05T05:17:13+00:00,185,non_flood/다운로드 (31).jpg,non_flood,c7449da10dfb0cebf3561e433c9a19876e06e81dda26cf39253b8d1aed09be91,JPEG,JPEG,1,1,,,TRUE
3G,400,200,compressed,186,127465812-일본-교토의-봄비-폭풍우-동안-교토부의-스트리트-뷰.jpg,150093,151196,201,TRUE,3.929,,2026-10-05T05:17:17+00:00,186,non_flood/127465812-일본-교토의-봄비-폭풍우-동안-교토부의-스트리트-뷰.jpg,non_flood,6ae7d4cc308ffcdbcea455286428f08c4716a26cd6e0f295ba412b38393a1e05,JPEG,JPEG,1,1,,,TRUE
3G,400,200,compressed,187,화면 캡처 2025-03-05 174935.jpg,62379,63480,201,TRUE,1.87,,2026-10-05T05:17:19+00:00,187,non_flood/화면 캡처 2025-03-05 174935.jpg,non_flood,d9a9b54010a3c3c0b44e085273edb1f64a777f99be11d71a7199030bab07a848,JPEG,JPEG,1,1,,,TRUE
3G,400,200,compressed,188,화면 캡처 2025-03-05 173725.jpg,44279,45380,201,TRUE,1.487,,2026-10-05T05:17:21+00:00,188,non_flood/화면 캡처 2025-03-05 173725.jpg,non_flood,8088bad691c314800e2472cc5837ed0ddc4fc2a8bb5fc67a0466a5b6dbd4ef41,JPEG,JPEG,1,1,,,TRUE
3G,400,200,compressed,189,다운로드 (7).jpg,13460,14561,201,TRUE,0.792,,2026-10-05T05:17:21+00:00,189,non_flood/다운로드 (7).jpg,non_flood,7882a482c8fa3ac2a100823670b3527953bc13261ced12bef7d2814872bbb73d,JPEG,JPEG,1,1,,,TRUE
3G,400,200,compressed,190,다운로드 (12).jpg,11018,12119,201,TRUE,0.734,,2026-10-05T05:17:22+00:00,190,non_flood/다운로드 (12).jpg,non_flood,5a26387b7c471c37b412a214b65d520836f1ccdac5562ba302e9ad91f3063751,JPEG,JPEG,1,1,,,TRUE
3G,400,200,compressed,191,images (11)1.jpg,14198,15299,201,TRUE,0.814,,2026-10-05T05:17:23+00:00,191,non_flood/images (11)1.jpg,non_flood,254e9ebc6f2b62b50393b6db4914c56a5fe0e43f3aac0ffa71f6cf007e661e61,JPEG,JPEG,1,1,,,TRUE
3G,400,200,compressed,192,1789568749557_282700609501588260_7406490438318140161_7d5baf7f35b58211bf5d643c66ab8606.jpg,86110,87211,201,TRUE,2.42,,2026-10-05T05:17:25+00:00,192,non_flood/1789568749557_282700609501588260_7406490438318140161_7d5baf7f35b58211bf5d643c66ab8606.jpg,non_flood,831a018e6022c183e2bad8c815113118193ea4eed8bfe14d0ae7000be299d148,JPEG,JPEG,1,1,,,TRUE
3G,400,200,compressed,193,images (14)1.jpg,12637,13738,201,TRUE,0.758,,2026-10-05T05:17:26+00:00,193,non_flood/images (14)1.jpg,non_flood,62da4a05b2a453136adff5b34666d1bfbbf2fc659e751e9c841909dd1e792d54,JPEG,JPEG,1,1,,,TRUE
3G,400,200,compressed,194,images (24)1.jpg,7965,9064,201,TRUE,0.663,,2026-10-05T05:17:27+00:00,194,non_flood/images (24)1.jpg,non_flood,f14078bda9f46dd2b44eb17870ad533778d7daf7085e8b344be8813a125f4694,JPEG,JPEG,1,1,,,TRUE
3G,400,200,compressed,195,다운로드 (43) 3.jpg,13476,14577,201,TRUE,0.793,,2026-10-05T05:17:28+00:00,195,non_flood/다운로드 (43) 3.jpg,non_flood,82a8697498f35ccc783ad058be58208a775ed79bbf59b68c83a1a95701944ecd,JPEG,JPEG,1,1,,,TRUE
3G,400,200,compressed,196,p1065569336329878_240_thum.jpg,52647,53748,201,TRUE,1.674,,2026-10-05T05:17:29+00:00,196,non_flood/p1065569336329878_240_thum.jpg,non_flood,f648f926141df9ee9b70b1f787f660909a44e33c36bb0ed39162ea186a338df4,JPEG,JPEG,1,1,,,TRUE
3G,400,200,compressed,197,화면 캡처 2025-03-05 172739.jpg,21998,23099,201,TRUE,0.93,,2026-10-05T05:17:30+00:00,197,non_flood/화면 캡처 2025-03-05 172739.jpg,non_flood,b40f793569d14767abe9f2e068970f3b795c0563877a1e1f8a7258821f69edcc,JPEG,JPEG,1,1,,,TRUE
3G,400,200,compressed,198,다운로드 (36) 3.jpg,12070,13171,201,TRUE,0.726,,2026-10-05T05:17:31+00:00,198,non_flood/다운로드 (36) 3.jpg,non_flood,8ae6c5d304ced95a61c6567b5c88ddfc5e319f0e3a5ec72dea7e133aa076ef0f,JPEG,JPEG,1,1,,,TRUE
3G,400,200,compressed,199,화면 캡처 2025-03-05 175927.jpg,43528,44629,201,TRUE,1.477,,2026-10-05T05:17:32+00:00,199,non_flood/화면 캡처 2025-03-05 175927.jpg,non_flood,0565699f292d6f6e0deb526642cc69d3d067a9e934582eabafbccc3d6d0f1bf2,JPEG,JPEG,1,1,,,TRUE
3G,400,200,compressed,200,13382_13779_4019.jpg,33319,34420,201,TRUE,1.226,,2026-10-05T05:17:34+00:00,200,non_flood/13382_13779_4019.jpg,non_flood,6bd6b42bf3dd5e44c475fddcbc9bd6a880a64bfdee58ca7722e49b94de5ee4da,JPEG,JPEG,1,1,,,TRUE
3G,400,200,compressed,201,RPR20231226002000353_01_i.jpg,19658,20759,201,TRUE,0.899,,2026-10-05T05:17:35+00:00,201,non_flood/RPR20231226002000353_01_i.jpg,non_flood,28246d242467856c88fbbfd1bafe4924c405331e349aa0a9e8e2814e688afd88,JPEG,JPEG,1,1,,,TRUE
3G,400,200,compressed,202,다운로드 (34) 3.jpg,11291,12392,201,TRUE,0.732,,2026-10-05T05:17:35+00:00,202,non_flood/다운로드 (34) 3.jpg,non_flood,568d0b9bf261a2e4fe2afb600416d3eb532f928e57b1d059acfe3a177bbd57f0,JPEG,JPEG,1,1,,,TRUE
3G,400,200,compressed,203,화면 캡처 2025-03-05 174358.jpg,49747,50848,201,TRUE,1.6,,2026-10-05T05:17:37+00:00,203,non_flood/화면 캡처 2025-03-05 174358.jpg,non_flood,1c7d8c2b8440637fbcec5baaba40642f2e3b0540590cc8a0ac8db672f478cfc7,JPEG,JPEG,1,1,,,TRUE
3G,400,200,compressed,204,images (62).jpg,17065,18166,201,TRUE,0.867,,2026-10-05T05:17:38+00:00,204,non_flood/images (62).jpg,non_flood,9e03661c93bf0f0f3dd70ccf7f7cfd62cdba0694c8359fef3021f6f2ab3f3b83,JPEG,JPEG,1,1,,,TRUE
3G,400,200,compressed,205,images - 2025-01-28T184436.464.jpg,7672,8771,201,TRUE,0.647,,2026-10-05T05:17:38+00:00,205,non_flood/images - 2025-01-28T184436.464.jpg,non_flood,31ddc209d0f2ff99b445870e708cc8becebb5adbc5c90504371e9c9a76f06d88,JPEG,JPEG,1,1,,,TRUE
3G,400,200,compressed,206,다운로드 (36).jpg,8305,9404,201,TRUE,0.675,,2026-10-05T05:17:39+00:00,206,non_flood/다운로드 (36).jpg,non_flood,3d946dfc7512149170bac99b129a06a6587fdc1ce7c057a3f609a89adfc665ee,JPEG,JPEG,1,1,,,TRUE
3G,400,200,compressed,207,화면 캡처 2025-03-05 182737.jpg,39259,40360,201,TRUE,1.381,,2026-10-05T05:17:40+00:00,207,non_flood/화면 캡처 2025-03-05 182737.jpg,non_flood,a456c939a5253ff3dd25bd0706ecf353ff0b5f5ff0c9d1e99bb3cf05487c3f28,JPEG,JPEG,1,1,,,TRUE
3G,400,200,compressed,208,20230113501845.jpg,74439,75540,201,TRUE,2.209,,2026-10-05T05:17:43+00:00,208,non_flood/20230113501845.jpg,non_flood,c06f0a8a109f0b9c110eea5d3caf05bd439e812ecb451bd34a083e1279173fe7,JPEG,JPEG,1,1,,,TRUE
3G,400,200,compressed,209,화면 캡처 2025-03-05 151816.jpg,41277,42378,201,TRUE,1.398,,2026-10-05T05:17:44+00:00,209,non_flood/화면 캡처 2025-03-05 151816.jpg,non_flood,102ada76b9fd2f4eebcdc6faf911ae294692c86d69b8149475c65dc4a821aa32,JPEG,JPEG,1,1,,,TRUE
3G,400,200,compressed,210,다운로드 (41).jpg,12758,13859,201,TRUE,0.773,,2026-10-05T05:17:45+00:00,210,non_flood/다운로드 (41).jpg,non_flood,93ba76f76448bf9350f289fdae38183912d3e0dedb86321977ac4b74e0eccfc4,JPEG,JPEG,1,1,,,TRUE
3G,400,200,compressed,211,images (18).jpg,14539,15640,201,TRUE,0.803,,2026-10-05T05:17:46+00:00,211,non_flood/images (18).jpg,non_flood,aff1fa1abd5f77fdd2ea5a26bb583771680c48c1bd64720bfa5a9a61012c0ac8,JPEG,JPEG,1,1,,,TRUE
3G,400,200,compressed,212,20180405_152525.jpg,59381,60482,201,TRUE,1.839,,2026-10-05T05:17:48+00:00,212,non_flood/20180405_152525.jpg,non_flood,25eb26aff4ee22251f3b24147b467f4a4d39333ff64c9611b65063054d18d120,JPEG,JPEG,1,1,,,TRUE
3G,400,200,compressed,213,화면 캡처 2025-03-05 164255.jpg,20402,21503,201,TRUE,0.912,,2026-10-05T05:17:48+00:00,213,non_flood/화면 캡처 2025-03-05 164255.jpg,non_flood,33c16a1a474295f7a31cc57648004d03eb04d2878e9f358250722c237528cd04,JPEG,JPEG,1,1,,,TRUE
3G,400,200,compressed,214,다운로드 (23).jpg,18679,19780,201,TRUE,0.866,,2026-10-05T05:17:49+00:00,214,non_flood/다운로드 (23).jpg,non_flood,c11157a4e5d6142a6cf64acf9448d948dc814160ff2ec431734692861bda5a95,JPEG,JPEG,1,1,,,TRUE
3G,400,200,compressed,215,화면 캡처 2025-03-05 152904.jpg,36470,37571,201,TRUE,1.323,,2026-10-05T05:17:51+00:00,215,non_flood/화면 캡처 2025-03-05 152904.jpg,non_flood,491cfa836d07fdb755e12495203d84dee0d937f82cd29e582eb569d7e5abc771,JPEG,JPEG,1,1,,,TRUE
3G,400,200,compressed,216,images - 2025-01-28T184427.744.jpg,9346,10446,201,TRUE,0.685,,2026-10-05T05:17:51+00:00,216,non_flood/images - 2025-01-28T184427.744.jpg,non_flood,e6d4712ee1e188f41d9179607bc46ed14c0681f69a5edd8d77ed619b9c4d6f7f,JPEG,JPEG,1,1,,,TRUE
3G,400,200,compressed,217,화면 캡처 2025-03-05 172144.jpg,30524,31625,201,TRUE,1.16,,2026-10-05T05:17:53+00:00,217,non_flood/화면 캡처 2025-03-05 172144.jpg,non_flood,67d6ad153034a81055741535ba0bdc53ff8e80076d90d512f42c10a76686d60e,JPEG,JPEG,1,1,,,TRUE
3G,400,200,compressed,218,다운로드 (53) 3.jpg,14193,15294,201,TRUE,0.769,,2026-10-05T05:17:53+00:00,218,non_flood/다운로드 (53) 3.jpg,non_flood,bac90bc594d2f060fd10ae095378c20d68e6565d54a1e3cc841b2ec094b869de,JPEG,JPEG,1,1,,,TRUE
3G,400,200,compressed,219,images - 2025-01-28T184942.058.jpg,10498,11599,201,TRUE,0.73,,2026-10-05T05:17:54+00:00,219,non_flood/images - 2025-01-28T184942.058.jpg,non_flood,cebc0d1cbc0ede1e75a7d4765af70a7bb5d44a651f831d11eeccc6f9ef18ffed,JPEG,JPEG,1,1,,,TRUE
3G,400,200,compressed,220,화면 캡처 2025-03-05 152054.jpg,43155,44256,201,TRUE,1.468,,2026-10-05T05:17:56+00:00,220,non_flood/화면 캡처 2025-03-05 152054.jpg,non_flood,b23bcf8d9814ddc38d73eb269f0be25f0dcc9626cc9a928bb116197859b3b29a,JPEG,JPEG,1,1,,,TRUE
3G,400,200,compressed,221,img (2).jpg,226249,227352,201,TRUE,5.71,,2026-10-05T05:18:01+00:00,221,non_flood/img (2).jpg,non_flood,ee879ba624faad0000bc7ae69d2bd8b2fca0d4fc159a181fe7a067a59260d156,JPEG,JPEG,1,1,,,TRUE
3G,400,200,compressed,222,화면 캡처 2025-03-05 175626.jpg,40165,41266,201,TRUE,1.382,,2026-10-05T05:18:03+00:00,222,non_flood/화면 캡처 2025-03-05 175626.jpg,non_flood,d9e510c3f2f2d13008fde01e8e520872122d0cc49de5a5ba5f8bab1bcf183cda,JPEG,JPEG,1,1,,,TRUE
3G,400,200,compressed,223,다운로드 (27).jpg,221175,222278,201,TRUE,5.54,,2026-10-05T05:18:08+00:00,223,non_flood/다운로드 (27).jpg,non_flood,e78be2b8fc5aea406725fab8f457a9ab79e4413b64e383634d419379d0a64a46,JPEG,JPEG,1,1,,,TRUE
3G,400,200,compressed,224,화면 캡처 2025-03-05 153850.jpg,29179,30280,201,TRUE,1.143,,2026-10-05T05:18:09+00:00,224,non_flood/화면 캡처 2025-03-05 153850.jpg,non_flood,8ed7fe227b6d8a8b890838876b2de8a28c844c7126f2a0d93e626f2387d816a6,JPEG,JPEG,1,1,,,TRUE
3G,400,200,compressed,225,images (5)1.jpg,16815,17916,201,TRUE,0.859,,2026-10-05T05:18:10+00:00,225,non_flood/images (5)1.jpg,non_flood,dae6acca79cb320bd3449d590ccaec16e2c839a431e6ca62911486a65050eab0,JPEG,JPEG,1,1,,,TRUE
3G,400,200,compressed,226,827778_739893_3348.jpg,44851,45952,201,TRUE,1.491,,2026-10-05T05:18:12+00:00,226,non_flood/827778_739893_3348.jpg,non_flood,909c28dfd1ea66f00fcbe72947317e577655cc349a5689b330e5205e0aab2127,JPEG,JPEG,1,1,,,TRUE
3G,400,200,compressed,227,화면 캡처 2025-03-05 182805.jpg,32292,33393,201,TRUE,1.227,,2026-10-05T05:18:13+00:00,227,non_flood/화면 캡처 2025-03-05 182805.jpg,non_flood,4637c31d11cb1fe03de357d94fc697479efc2e20be74922ee372ab6b20c2dca0,JPEG,JPEG,1,1,,,TRUE
3G,400,200,compressed,228,화면 캡처 2025-03-05 153835.jpg,33312,34413,201,TRUE,1.228,,2026-10-05T05:18:14+00:00,228,non_flood/화면 캡처 2025-03-05 153835.jpg,non_flood,a37bc97411cb7ac6c602b638a4ae161ec2d7ac8a4355b236c42eac10ef10f277,JPEG,JPEG,1,1,,,TRUE
3G,400,200,compressed,229,다운로드 (17).jpg,14736,15837,201,TRUE,0.819,,2026-10-05T05:18:15+00:00,229,non_flood/다운로드 (17).jpg,non_flood,10b48951d5016b1dbf60509c17f62c2647a902444531028666d61f165a110771,JPEG,JPEG,1,1,,,TRUE
3G,400,200,compressed,230,화면 캡처 2025-03-05 153232.jpg,34060,35161,201,TRUE,1.243,,2026-10-05T05:18:16+00:00,230,non_flood/화면 캡처 2025-03-05 153232.jpg,non_flood,c9e1a30f343094122869eff21dbfe7caaf3ab27b79b75f9fe581eeeb54027375,JPEG,JPEG,1,1,,,TRUE
3G,400,200,compressed,231,1789568749518_282700609501588260_7406490438318140161_457e5b27ff82f5cc09a9054090d4d3c2.jpg,119716,120819,201,TRUE,3.239,,2026-10-05T05:18:19+00:00,231,non_flood/1789568749518_282700609501588260_7406490438318140161_457e5b27ff82f5cc09a9054090d4d3c2.jpg,non_flood,6f8a2b1e3bac95e251969c5917f1e9efd101db672b064d01404e978bf759aab4,JPEG,JPEG,1,1,,,TRUE
3G,400,200,compressed,232,1789568754305_282700609501588260_7406490438318140161_d8a8d242988605b04d1ce450fe6b34f8.jpg,279095,280198,201,TRUE,6.822,,2026-10-05T05:18:26+00:00,232,non_flood/1789568754305_282700609501588260_7406490438318140161_d8a8d242988605b04d1ce450fe6b34f8.jpg,non_flood,7307e294c31f83de713f169ec3b7f14fbf73b87c78d059b45be2a3f57a9d72ce,JPEG,JPEG,1,1,,,TRUE
3G,400,200,compressed,233,AKR20211228058800052_01_i_P4.jpg,61893,62994,201,TRUE,1.914,,2026-10-05T05:18:28+00:00,233,non_flood/AKR20211228058800052_01_i_P4.jpg,non_flood,335da6829f7048e60a42a406f54985c7d1132dfd769137c48965aacc601b4128,JPEG,JPEG,1,1,,,TRUE
3G,400,200,compressed,234,images (1)1.jpg,18205,19306,201,TRUE,0.899,,2026-10-05T05:18:29+00:00,234,non_flood/images (1)1.jpg,non_flood,dfd2bf25abb8eff1566c1e6ff4ab87eb832382ac1a5a49549e1b0fe0b9a63cb4,JPEG,JPEG,1,1,,,TRUE
3G,400,200,compressed,235,화면 캡처 2025-03-05 175914.jpg,49975,51076,201,TRUE,1.614,,2026-10-05T05:18:31+00:00,235,non_flood/화면 캡처 2025-03-05 175914.jpg,non_flood,ec30de984e565a34847944157425ede963aa0be23b065b3732eb9597ac76b1c9,JPEG,JPEG,1,1,,,TRUE
3G,400,200,compressed,236,화면 캡처 2025-03-05 152437.jpg,31730,32831,201,TRUE,1.162,,2026-10-05T05:18:32+00:00,236,non_flood/화면 캡처 2025-03-05 152437.jpg,non_flood,2c620cd0c3d694d5119d85883fd7b23642f08ce0eb03ca21766e5c11224132a8,JPEG,JPEG,1,1,,,TRUE
3G,400,200,compressed,237,1789568749196_282700609501588260_7406490438318140161_1c6009c2a77bfa996d8a4d22d9c3fd58.jpg,137253,138356,201,TRUE,3.546,,2026-10-05T05:18:35+00:00,237,non_flood/1789568749196_282700609501588260_7406490438318140161_1c6009c2a77bfa996d8a4d22d9c3fd58.jpg,non_flood,fa24d60c34be44fb934a934be05686d66907d81619216b140be5bd63c6439fe9,JPEG,JPEG,1,1,,,TRUE
3G,400,200,compressed,238,img (1).jpg,145136,146239,201,TRUE,3.798,,2026-10-05T05:18:39+00:00,238,non_flood/img (1).jpg,non_flood,2c2088de1756cd1bc0e55d300d928af8b493d59df562e46be9c70c4263716bc2,JPEG,JPEG,1,1,,,TRUE
3G,400,200,compressed,239,202309111114430145_l.jpg,46953,48054,201,TRUE,1.521,,2026-10-05T05:18:41+00:00,239,non_flood/202309111114430145_l.jpg,non_flood,0fb3a939767b0614bb5786a4f2d77661b71f316fe2cc9e2af3c0ef24d967eba5,JPEG,JPEG,1,1,,,TRUE
3G,400,200,compressed,240,화면 캡처 2025-03-05 180321.jpg,42517,43618,201,TRUE,1.447,,2026-10-05T05:18:42+00:00,240,non_flood/화면 캡처 2025-03-05 180321.jpg,non_flood,9b63b57d9357dda36bab30f1bc0b45f80c734278fbc5fda7e490cbadde5e9837,JPEG,JPEG,1,1,,,TRUE
3G,400,200,compressed,241,6.jpg,130798,131901,201,TRUE,3.43,,2026-10-05T05:18:46+00:00,241,non_flood/6.jpg,non_flood,c441af2946491166eb9a5c7a7ed9f49d47015d134c3e3290fe4746ba81eee258,PNG,JPEG,1,1,,,TRUE
3G,400,200,compressed,242,images (28)1.jpg,13903,15004,201,TRUE,0.797,,2026-10-05T05:18:47+00:00,242,non_flood/images (28)1.jpg,non_flood,133ce5159193385fc30a15f207f7b085563f9f513765aa6d9db1527ff27d1e50,JPEG,JPEG,1,1,,,TRUE
3G,400,200,compressed,243,images - 2025-01-28T164753.512.jpg,6615,7714,201,TRUE,0.652,,2026-10-05T05:18:47+00:00,243,non_flood/images - 2025-01-28T164753.512.jpg,non_flood,7b6a9c9dcaf36ed2edb0e435c1cbaffd8635cb82a1d1859270f3784b76dc232c,JPEG,JPEG,1,1,,,TRUE
3G,400,200,compressed,244,images (68).jpg,12790,13891,201,TRUE,0.77,,2026-10-05T05:18:48+00:00,244,non_flood/images (68).jpg,non_flood,d567a330f9aae5ae4244d9c33131d265796c8b1f4c5b6f5418c96e4071dcb032,JPEG,JPEG,1,1,,,TRUE
3G,400,200,compressed,245,화면 캡처 2025-03-05 153618.jpg,48503,49604,201,TRUE,1.555,,2026-10-05T05:18:50+00:00,245,non_flood/화면 캡처 2025-03-05 153618.jpg,non_flood,43e12f9c4c083131170e11f2d8982e9a4d0f854c0bca00f22be32a3cf44a28e7,JPEG,JPEG,1,1,,,TRUE
3G,400,200,compressed,246,1789568749222_282700609501588260_7406490438318140161_252d56e682395c7bebf8921689643574.jpg,94468,95569,201,TRUE,2.705,,2026-10-05T05:18:52+00:00,246,non_flood/1789568749222_282700609501588260_7406490438318140161_252d56e682395c7bebf8921689643574.jpg,non_flood,de50feeb6fbbfce20c858b922e4c2b64a9db5cf8ce52fb254307a24842e778c5,JPEG,JPEG,1,1,,,TRUE
3G,400,200,compressed,247,다운로드 (26) 3.jpg,12546,13647,201,TRUE,0.778,,2026-10-05T05:18:53+00:00,247,non_flood/다운로드 (26) 3.jpg,non_flood,de0b95d4b98a14825822659307248874d03101858f644f9721cec72b9101bbe5,JPEG,JPEG,1,1,,,TRUE
3G,400,200,compressed,248,다운로드 (28) 3.jpg,12169,13270,201,TRUE,0.773,,2026-10-05T05:18:54+00:00,248,non_flood/다운로드 (28) 3.jpg,non_flood,6a97c90bfae9e3a4ee39e7a5c7fe2b75b4fe6a3e400b2a09afac18a275f41cae,JPEG,JPEG,1,1,,,TRUE
3G,400,200,compressed,249,1000_F_456742052_YudLlJwZCJdCGsCjS95JW1leO2jQrZcp.jpg,117891,118994,201,TRUE,3.225,,2026-10-05T05:18:57+00:00,249,non_flood/1000_F_456742052_YudLlJwZCJdCGsCjS95JW1leO2jQrZcp.jpg,non_flood,782a4aa7d354dceb8d634480c647446953b8c04939dbd8a5ed8139b09f7c4157,JPEG,JPEG,1,1,,,TRUE
3G,400,200,compressed,250,다운로드 (38) 3.jpg,10702,11803,201,TRUE,0.748,,2026-10-05T05:18:58+00:00,250,non_flood/다운로드 (38) 3.jpg,non_flood,33e834881a9e0e7ca027b9b8d2ac0f4ff9427e6d5bfe69ea0749c9b8c7188764,JPEG,JPEG,1,1,,,TRUE
3G,400,200,compressed,251,20200212_134749.jpg,84338,85439,201,TRUE,2.409,,2026-10-05T05:19:00+00:00,251,non_flood/20200212_134749.jpg,non_flood,e8abcc77cfebf041681d602996e778ec393b201771d2b254574f0e69605d5ddb,JPEG,JPEG,1,1,,,TRUE
3G,400,200,compressed,252,화면 캡처 2025-03-05 182937.jpg,30695,31796,201,TRUE,1.159,,2026-10-05T05:19:01+00:00,252,non_flood/화면 캡처 2025-03-05 182937.jpg,non_flood,8f01696570c558df42bd56f0e1b7a47c082f769ccad329ef34ab30faa3f60f82,JPEG,JPEG,1,1,,,TRUE
3G,400,200,compressed,253,화면 캡처 2025-03-05 172154.jpg,31520,32621,201,TRUE,1.195,,2026-10-05T05:19:03+00:00,253,non_flood/화면 캡처 2025-03-05 172154.jpg,non_flood,f6fcb35702106630aad2a2728d5b82efd38162f3e9cf517455d74a5d23278b12,JPEG,JPEG,1,1,,,TRUE
3G,400,200,compressed,254,화면 캡처 2025-03-05 172249.jpg,30597,31698,201,TRUE,1.182,,2026-10-05T05:19:04+00:00,254,non_flood/화면 캡처 2025-03-05 172249.jpg,non_flood,e23a2f32ccc399fb02b93fab72cd958f47f6bb4c22de82a938af7a41d6ce383a,JPEG,JPEG,1,1,,,TRUE
3G,400,200,compressed,255,images (6).jpg,11639,12740,201,TRUE,0.775,,2026-10-05T05:19:05+00:00,255,non_flood/images (6).jpg,non_flood,134ad7a13637047c799be13d45bc3b1da685a64bc561af6f8a61c48f96183817,JPEG,JPEG,1,1,,,TRUE
3G,400,200,compressed,256,다운로드 (20).jpg,10935,12036,201,TRUE,0.742,,2026-10-05T05:19:05+00:00,256,non_flood/다운로드 (20).jpg,non_flood,17cc0160b5cdbc2eb9a64b4d744148a135d43c44e6c1681297b514b6ac9f7e47,JPEG,JPEG,1,1,,,TRUE
3G,400,200,compressed,257,화면 캡처 2025-03-05 181325.jpg,39113,40214,201,TRUE,1.369,,2026-10-05T05:19:07+00:00,257,non_flood/화면 캡처 2025-03-05 181325.jpg,non_flood,3ec886093348c65fb61f3249fd6060dbb373656412257f12bb9470c0e1de996d,JPEG,JPEG,1,1,,,TRUE
3G,400,200,original,1,images - 2025-01-28T184849.878.jpg,12316,13415,201,TRUE,0.749,,2026-10-05T05:19:07+00:00,1,low/images - 2025-01-28T184849.878.jpg,low,627c22c607ef478c79ea55e107f001691ab8ed53f6c54afdb050abe5682b7023,JPEG,JPEG,1,1,,,TRUE
3G,400,200,original,2,images - 2025-01-28T151941.007.jpg,11206,12305,201,TRUE,0.694,,2026-10-05T05:19:08+00:00,2,low/images - 2025-01-28T151941.007.jpg,low,5f0113ce019bca0d49e4a8f877b9b7bfb1a0d1ffcc2c4e07281f217530db5311,JPEG,JPEG,1,1,,,TRUE
3G,400,200,original,3,images - 2025-01-28T184423.521.jpg,2798,3895,201,TRUE,0.543,,2026-10-05T05:19:09+00:00,3,low/images - 2025-01-28T184423.521.jpg,low,bd922bb16c58fc71516ec9d7b5c1d93fb321d00de871e7ce760bf988adbba2d1,JPEG,JPEG,1,1,,,TRUE
3G,400,200,original,4,다운로드 (26).jpg,7386,8483,201,TRUE,0.661,,2026-10-05T05:19:09+00:00,4,low/다운로드 (26).jpg,low,8e49e8cfc10b1dac0f9007397fa30102f7fea32177ece824c7644737972900ce,JPEG,JPEG,1,1,,,TRUE
3G,400,200,original,5,images - 2025-01-28T151753.297.jpg,11180,12279,201,TRUE,0.722,,2026-10-05T05:19:10+00:00,5,low/images - 2025-01-28T151753.297.jpg,low,8a69d9e6278cb6a11e63a0539c222a18d45a3c9f836d5931fff6de5bb82647d8,JPEG,JPEG,1,1,,,TRUE
3G,400,200,original,6,10360-2-13961.jpg,127381,128482,201,TRUE,3.398,,2026-10-05T05:19:13+00:00,6,low/10360-2-13961.jpg,low,6471c406a970b2a0c56e05f2d4ed42dc78000ffb9270c7b845f4538095efef97,JPEG,JPEG,1,1,,,TRUE
3G,400,200,original,7,images - 2025-01-28T164625.541.jpg,6883,7980,201,TRUE,0.676,,2026-10-05T05:19:14+00:00,7,low/images - 2025-01-28T164625.541.jpg,low,910e7541da110f5fd52f2faf3d5df3773f3c6a8325667b69b6bfac1109c36c4a,JPEG,JPEG,1,1,,,TRUE
3G,400,200,original,8,images - 2025-01-28T163206.341.jpg,7352,8449,201,TRUE,0.623,,2026-10-05T05:19:15+00:00,8,low/images - 2025-01-28T163206.341.jpg,low,ce4daf7e801563c1ff173822486ce9ef7d57a394370159ff4c8d028d9c4c3315,JPEG,JPEG,1,1,,,TRUE
3G,400,200,original,9,images - 2025-01-28T152038.912.jpg,12202,13301,201,TRUE,0.751,,2026-10-05T05:19:16+00:00,9,low/images - 2025-01-28T152038.912.jpg,low,5b080e1cef380726476f73b0aa9611e1b960d63b67c5f6590a9516fa4a56e781,JPEG,JPEG,1,1,,,TRUE
3G,400,200,original,10,images - 2025-01-28T153916.966.jpg,10807,11906,201,TRUE,0.729,,2026-10-05T05:19:16+00:00,10,low/images - 2025-01-28T153916.966.jpg,low,f3feffaad630b6c5c07331468d12eb786d3fa1eff1094150cd2add6d7e2a5622,JPEG,JPEG,1,1,,,TRUE
3G,400,200,original,11,images - 2025-01-28T162916.619.jpg,7945,9042,201,TRUE,0.664,,2026-10-05T05:19:17+00:00,11,low/images - 2025-01-28T162916.619.jpg,low,37191e0f372cf8e2f989db33a05227a3bb392a945a33101a9ee99c43e1b61a11,JPEG,JPEG,1,1,,,TRUE
3G,400,200,original,12,images - 2025-01-28T162724.362.jpg,9844,10942,201,TRUE,0.679,,2026-10-05T05:19:18+00:00,12,low/images - 2025-01-28T162724.362.jpg,low,522ae358a781adfa05ea28cf94069fd8529c8f93241716587e2d26645ccbabd8,JPEG,JPEG,1,1,,,TRUE
3G,400,200,original,13,images - 2025-01-28T155350.781.jpg,10373,11472,201,TRUE,0.724,,2026-10-05T05:19:18+00:00,13,low/images - 2025-01-28T155350.781.jpg,low,45ea68dd2c16bca052d27d42b62ff743ecd20bb27e0e18696162cb2370691cc3,JPEG,JPEG,1,1,,,TRUE
3G,400,200,original,14,images (59).jpg,8778,9875,201,TRUE,0.671,,2026-10-05T05:19:19+00:00,14,low/images (59).jpg,low,8e6dbf6872b45499a89e3dace6e33843fa985c6cc64b71396185da03cc52acfa,JPEG,JPEG,1,1,,,TRUE
3G,400,200,original,15,image_9946309791508995980052.jpg,116902,118003,201,TRUE,3.091,,2026-10-05T05:19:22+00:00,15,low/image_9946309791508995980052.jpg,low,004188df1dea3d799e7a2c72e3e18b48406182dc1040d6f33ac325e69a2346e3,JPEG,JPEG,1,1,,,TRUE
3G,400,200,original,16,images - 2025-01-28T151819.441.jpg,10796,11895,201,TRUE,0.727,,2026-10-05T05:19:23+00:00,16,low/images - 2025-01-28T151819.441.jpg,low,0e7fa7e909dad9499bc66f079b7321ed3149daa2becccd015371f693bc4e8271,JPEG,JPEG,1,1,,,TRUE
3G,400,200,original,17,611212110012634149_1.jpg,82227,83326,201,TRUE,2.408,,2026-10-05T05:19:25+00:00,17,low/611212110012634149_1.jpg,low,45e44d7c5ab7f92be0542ab4eba296e772ab9194ae7d75c0dccffbbd067d8b09,JPEG,JPEG,1,1,,,TRUE
3G,400,200,original,18,images - 2025-01-28T154010.314.jpg,8212,9309,201,TRUE,0.659,,2026-10-05T05:19:26+00:00,18,low/images - 2025-01-28T154010.314.jpg,low,36d3870b9c93c429d8f3323a300793e1684348f5f926c9e91be6ec6ba42090c7,JPEG,JPEG,1,1,,,TRUE
3G,400,200,original,19,images - 2025-01-28T164648.101.jpg,6418,7515,201,TRUE,0.62,,2026-10-05T05:19:27+00:00,19,low/images - 2025-01-28T164648.101.jpg,low,c2efc1e04993962fc74094c7478fb291237307abc74a11df00334fdfbd188dbd,JPEG,JPEG,1,1,,,TRUE
3G,400,200,original,20,images (54).jpg,4660,5757,201,TRUE,0.596,,2026-10-05T05:19:27+00:00,20,low/images (54).jpg,low,603f1f9a482a3006952b159cda920bd8ed049209b34a50884f6b119685e131f8,JPEG,JPEG,1,1,,,TRUE
3G,400,200,original,21,AKR20240912005700084_14_i_P2.jpg,139130,140231,201,TRUE,3.656,,2026-10-05T05:19:31+00:00,21,low/AKR20240912005700084_14_i_P2.jpg,low,c4482010e40a042da2e83fd3c95bbf9c0712183a7770292863fa9417301f4861,JPEG,JPEG,1,1,,,TRUE
3G,400,200,original,22,images (87).jpg,6295,7392,201,TRUE,0.6,,2026-10-05T05:19:31+00:00,22,low/images (87).jpg,low,17e7c86fb13f0323a5c1d3be805646c59eec59d5beaea2658d297c0d3373e74b,JPEG,JPEG,1,1,,,TRUE
3G,400,200,original,23,0f569675-81fe-4a2b-a287-d2bd795d43ba.jpg,44317,45416,201,TRUE,1.491,,2026-10-05T05:19:33+00:00,23,low/0f569675-81fe-4a2b-a287-d2bd795d43ba.jpg,low,c81707abf5a85406bc2d94929967233a92a9306ae95f498d747d5f7752f7b902,JPEG,JPEG,1,1,,,TRUE
3G,400,200,original,24,다운로드 (9).jpg,10859,11958,201,TRUE,0.724,,2026-10-05T05:19:34+00:00,24,low/다운로드 (9).jpg,low,5df85c890ea4a636469d83b37c1af9cbc748052677e24a7db858ee48e001958c,JPEG,JPEG,1,1,,,TRUE
3G,400,200,original,25,images - 2025-01-28T185206.840.jpg,7722,8819,201,TRUE,0.676,,2026-10-05T05:19:34+00:00,25,low/images - 2025-01-28T185206.840.jpg,low,6228c1195a7fcd5d74faaea2760e62b51c03ca564ccb0283b455af8570496bee,JPEG,JPEG,1,1,,,TRUE
3G,400,200,original,26,화면 캡처 2025-03-05 165818.jpg,46304,47403,201,TRUE,1.547,,2026-10-05T05:19:36+00:00,26,low/화면 캡처 2025-03-05 165818.jpg,low,a16ebe8d0133bc9197eccfeb7d04f98d3305ef0b54f63e1ed8e9d3b8e0ad2617,JPEG,JPEG,1,1,,,TRUE
3G,400,200,original,27,images - 2025-01-28T154337.022.jpg,9541,10639,201,TRUE,0.687,,2026-10-05T05:19:37+00:00,27,low/images - 2025-01-28T154337.022.jpg,low,3621b715c4382601bd8cc43d18a16fcd9365f45d719b87e48af40fb2f8b0eca7,JPEG,JPEG,1,1,,,TRUE
3G,400,200,original,28,images - 2025-01-28T164652.242.jpg,10095,11194,201,TRUE,0.711,,2026-10-05T05:19:37+00:00,28,low/images - 2025-01-28T164652.242.jpg,low,61bbb7fe51bc1382fc36cf77c2b73775a0a246084d6feb061712fd1be4fff869,JPEG,JPEG,1,1,,,TRUE
3G,400,200,original,29,images - 2025-01-28T162955.160.jpg,9905,11003,201,TRUE,0.708,,2026-10-05T05:19:38+00:00,29,low/images - 2025-01-28T162955.160.jpg,low,1b302964ed960ca3a241f951926093e59174f5d18c0b37a222855ac08e6956d7,JPEG,JPEG,1,1,,,TRUE
3G,400,200,original,30,images - 2025-01-28T154225.875.jpg,5133,6230,201,TRUE,0.612,,2026-10-05T05:19:39+00:00,30,low/images - 2025-01-28T154225.875.jpg,low,2b6e1e23e9f6ff7c8f932f4404730b4ecdd6fd9b25b17db4b3169295d653cdf1,JPEG,JPEG,1,1,,,TRUE
3G,400,200,original,31,images (15) 2.jpg,11774,12873,201,TRUE,0.755,,2026-10-05T05:19:39+00:00,31,low/images (15) 2.jpg,low,42a5648cd763317c8064e73ce7a8af65cf545a2783580afb80f5e540f69bc858,JPEG,JPEG,1,1,,,TRUE
3G,400,200,original,32,00-276.jpg,60274,61373,201,TRUE,1.822,,2026-10-05T05:19:41+00:00,32,low/00-276.jpg,low,4a5b33b50f2ee942035dee793f948a2e4e7f67aa117904e8dcb845205c91e1ff,JPEG,JPEG,1,1,,,TRUE
3G,400,200,original,33,다운로드 (1).jpg,12728,13827,201,TRUE,0.775,,2026-10-05T05:19:42+00:00,33,low/다운로드 (1).jpg,low,8d60b77a9b72f390a27542b8465cb0466f5822cc53583d17bba89c6b36cc7d9c,JPEG,JPEG,1,1,,,TRUE
3G,400,200,original,34,다운로드 (55).jpg,12566,13665,201,TRUE,0.787,,2026-10-05T05:19:43+00:00,34,low/다운로드 (55).jpg,low,727e6934838d73713fd5680aa6825c4c45ec12e3a8927f05d322de39adacd73d,JPEG,JPEG,1,1,,,TRUE
3G,400,200,original,35,images - 2025-01-28T164829.543.jpg,7436,8533,201,TRUE,0.666,,2026-10-05T05:19:44+00:00,35,low/images - 2025-01-28T164829.543.jpg,low,7179a8b265946063e758d20acaa77ee8e110b6d3e141ca7d703db63e145256a1,JPEG,JPEG,1,1,,,TRUE
3G,400,200,original,36,images - 2025-01-28T155549.589.jpg,7592,8689,201,TRUE,0.676,,2026-10-05T05:19:44+00:00,36,low/images - 2025-01-28T155549.589.jpg,low,6244cdd6c0edfe22c5952588894aa08869241d031569c86fdce429f18753f322,JPEG,JPEG,1,1,,,TRUE
3G,400,200,original,37,다운로드 (46).jpg,5488,6585,201,TRUE,0.609,,2026-10-05T05:19:45+00:00,37,low/다운로드 (46).jpg,low,7f2b0f743bc087d93641e7ed726bdba3d3384d89d3c579272c3c2adb58bd7f38,JPEG,JPEG,1,1,,,TRUE
3G,400,200,original,38,images - 2025-01-28T164746.970.jpg,7684,8781,201,TRUE,0.674,,2026-10-05T05:19:46+00:00,38,low/images - 2025-01-28T164746.970.jpg,low,257241bb1a41503ca4e3473135a35ccfe89377ad19bc03d86acfcdf04c1fd04e,JPEG,JPEG,1,1,,,TRUE
3G,400,200,original,39,images - 2025-01-28T185020.777.jpg,2481,3578,201,TRUE,0.535,,2026-10-05T05:19:46+00:00,39,low/images - 2025-01-28T185020.777.jpg,low,ffb1ec4da5b736da8737cd08b7fd7151a850e239fe1d35f9beb3b1a16c7bd202,JPEG,JPEG,1,1,,,TRUE
3G,400,200,original,40,다운로드 (22).jpg,9070,10167,201,TRUE,0.695,,2026-10-05T05:19:47+00:00,40,low/다운로드 (22).jpg,low,e1dfc556a80e773bf1f1e3b61cb7ae583d59f2076ae7a8c535500670c82de27b,JPEG,JPEG,1,1,,,TRUE
3G,400,200,original,41,images (37).jpg,11893,12992,201,TRUE,0.771,,2026-10-05T05:19:48+00:00,41,low/images (37).jpg,low,9b946ad1758501c74a140ee2e4f9789598a5d5295c956bf0e8e280805f794205,JPEG,JPEG,1,1,,,TRUE
3G,400,200,original,42,noise (2).jpg,38393,39492,201,TRUE,1.324,,2026-10-05T05:19:49+00:00,42,low/noise (2).jpg,low,c6ff296ef4fd9aa096d5af20edf68e6c94a34fff61edfc6316b25142bd37cc4b,JPEG,JPEG,1,1,,,TRUE
3G,400,200,original,43,images - 2025-01-28T163118.084.jpg,10369,11468,201,TRUE,0.724,,2026-10-05T05:19:50+00:00,43,low/images - 2025-01-28T163118.084.jpg,low,a299fe9fa37c2e607bd62439d742f9f3bc7d9901c9e99c97394343d0713f4081,JPEG,JPEG,1,1,,,TRUE
3G,400,200,original,44,화면 캡처 2025-03-05 163951.jpg,61979,63078,201,TRUE,1.87,,2026-10-05T05:19:51+00:00,44,low/화면 캡처 2025-03-05 163951.jpg,low,75f31a48a4346e254922a4eeab72b30456bc9d47b5e88b0b215e2f75b0f79541,JPEG,JPEG,1,1,,,TRUE
3G,400,200,original,45,a-1697518992.jpg,96754,97853,201,TRUE,2.697,,2026-10-05T05:19:54+00:00,45,low/a-1697518992.jpg,low,3289d204c8e03d8944248936bc454d5aea5b59bc41a1b96269125c2ab581cd07,JPEG,JPEG,1,1,,,TRUE
3G,400,200,original,46,images - 2025-01-28T184855.222.jpg,11179,12278,201,TRUE,0.737,,2026-10-05T05:19:55+00:00,46,low/images - 2025-01-28T184855.222.jpg,low,a3ad1d1dd7b1392d7045d0b3c5817c60fd0cb09e35d794ec3d97e405f1535c72,JPEG,JPEG,1,1,,,TRUE
3G,400,200,original,47,Mua-lon-nhieu-tuyen-duong-bi-chia-cat-do-ngap.jpg,315609,316710,201,TRUE,7.668,,2026-10-05T05:20:03+00:00,47,low/Mua-lon-nhieu-tuyen-duong-bi-chia-cat-do-ngap.jpg,low,4a636722eac7947289e2ee351659d3279aa8bdec7de3d526aa7301e0e8ea83da,JPEG,JPEG,1,1,,,TRUE
3G,400,200,original,48,images (91).jpg,12600,13699,201,TRUE,0.802,,2026-10-05T05:20:03+00:00,48,low/images (91).jpg,low,67694493a5915b456599ffc85f79ad2dd89141dceff2f273b1a6fc4eec5545f2,JPEG,JPEG,1,1,,,TRUE
3G,400,200,original,49,화면 캡처 2025-03-05 164019.jpg,48583,49682,201,TRUE,1.593,,2026-10-05T05:20:05+00:00,49,low/화면 캡처 2025-03-05 164019.jpg,low,1126614ab6ce433834ff4010ee4bd775c2cd1aa3003778eb505e2a4aa9f65347,JPEG,JPEG,1,1,,,TRUE
3G,400,200,original,50,화면 캡처 2025-03-05 163845.jpg,50032,51131,201,TRUE,1.601,,2026-10-05T05:20:07+00:00,50,low/화면 캡처 2025-03-05 163845.jpg,low,f37481db61b1f1ec7156ad68fdf0937297f0e9c760cf48f5ab6dab76844e6cd4,JPEG,JPEG,1,1,,,TRUE
3G,400,200,original,51,images (80).jpg,9732,10830,201,TRUE,0.714,,2026-10-05T05:20:07+00:00,51,low/images (80).jpg,low,6ab02506062e3a532cc7277be599710a40e1b3d03540eb3cfa12b992e90040df,JPEG,JPEG,1,1,,,TRUE
3G,400,200,original,52,images - 2025-01-28T153836.835.jpg,9612,10710,201,TRUE,0.677,,2026-10-05T05:20:08+00:00,52,low/images - 2025-01-28T153836.835.jpg,low,2b4d23d3ece2cfa10cee3f0ccbac81b7500e2854e2cd3374c2931007e9eb8fed,JPEG,JPEG,1,1,,,TRUE
3G,400,200,original,53,화면 캡처 2025-03-05 164330.jpg,38102,39201,201,TRUE,1.334,,2026-10-05T05:20:09+00:00,53,low/화면 캡처 2025-03-05 164330.jpg,low,ac7842800d9d2b89c7f6b5923074a26327ea286bfe40fe81ccf63c23976a85ec,JPEG,JPEG,1,1,,,TRUE
3G,400,200,original,54,images (12) 2.png,1751176,1752278,201,TRUE,40.213,,2026-10-05T05:20:50+00:00,54,low/images (12) 2.png,low,19586a122eb5e6c4de00bbc09b02339b387d0249a05e3690dc9383bf50991314,PNG,PNG,1,1,,,TRUE
3G,400,200,original,55,화면 캡처 2025-03-05 161116.jpg,41419,42518,201,TRUE,1.385,,2026-10-05T05:20:51+00:00,55,low/화면 캡처 2025-03-05 161116.jpg,low,2f3fe63f36ec75ca5fe0896caac06cf0dfb0e2dee8ed43f0a30fb0a50932a445,JPEG,JPEG,1,1,,,TRUE
3G,400,200,original,56,img1.jpeg,20121,21220,201,TRUE,0.944,,2026-10-05T05:20:52+00:00,56,low/img1.jpeg,low,df6f1fbc5204bce20da729fd09ed7bab81e77e6be21e927ae06db39c90a2cf79,JPEG,JPEG,1,1,,,TRUE
3G,400,200,original,57,images - 2025-01-28T163022.980.jpg,4448,5545,201,TRUE,0.564,,2026-10-05T05:20:53+00:00,57,low/images - 2025-01-28T163022.980.jpg,low,2f635c3682eac9888a201958073889594b75b8dcc7dcbfe564d176fc91dc460c,JPEG,JPEG,1,1,,,TRUE
3G,400,200,original,58,images (15).jpg,8013,9110,201,TRUE,0.662,,2026-10-05T05:20:53+00:00,58,medium/images (15).jpg,medium,68d7ac5485564e08315c8e181b868d10acff2c3c5c6dc30c679eb3b5b69cfbef,JPEG,JPEG,1,1,,,TRUE
3G,400,200,original,59,images (78).jpg,10322,11421,201,TRUE,0.707,,2026-10-05T05:20:54+00:00,59,medium/images (78).jpg,medium,b4b3ef29acbc224733e0fca30af83d9c673fcf01e12617e34849d86822b9a976,JPEG,JPEG,1,1,,,TRUE
3G,400,200,original,60,chay-lu-7-21441025-1730073553208-1730073553540228535485.webp,1407541,1408644,201,TRUE,32.398,,2026-10-05T05:21:26+00:00,60,medium/chay-lu-7-21441025-1730073553208-1730073553540228535485.webp,medium,cfd7d11cdfec3d412e4106d470269c2d681c2e892295978e173cbaad46f5f9d9,JPEG,JPEG,1,1,,,TRUE
3G,400,200,original,61,images (22).jpg,5885,6982,201,TRUE,0.615,,2026-10-05T05:21:27+00:00,61,medium/images (22).jpg,medium,964bf4e7039c2ec2acabd3c177af4e6ef36611981fee5ba61d36aaedfe62c2e2,JPEG,JPEG,1,1,,,TRUE
3G,400,200,original,62,images (45).jpg,8893,9990,201,TRUE,0.676,,2026-10-05T05:21:28+00:00,62,medium/images (45).jpg,medium,612f49698ba90aa45ecdc5f73e555115e850cfd56c76277e9fd29c228af6e5e6,JPEG,JPEG,1,1,,,TRUE
3G,400,200,original,63,flood_6166.jpg,43961,45060,201,TRUE,1.466,,2026-10-05T05:21:29+00:00,63,medium/flood_6166.jpg,medium,4159ac8c969671d4a3255912207f9df9bc98049492c0cc0a95362b24eeeb8878,JPEG,JPEG,1,1,,,TRUE
3G,400,200,original,64,0112mualu_21112025075850_160.jpg,182185,183286,201,TRUE,4.676,,2026-10-05T05:21:34+00:00,64,medium/0112mualu_21112025075850_160.jpg,medium,8e6d53d2adb0fcb04f8e21dc8aab39bbad0c3edc23f7229aa2944aa9748cc253,JPEG,JPEG,1,1,,,TRUE
3G,400,200,original,65,images - 2025-01-28T151322.303.jpg,10455,11554,201,TRUE,0.716,,2026-10-05T05:21:34+00:00,65,medium/images - 2025-01-28T151322.303.jpg,medium,3f1084ef380ebd82dc42f44fdb037103ec757f85062ae269d4c2b5eb5808e296,JPEG,JPEG,1,1,,,TRUE
3G,400,200,original,66,image.png,325258,326358,201,TRUE,7.821,,2026-10-05T05:21:42+00:00,66,medium/image.png,medium,66927b3f9717a549fecf7b7d88f8bed53466a78257911fa97ac4cda3d369968a,PNG,PNG,1,1,,,TRUE
3G,400,200,original,67,807798211_1065370852913193_4397432111052496019_n.jpg,435298,436399,201,TRUE,10.351,,2026-10-05T05:21:53+00:00,67,medium/807798211_1065370852913193_4397432111052496019_n.jpg,medium,c24f1ae0af40897ab0cb7a1698d101b1e9bb770c27d0f34ab8c6a102df72e9e6,JPEG,JPEG,1,1,,,TRUE
3G,400,200,original,68,flood_6259.jpg,23470,24569,201,TRUE,1.009,,2026-10-05T05:21:54+00:00,68,medium/flood_6259.jpg,medium,4de8fa884f2d57dd80d3dfe3178fc9dbe4733bdc5d19a8460ff6bec341aafac4,JPEG,JPEG,1,1,,,TRUE
3G,400,200,original,69,flood_6286.jpg,38779,39878,201,TRUE,1.347,,2026-10-05T05:21:55+00:00,69,medium/flood_6286.jpg,medium,eaeee6cb6978717c20f2879f549380c6c27c3bdc8baadc397bd2060fedbf7c44,JPEG,JPEG,1,1,,,TRUE
3G,400,200,original,70,lam-dong-1764843506279818449019.jpg,254562,255663,201,TRUE,6.292,,2026-10-05T05:22:01+00:00,70,medium/lam-dong-1764843506279818449019.jpg,medium,bcacb2153b8df70663102f9fba3181b6b2177a21c79f9bf3123386fd3987e1ac,JPEG,JPEG,1,1,,,TRUE
3G,400,200,original,71,images (46).jpg,7180,8277,201,TRUE,0.626,,2026-10-05T05:22:02+00:00,71,medium/images (46).jpg,medium,38a8de4ce3022b4cdc0338ba5d0a3a4dc567e1af297a376ca1dca48e063ef256,JPEG,JPEG,1,1,,,TRUE
3G,400,200,original,72,다운로드 (12).jpg,12161,13260,201,TRUE,0.736,,2026-10-05T05:22:03+00:00,72,medium/다운로드 (12).jpg,medium,bcf35d05b7688362f8f6710240a89e8ee8509a08cb181949b7074babcd5d0365,JPEG,JPEG,1,1,,,TRUE
3G,400,200,original,73,noise (5).jpg,32693,33792,201,TRUE,1.19,,2026-10-05T05:22:04+00:00,73,medium/noise (5).jpg,medium,eb819a1dbb0043f513069582edbf918ce471cbaa687c26336af6a2ef8d301e1f,JPEG,JPEG,1,1,,,TRUE
3G,400,200,original,74,flood_1247.jpg,130752,131853,201,TRUE,3.468,,2026-10-05T05:22:07+00:00,74,medium/flood_1247.jpg,medium,be2b6774ad0ec21cbc1951fb0ceb3f62b35281ede3bb7c5b18c00488e7f3ff5f,JPEG,JPEG,1,1,,,TRUE
3G,400,200,original,75,quangbinh-6177.jpeg,46517,47616,201,TRUE,1.52,,2026-10-05T05:22:09+00:00,75,medium/quangbinh-6177.jpeg,medium,eed28d4cd27554ac50c77d00e653f3c51123d57f1311e4772fe98da723416719,JPEG,JPEG,1,1,,,TRUE
3G,400,200,original,76,20231124_uS9nUj.jpg,60817,61916,201,TRUE,1.868,,2026-10-05T05:22:11+00:00,76,medium/20231124_uS9nUj.jpg,medium,605154cc415e0e03701135d8283a92ae646b8b1efe374d9647f9c201ff7904d8,JPEG,JPEG,1,1,,,TRUE
3G,400,200,original,77,images (3).jpg,14759,15858,201,TRUE,0.793,,2026-10-05T05:22:12+00:00,77,medium/images (3).jpg,medium,4e5d64ecdd47da38de6324ac82b12c23fc99fa40da3590684b67029bc4eb9f2f,JPEG,JPEG,1,1,,,TRUE
3G,400,200,original,78,images (92).jpg,10406,11505,201,TRUE,0.693,,2026-10-05T05:22:12+00:00,78,medium/images (92).jpg,medium,0a5033d763a93d7c4dc9cb5dbe45a3a857b134882649b6e0442be4087e1c8aad,JPEG,JPEG,1,1,,,TRUE
3G,400,200,original,79,images - 2025-01-28T155148.034.jpg,11474,12573,201,TRUE,0.768,,2026-10-05T05:22:13+00:00,79,medium/images - 2025-01-28T155148.034.jpg,medium,595d2030d6eb563f32639a2f3a95a81024e5d889bd186a03fb2282b99011752c,JPEG,JPEG,1,1,,,TRUE
3G,400,200,original,80,image_186.jpg,103650,104751,201,TRUE,2.837,,2026-10-05T05:22:16+00:00,80,medium/image_186.jpg,medium,41aed1f809a8893cd69369b1ab9d4b22495fca4367babe1d7e85416354d90136,JPEG,JPEG,1,1,,,TRUE
3G,400,200,original,81,AA.30869797.1.jpg,42819,43918,201,TRUE,1.463,,2026-10-05T05:22:17+00:00,81,medium/AA.30869797.1.jpg,medium,4a1c37b2f5930b315a2a051c78ba8b37577df112f273cfe90e854486413c8474,JPEG,JPEG,1,1,,,TRUE
3G,400,200,original,82,1000014818-17616251502381327466398-136-106-1007-1500-crop-17616257967731607029814.webp,262748,263850,201,TRUE,6.412,,2026-10-05T05:22:24+00:00,82,medium/1000014818-17616251502381327466398-136-106-1007-1500-crop-17616257967731607029814.webp,medium,cd507abecb098f7dbbb04c9b5b710fd430eeeada6471e06d961d72f260bbcd96,WEBP,WEBP,1,1,,,TRUE
3G,400,200,original,83,img76.jpg,58775,59874,201,TRUE,1.758,,2026-10-05T05:22:26+00:00,83,medium/img76.jpg,medium,b06765974f3a5fc63db4f5affcf65eda68973fa2fe7efbd7007d3fa0548ef3c2,JPEG,JPEG,1,1,,,TRUE
3G,400,200,original,84,flood_6330.jpg,42957,44056,201,TRUE,1.431,,2026-10-05T05:22:27+00:00,84,medium/flood_6330.jpg,medium,390684aba7b3f3bba4d62cfbfeb5a2dfe99b486784957eb686faea673a9e203c,JPEG,JPEG,1,1,,,TRUE
3G,400,200,original,85,939cf7ba3afa4a60bbb76760f3fd5aba.jpg,40103,41202,201,TRUE,1.349,,2026-10-05T05:22:28+00:00,85,medium/939cf7ba3afa4a60bbb76760f3fd5aba.jpg,medium,ef98ff56a143b33046879132ceaed70eea555d53ad31f60e20bff9107700f3ab,JPEG,JPEG,1,1,,,TRUE
3G,400,200,original,86,flood_4813.jpg,53682,54781,201,TRUE,1.664,,2026-10-05T05:22:30+00:00,86,medium/flood_4813.jpg,medium,bdc67b21f57e090669243d986f772b0450ccc43065c54e162361e6f83f5ed758,JPEG,JPEG,1,1,,,TRUE
3G,400,200,original,87,images - 2025-01-28T184959.137.jpg,6694,7791,201,TRUE,0.628,,2026-10-05T05:22:31+00:00,87,medium/images - 2025-01-28T184959.137.jpg,medium,1ddd3ac5a0681f32307ea622308e561dc84e90c75a16629ac5c1b1b6ec91b3c0,JPEG,JPEG,1,1,,,TRUE
3G,400,200,original,88,quang-tri-quang-ngai-sap-mua-to-dai-ngay-dac-biet-hue-co-the-tren-500mm-1760611196899.webp,16450,17550,201,TRUE,0.84,,2026-10-05T05:22:32+00:00,88,medium/quang-tri-quang-ngai-sap-mua-to-dai-ngay-dac-biet-hue-co-the-tren-500mm-1760611196899.webp,medium,3d3f2f1ffc39aba5eec801859433c261eea9b3bde161c4a0528ddef08557cf39,WEBP,WEBP,1,1,,,TRUE
3G,400,200,original,89,flood_6326.jpg,46991,48090,201,TRUE,1.577,,2026-10-05T05:22:33+00:00,89,medium/flood_6326.jpg,medium,de44e55a13026a349ca25e762328448ac121bae58b24f5913a41b78d04d81704,JPEG,JPEG,1,1,,,TRUE
3G,400,200,original,90,img9.jpg,8269,9366,201,TRUE,0.642,,2026-10-05T05:22:34+00:00,90,medium/img9.jpg,medium,db9567b5b08ea11ec818bbd8a6f2571f8fd6bb0fc653a56c7b85ff2fb3d91f65,JPEG,JPEG,1,1,,,TRUE
3G,400,200,original,91,images (32).jpg,11527,12626,201,TRUE,0.727,,2026-10-05T05:22:34+00:00,91,medium/images (32).jpg,medium,0846f0df1312f26089cf20655aec68f8843c27732284c6406337d8acb15e5fef,JPEG,JPEG,1,1,,,TRUE
3G,400,200,original,92,image_0144.jpg,43235,44334,201,TRUE,1.415,,2026-10-05T05:22:36+00:00,92,medium/image_0144.jpg,medium,61f4b3a1508df32e80f65b1bd00bca3059e6b60b624f0e224fa4c92ebeb0c529,JPEG,JPEG,1,1,,,TRUE
3G,400,200,original,93,images (37).jpg,5324,6421,201,TRUE,0.622,,2026-10-05T05:22:37+00:00,93,medium/images (37).jpg,medium,ed83e76f54c9708880e842d5c8dc5458dbbb77e0198c0794c7100616d891b7a8,JPEG,JPEG,1,1,,,TRUE
3G,400,200,original,94,images (13).jpg,10472,11571,201,TRUE,0.726,,2026-10-05T05:22:37+00:00,94,medium/images (13).jpg,medium,b2918a66e66571b0f53f2f754255d276dc3ddc368ed02583b450ddec3e233505,JPEG,JPEG,1,1,,,TRUE
3G,400,200,original,95,flood_6129.jpg,31821,32920,201,TRUE,1.258,,2026-10-05T05:22:39+00:00,95,medium/flood_6129.jpg,medium,15e0255f8dd1ce3ee3abc5096854ceb13840bbb1a016e09f63c5dd46aa189b6f,JPEG,JPEG,1,1,,,TRUE
3G,400,200,original,96,gia-lai-1.jpg,47302,48401,201,TRUE,1.507,,2026-10-05T05:22:40+00:00,96,medium/gia-lai-1.jpg,medium,d99d981b85abdd79662b29dc36ceccf6f2c8b516fc557a9aaabffa044ac29110,JPEG,JPEG,1,1,,,TRUE
3G,400,200,original,97,805357338_1065370609579884_4614583555099717146_n.jpg,400498,401599,201,TRUE,9.46,,2026-10-05T05:22:50+00:00,97,medium/805357338_1065370609579884_4614583555099717146_n.jpg,medium,4b825284c811f72e3d234cd85fa06bfa6c715a8e0580801cbe37a3897039fedd,JPEG,JPEG,1,1,,,TRUE
3G,400,200,original,98,image_038.jpg,87978,89077,201,TRUE,2.493,,2026-10-05T05:22:52+00:00,98,medium/image_038.jpg,medium,6136434252d2fd2654427ab7233aa03edc8b4586c9f5edeae9445512a8c1a986,JPEG,JPEG,1,1,,,TRUE
3G,400,200,original,99,img54.webp,124418,125520,201,TRUE,3.274,,2026-10-05T05:22:55+00:00,99,medium/img54.webp,medium,18376708cee0912e197cd3109b168583b99612198d7227800d4e04ddba7efb8c,WEBP,WEBP,1,1,,,TRUE
3G,400,200,original,100,flood_6343.jpg,31488,32587,201,TRUE,1.165,,2026-10-05T05:22:56+00:00,100,medium/flood_6343.jpg,medium,bdaabbf877bb24950a976dcee568d7b2f9da082f2df398c581aa9544c8c2d113,JPEG,JPEG,1,1,,,TRUE
3G,400,200,original,101,flood_6140.jpg,47687,48786,201,TRUE,1.535,,2026-10-05T05:22:58+00:00,101,medium/flood_6140.jpg,medium,75047d855512c1e7aacdcc71d3424ba42258375fb4558f42e0d1e4d2eb95ab8e,JPEG,JPEG,1,1,,,TRUE
3G,400,200,original,102,5836-17634553662361993507720-168-0-1016-1620-crop-17634553816821875286789.webp,133464,134566,201,TRUE,3.462,,2026-10-05T05:23:02+00:00,102,medium/5836-17634553662361993507720-168-0-1016-1620-crop-17634553816821875286789.webp,medium,0f7a3cf9489a57a9d7a85f736ecdc9d61f2292d237dc1d516e81b7144328b65c,WEBP,WEBP,1,1,,,TRUE
3G,400,200,original,103,image_024.jpg,378699,379800,201,TRUE,9.04,,2026-10-05T05:23:11+00:00,103,medium/image_024.jpg,medium,4eeeb9650eff67134821474e3be3eef270bc952e5ce699ac5058d98d6272e7dd,JPEG,JPEG,1,1,,,TRUE
3G,400,200,original,104,image_311.jpg,1144367,1145470,201,TRUE,26.717,,2026-10-05T05:23:37+00:00,104,medium/image_311.jpg,medium,c2beb6ef457469d2c37347629f6fa6e5734de8643f9f4edf7b66827e56ea6b6d,JPEG,JPEG,1,1,,,TRUE
3G,400,200,original,105,images (16).jpg,9929,11027,201,TRUE,0.677,,2026-10-05T05:23:38+00:00,105,medium/images (16).jpg,medium,c1bb1154b3b1871cf95bfa43c8ff8a3af539e5c68618b1ad2044724ef2759de0,JPEG,JPEG,1,1,,,TRUE
3G,400,200,original,106,images-873cb504e7c333c6f74c7394a73d201acf9fae6cd36600561e3775ee8c31ca9b060d5497fad80da70437e59e48a14722-_111-6190.jpg,392978,394079,201,TRUE,9.491,,2026-10-05T05:23:47+00:00,106,medium/images-873cb504e7c333c6f74c7394a73d201acf9fae6cd36600561e3775ee8c31ca9b060d5497fad80da70437e59e48a14722-_111-6190.jpg,medium,d43f170f886d44555d05924ddee0439ecc18f50954cb91026c0100f4f0abc874,JPEG,JPEG,1,1,,,TRUE
3G,400,200,original,107,vnapotalquangtritieptucmualonlulennhanhgayngaplutdienrong1917541315072353-16029002171551755047725.webp,114822,115924,201,TRUE,3.087,,2026-10-05T05:23:51+00:00,107,medium/vnapotalquangtritieptucmualonlulennhanhgayngaplutdienrong1917541315072353-16029002171551755047725.webp,medium,08612801e26c708aa52eaadfca720becdaa6c15652f2e6f18d51d644f98d9c1d,WEBP,WEBP,1,1,,,TRUE
3G,400,200,original,108,n3.jpg,7767,8864,201,TRUE,0.645,,2026-10-05T05:23:51+00:00,108,medium/n3.jpg,medium,07538d70a44b40d3b440325619b3ca9b32650ede44a0d00d1d9dad1b99fbe4ee,JPEG,JPEG,1,1,,,TRUE
3G,400,200,original,109,39.jpg,231907,233008,201,TRUE,5.673,,2026-10-05T05:23:57+00:00,109,medium/39.jpg,medium,fdd7f649e7ae81c6a92c2912a2b1274d61a062ef4a830ad5dcf91d987895347d,JPEG,JPEG,1,1,,,TRUE
3G,400,200,original,110,lu-ky-luc-tren-hai-song-o-mien-trung-ngap-lut-lan-rong-tai-6-tinh-thanh-904.jpg,278934,280035,201,TRUE,6.817,,2026-10-05T05:24:04+00:00,110,medium/lu-ky-luc-tren-hai-song-o-mien-trung-ngap-lut-lan-rong-tai-6-tinh-thanh-904.jpg,medium,1208d8781d1283f8a2bf6df0db67a322020a4d22d1e5e77c892664b2dbe7ee09,JPEG,JPEG,1,1,,,TRUE
3G,400,200,original,111,edit-z7290483264645f5e6e37fc44ef85a5b1ffafb92dc59ab-17648137370111953943839-0-27-1131-1837-crop-1764813752388209128783.webp,495164,496266,201,TRUE,11.762,,2026-10-05T05:24:15+00:00,111,medium/edit-z7290483264645f5e6e37fc44ef85a5b1ffafb92dc59ab-17648137370111953943839-0-27-1131-1837-crop-1764813752388209128783.webp,medium,e0173401e7ade0280806d8f19ae43363fd2e8405d20aaacd33cee72d7b6dbc73,WEBP,WEBP,1,1,,,TRUE
3G,400,200,original,112,images - 2025-01-28T185558.906.jpg,3448,4545,201,TRUE,0.524,,2026-10-05T05:24:16+00:00,112,medium/images - 2025-01-28T185558.906.jpg,medium,f0860d21495f47388ed3e6696ce3785aee4da2cb1de4a590575461e038f7bae0,JPEG,JPEG,1,1,,,TRUE
3G,400,200,original,113,1763565218045_mua1-191125.jpeg,54659,55758,201,TRUE,1.67,,2026-10-05T05:24:18+00:00,113,medium/1763565218045_mua1-191125.jpeg,medium,c91db90f158b3e8e854df4c1e3e8eb835f1cb537912568ae19100e6c51e917a2,JPEG,JPEG,1,1,,,TRUE
3G,400,200,original,114,noise_n (3).jpg,34785,35884,201,TRUE,1.219,,2026-10-05T05:24:19+00:00,114,medium/noise_n (3).jpg,medium,737a36757baaeb65b62ecc21fd1a7cd2a49f865293696cdbf80f73a117604639,JPEG,JPEG,1,1,,,TRUE
3G,400,200,original,115,81329cb922f6cba892e7-jpg-31673361078756138245019-50182452114320146060691.webp,16372,17472,201,TRUE,0.812,,2026-10-05T05:24:20+00:00,115,medium/81329cb922f6cba892e7-jpg-31673361078756138245019-50182452114320146060691.webp,medium,e0c7a3f120e8fc4f8f930f71cb2441f187c7414913c50d326be0c10542c46d7b,WEBP,WEBP,1,1,,,TRUE
3G,400,200,original,116,noise (6).jpg,38382,39481,201,TRUE,1.331,,2026-10-05T05:24:21+00:00,116,medium/noise (6).jpg,medium,bacbea8fde543a342777a2e58cffb846bcab7312db734f6bb61c321e3e752dda,JPEG,JPEG,1,1,,,TRUE
3G,400,200,original,117,images - 2025-01-28T151947.364.jpg,10458,11557,201,TRUE,0.71,,2026-10-05T05:24:22+00:00,117,medium/images - 2025-01-28T151947.364.jpg,medium,e7b8e37ef4d169937e886cd8663859ecb7af96df687a212be179822094715e95,JPEG,JPEG,1,1,,,TRUE
3G,400,200,original,118,images (63).jpg,10539,11638,201,TRUE,0.721,,2026-10-05T05:24:23+00:00,118,medium/images (63).jpg,medium,6184d9e6b2bfe1c7ee6d03565b9bc592d4c3e55b2b707ef326f6c7e8504043b8,JPEG,JPEG,1,1,,,TRUE
3G,400,200,original,119,floods_cambodia_avid_w.jpg,234714,235815,201,TRUE,5.792,,2026-10-05T05:24:28+00:00,119,high/floods_cambodia_avid_w.jpg,high,ddb850ec825f321b37caa568aee6098cfd4d06c0affb70c72c9ee4ad142c3d9a,JPEG,JPEG,1,1,,,TRUE
3G,400,200,original,120,download.webp,19142,20242,201,TRUE,0.901,,2026-10-05T05:24:29+00:00,120,high/download.webp,high,9882a77a13f8404c4875c672327af6c30f711e1398f55d4278eedc70320775fc,WEBP,WEBP,1,1,,,TRUE
3G,400,200,original,121,img9.webp,222414,223516,201,TRUE,5.669,,2026-10-05T05:24:35+00:00,121,high/img9.webp,high,553641be2dee253e89f8ca5829376e2c718e3455ca1b13cdd9e3f4637edaa900,WEBP,WEBP,1,1,,,TRUE
3G,400,200,original,122,flood_4800.jpg,162727,163828,201,TRUE,4.135,,2026-10-05T05:24:39+00:00,122,high/flood_4800.jpg,high,0fcf65f440f4bb571ef8372897e08b4598b0e90023bb6700f222a036752a070e,JPEG,JPEG,1,1,,,TRUE
3G,400,200,original,123,flood_732.jpg,1943935,1945038,201,TRUE,44.683,,2026-10-05T05:25:24+00:00,123,high/flood_732.jpg,high,cd381b32133ec4671de6a5b7bbdaf0934357d776d35c3e143fb4cff864027893,JPEG,JPEG,1,1,,,TRUE
3G,400,200,original,124,z7243826042725e83c8d03deb27f56d1a1aad2b13b8e87-176362146979047283232-15-0-615-960-crop-17636214777741938859206.webp,78238,79338,201,TRUE,2.253,,2026-10-05T05:25:26+00:00,124,high/z7243826042725e83c8d03deb27f56d1a1aad2b13b8e87-176362146979047283232-15-0-615-960-crop-17636214777741938859206.webp,high,8656b7d16c67126af4681e1671432c38bc8fa52e8753764160db4c4873984988,WEBP,WEBP,1,1,,,TRUE
3G,400,200,original,125,R.png,219688,220788,201,TRUE,5.452,,2026-10-05T05:25:31+00:00,125,high/R.png,high,dc0a6fe2a2bd9a52e6e80b51bfba596e52c9c1cdf83b9f74b23ab5ea6a19170d,PNG,PNG,1,1,,,TRUE
3G,400,200,original,126,flood_1261.jpg,227106,228207,201,TRUE,5.6,,2026-10-05T05:25:37+00:00,126,high/flood_1261.jpg,high,e409f5969c2febfdda9ed849c91004358be0a3d10814f787e45e7627ca828214,JPEG,JPEG,1,1,,,TRUE
3G,400,200,original,127,AP23209060794692.jpg,1468172,1469275,201,TRUE,33.869,,2026-10-05T05:26:11+00:00,127,high/AP23209060794692.jpg,high,512a0322830cabfec0a6e89c2e31ea893b2cef2818cc39e3f317a59ae8fe1fd9,JPEG,JPEG,1,1,,,TRUE
3G,400,200,original,128,images - 2025-01-28T151851.902.jpg,7035,8132,201,TRUE,0.638,,2026-10-05T05:26:12+00:00,128,high/images - 2025-01-28T151851.902.jpg,high,1edde2dab6d62b91b9de6c3c2655197077d5ab6e19d4765d2676cde1a6d8eb20,JPEG,JPEG,1,1,,,TRUE
3G,400,200,original,129,image_027.jpg,106715,107816,201,TRUE,2.902,,2026-10-05T05:26:14+00:00,129,high/image_027.jpg,high,165d98120ba7e01d378bc261d7c3f23972249ed3b3be19d0d68043e769063363,JPEG,JPEG,1,1,,,TRUE
3G,400,200,original,130,2-1726448843911500454177.webp,263033,264134,201,TRUE,6.452,,2026-10-05T05:26:21+00:00,130,high/2-1726448843911500454177.webp,high,ff55a67f3985507695ee4b23060fdfdad9e187fb8504aedfbf092075fa5f0d96,JPEG,JPEG,1,1,,,TRUE
3G,400,200,original,131,image_049.jpg,148176,149277,201,TRUE,3.834,,2026-10-05T05:26:25+00:00,131,high/image_049.jpg,high,3e828a32d6aed42e6ee8dc53661095ca000f242d7e9f02d192b2c01c86a09957,JPEG,JPEG,1,1,,,TRUE
3G,400,200,original,132,image_0107.jpg,22163,23262,201,TRUE,0.974,,2026-10-05T05:26:26+00:00,132,high/image_0107.jpg,high,5fa433bbf249eeb3aa2055834a5f403e493a8cac5cd4b9782a14415183856245,JPEG,JPEG,1,1,,,TRUE
3G,400,200,original,133,dd20c6609cc035fedf1a093e97f51af4.jpeg,819746,820846,201,TRUE,18.99,,2026-10-05T05:26:45+00:00,133,high/dd20c6609cc035fedf1a093e97f51af4.jpeg,high,fce656b8e1f1e90ed783f0ca822286246a21df47469426bba44d1b2ad695ca97,PNG,PNG,1,1,,,TRUE
3G,400,200,original,134,img66.jpg,24584,25683,201,TRUE,1.089,,2026-10-05T05:26:46+00:00,134,high/img66.jpg,high,d55e7de52341508886162ad8719416840af584d47853b998f2d2c45f4c5f5fd2,JPEG,JPEG,1,1,,,TRUE
3G,400,200,original,135,OIP (10).webp,8178,9276,201,TRUE,0.634,,2026-10-05T05:26:46+00:00,135,high/OIP (10).webp,high,ed3ec9010a260ac315bd0f17ebe4c044ba2c86905964444aa011b3604366fe8d,WEBP,WEBP,1,1,,,TRUE
3G,400,200,original,136,iimages (5).jpg,6528,7625,201,TRUE,0.603,,2026-10-05T05:26:47+00:00,136,high/iimages (5).jpg,high,b0a958225801750c5a6a663c180d26565f8a95584750c5e60879380fd14ded85,JPEG,JPEG,1,1,,,TRUE
3G,400,200,original,137,iimages (10).jpg,10372,11471,201,TRUE,0.693,,2026-10-05T05:26:48+00:00,137,high/iimages (10).jpg,high,73f6052a7daa8f8de6dade2fa0ac44e339083b998afb2a163d7334c45aee76ad,JPEG,JPEG,1,1,,,TRUE
3G,400,200,original,138,img55.webp,103970,105072,201,TRUE,2.802,,2026-10-05T05:26:51+00:00,138,high/img55.webp,high,b5f145285f3fec3d20ccaee444df2159d4f1e362760435f3c6feb51ba725abd1,WEBP,WEBP,1,1,,,TRUE
3G,400,200,original,139,image_6483441_7_c62ccb313f.jpg,595810,596911,201,TRUE,14.117,,2026-10-05T05:27:05+00:00,139,high/image_6483441_7_c62ccb313f.jpg,high,6dd3bbf14af3264ba7796f69f228df25a4c356c25a6dd15bc161a085cb6c9e79,JPEG,JPEG,1,1,,,TRUE
3G,400,200,original,140,jakarta-indonesiafebruary-2021the-search-rescue-600nw-1920679820.webp,76370,77470,201,TRUE,2.21,,2026-10-05T05:27:07+00:00,140,high/jakarta-indonesiafebruary-2021the-search-rescue-600nw-1920679820.webp,high,c8a13d4112c593635c49f9071db0148b79a1d2e07b71b3df893bfd6a73c037b3,WEBP,WEBP,1,1,,,TRUE
3G,400,200,original,141,image_0090.jpg,32203,33302,201,TRUE,1.255,,2026-10-05T05:27:08+00:00,141,high/image_0090.jpg,high,10264351de402d0dd637b6f6bbc7008be5bf13c86313a6b684875ddd858cf613,JPEG,JPEG,1,1,,,TRUE
3G,400,200,original,142,img7.webp,58674,59774,201,TRUE,1.825,,2026-10-05T05:27:10+00:00,142,high/img7.webp,high,854cee071b8d48b0567b2717b3f8dc71e3694b96892e5e1591566cb0124e7925,WEBP,WEBP,1,1,,,TRUE
3G,400,200,original,143,4231cd29f2fb53ce8f0359eba8f1caaa85b22b53819bf0b9990e4c4d228c8c89.webp,93020,94120,201,TRUE,2.586,,2026-10-05T05:27:13+00:00,143,high/4231cd29f2fb53ce8f0359eba8f1caaa85b22b53819bf0b9990e4c4d228c8c89.webp,high,bcdb14769aad6eeb48dfec2f602435a1d52a3eac013da23c60a3dc34a22f4f38,WEBP,WEBP,1,1,,,TRUE
3G,400,200,original,144,img72.webp,80872,81972,201,TRUE,2.348,,2026-10-05T05:27:15+00:00,144,high/img72.webp,high,fc43a66f60e642ba21fa6cbe8fcc8846ba555c658dda41d4cd362b511a55cdc6,WEBP,WEBP,1,1,,,TRUE
3G,400,200,original,145,img49.webp,193300,194402,201,TRUE,4.896,,2026-10-05T05:27:20+00:00,145,high/img49.webp,high,96759c7c514ee82e03951cb13230fa9784b1e5e7234dacb2167999386d42da8a,WEBP,WEBP,1,1,,,TRUE
3G,400,200,original,146,OIP (1).webp,21818,22918,201,TRUE,0.966,,2026-10-05T05:27:21+00:00,146,high/OIP (1).webp,high,9931f7b540fa118001a5d222735edbddb903cb7469e6f8d551d3e3f9aeb528ff,WEBP,WEBP,1,1,,,TRUE
3G,400,200,original,147,OIP (33).webp,6578,7676,201,TRUE,0.617,,2026-10-05T05:27:22+00:00,147,high/OIP (33).webp,high,237864469e6f1c257cd918ef25c0b0dc7bf383955b3dd23e21cc2fd4a92cda2c,WEBP,WEBP,1,1,,,TRUE
3G,400,200,original,148,image_145.jpeg,278229,279330,201,TRUE,6.71,,2026-10-05T05:27:28+00:00,148,high/image_145.jpeg,high,bcdda09b5006e6f96bba2f559d90d2d3daf5c41ca66d3886dac46534cf7c7f5c,JPEG,JPEG,1,1,,,TRUE
3G,400,200,original,149,images - 2025-01-28T154039.568.jpg,7811,8908,201,TRUE,0.667,,2026-10-05T05:27:29+00:00,149,high/images - 2025-01-28T154039.568.jpg,high,be2defe1fef5628f1e85d94d12c66075ab7feca57f273f4f903521816128d959,JPEG,JPEG,1,1,,,TRUE
3G,400,200,original,150,3cbf55ff-d524-461d-bf40-fa489285474d.jpg,37501,38600,201,TRUE,1.354,,2026-10-05T05:27:30+00:00,150,high/3cbf55ff-d524-461d-bf40-fa489285474d.jpg,high,1f48d2d7cdfbc50fb3ca2297a2ccf866a2d48c3c079242e61df887b896f1c929,JPEG,JPEG,1,1,,,TRUE
3G,400,200,original,151,b572b8392df6f2cbbac8a6a19d74bfa2.avif,61606,62706,415,FALSE,1.803,,2026-10-05T05:27:32+00:00,151,high/b572b8392df6f2cbbac8a6a19d74bfa2.avif,high,c0aac4095412b24e58c6132b8e66e2b9f243597aee2eb06d7f193dc154e04f73,AVIF,AVIF,1,1,UNSUPPORTED_IMAGE,"Ảnh phải là JPEG, PNG hoặc WebP",FALSE
3G,400,200,original,152,flood_219.jpg,2847592,2613248,0,FALSE,60.022,,2026-10-05T05:28:32+00:00,152,high/flood_219.jpg,high,79facf8f80351b4e020857b9b47604efb7d0ea20f0ddaf838824b215b67ccb05,JPEG,JPEG,1,1,NETWORK_ERROR,"('Connection aborted.', ConnectionResetError(10054, 'An existing connection was forcibly closed by the remote host', None, 10054, None))",FALSE
3G,400,200,original,153,Shutterstock_12250367k.jpg,57055,58154,201,TRUE,1.851,,2026-10-05T05:28:34+00:00,153,high/Shutterstock_12250367k.jpg,high,732957645e5b3b44344a6db0f53486059ed78e70192a22c3b436cd8f93717b07,JPEG,JPEG,1,1,,,TRUE
3G,400,200,original,154,noise1.jpeg,15697,16796,201,TRUE,0.85,,2026-10-05T05:28:35+00:00,154,high/noise1.jpeg,high,9bbaa77d1bb035ab20937380a2af67a90bd9e4ca71180cfd0b807c5f00b343b8,JPEG,JPEG,1,1,,,TRUE
3G,400,200,original,155,img58.jpg,82737,83836,201,TRUE,2.401,,2026-10-05T05:28:37+00:00,155,high/img58.jpg,high,b9364110f4da93b4e893640de31f3fa2ca0dcdf336741d8934571d72a47043e2,JPEG,JPEG,1,1,,,TRUE
3G,400,200,original,156,569FB5E8-17FF-4DA7-AF819E7223AD38C7_source.webp,45462,46562,201,TRUE,1.504,,2026-10-05T05:28:39+00:00,156,high/569FB5E8-17FF-4DA7-AF819E7223AD38C7_source.webp,high,3dcb8b40eeb8b9f8bf80bae7a1df25b52f5004838bc145495c760b8f3789c2c7,WEBP,WEBP,1,1,,,TRUE
3G,400,200,original,157,flood_1214.jpg,158307,159408,201,TRUE,4.07,,2026-10-05T05:28:43+00:00,157,high/flood_1214.jpg,high,0c1e0b47204317c7c194fc94a7dbfc1030e08c065acbda8b4e455df3e23c4585,JPEG,JPEG,1,1,,,TRUE
3G,400,200,original,158,skynews-philippines-megi_5737099.jpg,233889,234990,201,TRUE,5.743,,2026-10-05T05:28:49+00:00,158,high/skynews-philippines-megi_5737099.jpg,high,84c1d37b7cba9e20cf409763137f50704c251e784de518f90804e115163765e0,JPEG,JPEG,1,1,,,TRUE
3G,400,200,original,159,flood_4791.jpg,136191,137292,201,TRUE,3.54,,2026-10-05T05:28:52+00:00,159,high/flood_4791.jpg,high,d1c123841ecbd4da557fa97ce87111b212c8228c34a85bd91f2560b0dd7f4540,JPEG,JPEG,1,1,,,TRUE
3G,400,200,original,160,flood_4763.jpg,109308,110409,201,TRUE,2.993,,2026-10-05T05:28:55+00:00,160,high/flood_4763.jpg,high,71dc4359a45d5f7f9a73474695d86dcc2a5fe3fb74f89763be6ea2c971476183,JPEG,JPEG,1,1,,,TRUE
3G,400,200,original,161,OIP (14).webp,6430,7528,201,TRUE,0.596,,2026-10-05T05:28:56+00:00,161,high/OIP (14).webp,high,327490c28381c700367e1baa43b9b8faa0d4dad840c3f5cc28dbcbc00aef9312,WEBP,WEBP,1,1,,,TRUE
3G,400,200,original,162,img60.webp,84220,85320,201,TRUE,2.463,,2026-10-05T05:28:58+00:00,162,high/img60.webp,high,04fb91efee88688fce39d7c57db3f77e74a131efb54072039947ff44497cab46,WEBP,WEBP,1,1,,,TRUE
3G,400,200,original,163,images - 2025-01-28T152121.677.jpg,9854,10952,201,TRUE,0.681,,2026-10-05T05:28:59+00:00,163,high/images - 2025-01-28T152121.677.jpg,high,4eb24b2e8dc4eda02a4cc8771e5f553a3cea43118dc311cd054b50be02659728,JPEG,JPEG,1,1,,,TRUE
3G,400,200,original,164,OIP (15).webp,7936,9034,201,TRUE,0.658,,2026-10-05T05:29:00+00:00,164,high/OIP (15).webp,high,24f885199ce10f8e1e816382fd1bfbc0cb087adfdbf80d37f50e01f029b902df,WEBP,WEBP,1,1,,,TRUE
3G,400,200,original,165,OIP (29).webp,15016,16116,201,TRUE,0.793,,2026-10-05T05:29:00+00:00,165,high/OIP (29).webp,high,722c9d66af59c68dec8e0c6d6304791267c63d646e08710fd3e9f26c37df9334,WEBP,WEBP,1,1,,,TRUE
3G,400,200,original,166,flood-1.jpg,217065,218166,201,TRUE,5.367,,2026-10-05T05:29:06+00:00,166,high/flood-1.jpg,high,09f55b9b3f375ebed1a877966d39e27f14f7e874b49f4aaeb760640e48391a2e,JPEG,JPEG,1,1,,,TRUE
3G,400,200,original,167,702018189_univ_cnt_01_xs.jpg,25024,26123,201,TRUE,1.114,,2026-10-05T05:29:07+00:00,167,high/702018189_univ_cnt_01_xs.jpg,high,5425fb7fa7db399de54b9d429fd66d384764c2dfb43a11b1661288a1214928f4,JPEG,JPEG,1,1,,,TRUE
3G,400,200,original,168,img4.jpg,7596,8693,201,TRUE,0.665,,2026-10-05T05:29:08+00:00,168,high/img4.jpg,high,2a232bbd43a017ee8635ca368475ed57d4f521ec3a3ac3441179a9a2bf799fd8,JPEG,JPEG,1,1,,,TRUE
3G,400,200,original,169,image_294.png,1080402,1081504,201,TRUE,24.835,,2026-10-05T05:29:32+00:00,169,high/image_294.png,high,121729a09e5d44136cae00fe1f03a2937abb87667ab3ecb6ab3c280a5894c585,PNG,PNG,1,1,,,TRUE
3G,400,200,original,170,65d952b4-90a2-4d18-b035-24352c-3365-2036-1764872629.webp,84692,85792,201,TRUE,2.398,,2026-10-05T05:29:35+00:00,170,high/65d952b4-90a2-4d18-b035-24352c-3365-2036-1764872629.webp,high,11f5411abd0b76ea294bd29a7472d8684b48083301862061e6f25da644430a5c,WEBP,WEBP,1,1,,,TRUE
3G,400,200,original,171,OIP (36).webp,23048,24148,201,TRUE,1.004,,2026-10-05T05:29:36+00:00,171,high/OIP (36).webp,high,f5293f48dbaa45b33a582c87433bb04fbbf2dd472469a0332a82bd5feb755c14,WEBP,WEBP,1,1,,,TRUE
3G,400,200,original,172,화면 캡처 2025-03-05 181439.jpg,86563,87662,201,TRUE,2.496,,2026-10-05T05:29:38+00:00,172,non_flood/화면 캡처 2025-03-05 181439.jpg,non_flood,b75c4f08d2d4af82fae15233d28be9099286d8327bb1728ad06ae8467bd4fd24,JPEG,JPEG,1,1,,,TRUE
3G,400,200,original,173,화면 캡처 2025-03-05 175742.jpg,67563,68662,201,TRUE,2.02,,2026-10-05T05:29:40+00:00,173,non_flood/화면 캡처 2025-03-05 175742.jpg,non_flood,9aa30b4ad8e881ee526e62dfd529f7c132517be92583fc25c2a352b59a7b8a10,JPEG,JPEG,1,1,,,TRUE
3G,400,200,original,174,화면 캡처 2025-03-05 175341.jpg,38665,39764,201,TRUE,1.35,,2026-10-05T05:29:42+00:00,174,non_flood/화면 캡처 2025-03-05 175341.jpg,non_flood,43a98cd56ba750ceae68f3ca04b1c092e901fff1dcc83a04a19d4652dd5a93ab,JPEG,JPEG,1,1,,,TRUE
3G,400,200,original,175,화면 캡처 2025-03-05 172751.jpg,38116,39215,201,TRUE,1.337,,2026-10-05T05:29:43+00:00,175,non_flood/화면 캡처 2025-03-05 172751.jpg,non_flood,8de13e59f0139f6ad9e553f887ea3e427cfbe24c5523a850651923df6d64011a,JPEG,JPEG,1,1,,,TRUE
3G,400,200,original,176,images (13)1.jpg,12745,13844,201,TRUE,0.773,,2026-10-05T05:29:44+00:00,176,non_flood/images (13)1.jpg,non_flood,4e2b303a68e00ba4fbca23bdb0585b3f0f6f385e83bfebad4a16d96898663a3e,JPEG,JPEG,1,1,,,TRUE
3G,400,200,original,177,화면 캡처 2025-03-05 181412.jpg,85248,86347,201,TRUE,2.4,,2026-10-05T05:29:46+00:00,177,non_flood/화면 캡처 2025-03-05 181412.jpg,non_flood,6fbd9d9cf16d0e950ccae0c7ec26baf60c4081efe34aa86205785db825fc01bc,JPEG,JPEG,1,1,,,TRUE
3G,400,200,original,178,화면 캡처 2025-03-05 152130.jpg,97874,98973,201,TRUE,2.664,,2026-10-05T05:29:49+00:00,178,non_flood/화면 캡처 2025-03-05 152130.jpg,non_flood,0df727cf509b4b225f8c3b77ed2b4c65be629b0eb3ef422bd3e6bcd1abe5b4e8,JPEG,JPEG,1,1,,,TRUE
3G,400,200,original,179,화면 캡처 2025-03-05 173917.jpg,84434,85533,201,TRUE,2.398,,2026-10-05T05:29:51+00:00,179,non_flood/화면 캡처 2025-03-05 173917.jpg,non_flood,29e372c79949fb945d3d217af23e725576f970bc88d47820d56f908c8c1dd8b4,JPEG,JPEG,1,1,,,TRUE
3G,400,200,original,180,1789568749569_282700609501588260_7406490438318140161_4c67d325471c5a433aa450f9a2bf7b80.jpg,462295,463396,201,TRUE,10.882,,2026-10-05T05:30:02+00:00,180,non_flood/1789568749569_282700609501588260_7406490438318140161_4c67d325471c5a433aa450f9a2bf7b80.jpg,non_flood,c8128762797fb77bf5feb965d12100cd783be0e0afe1658cbd851ec37a153d83,JPEG,JPEG,1,1,,,TRUE
3G,400,200,original,181,images (9).jpg,7668,8765,201,TRUE,0.696,,2026-10-05T05:30:03+00:00,181,non_flood/images (9).jpg,non_flood,18e261369109061b9841676f321894e21cfd91d608fe3dc9acc8c4d1bfd64a53,JPEG,JPEG,1,1,,,TRUE
3G,400,200,original,182,images (7).jpg,12323,13422,201,TRUE,0.742,,2026-10-05T05:30:04+00:00,182,non_flood/images (7).jpg,non_flood,a5bcc829e70ca0664ad916e26c9ffb440248d5d6e3429a58c9b90d3d3860a7ab,JPEG,JPEG,1,1,,,TRUE
3G,400,200,original,183,다운로드 (5).jpg,10259,11358,201,TRUE,0.741,,2026-10-05T05:30:04+00:00,183,non_flood/다운로드 (5).jpg,non_flood,49d811196ba07508a08d7689a5746494bdd1e6bc89460cb67dffb53154670204,JPEG,JPEG,1,1,,,TRUE
3G,400,200,original,184,다운로드 (45) 3.jpg,11487,12586,201,TRUE,0.722,,2026-10-05T05:30:05+00:00,184,non_flood/다운로드 (45) 3.jpg,non_flood,1f8553a464ee1aa46de5890b8be0676883513c8083217c3013df8ab6e9bef786,JPEG,JPEG,1,1,,,TRUE
3G,400,200,original,185,다운로드 (31).jpg,9664,10762,201,TRUE,0.675,,2026-10-05T05:30:06+00:00,185,non_flood/다운로드 (31).jpg,non_flood,c7449da10dfb0cebf3561e433c9a19876e06e81dda26cf39253b8d1aed09be91,JPEG,JPEG,1,1,,,TRUE
3G,400,200,original,186,127465812-일본-교토의-봄비-폭풍우-동안-교토부의-스트리트-뷰.jpg,180600,181701,201,TRUE,4.582,,2026-10-05T05:30:10+00:00,186,non_flood/127465812-일본-교토의-봄비-폭풍우-동안-교토부의-스트리트-뷰.jpg,non_flood,6ae7d4cc308ffcdbcea455286428f08c4716a26cd6e0f295ba412b38393a1e05,JPEG,JPEG,1,1,,,TRUE
3G,400,200,original,187,화면 캡처 2025-03-05 174935.jpg,123305,124406,201,TRUE,3.246,,2026-10-05T05:30:14+00:00,187,non_flood/화면 캡처 2025-03-05 174935.jpg,non_flood,d9a9b54010a3c3c0b44e085273edb1f64a777f99be11d71a7199030bab07a848,JPEG,JPEG,1,1,,,TRUE
3G,400,200,original,188,화면 캡처 2025-03-05 173725.jpg,86775,87874,201,TRUE,2.443,,2026-10-05T05:30:16+00:00,188,non_flood/화면 캡처 2025-03-05 173725.jpg,non_flood,8088bad691c314800e2472cc5837ed0ddc4fc2a8bb5fc67a0466a5b6dbd4ef41,JPEG,JPEG,1,1,,,TRUE
3G,400,200,original,189,다운로드 (7).jpg,12438,13537,201,TRUE,0.761,,2026-10-05T05:30:17+00:00,189,non_flood/다운로드 (7).jpg,non_flood,7882a482c8fa3ac2a100823670b3527953bc13261ced12bef7d2814872bbb73d,JPEG,JPEG,1,1,,,TRUE
3G,400,200,original,190,다운로드 (12).jpg,10323,11422,201,TRUE,0.713,,2026-10-05T05:30:18+00:00,190,non_flood/다운로드 (12).jpg,non_flood,5a26387b7c471c37b412a214b65d520836f1ccdac5562ba302e9ad91f3063751,JPEG,JPEG,1,1,,,TRUE
3G,400,200,original,191,images (11)1.jpg,13062,14161,201,TRUE,0.78,,2026-10-05T05:30:18+00:00,191,non_flood/images (11)1.jpg,non_flood,254e9ebc6f2b62b50393b6db4914c56a5fe0e43f3aac0ffa71f6cf007e661e61,JPEG,JPEG,1,1,,,TRUE
3G,400,200,original,192,1789568749557_282700609501588260_7406490438318140161_7d5baf7f35b58211bf5d643c66ab8606.jpg,517702,518803,201,TRUE,12.231,,2026-10-05T05:30:31+00:00,192,non_flood/1789568749557_282700609501588260_7406490438318140161_7d5baf7f35b58211bf5d643c66ab8606.jpg,non_flood,831a018e6022c183e2bad8c815113118193ea4eed8bfe14d0ae7000be299d148,JPEG,JPEG,1,1,,,TRUE
3G,400,200,original,193,images (14)1.jpg,11632,12731,201,TRUE,0.739,,2026-10-05T05:30:31+00:00,193,non_flood/images (14)1.jpg,non_flood,62da4a05b2a453136adff5b34666d1bfbbf2fc659e751e9c841909dd1e792d54,JPEG,JPEG,1,1,,,TRUE
3G,400,200,original,194,images (24)1.jpg,7340,8437,201,TRUE,0.618,,2026-10-05T05:30:32+00:00,194,non_flood/images (24)1.jpg,non_flood,f14078bda9f46dd2b44eb17870ad533778d7daf7085e8b344be8813a125f4694,JPEG,JPEG,1,1,,,TRUE
3G,400,200,original,195,다운로드 (43) 3.jpg,12680,13779,201,TRUE,0.757,,2026-10-05T05:30:33+00:00,195,non_flood/다운로드 (43) 3.jpg,non_flood,82a8697498f35ccc783ad058be58208a775ed79bbf59b68c83a1a95701944ecd,JPEG,JPEG,1,1,,,TRUE
3G,400,200,original,196,p1065569336329878_240_thum.jpg,190695,191796,201,TRUE,4.857,,2026-10-05T05:30:38+00:00,196,non_flood/p1065569336329878_240_thum.jpg,non_flood,f648f926141df9ee9b70b1f787f660909a44e33c36bb0ed39162ea186a338df4,JPEG,JPEG,1,1,,,TRUE
3G,400,200,original,197,화면 캡처 2025-03-05 172739.jpg,43887,44986,201,TRUE,1.472,,2026-10-05T05:30:39+00:00,197,non_flood/화면 캡처 2025-03-05 172739.jpg,non_flood,b40f793569d14767abe9f2e068970f3b795c0563877a1e1f8a7258821f69edcc,JPEG,JPEG,1,1,,,TRUE
3G,400,200,original,198,다운로드 (36) 3.jpg,17505,18604,201,TRUE,0.878,,2026-10-05T05:30:40+00:00,198,non_flood/다운로드 (36) 3.jpg,non_flood,8ae6c5d304ced95a61c6567b5c88ddfc5e319f0e3a5ec72dea7e133aa076ef0f,JPEG,JPEG,1,1,,,TRUE
3G,400,200,original,199,화면 캡처 2025-03-05 175927.jpg,87154,88253,201,TRUE,2.458,,2026-10-05T05:30:42+00:00,199,non_flood/화면 캡처 2025-03-05 175927.jpg,non_flood,0565699f292d6f6e0deb526642cc69d3d067a9e934582eabafbccc3d6d0f1bf2,JPEG,JPEG,1,1,,,TRUE
3G,400,200,original,200,13382_13779_4019.jpg,84306,85405,201,TRUE,2.398,,2026-10-05T05:30:45+00:00,200,non_flood/13382_13779_4019.jpg,non_flood,6bd6b42bf3dd5e44c475fddcbc9bd6a880a64bfdee58ca7722e49b94de5ee4da,JPEG,JPEG,1,1,,,TRUE
3G,400,200,original,201,RPR20231226002000353_01_i.jpg,108977,110078,201,TRUE,2.919,,2026-10-05T05:30:48+00:00,201,non_flood/RPR20231226002000353_01_i.jpg,non_flood,28246d242467856c88fbbfd1bafe4924c405331e349aa0a9e8e2814e688afd88,JPEG,JPEG,1,1,,,TRUE
3G,400,200,original,202,다운로드 (34) 3.jpg,10696,11795,201,TRUE,0.702,,2026-10-05T05:30:48+00:00,202,non_flood/다운로드 (34) 3.jpg,non_flood,568d0b9bf261a2e4fe2afb600416d3eb532f928e57b1d059acfe3a177bbd57f0,JPEG,JPEG,1,1,,,TRUE
3G,400,200,original,203,화면 캡처 2025-03-05 174358.jpg,97834,98933,201,TRUE,2.7,,2026-10-05T05:30:51+00:00,203,non_flood/화면 캡처 2025-03-05 174358.jpg,non_flood,1c7d8c2b8440637fbcec5baaba40642f2e3b0540590cc8a0ac8db672f478cfc7,JPEG,JPEG,1,1,,,TRUE
3G,400,200,original,204,images (62).jpg,23189,24288,201,TRUE,0.992,,2026-10-05T05:30:52+00:00,204,non_flood/images (62).jpg,non_flood,9e03661c93bf0f0f3dd70ccf7f7cfd62cdba0694c8359fef3021f6f2ab3f3b83,JPEG,JPEG,1,1,,,TRUE
3G,400,200,original,205,images - 2025-01-28T184436.464.jpg,6691,7788,201,TRUE,0.635,,2026-10-05T05:30:53+00:00,205,non_flood/images - 2025-01-28T184436.464.jpg,non_flood,31ddc209d0f2ff99b445870e708cc8becebb5adbc5c90504371e9c9a76f06d88,JPEG,JPEG,1,1,,,TRUE
3G,400,200,original,206,다운로드 (36).jpg,7644,8741,201,TRUE,0.649,,2026-10-05T05:30:53+00:00,206,non_flood/다운로드 (36).jpg,non_flood,3d946dfc7512149170bac99b129a06a6587fdc1ce7c057a3f609a89adfc665ee,JPEG,JPEG,1,1,,,TRUE
3G,400,200,original,207,화면 캡처 2025-03-05 182737.jpg,77443,78542,201,TRUE,2.241,,2026-10-05T05:30:56+00:00,207,non_flood/화면 캡처 2025-03-05 182737.jpg,non_flood,a456c939a5253ff3dd25bd0706ecf353ff0b5f5ff0c9d1e99bb3cf05487c3f28,JPEG,JPEG,1,1,,,TRUE
3G,400,200,original,208,20230113501845.jpg,196201,197302,201,TRUE,4.914,,2026-10-05T05:31:01+00:00,208,non_flood/20230113501845.jpg,non_flood,c06f0a8a109f0b9c110eea5d3caf05bd439e812ecb451bd34a083e1279173fe7,JPEG,JPEG,1,1,,,TRUE
3G,400,200,original,209,화면 캡처 2025-03-05 151816.jpg,82790,83889,201,TRUE,2.35,,2026-10-05T05:31:03+00:00,209,non_flood/화면 캡처 2025-03-05 151816.jpg,non_flood,102ada76b9fd2f4eebcdc6faf911ae294692c86d69b8149475c65dc4a821aa32,JPEG,JPEG,1,1,,,TRUE
3G,400,200,original,210,다운로드 (41).jpg,11674,12773,201,TRUE,0.742,,2026-10-05T05:31:04+00:00,210,non_flood/다운로드 (41).jpg,non_flood,93ba76f76448bf9350f289fdae38183912d3e0dedb86321977ac4b74e0eccfc4,JPEG,JPEG,1,1,,,TRUE
3G,400,200,original,211,images (18).jpg,13870,14969,201,TRUE,0.804,,2026-10-05T05:31:05+00:00,211,non_flood/images (18).jpg,non_flood,aff1fa1abd5f77fdd2ea5a26bb583771680c48c1bd64720bfa5a9a61012c0ac8,JPEG,JPEG,1,1,,,TRUE
3G,400,200,original,212,20180405_152525.jpg,110689,111790,201,TRUE,3.105,,2026-10-05T05:31:08+00:00,212,non_flood/20180405_152525.jpg,non_flood,25eb26aff4ee22251f3b24147b467f4a4d39333ff64c9611b65063054d18d120,JPEG,JPEG,1,1,,,TRUE
3G,400,200,original,213,화면 캡처 2025-03-05 164255.jpg,41066,42165,201,TRUE,1.429,,2026-10-05T05:31:09+00:00,213,non_flood/화면 캡처 2025-03-05 164255.jpg,non_flood,33c16a1a474295f7a31cc57648004d03eb04d2878e9f358250722c237528cd04,JPEG,JPEG,1,1,,,TRUE
3G,400,200,original,214,다운로드 (23).jpg,17943,19042,201,TRUE,0.885,,2026-10-05T05:31:10+00:00,214,non_flood/다운로드 (23).jpg,non_flood,c11157a4e5d6142a6cf64acf9448d948dc814160ff2ec431734692861bda5a95,JPEG,JPEG,1,1,,,TRUE
3G,400,200,original,215,화면 캡처 2025-03-05 152904.jpg,73147,74246,201,TRUE,2.116,,2026-10-05T05:31:12+00:00,215,non_flood/화면 캡처 2025-03-05 152904.jpg,non_flood,491cfa836d07fdb755e12495203d84dee0d937f82cd29e582eb569d7e5abc771,JPEG,JPEG,1,1,,,TRUE
3G,400,200,original,216,images - 2025-01-28T184427.744.jpg,8168,9265,201,TRUE,0.649,,2026-10-05T05:31:13+00:00,216,non_flood/images - 2025-01-28T184427.744.jpg,non_flood,e6d4712ee1e188f41d9179607bc46ed14c0681f69a5edd8d77ed619b9c4d6f7f,JPEG,JPEG,1,1,,,TRUE
3G,400,200,original,217,화면 캡처 2025-03-05 172144.jpg,62656,63755,201,TRUE,1.942,,2026-10-05T05:31:15+00:00,217,non_flood/화면 캡처 2025-03-05 172144.jpg,non_flood,67d6ad153034a81055741535ba0bdc53ff8e80076d90d512f42c10a76686d60e,JPEG,JPEG,1,1,,,TRUE
3G,400,200,original,218,다운로드 (53) 3.jpg,13371,14470,201,TRUE,0.783,,2026-10-05T05:31:16+00:00,218,non_flood/다운로드 (53) 3.jpg,non_flood,bac90bc594d2f060fd10ae095378c20d68e6565d54a1e3cc841b2ec094b869de,JPEG,JPEG,1,1,,,TRUE
3G,400,200,original,219,images - 2025-01-28T184942.058.jpg,9354,10452,201,TRUE,0.68,,2026-10-05T05:31:16+00:00,219,non_flood/images - 2025-01-28T184942.058.jpg,non_flood,cebc0d1cbc0ede1e75a7d4765af70a7bb5d44a651f831d11eeccc6f9ef18ffed,JPEG,JPEG,1,1,,,TRUE
3G,400,200,original,220,화면 캡처 2025-03-05 152054.jpg,87155,88254,201,TRUE,2.463,,2026-10-05T05:31:19+00:00,220,non_flood/화면 캡처 2025-03-05 152054.jpg,non_flood,b23bcf8d9814ddc38d73eb269f0be25f0dcc9626cc9a928bb116197859b3b29a,JPEG,JPEG,1,1,,,TRUE
3G,400,200,original,221,img (2).jpg,2363566,2364669,201,TRUE,54.526,,2026-10-05T05:32:13+00:00,221,non_flood/img (2).jpg,non_flood,ee879ba624faad0000bc7ae69d2bd8b2fca0d4fc159a181fe7a067a59260d156,JPEG,JPEG,1,1,,,TRUE
3G,400,200,original,222,화면 캡처 2025-03-05 175626.jpg,78689,79788,201,TRUE,2.382,,2026-10-05T05:32:16+00:00,222,non_flood/화면 캡처 2025-03-05 175626.jpg,non_flood,d9e510c3f2f2d13008fde01e8e520872122d0cc49de5a5ba5f8bab1bcf183cda,JPEG,JPEG,1,1,,,TRUE
3G,400,200,original,223,다운로드 (27).jpg,1173235,1174338,201,TRUE,27.287,,2026-10-05T05:32:43+00:00,223,non_flood/다운로드 (27).jpg,non_flood,e78be2b8fc5aea406725fab8f457a9ab79e4413b64e383634d419379d0a64a46,JPEG,JPEG,1,1,,,TRUE
3G,400,200,original,224,화면 캡처 2025-03-05 153850.jpg,57957,59056,201,TRUE,1.819,,2026-10-05T05:32:45+00:00,224,non_flood/화면 캡처 2025-03-05 153850.jpg,non_flood,8ed7fe227b6d8a8b890838876b2de8a28c844c7126f2a0d93e626f2387d816a6,JPEG,JPEG,1,1,,,TRUE
3G,400,200,original,225,images (5)1.jpg,15769,16868,201,TRUE,0.819,,2026-10-05T05:32:46+00:00,225,non_flood/images (5)1.jpg,non_flood,dae6acca79cb320bd3449d590ccaec16e2c839a431e6ca62911486a65050eab0,JPEG,JPEG,1,1,,,TRUE
3G,400,200,original,226,827778_739893_3348.jpg,231023,232124,201,TRUE,5.728,,2026-10-05T05:32:51+00:00,226,non_flood/827778_739893_3348.jpg,non_flood,909c28dfd1ea66f00fcbe72947317e577655cc349a5689b330e5205e0aab2127,JPEG,JPEG,1,1,,,TRUE
3G,400,200,original,227,화면 캡처 2025-03-05 182805.jpg,63327,64426,201,TRUE,1.93,,2026-10-05T05:32:53+00:00,227,non_flood/화면 캡처 2025-03-05 182805.jpg,non_flood,4637c31d11cb1fe03de357d94fc697479efc2e20be74922ee372ab6b20c2dca0,JPEG,JPEG,1,1,,,TRUE
3G,400,200,original,228,화면 캡처 2025-03-05 153835.jpg,66318,67417,201,TRUE,2.04,,2026-10-05T05:32:55+00:00,228,non_flood/화면 캡처 2025-03-05 153835.jpg,non_flood,a37bc97411cb7ac6c602b638a4ae161ec2d7ac8a4355b236c42eac10ef10f277,JPEG,JPEG,1,1,,,TRUE
3G,400,200,original,229,다운로드 (17).jpg,14028,15127,201,TRUE,0.778,,2026-10-05T05:32:56+00:00,229,non_flood/다운로드 (17).jpg,non_flood,10b48951d5016b1dbf60509c17f62c2647a902444531028666d61f165a110771,JPEG,JPEG,1,1,,,TRUE
3G,400,200,original,230,화면 캡처 2025-03-05 153232.jpg,66817,67916,201,TRUE,2.002,,2026-10-05T05:32:58+00:00,230,non_flood/화면 캡처 2025-03-05 153232.jpg,non_flood,c9e1a30f343094122869eff21dbfe7caaf3ab27b79b75f9fe581eeeb54027375,JPEG,JPEG,1,1,,,TRUE
3G,400,200,original,231,1789568749518_282700609501588260_7406490438318140161_457e5b27ff82f5cc09a9054090d4d3c2.jpg,629855,630956,201,TRUE,14.929,,2026-10-05T05:33:13+00:00,231,non_flood/1789568749518_282700609501588260_7406490438318140161_457e5b27ff82f5cc09a9054090d4d3c2.jpg,non_flood,6f8a2b1e3bac95e251969c5917f1e9efd101db672b064d01404e978bf759aab4,JPEG,JPEG,1,1,,,TRUE
3G,400,200,original,232,1789568754305_282700609501588260_7406490438318140161_d8a8d242988605b04d1ce450fe6b34f8.jpg,1484828,1485931,201,TRUE,34.136,,2026-10-05T05:33:47+00:00,232,non_flood/1789568754305_282700609501588260_7406490438318140161_d8a8d242988605b04d1ce450fe6b34f8.jpg,non_flood,7307e294c31f83de713f169ec3b7f14fbf73b87c78d059b45be2a3f57a9d72ce,JPEG,JPEG,1,1,,,TRUE
3G,400,200,original,233,AKR20211228058800052_01_i_P4.jpg,327293,328394,201,TRUE,8.037,,2026-10-05T05:33:55+00:00,233,non_flood/AKR20211228058800052_01_i_P4.jpg,non_flood,335da6829f7048e60a42a406f54985c7d1132dfd769137c48965aacc601b4128,JPEG,JPEG,1,1,,,TRUE
3G,400,200,original,234,images (1)1.jpg,17346,18445,201,TRUE,0.883,,2026-10-05T05:33:56+00:00,234,non_flood/images (1)1.jpg,non_flood,dfd2bf25abb8eff1566c1e6ff4ab87eb832382ac1a5a49549e1b0fe0b9a63cb4,JPEG,JPEG,1,1,,,TRUE
3G,400,200,original,235,화면 캡처 2025-03-05 175914.jpg,97888,98987,201,TRUE,2.633,,2026-10-05T05:33:59+00:00,235,non_flood/화면 캡처 2025-03-05 175914.jpg,non_flood,ec30de984e565a34847944157425ede963aa0be23b065b3732eb9597ac76b1c9,JPEG,JPEG,1,1,,,TRUE
3G,400,200,original,236,화면 캡처 2025-03-05 152437.jpg,63108,64207,201,TRUE,1.866,,2026-10-05T05:34:01+00:00,236,non_flood/화면 캡처 2025-03-05 152437.jpg,non_flood,2c620cd0c3d694d5119d85883fd7b23642f08ce0eb03ca21766e5c11224132a8,JPEG,JPEG,1,1,,,TRUE
3G,400,200,original,237,1789568749196_282700609501588260_7406490438318140161_1c6009c2a77bfa996d8a4d22d9c3fd58.jpg,905833,906934,201,TRUE,21.178,,2026-10-05T05:34:22+00:00,237,non_flood/1789568749196_282700609501588260_7406490438318140161_1c6009c2a77bfa996d8a4d22d9c3fd58.jpg,non_flood,fa24d60c34be44fb934a934be05686d66907d81619216b140be5bd63c6439fe9,JPEG,JPEG,1,1,,,TRUE
3G,400,200,original,238,img (1).jpg,413769,414870,201,TRUE,9.877,,2026-10-05T05:34:32+00:00,238,non_flood/img (1).jpg,non_flood,2c2088de1756cd1bc0e55d300d928af8b493d59df562e46be9c70c4263716bc2,JPEG,JPEG,1,1,,,TRUE
3G,400,200,original,239,202309111114430145_l.jpg,60417,61516,201,TRUE,1.866,,2026-10-05T05:34:34+00:00,239,non_flood/202309111114430145_l.jpg,non_flood,0fb3a939767b0614bb5786a4f2d77661b71f316fe2cc9e2af3c0ef24d967eba5,JPEG,JPEG,1,1,,,TRUE
3G,400,200,original,240,화면 캡처 2025-03-05 180321.jpg,83583,84682,201,TRUE,2.418,,2026-10-05T05:34:36+00:00,240,non_flood/화면 캡처 2025-03-05 180321.jpg,non_flood,9b63b57d9357dda36bab30f1bc0b45f80c734278fbc5fda7e490cbadde5e9837,JPEG,JPEG,1,1,,,TRUE
3G,400,200,original,241,6.jpg,1855386,1856488,201,TRUE,42.365,,2026-10-05T05:35:18+00:00,241,non_flood/6.jpg,non_flood,c441af2946491166eb9a5c7a7ed9f49d47015d134c3e3290fe4746ba81eee258,PNG,PNG,1,1,,,TRUE
3G,400,200,original,242,images (28)1.jpg,13457,14556,201,TRUE,0.795,,2026-10-05T05:35:19+00:00,242,non_flood/images (28)1.jpg,non_flood,133ce5159193385fc30a15f207f7b085563f9f513765aa6d9db1527ff27d1e50,JPEG,JPEG,1,1,,,TRUE
3G,400,200,original,243,images - 2025-01-28T164753.512.jpg,6027,7124,201,TRUE,0.602,,2026-10-05T05:35:20+00:00,243,non_flood/images - 2025-01-28T164753.512.jpg,non_flood,7b6a9c9dcaf36ed2edb0e435c1cbaffd8635cb82a1d1859270f3784b76dc232c,JPEG,JPEG,1,1,,,TRUE
3G,400,200,original,244,images (68).jpg,12293,13392,201,TRUE,0.741,,2026-10-05T05:35:21+00:00,244,non_flood/images (68).jpg,non_flood,d567a330f9aae5ae4244d9c33131d265796c8b1f4c5b6f5418c96e4071dcb032,JPEG,JPEG,1,1,,,TRUE
3G,400,200,original,245,화면 캡처 2025-03-05 153618.jpg,95694,96793,201,TRUE,2.673,,2026-10-05T05:35:23+00:00,245,non_flood/화면 캡처 2025-03-05 153618.jpg,non_flood,43e12f9c4c083131170e11f2d8982e9a4d0f854c0bca00f22be32a3cf44a28e7,JPEG,JPEG,1,1,,,TRUE
3G,400,200,original,246,1789568749222_282700609501588260_7406490438318140161_252d56e682395c7bebf8921689643574.jpg,529910,531011,201,TRUE,12.653,,2026-10-05T05:35:36+00:00,246,non_flood/1789568749222_282700609501588260_7406490438318140161_252d56e682395c7bebf8921689643574.jpg,non_flood,de50feeb6fbbfce20c858b922e4c2b64a9db5cf8ce52fb254307a24842e778c5,JPEG,JPEG,1,1,,,TRUE
3G,400,200,original,247,다운로드 (26) 3.jpg,12208,13307,201,TRUE,0.77,,2026-10-05T05:35:37+00:00,247,non_flood/다운로드 (26) 3.jpg,non_flood,de0b95d4b98a14825822659307248874d03101858f644f9721cec72b9101bbe5,JPEG,JPEG,1,1,,,TRUE
3G,400,200,original,248,다운로드 (28) 3.jpg,11914,13013,201,TRUE,0.766,,2026-10-05T05:35:37+00:00,248,non_flood/다운로드 (28) 3.jpg,non_flood,6a97c90bfae9e3a4ee39e7a5c7fe2b75b4fe6a3e400b2a09afac18a275f41cae,JPEG,JPEG,1,1,,,TRUE
3G,400,200,original,249,1000_F_456742052_YudLlJwZCJdCGsCjS95JW1leO2jQrZcp.jpg,433724,434825,201,TRUE,10.222,,2026-10-05T05:35:48+00:00,249,non_flood/1000_F_456742052_YudLlJwZCJdCGsCjS95JW1leO2jQrZcp.jpg,non_flood,782a4aa7d354dceb8d634480c647446953b8c04939dbd8a5ed8139b09f7c4157,JPEG,JPEG,1,1,,,TRUE
3G,400,200,original,250,다운로드 (38) 3.jpg,10253,11352,201,TRUE,0.713,,2026-10-05T05:35:48+00:00,250,non_flood/다운로드 (38) 3.jpg,non_flood,33e834881a9e0e7ca027b9b8d2ac0f4ff9427e6d5bfe69ea0749c9b8c7188764,JPEG,JPEG,1,1,,,TRUE
3G,400,200,original,251,20200212_134749.jpg,507201,508302,201,TRUE,11.944,,2026-10-05T05:36:00+00:00,251,non_flood/20200212_134749.jpg,non_flood,e8abcc77cfebf041681d602996e778ec393b201771d2b254574f0e69605d5ddb,JPEG,JPEG,1,1,,,TRUE
3G,400,200,original,252,화면 캡처 2025-03-05 182937.jpg,60819,61918,201,TRUE,1.866,,2026-10-05T05:36:02+00:00,252,non_flood/화면 캡처 2025-03-05 182937.jpg,non_flood,8f01696570c558df42bd56f0e1b7a47c082f769ccad329ef34ab30faa3f60f82,JPEG,JPEG,1,1,,,TRUE
3G,400,200,original,253,화면 캡처 2025-03-05 172154.jpg,63315,64414,201,TRUE,1.866,,2026-10-05T05:36:04+00:00,253,non_flood/화면 캡처 2025-03-05 172154.jpg,non_flood,f6fcb35702106630aad2a2728d5b82efd38162f3e9cf517455d74a5d23278b12,JPEG,JPEG,1,1,,,TRUE
3G,400,200,original,254,화면 캡처 2025-03-05 172249.jpg,62571,63670,201,TRUE,1.945,,2026-10-05T05:36:06+00:00,254,non_flood/화면 캡처 2025-03-05 172249.jpg,non_flood,e23a2f32ccc399fb02b93fab72cd958f47f6bb4c22de82a938af7a41d6ce383a,JPEG,JPEG,1,1,,,TRUE
3G,400,200,original,255,images (6).jpg,10543,11642,201,TRUE,0.714,,2026-10-05T05:36:07+00:00,255,non_flood/images (6).jpg,non_flood,134ad7a13637047c799be13d45bc3b1da685a64bc561af6f8a61c48f96183817,JPEG,JPEG,1,1,,,TRUE
3G,400,200,original,256,다운로드 (20).jpg,10158,11257,201,TRUE,0.695,,2026-10-05T05:36:07+00:00,256,non_flood/다운로드 (20).jpg,non_flood,17cc0160b5cdbc2eb9a64b4d744148a135d43c44e6c1681297b514b6ac9f7e47,JPEG,JPEG,1,1,,,TRUE
3G,400,200,original,257,화면 캡처 2025-03-05 181325.jpg,77623,78722,201,TRUE,2.26,,2026-10-05T05:36:10+00:00,257,non_flood/화면 캡처 2025-03-05 181325.jpg,non_flood,3ec886093348c65fb61f3249fd6060dbb373656412257f12bb9470c0e1de996d,JPEG,JPEG,1,1,,,TRUE
4G,5000,50,metadata,1,images - 2025-01-28T184849.878.jpg,0,1009,200,TRUE,0.149,,2026-10-05T05:36:10+00:00,1,low/images - 2025-01-28T184849.878.jpg,low,627c22c607ef478c79ea55e107f001691ab8ed53f6c54afdb050abe5682b7023,JPEG,,1,1,,,TRUE
4G,5000,50,metadata,2,images - 2025-01-28T151941.007.jpg,0,1009,200,TRUE,0.162,,2026-10-05T05:36:10+00:00,2,low/images - 2025-01-28T151941.007.jpg,low,5f0113ce019bca0d49e4a8f877b9b7bfb1a0d1ffcc2c4e07281f217530db5311,JPEG,,1,1,,,TRUE
4G,5000,50,metadata,3,images - 2025-01-28T184423.521.jpg,0,1009,200,TRUE,0.152,,2026-10-05T05:36:10+00:00,3,low/images - 2025-01-28T184423.521.jpg,low,bd922bb16c58fc71516ec9d7b5c1d93fb321d00de871e7ce760bf988adbba2d1,JPEG,,1,1,,,TRUE
4G,5000,50,metadata,4,다운로드 (26).jpg,0,1009,200,TRUE,0.151,,2026-10-05T05:36:10+00:00,4,low/다운로드 (26).jpg,low,8e49e8cfc10b1dac0f9007397fa30102f7fea32177ece824c7644737972900ce,JPEG,,1,1,,,TRUE
4G,5000,50,metadata,5,images - 2025-01-28T151753.297.jpg,0,1009,200,TRUE,0.163,,2026-10-05T05:36:11+00:00,5,low/images - 2025-01-28T151753.297.jpg,low,8a69d9e6278cb6a11e63a0539c222a18d45a3c9f836d5931fff6de5bb82647d8,JPEG,,1,1,,,TRUE
4G,5000,50,metadata,6,10360-2-13961.jpg,0,1009,200,TRUE,0.138,,2026-10-05T05:36:11+00:00,6,low/10360-2-13961.jpg,low,6471c406a970b2a0c56e05f2d4ed42dc78000ffb9270c7b845f4538095efef97,JPEG,,1,1,,,TRUE
4G,5000,50,metadata,7,images - 2025-01-28T164625.541.jpg,0,1009,200,TRUE,0.146,,2026-10-05T05:36:11+00:00,7,low/images - 2025-01-28T164625.541.jpg,low,910e7541da110f5fd52f2faf3d5df3773f3c6a8325667b69b6bfac1109c36c4a,JPEG,,1,1,,,TRUE
4G,5000,50,metadata,8,images - 2025-01-28T163206.341.jpg,0,1009,200,TRUE,0.143,,2026-10-05T05:36:11+00:00,8,low/images - 2025-01-28T163206.341.jpg,low,ce4daf7e801563c1ff173822486ce9ef7d57a394370159ff4c8d028d9c4c3315,JPEG,,1,1,,,TRUE
4G,5000,50,metadata,9,images - 2025-01-28T152038.912.jpg,0,1009,200,TRUE,0.145,,2026-10-05T05:36:11+00:00,9,low/images - 2025-01-28T152038.912.jpg,low,5b080e1cef380726476f73b0aa9611e1b960d63b67c5f6590a9516fa4a56e781,JPEG,,1,1,,,TRUE
4G,5000,50,metadata,10,images - 2025-01-28T153916.966.jpg,0,1010,200,TRUE,0.129,,2026-10-05T05:36:11+00:00,10,low/images - 2025-01-28T153916.966.jpg,low,f3feffaad630b6c5c07331468d12eb786d3fa1eff1094150cd2add6d7e2a5622,JPEG,,1,1,,,TRUE
4G,5000,50,metadata,11,images - 2025-01-28T162916.619.jpg,0,1010,200,TRUE,0.159,,2026-10-05T05:36:11+00:00,11,low/images - 2025-01-28T162916.619.jpg,low,37191e0f372cf8e2f989db33a05227a3bb392a945a33101a9ee99c43e1b61a11,JPEG,,1,1,,,TRUE
4G,5000,50,metadata,12,images - 2025-01-28T162724.362.jpg,0,1010,200,TRUE,0.147,,2026-10-05T05:36:12+00:00,12,low/images - 2025-01-28T162724.362.jpg,low,522ae358a781adfa05ea28cf94069fd8529c8f93241716587e2d26645ccbabd8,JPEG,,1,1,,,TRUE
4G,5000,50,metadata,13,images - 2025-01-28T155350.781.jpg,0,1010,200,TRUE,0.144,,2026-10-05T05:36:12+00:00,13,low/images - 2025-01-28T155350.781.jpg,low,45ea68dd2c16bca052d27d42b62ff743ecd20bb27e0e18696162cb2370691cc3,JPEG,,1,1,,,TRUE
4G,5000,50,metadata,14,images (59).jpg,0,1010,200,TRUE,0.157,,2026-10-05T05:36:12+00:00,14,low/images (59).jpg,low,8e6dbf6872b45499a89e3dace6e33843fa985c6cc64b71396185da03cc52acfa,JPEG,,1,1,,,TRUE
4G,5000,50,metadata,15,image_9946309791508995980052.jpg,0,1010,200,TRUE,0.16,,2026-10-05T05:36:12+00:00,15,low/image_9946309791508995980052.jpg,low,004188df1dea3d799e7a2c72e3e18b48406182dc1040d6f33ac325e69a2346e3,JPEG,,1,1,,,TRUE
4G,5000,50,metadata,16,images - 2025-01-28T151819.441.jpg,0,1010,200,TRUE,0.143,,2026-10-05T05:36:12+00:00,16,low/images - 2025-01-28T151819.441.jpg,low,0e7fa7e909dad9499bc66f079b7321ed3149daa2becccd015371f693bc4e8271,JPEG,,1,1,,,TRUE
4G,5000,50,metadata,17,611212110012634149_1.jpg,0,1010,200,TRUE,0.16,,2026-10-05T05:36:12+00:00,17,low/611212110012634149_1.jpg,low,45e44d7c5ab7f92be0542ab4eba296e772ab9194ae7d75c0dccffbbd067d8b09,JPEG,,1,1,,,TRUE
4G,5000,50,metadata,18,images - 2025-01-28T154010.314.jpg,0,1010,200,TRUE,0.142,,2026-10-05T05:36:13+00:00,18,low/images - 2025-01-28T154010.314.jpg,low,36d3870b9c93c429d8f3323a300793e1684348f5f926c9e91be6ec6ba42090c7,JPEG,,1,1,,,TRUE
4G,5000,50,metadata,19,images - 2025-01-28T164648.101.jpg,0,1010,200,TRUE,0.111,,2026-10-05T05:36:13+00:00,19,low/images - 2025-01-28T164648.101.jpg,low,c2efc1e04993962fc74094c7478fb291237307abc74a11df00334fdfbd188dbd,JPEG,,1,1,,,TRUE
4G,5000,50,metadata,20,images (54).jpg,0,1010,200,TRUE,0.141,,2026-10-05T05:36:13+00:00,20,low/images (54).jpg,low,603f1f9a482a3006952b159cda920bd8ed049209b34a50884f6b119685e131f8,JPEG,,1,1,,,TRUE
4G,5000,50,metadata,21,AKR20240912005700084_14_i_P2.jpg,0,1010,200,TRUE,0.155,,2026-10-05T05:36:13+00:00,21,low/AKR20240912005700084_14_i_P2.jpg,low,c4482010e40a042da2e83fd3c95bbf9c0712183a7770292863fa9417301f4861,JPEG,,1,1,,,TRUE
4G,5000,50,metadata,22,images (87).jpg,0,1010,200,TRUE,0.146,,2026-10-05T05:36:13+00:00,22,low/images (87).jpg,low,17e7c86fb13f0323a5c1d3be805646c59eec59d5beaea2658d297c0d3373e74b,JPEG,,1,1,,,TRUE
4G,5000,50,metadata,23,0f569675-81fe-4a2b-a287-d2bd795d43ba.jpg,0,1010,200,TRUE,0.159,,2026-10-05T05:36:13+00:00,23,low/0f569675-81fe-4a2b-a287-d2bd795d43ba.jpg,low,c81707abf5a85406bc2d94929967233a92a9306ae95f498d747d5f7752f7b902,JPEG,,1,1,,,TRUE
4G,5000,50,metadata,24,다운로드 (9).jpg,0,1010,200,TRUE,0.128,,2026-10-05T05:36:13+00:00,24,low/다운로드 (9).jpg,low,5df85c890ea4a636469d83b37c1af9cbc748052677e24a7db858ee48e001958c,JPEG,,1,1,,,TRUE
4G,5000,50,metadata,25,images - 2025-01-28T185206.840.jpg,0,1010,200,TRUE,0.143,,2026-10-05T05:36:14+00:00,25,low/images - 2025-01-28T185206.840.jpg,low,6228c1195a7fcd5d74faaea2760e62b51c03ca564ccb0283b455af8570496bee,JPEG,,1,1,,,TRUE
4G,5000,50,metadata,26,화면 캡처 2025-03-05 165818.jpg,0,1010,200,TRUE,0.158,,2026-10-05T05:36:14+00:00,26,low/화면 캡처 2025-03-05 165818.jpg,low,a16ebe8d0133bc9197eccfeb7d04f98d3305ef0b54f63e1ed8e9d3b8e0ad2617,JPEG,,1,1,,,TRUE
4G,5000,50,metadata,27,images - 2025-01-28T154337.022.jpg,0,1010,200,TRUE,0.141,,2026-10-05T05:36:14+00:00,27,low/images - 2025-01-28T154337.022.jpg,low,3621b715c4382601bd8cc43d18a16fcd9365f45d719b87e48af40fb2f8b0eca7,JPEG,,1,1,,,TRUE
4G,5000,50,metadata,28,images - 2025-01-28T164652.242.jpg,0,1010,200,TRUE,0.128,,2026-10-05T05:36:14+00:00,28,low/images - 2025-01-28T164652.242.jpg,low,61bbb7fe51bc1382fc36cf77c2b73775a0a246084d6feb061712fd1be4fff869,JPEG,,1,1,,,TRUE
4G,5000,50,metadata,29,images - 2025-01-28T162955.160.jpg,0,1010,200,TRUE,0.162,,2026-10-05T05:36:14+00:00,29,low/images - 2025-01-28T162955.160.jpg,low,1b302964ed960ca3a241f951926093e59174f5d18c0b37a222855ac08e6956d7,JPEG,,1,1,,,TRUE
4G,5000,50,metadata,30,images - 2025-01-28T154225.875.jpg,0,1010,200,TRUE,0.142,,2026-10-05T05:36:14+00:00,30,low/images - 2025-01-28T154225.875.jpg,low,2b6e1e23e9f6ff7c8f932f4404730b4ecdd6fd9b25b17db4b3169295d653cdf1,JPEG,,1,1,,,TRUE
4G,5000,50,metadata,31,images (15) 2.jpg,0,1010,200,TRUE,0.14,,2026-10-05T05:36:14+00:00,31,low/images (15) 2.jpg,low,42a5648cd763317c8064e73ce7a8af65cf545a2783580afb80f5e540f69bc858,JPEG,,1,1,,,TRUE
4G,5000,50,metadata,32,00-276.jpg,0,1010,200,TRUE,0.143,,2026-10-05T05:36:15+00:00,32,low/00-276.jpg,low,4a5b33b50f2ee942035dee793f948a2e4e7f67aa117904e8dcb845205c91e1ff,JPEG,,1,1,,,TRUE
4G,5000,50,metadata,33,다운로드 (1).jpg,0,1010,200,TRUE,0.158,,2026-10-05T05:36:15+00:00,33,low/다운로드 (1).jpg,low,8d60b77a9b72f390a27542b8465cb0466f5822cc53583d17bba89c6b36cc7d9c,JPEG,,1,1,,,TRUE
4G,5000,50,metadata,34,다운로드 (55).jpg,0,1010,200,TRUE,0.154,,2026-10-05T05:36:15+00:00,34,low/다운로드 (55).jpg,low,727e6934838d73713fd5680aa6825c4c45ec12e3a8927f05d322de39adacd73d,JPEG,,1,1,,,TRUE
4G,5000,50,metadata,35,images - 2025-01-28T164829.543.jpg,0,1010,200,TRUE,0.131,,2026-10-05T05:36:15+00:00,35,low/images - 2025-01-28T164829.543.jpg,low,7179a8b265946063e758d20acaa77ee8e110b6d3e141ca7d703db63e145256a1,JPEG,,1,1,,,TRUE
4G,5000,50,metadata,36,images - 2025-01-28T155549.589.jpg,0,1010,200,TRUE,0.164,,2026-10-05T05:36:15+00:00,36,low/images - 2025-01-28T155549.589.jpg,low,6244cdd6c0edfe22c5952588894aa08869241d031569c86fdce429f18753f322,JPEG,,1,1,,,TRUE
4G,5000,50,metadata,37,다운로드 (46).jpg,0,1010,200,TRUE,0.151,,2026-10-05T05:36:15+00:00,37,low/다운로드 (46).jpg,low,7f2b0f743bc087d93641e7ed726bdba3d3384d89d3c579272c3c2adb58bd7f38,JPEG,,1,1,,,TRUE
4G,5000,50,metadata,38,images - 2025-01-28T164746.970.jpg,0,1010,200,TRUE,0.128,,2026-10-05T05:36:16+00:00,38,low/images - 2025-01-28T164746.970.jpg,low,257241bb1a41503ca4e3473135a35ccfe89377ad19bc03d86acfcdf04c1fd04e,JPEG,,1,1,,,TRUE
4G,5000,50,metadata,39,images - 2025-01-28T185020.777.jpg,0,1010,200,TRUE,0.138,,2026-10-05T05:36:16+00:00,39,low/images - 2025-01-28T185020.777.jpg,low,ffb1ec4da5b736da8737cd08b7fd7151a850e239fe1d35f9beb3b1a16c7bd202,JPEG,,1,1,,,TRUE
4G,5000,50,metadata,40,다운로드 (22).jpg,0,1010,200,TRUE,0.165,,2026-10-05T05:36:16+00:00,40,low/다운로드 (22).jpg,low,e1dfc556a80e773bf1f1e3b61cb7ae583d59f2076ae7a8c535500670c82de27b,JPEG,,1,1,,,TRUE
4G,5000,50,metadata,41,images (37).jpg,0,1010,200,TRUE,0.126,,2026-10-05T05:36:16+00:00,41,low/images (37).jpg,low,9b946ad1758501c74a140ee2e4f9789598a5d5295c956bf0e8e280805f794205,JPEG,,1,1,,,TRUE
4G,5000,50,metadata,42,noise (2).jpg,0,1010,200,TRUE,0.143,,2026-10-05T05:36:16+00:00,42,low/noise (2).jpg,low,c6ff296ef4fd9aa096d5af20edf68e6c94a34fff61edfc6316b25142bd37cc4b,JPEG,,1,1,,,TRUE
4G,5000,50,metadata,43,images - 2025-01-28T163118.084.jpg,0,1010,200,TRUE,0.143,,2026-10-05T05:36:16+00:00,43,low/images - 2025-01-28T163118.084.jpg,low,a299fe9fa37c2e607bd62439d742f9f3bc7d9901c9e99c97394343d0713f4081,JPEG,,1,1,,,TRUE
4G,5000,50,metadata,44,화면 캡처 2025-03-05 163951.jpg,0,1010,200,TRUE,0.155,,2026-10-05T05:36:16+00:00,44,low/화면 캡처 2025-03-05 163951.jpg,low,75f31a48a4346e254922a4eeab72b30456bc9d47b5e88b0b215e2f75b0f79541,JPEG,,1,1,,,TRUE
4G,5000,50,metadata,45,a-1697518992.jpg,0,1010,200,TRUE,0.146,,2026-10-05T05:36:17+00:00,45,low/a-1697518992.jpg,low,3289d204c8e03d8944248936bc454d5aea5b59bc41a1b96269125c2ab581cd07,JPEG,,1,1,,,TRUE
4G,5000,50,metadata,46,images - 2025-01-28T184855.222.jpg,0,1010,200,TRUE,0.157,,2026-10-05T05:36:17+00:00,46,low/images - 2025-01-28T184855.222.jpg,low,a3ad1d1dd7b1392d7045d0b3c5817c60fd0cb09e35d794ec3d97e405f1535c72,JPEG,,1,1,,,TRUE
4G,5000,50,metadata,47,Mua-lon-nhieu-tuyen-duong-bi-chia-cat-do-ngap.jpg,0,1010,200,TRUE,0.15,,2026-10-05T05:36:17+00:00,47,low/Mua-lon-nhieu-tuyen-duong-bi-chia-cat-do-ngap.jpg,low,4a636722eac7947289e2ee351659d3279aa8bdec7de3d526aa7301e0e8ea83da,JPEG,,1,1,,,TRUE
4G,5000,50,metadata,48,images (91).jpg,0,1010,200,TRUE,0.161,,2026-10-05T05:36:17+00:00,48,low/images (91).jpg,low,67694493a5915b456599ffc85f79ad2dd89141dceff2f273b1a6fc4eec5545f2,JPEG,,1,1,,,TRUE
4G,5000,50,metadata,49,화면 캡처 2025-03-05 164019.jpg,0,1010,200,TRUE,0.142,,2026-10-05T05:36:17+00:00,49,low/화면 캡처 2025-03-05 164019.jpg,low,1126614ab6ce433834ff4010ee4bd775c2cd1aa3003778eb505e2a4aa9f65347,JPEG,,1,1,,,TRUE
4G,5000,50,metadata,50,화면 캡처 2025-03-05 163845.jpg,0,1010,200,TRUE,0.142,,2026-10-05T05:36:17+00:00,50,low/화면 캡처 2025-03-05 163845.jpg,low,f37481db61b1f1ec7156ad68fdf0937297f0e9c760cf48f5ab6dab76844e6cd4,JPEG,,1,1,,,TRUE
4G,5000,50,metadata,51,images (80).jpg,0,1010,200,TRUE,0.16,,2026-10-05T05:36:18+00:00,51,low/images (80).jpg,low,6ab02506062e3a532cc7277be599710a40e1b3d03540eb3cfa12b992e90040df,JPEG,,1,1,,,TRUE
4G,5000,50,metadata,52,images - 2025-01-28T153836.835.jpg,0,1010,200,TRUE,0.128,,2026-10-05T05:36:18+00:00,52,low/images - 2025-01-28T153836.835.jpg,low,2b4d23d3ece2cfa10cee3f0ccbac81b7500e2854e2cd3374c2931007e9eb8fed,JPEG,,1,1,,,TRUE
4G,5000,50,metadata,53,화면 캡처 2025-03-05 164330.jpg,0,1010,200,TRUE,0.159,,2026-10-05T05:36:18+00:00,53,low/화면 캡처 2025-03-05 164330.jpg,low,ac7842800d9d2b89c7f6b5923074a26327ea286bfe40fe81ccf63c23976a85ec,JPEG,,1,1,,,TRUE
4G,5000,50,metadata,54,images (12) 2.png,0,1010,200,TRUE,0.142,,2026-10-05T05:36:18+00:00,54,low/images (12) 2.png,low,19586a122eb5e6c4de00bbc09b02339b387d0249a05e3690dc9383bf50991314,PNG,,1,1,,,TRUE
4G,5000,50,metadata,55,화면 캡처 2025-03-05 161116.jpg,0,1010,200,TRUE,0.143,,2026-10-05T05:36:18+00:00,55,low/화면 캡처 2025-03-05 161116.jpg,low,2f3fe63f36ec75ca5fe0896caac06cf0dfb0e2dee8ed43f0a30fb0a50932a445,JPEG,,1,1,,,TRUE
4G,5000,50,metadata,56,img1.jpeg,0,1010,200,TRUE,0.119,,2026-10-05T05:36:18+00:00,56,low/img1.jpeg,low,df6f1fbc5204bce20da729fd09ed7bab81e77e6be21e927ae06db39c90a2cf79,JPEG,,1,1,,,TRUE
4G,5000,50,metadata,57,images - 2025-01-28T163022.980.jpg,0,1010,200,TRUE,0.159,,2026-10-05T05:36:18+00:00,57,low/images - 2025-01-28T163022.980.jpg,low,2f635c3682eac9888a201958073889594b75b8dcc7dcbfe564d176fc91dc460c,JPEG,,1,1,,,TRUE
4G,5000,50,metadata,58,images (15).jpg,0,1010,200,TRUE,0.14,,2026-10-05T05:36:19+00:00,58,medium/images (15).jpg,medium,68d7ac5485564e08315c8e181b868d10acff2c3c5c6dc30c679eb3b5b69cfbef,JPEG,,1,1,,,TRUE
4G,5000,50,metadata,59,images (78).jpg,0,1010,200,TRUE,0.151,,2026-10-05T05:36:19+00:00,59,medium/images (78).jpg,medium,b4b3ef29acbc224733e0fca30af83d9c673fcf01e12617e34849d86822b9a976,JPEG,,1,1,,,TRUE
4G,5000,50,metadata,60,chay-lu-7-21441025-1730073553208-1730073553540228535485.webp,0,1010,200,TRUE,0.153,,2026-10-05T05:36:19+00:00,60,medium/chay-lu-7-21441025-1730073553208-1730073553540228535485.webp,medium,cfd7d11cdfec3d412e4106d470269c2d681c2e892295978e173cbaad46f5f9d9,JPEG,,1,1,,,TRUE
4G,5000,50,metadata,61,images (22).jpg,0,1010,200,TRUE,0.12,,2026-10-05T05:36:19+00:00,61,medium/images (22).jpg,medium,964bf4e7039c2ec2acabd3c177af4e6ef36611981fee5ba61d36aaedfe62c2e2,JPEG,,1,1,,,TRUE
4G,5000,50,metadata,62,images (45).jpg,0,1010,200,TRUE,0.146,,2026-10-05T05:36:19+00:00,62,medium/images (45).jpg,medium,612f49698ba90aa45ecdc5f73e555115e850cfd56c76277e9fd29c228af6e5e6,JPEG,,1,1,,,TRUE
4G,5000,50,metadata,63,flood_6166.jpg,0,1010,200,TRUE,0.149,,2026-10-05T05:36:19+00:00,63,medium/flood_6166.jpg,medium,4159ac8c969671d4a3255912207f9df9bc98049492c0cc0a95362b24eeeb8878,JPEG,,1,1,,,TRUE
4G,5000,50,metadata,64,0112mualu_21112025075850_160.jpg,0,1010,200,TRUE,0.168,,2026-10-05T05:36:20+00:00,64,medium/0112mualu_21112025075850_160.jpg,medium,8e6d53d2adb0fcb04f8e21dc8aab39bbad0c3edc23f7229aa2944aa9748cc253,JPEG,,1,1,,,TRUE
4G,5000,50,metadata,65,images - 2025-01-28T151322.303.jpg,0,1010,200,TRUE,0.119,,2026-10-05T05:36:20+00:00,65,medium/images - 2025-01-28T151322.303.jpg,medium,3f1084ef380ebd82dc42f44fdb037103ec757f85062ae269d4c2b5eb5808e296,JPEG,,1,1,,,TRUE
4G,5000,50,metadata,66,image.png,0,1010,200,TRUE,0.145,,2026-10-05T05:36:20+00:00,66,medium/image.png,medium,66927b3f9717a549fecf7b7d88f8bed53466a78257911fa97ac4cda3d369968a,PNG,,1,1,,,TRUE
4G,5000,50,metadata,67,807798211_1065370852913193_4397432111052496019_n.jpg,0,1010,200,TRUE,0.156,,2026-10-05T05:36:20+00:00,67,medium/807798211_1065370852913193_4397432111052496019_n.jpg,medium,c24f1ae0af40897ab0cb7a1698d101b1e9bb770c27d0f34ab8c6a102df72e9e6,JPEG,,1,1,,,TRUE
4G,5000,50,metadata,68,flood_6259.jpg,0,1010,200,TRUE,0.168,,2026-10-05T05:36:20+00:00,68,medium/flood_6259.jpg,medium,4de8fa884f2d57dd80d3dfe3178fc9dbe4733bdc5d19a8460ff6bec341aafac4,JPEG,,1,1,,,TRUE
4G,5000,50,metadata,69,flood_6286.jpg,0,1010,200,TRUE,0.165,,2026-10-05T05:36:20+00:00,69,medium/flood_6286.jpg,medium,eaeee6cb6978717c20f2879f549380c6c27c3bdc8baadc397bd2060fedbf7c44,JPEG,,1,1,,,TRUE
4G,5000,50,metadata,70,lam-dong-1764843506279818449019.jpg,0,1010,200,TRUE,0.15,,2026-10-05T05:36:20+00:00,70,medium/lam-dong-1764843506279818449019.jpg,medium,bcacb2153b8df70663102f9fba3181b6b2177a21c79f9bf3123386fd3987e1ac,JPEG,,1,1,,,TRUE
4G,5000,50,metadata,71,images (46).jpg,0,1010,200,TRUE,0.133,,2026-10-05T05:36:21+00:00,71,medium/images (46).jpg,medium,38a8de4ce3022b4cdc0338ba5d0a3a4dc567e1af297a376ca1dca48e063ef256,JPEG,,1,1,,,TRUE
4G,5000,50,metadata,72,다운로드 (12).jpg,0,1010,200,TRUE,0.126,,2026-10-05T05:36:21+00:00,72,medium/다운로드 (12).jpg,medium,bcf35d05b7688362f8f6710240a89e8ee8509a08cb181949b7074babcd5d0365,JPEG,,1,1,,,TRUE
4G,5000,50,metadata,73,noise (5).jpg,0,1010,200,TRUE,0.156,,2026-10-05T05:36:21+00:00,73,medium/noise (5).jpg,medium,eb819a1dbb0043f513069582edbf918ce471cbaa687c26336af6a2ef8d301e1f,JPEG,,1,1,,,TRUE
4G,5000,50,metadata,74,flood_1247.jpg,0,1010,200,TRUE,0.132,,2026-10-05T05:36:21+00:00,74,medium/flood_1247.jpg,medium,be2b6774ad0ec21cbc1951fb0ceb3f62b35281ede3bb7c5b18c00488e7f3ff5f,JPEG,,1,1,,,TRUE
4G,5000,50,metadata,75,quangbinh-6177.jpeg,0,1010,200,TRUE,0.127,,2026-10-05T05:36:21+00:00,75,medium/quangbinh-6177.jpeg,medium,eed28d4cd27554ac50c77d00e653f3c51123d57f1311e4772fe98da723416719,JPEG,,1,1,,,TRUE
4G,5000,50,metadata,76,20231124_uS9nUj.jpg,0,1010,200,TRUE,0.147,,2026-10-05T05:36:21+00:00,76,medium/20231124_uS9nUj.jpg,medium,605154cc415e0e03701135d8283a92ae646b8b1efe374d9647f9c201ff7904d8,JPEG,,1,1,,,TRUE
4G,5000,50,metadata,77,images (3).jpg,0,1010,200,TRUE,0.153,,2026-10-05T05:36:22+00:00,77,medium/images (3).jpg,medium,4e5d64ecdd47da38de6324ac82b12c23fc99fa40da3590684b67029bc4eb9f2f,JPEG,,1,1,,,TRUE
4G,5000,50,metadata,78,images (92).jpg,0,1010,200,TRUE,0.164,,2026-10-05T05:36:22+00:00,78,medium/images (92).jpg,medium,0a5033d763a93d7c4dc9cb5dbe45a3a857b134882649b6e0442be4087e1c8aad,JPEG,,1,1,,,TRUE
4G,5000,50,metadata,79,images - 2025-01-28T155148.034.jpg,0,1010,200,TRUE,0.163,,2026-10-05T05:36:22+00:00,79,medium/images - 2025-01-28T155148.034.jpg,medium,595d2030d6eb563f32639a2f3a95a81024e5d889bd186a03fb2282b99011752c,JPEG,,1,1,,,TRUE
4G,5000,50,metadata,80,image_186.jpg,0,1010,200,TRUE,0.152,,2026-10-05T05:36:22+00:00,80,medium/image_186.jpg,medium,41aed1f809a8893cd69369b1ab9d4b22495fca4367babe1d7e85416354d90136,JPEG,,1,1,,,TRUE
4G,5000,50,metadata,81,AA.30869797.1.jpg,0,1010,200,TRUE,0.162,,2026-10-05T05:36:22+00:00,81,medium/AA.30869797.1.jpg,medium,4a1c37b2f5930b315a2a051c78ba8b37577df112f273cfe90e854486413c8474,JPEG,,1,1,,,TRUE
4G,5000,50,metadata,82,1000014818-17616251502381327466398-136-106-1007-1500-crop-17616257967731607029814.webp,0,1010,200,TRUE,0.146,,2026-10-05T05:36:22+00:00,82,medium/1000014818-17616251502381327466398-136-106-1007-1500-crop-17616257967731607029814.webp,medium,cd507abecb098f7dbbb04c9b5b710fd430eeeada6471e06d961d72f260bbcd96,WEBP,,1,1,,,TRUE
4G,5000,50,metadata,83,img76.jpg,0,1010,200,TRUE,0.138,,2026-10-05T05:36:22+00:00,83,medium/img76.jpg,medium,b06765974f3a5fc63db4f5affcf65eda68973fa2fe7efbd7007d3fa0548ef3c2,JPEG,,1,1,,,TRUE
4G,5000,50,metadata,84,flood_6330.jpg,0,1010,200,TRUE,0.158,,2026-10-05T05:36:23+00:00,84,medium/flood_6330.jpg,medium,390684aba7b3f3bba4d62cfbfeb5a2dfe99b486784957eb686faea673a9e203c,JPEG,,1,1,,,TRUE
4G,5000,50,metadata,85,939cf7ba3afa4a60bbb76760f3fd5aba.jpg,0,1010,200,TRUE,0.15,,2026-10-05T05:36:23+00:00,85,medium/939cf7ba3afa4a60bbb76760f3fd5aba.jpg,medium,ef98ff56a143b33046879132ceaed70eea555d53ad31f60e20bff9107700f3ab,JPEG,,1,1,,,TRUE
4G,5000,50,metadata,86,flood_4813.jpg,0,1010,200,TRUE,0.152,,2026-10-05T05:36:23+00:00,86,medium/flood_4813.jpg,medium,bdc67b21f57e090669243d986f772b0450ccc43065c54e162361e6f83f5ed758,JPEG,,1,1,,,TRUE
4G,5000,50,metadata,87,images - 2025-01-28T184959.137.jpg,0,1010,200,TRUE,0.134,,2026-10-05T05:36:23+00:00,87,medium/images - 2025-01-28T184959.137.jpg,medium,1ddd3ac5a0681f32307ea622308e561dc84e90c75a16629ac5c1b1b6ec91b3c0,JPEG,,1,1,,,TRUE
4G,5000,50,metadata,88,quang-tri-quang-ngai-sap-mua-to-dai-ngay-dac-biet-hue-co-the-tren-500mm-1760611196899.webp,0,1010,200,TRUE,0.157,,2026-10-05T05:36:23+00:00,88,medium/quang-tri-quang-ngai-sap-mua-to-dai-ngay-dac-biet-hue-co-the-tren-500mm-1760611196899.webp,medium,3d3f2f1ffc39aba5eec801859433c261eea9b3bde161c4a0528ddef08557cf39,WEBP,,1,1,,,TRUE
4G,5000,50,metadata,89,flood_6326.jpg,0,1010,200,TRUE,0.116,,2026-10-05T05:36:23+00:00,89,medium/flood_6326.jpg,medium,de44e55a13026a349ca25e762328448ac121bae58b24f5913a41b78d04d81704,JPEG,,1,1,,,TRUE
4G,5000,50,metadata,90,img9.jpg,0,1010,200,TRUE,0.151,,2026-10-05T05:36:24+00:00,90,medium/img9.jpg,medium,db9567b5b08ea11ec818bbd8a6f2571f8fd6bb0fc653a56c7b85ff2fb3d91f65,JPEG,,1,1,,,TRUE
4G,5000,50,metadata,91,images (32).jpg,0,1010,200,TRUE,0.149,,2026-10-05T05:36:24+00:00,91,medium/images (32).jpg,medium,0846f0df1312f26089cf20655aec68f8843c27732284c6406337d8acb15e5fef,JPEG,,1,1,,,TRUE
4G,5000,50,metadata,92,image_0144.jpg,0,1010,200,TRUE,0.163,,2026-10-05T05:36:24+00:00,92,medium/image_0144.jpg,medium,61f4b3a1508df32e80f65b1bd00bca3059e6b60b624f0e224fa4c92ebeb0c529,JPEG,,1,1,,,TRUE
4G,5000,50,metadata,93,images (37).jpg,0,1010,200,TRUE,0.127,,2026-10-05T05:36:24+00:00,93,medium/images (37).jpg,medium,ed83e76f54c9708880e842d5c8dc5458dbbb77e0198c0794c7100616d891b7a8,JPEG,,1,1,,,TRUE
4G,5000,50,metadata,94,images (13).jpg,0,1010,200,TRUE,0.179,,2026-10-05T05:36:24+00:00,94,medium/images (13).jpg,medium,b2918a66e66571b0f53f2f754255d276dc3ddc368ed02583b450ddec3e233505,JPEG,,1,1,,,TRUE
4G,5000,50,metadata,95,flood_6129.jpg,0,1010,200,TRUE,0.144,,2026-10-05T05:36:24+00:00,95,medium/flood_6129.jpg,medium,15e0255f8dd1ce3ee3abc5096854ceb13840bbb1a016e09f63c5dd46aa189b6f,JPEG,,1,1,,,TRUE
4G,5000,50,metadata,96,gia-lai-1.jpg,0,1010,200,TRUE,0.125,,2026-10-05T05:36:24+00:00,96,medium/gia-lai-1.jpg,medium,d99d981b85abdd79662b29dc36ceccf6f2c8b516fc557a9aaabffa044ac29110,JPEG,,1,1,,,TRUE
4G,5000,50,metadata,97,805357338_1065370609579884_4614583555099717146_n.jpg,0,1010,200,TRUE,0.15,,2026-10-05T05:36:25+00:00,97,medium/805357338_1065370609579884_4614583555099717146_n.jpg,medium,4b825284c811f72e3d234cd85fa06bfa6c715a8e0580801cbe37a3897039fedd,JPEG,,1,1,,,TRUE
4G,5000,50,metadata,98,image_038.jpg,0,1010,200,TRUE,0.128,,2026-10-05T05:36:25+00:00,98,medium/image_038.jpg,medium,6136434252d2fd2654427ab7233aa03edc8b4586c9f5edeae9445512a8c1a986,JPEG,,1,1,,,TRUE
4G,5000,50,metadata,99,img54.webp,0,1010,200,TRUE,0.156,,2026-10-05T05:36:25+00:00,99,medium/img54.webp,medium,18376708cee0912e197cd3109b168583b99612198d7227800d4e04ddba7efb8c,WEBP,,1,1,,,TRUE
4G,5000,50,metadata,100,flood_6343.jpg,0,1011,200,TRUE,0.131,,2026-10-05T05:36:25+00:00,100,medium/flood_6343.jpg,medium,bdaabbf877bb24950a976dcee568d7b2f9da082f2df398c581aa9544c8c2d113,JPEG,,1,1,,,TRUE
4G,5000,50,metadata,101,flood_6140.jpg,0,1011,200,TRUE,0.139,,2026-10-05T05:36:25+00:00,101,medium/flood_6140.jpg,medium,75047d855512c1e7aacdcc71d3424ba42258375fb4558f42e0d1e4d2eb95ab8e,JPEG,,1,1,,,TRUE
4G,5000,50,metadata,102,5836-17634553662361993507720-168-0-1016-1620-crop-17634553816821875286789.webp,0,1011,200,TRUE,0.149,,2026-10-05T05:36:25+00:00,102,medium/5836-17634553662361993507720-168-0-1016-1620-crop-17634553816821875286789.webp,medium,0f7a3cf9489a57a9d7a85f736ecdc9d61f2292d237dc1d516e81b7144328b65c,WEBP,,1,1,,,TRUE
4G,5000,50,metadata,103,image_024.jpg,0,1011,200,TRUE,0.169,,2026-10-05T05:36:26+00:00,103,medium/image_024.jpg,medium,4eeeb9650eff67134821474e3be3eef270bc952e5ce699ac5058d98d6272e7dd,JPEG,,1,1,,,TRUE
4G,5000,50,metadata,104,image_311.jpg,0,1011,200,TRUE,0.164,,2026-10-05T05:36:26+00:00,104,medium/image_311.jpg,medium,c2beb6ef457469d2c37347629f6fa6e5734de8643f9f4edf7b66827e56ea6b6d,JPEG,,1,1,,,TRUE
4G,5000,50,metadata,105,images (16).jpg,0,1011,200,TRUE,0.158,,2026-10-05T05:36:26+00:00,105,medium/images (16).jpg,medium,c1bb1154b3b1871cf95bfa43c8ff8a3af539e5c68618b1ad2044724ef2759de0,JPEG,,1,1,,,TRUE
4G,5000,50,metadata,106,images-873cb504e7c333c6f74c7394a73d201acf9fae6cd36600561e3775ee8c31ca9b060d5497fad80da70437e59e48a14722-_111-6190.jpg,0,1011,200,TRUE,0.14,,2026-10-05T05:36:26+00:00,106,medium/images-873cb504e7c333c6f74c7394a73d201acf9fae6cd36600561e3775ee8c31ca9b060d5497fad80da70437e59e48a14722-_111-6190.jpg,medium,d43f170f886d44555d05924ddee0439ecc18f50954cb91026c0100f4f0abc874,JPEG,,1,1,,,TRUE
4G,5000,50,metadata,107,vnapotalquangtritieptucmualonlulennhanhgayngaplutdienrong1917541315072353-16029002171551755047725.webp,0,1011,200,TRUE,0.137,,2026-10-05T05:36:26+00:00,107,medium/vnapotalquangtritieptucmualonlulennhanhgayngaplutdienrong1917541315072353-16029002171551755047725.webp,medium,08612801e26c708aa52eaadfca720becdaa6c15652f2e6f18d51d644f98d9c1d,WEBP,,1,1,,,TRUE
4G,5000,50,metadata,108,n3.jpg,0,1011,200,TRUE,0.165,,2026-10-05T05:36:26+00:00,108,medium/n3.jpg,medium,07538d70a44b40d3b440325619b3ca9b32650ede44a0d00d1d9dad1b99fbe4ee,JPEG,,1,1,,,TRUE
4G,5000,50,metadata,109,39.jpg,0,1011,200,TRUE,0.16,,2026-10-05T05:36:26+00:00,109,medium/39.jpg,medium,fdd7f649e7ae81c6a92c2912a2b1274d61a062ef4a830ad5dcf91d987895347d,JPEG,,1,1,,,TRUE
4G,5000,50,metadata,110,lu-ky-luc-tren-hai-song-o-mien-trung-ngap-lut-lan-rong-tai-6-tinh-thanh-904.jpg,0,1011,200,TRUE,0.165,,2026-10-05T05:36:27+00:00,110,medium/lu-ky-luc-tren-hai-song-o-mien-trung-ngap-lut-lan-rong-tai-6-tinh-thanh-904.jpg,medium,1208d8781d1283f8a2bf6df0db67a322020a4d22d1e5e77c892664b2dbe7ee09,JPEG,,1,1,,,TRUE
4G,5000,50,metadata,111,edit-z7290483264645f5e6e37fc44ef85a5b1ffafb92dc59ab-17648137370111953943839-0-27-1131-1837-crop-1764813752388209128783.webp,0,1011,200,TRUE,0.142,,2026-10-05T05:36:27+00:00,111,medium/edit-z7290483264645f5e6e37fc44ef85a5b1ffafb92dc59ab-17648137370111953943839-0-27-1131-1837-crop-1764813752388209128783.webp,medium,e0173401e7ade0280806d8f19ae43363fd2e8405d20aaacd33cee72d7b6dbc73,WEBP,,1,1,,,TRUE
4G,5000,50,metadata,112,images - 2025-01-28T185558.906.jpg,0,1011,200,TRUE,0.152,,2026-10-05T05:36:27+00:00,112,medium/images - 2025-01-28T185558.906.jpg,medium,f0860d21495f47388ed3e6696ce3785aee4da2cb1de4a590575461e038f7bae0,JPEG,,1,1,,,TRUE
4G,5000,50,metadata,113,1763565218045_mua1-191125.jpeg,0,1011,200,TRUE,0.156,,2026-10-05T05:36:27+00:00,113,medium/1763565218045_mua1-191125.jpeg,medium,c91db90f158b3e8e854df4c1e3e8eb835f1cb537912568ae19100e6c51e917a2,JPEG,,1,1,,,TRUE
4G,5000,50,metadata,114,noise_n (3).jpg,0,1011,200,TRUE,0.152,,2026-10-05T05:36:27+00:00,114,medium/noise_n (3).jpg,medium,737a36757baaeb65b62ecc21fd1a7cd2a49f865293696cdbf80f73a117604639,JPEG,,1,1,,,TRUE
4G,5000,50,metadata,115,81329cb922f6cba892e7-jpg-31673361078756138245019-50182452114320146060691.webp,0,1011,200,TRUE,0.137,,2026-10-05T05:36:27+00:00,115,medium/81329cb922f6cba892e7-jpg-31673361078756138245019-50182452114320146060691.webp,medium,e0c7a3f120e8fc4f8f930f71cb2441f187c7414913c50d326be0c10542c46d7b,WEBP,,1,1,,,TRUE
4G,5000,50,metadata,116,noise (6).jpg,0,1011,200,TRUE,0.14,,2026-10-05T05:36:28+00:00,116,medium/noise (6).jpg,medium,bacbea8fde543a342777a2e58cffb846bcab7312db734f6bb61c321e3e752dda,JPEG,,1,1,,,TRUE
4G,5000,50,metadata,117,images - 2025-01-28T151947.364.jpg,0,1011,200,TRUE,0.14,,2026-10-05T05:36:28+00:00,117,medium/images - 2025-01-28T151947.364.jpg,medium,e7b8e37ef4d169937e886cd8663859ecb7af96df687a212be179822094715e95,JPEG,,1,1,,,TRUE
4G,5000,50,metadata,118,images (63).jpg,0,1011,200,TRUE,0.147,,2026-10-05T05:36:28+00:00,118,medium/images (63).jpg,medium,6184d9e6b2bfe1c7ee6d03565b9bc592d4c3e55b2b707ef326f6c7e8504043b8,JPEG,,1,1,,,TRUE
4G,5000,50,metadata,119,floods_cambodia_avid_w.jpg,0,1011,200,TRUE,0.145,,2026-10-05T05:36:28+00:00,119,high/floods_cambodia_avid_w.jpg,high,ddb850ec825f321b37caa568aee6098cfd4d06c0affb70c72c9ee4ad142c3d9a,JPEG,,1,1,,,TRUE
4G,5000,50,metadata,120,download.webp,0,1011,200,TRUE,0.142,,2026-10-05T05:36:28+00:00,120,high/download.webp,high,9882a77a13f8404c4875c672327af6c30f711e1398f55d4278eedc70320775fc,WEBP,,1,1,,,TRUE
4G,5000,50,metadata,121,img9.webp,0,1011,200,TRUE,0.157,,2026-10-05T05:36:28+00:00,121,high/img9.webp,high,553641be2dee253e89f8ca5829376e2c718e3455ca1b13cdd9e3f4637edaa900,WEBP,,1,1,,,TRUE
4G,5000,50,metadata,122,flood_4800.jpg,0,1011,200,TRUE,0.187,,2026-10-05T05:36:29+00:00,122,high/flood_4800.jpg,high,0fcf65f440f4bb571ef8372897e08b4598b0e90023bb6700f222a036752a070e,JPEG,,1,1,,,TRUE
4G,5000,50,metadata,123,flood_732.jpg,0,1011,200,TRUE,0.166,,2026-10-05T05:36:29+00:00,123,high/flood_732.jpg,high,cd381b32133ec4671de6a5b7bbdaf0934357d776d35c3e143fb4cff864027893,JPEG,,1,1,,,TRUE
4G,5000,50,metadata,124,z7243826042725e83c8d03deb27f56d1a1aad2b13b8e87-176362146979047283232-15-0-615-960-crop-17636214777741938859206.webp,0,1011,200,TRUE,0.143,,2026-10-05T05:36:29+00:00,124,high/z7243826042725e83c8d03deb27f56d1a1aad2b13b8e87-176362146979047283232-15-0-615-960-crop-17636214777741938859206.webp,high,8656b7d16c67126af4681e1671432c38bc8fa52e8753764160db4c4873984988,WEBP,,1,1,,,TRUE
4G,5000,50,metadata,125,R.png,0,1011,200,TRUE,0.157,,2026-10-05T05:36:29+00:00,125,high/R.png,high,dc0a6fe2a2bd9a52e6e80b51bfba596e52c9c1cdf83b9f74b23ab5ea6a19170d,PNG,,1,1,,,TRUE
4G,5000,50,metadata,126,flood_1261.jpg,0,1011,200,TRUE,0.151,,2026-10-05T05:36:29+00:00,126,high/flood_1261.jpg,high,e409f5969c2febfdda9ed849c91004358be0a3d10814f787e45e7627ca828214,JPEG,,1,1,,,TRUE
4G,5000,50,metadata,127,AP23209060794692.jpg,0,1011,200,TRUE,0.165,,2026-10-05T05:36:29+00:00,127,high/AP23209060794692.jpg,high,512a0322830cabfec0a6e89c2e31ea893b2cef2818cc39e3f317a59ae8fe1fd9,JPEG,,1,1,,,TRUE
4G,5000,50,metadata,128,images - 2025-01-28T151851.902.jpg,0,1011,200,TRUE,0.149,,2026-10-05T05:36:30+00:00,128,high/images - 2025-01-28T151851.902.jpg,high,1edde2dab6d62b91b9de6c3c2655197077d5ab6e19d4765d2676cde1a6d8eb20,JPEG,,1,1,,,TRUE
4G,5000,50,metadata,129,image_027.jpg,0,1011,200,TRUE,0.132,,2026-10-05T05:36:30+00:00,129,high/image_027.jpg,high,165d98120ba7e01d378bc261d7c3f23972249ed3b3be19d0d68043e769063363,JPEG,,1,1,,,TRUE
4G,5000,50,metadata,130,2-1726448843911500454177.webp,0,1011,200,TRUE,0.155,,2026-10-05T05:36:30+00:00,130,high/2-1726448843911500454177.webp,high,ff55a67f3985507695ee4b23060fdfdad9e187fb8504aedfbf092075fa5f0d96,JPEG,,1,1,,,TRUE
4G,5000,50,metadata,131,image_049.jpg,0,1011,200,TRUE,0.128,,2026-10-05T05:36:30+00:00,131,high/image_049.jpg,high,3e828a32d6aed42e6ee8dc53661095ca000f242d7e9f02d192b2c01c86a09957,JPEG,,1,1,,,TRUE
4G,5000,50,metadata,132,image_0107.jpg,0,1011,200,TRUE,0.148,,2026-10-05T05:36:30+00:00,132,high/image_0107.jpg,high,5fa433bbf249eeb3aa2055834a5f403e493a8cac5cd4b9782a14415183856245,JPEG,,1,1,,,TRUE
4G,5000,50,metadata,133,dd20c6609cc035fedf1a093e97f51af4.jpeg,0,1011,200,TRUE,0.154,,2026-10-05T05:36:30+00:00,133,high/dd20c6609cc035fedf1a093e97f51af4.jpeg,high,fce656b8e1f1e90ed783f0ca822286246a21df47469426bba44d1b2ad695ca97,PNG,,1,1,,,TRUE
4G,5000,50,metadata,134,img66.jpg,0,1011,200,TRUE,0.143,,2026-10-05T05:36:30+00:00,134,high/img66.jpg,high,d55e7de52341508886162ad8719416840af584d47853b998f2d2c45f4c5f5fd2,JPEG,,1,1,,,TRUE
4G,5000,50,metadata,135,OIP (10).webp,0,1011,200,TRUE,0.138,,2026-10-05T05:36:31+00:00,135,high/OIP (10).webp,high,ed3ec9010a260ac315bd0f17ebe4c044ba2c86905964444aa011b3604366fe8d,WEBP,,1,1,,,TRUE
4G,5000,50,metadata,136,iimages (5).jpg,0,1011,200,TRUE,0.135,,2026-10-05T05:36:31+00:00,136,high/iimages (5).jpg,high,b0a958225801750c5a6a663c180d26565f8a95584750c5e60879380fd14ded85,JPEG,,1,1,,,TRUE
4G,5000,50,metadata,137,iimages (10).jpg,0,1011,200,TRUE,0.142,,2026-10-05T05:36:31+00:00,137,high/iimages (10).jpg,high,73f6052a7daa8f8de6dade2fa0ac44e339083b998afb2a163d7334c45aee76ad,JPEG,,1,1,,,TRUE
4G,5000,50,metadata,138,img55.webp,0,1011,200,TRUE,0.161,,2026-10-05T05:36:31+00:00,138,high/img55.webp,high,b5f145285f3fec3d20ccaee444df2159d4f1e362760435f3c6feb51ba725abd1,WEBP,,1,1,,,TRUE
4G,5000,50,metadata,139,image_6483441_7_c62ccb313f.jpg,0,1011,200,TRUE,0.124,,2026-10-05T05:36:31+00:00,139,high/image_6483441_7_c62ccb313f.jpg,high,6dd3bbf14af3264ba7796f69f228df25a4c356c25a6dd15bc161a085cb6c9e79,JPEG,,1,1,,,TRUE
4G,5000,50,metadata,140,jakarta-indonesiafebruary-2021the-search-rescue-600nw-1920679820.webp,0,1011,200,TRUE,0.154,,2026-10-05T05:36:31+00:00,140,high/jakarta-indonesiafebruary-2021the-search-rescue-600nw-1920679820.webp,high,c8a13d4112c593635c49f9071db0148b79a1d2e07b71b3df893bfd6a73c037b3,WEBP,,1,1,,,TRUE
4G,5000,50,metadata,141,image_0090.jpg,0,1011,200,TRUE,0.139,,2026-10-05T05:36:31+00:00,141,high/image_0090.jpg,high,10264351de402d0dd637b6f6bbc7008be5bf13c86313a6b684875ddd858cf613,JPEG,,1,1,,,TRUE
4G,5000,50,metadata,142,img7.webp,0,1011,200,TRUE,0.159,,2026-10-05T05:36:32+00:00,142,high/img7.webp,high,854cee071b8d48b0567b2717b3f8dc71e3694b96892e5e1591566cb0124e7925,WEBP,,1,1,,,TRUE
4G,5000,50,metadata,143,4231cd29f2fb53ce8f0359eba8f1caaa85b22b53819bf0b9990e4c4d228c8c89.webp,0,1011,200,TRUE,0.14,,2026-10-05T05:36:32+00:00,143,high/4231cd29f2fb53ce8f0359eba8f1caaa85b22b53819bf0b9990e4c4d228c8c89.webp,high,bcdb14769aad6eeb48dfec2f602435a1d52a3eac013da23c60a3dc34a22f4f38,WEBP,,1,1,,,TRUE
4G,5000,50,metadata,144,img72.webp,0,1011,200,TRUE,0.115,,2026-10-05T05:36:32+00:00,144,high/img72.webp,high,fc43a66f60e642ba21fa6cbe8fcc8846ba555c658dda41d4cd362b511a55cdc6,WEBP,,1,1,,,TRUE
4G,5000,50,metadata,145,img49.webp,0,1011,200,TRUE,0.14,,2026-10-05T05:36:32+00:00,145,high/img49.webp,high,96759c7c514ee82e03951cb13230fa9784b1e5e7234dacb2167999386d42da8a,WEBP,,1,1,,,TRUE
4G,5000,50,metadata,146,OIP (1).webp,0,1011,200,TRUE,0.128,,2026-10-05T05:36:32+00:00,146,high/OIP (1).webp,high,9931f7b540fa118001a5d222735edbddb903cb7469e6f8d551d3e3f9aeb528ff,WEBP,,1,1,,,TRUE
4G,5000,50,metadata,147,OIP (33).webp,0,1011,200,TRUE,0.135,,2026-10-05T05:36:32+00:00,147,high/OIP (33).webp,high,237864469e6f1c257cd918ef25c0b0dc7bf383955b3dd23e21cc2fd4a92cda2c,WEBP,,1,1,,,TRUE
4G,5000,50,metadata,148,image_145.jpeg,0,1011,200,TRUE,0.165,,2026-10-05T05:36:32+00:00,148,high/image_145.jpeg,high,bcdda09b5006e6f96bba2f559d90d2d3daf5c41ca66d3886dac46534cf7c7f5c,JPEG,,1,1,,,TRUE
4G,5000,50,metadata,149,images - 2025-01-28T154039.568.jpg,0,1011,200,TRUE,0.147,,2026-10-05T05:36:33+00:00,149,high/images - 2025-01-28T154039.568.jpg,high,be2defe1fef5628f1e85d94d12c66075ab7feca57f273f4f903521816128d959,JPEG,,1,1,,,TRUE
4G,5000,50,metadata,150,3cbf55ff-d524-461d-bf40-fa489285474d.jpg,0,1011,200,TRUE,0.142,,2026-10-05T05:36:33+00:00,150,high/3cbf55ff-d524-461d-bf40-fa489285474d.jpg,high,1f48d2d7cdfbc50fb3ca2297a2ccf866a2d48c3c079242e61df887b896f1c929,JPEG,,1,1,,,TRUE
4G,5000,50,metadata,151,b572b8392df6f2cbbac8a6a19d74bfa2.avif,0,1011,200,TRUE,0.141,,2026-10-05T05:36:33+00:00,151,high/b572b8392df6f2cbbac8a6a19d74bfa2.avif,high,c0aac4095412b24e58c6132b8e66e2b9f243597aee2eb06d7f193dc154e04f73,AVIF,,1,1,,,TRUE
4G,5000,50,metadata,152,flood_219.jpg,0,1011,200,TRUE,0.143,,2026-10-05T05:36:33+00:00,152,high/flood_219.jpg,high,79facf8f80351b4e020857b9b47604efb7d0ea20f0ddaf838824b215b67ccb05,JPEG,,1,1,,,TRUE
4G,5000,50,metadata,153,Shutterstock_12250367k.jpg,0,1011,200,TRUE,0.144,,2026-10-05T05:36:33+00:00,153,high/Shutterstock_12250367k.jpg,high,732957645e5b3b44344a6db0f53486059ed78e70192a22c3b436cd8f93717b07,JPEG,,1,1,,,TRUE
4G,5000,50,metadata,154,noise1.jpeg,0,1011,200,TRUE,0.157,,2026-10-05T05:36:33+00:00,154,high/noise1.jpeg,high,9bbaa77d1bb035ab20937380a2af67a90bd9e4ca71180cfd0b807c5f00b343b8,JPEG,,1,1,,,TRUE
4G,5000,50,metadata,155,img58.jpg,0,1011,200,TRUE,0.137,,2026-10-05T05:36:34+00:00,155,high/img58.jpg,high,b9364110f4da93b4e893640de31f3fa2ca0dcdf336741d8934571d72a47043e2,JPEG,,1,1,,,TRUE
4G,5000,50,metadata,156,569FB5E8-17FF-4DA7-AF819E7223AD38C7_source.webp,0,1011,200,TRUE,0.164,,2026-10-05T05:36:34+00:00,156,high/569FB5E8-17FF-4DA7-AF819E7223AD38C7_source.webp,high,3dcb8b40eeb8b9f8bf80bae7a1df25b52f5004838bc145495c760b8f3789c2c7,WEBP,,1,1,,,TRUE
4G,5000,50,metadata,157,flood_1214.jpg,0,1011,200,TRUE,0.145,,2026-10-05T05:36:34+00:00,157,high/flood_1214.jpg,high,0c1e0b47204317c7c194fc94a7dbfc1030e08c065acbda8b4e455df3e23c4585,JPEG,,1,1,,,TRUE
4G,5000,50,metadata,158,skynews-philippines-megi_5737099.jpg,0,1011,200,TRUE,0.139,,2026-10-05T05:36:34+00:00,158,high/skynews-philippines-megi_5737099.jpg,high,84c1d37b7cba9e20cf409763137f50704c251e784de518f90804e115163765e0,JPEG,,1,1,,,TRUE
4G,5000,50,metadata,159,flood_4791.jpg,0,1011,200,TRUE,0.133,,2026-10-05T05:36:34+00:00,159,high/flood_4791.jpg,high,d1c123841ecbd4da557fa97ce87111b212c8228c34a85bd91f2560b0dd7f4540,JPEG,,1,1,,,TRUE
4G,5000,50,metadata,160,flood_4763.jpg,0,1011,200,TRUE,0.141,,2026-10-05T05:36:34+00:00,160,high/flood_4763.jpg,high,71dc4359a45d5f7f9a73474695d86dcc2a5fe3fb74f89763be6ea2c971476183,JPEG,,1,1,,,TRUE
4G,5000,50,metadata,161,OIP (14).webp,0,1011,200,TRUE,0.159,,2026-10-05T05:36:34+00:00,161,high/OIP (14).webp,high,327490c28381c700367e1baa43b9b8faa0d4dad840c3f5cc28dbcbc00aef9312,WEBP,,1,1,,,TRUE
4G,5000,50,metadata,162,img60.webp,0,1011,200,TRUE,0.145,,2026-10-05T05:36:35+00:00,162,high/img60.webp,high,04fb91efee88688fce39d7c57db3f77e74a131efb54072039947ff44497cab46,WEBP,,1,1,,,TRUE
4G,5000,50,metadata,163,images - 2025-01-28T152121.677.jpg,0,1011,200,TRUE,0.154,,2026-10-05T05:36:35+00:00,163,high/images - 2025-01-28T152121.677.jpg,high,4eb24b2e8dc4eda02a4cc8771e5f553a3cea43118dc311cd054b50be02659728,JPEG,,1,1,,,TRUE
4G,5000,50,metadata,164,OIP (15).webp,0,1011,200,TRUE,0.165,,2026-10-05T05:36:35+00:00,164,high/OIP (15).webp,high,24f885199ce10f8e1e816382fd1bfbc0cb087adfdbf80d37f50e01f029b902df,WEBP,,1,1,,,TRUE
4G,5000,50,metadata,165,OIP (29).webp,0,1011,200,TRUE,0.16,,2026-10-05T05:36:35+00:00,165,high/OIP (29).webp,high,722c9d66af59c68dec8e0c6d6304791267c63d646e08710fd3e9f26c37df9334,WEBP,,1,1,,,TRUE
4G,5000,50,metadata,166,flood-1.jpg,0,1011,200,TRUE,0.128,,2026-10-05T05:36:35+00:00,166,high/flood-1.jpg,high,09f55b9b3f375ebed1a877966d39e27f14f7e874b49f4aaeb760640e48391a2e,JPEG,,1,1,,,TRUE
4G,5000,50,metadata,167,702018189_univ_cnt_01_xs.jpg,0,1011,200,TRUE,0.141,,2026-10-05T05:36:35+00:00,167,high/702018189_univ_cnt_01_xs.jpg,high,5425fb7fa7db399de54b9d429fd66d384764c2dfb43a11b1661288a1214928f4,JPEG,,1,1,,,TRUE
4G,5000,50,metadata,168,img4.jpg,0,1011,200,TRUE,0.136,,2026-10-05T05:36:36+00:00,168,high/img4.jpg,high,2a232bbd43a017ee8635ca368475ed57d4f521ec3a3ac3441179a9a2bf799fd8,JPEG,,1,1,,,TRUE
4G,5000,50,metadata,169,image_294.png,0,1011,200,TRUE,0.179,,2026-10-05T05:36:36+00:00,169,high/image_294.png,high,121729a09e5d44136cae00fe1f03a2937abb87667ab3ecb6ab3c280a5894c585,PNG,,1,1,,,TRUE
4G,5000,50,metadata,170,65d952b4-90a2-4d18-b035-24352c-3365-2036-1764872629.webp,0,1011,200,TRUE,0.128,,2026-10-05T05:36:36+00:00,170,high/65d952b4-90a2-4d18-b035-24352c-3365-2036-1764872629.webp,high,11f5411abd0b76ea294bd29a7472d8684b48083301862061e6f25da644430a5c,WEBP,,1,1,,,TRUE
4G,5000,50,metadata,171,OIP (36).webp,0,1011,200,TRUE,0.129,,2026-10-05T05:36:36+00:00,171,high/OIP (36).webp,high,f5293f48dbaa45b33a582c87433bb04fbbf2dd472469a0332a82bd5feb755c14,WEBP,,1,1,,,TRUE
4G,5000,50,metadata,172,화면 캡처 2025-03-05 181439.jpg,0,1011,200,TRUE,0.156,,2026-10-05T05:36:36+00:00,172,non_flood/화면 캡처 2025-03-05 181439.jpg,non_flood,b75c4f08d2d4af82fae15233d28be9099286d8327bb1728ad06ae8467bd4fd24,JPEG,,1,1,,,TRUE
4G,5000,50,metadata,173,화면 캡처 2025-03-05 175742.jpg,0,1011,200,TRUE,0.141,,2026-10-05T05:36:36+00:00,173,non_flood/화면 캡처 2025-03-05 175742.jpg,non_flood,9aa30b4ad8e881ee526e62dfd529f7c132517be92583fc25c2a352b59a7b8a10,JPEG,,1,1,,,TRUE
4G,5000,50,metadata,174,화면 캡처 2025-03-05 175341.jpg,0,1011,200,TRUE,0.174,,2026-10-05T05:36:36+00:00,174,non_flood/화면 캡처 2025-03-05 175341.jpg,non_flood,43a98cd56ba750ceae68f3ca04b1c092e901fff1dcc83a04a19d4652dd5a93ab,JPEG,,1,1,,,TRUE
4G,5000,50,metadata,175,화면 캡처 2025-03-05 172751.jpg,0,1011,200,TRUE,0.147,,2026-10-05T05:36:37+00:00,175,non_flood/화면 캡처 2025-03-05 172751.jpg,non_flood,8de13e59f0139f6ad9e553f887ea3e427cfbe24c5523a850651923df6d64011a,JPEG,,1,1,,,TRUE
4G,5000,50,metadata,176,images (13)1.jpg,0,1011,200,TRUE,0.149,,2026-10-05T05:36:37+00:00,176,non_flood/images (13)1.jpg,non_flood,4e2b303a68e00ba4fbca23bdb0585b3f0f6f385e83bfebad4a16d96898663a3e,JPEG,,1,1,,,TRUE
4G,5000,50,metadata,177,화면 캡처 2025-03-05 181412.jpg,0,1011,200,TRUE,0.154,,2026-10-05T05:36:37+00:00,177,non_flood/화면 캡처 2025-03-05 181412.jpg,non_flood,6fbd9d9cf16d0e950ccae0c7ec26baf60c4081efe34aa86205785db825fc01bc,JPEG,,1,1,,,TRUE
4G,5000,50,metadata,178,화면 캡처 2025-03-05 152130.jpg,0,1011,200,TRUE,0.151,,2026-10-05T05:36:37+00:00,178,non_flood/화면 캡처 2025-03-05 152130.jpg,non_flood,0df727cf509b4b225f8c3b77ed2b4c65be629b0eb3ef422bd3e6bcd1abe5b4e8,JPEG,,1,1,,,TRUE
4G,5000,50,metadata,179,화면 캡처 2025-03-05 173917.jpg,0,1011,200,TRUE,0.134,,2026-10-05T05:36:37+00:00,179,non_flood/화면 캡처 2025-03-05 173917.jpg,non_flood,29e372c79949fb945d3d217af23e725576f970bc88d47820d56f908c8c1dd8b4,JPEG,,1,1,,,TRUE
4G,5000,50,metadata,180,1789568749569_282700609501588260_7406490438318140161_4c67d325471c5a433aa450f9a2bf7b80.jpg,0,1011,200,TRUE,0.131,,2026-10-05T05:36:37+00:00,180,non_flood/1789568749569_282700609501588260_7406490438318140161_4c67d325471c5a433aa450f9a2bf7b80.jpg,non_flood,c8128762797fb77bf5feb965d12100cd783be0e0afe1658cbd851ec37a153d83,JPEG,,1,1,,,TRUE
4G,5000,50,metadata,181,images (9).jpg,0,1011,200,TRUE,0.142,,2026-10-05T05:36:38+00:00,181,non_flood/images (9).jpg,non_flood,18e261369109061b9841676f321894e21cfd91d608fe3dc9acc8c4d1bfd64a53,JPEG,,1,1,,,TRUE
4G,5000,50,metadata,182,images (7).jpg,0,1011,200,TRUE,0.145,,2026-10-05T05:36:38+00:00,182,non_flood/images (7).jpg,non_flood,a5bcc829e70ca0664ad916e26c9ffb440248d5d6e3429a58c9b90d3d3860a7ab,JPEG,,1,1,,,TRUE
4G,5000,50,metadata,183,다운로드 (5).jpg,0,1011,200,TRUE,0.139,,2026-10-05T05:36:38+00:00,183,non_flood/다운로드 (5).jpg,non_flood,49d811196ba07508a08d7689a5746494bdd1e6bc89460cb67dffb53154670204,JPEG,,1,1,,,TRUE
4G,5000,50,metadata,184,다운로드 (45) 3.jpg,0,1011,200,TRUE,0.127,,2026-10-05T05:36:38+00:00,184,non_flood/다운로드 (45) 3.jpg,non_flood,1f8553a464ee1aa46de5890b8be0676883513c8083217c3013df8ab6e9bef786,JPEG,,1,1,,,TRUE
4G,5000,50,metadata,185,다운로드 (31).jpg,0,1011,200,TRUE,0.149,,2026-10-05T05:36:38+00:00,185,non_flood/다운로드 (31).jpg,non_flood,c7449da10dfb0cebf3561e433c9a19876e06e81dda26cf39253b8d1aed09be91,JPEG,,1,1,,,TRUE
4G,5000,50,metadata,186,127465812-일본-교토의-봄비-폭풍우-동안-교토부의-스트리트-뷰.jpg,0,1011,200,TRUE,0.138,,2026-10-05T05:36:38+00:00,186,non_flood/127465812-일본-교토의-봄비-폭풍우-동안-교토부의-스트리트-뷰.jpg,non_flood,6ae7d4cc308ffcdbcea455286428f08c4716a26cd6e0f295ba412b38393a1e05,JPEG,,1,1,,,TRUE
4G,5000,50,metadata,187,화면 캡처 2025-03-05 174935.jpg,0,1011,200,TRUE,0.143,,2026-10-05T05:36:38+00:00,187,non_flood/화면 캡처 2025-03-05 174935.jpg,non_flood,d9a9b54010a3c3c0b44e085273edb1f64a777f99be11d71a7199030bab07a848,JPEG,,1,1,,,TRUE
4G,5000,50,metadata,188,화면 캡처 2025-03-05 173725.jpg,0,1011,200,TRUE,0.14,,2026-10-05T05:36:39+00:00,188,non_flood/화면 캡처 2025-03-05 173725.jpg,non_flood,8088bad691c314800e2472cc5837ed0ddc4fc2a8bb5fc67a0466a5b6dbd4ef41,JPEG,,1,1,,,TRUE
4G,5000,50,metadata,189,다운로드 (7).jpg,0,1011,200,TRUE,0.159,,2026-10-05T05:36:39+00:00,189,non_flood/다운로드 (7).jpg,non_flood,7882a482c8fa3ac2a100823670b3527953bc13261ced12bef7d2814872bbb73d,JPEG,,1,1,,,TRUE
4G,5000,50,metadata,190,다운로드 (12).jpg,0,1011,200,TRUE,0.144,,2026-10-05T05:36:39+00:00,190,non_flood/다운로드 (12).jpg,non_flood,5a26387b7c471c37b412a214b65d520836f1ccdac5562ba302e9ad91f3063751,JPEG,,1,1,,,TRUE
4G,5000,50,metadata,191,images (11)1.jpg,0,1011,200,TRUE,0.162,,2026-10-05T05:36:39+00:00,191,non_flood/images (11)1.jpg,non_flood,254e9ebc6f2b62b50393b6db4914c56a5fe0e43f3aac0ffa71f6cf007e661e61,JPEG,,1,1,,,TRUE
4G,5000,50,metadata,192,1789568749557_282700609501588260_7406490438318140161_7d5baf7f35b58211bf5d643c66ab8606.jpg,0,1011,200,TRUE,0.143,,2026-10-05T05:36:39+00:00,192,non_flood/1789568749557_282700609501588260_7406490438318140161_7d5baf7f35b58211bf5d643c66ab8606.jpg,non_flood,831a018e6022c183e2bad8c815113118193ea4eed8bfe14d0ae7000be299d148,JPEG,,1,1,,,TRUE
4G,5000,50,metadata,193,images (14)1.jpg,0,1011,200,TRUE,0.145,,2026-10-05T05:36:39+00:00,193,non_flood/images (14)1.jpg,non_flood,62da4a05b2a453136adff5b34666d1bfbbf2fc659e751e9c841909dd1e792d54,JPEG,,1,1,,,TRUE
4G,5000,50,metadata,194,images (24)1.jpg,0,1011,200,TRUE,0.123,,2026-10-05T05:36:39+00:00,194,non_flood/images (24)1.jpg,non_flood,f14078bda9f46dd2b44eb17870ad533778d7daf7085e8b344be8813a125f4694,JPEG,,1,1,,,TRUE
4G,5000,50,metadata,195,다운로드 (43) 3.jpg,0,1011,200,TRUE,0.134,,2026-10-05T05:36:40+00:00,195,non_flood/다운로드 (43) 3.jpg,non_flood,82a8697498f35ccc783ad058be58208a775ed79bbf59b68c83a1a95701944ecd,JPEG,,1,1,,,TRUE
4G,5000,50,metadata,196,p1065569336329878_240_thum.jpg,0,1011,200,TRUE,0.155,,2026-10-05T05:36:40+00:00,196,non_flood/p1065569336329878_240_thum.jpg,non_flood,f648f926141df9ee9b70b1f787f660909a44e33c36bb0ed39162ea186a338df4,JPEG,,1,1,,,TRUE
4G,5000,50,metadata,197,화면 캡처 2025-03-05 172739.jpg,0,1011,200,TRUE,0.125,,2026-10-05T05:36:40+00:00,197,non_flood/화면 캡처 2025-03-05 172739.jpg,non_flood,b40f793569d14767abe9f2e068970f3b795c0563877a1e1f8a7258821f69edcc,JPEG,,1,1,,,TRUE
4G,5000,50,metadata,198,다운로드 (36) 3.jpg,0,1011,200,TRUE,0.121,,2026-10-05T05:36:40+00:00,198,non_flood/다운로드 (36) 3.jpg,non_flood,8ae6c5d304ced95a61c6567b5c88ddfc5e319f0e3a5ec72dea7e133aa076ef0f,JPEG,,1,1,,,TRUE
4G,5000,50,metadata,199,화면 캡처 2025-03-05 175927.jpg,0,1011,200,TRUE,0.137,,2026-10-05T05:36:40+00:00,199,non_flood/화면 캡처 2025-03-05 175927.jpg,non_flood,0565699f292d6f6e0deb526642cc69d3d067a9e934582eabafbccc3d6d0f1bf2,JPEG,,1,1,,,TRUE
4G,5000,50,metadata,200,13382_13779_4019.jpg,0,1011,200,TRUE,0.143,,2026-10-05T05:36:40+00:00,200,non_flood/13382_13779_4019.jpg,non_flood,6bd6b42bf3dd5e44c475fddcbc9bd6a880a64bfdee58ca7722e49b94de5ee4da,JPEG,,1,1,,,TRUE
4G,5000,50,metadata,201,RPR20231226002000353_01_i.jpg,0,1011,200,TRUE,0.161,,2026-10-05T05:36:41+00:00,201,non_flood/RPR20231226002000353_01_i.jpg,non_flood,28246d242467856c88fbbfd1bafe4924c405331e349aa0a9e8e2814e688afd88,JPEG,,1,1,,,TRUE
4G,5000,50,metadata,202,다운로드 (34) 3.jpg,0,1011,200,TRUE,0.129,,2026-10-05T05:36:41+00:00,202,non_flood/다운로드 (34) 3.jpg,non_flood,568d0b9bf261a2e4fe2afb600416d3eb532f928e57b1d059acfe3a177bbd57f0,JPEG,,1,1,,,TRUE
4G,5000,50,metadata,203,화면 캡처 2025-03-05 174358.jpg,0,1011,200,TRUE,0.156,,2026-10-05T05:36:41+00:00,203,non_flood/화면 캡처 2025-03-05 174358.jpg,non_flood,1c7d8c2b8440637fbcec5baaba40642f2e3b0540590cc8a0ac8db672f478cfc7,JPEG,,1,1,,,TRUE
4G,5000,50,metadata,204,images (62).jpg,0,1011,200,TRUE,0.147,,2026-10-05T05:36:41+00:00,204,non_flood/images (62).jpg,non_flood,9e03661c93bf0f0f3dd70ccf7f7cfd62cdba0694c8359fef3021f6f2ab3f3b83,JPEG,,1,1,,,TRUE
4G,5000,50,metadata,205,images - 2025-01-28T184436.464.jpg,0,1011,200,TRUE,0.142,,2026-10-05T05:36:41+00:00,205,non_flood/images - 2025-01-28T184436.464.jpg,non_flood,31ddc209d0f2ff99b445870e708cc8becebb5adbc5c90504371e9c9a76f06d88,JPEG,,1,1,,,TRUE
4G,5000,50,metadata,206,다운로드 (36).jpg,0,1011,200,TRUE,0.111,,2026-10-05T05:36:41+00:00,206,non_flood/다운로드 (36).jpg,non_flood,3d946dfc7512149170bac99b129a06a6587fdc1ce7c057a3f609a89adfc665ee,JPEG,,1,1,,,TRUE
4G,5000,50,metadata,207,화면 캡처 2025-03-05 182737.jpg,0,1011,200,TRUE,0.143,,2026-10-05T05:36:41+00:00,207,non_flood/화면 캡처 2025-03-05 182737.jpg,non_flood,a456c939a5253ff3dd25bd0706ecf353ff0b5f5ff0c9d1e99bb3cf05487c3f28,JPEG,,1,1,,,TRUE
4G,5000,50,metadata,208,20230113501845.jpg,0,1011,200,TRUE,0.151,,2026-10-05T05:36:42+00:00,208,non_flood/20230113501845.jpg,non_flood,c06f0a8a109f0b9c110eea5d3caf05bd439e812ecb451bd34a083e1279173fe7,JPEG,,1,1,,,TRUE
4G,5000,50,metadata,209,화면 캡처 2025-03-05 151816.jpg,0,1011,200,TRUE,0.153,,2026-10-05T05:36:42+00:00,209,non_flood/화면 캡처 2025-03-05 151816.jpg,non_flood,102ada76b9fd2f4eebcdc6faf911ae294692c86d69b8149475c65dc4a821aa32,JPEG,,1,1,,,TRUE
4G,5000,50,metadata,210,다운로드 (41).jpg,0,1011,200,TRUE,0.145,,2026-10-05T05:36:42+00:00,210,non_flood/다운로드 (41).jpg,non_flood,93ba76f76448bf9350f289fdae38183912d3e0dedb86321977ac4b74e0eccfc4,JPEG,,1,1,,,TRUE
4G,5000,50,metadata,211,images (18).jpg,0,1011,200,TRUE,0.138,,2026-10-05T05:36:42+00:00,211,non_flood/images (18).jpg,non_flood,aff1fa1abd5f77fdd2ea5a26bb583771680c48c1bd64720bfa5a9a61012c0ac8,JPEG,,1,1,,,TRUE
4G,5000,50,metadata,212,20180405_152525.jpg,0,1011,200,TRUE,0.154,,2026-10-05T05:36:42+00:00,212,non_flood/20180405_152525.jpg,non_flood,25eb26aff4ee22251f3b24147b467f4a4d39333ff64c9611b65063054d18d120,JPEG,,1,1,,,TRUE
4G,5000,50,metadata,213,화면 캡처 2025-03-05 164255.jpg,0,1011,200,TRUE,0.151,,2026-10-05T05:36:42+00:00,213,non_flood/화면 캡처 2025-03-05 164255.jpg,non_flood,33c16a1a474295f7a31cc57648004d03eb04d2878e9f358250722c237528cd04,JPEG,,1,1,,,TRUE
4G,5000,50,metadata,214,다운로드 (23).jpg,0,1011,200,TRUE,0.127,,2026-10-05T05:36:42+00:00,214,non_flood/다운로드 (23).jpg,non_flood,c11157a4e5d6142a6cf64acf9448d948dc814160ff2ec431734692861bda5a95,JPEG,,1,1,,,TRUE
4G,5000,50,metadata,215,화면 캡처 2025-03-05 152904.jpg,0,1011,200,TRUE,0.142,,2026-10-05T05:36:43+00:00,215,non_flood/화면 캡처 2025-03-05 152904.jpg,non_flood,491cfa836d07fdb755e12495203d84dee0d937f82cd29e582eb569d7e5abc771,JPEG,,1,1,,,TRUE
4G,5000,50,metadata,216,images - 2025-01-28T184427.744.jpg,0,1011,200,TRUE,0.142,,2026-10-05T05:36:43+00:00,216,non_flood/images - 2025-01-28T184427.744.jpg,non_flood,e6d4712ee1e188f41d9179607bc46ed14c0681f69a5edd8d77ed619b9c4d6f7f,JPEG,,1,1,,,TRUE
4G,5000,50,metadata,217,화면 캡처 2025-03-05 172144.jpg,0,1011,200,TRUE,0.158,,2026-10-05T05:36:43+00:00,217,non_flood/화면 캡처 2025-03-05 172144.jpg,non_flood,67d6ad153034a81055741535ba0bdc53ff8e80076d90d512f42c10a76686d60e,JPEG,,1,1,,,TRUE
4G,5000,50,metadata,218,다운로드 (53) 3.jpg,0,1011,200,TRUE,0.153,,2026-10-05T05:36:43+00:00,218,non_flood/다운로드 (53) 3.jpg,non_flood,bac90bc594d2f060fd10ae095378c20d68e6565d54a1e3cc841b2ec094b869de,JPEG,,1,1,,,TRUE
4G,5000,50,metadata,219,images - 2025-01-28T184942.058.jpg,0,1011,200,TRUE,0.18,,2026-10-05T05:36:43+00:00,219,non_flood/images - 2025-01-28T184942.058.jpg,non_flood,cebc0d1cbc0ede1e75a7d4765af70a7bb5d44a651f831d11eeccc6f9ef18ffed,JPEG,,1,1,,,TRUE
4G,5000,50,metadata,220,화면 캡처 2025-03-05 152054.jpg,0,1011,200,TRUE,0.109,,2026-10-05T05:36:43+00:00,220,non_flood/화면 캡처 2025-03-05 152054.jpg,non_flood,b23bcf8d9814ddc38d73eb269f0be25f0dcc9626cc9a928bb116197859b3b29a,JPEG,,1,1,,,TRUE
4G,5000,50,metadata,221,img (2).jpg,0,1011,200,TRUE,0.149,,2026-10-05T05:36:44+00:00,221,non_flood/img (2).jpg,non_flood,ee879ba624faad0000bc7ae69d2bd8b2fca0d4fc159a181fe7a067a59260d156,JPEG,,1,1,,,TRUE
4G,5000,50,metadata,222,화면 캡처 2025-03-05 175626.jpg,0,1011,200,TRUE,0.159,,2026-10-05T05:36:44+00:00,222,non_flood/화면 캡처 2025-03-05 175626.jpg,non_flood,d9e510c3f2f2d13008fde01e8e520872122d0cc49de5a5ba5f8bab1bcf183cda,JPEG,,1,1,,,TRUE
4G,5000,50,metadata,223,다운로드 (27).jpg,0,1011,200,TRUE,0.141,,2026-10-05T05:36:44+00:00,223,non_flood/다운로드 (27).jpg,non_flood,e78be2b8fc5aea406725fab8f457a9ab79e4413b64e383634d419379d0a64a46,JPEG,,1,1,,,TRUE
4G,5000,50,metadata,224,화면 캡처 2025-03-05 153850.jpg,0,1011,200,TRUE,0.156,,2026-10-05T05:36:44+00:00,224,non_flood/화면 캡처 2025-03-05 153850.jpg,non_flood,8ed7fe227b6d8a8b890838876b2de8a28c844c7126f2a0d93e626f2387d816a6,JPEG,,1,1,,,TRUE
4G,5000,50,metadata,225,images (5)1.jpg,0,1011,200,TRUE,0.132,,2026-10-05T05:36:44+00:00,225,non_flood/images (5)1.jpg,non_flood,dae6acca79cb320bd3449d590ccaec16e2c839a431e6ca62911486a65050eab0,JPEG,,1,1,,,TRUE
4G,5000,50,metadata,226,827778_739893_3348.jpg,0,1011,200,TRUE,0.125,,2026-10-05T05:36:44+00:00,226,non_flood/827778_739893_3348.jpg,non_flood,909c28dfd1ea66f00fcbe72947317e577655cc349a5689b330e5205e0aab2127,JPEG,,1,1,,,TRUE
4G,5000,50,metadata,227,화면 캡처 2025-03-05 182805.jpg,0,1011,200,TRUE,0.141,,2026-10-05T05:36:44+00:00,227,non_flood/화면 캡처 2025-03-05 182805.jpg,non_flood,4637c31d11cb1fe03de357d94fc697479efc2e20be74922ee372ab6b20c2dca0,JPEG,,1,1,,,TRUE
4G,5000,50,metadata,228,화면 캡처 2025-03-05 153835.jpg,0,1011,200,TRUE,0.143,,2026-10-05T05:36:45+00:00,228,non_flood/화면 캡처 2025-03-05 153835.jpg,non_flood,a37bc97411cb7ac6c602b638a4ae161ec2d7ac8a4355b236c42eac10ef10f277,JPEG,,1,1,,,TRUE
4G,5000,50,metadata,229,다운로드 (17).jpg,0,1011,200,TRUE,0.143,,2026-10-05T05:36:45+00:00,229,non_flood/다운로드 (17).jpg,non_flood,10b48951d5016b1dbf60509c17f62c2647a902444531028666d61f165a110771,JPEG,,1,1,,,TRUE
4G,5000,50,metadata,230,화면 캡처 2025-03-05 153232.jpg,0,1011,200,TRUE,0.143,,2026-10-05T05:36:45+00:00,230,non_flood/화면 캡처 2025-03-05 153232.jpg,non_flood,c9e1a30f343094122869eff21dbfe7caaf3ab27b79b75f9fe581eeeb54027375,JPEG,,1,1,,,TRUE
4G,5000,50,metadata,231,1789568749518_282700609501588260_7406490438318140161_457e5b27ff82f5cc09a9054090d4d3c2.jpg,0,1011,200,TRUE,0.155,,2026-10-05T05:36:45+00:00,231,non_flood/1789568749518_282700609501588260_7406490438318140161_457e5b27ff82f5cc09a9054090d4d3c2.jpg,non_flood,6f8a2b1e3bac95e251969c5917f1e9efd101db672b064d01404e978bf759aab4,JPEG,,1,1,,,TRUE
4G,5000,50,metadata,232,1789568754305_282700609501588260_7406490438318140161_d8a8d242988605b04d1ce450fe6b34f8.jpg,0,1011,200,TRUE,0.163,,2026-10-05T05:36:45+00:00,232,non_flood/1789568754305_282700609501588260_7406490438318140161_d8a8d242988605b04d1ce450fe6b34f8.jpg,non_flood,7307e294c31f83de713f169ec3b7f14fbf73b87c78d059b45be2a3f57a9d72ce,JPEG,,1,1,,,TRUE
4G,5000,50,metadata,233,AKR20211228058800052_01_i_P4.jpg,0,1011,200,TRUE,0.135,,2026-10-05T05:36:45+00:00,233,non_flood/AKR20211228058800052_01_i_P4.jpg,non_flood,335da6829f7048e60a42a406f54985c7d1132dfd769137c48965aacc601b4128,JPEG,,1,1,,,TRUE
4G,5000,50,metadata,234,images (1)1.jpg,0,1011,200,TRUE,0.152,,2026-10-05T05:36:46+00:00,234,non_flood/images (1)1.jpg,non_flood,dfd2bf25abb8eff1566c1e6ff4ab87eb832382ac1a5a49549e1b0fe0b9a63cb4,JPEG,,1,1,,,TRUE
4G,5000,50,metadata,235,화면 캡처 2025-03-05 175914.jpg,0,1011,200,TRUE,0.125,,2026-10-05T05:36:46+00:00,235,non_flood/화면 캡처 2025-03-05 175914.jpg,non_flood,ec30de984e565a34847944157425ede963aa0be23b065b3732eb9597ac76b1c9,JPEG,,1,1,,,TRUE
4G,5000,50,metadata,236,화면 캡처 2025-03-05 152437.jpg,0,1011,200,TRUE,0.155,,2026-10-05T05:36:46+00:00,236,non_flood/화면 캡처 2025-03-05 152437.jpg,non_flood,2c620cd0c3d694d5119d85883fd7b23642f08ce0eb03ca21766e5c11224132a8,JPEG,,1,1,,,TRUE
4G,5000,50,metadata,237,1789568749196_282700609501588260_7406490438318140161_1c6009c2a77bfa996d8a4d22d9c3fd58.jpg,0,1011,200,TRUE,0.165,,2026-10-05T05:36:46+00:00,237,non_flood/1789568749196_282700609501588260_7406490438318140161_1c6009c2a77bfa996d8a4d22d9c3fd58.jpg,non_flood,fa24d60c34be44fb934a934be05686d66907d81619216b140be5bd63c6439fe9,JPEG,,1,1,,,TRUE
4G,5000,50,metadata,238,img (1).jpg,0,1011,200,TRUE,0.142,,2026-10-05T05:36:46+00:00,238,non_flood/img (1).jpg,non_flood,2c2088de1756cd1bc0e55d300d928af8b493d59df562e46be9c70c4263716bc2,JPEG,,1,1,,,TRUE
4G,5000,50,metadata,239,202309111114430145_l.jpg,0,1011,200,TRUE,0.145,,2026-10-05T05:36:46+00:00,239,non_flood/202309111114430145_l.jpg,non_flood,0fb3a939767b0614bb5786a4f2d77661b71f316fe2cc9e2af3c0ef24d967eba5,JPEG,,1,1,,,TRUE
4G,5000,50,metadata,240,화면 캡처 2025-03-05 180321.jpg,0,1011,200,TRUE,0.146,,2026-10-05T05:36:46+00:00,240,non_flood/화면 캡처 2025-03-05 180321.jpg,non_flood,9b63b57d9357dda36bab30f1bc0b45f80c734278fbc5fda7e490cbadde5e9837,JPEG,,1,1,,,TRUE
4G,5000,50,metadata,241,6.jpg,0,1011,200,TRUE,0.143,,2026-10-05T05:36:47+00:00,241,non_flood/6.jpg,non_flood,c441af2946491166eb9a5c7a7ed9f49d47015d134c3e3290fe4746ba81eee258,PNG,,1,1,,,TRUE
4G,5000,50,metadata,242,images (28)1.jpg,0,1011,200,TRUE,0.155,,2026-10-05T05:36:47+00:00,242,non_flood/images (28)1.jpg,non_flood,133ce5159193385fc30a15f207f7b085563f9f513765aa6d9db1527ff27d1e50,JPEG,,1,1,,,TRUE
4G,5000,50,metadata,243,images - 2025-01-28T164753.512.jpg,0,1011,200,TRUE,0.16,,2026-10-05T05:36:47+00:00,243,non_flood/images - 2025-01-28T164753.512.jpg,non_flood,7b6a9c9dcaf36ed2edb0e435c1cbaffd8635cb82a1d1859270f3784b76dc232c,JPEG,,1,1,,,TRUE
4G,5000,50,metadata,244,images (68).jpg,0,1011,200,TRUE,0.16,,2026-10-05T05:36:47+00:00,244,non_flood/images (68).jpg,non_flood,d567a330f9aae5ae4244d9c33131d265796c8b1f4c5b6f5418c96e4071dcb032,JPEG,,1,1,,,TRUE
4G,5000,50,metadata,245,화면 캡처 2025-03-05 153618.jpg,0,1011,200,TRUE,0.148,,2026-10-05T05:36:47+00:00,245,non_flood/화면 캡처 2025-03-05 153618.jpg,non_flood,43e12f9c4c083131170e11f2d8982e9a4d0f854c0bca00f22be32a3cf44a28e7,JPEG,,1,1,,,TRUE
4G,5000,50,metadata,246,1789568749222_282700609501588260_7406490438318140161_252d56e682395c7bebf8921689643574.jpg,0,1011,200,TRUE,0.124,,2026-10-05T05:36:47+00:00,246,non_flood/1789568749222_282700609501588260_7406490438318140161_252d56e682395c7bebf8921689643574.jpg,non_flood,de50feeb6fbbfce20c858b922e4c2b64a9db5cf8ce52fb254307a24842e778c5,JPEG,,1,1,,,TRUE
4G,5000,50,metadata,247,다운로드 (26) 3.jpg,0,1011,200,TRUE,0.147,,2026-10-05T05:36:48+00:00,247,non_flood/다운로드 (26) 3.jpg,non_flood,de0b95d4b98a14825822659307248874d03101858f644f9721cec72b9101bbe5,JPEG,,1,1,,,TRUE
4G,5000,50,metadata,248,다운로드 (28) 3.jpg,0,1011,200,TRUE,0.124,,2026-10-05T05:36:48+00:00,248,non_flood/다운로드 (28) 3.jpg,non_flood,6a97c90bfae9e3a4ee39e7a5c7fe2b75b4fe6a3e400b2a09afac18a275f41cae,JPEG,,1,1,,,TRUE
4G,5000,50,metadata,249,1000_F_456742052_YudLlJwZCJdCGsCjS95JW1leO2jQrZcp.jpg,0,1011,200,TRUE,0.143,,2026-10-05T05:36:48+00:00,249,non_flood/1000_F_456742052_YudLlJwZCJdCGsCjS95JW1leO2jQrZcp.jpg,non_flood,782a4aa7d354dceb8d634480c647446953b8c04939dbd8a5ed8139b09f7c4157,JPEG,,1,1,,,TRUE
4G,5000,50,metadata,250,다운로드 (38) 3.jpg,0,1011,200,TRUE,0.145,,2026-10-05T05:36:48+00:00,250,non_flood/다운로드 (38) 3.jpg,non_flood,33e834881a9e0e7ca027b9b8d2ac0f4ff9427e6d5bfe69ea0749c9b8c7188764,JPEG,,1,1,,,TRUE
4G,5000,50,metadata,251,20200212_134749.jpg,0,1011,200,TRUE,0.155,,2026-10-05T05:36:48+00:00,251,non_flood/20200212_134749.jpg,non_flood,e8abcc77cfebf041681d602996e778ec393b201771d2b254574f0e69605d5ddb,JPEG,,1,1,,,TRUE
4G,5000,50,metadata,252,화면 캡처 2025-03-05 182937.jpg,0,1011,200,TRUE,0.147,,2026-10-05T05:36:48+00:00,252,non_flood/화면 캡처 2025-03-05 182937.jpg,non_flood,8f01696570c558df42bd56f0e1b7a47c082f769ccad329ef34ab30faa3f60f82,JPEG,,1,1,,,TRUE
4G,5000,50,metadata,253,화면 캡처 2025-03-05 172154.jpg,0,1011,200,TRUE,0.14,,2026-10-05T05:36:48+00:00,253,non_flood/화면 캡처 2025-03-05 172154.jpg,non_flood,f6fcb35702106630aad2a2728d5b82efd38162f3e9cf517455d74a5d23278b12,JPEG,,1,1,,,TRUE
4G,5000,50,metadata,254,화면 캡처 2025-03-05 172249.jpg,0,1011,200,TRUE,0.127,,2026-10-05T05:36:49+00:00,254,non_flood/화면 캡처 2025-03-05 172249.jpg,non_flood,e23a2f32ccc399fb02b93fab72cd958f47f6bb4c22de82a938af7a41d6ce383a,JPEG,,1,1,,,TRUE
4G,5000,50,metadata,255,images (6).jpg,0,1011,200,TRUE,0.144,,2026-10-05T05:36:49+00:00,255,non_flood/images (6).jpg,non_flood,134ad7a13637047c799be13d45bc3b1da685a64bc561af6f8a61c48f96183817,JPEG,,1,1,,,TRUE
4G,5000,50,metadata,256,다운로드 (20).jpg,0,1011,200,TRUE,0.155,,2026-10-05T05:36:49+00:00,256,non_flood/다운로드 (20).jpg,non_flood,17cc0160b5cdbc2eb9a64b4d744148a135d43c44e6c1681297b514b6ac9f7e47,JPEG,,1,1,,,TRUE
4G,5000,50,metadata,257,화면 캡처 2025-03-05 181325.jpg,0,1011,200,TRUE,0.145,,2026-10-05T05:36:49+00:00,257,non_flood/화면 캡처 2025-03-05 181325.jpg,non_flood,3ec886093348c65fb61f3249fd6060dbb373656412257f12bb9470c0e1de996d,JPEG,,1,1,,,TRUE
4G,5000,50,compressed,1,images - 2025-01-28T184849.878.jpg,13461,14562,201,TRUE,0.189,,2026-10-05T05:36:49+00:00,1,low/images - 2025-01-28T184849.878.jpg,low,627c22c607ef478c79ea55e107f001691ab8ed53f6c54afdb050abe5682b7023,JPEG,JPEG,1,1,,,TRUE
4G,5000,50,compressed,2,images - 2025-01-28T151941.007.jpg,12015,13116,201,TRUE,0.192,,2026-10-05T05:36:49+00:00,2,low/images - 2025-01-28T151941.007.jpg,low,5f0113ce019bca0d49e4a8f877b9b7bfb1a0d1ffcc2c4e07281f217530db5311,JPEG,JPEG,1,1,,,TRUE
4G,5000,50,compressed,3,images - 2025-01-28T184423.521.jpg,3381,4480,201,TRUE,0.17,,2026-10-05T05:36:50+00:00,3,low/images - 2025-01-28T184423.521.jpg,low,bd922bb16c58fc71516ec9d7b5c1d93fb321d00de871e7ce760bf988adbba2d1,JPEG,JPEG,1,1,,,TRUE
4G,5000,50,compressed,4,다운로드 (26).jpg,7595,8694,201,TRUE,0.179,,2026-10-05T05:36:50+00:00,4,low/다운로드 (26).jpg,low,8e49e8cfc10b1dac0f9007397fa30102f7fea32177ece824c7644737972900ce,JPEG,JPEG,1,1,,,TRUE
4G,5000,50,compressed,5,images - 2025-01-28T151753.297.jpg,11822,12923,201,TRUE,0.176,,2026-10-05T05:36:50+00:00,5,low/images - 2025-01-28T151753.297.jpg,low,8a69d9e6278cb6a11e63a0539c222a18d45a3c9f836d5931fff6de5bb82647d8,JPEG,JPEG,1,1,,,TRUE
4G,5000,50,compressed,6,10360-2-13961.jpg,21221,22322,201,TRUE,0.218,,2026-10-05T05:36:50+00:00,6,low/10360-2-13961.jpg,low,6471c406a970b2a0c56e05f2d4ed42dc78000ffb9270c7b845f4538095efef97,JPEG,JPEG,1,1,,,TRUE
4G,5000,50,compressed,7,images - 2025-01-28T164625.541.jpg,7684,8783,201,TRUE,0.167,,2026-10-05T05:36:50+00:00,7,low/images - 2025-01-28T164625.541.jpg,low,910e7541da110f5fd52f2faf3d5df3773f3c6a8325667b69b6bfac1109c36c4a,JPEG,JPEG,1,1,,,TRUE
4G,5000,50,compressed,8,images - 2025-01-28T163206.341.jpg,8286,9385,201,TRUE,0.136,,2026-10-05T05:36:50+00:00,8,low/images - 2025-01-28T163206.341.jpg,low,ce4daf7e801563c1ff173822486ce9ef7d57a394370159ff4c8d028d9c4c3315,JPEG,JPEG,1,1,,,TRUE
4G,5000,50,compressed,9,images - 2025-01-28T152038.912.jpg,13030,14131,201,TRUE,0.197,,2026-10-05T05:36:51+00:00,9,low/images - 2025-01-28T152038.912.jpg,low,5b080e1cef380726476f73b0aa9611e1b960d63b67c5f6590a9516fa4a56e781,JPEG,JPEG,1,1,,,TRUE
4G,5000,50,compressed,10,images - 2025-01-28T153916.966.jpg,11409,12510,201,TRUE,0.179,,2026-10-05T05:36:51+00:00,10,low/images - 2025-01-28T153916.966.jpg,low,f3feffaad630b6c5c07331468d12eb786d3fa1eff1094150cd2add6d7e2a5622,JPEG,JPEG,1,1,,,TRUE
4G,5000,50,compressed,11,images - 2025-01-28T162916.619.jpg,8077,9176,201,TRUE,0.185,,2026-10-05T05:36:51+00:00,11,low/images - 2025-01-28T162916.619.jpg,low,37191e0f372cf8e2f989db33a05227a3bb392a945a33101a9ee99c43e1b61a11,JPEG,JPEG,1,1,,,TRUE
4G,5000,50,compressed,12,images - 2025-01-28T162724.362.jpg,10432,11533,201,TRUE,0.162,,2026-10-05T05:36:51+00:00,12,low/images - 2025-01-28T162724.362.jpg,low,522ae358a781adfa05ea28cf94069fd8529c8f93241716587e2d26645ccbabd8,JPEG,JPEG,1,1,,,TRUE
4G,5000,50,compressed,13,images - 2025-01-28T155350.781.jpg,10940,12041,201,TRUE,0.149,,2026-10-05T05:36:51+00:00,13,low/images - 2025-01-28T155350.781.jpg,low,45ea68dd2c16bca052d27d42b62ff743ecd20bb27e0e18696162cb2370691cc3,JPEG,JPEG,1,1,,,TRUE
4G,5000,50,compressed,14,images (59).jpg,9593,10693,201,TRUE,0.15,,2026-10-05T05:36:52+00:00,14,low/images (59).jpg,low,8e6dbf6872b45499a89e3dace6e33843fa985c6cc64b71396185da03cc52acfa,JPEG,JPEG,1,1,,,TRUE
4G,5000,50,compressed,15,image_9946309791508995980052.jpg,67334,68435,201,TRUE,0.337,,2026-10-05T05:36:52+00:00,15,low/image_9946309791508995980052.jpg,low,004188df1dea3d799e7a2c72e3e18b48406182dc1040d6f33ac325e69a2346e3,JPEG,JPEG,1,1,,,TRUE
4G,5000,50,compressed,16,images - 2025-01-28T151819.441.jpg,11427,12528,201,TRUE,0.2,,2026-10-05T05:36:52+00:00,16,low/images - 2025-01-28T151819.441.jpg,low,0e7fa7e909dad9499bc66f079b7321ed3149daa2becccd015371f693bc4e8271,JPEG,JPEG,1,1,,,TRUE
4G,5000,50,compressed,17,611212110012634149_1.jpg,47535,48636,201,TRUE,0.229,,2026-10-05T05:36:52+00:00,17,low/611212110012634149_1.jpg,low,45e44d7c5ab7f92be0542ab4eba296e772ab9194ae7d75c0dccffbbd067d8b09,JPEG,JPEG,1,1,,,TRUE
4G,5000,50,compressed,18,images - 2025-01-28T154010.314.jpg,8833,9932,201,TRUE,0.152,,2026-10-05T05:36:52+00:00,18,low/images - 2025-01-28T154010.314.jpg,low,36d3870b9c93c429d8f3323a300793e1684348f5f926c9e91be6ec6ba42090c7,JPEG,JPEG,1,1,,,TRUE
4G,5000,50,compressed,19,images - 2025-01-28T164648.101.jpg,7167,8266,201,TRUE,0.159,,2026-10-05T05:36:53+00:00,19,low/images - 2025-01-28T164648.101.jpg,low,c2efc1e04993962fc74094c7478fb291237307abc74a11df00334fdfbd188dbd,JPEG,JPEG,1,1,,,TRUE
4G,5000,50,compressed,20,images (54).jpg,5041,6140,201,TRUE,0.183,,2026-10-05T05:36:53+00:00,20,low/images (54).jpg,low,603f1f9a482a3006952b159cda920bd8ed049209b34a50884f6b119685e131f8,JPEG,JPEG,1,1,,,TRUE
4G,5000,50,compressed,21,AKR20240912005700084_14_i_P2.jpg,30638,31739,201,TRUE,0.227,,2026-10-05T05:36:53+00:00,21,low/AKR20240912005700084_14_i_P2.jpg,low,c4482010e40a042da2e83fd3c95bbf9c0712183a7770292863fa9417301f4861,JPEG,JPEG,1,1,,,TRUE
4G,5000,50,compressed,22,images (87).jpg,7095,8194,201,TRUE,0.149,,2026-10-05T05:36:53+00:00,22,low/images (87).jpg,low,17e7c86fb13f0323a5c1d3be805646c59eec59d5beaea2658d297c0d3373e74b,JPEG,JPEG,1,1,,,TRUE
4G,5000,50,compressed,23,0f569675-81fe-4a2b-a287-d2bd795d43ba.jpg,39162,40263,201,TRUE,0.26,,2026-10-05T05:36:54+00:00,23,low/0f569675-81fe-4a2b-a287-d2bd795d43ba.jpg,low,c81707abf5a85406bc2d94929967233a92a9306ae95f498d747d5f7752f7b902,JPEG,JPEG,1,1,,,TRUE
4G,5000,50,compressed,24,다운로드 (9).jpg,11630,12731,201,TRUE,0.159,,2026-10-05T05:36:54+00:00,24,low/다운로드 (9).jpg,low,5df85c890ea4a636469d83b37c1af9cbc748052677e24a7db858ee48e001958c,JPEG,JPEG,1,1,,,TRUE
4G,5000,50,compressed,25,images - 2025-01-28T185206.840.jpg,8281,9380,201,TRUE,0.152,,2026-10-05T05:36:54+00:00,25,low/images - 2025-01-28T185206.840.jpg,low,6228c1195a7fcd5d74faaea2760e62b51c03ca564ccb0283b455af8570496bee,JPEG,JPEG,1,1,,,TRUE
4G,5000,50,compressed,26,화면 캡처 2025-03-05 165818.jpg,24253,25354,201,TRUE,0.196,,2026-10-05T05:36:54+00:00,26,low/화면 캡처 2025-03-05 165818.jpg,low,a16ebe8d0133bc9197eccfeb7d04f98d3305ef0b54f63e1ed8e9d3b8e0ad2617,JPEG,JPEG,1,1,,,TRUE
4G,5000,50,compressed,27,images - 2025-01-28T154337.022.jpg,9577,10677,201,TRUE,0.13,,2026-10-05T05:36:54+00:00,27,low/images - 2025-01-28T154337.022.jpg,low,3621b715c4382601bd8cc43d18a16fcd9365f45d719b87e48af40fb2f8b0eca7,JPEG,JPEG,1,1,,,TRUE
4G,5000,50,compressed,28,images - 2025-01-28T164652.242.jpg,11067,12168,201,TRUE,0.142,,2026-10-05T05:36:54+00:00,28,low/images - 2025-01-28T164652.242.jpg,low,61bbb7fe51bc1382fc36cf77c2b73775a0a246084d6feb061712fd1be4fff869,JPEG,JPEG,1,1,,,TRUE
4G,5000,50,compressed,29,images - 2025-01-28T162955.160.jpg,10053,11154,201,TRUE,0.17,,2026-10-05T05:36:54+00:00,29,low/images - 2025-01-28T162955.160.jpg,low,1b302964ed960ca3a241f951926093e59174f5d18c0b37a222855ac08e6956d7,JPEG,JPEG,1,1,,,TRUE
4G,5000,50,compressed,30,images - 2025-01-28T154225.875.jpg,5517,6616,201,TRUE,0.183,,2026-10-05T05:36:55+00:00,30,low/images - 2025-01-28T154225.875.jpg,low,2b6e1e23e9f6ff7c8f932f4404730b4ecdd6fd9b25b17db4b3169295d653cdf1,JPEG,JPEG,1,1,,,TRUE
4G,5000,50,compressed,31,images (15) 2.jpg,12622,13723,201,TRUE,0.198,,2026-10-05T05:36:55+00:00,31,low/images (15) 2.jpg,low,42a5648cd763317c8064e73ce7a8af65cf545a2783580afb80f5e540f69bc858,JPEG,JPEG,1,1,,,TRUE
4G,5000,50,compressed,32,00-276.jpg,43877,44978,201,TRUE,0.271,,2026-10-05T05:36:55+00:00,32,low/00-276.jpg,low,4a5b33b50f2ee942035dee793f948a2e4e7f67aa117904e8dcb845205c91e1ff,JPEG,JPEG,1,1,,,TRUE
4G,5000,50,compressed,33,다운로드 (1).jpg,13115,14216,201,TRUE,0.193,,2026-10-05T05:36:55+00:00,33,low/다운로드 (1).jpg,low,8d60b77a9b72f390a27542b8465cb0466f5822cc53583d17bba89c6b36cc7d9c,JPEG,JPEG,1,1,,,TRUE
4G,5000,50,compressed,34,다운로드 (55).jpg,13620,14721,201,TRUE,0.154,,2026-10-05T05:36:56+00:00,34,low/다운로드 (55).jpg,low,727e6934838d73713fd5680aa6825c4c45ec12e3a8927f05d322de39adacd73d,JPEG,JPEG,1,1,,,TRUE
4G,5000,50,compressed,35,images - 2025-01-28T164829.543.jpg,8030,9129,201,TRUE,0.18,,2026-10-05T05:36:56+00:00,35,low/images - 2025-01-28T164829.543.jpg,low,7179a8b265946063e758d20acaa77ee8e110b6d3e141ca7d703db63e145256a1,JPEG,JPEG,1,1,,,TRUE
4G,5000,50,compressed,36,images - 2025-01-28T155549.589.jpg,8297,9396,201,TRUE,0.163,,2026-10-05T05:36:56+00:00,36,low/images - 2025-01-28T155549.589.jpg,low,6244cdd6c0edfe22c5952588894aa08869241d031569c86fdce429f18753f322,JPEG,JPEG,1,1,,,TRUE
4G,5000,50,compressed,37,다운로드 (46).jpg,6104,7203,201,TRUE,0.144,,2026-10-05T05:36:56+00:00,37,low/다운로드 (46).jpg,low,7f2b0f743bc087d93641e7ed726bdba3d3384d89d3c579272c3c2adb58bd7f38,JPEG,JPEG,1,1,,,TRUE
4G,5000,50,compressed,38,images - 2025-01-28T164746.970.jpg,8184,9283,201,TRUE,0.148,,2026-10-05T05:36:56+00:00,38,low/images - 2025-01-28T164746.970.jpg,low,257241bb1a41503ca4e3473135a35ccfe89377ad19bc03d86acfcdf04c1fd04e,JPEG,JPEG,1,1,,,TRUE
4G,5000,50,compressed,39,images - 2025-01-28T185020.777.jpg,2957,4056,201,TRUE,0.164,,2026-10-05T05:36:56+00:00,39,low/images - 2025-01-28T185020.777.jpg,low,ffb1ec4da5b736da8737cd08b7fd7151a850e239fe1d35f9beb3b1a16c7bd202,JPEG,JPEG,1,1,,,TRUE
4G,5000,50,compressed,40,다운로드 (22).jpg,9866,10966,201,TRUE,0.137,,2026-10-05T05:36:57+00:00,40,low/다운로드 (22).jpg,low,e1dfc556a80e773bf1f1e3b61cb7ae583d59f2076ae7a8c535500670c82de27b,JPEG,JPEG,1,1,,,TRUE
4G,5000,50,compressed,41,images (37).jpg,12606,13707,201,TRUE,0.182,,2026-10-05T05:36:57+00:00,41,low/images (37).jpg,low,9b946ad1758501c74a140ee2e4f9789598a5d5295c956bf0e8e280805f794205,JPEG,JPEG,1,1,,,TRUE
4G,5000,50,compressed,42,noise (2).jpg,34531,35632,201,TRUE,0.22,,2026-10-05T05:36:57+00:00,42,low/noise (2).jpg,low,c6ff296ef4fd9aa096d5af20edf68e6c94a34fff61edfc6316b25142bd37cc4b,JPEG,JPEG,1,1,,,TRUE
4G,5000,50,compressed,43,images - 2025-01-28T163118.084.jpg,10906,12007,201,TRUE,0.162,,2026-10-05T05:36:57+00:00,43,low/images - 2025-01-28T163118.084.jpg,low,a299fe9fa37c2e607bd62439d742f9f3bc7d9901c9e99c97394343d0713f4081,JPEG,JPEG,1,1,,,TRUE
4G,5000,50,compressed,44,화면 캡처 2025-03-05 163951.jpg,32175,33276,201,TRUE,0.229,,2026-10-05T05:36:57+00:00,44,low/화면 캡처 2025-03-05 163951.jpg,low,75f31a48a4346e254922a4eeab72b30456bc9d47b5e88b0b215e2f75b0f79541,JPEG,JPEG,1,1,,,TRUE
4G,5000,50,compressed,45,a-1697518992.jpg,25812,26913,201,TRUE,0.195,,2026-10-05T05:36:58+00:00,45,low/a-1697518992.jpg,low,3289d204c8e03d8944248936bc454d5aea5b59bc41a1b96269125c2ab581cd07,JPEG,JPEG,1,1,,,TRUE
4G,5000,50,compressed,46,images - 2025-01-28T184855.222.jpg,12322,13423,201,TRUE,0.195,,2026-10-05T05:36:58+00:00,46,low/images - 2025-01-28T184855.222.jpg,low,a3ad1d1dd7b1392d7045d0b3c5817c60fd0cb09e35d794ec3d97e405f1535c72,JPEG,JPEG,1,1,,,TRUE
4G,5000,50,compressed,47,Mua-lon-nhieu-tuyen-duong-bi-chia-cat-do-ngap.jpg,146478,147581,201,TRUE,0.509,,2026-10-05T05:36:58+00:00,47,low/Mua-lon-nhieu-tuyen-duong-bi-chia-cat-do-ngap.jpg,low,4a636722eac7947289e2ee351659d3279aa8bdec7de3d526aa7301e0e8ea83da,JPEG,JPEG,1,1,,,TRUE
4G,5000,50,compressed,48,images (91).jpg,13731,14832,201,TRUE,0.175,,2026-10-05T05:36:58+00:00,48,low/images (91).jpg,low,67694493a5915b456599ffc85f79ad2dd89141dceff2f273b1a6fc4eec5545f2,JPEG,JPEG,1,1,,,TRUE
4G,5000,50,compressed,49,화면 캡처 2025-03-05 164019.jpg,24434,25535,201,TRUE,0.215,,2026-10-05T05:36:59+00:00,49,low/화면 캡처 2025-03-05 164019.jpg,low,1126614ab6ce433834ff4010ee4bd775c2cd1aa3003778eb505e2a4aa9f65347,JPEG,JPEG,1,1,,,TRUE
4G,5000,50,compressed,50,화면 캡처 2025-03-05 163845.jpg,25457,26558,201,TRUE,0.216,,2026-10-05T05:36:59+00:00,50,low/화면 캡처 2025-03-05 163845.jpg,low,f37481db61b1f1ec7156ad68fdf0937297f0e9c760cf48f5ab6dab76844e6cd4,JPEG,JPEG,1,1,,,TRUE
4G,5000,50,compressed,51,images (80).jpg,10589,11690,201,TRUE,0.152,,2026-10-05T05:36:59+00:00,51,low/images (80).jpg,low,6ab02506062e3a532cc7277be599710a40e1b3d03540eb3cfa12b992e90040df,JPEG,JPEG,1,1,,,TRUE
4G,5000,50,compressed,52,images - 2025-01-28T153836.835.jpg,10038,11139,201,TRUE,0.147,,2026-10-05T05:36:59+00:00,52,low/images - 2025-01-28T153836.835.jpg,low,2b4d23d3ece2cfa10cee3f0ccbac81b7500e2854e2cd3374c2931007e9eb8fed,JPEG,JPEG,1,1,,,TRUE
4G,5000,50,compressed,53,화면 캡처 2025-03-05 164330.jpg,19314,20415,201,TRUE,0.198,,2026-10-05T05:36:59+00:00,53,low/화면 캡처 2025-03-05 164330.jpg,low,ac7842800d9d2b89c7f6b5923074a26327ea286bfe40fe81ccf63c23976a85ec,JPEG,JPEG,1,1,,,TRUE
4G,5000,50,compressed,54,images (12) 2.png,136154,137257,201,TRUE,0.525,,2026-10-05T05:37:00+00:00,54,low/images (12) 2.png,low,19586a122eb5e6c4de00bbc09b02339b387d0249a05e3690dc9383bf50991314,PNG,JPEG,1,1,,,TRUE
4G,5000,50,compressed,55,화면 캡처 2025-03-05 161116.jpg,21336,22437,201,TRUE,0.202,,2026-10-05T05:37:00+00:00,55,low/화면 캡처 2025-03-05 161116.jpg,low,2f3fe63f36ec75ca5fe0896caac06cf0dfb0e2dee8ed43f0a30fb0a50932a445,JPEG,JPEG,1,1,,,TRUE
4G,5000,50,compressed,56,img1.jpeg,10652,11753,201,TRUE,0.16,,2026-10-05T05:37:00+00:00,56,low/img1.jpeg,low,df6f1fbc5204bce20da729fd09ed7bab81e77e6be21e927ae06db39c90a2cf79,JPEG,JPEG,1,1,,,TRUE
4G,5000,50,compressed,57,images - 2025-01-28T163022.980.jpg,4780,5879,201,TRUE,0.15,,2026-10-05T05:37:00+00:00,57,low/images - 2025-01-28T163022.980.jpg,low,2f635c3682eac9888a201958073889594b75b8dcc7dcbfe564d176fc91dc460c,JPEG,JPEG,1,1,,,TRUE
4G,5000,50,compressed,58,images (15).jpg,8516,9615,201,TRUE,0.165,,2026-10-05T05:37:01+00:00,58,medium/images (15).jpg,medium,68d7ac5485564e08315c8e181b868d10acff2c3c5c6dc30c679eb3b5b69cfbef,JPEG,JPEG,1,1,,,TRUE
4G,5000,50,compressed,59,images (78).jpg,10995,12096,201,TRUE,0.151,,2026-10-05T05:37:01+00:00,59,medium/images (78).jpg,medium,b4b3ef29acbc224733e0fca30af83d9c673fcf01e12617e34849d86822b9a976,JPEG,JPEG,1,1,,,TRUE
4G,5000,50,compressed,60,chay-lu-7-21441025-1730073553208-1730073553540228535485.webp,169896,170999,201,TRUE,0.611,,2026-10-05T05:37:01+00:00,60,medium/chay-lu-7-21441025-1730073553208-1730073553540228535485.webp,medium,cfd7d11cdfec3d412e4106d470269c2d681c2e892295978e173cbaad46f5f9d9,JPEG,JPEG,1,1,,,TRUE
4G,5000,50,compressed,61,images (22).jpg,5668,6767,201,TRUE,0.163,,2026-10-05T05:37:02+00:00,61,medium/images (22).jpg,medium,964bf4e7039c2ec2acabd3c177af4e6ef36611981fee5ba61d36aaedfe62c2e2,JPEG,JPEG,1,1,,,TRUE
4G,5000,50,compressed,62,images (45).jpg,9489,10589,201,TRUE,0.142,,2026-10-05T05:37:02+00:00,62,medium/images (45).jpg,medium,612f49698ba90aa45ecdc5f73e555115e850cfd56c76277e9fd29c228af6e5e6,JPEG,JPEG,1,1,,,TRUE
4G,5000,50,compressed,63,flood_6166.jpg,39136,40237,201,TRUE,0.245,,2026-10-05T05:37:02+00:00,63,medium/flood_6166.jpg,medium,4159ac8c969671d4a3255912207f9df9bc98049492c0cc0a95362b24eeeb8878,JPEG,JPEG,1,1,,,TRUE
4G,5000,50,compressed,64,0112mualu_21112025075850_160.jpg,83525,84626,201,TRUE,0.341,,2026-10-05T05:37:02+00:00,64,medium/0112mualu_21112025075850_160.jpg,medium,8e6d53d2adb0fcb04f8e21dc8aab39bbad0c3edc23f7229aa2944aa9748cc253,JPEG,JPEG,1,1,,,TRUE
4G,5000,50,compressed,65,images - 2025-01-28T151322.303.jpg,11082,12183,201,TRUE,0.164,,2026-10-05T05:37:02+00:00,65,medium/images - 2025-01-28T151322.303.jpg,medium,3f1084ef380ebd82dc42f44fdb037103ec757f85062ae269d4c2b5eb5808e296,JPEG,JPEG,1,1,,,TRUE
4G,5000,50,compressed,66,image.png,29460,30561,201,TRUE,0.243,,2026-10-05T05:37:03+00:00,66,medium/image.png,medium,66927b3f9717a549fecf7b7d88f8bed53466a78257911fa97ac4cda3d369968a,PNG,JPEG,1,1,,,TRUE
4G,5000,50,compressed,67,807798211_1065370852913193_4397432111052496019_n.jpg,226566,227669,201,TRUE,0.707,,2026-10-05T05:37:03+00:00,67,medium/807798211_1065370852913193_4397432111052496019_n.jpg,medium,c24f1ae0af40897ab0cb7a1698d101b1e9bb770c27d0f34ab8c6a102df72e9e6,JPEG,JPEG,1,1,,,TRUE
4G,5000,50,compressed,68,flood_6259.jpg,21111,22212,201,TRUE,0.207,,2026-10-05T05:37:04+00:00,68,medium/flood_6259.jpg,medium,4de8fa884f2d57dd80d3dfe3178fc9dbe4733bdc5d19a8460ff6bec341aafac4,JPEG,JPEG,1,1,,,TRUE
4G,5000,50,compressed,69,flood_6286.jpg,34443,35544,201,TRUE,0.22,,2026-10-05T05:37:04+00:00,69,medium/flood_6286.jpg,medium,eaeee6cb6978717c20f2879f549380c6c27c3bdc8baadc397bd2060fedbf7c44,JPEG,JPEG,1,1,,,TRUE
4G,5000,50,compressed,70,lam-dong-1764843506279818449019.jpg,97469,98570,201,TRUE,0.43,,2026-10-05T05:37:04+00:00,70,medium/lam-dong-1764843506279818449019.jpg,medium,bcacb2153b8df70663102f9fba3181b6b2177a21c79f9bf3123386fd3987e1ac,JPEG,JPEG,1,1,,,TRUE
4G,5000,50,compressed,71,images (46).jpg,7492,8591,201,TRUE,0.178,,2026-10-05T05:37:04+00:00,71,medium/images (46).jpg,medium,38a8de4ce3022b4cdc0338ba5d0a3a4dc567e1af297a376ca1dca48e063ef256,JPEG,JPEG,1,1,,,TRUE
4G,5000,50,compressed,72,다운로드 (12).jpg,12834,13935,201,TRUE,0.18,,2026-10-05T05:37:05+00:00,72,medium/다운로드 (12).jpg,medium,bcf35d05b7688362f8f6710240a89e8ee8509a08cb181949b7074babcd5d0365,JPEG,JPEG,1,1,,,TRUE
4G,5000,50,compressed,73,noise (5).jpg,29458,30559,201,TRUE,0.243,,2026-10-05T05:37:05+00:00,73,medium/noise (5).jpg,medium,eb819a1dbb0043f513069582edbf918ce471cbaa687c26336af6a2ef8d301e1f,JPEG,JPEG,1,1,,,TRUE
4G,5000,50,compressed,74,flood_1247.jpg,45565,46666,201,TRUE,0.245,,2026-10-05T05:37:05+00:00,74,medium/flood_1247.jpg,medium,be2b6774ad0ec21cbc1951fb0ceb3f62b35281ede3bb7c5b18c00488e7f3ff5f,JPEG,JPEG,1,1,,,TRUE
4G,5000,50,compressed,75,quangbinh-6177.jpeg,41486,42587,201,TRUE,0.277,,2026-10-05T05:37:05+00:00,75,medium/quangbinh-6177.jpeg,medium,eed28d4cd27554ac50c77d00e653f3c51123d57f1311e4772fe98da723416719,JPEG,JPEG,1,1,,,TRUE
4G,5000,50,compressed,76,20231124_uS9nUj.jpg,50110,51211,201,TRUE,0.274,,2026-10-05T05:37:06+00:00,76,medium/20231124_uS9nUj.jpg,medium,605154cc415e0e03701135d8283a92ae646b8b1efe374d9647f9c201ff7904d8,JPEG,JPEG,1,1,,,TRUE
4G,5000,50,compressed,77,images (3).jpg,15855,16956,201,TRUE,0.212,,2026-10-05T05:37:06+00:00,77,medium/images (3).jpg,medium,4e5d64ecdd47da38de6324ac82b12c23fc99fa40da3590684b67029bc4eb9f2f,JPEG,JPEG,1,1,,,TRUE
4G,5000,50,compressed,78,images (92).jpg,11252,12353,201,TRUE,0.192,,2026-10-05T05:37:06+00:00,78,medium/images (92).jpg,medium,0a5033d763a93d7c4dc9cb5dbe45a3a857b134882649b6e0442be4087e1c8aad,JPEG,JPEG,1,1,,,TRUE
4G,5000,50,compressed,79,images - 2025-01-28T155148.034.jpg,12444,13545,201,TRUE,0.172,,2026-10-05T05:37:06+00:00,79,medium/images - 2025-01-28T155148.034.jpg,medium,595d2030d6eb563f32639a2f3a95a81024e5d889bd186a03fb2282b99011752c,JPEG,JPEG,1,1,,,TRUE
4G,5000,50,compressed,80,image_186.jpg,61803,62904,201,TRUE,0.335,,2026-10-05T05:37:07+00:00,80,medium/image_186.jpg,medium,41aed1f809a8893cd69369b1ab9d4b22495fca4367babe1d7e85416354d90136,JPEG,JPEG,1,1,,,TRUE
4G,5000,50,compressed,81,AA.30869797.1.jpg,28087,29188,201,TRUE,0.224,,2026-10-05T05:37:07+00:00,81,medium/AA.30869797.1.jpg,medium,4a1c37b2f5930b315a2a051c78ba8b37577df112f273cfe90e854486413c8474,JPEG,JPEG,1,1,,,TRUE
4G,5000,50,compressed,82,1000014818-17616251502381327466398-136-106-1007-1500-crop-17616257967731607029814.webp,116597,117700,201,TRUE,0.421,,2026-10-05T05:37:07+00:00,82,medium/1000014818-17616251502381327466398-136-106-1007-1500-crop-17616257967731607029814.webp,medium,cd507abecb098f7dbbb04c9b5b710fd430eeeada6471e06d961d72f260bbcd96,WEBP,JPEG,1,1,,,TRUE
4G,5000,50,compressed,83,img76.jpg,52043,53144,201,TRUE,0.305,,2026-10-05T05:37:08+00:00,83,medium/img76.jpg,medium,b06765974f3a5fc63db4f5affcf65eda68973fa2fe7efbd7007d3fa0548ef3c2,JPEG,JPEG,1,1,,,TRUE
4G,5000,50,compressed,84,flood_6330.jpg,38475,39576,201,TRUE,0.244,,2026-10-05T05:37:08+00:00,84,medium/flood_6330.jpg,medium,390684aba7b3f3bba4d62cfbfeb5a2dfe99b486784957eb686faea673a9e203c,JPEG,JPEG,1,1,,,TRUE
4G,5000,50,compressed,85,939cf7ba3afa4a60bbb76760f3fd5aba.jpg,30792,31893,201,TRUE,0.216,,2026-10-05T05:37:08+00:00,85,medium/939cf7ba3afa4a60bbb76760f3fd5aba.jpg,medium,ef98ff56a143b33046879132ceaed70eea555d53ad31f60e20bff9107700f3ab,JPEG,JPEG,1,1,,,TRUE
4G,5000,50,compressed,86,flood_4813.jpg,23069,24170,201,TRUE,0.206,,2026-10-05T05:37:08+00:00,86,medium/flood_4813.jpg,medium,bdc67b21f57e090669243d986f772b0450ccc43065c54e162361e6f83f5ed758,JPEG,JPEG,1,1,,,TRUE
4G,5000,50,compressed,87,images - 2025-01-28T184959.137.jpg,7573,8672,201,TRUE,0.187,,2026-10-05T05:37:09+00:00,87,medium/images - 2025-01-28T184959.137.jpg,medium,1ddd3ac5a0681f32307ea622308e561dc84e90c75a16629ac5c1b1b6ec91b3c0,JPEG,JPEG,1,1,,,TRUE
4G,5000,50,compressed,88,quang-tri-quang-ngai-sap-mua-to-dai-ngay-dac-biet-hue-co-the-tren-500mm-1760611196899.webp,6497,7596,201,TRUE,0.161,,2026-10-05T05:37:09+00:00,88,medium/quang-tri-quang-ngai-sap-mua-to-dai-ngay-dac-biet-hue-co-the-tren-500mm-1760611196899.webp,medium,3d3f2f1ffc39aba5eec801859433c261eea9b3bde161c4a0528ddef08557cf39,WEBP,JPEG,1,1,,,TRUE
4G,5000,50,compressed,89,flood_6326.jpg,21506,22607,201,TRUE,0.212,,2026-10-05T05:37:09+00:00,89,medium/flood_6326.jpg,medium,de44e55a13026a349ca25e762328448ac121bae58b24f5913a41b78d04d81704,JPEG,JPEG,1,1,,,TRUE
4G,5000,50,compressed,90,img9.jpg,7866,8965,201,TRUE,0.154,,2026-10-05T05:37:09+00:00,90,medium/img9.jpg,medium,db9567b5b08ea11ec818bbd8a6f2571f8fd6bb0fc653a56c7b85ff2fb3d91f65,JPEG,JPEG,1,1,,,TRUE
4G,5000,50,compressed,91,images (32).jpg,11788,12889,201,TRUE,0.182,,2026-10-05T05:37:09+00:00,91,medium/images (32).jpg,medium,0846f0df1312f26089cf20655aec68f8843c27732284c6406337d8acb15e5fef,JPEG,JPEG,1,1,,,TRUE
4G,5000,50,compressed,92,image_0144.jpg,38455,39556,201,TRUE,0.259,,2026-10-05T05:37:10+00:00,92,medium/image_0144.jpg,medium,61f4b3a1508df32e80f65b1bd00bca3059e6b60b624f0e224fa4c92ebeb0c529,JPEG,JPEG,1,1,,,TRUE
4G,5000,50,compressed,93,images (37).jpg,5188,6287,201,TRUE,0.162,,2026-10-05T05:37:10+00:00,93,medium/images (37).jpg,medium,ed83e76f54c9708880e842d5c8dc5458dbbb77e0198c0794c7100616d891b7a8,JPEG,JPEG,1,1,,,TRUE
4G,5000,50,compressed,94,images (13).jpg,11070,12171,201,TRUE,0.157,,2026-10-05T05:37:10+00:00,94,medium/images (13).jpg,medium,b2918a66e66571b0f53f2f754255d276dc3ddc368ed02583b450ddec3e233505,JPEG,JPEG,1,1,,,TRUE
4G,5000,50,compressed,95,flood_6129.jpg,28634,29735,201,TRUE,0.222,,2026-10-05T05:37:10+00:00,95,medium/flood_6129.jpg,medium,15e0255f8dd1ce3ee3abc5096854ceb13840bbb1a016e09f63c5dd46aa189b6f,JPEG,JPEG,1,1,,,TRUE
4G,5000,50,compressed,96,gia-lai-1.jpg,42217,43318,201,TRUE,0.233,,2026-10-05T05:37:10+00:00,96,medium/gia-lai-1.jpg,medium,d99d981b85abdd79662b29dc36ceccf6f2c8b516fc557a9aaabffa044ac29110,JPEG,JPEG,1,1,,,TRUE
4G,5000,50,compressed,97,805357338_1065370609579884_4614583555099717146_n.jpg,205671,206774,201,TRUE,0.709,,2026-10-05T05:37:11+00:00,97,medium/805357338_1065370609579884_4614583555099717146_n.jpg,medium,4b825284c811f72e3d234cd85fa06bfa6c715a8e0580801cbe37a3897039fedd,JPEG,JPEG,1,1,,,TRUE
4G,5000,50,compressed,98,image_038.jpg,94240,95341,201,TRUE,0.395,,2026-10-05T05:37:11+00:00,98,medium/image_038.jpg,medium,6136434252d2fd2654427ab7233aa03edc8b4586c9f5edeae9445512a8c1a986,JPEG,JPEG,1,1,,,TRUE
4G,5000,50,compressed,99,img54.webp,55551,56652,201,TRUE,0.294,,2026-10-05T05:37:12+00:00,99,medium/img54.webp,medium,18376708cee0912e197cd3109b168583b99612198d7227800d4e04ddba7efb8c,WEBP,JPEG,1,1,,,TRUE
4G,5000,50,compressed,100,flood_6343.jpg,28334,29435,201,TRUE,0.239,,2026-10-05T05:37:12+00:00,100,medium/flood_6343.jpg,medium,bdaabbf877bb24950a976dcee568d7b2f9da082f2df398c581aa9544c8c2d113,JPEG,JPEG,1,1,,,TRUE
4G,5000,50,compressed,101,flood_6140.jpg,23785,24886,201,TRUE,0.209,,2026-10-05T05:37:12+00:00,101,medium/flood_6140.jpg,medium,75047d855512c1e7aacdcc71d3424ba42258375fb4558f42e0d1e4d2eb95ab8e,JPEG,JPEG,1,1,,,TRUE
4G,5000,50,compressed,102,5836-17634553662361993507720-168-0-1016-1620-crop-17634553816821875286789.webp,55107,56208,201,TRUE,0.292,,2026-10-05T05:37:13+00:00,102,medium/5836-17634553662361993507720-168-0-1016-1620-crop-17634553816821875286789.webp,medium,0f7a3cf9489a57a9d7a85f736ecdc9d61f2292d237dc1d516e81b7144328b65c,WEBP,JPEG,1,1,,,TRUE
4G,5000,50,compressed,103,image_024.jpg,69607,70708,201,TRUE,0.313,,2026-10-05T05:37:13+00:00,103,medium/image_024.jpg,medium,4eeeb9650eff67134821474e3be3eef270bc952e5ce699ac5058d98d6272e7dd,JPEG,JPEG,1,1,,,TRUE
4G,5000,50,compressed,104,image_311.jpg,135716,136819,201,TRUE,0.532,,2026-10-05T05:37:13+00:00,104,medium/image_311.jpg,medium,c2beb6ef457469d2c37347629f6fa6e5734de8643f9f4edf7b66827e56ea6b6d,JPEG,JPEG,1,1,,,TRUE
4G,5000,50,compressed,105,images (16).jpg,10750,11851,201,TRUE,0.134,,2026-10-05T05:37:14+00:00,105,medium/images (16).jpg,medium,c1bb1154b3b1871cf95bfa43c8ff8a3af539e5c68618b1ad2044724ef2759de0,JPEG,JPEG,1,1,,,TRUE
4G,5000,50,compressed,106,images-873cb504e7c333c6f74c7394a73d201acf9fae6cd36600561e3775ee8c31ca9b060d5497fad80da70437e59e48a14722-_111-6190.jpg,213085,214188,201,TRUE,0.698,,2026-10-05T05:37:14+00:00,106,medium/images-873cb504e7c333c6f74c7394a73d201acf9fae6cd36600561e3775ee8c31ca9b060d5497fad80da70437e59e48a14722-_111-6190.jpg,medium,d43f170f886d44555d05924ddee0439ecc18f50954cb91026c0100f4f0abc874,JPEG,JPEG,1,1,,,TRUE
4G,5000,50,compressed,107,vnapotalquangtritieptucmualonlulennhanhgayngaplutdienrong1917541315072353-16029002171551755047725.webp,102638,103741,201,TRUE,0.398,,2026-10-05T05:37:15+00:00,107,medium/vnapotalquangtritieptucmualonlulennhanhgayngaplutdienrong1917541315072353-16029002171551755047725.webp,medium,08612801e26c708aa52eaadfca720becdaa6c15652f2e6f18d51d644f98d9c1d,WEBP,JPEG,1,1,,,TRUE
4G,5000,50,compressed,108,n3.jpg,8631,9730,201,TRUE,0.166,,2026-10-05T05:37:15+00:00,108,medium/n3.jpg,medium,07538d70a44b40d3b440325619b3ca9b32650ede44a0d00d1d9dad1b99fbe4ee,JPEG,JPEG,1,1,,,TRUE
4G,5000,50,compressed,109,39.jpg,82526,83627,201,TRUE,0.398,,2026-10-05T05:37:15+00:00,109,medium/39.jpg,medium,fdd7f649e7ae81c6a92c2912a2b1274d61a062ef4a830ad5dcf91d987895347d,JPEG,JPEG,1,1,,,TRUE
4G,5000,50,compressed,110,lu-ky-luc-tren-hai-song-o-mien-trung-ngap-lut-lan-rong-tai-6-tinh-thanh-904.jpg,111435,112538,201,TRUE,0.478,,2026-10-05T05:37:16+00:00,110,medium/lu-ky-luc-tren-hai-song-o-mien-trung-ngap-lut-lan-rong-tai-6-tinh-thanh-904.jpg,medium,1208d8781d1283f8a2bf6df0db67a322020a4d22d1e5e77c892664b2dbe7ee09,JPEG,JPEG,1,1,,,TRUE
4G,5000,50,compressed,111,edit-z7290483264645f5e6e37fc44ef85a5b1ffafb92dc59ab-17648137370111953943839-0-27-1131-1837-crop-1764813752388209128783.webp,163762,164865,201,TRUE,0.582,,2026-10-05T05:37:16+00:00,111,medium/edit-z7290483264645f5e6e37fc44ef85a5b1ffafb92dc59ab-17648137370111953943839-0-27-1131-1837-crop-1764813752388209128783.webp,medium,e0173401e7ade0280806d8f19ae43363fd2e8405d20aaacd33cee72d7b6dbc73,WEBP,JPEG,1,1,,,TRUE
4G,5000,50,compressed,112,images - 2025-01-28T185558.906.jpg,4116,5215,201,TRUE,0.152,,2026-10-05T05:37:16+00:00,112,medium/images - 2025-01-28T185558.906.jpg,medium,f0860d21495f47388ed3e6696ce3785aee4da2cb1de4a590575461e038f7bae0,JPEG,JPEG,1,1,,,TRUE
4G,5000,50,compressed,113,1763565218045_mua1-191125.jpeg,48581,49682,201,TRUE,0.275,,2026-10-05T05:37:17+00:00,113,medium/1763565218045_mua1-191125.jpeg,medium,c91db90f158b3e8e854df4c1e3e8eb835f1cb537912568ae19100e6c51e917a2,JPEG,JPEG,1,1,,,TRUE
4G,5000,50,compressed,114,noise_n (3).jpg,30935,32036,201,TRUE,0.21,,2026-10-05T05:37:17+00:00,114,medium/noise_n (3).jpg,medium,737a36757baaeb65b62ecc21fd1a7cd2a49f865293696cdbf80f73a117604639,JPEG,JPEG,1,1,,,TRUE
4G,5000,50,compressed,115,81329cb922f6cba892e7-jpg-31673361078756138245019-50182452114320146060691.webp,17935,19036,201,TRUE,0.197,,2026-10-05T05:37:17+00:00,115,medium/81329cb922f6cba892e7-jpg-31673361078756138245019-50182452114320146060691.webp,medium,e0c7a3f120e8fc4f8f930f71cb2441f187c7414913c50d326be0c10542c46d7b,WEBP,JPEG,1,1,,,TRUE
4G,5000,50,compressed,116,noise (6).jpg,33879,34980,201,TRUE,0.218,,2026-10-05T05:37:17+00:00,116,medium/noise (6).jpg,medium,bacbea8fde543a342777a2e58cffb846bcab7312db734f6bb61c321e3e752dda,JPEG,JPEG,1,1,,,TRUE
4G,5000,50,compressed,117,images - 2025-01-28T151947.364.jpg,11120,12221,201,TRUE,0.149,,2026-10-05T05:37:18+00:00,117,medium/images - 2025-01-28T151947.364.jpg,medium,e7b8e37ef4d169937e886cd8663859ecb7af96df687a212be179822094715e95,JPEG,JPEG,1,1,,,TRUE
4G,5000,50,compressed,118,images (63).jpg,11385,12486,201,TRUE,0.17,,2026-10-05T05:37:18+00:00,118,medium/images (63).jpg,medium,6184d9e6b2bfe1c7ee6d03565b9bc592d4c3e55b2b707ef326f6c7e8504043b8,JPEG,JPEG,1,1,,,TRUE
4G,5000,50,compressed,119,floods_cambodia_avid_w.jpg,39317,40418,201,TRUE,0.22,,2026-10-05T05:37:18+00:00,119,high/floods_cambodia_avid_w.jpg,high,ddb850ec825f321b37caa568aee6098cfd4d06c0affb70c72c9ee4ad142c3d9a,JPEG,JPEG,1,1,,,TRUE
4G,5000,50,compressed,120,download.webp,17370,18471,201,TRUE,0.197,,2026-10-05T05:37:18+00:00,120,high/download.webp,high,9882a77a13f8404c4875c672327af6c30f711e1398f55d4278eedc70320775fc,WEBP,JPEG,1,1,,,TRUE
4G,5000,50,compressed,121,img9.webp,111755,112858,201,TRUE,0.453,,2026-10-05T05:37:19+00:00,121,high/img9.webp,high,553641be2dee253e89f8ca5829376e2c718e3455ca1b13cdd9e3f4637edaa900,WEBP,JPEG,1,1,,,TRUE
4G,5000,50,compressed,122,flood_4800.jpg,73856,74957,201,TRUE,0.345,,2026-10-05T05:37:19+00:00,122,high/flood_4800.jpg,high,0fcf65f440f4bb571ef8372897e08b4598b0e90023bb6700f222a036752a070e,JPEG,JPEG,1,1,,,TRUE
4G,5000,50,compressed,123,flood_732.jpg,166394,167497,201,TRUE,0.604,,2026-10-05T05:37:20+00:00,123,high/flood_732.jpg,high,cd381b32133ec4671de6a5b7bbdaf0934357d776d35c3e143fb4cff864027893,JPEG,JPEG,1,1,,,TRUE
4G,5000,50,compressed,124,z7243826042725e83c8d03deb27f56d1a1aad2b13b8e87-176362146979047283232-15-0-615-960-crop-17636214777741938859206.webp,33925,35026,201,TRUE,0.229,,2026-10-05T05:37:20+00:00,124,high/z7243826042725e83c8d03deb27f56d1a1aad2b13b8e87-176362146979047283232-15-0-615-960-crop-17636214777741938859206.webp,high,8656b7d16c67126af4681e1671432c38bc8fa52e8753764160db4c4873984988,WEBP,JPEG,1,1,,,TRUE
4G,5000,50,compressed,125,R.png,19864,20965,201,TRUE,0.158,,2026-10-05T05:37:20+00:00,125,high/R.png,high,dc0a6fe2a2bd9a52e6e80b51bfba596e52c9c1cdf83b9f74b23ab5ea6a19170d,PNG,JPEG,1,1,,,TRUE
4G,5000,50,compressed,126,flood_1261.jpg,107754,108857,201,TRUE,0.426,,2026-10-05T05:37:20+00:00,126,high/flood_1261.jpg,high,e409f5969c2febfdda9ed849c91004358be0a3d10814f787e45e7627ca828214,JPEG,JPEG,1,1,,,TRUE
4G,5000,50,compressed,127,AP23209060794692.jpg,137628,138731,201,TRUE,0.51,,2026-10-05T05:37:21+00:00,127,high/AP23209060794692.jpg,high,512a0322830cabfec0a6e89c2e31ea893b2cef2818cc39e3f317a59ae8fe1fd9,JPEG,JPEG,1,1,,,TRUE
4G,5000,50,compressed,128,images - 2025-01-28T151851.902.jpg,7713,8812,201,TRUE,0.163,,2026-10-05T05:37:21+00:00,128,high/images - 2025-01-28T151851.902.jpg,high,1edde2dab6d62b91b9de6c3c2655197077d5ab6e19d4765d2676cde1a6d8eb20,JPEG,JPEG,1,1,,,TRUE
4G,5000,50,compressed,129,image_027.jpg,58771,59872,201,TRUE,0.304,,2026-10-05T05:37:21+00:00,129,high/image_027.jpg,high,165d98120ba7e01d378bc261d7c3f23972249ed3b3be19d0d68043e769063363,JPEG,JPEG,1,1,,,TRUE
4G,5000,50,compressed,130,2-1726448843911500454177.webp,121693,122796,201,TRUE,0.451,,2026-10-05T05:37:22+00:00,130,high/2-1726448843911500454177.webp,high,ff55a67f3985507695ee4b23060fdfdad9e187fb8504aedfbf092075fa5f0d96,JPEG,JPEG,1,1,,,TRUE
4G,5000,50,compressed,131,image_049.jpg,74513,75614,201,TRUE,0.349,,2026-10-05T05:37:22+00:00,131,high/image_049.jpg,high,3e828a32d6aed42e6ee8dc53661095ca000f242d7e9f02d192b2c01c86a09957,JPEG,JPEG,1,1,,,TRUE
4G,5000,50,compressed,132,image_0107.jpg,19919,21020,201,TRUE,0.179,,2026-10-05T05:37:22+00:00,132,high/image_0107.jpg,high,5fa433bbf249eeb3aa2055834a5f403e493a8cac5cd4b9782a14415183856245,JPEG,JPEG,1,1,,,TRUE
4G,5000,50,compressed,133,dd20c6609cc035fedf1a093e97f51af4.jpeg,56381,57482,201,TRUE,0.275,,2026-10-05T05:37:23+00:00,133,high/dd20c6609cc035fedf1a093e97f51af4.jpeg,high,fce656b8e1f1e90ed783f0ca822286246a21df47469426bba44d1b2ad695ca97,PNG,JPEG,1,1,,,TRUE
4G,5000,50,compressed,134,img66.jpg,20273,21374,201,TRUE,0.198,,2026-10-05T05:37:23+00:00,134,high/img66.jpg,high,d55e7de52341508886162ad8719416840af584d47853b998f2d2c45f4c5f5fd2,JPEG,JPEG,1,1,,,TRUE
4G,5000,50,compressed,135,OIP (10).webp,7577,8676,201,TRUE,0.177,,2026-10-05T05:37:23+00:00,135,high/OIP (10).webp,high,ed3ec9010a260ac315bd0f17ebe4c044ba2c86905964444aa011b3604366fe8d,WEBP,JPEG,1,1,,,TRUE
4G,5000,50,compressed,136,iimages (5).jpg,6719,7818,201,TRUE,0.147,,2026-10-05T05:37:23+00:00,136,high/iimages (5).jpg,high,b0a958225801750c5a6a663c180d26565f8a95584750c5e60879380fd14ded85,JPEG,JPEG,1,1,,,TRUE
4G,5000,50,compressed,137,iimages (10).jpg,10959,12060,201,TRUE,0.153,,2026-10-05T05:37:23+00:00,137,high/iimages (10).jpg,high,73f6052a7daa8f8de6dade2fa0ac44e339083b998afb2a163d7334c45aee76ad,JPEG,JPEG,1,1,,,TRUE
4G,5000,50,compressed,138,img55.webp,31013,32114,201,TRUE,0.243,,2026-10-05T05:37:24+00:00,138,high/img55.webp,high,b5f145285f3fec3d20ccaee444df2159d4f1e362760435f3c6feb51ba725abd1,WEBP,JPEG,1,1,,,TRUE
4G,5000,50,compressed,139,image_6483441_7_c62ccb313f.jpg,195650,196753,201,TRUE,0.659,,2026-10-05T05:37:24+00:00,139,high/image_6483441_7_c62ccb313f.jpg,high,6dd3bbf14af3264ba7796f69f228df25a4c356c25a6dd15bc161a085cb6c9e79,JPEG,JPEG,1,1,,,TRUE
4G,5000,50,compressed,140,jakarta-indonesiafebruary-2021the-search-rescue-600nw-1920679820.webp,35737,36838,201,TRUE,0.199,,2026-10-05T05:37:24+00:00,140,high/jakarta-indonesiafebruary-2021the-search-rescue-600nw-1920679820.webp,high,c8a13d4112c593635c49f9071db0148b79a1d2e07b71b3df893bfd6a73c037b3,WEBP,JPEG,1,1,,,TRUE
4G,5000,50,compressed,141,image_0090.jpg,29106,30207,201,TRUE,0.223,,2026-10-05T05:37:25+00:00,141,high/image_0090.jpg,high,10264351de402d0dd637b6f6bbc7008be5bf13c86313a6b684875ddd858cf613,JPEG,JPEG,1,1,,,TRUE
4G,5000,50,compressed,142,img7.webp,29982,31083,201,TRUE,0.229,,2026-10-05T05:37:25+00:00,142,high/img7.webp,high,854cee071b8d48b0567b2717b3f8dc71e3694b96892e5e1591566cb0124e7925,WEBP,JPEG,1,1,,,TRUE
4G,5000,50,compressed,143,4231cd29f2fb53ce8f0359eba8f1caaa85b22b53819bf0b9990e4c4d228c8c89.webp,82082,83183,201,TRUE,0.373,,2026-10-05T05:37:25+00:00,143,high/4231cd29f2fb53ce8f0359eba8f1caaa85b22b53819bf0b9990e4c4d228c8c89.webp,high,bcdb14769aad6eeb48dfec2f602435a1d52a3eac013da23c60a3dc34a22f4f38,WEBP,JPEG,1,1,,,TRUE
4G,5000,50,compressed,144,img72.webp,36973,38074,201,TRUE,0.249,,2026-10-05T05:37:26+00:00,144,high/img72.webp,high,fc43a66f60e642ba21fa6cbe8fcc8846ba555c658dda41d4cd362b511a55cdc6,WEBP,JPEG,1,1,,,TRUE
4G,5000,50,compressed,145,img49.webp,107429,108532,201,TRUE,0.424,,2026-10-05T05:37:26+00:00,145,high/img49.webp,high,96759c7c514ee82e03951cb13230fa9784b1e5e7234dacb2167999386d42da8a,WEBP,JPEG,1,1,,,TRUE
4G,5000,50,compressed,146,OIP (1).webp,27124,28225,201,TRUE,0.226,,2026-10-05T05:37:26+00:00,146,high/OIP (1).webp,high,9931f7b540fa118001a5d222735edbddb903cb7469e6f8d551d3e3f9aeb528ff,WEBP,JPEG,1,1,,,TRUE
4G,5000,50,compressed,147,OIP (33).webp,6587,7686,201,TRUE,0.172,,2026-10-05T05:37:26+00:00,147,high/OIP (33).webp,high,237864469e6f1c257cd918ef25c0b0dc7bf383955b3dd23e21cc2fd4a92cda2c,WEBP,JPEG,1,1,,,TRUE
4G,5000,50,compressed,148,image_145.jpeg,58643,59744,201,TRUE,0.276,,2026-10-05T05:37:27+00:00,148,high/image_145.jpeg,high,bcdda09b5006e6f96bba2f559d90d2d3daf5c41ca66d3886dac46534cf7c7f5c,JPEG,JPEG,1,1,,,TRUE
4G,5000,50,compressed,149,images - 2025-01-28T154039.568.jpg,7966,9065,201,TRUE,0.176,,2026-10-05T05:37:27+00:00,149,high/images - 2025-01-28T154039.568.jpg,high,be2defe1fef5628f1e85d94d12c66075ab7feca57f273f4f903521816128d959,JPEG,JPEG,1,1,,,TRUE
4G,5000,50,compressed,150,3cbf55ff-d524-461d-bf40-fa489285474d.jpg,33547,34648,201,TRUE,0.224,,2026-10-05T05:37:27+00:00,150,high/3cbf55ff-d524-461d-bf40-fa489285474d.jpg,high,1f48d2d7cdfbc50fb3ca2297a2ccf866a2d48c3c079242e61df887b896f1c929,JPEG,JPEG,1,1,,,TRUE
4G,5000,50,compressed,151,b572b8392df6f2cbbac8a6a19d74bfa2.avif,46966,48067,201,TRUE,0.275,,2026-10-05T05:37:27+00:00,151,high/b572b8392df6f2cbbac8a6a19d74bfa2.avif,high,c0aac4095412b24e58c6132b8e66e2b9f243597aee2eb06d7f193dc154e04f73,AVIF,JPEG,1,1,,,TRUE
4G,5000,50,compressed,152,flood_219.jpg,290092,291195,201,TRUE,0.882,,2026-10-05T05:37:28+00:00,152,high/flood_219.jpg,high,79facf8f80351b4e020857b9b47604efb7d0ea20f0ddaf838824b215b67ccb05,JPEG,JPEG,1,1,,,TRUE
4G,5000,50,compressed,153,Shutterstock_12250367k.jpg,34710,35811,201,TRUE,0.209,,2026-10-05T05:37:29+00:00,153,high/Shutterstock_12250367k.jpg,high,732957645e5b3b44344a6db0f53486059ed78e70192a22c3b436cd8f93717b07,JPEG,JPEG,1,1,,,TRUE
4G,5000,50,compressed,154,noise1.jpeg,13916,15017,201,TRUE,0.206,,2026-10-05T05:37:29+00:00,154,high/noise1.jpeg,high,9bbaa77d1bb035ab20937380a2af67a90bd9e4ca71180cfd0b807c5f00b343b8,JPEG,JPEG,1,1,,,TRUE
4G,5000,50,compressed,155,img58.jpg,30127,31228,201,TRUE,0.192,,2026-10-05T05:37:29+00:00,155,high/img58.jpg,high,b9364110f4da93b4e893640de31f3fa2ca0dcdf336741d8934571d72a47043e2,JPEG,JPEG,1,1,,,TRUE
4G,5000,50,compressed,156,569FB5E8-17FF-4DA7-AF819E7223AD38C7_source.webp,30824,31925,201,TRUE,0.222,,2026-10-05T05:37:29+00:00,156,high/569FB5E8-17FF-4DA7-AF819E7223AD38C7_source.webp,high,3dcb8b40eeb8b9f8bf80bae7a1df25b52f5004838bc145495c760b8f3789c2c7,WEBP,JPEG,1,1,,,TRUE
4G,5000,50,compressed,157,flood_1214.jpg,64661,65762,201,TRUE,0.353,,2026-10-05T05:37:30+00:00,157,high/flood_1214.jpg,high,0c1e0b47204317c7c194fc94a7dbfc1030e08c065acbda8b4e455df3e23c4585,JPEG,JPEG,1,1,,,TRUE
4G,5000,50,compressed,158,skynews-philippines-megi_5737099.jpg,182222,183325,201,TRUE,0.6,,2026-10-05T05:37:30+00:00,158,high/skynews-philippines-megi_5737099.jpg,high,84c1d37b7cba9e20cf409763137f50704c251e784de518f90804e115163765e0,JPEG,JPEG,1,1,,,TRUE
4G,5000,50,compressed,159,flood_4791.jpg,57086,58187,201,TRUE,0.288,,2026-10-05T05:37:30+00:00,159,high/flood_4791.jpg,high,d1c123841ecbd4da557fa97ce87111b212c8228c34a85bd91f2560b0dd7f4540,JPEG,JPEG,1,1,,,TRUE
4G,5000,50,compressed,160,flood_4763.jpg,51828,52929,201,TRUE,0.279,,2026-10-05T05:37:31+00:00,160,high/flood_4763.jpg,high,71dc4359a45d5f7f9a73474695d86dcc2a5fe3fb74f89763be6ea2c971476183,JPEG,JPEG,1,1,,,TRUE
4G,5000,50,compressed,161,OIP (14).webp,6776,7875,201,TRUE,0.149,,2026-10-05T05:37:31+00:00,161,high/OIP (14).webp,high,327490c28381c700367e1baa43b9b8faa0d4dad840c3f5cc28dbcbc00aef9312,WEBP,JPEG,1,1,,,TRUE
4G,5000,50,compressed,162,img60.webp,56953,58054,201,TRUE,0.325,,2026-10-05T05:37:31+00:00,162,high/img60.webp,high,04fb91efee88688fce39d7c57db3f77e74a131efb54072039947ff44497cab46,WEBP,JPEG,1,1,,,TRUE
4G,5000,50,compressed,163,images - 2025-01-28T152121.677.jpg,10227,11328,201,TRUE,0.137,,2026-10-05T05:37:31+00:00,163,high/images - 2025-01-28T152121.677.jpg,high,4eb24b2e8dc4eda02a4cc8771e5f553a3cea43118dc311cd054b50be02659728,JPEG,JPEG,1,1,,,TRUE
4G,5000,50,compressed,164,OIP (15).webp,7572,8671,201,TRUE,0.176,,2026-10-05T05:37:32+00:00,164,high/OIP (15).webp,high,24f885199ce10f8e1e816382fd1bfbc0cb087adfdbf80d37f50e01f029b902df,WEBP,JPEG,1,1,,,TRUE
4G,5000,50,compressed,165,OIP (29).webp,15685,16786,201,TRUE,0.184,,2026-10-05T05:37:32+00:00,165,high/OIP (29).webp,high,722c9d66af59c68dec8e0c6d6304791267c63d646e08710fd3e9f26c37df9334,WEBP,JPEG,1,1,,,TRUE
4G,5000,50,compressed,166,flood-1.jpg,73229,74330,201,TRUE,0.371,,2026-10-05T05:37:32+00:00,166,high/flood-1.jpg,high,09f55b9b3f375ebed1a877966d39e27f14f7e874b49f4aaeb760640e48391a2e,JPEG,JPEG,1,1,,,TRUE
4G,5000,50,compressed,167,702018189_univ_cnt_01_xs.jpg,8949,10048,201,TRUE,0.144,,2026-10-05T05:37:32+00:00,167,high/702018189_univ_cnt_01_xs.jpg,high,5425fb7fa7db399de54b9d429fd66d384764c2dfb43a11b1661288a1214928f4,JPEG,JPEG,1,1,,,TRUE
4G,5000,50,compressed,168,img4.jpg,5500,6599,201,TRUE,0.181,,2026-10-05T05:37:32+00:00,168,high/img4.jpg,high,2a232bbd43a017ee8635ca368475ed57d4f521ec3a3ac3441179a9a2bf799fd8,JPEG,JPEG,1,1,,,TRUE
4G,5000,50,compressed,169,image_294.png,84479,85580,201,TRUE,0.401,,2026-10-05T05:37:33+00:00,169,high/image_294.png,high,121729a09e5d44136cae00fe1f03a2937abb87667ab3ecb6ab3c280a5894c585,PNG,JPEG,1,1,,,TRUE
4G,5000,50,compressed,170,65d952b4-90a2-4d18-b035-24352c-3365-2036-1764872629.webp,38202,39303,201,TRUE,0.257,,2026-10-05T05:37:33+00:00,170,high/65d952b4-90a2-4d18-b035-24352c-3365-2036-1764872629.webp,high,11f5411abd0b76ea294bd29a7472d8684b48083301862061e6f25da644430a5c,WEBP,JPEG,1,1,,,TRUE
4G,5000,50,compressed,171,OIP (36).webp,39098,40199,201,TRUE,0.241,,2026-10-05T05:37:33+00:00,171,high/OIP (36).webp,high,f5293f48dbaa45b33a582c87433bb04fbbf2dd472469a0332a82bd5feb755c14,WEBP,JPEG,1,1,,,TRUE
4G,5000,50,compressed,172,화면 캡처 2025-03-05 181439.jpg,43579,44680,201,TRUE,0.249,,2026-10-05T05:37:34+00:00,172,non_flood/화면 캡처 2025-03-05 181439.jpg,non_flood,b75c4f08d2d4af82fae15233d28be9099286d8327bb1728ad06ae8467bd4fd24,JPEG,JPEG,1,1,,,TRUE
4G,5000,50,compressed,173,화면 캡처 2025-03-05 175742.jpg,34472,35573,201,TRUE,0.255,,2026-10-05T05:37:34+00:00,173,non_flood/화면 캡처 2025-03-05 175742.jpg,non_flood,9aa30b4ad8e881ee526e62dfd529f7c132517be92583fc25c2a352b59a7b8a10,JPEG,JPEG,1,1,,,TRUE
4G,5000,50,compressed,174,화면 캡처 2025-03-05 175341.jpg,19452,20553,201,TRUE,0.211,,2026-10-05T05:37:34+00:00,174,non_flood/화면 캡처 2025-03-05 175341.jpg,non_flood,43a98cd56ba750ceae68f3ca04b1c092e901fff1dcc83a04a19d4652dd5a93ab,JPEG,JPEG,1,1,,,TRUE
4G,5000,50,compressed,175,화면 캡처 2025-03-05 172751.jpg,19183,20284,201,TRUE,0.196,,2026-10-05T05:37:34+00:00,175,non_flood/화면 캡처 2025-03-05 172751.jpg,non_flood,8de13e59f0139f6ad9e553f887ea3e427cfbe24c5523a850651923df6d64011a,JPEG,JPEG,1,1,,,TRUE
4G,5000,50,compressed,176,images (13)1.jpg,13714,14815,201,TRUE,0.206,,2026-10-05T05:37:34+00:00,176,non_flood/images (13)1.jpg,non_flood,4e2b303a68e00ba4fbca23bdb0585b3f0f6f385e83bfebad4a16d96898663a3e,JPEG,JPEG,1,1,,,TRUE
4G,5000,50,compressed,177,화면 캡처 2025-03-05 181412.jpg,42823,43924,201,TRUE,0.233,,2026-10-05T05:37:35+00:00,177,non_flood/화면 캡처 2025-03-05 181412.jpg,non_flood,6fbd9d9cf16d0e950ccae0c7ec26baf60c4081efe34aa86205785db825fc01bc,JPEG,JPEG,1,1,,,TRUE
4G,5000,50,compressed,178,화면 캡처 2025-03-05 152130.jpg,48623,49724,201,TRUE,0.292,,2026-10-05T05:37:35+00:00,178,non_flood/화면 캡처 2025-03-05 152130.jpg,non_flood,0df727cf509b4b225f8c3b77ed2b4c65be629b0eb3ef422bd3e6bcd1abe5b4e8,JPEG,JPEG,1,1,,,TRUE
4G,5000,50,compressed,179,화면 캡처 2025-03-05 173917.jpg,42894,43995,201,TRUE,0.242,,2026-10-05T05:37:35+00:00,179,non_flood/화면 캡처 2025-03-05 173917.jpg,non_flood,29e372c79949fb945d3d217af23e725576f970bc88d47820d56f908c8c1dd8b4,JPEG,JPEG,1,1,,,TRUE
4G,5000,50,compressed,180,1789568749569_282700609501588260_7406490438318140161_4c67d325471c5a433aa450f9a2bf7b80.jpg,93355,94456,201,TRUE,0.37,,2026-10-05T05:37:36+00:00,180,non_flood/1789568749569_282700609501588260_7406490438318140161_4c67d325471c5a433aa450f9a2bf7b80.jpg,non_flood,c8128762797fb77bf5feb965d12100cd783be0e0afe1658cbd851ec37a153d83,JPEG,JPEG,1,1,,,TRUE
4G,5000,50,compressed,181,images (9).jpg,7710,8809,201,TRUE,0.166,,2026-10-05T05:37:36+00:00,181,non_flood/images (9).jpg,non_flood,18e261369109061b9841676f321894e21cfd91d608fe3dc9acc8c4d1bfd64a53,JPEG,JPEG,1,1,,,TRUE
4G,5000,50,compressed,182,images (7).jpg,13352,14453,201,TRUE,0.178,,2026-10-05T05:37:36+00:00,182,non_flood/images (7).jpg,non_flood,a5bcc829e70ca0664ad916e26c9ffb440248d5d6e3429a58c9b90d3d3860a7ab,JPEG,JPEG,1,1,,,TRUE
4G,5000,50,compressed,183,다운로드 (5).jpg,10579,11680,201,TRUE,0.155,,2026-10-05T05:37:36+00:00,183,non_flood/다운로드 (5).jpg,non_flood,49d811196ba07508a08d7689a5746494bdd1e6bc89460cb67dffb53154670204,JPEG,JPEG,1,1,,,TRUE
4G,5000,50,compressed,184,다운로드 (45) 3.jpg,12119,13220,201,TRUE,0.203,,2026-10-05T05:37:36+00:00,184,non_flood/다운로드 (45) 3.jpg,non_flood,1f8553a464ee1aa46de5890b8be0676883513c8083217c3013df8ab6e9bef786,JPEG,JPEG,1,1,,,TRUE
4G,5000,50,compressed,185,다운로드 (31).jpg,9673,10773,201,TRUE,0.165,,2026-10-05T05:37:37+00:00,185,non_flood/다운로드 (31).jpg,non_flood,c7449da10dfb0cebf3561e433c9a19876e06e81dda26cf39253b8d1aed09be91,JPEG,JPEG,1,1,,,TRUE
4G,5000,50,compressed,186,127465812-일본-교토의-봄비-폭풍우-동안-교토부의-스트리트-뷰.jpg,150093,151196,201,TRUE,0.552,,2026-10-05T05:37:37+00:00,186,non_flood/127465812-일본-교토의-봄비-폭풍우-동안-교토부의-스트리트-뷰.jpg,non_flood,6ae7d4cc308ffcdbcea455286428f08c4716a26cd6e0f295ba412b38393a1e05,JPEG,JPEG,1,1,,,TRUE
4G,5000,50,compressed,187,화면 캡처 2025-03-05 174935.jpg,62379,63480,201,TRUE,0.337,,2026-10-05T05:37:37+00:00,187,non_flood/화면 캡처 2025-03-05 174935.jpg,non_flood,d9a9b54010a3c3c0b44e085273edb1f64a777f99be11d71a7199030bab07a848,JPEG,JPEG,1,1,,,TRUE
4G,5000,50,compressed,188,화면 캡처 2025-03-05 173725.jpg,44279,45380,201,TRUE,0.289,,2026-10-05T05:37:38+00:00,188,non_flood/화면 캡처 2025-03-05 173725.jpg,non_flood,8088bad691c314800e2472cc5837ed0ddc4fc2a8bb5fc67a0466a5b6dbd4ef41,JPEG,JPEG,1,1,,,TRUE
4G,5000,50,compressed,189,다운로드 (7).jpg,13460,14561,201,TRUE,0.175,,2026-10-05T05:37:38+00:00,189,non_flood/다운로드 (7).jpg,non_flood,7882a482c8fa3ac2a100823670b3527953bc13261ced12bef7d2814872bbb73d,JPEG,JPEG,1,1,,,TRUE
4G,5000,50,compressed,190,다운로드 (12).jpg,11018,12119,201,TRUE,0.177,,2026-10-05T05:37:38+00:00,190,non_flood/다운로드 (12).jpg,non_flood,5a26387b7c471c37b412a214b65d520836f1ccdac5562ba302e9ad91f3063751,JPEG,JPEG,1,1,,,TRUE
4G,5000,50,compressed,191,images (11)1.jpg,14198,15299,201,TRUE,0.188,,2026-10-05T05:37:38+00:00,191,non_flood/images (11)1.jpg,non_flood,254e9ebc6f2b62b50393b6db4914c56a5fe0e43f3aac0ffa71f6cf007e661e61,JPEG,JPEG,1,1,,,TRUE
4G,5000,50,compressed,192,1789568749557_282700609501588260_7406490438318140161_7d5baf7f35b58211bf5d643c66ab8606.jpg,86110,87211,201,TRUE,0.377,,2026-10-05T05:37:39+00:00,192,non_flood/1789568749557_282700609501588260_7406490438318140161_7d5baf7f35b58211bf5d643c66ab8606.jpg,non_flood,831a018e6022c183e2bad8c815113118193ea4eed8bfe14d0ae7000be299d148,JPEG,JPEG,1,1,,,TRUE
4G,5000,50,compressed,193,images (14)1.jpg,12637,13738,201,TRUE,0.184,,2026-10-05T05:37:39+00:00,193,non_flood/images (14)1.jpg,non_flood,62da4a05b2a453136adff5b34666d1bfbbf2fc659e751e9c841909dd1e792d54,JPEG,JPEG,1,1,,,TRUE
4G,5000,50,compressed,194,images (24)1.jpg,7965,9064,201,TRUE,0.168,,2026-10-05T05:37:39+00:00,194,non_flood/images (24)1.jpg,non_flood,f14078bda9f46dd2b44eb17870ad533778d7daf7085e8b344be8813a125f4694,JPEG,JPEG,1,1,,,TRUE
4G,5000,50,compressed,195,다운로드 (43) 3.jpg,13476,14577,201,TRUE,0.196,,2026-10-05T05:37:39+00:00,195,non_flood/다운로드 (43) 3.jpg,non_flood,82a8697498f35ccc783ad058be58208a775ed79bbf59b68c83a1a95701944ecd,JPEG,JPEG,1,1,,,TRUE
4G,5000,50,compressed,196,p1065569336329878_240_thum.jpg,52647,53748,201,TRUE,0.291,,2026-10-05T05:37:40+00:00,196,non_flood/p1065569336329878_240_thum.jpg,non_flood,f648f926141df9ee9b70b1f787f660909a44e33c36bb0ed39162ea186a338df4,JPEG,JPEG,1,1,,,TRUE
4G,5000,50,compressed,197,화면 캡처 2025-03-05 172739.jpg,21998,23099,201,TRUE,0.19,,2026-10-05T05:37:40+00:00,197,non_flood/화면 캡처 2025-03-05 172739.jpg,non_flood,b40f793569d14767abe9f2e068970f3b795c0563877a1e1f8a7258821f69edcc,JPEG,JPEG,1,1,,,TRUE
4G,5000,50,compressed,198,다운로드 (36) 3.jpg,12070,13171,201,TRUE,0.176,,2026-10-05T05:37:40+00:00,198,non_flood/다운로드 (36) 3.jpg,non_flood,8ae6c5d304ced95a61c6567b5c88ddfc5e319f0e3a5ec72dea7e133aa076ef0f,JPEG,JPEG,1,1,,,TRUE
4G,5000,50,compressed,199,화면 캡처 2025-03-05 175927.jpg,43528,44629,201,TRUE,0.29,,2026-10-05T05:37:40+00:00,199,non_flood/화면 캡처 2025-03-05 175927.jpg,non_flood,0565699f292d6f6e0deb526642cc69d3d067a9e934582eabafbccc3d6d0f1bf2,JPEG,JPEG,1,1,,,TRUE
4G,5000,50,compressed,200,13382_13779_4019.jpg,33319,34420,201,TRUE,0.237,,2026-10-05T05:37:40+00:00,200,non_flood/13382_13779_4019.jpg,non_flood,6bd6b42bf3dd5e44c475fddcbc9bd6a880a64bfdee58ca7722e49b94de5ee4da,JPEG,JPEG,1,1,,,TRUE
4G,5000,50,compressed,201,RPR20231226002000353_01_i.jpg,19658,20759,201,TRUE,0.168,,2026-10-05T05:37:41+00:00,201,non_flood/RPR20231226002000353_01_i.jpg,non_flood,28246d242467856c88fbbfd1bafe4924c405331e349aa0a9e8e2814e688afd88,JPEG,JPEG,1,1,,,TRUE
4G,5000,50,compressed,202,다운로드 (34) 3.jpg,11291,12392,201,TRUE,0.18,,2026-10-05T05:37:41+00:00,202,non_flood/다운로드 (34) 3.jpg,non_flood,568d0b9bf261a2e4fe2afb600416d3eb532f928e57b1d059acfe3a177bbd57f0,JPEG,JPEG,1,1,,,TRUE
4G,5000,50,compressed,203,화면 캡처 2025-03-05 174358.jpg,49747,50848,201,TRUE,0.308,,2026-10-05T05:37:41+00:00,203,non_flood/화면 캡처 2025-03-05 174358.jpg,non_flood,1c7d8c2b8440637fbcec5baaba40642f2e3b0540590cc8a0ac8db672f478cfc7,JPEG,JPEG,1,1,,,TRUE
4G,5000,50,compressed,204,images (62).jpg,17065,18166,201,TRUE,0.211,,2026-10-05T05:37:41+00:00,204,non_flood/images (62).jpg,non_flood,9e03661c93bf0f0f3dd70ccf7f7cfd62cdba0694c8359fef3021f6f2ab3f3b83,JPEG,JPEG,1,1,,,TRUE
4G,5000,50,compressed,205,images - 2025-01-28T184436.464.jpg,7672,8771,201,TRUE,0.159,,2026-10-05T05:37:42+00:00,205,non_flood/images - 2025-01-28T184436.464.jpg,non_flood,31ddc209d0f2ff99b445870e708cc8becebb5adbc5c90504371e9c9a76f06d88,JPEG,JPEG,1,1,,,TRUE
4G,5000,50,compressed,206,다운로드 (36).jpg,8305,9404,201,TRUE,0.18,,2026-10-05T05:37:42+00:00,206,non_flood/다운로드 (36).jpg,non_flood,3d946dfc7512149170bac99b129a06a6587fdc1ce7c057a3f609a89adfc665ee,JPEG,JPEG,1,1,,,TRUE
4G,5000,50,compressed,207,화면 캡처 2025-03-05 182737.jpg,39259,40360,201,TRUE,0.27,,2026-10-05T05:37:42+00:00,207,non_flood/화면 캡처 2025-03-05 182737.jpg,non_flood,a456c939a5253ff3dd25bd0706ecf353ff0b5f5ff0c9d1e99bb3cf05487c3f28,JPEG,JPEG,1,1,,,TRUE
4G,5000,50,compressed,208,20230113501845.jpg,74439,75540,201,TRUE,0.314,,2026-10-05T05:37:42+00:00,208,non_flood/20230113501845.jpg,non_flood,c06f0a8a109f0b9c110eea5d3caf05bd439e812ecb451bd34a083e1279173fe7,JPEG,JPEG,1,1,,,TRUE
4G,5000,50,compressed,209,화면 캡처 2025-03-05 151816.jpg,41277,42378,201,TRUE,0.271,,2026-10-05T05:37:43+00:00,209,non_flood/화면 캡처 2025-03-05 151816.jpg,non_flood,102ada76b9fd2f4eebcdc6faf911ae294692c86d69b8149475c65dc4a821aa32,JPEG,JPEG,1,1,,,TRUE
4G,5000,50,compressed,210,다운로드 (41).jpg,12758,13859,201,TRUE,0.199,,2026-10-05T05:37:43+00:00,210,non_flood/다운로드 (41).jpg,non_flood,93ba76f76448bf9350f289fdae38183912d3e0dedb86321977ac4b74e0eccfc4,JPEG,JPEG,1,1,,,TRUE
4G,5000,50,compressed,211,images (18).jpg,14539,15640,201,TRUE,0.172,,2026-10-05T05:37:43+00:00,211,non_flood/images (18).jpg,non_flood,aff1fa1abd5f77fdd2ea5a26bb583771680c48c1bd64720bfa5a9a61012c0ac8,JPEG,JPEG,1,1,,,TRUE
4G,5000,50,compressed,212,20180405_152525.jpg,59381,60482,201,TRUE,0.312,,2026-10-05T05:37:43+00:00,212,non_flood/20180405_152525.jpg,non_flood,25eb26aff4ee22251f3b24147b467f4a4d39333ff64c9611b65063054d18d120,JPEG,JPEG,1,1,,,TRUE
4G,5000,50,compressed,213,화면 캡처 2025-03-05 164255.jpg,20402,21503,201,TRUE,0.196,,2026-10-05T05:37:44+00:00,213,non_flood/화면 캡처 2025-03-05 164255.jpg,non_flood,33c16a1a474295f7a31cc57648004d03eb04d2878e9f358250722c237528cd04,JPEG,JPEG,1,1,,,TRUE
4G,5000,50,compressed,214,다운로드 (23).jpg,18679,19780,201,TRUE,0.19,,2026-10-05T05:37:44+00:00,214,non_flood/다운로드 (23).jpg,non_flood,c11157a4e5d6142a6cf64acf9448d948dc814160ff2ec431734692861bda5a95,JPEG,JPEG,1,1,,,TRUE
4G,5000,50,compressed,215,화면 캡처 2025-03-05 152904.jpg,36470,37571,201,TRUE,0.26,,2026-10-05T05:37:44+00:00,215,non_flood/화면 캡처 2025-03-05 152904.jpg,non_flood,491cfa836d07fdb755e12495203d84dee0d937f82cd29e582eb569d7e5abc771,JPEG,JPEG,1,1,,,TRUE
4G,5000,50,compressed,216,images - 2025-01-28T184427.744.jpg,9346,10446,201,TRUE,0.143,,2026-10-05T05:37:44+00:00,216,non_flood/images - 2025-01-28T184427.744.jpg,non_flood,e6d4712ee1e188f41d9179607bc46ed14c0681f69a5edd8d77ed619b9c4d6f7f,JPEG,JPEG,1,1,,,TRUE
4G,5000,50,compressed,217,화면 캡처 2025-03-05 172144.jpg,30524,31625,201,TRUE,0.241,,2026-10-05T05:37:44+00:00,217,non_flood/화면 캡처 2025-03-05 172144.jpg,non_flood,67d6ad153034a81055741535ba0bdc53ff8e80076d90d512f42c10a76686d60e,JPEG,JPEG,1,1,,,TRUE
4G,5000,50,compressed,218,다운로드 (53) 3.jpg,14193,15294,201,TRUE,0.178,,2026-10-05T05:37:45+00:00,218,non_flood/다운로드 (53) 3.jpg,non_flood,bac90bc594d2f060fd10ae095378c20d68e6565d54a1e3cc841b2ec094b869de,JPEG,JPEG,1,1,,,TRUE
4G,5000,50,compressed,219,images - 2025-01-28T184942.058.jpg,10498,11599,201,TRUE,0.163,,2026-10-05T05:37:45+00:00,219,non_flood/images - 2025-01-28T184942.058.jpg,non_flood,cebc0d1cbc0ede1e75a7d4765af70a7bb5d44a651f831d11eeccc6f9ef18ffed,JPEG,JPEG,1,1,,,TRUE
4G,5000,50,compressed,220,화면 캡처 2025-03-05 152054.jpg,43155,44256,201,TRUE,0.241,,2026-10-05T05:37:45+00:00,220,non_flood/화면 캡처 2025-03-05 152054.jpg,non_flood,b23bcf8d9814ddc38d73eb269f0be25f0dcc9626cc9a928bb116197859b3b29a,JPEG,JPEG,1,1,,,TRUE
4G,5000,50,compressed,221,img (2).jpg,226249,227352,201,TRUE,0.685,,2026-10-05T05:37:46+00:00,221,non_flood/img (2).jpg,non_flood,ee879ba624faad0000bc7ae69d2bd8b2fca0d4fc159a181fe7a067a59260d156,JPEG,JPEG,1,1,,,TRUE
4G,5000,50,compressed,222,화면 캡처 2025-03-05 175626.jpg,40165,41266,201,TRUE,0.253,,2026-10-05T05:37:46+00:00,222,non_flood/화면 캡처 2025-03-05 175626.jpg,non_flood,d9e510c3f2f2d13008fde01e8e520872122d0cc49de5a5ba5f8bab1bcf183cda,JPEG,JPEG,1,1,,,TRUE
4G,5000,50,compressed,223,다운로드 (27).jpg,221175,222278,201,TRUE,0.793,,2026-10-05T05:37:47+00:00,223,non_flood/다운로드 (27).jpg,non_flood,e78be2b8fc5aea406725fab8f457a9ab79e4413b64e383634d419379d0a64a46,JPEG,JPEG,1,1,,,TRUE
4G,5000,50,compressed,224,화면 캡처 2025-03-05 153850.jpg,29179,30280,201,TRUE,0.23,,2026-10-05T05:37:47+00:00,224,non_flood/화면 캡처 2025-03-05 153850.jpg,non_flood,8ed7fe227b6d8a8b890838876b2de8a28c844c7126f2a0d93e626f2387d816a6,JPEG,JPEG,1,1,,,TRUE
4G,5000,50,compressed,225,images (5)1.jpg,16815,17916,201,TRUE,0.211,,2026-10-05T05:37:47+00:00,225,non_flood/images (5)1.jpg,non_flood,dae6acca79cb320bd3449d590ccaec16e2c839a431e6ca62911486a65050eab0,JPEG,JPEG,1,1,,,TRUE
4G,5000,50,compressed,226,827778_739893_3348.jpg,44851,45952,201,TRUE,0.256,,2026-10-05T05:37:47+00:00,226,non_flood/827778_739893_3348.jpg,non_flood,909c28dfd1ea66f00fcbe72947317e577655cc349a5689b330e5205e0aab2127,JPEG,JPEG,1,1,,,TRUE
4G,5000,50,compressed,227,화면 캡처 2025-03-05 182805.jpg,32292,33393,201,TRUE,0.265,,2026-10-05T05:37:48+00:00,227,non_flood/화면 캡처 2025-03-05 182805.jpg,non_flood,4637c31d11cb1fe03de357d94fc697479efc2e20be74922ee372ab6b20c2dca0,JPEG,JPEG,1,1,,,TRUE
4G,5000,50,compressed,228,화면 캡처 2025-03-05 153835.jpg,33312,34413,201,TRUE,0.172,,2026-10-05T05:37:48+00:00,228,non_flood/화면 캡처 2025-03-05 153835.jpg,non_flood,a37bc97411cb7ac6c602b638a4ae161ec2d7ac8a4355b236c42eac10ef10f277,JPEG,JPEG,1,1,,,TRUE
4G,5000,50,compressed,229,다운로드 (17).jpg,14736,15837,201,TRUE,0.194,,2026-10-05T05:37:48+00:00,229,non_flood/다운로드 (17).jpg,non_flood,10b48951d5016b1dbf60509c17f62c2647a902444531028666d61f165a110771,JPEG,JPEG,1,1,,,TRUE
4G,5000,50,compressed,230,화면 캡처 2025-03-05 153232.jpg,34060,35161,201,TRUE,0.226,,2026-10-05T05:37:48+00:00,230,non_flood/화면 캡처 2025-03-05 153232.jpg,non_flood,c9e1a30f343094122869eff21dbfe7caaf3ab27b79b75f9fe581eeeb54027375,JPEG,JPEG,1,1,,,TRUE
4G,5000,50,compressed,231,1789568749518_282700609501588260_7406490438318140161_457e5b27ff82f5cc09a9054090d4d3c2.jpg,119716,120819,201,TRUE,0.442,,2026-10-05T05:37:49+00:00,231,non_flood/1789568749518_282700609501588260_7406490438318140161_457e5b27ff82f5cc09a9054090d4d3c2.jpg,non_flood,6f8a2b1e3bac95e251969c5917f1e9efd101db672b064d01404e978bf759aab4,JPEG,JPEG,1,1,,,TRUE
4G,5000,50,compressed,232,1789568754305_282700609501588260_7406490438318140161_d8a8d242988605b04d1ce450fe6b34f8.jpg,279095,280198,201,TRUE,0.898,,2026-10-05T05:37:50+00:00,232,non_flood/1789568754305_282700609501588260_7406490438318140161_d8a8d242988605b04d1ce450fe6b34f8.jpg,non_flood,7307e294c31f83de713f169ec3b7f14fbf73b87c78d059b45be2a3f57a9d72ce,JPEG,JPEG,1,1,,,TRUE
4G,5000,50,compressed,233,AKR20211228058800052_01_i_P4.jpg,61893,62994,201,TRUE,0.32,,2026-10-05T05:37:50+00:00,233,non_flood/AKR20211228058800052_01_i_P4.jpg,non_flood,335da6829f7048e60a42a406f54985c7d1132dfd769137c48965aacc601b4128,JPEG,JPEG,1,1,,,TRUE
4G,5000,50,compressed,234,images (1)1.jpg,18205,19306,201,TRUE,0.188,,2026-10-05T05:37:50+00:00,234,non_flood/images (1)1.jpg,non_flood,dfd2bf25abb8eff1566c1e6ff4ab87eb832382ac1a5a49549e1b0fe0b9a63cb4,JPEG,JPEG,1,1,,,TRUE
4G,5000,50,compressed,235,화면 캡처 2025-03-05 175914.jpg,49975,51076,201,TRUE,0.298,,2026-10-05T05:37:51+00:00,235,non_flood/화면 캡처 2025-03-05 175914.jpg,non_flood,ec30de984e565a34847944157425ede963aa0be23b065b3732eb9597ac76b1c9,JPEG,JPEG,1,1,,,TRUE
4G,5000,50,compressed,236,화면 캡처 2025-03-05 152437.jpg,31730,32831,201,TRUE,0.23,,2026-10-05T05:37:51+00:00,236,non_flood/화면 캡처 2025-03-05 152437.jpg,non_flood,2c620cd0c3d694d5119d85883fd7b23642f08ce0eb03ca21766e5c11224132a8,JPEG,JPEG,1,1,,,TRUE
4G,5000,50,compressed,237,1789568749196_282700609501588260_7406490438318140161_1c6009c2a77bfa996d8a4d22d9c3fd58.jpg,137253,138356,201,TRUE,0.496,,2026-10-05T05:37:51+00:00,237,non_flood/1789568749196_282700609501588260_7406490438318140161_1c6009c2a77bfa996d8a4d22d9c3fd58.jpg,non_flood,fa24d60c34be44fb934a934be05686d66907d81619216b140be5bd63c6439fe9,JPEG,JPEG,1,1,,,TRUE
4G,5000,50,compressed,238,img (1).jpg,145136,146239,201,TRUE,0.524,,2026-10-05T05:37:52+00:00,238,non_flood/img (1).jpg,non_flood,2c2088de1756cd1bc0e55d300d928af8b493d59df562e46be9c70c4263716bc2,JPEG,JPEG,1,1,,,TRUE
4G,5000,50,compressed,239,202309111114430145_l.jpg,46953,48054,201,TRUE,0.289,,2026-10-05T05:37:52+00:00,239,non_flood/202309111114430145_l.jpg,non_flood,0fb3a939767b0614bb5786a4f2d77661b71f316fe2cc9e2af3c0ef24d967eba5,JPEG,JPEG,1,1,,,TRUE
4G,5000,50,compressed,240,화면 캡처 2025-03-05 180321.jpg,42517,43618,201,TRUE,0.242,,2026-10-05T05:37:52+00:00,240,non_flood/화면 캡처 2025-03-05 180321.jpg,non_flood,9b63b57d9357dda36bab30f1bc0b45f80c734278fbc5fda7e490cbadde5e9837,JPEG,JPEG,1,1,,,TRUE
4G,5000,50,compressed,241,6.jpg,130798,131901,201,TRUE,0.49,,2026-10-05T05:37:53+00:00,241,non_flood/6.jpg,non_flood,c441af2946491166eb9a5c7a7ed9f49d47015d134c3e3290fe4746ba81eee258,PNG,JPEG,1,1,,,TRUE
4G,5000,50,compressed,242,images (28)1.jpg,13903,15004,201,TRUE,0.198,,2026-10-05T05:37:53+00:00,242,non_flood/images (28)1.jpg,non_flood,133ce5159193385fc30a15f207f7b085563f9f513765aa6d9db1527ff27d1e50,JPEG,JPEG,1,1,,,TRUE
4G,5000,50,compressed,243,images - 2025-01-28T164753.512.jpg,6615,7714,201,TRUE,0.147,,2026-10-05T05:37:53+00:00,243,non_flood/images - 2025-01-28T164753.512.jpg,non_flood,7b6a9c9dcaf36ed2edb0e435c1cbaffd8635cb82a1d1859270f3784b76dc232c,JPEG,JPEG,1,1,,,TRUE
4G,5000,50,compressed,244,images (68).jpg,12790,13891,201,TRUE,0.193,,2026-10-05T05:37:53+00:00,244,non_flood/images (68).jpg,non_flood,d567a330f9aae5ae4244d9c33131d265796c8b1f4c5b6f5418c96e4071dcb032,JPEG,JPEG,1,1,,,TRUE
4G,5000,50,compressed,245,화면 캡처 2025-03-05 153618.jpg,48503,49604,201,TRUE,0.292,,2026-10-05T05:37:54+00:00,245,non_flood/화면 캡처 2025-03-05 153618.jpg,non_flood,43e12f9c4c083131170e11f2d8982e9a4d0f854c0bca00f22be32a3cf44a28e7,JPEG,JPEG,1,1,,,TRUE
4G,5000,50,compressed,246,1789568749222_282700609501588260_7406490438318140161_252d56e682395c7bebf8921689643574.jpg,94468,95569,201,TRUE,0.39,,2026-10-05T05:37:54+00:00,246,non_flood/1789568749222_282700609501588260_7406490438318140161_252d56e682395c7bebf8921689643574.jpg,non_flood,de50feeb6fbbfce20c858b922e4c2b64a9db5cf8ce52fb254307a24842e778c5,JPEG,JPEG,1,1,,,TRUE
4G,5000,50,compressed,247,다운로드 (26) 3.jpg,12546,13647,201,TRUE,0.18,,2026-10-05T05:37:54+00:00,247,non_flood/다운로드 (26) 3.jpg,non_flood,de0b95d4b98a14825822659307248874d03101858f644f9721cec72b9101bbe5,JPEG,JPEG,1,1,,,TRUE
4G,5000,50,compressed,248,다운로드 (28) 3.jpg,12169,13270,201,TRUE,0.195,,2026-10-05T05:37:54+00:00,248,non_flood/다운로드 (28) 3.jpg,non_flood,6a97c90bfae9e3a4ee39e7a5c7fe2b75b4fe6a3e400b2a09afac18a275f41cae,JPEG,JPEG,1,1,,,TRUE
4G,5000,50,compressed,249,1000_F_456742052_YudLlJwZCJdCGsCjS95JW1leO2jQrZcp.jpg,117891,118994,201,TRUE,0.511,,2026-10-05T05:37:55+00:00,249,non_flood/1000_F_456742052_YudLlJwZCJdCGsCjS95JW1leO2jQrZcp.jpg,non_flood,782a4aa7d354dceb8d634480c647446953b8c04939dbd8a5ed8139b09f7c4157,JPEG,JPEG,1,1,,,TRUE
4G,5000,50,compressed,250,다운로드 (38) 3.jpg,10702,11803,201,TRUE,0.176,,2026-10-05T05:37:55+00:00,250,non_flood/다운로드 (38) 3.jpg,non_flood,33e834881a9e0e7ca027b9b8d2ac0f4ff9427e6d5bfe69ea0749c9b8c7188764,JPEG,JPEG,1,1,,,TRUE
4G,5000,50,compressed,251,20200212_134749.jpg,84338,85439,201,TRUE,0.359,,2026-10-05T05:37:56+00:00,251,non_flood/20200212_134749.jpg,non_flood,e8abcc77cfebf041681d602996e778ec393b201771d2b254574f0e69605d5ddb,JPEG,JPEG,1,1,,,TRUE
4G,5000,50,compressed,252,화면 캡처 2025-03-05 182937.jpg,30695,31796,201,TRUE,0.244,,2026-10-05T05:37:56+00:00,252,non_flood/화면 캡처 2025-03-05 182937.jpg,non_flood,8f01696570c558df42bd56f0e1b7a47c082f769ccad329ef34ab30faa3f60f82,JPEG,JPEG,1,1,,,TRUE
4G,5000,50,compressed,253,화면 캡처 2025-03-05 172154.jpg,31520,32621,201,TRUE,0.243,,2026-10-05T05:37:56+00:00,253,non_flood/화면 캡처 2025-03-05 172154.jpg,non_flood,f6fcb35702106630aad2a2728d5b82efd38162f3e9cf517455d74a5d23278b12,JPEG,JPEG,1,1,,,TRUE
4G,5000,50,compressed,254,화면 캡처 2025-03-05 172249.jpg,30597,31698,201,TRUE,0.234,,2026-10-05T05:37:56+00:00,254,non_flood/화면 캡처 2025-03-05 172249.jpg,non_flood,e23a2f32ccc399fb02b93fab72cd958f47f6bb4c22de82a938af7a41d6ce383a,JPEG,JPEG,1,1,,,TRUE
4G,5000,50,compressed,255,images (6).jpg,11639,12740,201,TRUE,0.182,,2026-10-05T05:37:56+00:00,255,non_flood/images (6).jpg,non_flood,134ad7a13637047c799be13d45bc3b1da685a64bc561af6f8a61c48f96183817,JPEG,JPEG,1,1,,,TRUE
4G,5000,50,compressed,256,다운로드 (20).jpg,10935,12036,201,TRUE,0.153,,2026-10-05T05:37:57+00:00,256,non_flood/다운로드 (20).jpg,non_flood,17cc0160b5cdbc2eb9a64b4d744148a135d43c44e6c1681297b514b6ac9f7e47,JPEG,JPEG,1,1,,,TRUE
4G,5000,50,compressed,257,화면 캡처 2025-03-05 181325.jpg,39113,40214,201,TRUE,0.249,,2026-10-05T05:37:57+00:00,257,non_flood/화면 캡처 2025-03-05 181325.jpg,non_flood,3ec886093348c65fb61f3249fd6060dbb373656412257f12bb9470c0e1de996d,JPEG,JPEG,1,1,,,TRUE
4G,5000,50,original,1,images - 2025-01-28T184849.878.jpg,12316,13415,201,TRUE,0.196,,2026-10-05T05:37:57+00:00,1,low/images - 2025-01-28T184849.878.jpg,low,627c22c607ef478c79ea55e107f001691ab8ed53f6c54afdb050abe5682b7023,JPEG,JPEG,1,1,,,TRUE
4G,5000,50,original,2,images - 2025-01-28T151941.007.jpg,11206,12305,201,TRUE,0.173,,2026-10-05T05:37:57+00:00,2,low/images - 2025-01-28T151941.007.jpg,low,5f0113ce019bca0d49e4a8f877b9b7bfb1a0d1ffcc2c4e07281f217530db5311,JPEG,JPEG,1,1,,,TRUE
4G,5000,50,original,3,images - 2025-01-28T184423.521.jpg,2798,3895,201,TRUE,0.163,,2026-10-05T05:37:57+00:00,3,low/images - 2025-01-28T184423.521.jpg,low,bd922bb16c58fc71516ec9d7b5c1d93fb321d00de871e7ce760bf988adbba2d1,JPEG,JPEG,1,1,,,TRUE
4G,5000,50,original,4,다운로드 (26).jpg,7386,8483,201,TRUE,0.156,,2026-10-05T05:37:58+00:00,4,low/다운로드 (26).jpg,low,8e49e8cfc10b1dac0f9007397fa30102f7fea32177ece824c7644737972900ce,JPEG,JPEG,1,1,,,TRUE
4G,5000,50,original,5,images - 2025-01-28T151753.297.jpg,11180,12279,201,TRUE,0.162,,2026-10-05T05:37:58+00:00,5,low/images - 2025-01-28T151753.297.jpg,low,8a69d9e6278cb6a11e63a0539c222a18d45a3c9f836d5931fff6de5bb82647d8,JPEG,JPEG,1,1,,,TRUE
4G,5000,50,original,6,10360-2-13961.jpg,127381,128482,201,TRUE,0.46,,2026-10-05T05:37:58+00:00,6,low/10360-2-13961.jpg,low,6471c406a970b2a0c56e05f2d4ed42dc78000ffb9270c7b845f4538095efef97,JPEG,JPEG,1,1,,,TRUE
4G,5000,50,original,7,images - 2025-01-28T164625.541.jpg,6883,7980,201,TRUE,0.158,,2026-10-05T05:37:58+00:00,7,low/images - 2025-01-28T164625.541.jpg,low,910e7541da110f5fd52f2faf3d5df3773f3c6a8325667b69b6bfac1109c36c4a,JPEG,JPEG,1,1,,,TRUE
4G,5000,50,original,8,images - 2025-01-28T163206.341.jpg,7352,8449,201,TRUE,0.142,,2026-10-05T05:37:59+00:00,8,low/images - 2025-01-28T163206.341.jpg,low,ce4daf7e801563c1ff173822486ce9ef7d57a394370159ff4c8d028d9c4c3315,JPEG,JPEG,1,1,,,TRUE
4G,5000,50,original,9,images - 2025-01-28T152038.912.jpg,12202,13301,201,TRUE,0.175,,2026-10-05T05:37:59+00:00,9,low/images - 2025-01-28T152038.912.jpg,low,5b080e1cef380726476f73b0aa9611e1b960d63b67c5f6590a9516fa4a56e781,JPEG,JPEG,1,1,,,TRUE
4G,5000,50,original,10,images - 2025-01-28T153916.966.jpg,10807,11906,201,TRUE,0.159,,2026-10-05T05:37:59+00:00,10,low/images - 2025-01-28T153916.966.jpg,low,f3feffaad630b6c5c07331468d12eb786d3fa1eff1094150cd2add6d7e2a5622,JPEG,JPEG,1,1,,,TRUE
4G,5000,50,original,11,images - 2025-01-28T162916.619.jpg,7945,9042,201,TRUE,0.173,,2026-10-05T05:37:59+00:00,11,low/images - 2025-01-28T162916.619.jpg,low,37191e0f372cf8e2f989db33a05227a3bb392a945a33101a9ee99c43e1b61a11,JPEG,JPEG,1,1,,,TRUE
4G,5000,50,original,12,images - 2025-01-28T162724.362.jpg,9844,10942,201,TRUE,0.17,,2026-10-05T05:37:59+00:00,12,low/images - 2025-01-28T162724.362.jpg,low,522ae358a781adfa05ea28cf94069fd8529c8f93241716587e2d26645ccbabd8,JPEG,JPEG,1,1,,,TRUE
4G,5000,50,original,13,images - 2025-01-28T155350.781.jpg,10373,11472,201,TRUE,0.171,,2026-10-05T05:37:59+00:00,13,low/images - 2025-01-28T155350.781.jpg,low,45ea68dd2c16bca052d27d42b62ff743ecd20bb27e0e18696162cb2370691cc3,JPEG,JPEG,1,1,,,TRUE
4G,5000,50,original,14,images (59).jpg,8778,9875,201,TRUE,0.127,,2026-10-05T05:38:00+00:00,14,low/images (59).jpg,low,8e6dbf6872b45499a89e3dace6e33843fa985c6cc64b71396185da03cc52acfa,JPEG,JPEG,1,1,,,TRUE
4G,5000,50,original,15,image_9946309791508995980052.jpg,116902,118003,201,TRUE,0.399,,2026-10-05T05:38:00+00:00,15,low/image_9946309791508995980052.jpg,low,004188df1dea3d799e7a2c72e3e18b48406182dc1040d6f33ac325e69a2346e3,JPEG,JPEG,1,1,,,TRUE
4G,5000,50,original,16,images - 2025-01-28T151819.441.jpg,10796,11895,201,TRUE,0.154,,2026-10-05T05:38:00+00:00,16,low/images - 2025-01-28T151819.441.jpg,low,0e7fa7e909dad9499bc66f079b7321ed3149daa2becccd015371f693bc4e8271,JPEG,JPEG,1,1,,,TRUE
4G,5000,50,original,17,611212110012634149_1.jpg,82227,83326,201,TRUE,0.394,,2026-10-05T05:38:01+00:00,17,low/611212110012634149_1.jpg,low,45e44d7c5ab7f92be0542ab4eba296e772ab9194ae7d75c0dccffbbd067d8b09,JPEG,JPEG,1,1,,,TRUE
4G,5000,50,original,18,images - 2025-01-28T154010.314.jpg,8212,9309,201,TRUE,0.14,,2026-10-05T05:38:01+00:00,18,low/images - 2025-01-28T154010.314.jpg,low,36d3870b9c93c429d8f3323a300793e1684348f5f926c9e91be6ec6ba42090c7,JPEG,JPEG,1,1,,,TRUE
4G,5000,50,original,19,images - 2025-01-28T164648.101.jpg,6418,7515,201,TRUE,0.164,,2026-10-05T05:38:01+00:00,19,low/images - 2025-01-28T164648.101.jpg,low,c2efc1e04993962fc74094c7478fb291237307abc74a11df00334fdfbd188dbd,JPEG,JPEG,1,1,,,TRUE
4G,5000,50,original,20,images (54).jpg,4660,5757,201,TRUE,0.157,,2026-10-05T05:38:01+00:00,20,low/images (54).jpg,low,603f1f9a482a3006952b159cda920bd8ed049209b34a50884f6b119685e131f8,JPEG,JPEG,1,1,,,TRUE
4G,5000,50,original,21,AKR20240912005700084_14_i_P2.jpg,139130,140231,201,TRUE,0.495,,2026-10-05T05:38:02+00:00,21,low/AKR20240912005700084_14_i_P2.jpg,low,c4482010e40a042da2e83fd3c95bbf9c0712183a7770292863fa9417301f4861,JPEG,JPEG,1,1,,,TRUE
4G,5000,50,original,22,images (87).jpg,6295,7392,201,TRUE,0.183,,2026-10-05T05:38:02+00:00,22,low/images (87).jpg,low,17e7c86fb13f0323a5c1d3be805646c59eec59d5beaea2658d297c0d3373e74b,JPEG,JPEG,1,1,,,TRUE
4G,5000,50,original,23,0f569675-81fe-4a2b-a287-d2bd795d43ba.jpg,44317,45416,201,TRUE,0.26,,2026-10-05T05:38:02+00:00,23,low/0f569675-81fe-4a2b-a287-d2bd795d43ba.jpg,low,c81707abf5a85406bc2d94929967233a92a9306ae95f498d747d5f7752f7b902,JPEG,JPEG,1,1,,,TRUE
4G,5000,50,original,24,다운로드 (9).jpg,10859,11958,201,TRUE,0.167,,2026-10-05T05:38:02+00:00,24,low/다운로드 (9).jpg,low,5df85c890ea4a636469d83b37c1af9cbc748052677e24a7db858ee48e001958c,JPEG,JPEG,1,1,,,TRUE
4G,5000,50,original,25,images - 2025-01-28T185206.840.jpg,7722,8819,201,TRUE,0.161,,2026-10-05T05:38:02+00:00,25,low/images - 2025-01-28T185206.840.jpg,low,6228c1195a7fcd5d74faaea2760e62b51c03ca564ccb0283b455af8570496bee,JPEG,JPEG,1,1,,,TRUE
4G,5000,50,original,26,화면 캡처 2025-03-05 165818.jpg,46304,47403,201,TRUE,0.258,,2026-10-05T05:38:03+00:00,26,low/화면 캡처 2025-03-05 165818.jpg,low,a16ebe8d0133bc9197eccfeb7d04f98d3305ef0b54f63e1ed8e9d3b8e0ad2617,JPEG,JPEG,1,1,,,TRUE
4G,5000,50,original,27,images - 2025-01-28T154337.022.jpg,9541,10639,201,TRUE,0.14,,2026-10-05T05:38:03+00:00,27,low/images - 2025-01-28T154337.022.jpg,low,3621b715c4382601bd8cc43d18a16fcd9365f45d719b87e48af40fb2f8b0eca7,JPEG,JPEG,1,1,,,TRUE
4G,5000,50,original,28,images - 2025-01-28T164652.242.jpg,10095,11194,201,TRUE,0.16,,2026-10-05T05:38:03+00:00,28,low/images - 2025-01-28T164652.242.jpg,low,61bbb7fe51bc1382fc36cf77c2b73775a0a246084d6feb061712fd1be4fff869,JPEG,JPEG,1,1,,,TRUE
4G,5000,50,original,29,images - 2025-01-28T162955.160.jpg,9905,11003,201,TRUE,0.18,,2026-10-05T05:38:03+00:00,29,low/images - 2025-01-28T162955.160.jpg,low,1b302964ed960ca3a241f951926093e59174f5d18c0b37a222855ac08e6956d7,JPEG,JPEG,1,1,,,TRUE
4G,5000,50,original,30,images - 2025-01-28T154225.875.jpg,5133,6230,201,TRUE,0.167,,2026-10-05T05:38:03+00:00,30,low/images - 2025-01-28T154225.875.jpg,low,2b6e1e23e9f6ff7c8f932f4404730b4ecdd6fd9b25b17db4b3169295d653cdf1,JPEG,JPEG,1,1,,,TRUE
4G,5000,50,original,31,images (15) 2.jpg,11774,12873,201,TRUE,0.179,,2026-10-05T05:38:03+00:00,31,low/images (15) 2.jpg,low,42a5648cd763317c8064e73ce7a8af65cf545a2783580afb80f5e540f69bc858,JPEG,JPEG,1,1,,,TRUE
4G,5000,50,original,32,00-276.jpg,60274,61373,201,TRUE,0.281,,2026-10-05T05:38:04+00:00,32,low/00-276.jpg,low,4a5b33b50f2ee942035dee793f948a2e4e7f67aa117904e8dcb845205c91e1ff,JPEG,JPEG,1,1,,,TRUE
4G,5000,50,original,33,다운로드 (1).jpg,12728,13827,201,TRUE,0.179,,2026-10-05T05:38:04+00:00,33,low/다운로드 (1).jpg,low,8d60b77a9b72f390a27542b8465cb0466f5822cc53583d17bba89c6b36cc7d9c,JPEG,JPEG,1,1,,,TRUE
4G,5000,50,original,34,다운로드 (55).jpg,12566,13665,201,TRUE,0.199,,2026-10-05T05:38:04+00:00,34,low/다운로드 (55).jpg,low,727e6934838d73713fd5680aa6825c4c45ec12e3a8927f05d322de39adacd73d,JPEG,JPEG,1,1,,,TRUE
4G,5000,50,original,35,images - 2025-01-28T164829.543.jpg,7436,8533,201,TRUE,0.176,,2026-10-05T05:38:04+00:00,35,low/images - 2025-01-28T164829.543.jpg,low,7179a8b265946063e758d20acaa77ee8e110b6d3e141ca7d703db63e145256a1,JPEG,JPEG,1,1,,,TRUE
4G,5000,50,original,36,images - 2025-01-28T155549.589.jpg,7592,8689,201,TRUE,0.179,,2026-10-05T05:38:05+00:00,36,low/images - 2025-01-28T155549.589.jpg,low,6244cdd6c0edfe22c5952588894aa08869241d031569c86fdce429f18753f322,JPEG,JPEG,1,1,,,TRUE
4G,5000,50,original,37,다운로드 (46).jpg,5488,6585,201,TRUE,0.174,,2026-10-05T05:38:05+00:00,37,low/다운로드 (46).jpg,low,7f2b0f743bc087d93641e7ed726bdba3d3384d89d3c579272c3c2adb58bd7f38,JPEG,JPEG,1,1,,,TRUE
4G,5000,50,original,38,images - 2025-01-28T164746.970.jpg,7684,8781,201,TRUE,0.171,,2026-10-05T05:38:05+00:00,38,low/images - 2025-01-28T164746.970.jpg,low,257241bb1a41503ca4e3473135a35ccfe89377ad19bc03d86acfcdf04c1fd04e,JPEG,JPEG,1,1,,,TRUE
4G,5000,50,original,39,images - 2025-01-28T185020.777.jpg,2481,3578,201,TRUE,0.161,,2026-10-05T05:38:05+00:00,39,low/images - 2025-01-28T185020.777.jpg,low,ffb1ec4da5b736da8737cd08b7fd7151a850e239fe1d35f9beb3b1a16c7bd202,JPEG,JPEG,1,1,,,TRUE
4G,5000,50,original,40,다운로드 (22).jpg,9070,10167,201,TRUE,0.177,,2026-10-05T05:38:05+00:00,40,low/다운로드 (22).jpg,low,e1dfc556a80e773bf1f1e3b61cb7ae583d59f2076ae7a8c535500670c82de27b,JPEG,JPEG,1,1,,,TRUE
4G,5000,50,original,41,images (37).jpg,11893,12992,201,TRUE,0.195,,2026-10-05T05:38:05+00:00,41,low/images (37).jpg,low,9b946ad1758501c74a140ee2e4f9789598a5d5295c956bf0e8e280805f794205,JPEG,JPEG,1,1,,,TRUE
4G,5000,50,original,42,noise (2).jpg,38393,39492,201,TRUE,0.266,,2026-10-05T05:38:06+00:00,42,low/noise (2).jpg,low,c6ff296ef4fd9aa096d5af20edf68e6c94a34fff61edfc6316b25142bd37cc4b,JPEG,JPEG,1,1,,,TRUE
4G,5000,50,original,43,images - 2025-01-28T163118.084.jpg,10369,11468,201,TRUE,0.151,,2026-10-05T05:38:06+00:00,43,low/images - 2025-01-28T163118.084.jpg,low,a299fe9fa37c2e607bd62439d742f9f3bc7d9901c9e99c97394343d0713f4081,JPEG,JPEG,1,1,,,TRUE
4G,5000,50,original,44,화면 캡처 2025-03-05 163951.jpg,61979,63078,201,TRUE,0.323,,2026-10-05T05:38:06+00:00,44,low/화면 캡처 2025-03-05 163951.jpg,low,75f31a48a4346e254922a4eeab72b30456bc9d47b5e88b0b215e2f75b0f79541,JPEG,JPEG,1,1,,,TRUE
4G,5000,50,original,45,a-1697518992.jpg,96754,97853,201,TRUE,0.413,,2026-10-05T05:38:07+00:00,45,low/a-1697518992.jpg,low,3289d204c8e03d8944248936bc454d5aea5b59bc41a1b96269125c2ab581cd07,JPEG,JPEG,1,1,,,TRUE
4G,5000,50,original,46,images - 2025-01-28T184855.222.jpg,11179,12278,201,TRUE,0.155,,2026-10-05T05:38:07+00:00,46,low/images - 2025-01-28T184855.222.jpg,low,a3ad1d1dd7b1392d7045d0b3c5817c60fd0cb09e35d794ec3d97e405f1535c72,JPEG,JPEG,1,1,,,TRUE
4G,5000,50,original,47,Mua-lon-nhieu-tuyen-duong-bi-chia-cat-do-ngap.jpg,315609,316710,201,TRUE,0.985,,2026-10-05T05:38:08+00:00,47,low/Mua-lon-nhieu-tuyen-duong-bi-chia-cat-do-ngap.jpg,low,4a636722eac7947289e2ee351659d3279aa8bdec7de3d526aa7301e0e8ea83da,JPEG,JPEG,1,1,,,TRUE
4G,5000,50,original,48,images (91).jpg,12600,13699,201,TRUE,0.195,,2026-10-05T05:38:08+00:00,48,low/images (91).jpg,low,67694493a5915b456599ffc85f79ad2dd89141dceff2f273b1a6fc4eec5545f2,JPEG,JPEG,1,1,,,TRUE
4G,5000,50,original,49,화면 캡처 2025-03-05 164019.jpg,48583,49682,201,TRUE,0.303,,2026-10-05T05:38:08+00:00,49,low/화면 캡처 2025-03-05 164019.jpg,low,1126614ab6ce433834ff4010ee4bd775c2cd1aa3003778eb505e2a4aa9f65347,JPEG,JPEG,1,1,,,TRUE
4G,5000,50,original,50,화면 캡처 2025-03-05 163845.jpg,50032,51131,201,TRUE,0.289,,2026-10-05T05:38:09+00:00,50,low/화면 캡처 2025-03-05 163845.jpg,low,f37481db61b1f1ec7156ad68fdf0937297f0e9c760cf48f5ab6dab76844e6cd4,JPEG,JPEG,1,1,,,TRUE
4G,5000,50,original,51,images (80).jpg,9732,10830,201,TRUE,0.145,,2026-10-05T05:38:09+00:00,51,low/images (80).jpg,low,6ab02506062e3a532cc7277be599710a40e1b3d03540eb3cfa12b992e90040df,JPEG,JPEG,1,1,,,TRUE
4G,5000,50,original,52,images - 2025-01-28T153836.835.jpg,9612,10710,201,TRUE,0.186,,2026-10-05T05:38:09+00:00,52,low/images - 2025-01-28T153836.835.jpg,low,2b4d23d3ece2cfa10cee3f0ccbac81b7500e2854e2cd3374c2931007e9eb8fed,JPEG,JPEG,1,1,,,TRUE
4G,5000,50,original,53,화면 캡처 2025-03-05 164330.jpg,38102,39201,201,TRUE,0.26,,2026-10-05T05:38:09+00:00,53,low/화면 캡처 2025-03-05 164330.jpg,low,ac7842800d9d2b89c7f6b5923074a26327ea286bfe40fe81ccf63c23976a85ec,JPEG,JPEG,1,1,,,TRUE
4G,5000,50,original,54,images (12) 2.png,1751176,1752278,201,TRUE,4.792,,2026-10-05T05:38:14+00:00,54,low/images (12) 2.png,low,19586a122eb5e6c4de00bbc09b02339b387d0249a05e3690dc9383bf50991314,PNG,PNG,1,1,,,TRUE
4G,5000,50,original,55,화면 캡처 2025-03-05 161116.jpg,41419,42518,201,TRUE,0.29,,2026-10-05T05:38:14+00:00,55,low/화면 캡처 2025-03-05 161116.jpg,low,2f3fe63f36ec75ca5fe0896caac06cf0dfb0e2dee8ed43f0a30fb0a50932a445,JPEG,JPEG,1,1,,,TRUE
4G,5000,50,original,56,img1.jpeg,20121,21220,201,TRUE,0.215,,2026-10-05T05:38:15+00:00,56,low/img1.jpeg,low,df6f1fbc5204bce20da729fd09ed7bab81e77e6be21e927ae06db39c90a2cf79,JPEG,JPEG,1,1,,,TRUE
4G,5000,50,original,57,images - 2025-01-28T163022.980.jpg,4448,5545,201,TRUE,0.149,,2026-10-05T05:38:15+00:00,57,low/images - 2025-01-28T163022.980.jpg,low,2f635c3682eac9888a201958073889594b75b8dcc7dcbfe564d176fc91dc460c,JPEG,JPEG,1,1,,,TRUE
4G,5000,50,original,58,images (15).jpg,8013,9110,201,TRUE,0.162,,2026-10-05T05:38:15+00:00,58,medium/images (15).jpg,medium,68d7ac5485564e08315c8e181b868d10acff2c3c5c6dc30c679eb3b5b69cfbef,JPEG,JPEG,1,1,,,TRUE
4G,5000,50,original,59,images (78).jpg,10322,11421,201,TRUE,0.157,,2026-10-05T05:38:15+00:00,59,medium/images (78).jpg,medium,b4b3ef29acbc224733e0fca30af83d9c673fcf01e12617e34849d86822b9a976,JPEG,JPEG,1,1,,,TRUE
4G,5000,50,original,60,chay-lu-7-21441025-1730073553208-1730073553540228535485.webp,1407541,1408644,201,TRUE,3.969,,2026-10-05T05:38:19+00:00,60,medium/chay-lu-7-21441025-1730073553208-1730073553540228535485.webp,medium,cfd7d11cdfec3d412e4106d470269c2d681c2e892295978e173cbaad46f5f9d9,JPEG,JPEG,1,1,,,TRUE
4G,5000,50,original,61,images (22).jpg,5885,6982,201,TRUE,0.164,,2026-10-05T05:38:19+00:00,61,medium/images (22).jpg,medium,964bf4e7039c2ec2acabd3c177af4e6ef36611981fee5ba61d36aaedfe62c2e2,JPEG,JPEG,1,1,,,TRUE
4G,5000,50,original,62,images (45).jpg,8893,9990,201,TRUE,0.13,,2026-10-05T05:38:19+00:00,62,medium/images (45).jpg,medium,612f49698ba90aa45ecdc5f73e555115e850cfd56c76277e9fd29c228af6e5e6,JPEG,JPEG,1,1,,,TRUE
4G,5000,50,original,63,flood_6166.jpg,43961,45060,201,TRUE,0.278,,2026-10-05T05:38:20+00:00,63,medium/flood_6166.jpg,medium,4159ac8c969671d4a3255912207f9df9bc98049492c0cc0a95362b24eeeb8878,JPEG,JPEG,1,1,,,TRUE
4G,5000,50,original,64,0112mualu_21112025075850_160.jpg,182185,183286,201,TRUE,0.62,,2026-10-05T05:38:20+00:00,64,medium/0112mualu_21112025075850_160.jpg,medium,8e6d53d2adb0fcb04f8e21dc8aab39bbad0c3edc23f7229aa2944aa9748cc253,JPEG,JPEG,1,1,,,TRUE
4G,5000,50,original,65,images - 2025-01-28T151322.303.jpg,10455,11554,201,TRUE,0.164,,2026-10-05T05:38:20+00:00,65,medium/images - 2025-01-28T151322.303.jpg,medium,3f1084ef380ebd82dc42f44fdb037103ec757f85062ae269d4c2b5eb5808e296,JPEG,JPEG,1,1,,,TRUE
4G,5000,50,original,66,image.png,325258,326358,201,TRUE,0.964,,2026-10-05T05:38:21+00:00,66,medium/image.png,medium,66927b3f9717a549fecf7b7d88f8bed53466a78257911fa97ac4cda3d369968a,PNG,PNG,1,1,,,TRUE
4G,5000,50,original,67,807798211_1065370852913193_4397432111052496019_n.jpg,435298,436399,201,TRUE,1.366,,2026-10-05T05:38:23+00:00,67,medium/807798211_1065370852913193_4397432111052496019_n.jpg,medium,c24f1ae0af40897ab0cb7a1698d101b1e9bb770c27d0f34ab8c6a102df72e9e6,JPEG,JPEG,1,1,,,TRUE
4G,5000,50,original,68,flood_6259.jpg,23470,24569,201,TRUE,0.216,,2026-10-05T05:38:23+00:00,68,medium/flood_6259.jpg,medium,4de8fa884f2d57dd80d3dfe3178fc9dbe4733bdc5d19a8460ff6bec341aafac4,JPEG,JPEG,1,1,,,TRUE
4G,5000,50,original,69,flood_6286.jpg,38779,39878,201,TRUE,0.278,,2026-10-05T05:38:23+00:00,69,medium/flood_6286.jpg,medium,eaeee6cb6978717c20f2879f549380c6c27c3bdc8baadc397bd2060fedbf7c44,JPEG,JPEG,1,1,,,TRUE
4G,5000,50,original,70,lam-dong-1764843506279818449019.jpg,254562,255663,201,TRUE,0.857,,2026-10-05T05:38:24+00:00,70,medium/lam-dong-1764843506279818449019.jpg,medium,bcacb2153b8df70663102f9fba3181b6b2177a21c79f9bf3123386fd3987e1ac,JPEG,JPEG,1,1,,,TRUE
4G,5000,50,original,71,images (46).jpg,7180,8277,201,TRUE,0.152,,2026-10-05T05:38:24+00:00,71,medium/images (46).jpg,medium,38a8de4ce3022b4cdc0338ba5d0a3a4dc567e1af297a376ca1dca48e063ef256,JPEG,JPEG,1,1,,,TRUE
4G,5000,50,original,72,다운로드 (12).jpg,12161,13260,201,TRUE,0.193,,2026-10-05T05:38:24+00:00,72,medium/다운로드 (12).jpg,medium,bcf35d05b7688362f8f6710240a89e8ee8509a08cb181949b7074babcd5d0365,JPEG,JPEG,1,1,,,TRUE
4G,5000,50,original,73,noise (5).jpg,32693,33792,201,TRUE,0.24,,2026-10-05T05:38:25+00:00,73,medium/noise (5).jpg,medium,eb819a1dbb0043f513069582edbf918ce471cbaa687c26336af6a2ef8d301e1f,JPEG,JPEG,1,1,,,TRUE
4G,5000,50,original,74,flood_1247.jpg,130752,131853,201,TRUE,0.525,,2026-10-05T05:38:25+00:00,74,medium/flood_1247.jpg,medium,be2b6774ad0ec21cbc1951fb0ceb3f62b35281ede3bb7c5b18c00488e7f3ff5f,JPEG,JPEG,1,1,,,TRUE
4G,5000,50,original,75,quangbinh-6177.jpeg,46517,47616,201,TRUE,0.281,,2026-10-05T05:38:26+00:00,75,medium/quangbinh-6177.jpeg,medium,eed28d4cd27554ac50c77d00e653f3c51123d57f1311e4772fe98da723416719,JPEG,JPEG,1,1,,,TRUE
4G,5000,50,original,76,20231124_uS9nUj.jpg,60817,61916,201,TRUE,0.358,,2026-10-05T05:38:26+00:00,76,medium/20231124_uS9nUj.jpg,medium,605154cc415e0e03701135d8283a92ae646b8b1efe374d9647f9c201ff7904d8,JPEG,JPEG,1,1,,,TRUE
4G,5000,50,original,77,images (3).jpg,14759,15858,201,TRUE,0.193,,2026-10-05T05:38:26+00:00,77,medium/images (3).jpg,medium,4e5d64ecdd47da38de6324ac82b12c23fc99fa40da3590684b67029bc4eb9f2f,JPEG,JPEG,1,1,,,TRUE
4G,5000,50,original,78,images (92).jpg,10406,11505,201,TRUE,0.157,,2026-10-05T05:38:26+00:00,78,medium/images (92).jpg,medium,0a5033d763a93d7c4dc9cb5dbe45a3a857b134882649b6e0442be4087e1c8aad,JPEG,JPEG,1,1,,,TRUE
4G,5000,50,original,79,images - 2025-01-28T155148.034.jpg,11474,12573,201,TRUE,0.173,,2026-10-05T05:38:26+00:00,79,medium/images - 2025-01-28T155148.034.jpg,medium,595d2030d6eb563f32639a2f3a95a81024e5d889bd186a03fb2282b99011752c,JPEG,JPEG,1,1,,,TRUE
4G,5000,50,original,80,image_186.jpg,103650,104751,201,TRUE,0.39,,2026-10-05T05:38:27+00:00,80,medium/image_186.jpg,medium,41aed1f809a8893cd69369b1ab9d4b22495fca4367babe1d7e85416354d90136,JPEG,JPEG,1,1,,,TRUE
4G,5000,50,original,81,AA.30869797.1.jpg,42819,43918,201,TRUE,0.267,,2026-10-05T05:38:27+00:00,81,medium/AA.30869797.1.jpg,medium,4a1c37b2f5930b315a2a051c78ba8b37577df112f273cfe90e854486413c8474,JPEG,JPEG,1,1,,,TRUE
4G,5000,50,original,82,1000014818-17616251502381327466398-136-106-1007-1500-crop-17616257967731607029814.webp,262748,263850,201,TRUE,0.904,,2026-10-05T05:38:28+00:00,82,medium/1000014818-17616251502381327466398-136-106-1007-1500-crop-17616257967731607029814.webp,medium,cd507abecb098f7dbbb04c9b5b710fd430eeeada6471e06d961d72f260bbcd96,WEBP,WEBP,1,1,,,TRUE
4G,5000,50,original,83,img76.jpg,58775,59874,201,TRUE,0.284,,2026-10-05T05:38:28+00:00,83,medium/img76.jpg,medium,b06765974f3a5fc63db4f5affcf65eda68973fa2fe7efbd7007d3fa0548ef3c2,JPEG,JPEG,1,1,,,TRUE
4G,5000,50,original,84,flood_6330.jpg,42957,44056,201,TRUE,0.283,,2026-10-05T05:38:29+00:00,84,medium/flood_6330.jpg,medium,390684aba7b3f3bba4d62cfbfeb5a2dfe99b486784957eb686faea673a9e203c,JPEG,JPEG,1,1,,,TRUE
4G,5000,50,original,85,939cf7ba3afa4a60bbb76760f3fd5aba.jpg,40103,41202,201,TRUE,0.259,,2026-10-05T05:38:29+00:00,85,medium/939cf7ba3afa4a60bbb76760f3fd5aba.jpg,medium,ef98ff56a143b33046879132ceaed70eea555d53ad31f60e20bff9107700f3ab,JPEG,JPEG,1,1,,,TRUE
4G,5000,50,original,86,flood_4813.jpg,53682,54781,201,TRUE,0.279,,2026-10-05T05:38:29+00:00,86,medium/flood_4813.jpg,medium,bdc67b21f57e090669243d986f772b0450ccc43065c54e162361e6f83f5ed758,JPEG,JPEG,1,1,,,TRUE
4G,5000,50,original,87,images - 2025-01-28T184959.137.jpg,6694,7791,201,TRUE,0.163,,2026-10-05T05:38:29+00:00,87,medium/images - 2025-01-28T184959.137.jpg,medium,1ddd3ac5a0681f32307ea622308e561dc84e90c75a16629ac5c1b1b6ec91b3c0,JPEG,JPEG,1,1,,,TRUE
4G,5000,50,original,88,quang-tri-quang-ngai-sap-mua-to-dai-ngay-dac-biet-hue-co-the-tren-500mm-1760611196899.webp,16450,17550,201,TRUE,0.207,,2026-10-05T05:38:30+00:00,88,medium/quang-tri-quang-ngai-sap-mua-to-dai-ngay-dac-biet-hue-co-the-tren-500mm-1760611196899.webp,medium,3d3f2f1ffc39aba5eec801859433c261eea9b3bde161c4a0528ddef08557cf39,WEBP,WEBP,1,1,,,TRUE
4G,5000,50,original,89,flood_6326.jpg,46991,48090,201,TRUE,0.276,,2026-10-05T05:38:30+00:00,89,medium/flood_6326.jpg,medium,de44e55a13026a349ca25e762328448ac121bae58b24f5913a41b78d04d81704,JPEG,JPEG,1,1,,,TRUE
4G,5000,50,original,90,img9.jpg,8269,9366,201,TRUE,0.148,,2026-10-05T05:38:30+00:00,90,medium/img9.jpg,medium,db9567b5b08ea11ec818bbd8a6f2571f8fd6bb0fc653a56c7b85ff2fb3d91f65,JPEG,JPEG,1,1,,,TRUE
4G,5000,50,original,91,images (32).jpg,11527,12626,201,TRUE,0.198,,2026-10-05T05:38:30+00:00,91,medium/images (32).jpg,medium,0846f0df1312f26089cf20655aec68f8843c27732284c6406337d8acb15e5fef,JPEG,JPEG,1,1,,,TRUE
4G,5000,50,original,92,image_0144.jpg,43235,44334,201,TRUE,0.263,,2026-10-05T05:38:30+00:00,92,medium/image_0144.jpg,medium,61f4b3a1508df32e80f65b1bd00bca3059e6b60b624f0e224fa4c92ebeb0c529,JPEG,JPEG,1,1,,,TRUE
4G,5000,50,original,93,images (37).jpg,5324,6421,201,TRUE,0.141,,2026-10-05T05:38:31+00:00,93,medium/images (37).jpg,medium,ed83e76f54c9708880e842d5c8dc5458dbbb77e0198c0794c7100616d891b7a8,JPEG,JPEG,1,1,,,TRUE
4G,5000,50,original,94,images (13).jpg,10472,11571,201,TRUE,0.157,,2026-10-05T05:38:31+00:00,94,medium/images (13).jpg,medium,b2918a66e66571b0f53f2f754255d276dc3ddc368ed02583b450ddec3e233505,JPEG,JPEG,1,1,,,TRUE
4G,5000,50,original,95,flood_6129.jpg,31821,32920,201,TRUE,0.223,,2026-10-05T05:38:31+00:00,95,medium/flood_6129.jpg,medium,15e0255f8dd1ce3ee3abc5096854ceb13840bbb1a016e09f63c5dd46aa189b6f,JPEG,JPEG,1,1,,,TRUE
4G,5000,50,original,96,gia-lai-1.jpg,47302,48401,201,TRUE,0.231,,2026-10-05T05:38:31+00:00,96,medium/gia-lai-1.jpg,medium,d99d981b85abdd79662b29dc36ceccf6f2c8b516fc557a9aaabffa044ac29110,JPEG,JPEG,1,1,,,TRUE
4G,5000,50,original,97,805357338_1065370609579884_4614583555099717146_n.jpg,400498,401599,201,TRUE,1.222,,2026-10-05T05:38:32+00:00,97,medium/805357338_1065370609579884_4614583555099717146_n.jpg,medium,4b825284c811f72e3d234cd85fa06bfa6c715a8e0580801cbe37a3897039fedd,JPEG,JPEG,1,1,,,TRUE
4G,5000,50,original,98,image_038.jpg,87978,89077,201,TRUE,0.383,,2026-10-05T05:38:33+00:00,98,medium/image_038.jpg,medium,6136434252d2fd2654427ab7233aa03edc8b4586c9f5edeae9445512a8c1a986,JPEG,JPEG,1,1,,,TRUE
4G,5000,50,original,99,img54.webp,124418,125520,201,TRUE,0.493,,2026-10-05T05:38:33+00:00,99,medium/img54.webp,medium,18376708cee0912e197cd3109b168583b99612198d7227800d4e04ddba7efb8c,WEBP,WEBP,1,1,,,TRUE
4G,5000,50,original,100,flood_6343.jpg,31488,32587,201,TRUE,0.255,,2026-10-05T05:38:34+00:00,100,medium/flood_6343.jpg,medium,bdaabbf877bb24950a976dcee568d7b2f9da082f2df398c581aa9544c8c2d113,JPEG,JPEG,1,1,,,TRUE
4G,5000,50,original,101,flood_6140.jpg,47687,48786,201,TRUE,0.253,,2026-10-05T05:38:34+00:00,101,medium/flood_6140.jpg,medium,75047d855512c1e7aacdcc71d3424ba42258375fb4558f42e0d1e4d2eb95ab8e,JPEG,JPEG,1,1,,,TRUE
4G,5000,50,original,102,5836-17634553662361993507720-168-0-1016-1620-crop-17634553816821875286789.webp,133464,134566,201,TRUE,0.515,,2026-10-05T05:38:34+00:00,102,medium/5836-17634553662361993507720-168-0-1016-1620-crop-17634553816821875286789.webp,medium,0f7a3cf9489a57a9d7a85f736ecdc9d61f2292d237dc1d516e81b7144328b65c,WEBP,WEBP,1,1,,,TRUE
4G,5000,50,original,103,image_024.jpg,378699,379800,201,TRUE,1.152,,2026-10-05T05:38:36+00:00,103,medium/image_024.jpg,medium,4eeeb9650eff67134821474e3be3eef270bc952e5ce699ac5058d98d6272e7dd,JPEG,JPEG,1,1,,,TRUE
4G,5000,50,original,104,image_311.jpg,1144367,1145470,201,TRUE,3.211,,2026-10-05T05:38:39+00:00,104,medium/image_311.jpg,medium,c2beb6ef457469d2c37347629f6fa6e5734de8643f9f4edf7b66827e56ea6b6d,JPEG,JPEG,1,1,,,TRUE
4G,5000,50,original,105,images (16).jpg,9929,11027,201,TRUE,0.162,,2026-10-05T05:38:39+00:00,105,medium/images (16).jpg,medium,c1bb1154b3b1871cf95bfa43c8ff8a3af539e5c68618b1ad2044724ef2759de0,JPEG,JPEG,1,1,,,TRUE
4G,5000,50,original,106,images-873cb504e7c333c6f74c7394a73d201acf9fae6cd36600561e3775ee8c31ca9b060d5497fad80da70437e59e48a14722-_111-6190.jpg,392978,394079,201,TRUE,1.2,,2026-10-05T05:38:40+00:00,106,medium/images-873cb504e7c333c6f74c7394a73d201acf9fae6cd36600561e3775ee8c31ca9b060d5497fad80da70437e59e48a14722-_111-6190.jpg,medium,d43f170f886d44555d05924ddee0439ecc18f50954cb91026c0100f4f0abc874,JPEG,JPEG,1,1,,,TRUE
4G,5000,50,original,107,vnapotalquangtritieptucmualonlulennhanhgayngaplutdienrong1917541315072353-16029002171551755047725.webp,114822,115924,201,TRUE,0.461,,2026-10-05T05:38:41+00:00,107,medium/vnapotalquangtritieptucmualonlulennhanhgayngaplutdienrong1917541315072353-16029002171551755047725.webp,medium,08612801e26c708aa52eaadfca720becdaa6c15652f2e6f18d51d644f98d9c1d,WEBP,WEBP,1,1,,,TRUE
4G,5000,50,original,108,n3.jpg,7767,8864,201,TRUE,0.156,,2026-10-05T05:38:41+00:00,108,medium/n3.jpg,medium,07538d70a44b40d3b440325619b3ca9b32650ede44a0d00d1d9dad1b99fbe4ee,JPEG,JPEG,1,1,,,TRUE
4G,5000,50,original,109,39.jpg,231907,233008,201,TRUE,0.686,,2026-10-05T05:38:41+00:00,109,medium/39.jpg,medium,fdd7f649e7ae81c6a92c2912a2b1274d61a062ef4a830ad5dcf91d987895347d,JPEG,JPEG,1,1,,,TRUE
4G,5000,50,original,110,lu-ky-luc-tren-hai-song-o-mien-trung-ngap-lut-lan-rong-tai-6-tinh-thanh-904.jpg,278934,280035,201,TRUE,0.812,,2026-10-05T05:38:42+00:00,110,medium/lu-ky-luc-tren-hai-song-o-mien-trung-ngap-lut-lan-rong-tai-6-tinh-thanh-904.jpg,medium,1208d8781d1283f8a2bf6df0db67a322020a4d22d1e5e77c892664b2dbe7ee09,JPEG,JPEG,1,1,,,TRUE
4G,5000,50,original,111,edit-z7290483264645f5e6e37fc44ef85a5b1ffafb92dc59ab-17648137370111953943839-0-27-1131-1837-crop-1764813752388209128783.webp,495164,496266,201,TRUE,1.33,,2026-10-05T05:38:44+00:00,111,medium/edit-z7290483264645f5e6e37fc44ef85a5b1ffafb92dc59ab-17648137370111953943839-0-27-1131-1837-crop-1764813752388209128783.webp,medium,e0173401e7ade0280806d8f19ae43363fd2e8405d20aaacd33cee72d7b6dbc73,WEBP,WEBP,1,1,,,TRUE
4G,5000,50,original,112,images - 2025-01-28T185558.906.jpg,3448,4545,201,TRUE,0.172,,2026-10-05T05:38:44+00:00,112,medium/images - 2025-01-28T185558.906.jpg,medium,f0860d21495f47388ed3e6696ce3785aee4da2cb1de4a590575461e038f7bae0,JPEG,JPEG,1,1,,,TRUE
4G,5000,50,original,113,1763565218045_mua1-191125.jpeg,54659,55758,201,TRUE,0.279,,2026-10-05T05:38:44+00:00,113,medium/1763565218045_mua1-191125.jpeg,medium,c91db90f158b3e8e854df4c1e3e8eb835f1cb537912568ae19100e6c51e917a2,JPEG,JPEG,1,1,,,TRUE
4G,5000,50,original,114,noise_n (3).jpg,34785,35884,201,TRUE,0.191,,2026-10-05T05:38:44+00:00,114,medium/noise_n (3).jpg,medium,737a36757baaeb65b62ecc21fd1a7cd2a49f865293696cdbf80f73a117604639,JPEG,JPEG,1,1,,,TRUE
4G,5000,50,original,115,81329cb922f6cba892e7-jpg-31673361078756138245019-50182452114320146060691.webp,16372,17472,201,TRUE,0.193,,2026-10-05T05:38:44+00:00,115,medium/81329cb922f6cba892e7-jpg-31673361078756138245019-50182452114320146060691.webp,medium,e0c7a3f120e8fc4f8f930f71cb2441f187c7414913c50d326be0c10542c46d7b,WEBP,WEBP,1,1,,,TRUE
4G,5000,50,original,116,noise (6).jpg,38382,39481,201,TRUE,0.246,,2026-10-05T05:38:45+00:00,116,medium/noise (6).jpg,medium,bacbea8fde543a342777a2e58cffb846bcab7312db734f6bb61c321e3e752dda,JPEG,JPEG,1,1,,,TRUE
4G,5000,50,original,117,images - 2025-01-28T151947.364.jpg,10458,11557,201,TRUE,0.175,,2026-10-05T05:38:45+00:00,117,medium/images - 2025-01-28T151947.364.jpg,medium,e7b8e37ef4d169937e886cd8663859ecb7af96df687a212be179822094715e95,JPEG,JPEG,1,1,,,TRUE
4G,5000,50,original,118,images (63).jpg,10539,11638,201,TRUE,0.141,,2026-10-05T05:38:45+00:00,118,medium/images (63).jpg,medium,6184d9e6b2bfe1c7ee6d03565b9bc592d4c3e55b2b707ef326f6c7e8504043b8,JPEG,JPEG,1,1,,,TRUE
4G,5000,50,original,119,floods_cambodia_avid_w.jpg,234714,235815,201,TRUE,0.694,,2026-10-05T05:38:46+00:00,119,high/floods_cambodia_avid_w.jpg,high,ddb850ec825f321b37caa568aee6098cfd4d06c0affb70c72c9ee4ad142c3d9a,JPEG,JPEG,1,1,,,TRUE
4G,5000,50,original,120,download.webp,19142,20242,201,TRUE,0.176,,2026-10-05T05:38:46+00:00,120,high/download.webp,high,9882a77a13f8404c4875c672327af6c30f711e1398f55d4278eedc70320775fc,WEBP,WEBP,1,1,,,TRUE
4G,5000,50,original,121,img9.webp,222414,223516,201,TRUE,0.716,,2026-10-05T05:38:47+00:00,121,high/img9.webp,high,553641be2dee253e89f8ca5829376e2c718e3455ca1b13cdd9e3f4637edaa900,WEBP,WEBP,1,1,,,TRUE
4G,5000,50,original,122,flood_4800.jpg,162727,163828,201,TRUE,0.543,,2026-10-05T05:38:47+00:00,122,high/flood_4800.jpg,high,0fcf65f440f4bb571ef8372897e08b4598b0e90023bb6700f222a036752a070e,JPEG,JPEG,1,1,,,TRUE
4G,5000,50,original,123,flood_732.jpg,1943935,1945038,201,TRUE,4.995,,2026-10-05T05:38:52+00:00,123,high/flood_732.jpg,high,cd381b32133ec4671de6a5b7bbdaf0934357d776d35c3e143fb4cff864027893,JPEG,JPEG,1,1,,,TRUE
4G,5000,50,original,124,z7243826042725e83c8d03deb27f56d1a1aad2b13b8e87-176362146979047283232-15-0-615-960-crop-17636214777741938859206.webp,78238,79338,201,TRUE,0.345,,2026-10-05T05:38:53+00:00,124,high/z7243826042725e83c8d03deb27f56d1a1aad2b13b8e87-176362146979047283232-15-0-615-960-crop-17636214777741938859206.webp,high,8656b7d16c67126af4681e1671432c38bc8fa52e8753764160db4c4873984988,WEBP,WEBP,1,1,,,TRUE
4G,5000,50,original,125,R.png,219688,220788,201,TRUE,0.664,,2026-10-05T05:38:53+00:00,125,high/R.png,high,dc0a6fe2a2bd9a52e6e80b51bfba596e52c9c1cdf83b9f74b23ab5ea6a19170d,PNG,PNG,1,1,,,TRUE
4G,5000,50,original,126,flood_1261.jpg,227106,228207,201,TRUE,0.71,,2026-10-05T05:38:54+00:00,126,high/flood_1261.jpg,high,e409f5969c2febfdda9ed849c91004358be0a3d10814f787e45e7627ca828214,JPEG,JPEG,1,1,,,TRUE
4G,5000,50,original,127,AP23209060794692.jpg,1468172,1469275,201,TRUE,3.861,,2026-10-05T05:38:58+00:00,127,high/AP23209060794692.jpg,high,512a0322830cabfec0a6e89c2e31ea893b2cef2818cc39e3f317a59ae8fe1fd9,JPEG,JPEG,1,1,,,TRUE
4G,5000,50,original,128,images - 2025-01-28T151851.902.jpg,7035,8132,201,TRUE,0.162,,2026-10-05T05:38:58+00:00,128,high/images - 2025-01-28T151851.902.jpg,high,1edde2dab6d62b91b9de6c3c2655197077d5ab6e19d4765d2676cde1a6d8eb20,JPEG,JPEG,1,1,,,TRUE
4G,5000,50,original,129,image_027.jpg,106715,107816,201,TRUE,0.37,,2026-10-05T05:38:58+00:00,129,high/image_027.jpg,high,165d98120ba7e01d378bc261d7c3f23972249ed3b3be19d0d68043e769063363,JPEG,JPEG,1,1,,,TRUE
4G,5000,50,original,130,2-1726448843911500454177.webp,263033,264134,201,TRUE,0.814,,2026-10-05T05:38:59+00:00,130,high/2-1726448843911500454177.webp,high,ff55a67f3985507695ee4b23060fdfdad9e187fb8504aedfbf092075fa5f0d96,JPEG,JPEG,1,1,,,TRUE
4G,5000,50,original,131,image_049.jpg,148176,149277,201,TRUE,0.545,,2026-10-05T05:39:00+00:00,131,high/image_049.jpg,high,3e828a32d6aed42e6ee8dc53661095ca000f242d7e9f02d192b2c01c86a09957,JPEG,JPEG,1,1,,,TRUE
4G,5000,50,original,132,image_0107.jpg,22163,23262,201,TRUE,0.182,,2026-10-05T05:39:00+00:00,132,high/image_0107.jpg,high,5fa433bbf249eeb3aa2055834a5f403e493a8cac5cd4b9782a14415183856245,JPEG,JPEG,1,1,,,TRUE
4G,5000,50,original,133,dd20c6609cc035fedf1a093e97f51af4.jpeg,819746,820846,201,TRUE,2.227,,2026-10-05T05:39:02+00:00,133,high/dd20c6609cc035fedf1a093e97f51af4.jpeg,high,fce656b8e1f1e90ed783f0ca822286246a21df47469426bba44d1b2ad695ca97,PNG,PNG,1,1,,,TRUE
4G,5000,50,original,134,img66.jpg,24584,25683,201,TRUE,0.195,,2026-10-05T05:39:02+00:00,134,high/img66.jpg,high,d55e7de52341508886162ad8719416840af584d47853b998f2d2c45f4c5f5fd2,JPEG,JPEG,1,1,,,TRUE
4G,5000,50,original,135,OIP (10).webp,8178,9276,201,TRUE,0.178,,2026-10-05T05:39:03+00:00,135,high/OIP (10).webp,high,ed3ec9010a260ac315bd0f17ebe4c044ba2c86905964444aa011b3604366fe8d,WEBP,WEBP,1,1,,,TRUE
4G,5000,50,original,136,iimages (5).jpg,6528,7625,201,TRUE,0.15,,2026-10-05T05:39:03+00:00,136,high/iimages (5).jpg,high,b0a958225801750c5a6a663c180d26565f8a95584750c5e60879380fd14ded85,JPEG,JPEG,1,1,,,TRUE
4G,5000,50,original,137,iimages (10).jpg,10372,11471,201,TRUE,0.156,,2026-10-05T05:39:03+00:00,137,high/iimages (10).jpg,high,73f6052a7daa8f8de6dade2fa0ac44e339083b998afb2a163d7334c45aee76ad,JPEG,JPEG,1,1,,,TRUE
4G,5000,50,original,138,img55.webp,103970,105072,201,TRUE,0.395,,2026-10-05T05:39:03+00:00,138,high/img55.webp,high,b5f145285f3fec3d20ccaee444df2159d4f1e362760435f3c6feb51ba725abd1,WEBP,WEBP,1,1,,,TRUE
4G,5000,50,original,139,image_6483441_7_c62ccb313f.jpg,595810,596911,201,TRUE,1.644,,2026-10-05T05:39:05+00:00,139,high/image_6483441_7_c62ccb313f.jpg,high,6dd3bbf14af3264ba7796f69f228df25a4c356c25a6dd15bc161a085cb6c9e79,JPEG,JPEG,1,1,,,TRUE
4G,5000,50,original,140,jakarta-indonesiafebruary-2021the-search-rescue-600nw-1920679820.webp,76370,77470,201,TRUE,0.347,,2026-10-05T05:39:05+00:00,140,high/jakarta-indonesiafebruary-2021the-search-rescue-600nw-1920679820.webp,high,c8a13d4112c593635c49f9071db0148b79a1d2e07b71b3df893bfd6a73c037b3,WEBP,WEBP,1,1,,,TRUE
4G,5000,50,original,141,image_0090.jpg,32203,33302,201,TRUE,0.228,,2026-10-05T05:39:05+00:00,141,high/image_0090.jpg,high,10264351de402d0dd637b6f6bbc7008be5bf13c86313a6b684875ddd858cf613,JPEG,JPEG,1,1,,,TRUE
4G,5000,50,original,142,img7.webp,58674,59774,201,TRUE,0.277,,2026-10-05T05:39:06+00:00,142,high/img7.webp,high,854cee071b8d48b0567b2717b3f8dc71e3694b96892e5e1591566cb0124e7925,WEBP,WEBP,1,1,,,TRUE
4G,5000,50,original,143,4231cd29f2fb53ce8f0359eba8f1caaa85b22b53819bf0b9990e4c4d228c8c89.webp,93020,94120,201,TRUE,0.443,,2026-10-05T05:39:06+00:00,143,high/4231cd29f2fb53ce8f0359eba8f1caaa85b22b53819bf0b9990e4c4d228c8c89.webp,high,bcdb14769aad6eeb48dfec2f602435a1d52a3eac013da23c60a3dc34a22f4f38,WEBP,WEBP,1,1,,,TRUE
4G,5000,50,original,144,img72.webp,80872,81972,201,TRUE,0.349,,2026-10-05T05:39:07+00:00,144,high/img72.webp,high,fc43a66f60e642ba21fa6cbe8fcc8846ba555c658dda41d4cd362b511a55cdc6,WEBP,WEBP,1,1,,,TRUE
4G,5000,50,original,145,img49.webp,193300,194402,201,TRUE,0.648,,2026-10-05T05:39:07+00:00,145,high/img49.webp,high,96759c7c514ee82e03951cb13230fa9784b1e5e7234dacb2167999386d42da8a,WEBP,WEBP,1,1,,,TRUE
4G,5000,50,original,146,OIP (1).webp,21818,22918,201,TRUE,0.173,,2026-10-05T05:39:07+00:00,146,high/OIP (1).webp,high,9931f7b540fa118001a5d222735edbddb903cb7469e6f8d551d3e3f9aeb528ff,WEBP,WEBP,1,1,,,TRUE
4G,5000,50,original,147,OIP (33).webp,6578,7676,201,TRUE,0.143,,2026-10-05T05:39:08+00:00,147,high/OIP (33).webp,high,237864469e6f1c257cd918ef25c0b0dc7bf383955b3dd23e21cc2fd4a92cda2c,WEBP,WEBP,1,1,,,TRUE
4G,5000,50,original,148,image_145.jpeg,278229,279330,201,TRUE,0.859,,2026-10-05T05:39:08+00:00,148,high/image_145.jpeg,high,bcdda09b5006e6f96bba2f559d90d2d3daf5c41ca66d3886dac46534cf7c7f5c,JPEG,JPEG,1,1,,,TRUE
4G,5000,50,original,149,images - 2025-01-28T154039.568.jpg,7811,8908,201,TRUE,0.143,,2026-10-05T05:39:09+00:00,149,high/images - 2025-01-28T154039.568.jpg,high,be2defe1fef5628f1e85d94d12c66075ab7feca57f273f4f903521816128d959,JPEG,JPEG,1,1,,,TRUE
4G,5000,50,original,150,3cbf55ff-d524-461d-bf40-fa489285474d.jpg,37501,38600,201,TRUE,0.245,,2026-10-05T05:39:09+00:00,150,high/3cbf55ff-d524-461d-bf40-fa489285474d.jpg,high,1f48d2d7cdfbc50fb3ca2297a2ccf866a2d48c3c079242e61df887b896f1c929,JPEG,JPEG,1,1,,,TRUE
4G,5000,50,original,151,b572b8392df6f2cbbac8a6a19d74bfa2.avif,61606,62706,415,FALSE,0.262,,2026-10-05T05:39:09+00:00,151,high/b572b8392df6f2cbbac8a6a19d74bfa2.avif,high,c0aac4095412b24e58c6132b8e66e2b9f243597aee2eb06d7f193dc154e04f73,AVIF,AVIF,1,1,UNSUPPORTED_IMAGE,"Ảnh phải là JPEG, PNG hoặc WebP",FALSE
4G,5000,50,original,152,flood_219.jpg,2847592,2848695,201,TRUE,7.411,,2026-10-05T05:39:17+00:00,152,high/flood_219.jpg,high,79facf8f80351b4e020857b9b47604efb7d0ea20f0ddaf838824b215b67ccb05,JPEG,JPEG,1,1,,,TRUE
4G,5000,50,original,153,Shutterstock_12250367k.jpg,57055,58154,201,TRUE,0.309,,2026-10-05T05:39:17+00:00,153,high/Shutterstock_12250367k.jpg,high,732957645e5b3b44344a6db0f53486059ed78e70192a22c3b436cd8f93717b07,JPEG,JPEG,1,1,,,TRUE
4G,5000,50,original,154,noise1.jpeg,15697,16796,201,TRUE,0.18,,2026-10-05T05:39:17+00:00,154,high/noise1.jpeg,high,9bbaa77d1bb035ab20937380a2af67a90bd9e4ca71180cfd0b807c5f00b343b8,JPEG,JPEG,1,1,,,TRUE
4G,5000,50,original,155,img58.jpg,82737,83836,201,TRUE,0.359,,2026-10-05T05:39:17+00:00,155,high/img58.jpg,high,b9364110f4da93b4e893640de31f3fa2ca0dcdf336741d8934571d72a47043e2,JPEG,JPEG,1,1,,,TRUE
4G,5000,50,original,156,569FB5E8-17FF-4DA7-AF819E7223AD38C7_source.webp,45462,46562,201,TRUE,0.282,,2026-10-05T05:39:18+00:00,156,high/569FB5E8-17FF-4DA7-AF819E7223AD38C7_source.webp,high,3dcb8b40eeb8b9f8bf80bae7a1df25b52f5004838bc145495c760b8f3789c2c7,WEBP,WEBP,1,1,,,TRUE
4G,5000,50,original,157,flood_1214.jpg,158307,159408,201,TRUE,0.545,,2026-10-05T05:39:18+00:00,157,high/flood_1214.jpg,high,0c1e0b47204317c7c194fc94a7dbfc1030e08c065acbda8b4e455df3e23c4585,JPEG,JPEG,1,1,,,TRUE
4G,5000,50,original,158,skynews-philippines-megi_5737099.jpg,233889,234990,201,TRUE,0.776,,2026-10-05T05:39:19+00:00,158,high/skynews-philippines-megi_5737099.jpg,high,84c1d37b7cba9e20cf409763137f50704c251e784de518f90804e115163765e0,JPEG,JPEG,1,1,,,TRUE
4G,5000,50,original,159,flood_4791.jpg,136191,137292,201,TRUE,0.513,,2026-10-05T05:39:20+00:00,159,high/flood_4791.jpg,high,d1c123841ecbd4da557fa97ce87111b212c8228c34a85bd91f2560b0dd7f4540,JPEG,JPEG,1,1,,,TRUE
4G,5000,50,original,160,flood_4763.jpg,109308,110409,201,TRUE,0.427,,2026-10-05T05:39:20+00:00,160,high/flood_4763.jpg,high,71dc4359a45d5f7f9a73474695d86dcc2a5fe3fb74f89763be6ea2c971476183,JPEG,JPEG,1,1,,,TRUE
4G,5000,50,original,161,OIP (14).webp,6430,7528,201,TRUE,0.16,,2026-10-05T05:39:20+00:00,161,high/OIP (14).webp,high,327490c28381c700367e1baa43b9b8faa0d4dad840c3f5cc28dbcbc00aef9312,WEBP,WEBP,1,1,,,TRUE
4G,5000,50,original,162,img60.webp,84220,85320,201,TRUE,0.362,,2026-10-05T05:39:20+00:00,162,high/img60.webp,high,04fb91efee88688fce39d7c57db3f77e74a131efb54072039947ff44497cab46,WEBP,WEBP,1,1,,,TRUE
4G,5000,50,original,163,images - 2025-01-28T152121.677.jpg,9854,10952,201,TRUE,0.146,,2026-10-05T05:39:21+00:00,163,high/images - 2025-01-28T152121.677.jpg,high,4eb24b2e8dc4eda02a4cc8771e5f553a3cea43118dc311cd054b50be02659728,JPEG,JPEG,1,1,,,TRUE
4G,5000,50,original,164,OIP (15).webp,7936,9034,201,TRUE,0.164,,2026-10-05T05:39:21+00:00,164,high/OIP (15).webp,high,24f885199ce10f8e1e816382fd1bfbc0cb087adfdbf80d37f50e01f029b902df,WEBP,WEBP,1,1,,,TRUE
4G,5000,50,original,165,OIP (29).webp,15016,16116,201,TRUE,0.193,,2026-10-05T05:39:21+00:00,165,high/OIP (29).webp,high,722c9d66af59c68dec8e0c6d6304791267c63d646e08710fd3e9f26c37df9334,WEBP,WEBP,1,1,,,TRUE
4G,5000,50,original,166,flood-1.jpg,217065,218166,201,TRUE,0.692,,2026-10-05T05:39:22+00:00,166,high/flood-1.jpg,high,09f55b9b3f375ebed1a877966d39e27f14f7e874b49f4aaeb760640e48391a2e,JPEG,JPEG,1,1,,,TRUE
4G,5000,50,original,167,702018189_univ_cnt_01_xs.jpg,25024,26123,201,TRUE,0.213,,2026-10-05T05:39:22+00:00,167,high/702018189_univ_cnt_01_xs.jpg,high,5425fb7fa7db399de54b9d429fd66d384764c2dfb43a11b1661288a1214928f4,JPEG,JPEG,1,1,,,TRUE
4G,5000,50,original,168,img4.jpg,7596,8693,201,TRUE,0.16,,2026-10-05T05:39:22+00:00,168,high/img4.jpg,high,2a232bbd43a017ee8635ca368475ed57d4f521ec3a3ac3441179a9a2bf799fd8,JPEG,JPEG,1,1,,,TRUE
4G,5000,50,original,169,image_294.png,1080402,1081504,201,TRUE,2.977,,2026-10-05T05:39:25+00:00,169,high/image_294.png,high,121729a09e5d44136cae00fe1f03a2937abb87667ab3ecb6ab3c280a5894c585,PNG,PNG,1,1,,,TRUE
4G,5000,50,original,170,65d952b4-90a2-4d18-b035-24352c-3365-2036-1764872629.webp,84692,85792,201,TRUE,0.327,,2026-10-05T05:39:25+00:00,170,high/65d952b4-90a2-4d18-b035-24352c-3365-2036-1764872629.webp,high,11f5411abd0b76ea294bd29a7472d8684b48083301862061e6f25da644430a5c,WEBP,WEBP,1,1,,,TRUE
4G,5000,50,original,171,OIP (36).webp,23048,24148,201,TRUE,0.211,,2026-10-05T05:39:26+00:00,171,high/OIP (36).webp,high,f5293f48dbaa45b33a582c87433bb04fbbf2dd472469a0332a82bd5feb755c14,WEBP,WEBP,1,1,,,TRUE
4G,5000,50,original,172,화면 캡처 2025-03-05 181439.jpg,86563,87662,201,TRUE,0.362,,2026-10-05T05:39:26+00:00,172,non_flood/화면 캡처 2025-03-05 181439.jpg,non_flood,b75c4f08d2d4af82fae15233d28be9099286d8327bb1728ad06ae8467bd4fd24,JPEG,JPEG,1,1,,,TRUE
4G,5000,50,original,173,화면 캡처 2025-03-05 175742.jpg,67563,68662,201,TRUE,0.333,,2026-10-05T05:39:26+00:00,173,non_flood/화면 캡처 2025-03-05 175742.jpg,non_flood,9aa30b4ad8e881ee526e62dfd529f7c132517be92583fc25c2a352b59a7b8a10,JPEG,JPEG,1,1,,,TRUE
4G,5000,50,original,174,화면 캡처 2025-03-05 175341.jpg,38665,39764,201,TRUE,0.224,,2026-10-05T05:39:27+00:00,174,non_flood/화면 캡처 2025-03-05 175341.jpg,non_flood,43a98cd56ba750ceae68f3ca04b1c092e901fff1dcc83a04a19d4652dd5a93ab,JPEG,JPEG,1,1,,,TRUE
4G,5000,50,original,175,화면 캡처 2025-03-05 172751.jpg,38116,39215,201,TRUE,0.262,,2026-10-05T05:39:27+00:00,175,non_flood/화면 캡처 2025-03-05 172751.jpg,non_flood,8de13e59f0139f6ad9e553f887ea3e427cfbe24c5523a850651923df6d64011a,JPEG,JPEG,1,1,,,TRUE
4G,5000,50,original,176,images (13)1.jpg,12745,13844,201,TRUE,0.184,,2026-10-05T05:39:27+00:00,176,non_flood/images (13)1.jpg,non_flood,4e2b303a68e00ba4fbca23bdb0585b3f0f6f385e83bfebad4a16d96898663a3e,JPEG,JPEG,1,1,,,TRUE
4G,5000,50,original,177,화면 캡처 2025-03-05 181412.jpg,85248,86347,201,TRUE,0.375,,2026-10-05T05:39:27+00:00,177,non_flood/화면 캡처 2025-03-05 181412.jpg,non_flood,6fbd9d9cf16d0e950ccae0c7ec26baf60c4081efe34aa86205785db825fc01bc,JPEG,JPEG,1,1,,,TRUE
4G,5000,50,original,178,화면 캡처 2025-03-05 152130.jpg,97874,98973,201,TRUE,0.358,,2026-10-05T05:39:28+00:00,178,non_flood/화면 캡처 2025-03-05 152130.jpg,non_flood,0df727cf509b4b225f8c3b77ed2b4c65be629b0eb3ef422bd3e6bcd1abe5b4e8,JPEG,JPEG,1,1,,,TRUE
4G,5000,50,original,179,화면 캡처 2025-03-05 173917.jpg,84434,85533,201,TRUE,0.322,,2026-10-05T05:39:28+00:00,179,non_flood/화면 캡처 2025-03-05 173917.jpg,non_flood,29e372c79949fb945d3d217af23e725576f970bc88d47820d56f908c8c1dd8b4,JPEG,JPEG,1,1,,,TRUE
4G,5000,50,original,180,1789568749569_282700609501588260_7406490438318140161_4c67d325471c5a433aa450f9a2bf7b80.jpg,462295,463396,201,TRUE,1.325,,2026-10-05T05:39:29+00:00,180,non_flood/1789568749569_282700609501588260_7406490438318140161_4c67d325471c5a433aa450f9a2bf7b80.jpg,non_flood,c8128762797fb77bf5feb965d12100cd783be0e0afe1658cbd851ec37a153d83,JPEG,JPEG,1,1,,,TRUE
4G,5000,50,original,181,images (9).jpg,7668,8765,201,TRUE,0.145,,2026-10-05T05:39:30+00:00,181,non_flood/images (9).jpg,non_flood,18e261369109061b9841676f321894e21cfd91d608fe3dc9acc8c4d1bfd64a53,JPEG,JPEG,1,1,,,TRUE
4G,5000,50,original,182,images (7).jpg,12323,13422,201,TRUE,0.191,,2026-10-05T05:39:30+00:00,182,non_flood/images (7).jpg,non_flood,a5bcc829e70ca0664ad916e26c9ffb440248d5d6e3429a58c9b90d3d3860a7ab,JPEG,JPEG,1,1,,,TRUE
4G,5000,50,original,183,다운로드 (5).jpg,10259,11358,201,TRUE,0.163,,2026-10-05T05:39:30+00:00,183,non_flood/다운로드 (5).jpg,non_flood,49d811196ba07508a08d7689a5746494bdd1e6bc89460cb67dffb53154670204,JPEG,JPEG,1,1,,,TRUE
4G,5000,50,original,184,다운로드 (45) 3.jpg,11487,12586,201,TRUE,0.195,,2026-10-05T05:39:30+00:00,184,non_flood/다운로드 (45) 3.jpg,non_flood,1f8553a464ee1aa46de5890b8be0676883513c8083217c3013df8ab6e9bef786,JPEG,JPEG,1,1,,,TRUE
4G,5000,50,original,185,다운로드 (31).jpg,9664,10762,201,TRUE,0.158,,2026-10-05T05:39:30+00:00,185,non_flood/다운로드 (31).jpg,non_flood,c7449da10dfb0cebf3561e433c9a19876e06e81dda26cf39253b8d1aed09be91,JPEG,JPEG,1,1,,,TRUE
4G,5000,50,original,186,127465812-일본-교토의-봄비-폭풍우-동안-교토부의-스트리트-뷰.jpg,180600,181701,201,TRUE,0.599,,2026-10-05T05:39:31+00:00,186,non_flood/127465812-일본-교토의-봄비-폭풍우-동안-교토부의-스트리트-뷰.jpg,non_flood,6ae7d4cc308ffcdbcea455286428f08c4716a26cd6e0f295ba412b38393a1e05,JPEG,JPEG,1,1,,,TRUE
4G,5000,50,original,187,화면 캡처 2025-03-05 174935.jpg,123305,124406,201,TRUE,0.444,,2026-10-05T05:39:31+00:00,187,non_flood/화면 캡처 2025-03-05 174935.jpg,non_flood,d9a9b54010a3c3c0b44e085273edb1f64a777f99be11d71a7199030bab07a848,JPEG,JPEG,1,1,,,TRUE
4G,5000,50,original,188,화면 캡처 2025-03-05 173725.jpg,86775,87874,201,TRUE,0.359,,2026-10-05T05:39:32+00:00,188,non_flood/화면 캡처 2025-03-05 173725.jpg,non_flood,8088bad691c314800e2472cc5837ed0ddc4fc2a8bb5fc67a0466a5b6dbd4ef41,JPEG,JPEG,1,1,,,TRUE
4G,5000,50,original,189,다운로드 (7).jpg,12438,13537,201,TRUE,0.195,,2026-10-05T05:39:32+00:00,189,non_flood/다운로드 (7).jpg,non_flood,7882a482c8fa3ac2a100823670b3527953bc13261ced12bef7d2814872bbb73d,JPEG,JPEG,1,1,,,TRUE
4G,5000,50,original,190,다운로드 (12).jpg,10323,11422,201,TRUE,0.16,,2026-10-05T05:39:32+00:00,190,non_flood/다운로드 (12).jpg,non_flood,5a26387b7c471c37b412a214b65d520836f1ccdac5562ba302e9ad91f3063751,JPEG,JPEG,1,1,,,TRUE
4G,5000,50,original,191,images (11)1.jpg,13062,14161,201,TRUE,0.195,,2026-10-05T05:39:32+00:00,191,non_flood/images (11)1.jpg,non_flood,254e9ebc6f2b62b50393b6db4914c56a5fe0e43f3aac0ffa71f6cf007e661e61,JPEG,JPEG,1,1,,,TRUE
4G,5000,50,original,192,1789568749557_282700609501588260_7406490438318140161_7d5baf7f35b58211bf5d643c66ab8606.jpg,517702,518803,201,TRUE,1.476,,2026-10-05T05:39:34+00:00,192,non_flood/1789568749557_282700609501588260_7406490438318140161_7d5baf7f35b58211bf5d643c66ab8606.jpg,non_flood,831a018e6022c183e2bad8c815113118193ea4eed8bfe14d0ae7000be299d148,JPEG,JPEG,1,1,,,TRUE
4G,5000,50,original,193,images (14)1.jpg,11632,12731,201,TRUE,0.186,,2026-10-05T05:39:34+00:00,193,non_flood/images (14)1.jpg,non_flood,62da4a05b2a453136adff5b34666d1bfbbf2fc659e751e9c841909dd1e792d54,JPEG,JPEG,1,1,,,TRUE
4G,5000,50,original,194,images (24)1.jpg,7340,8437,201,TRUE,0.173,,2026-10-05T05:39:34+00:00,194,non_flood/images (24)1.jpg,non_flood,f14078bda9f46dd2b44eb17870ad533778d7daf7085e8b344be8813a125f4694,JPEG,JPEG,1,1,,,TRUE
4G,5000,50,original,195,다운로드 (43) 3.jpg,12680,13779,201,TRUE,0.213,,2026-10-05T05:39:34+00:00,195,non_flood/다운로드 (43) 3.jpg,non_flood,82a8697498f35ccc783ad058be58208a775ed79bbf59b68c83a1a95701944ecd,JPEG,JPEG,1,1,,,TRUE
4G,5000,50,original,196,p1065569336329878_240_thum.jpg,190695,191796,201,TRUE,0.643,,2026-10-05T05:39:35+00:00,196,non_flood/p1065569336329878_240_thum.jpg,non_flood,f648f926141df9ee9b70b1f787f660909a44e33c36bb0ed39162ea186a338df4,JPEG,JPEG,1,1,,,TRUE
4G,5000,50,original,197,화면 캡처 2025-03-05 172739.jpg,43887,44986,201,TRUE,0.244,,2026-10-05T05:39:35+00:00,197,non_flood/화면 캡처 2025-03-05 172739.jpg,non_flood,b40f793569d14767abe9f2e068970f3b795c0563877a1e1f8a7258821f69edcc,JPEG,JPEG,1,1,,,TRUE
4G,5000,50,original,198,다운로드 (36) 3.jpg,17505,18604,201,TRUE,0.194,,2026-10-05T05:39:35+00:00,198,non_flood/다운로드 (36) 3.jpg,non_flood,8ae6c5d304ced95a61c6567b5c88ddfc5e319f0e3a5ec72dea7e133aa076ef0f,JPEG,JPEG,1,1,,,TRUE
4G,5000,50,original,199,화면 캡처 2025-03-05 175927.jpg,87154,88253,201,TRUE,0.392,,2026-10-05T05:39:36+00:00,199,non_flood/화면 캡처 2025-03-05 175927.jpg,non_flood,0565699f292d6f6e0deb526642cc69d3d067a9e934582eabafbccc3d6d0f1bf2,JPEG,JPEG,1,1,,,TRUE
4G,5000,50,original,200,13382_13779_4019.jpg,84306,85405,201,TRUE,0.325,,2026-10-05T05:39:36+00:00,200,non_flood/13382_13779_4019.jpg,non_flood,6bd6b42bf3dd5e44c475fddcbc9bd6a880a64bfdee58ca7722e49b94de5ee4da,JPEG,JPEG,1,1,,,TRUE
4G,5000,50,original,201,RPR20231226002000353_01_i.jpg,108977,110078,201,TRUE,0.373,,2026-10-05T05:39:37+00:00,201,non_flood/RPR20231226002000353_01_i.jpg,non_flood,28246d242467856c88fbbfd1bafe4924c405331e349aa0a9e8e2814e688afd88,JPEG,JPEG,1,1,,,TRUE
4G,5000,50,original,202,다운로드 (34) 3.jpg,10696,11795,201,TRUE,0.151,,2026-10-05T05:39:37+00:00,202,non_flood/다운로드 (34) 3.jpg,non_flood,568d0b9bf261a2e4fe2afb600416d3eb532f928e57b1d059acfe3a177bbd57f0,JPEG,JPEG,1,1,,,TRUE
4G,5000,50,original,203,화면 캡처 2025-03-05 174358.jpg,97834,98933,201,TRUE,0.405,,2026-10-05T05:39:37+00:00,203,non_flood/화면 캡처 2025-03-05 174358.jpg,non_flood,1c7d8c2b8440637fbcec5baaba40642f2e3b0540590cc8a0ac8db672f478cfc7,JPEG,JPEG,1,1,,,TRUE
4G,5000,50,original,204,images (62).jpg,23189,24288,201,TRUE,0.198,,2026-10-05T05:39:37+00:00,204,non_flood/images (62).jpg,non_flood,9e03661c93bf0f0f3dd70ccf7f7cfd62cdba0694c8359fef3021f6f2ab3f3b83,JPEG,JPEG,1,1,,,TRUE
4G,5000,50,original,205,images - 2025-01-28T184436.464.jpg,6691,7788,201,TRUE,0.159,,2026-10-05T05:39:38+00:00,205,non_flood/images - 2025-01-28T184436.464.jpg,non_flood,31ddc209d0f2ff99b445870e708cc8becebb5adbc5c90504371e9c9a76f06d88,JPEG,JPEG,1,1,,,TRUE
4G,5000,50,original,206,다운로드 (36).jpg,7644,8741,201,TRUE,0.177,,2026-10-05T05:39:38+00:00,206,non_flood/다운로드 (36).jpg,non_flood,3d946dfc7512149170bac99b129a06a6587fdc1ce7c057a3f609a89adfc665ee,JPEG,JPEG,1,1,,,TRUE
4G,5000,50,original,207,화면 캡처 2025-03-05 182737.jpg,77443,78542,201,TRUE,0.364,,2026-10-05T05:39:38+00:00,207,non_flood/화면 캡처 2025-03-05 182737.jpg,non_flood,a456c939a5253ff3dd25bd0706ecf353ff0b5f5ff0c9d1e99bb3cf05487c3f28,JPEG,JPEG,1,1,,,TRUE
4G,5000,50,original,208,20230113501845.jpg,196201,197302,201,TRUE,0.655,,2026-10-05T05:39:39+00:00,208,non_flood/20230113501845.jpg,non_flood,c06f0a8a109f0b9c110eea5d3caf05bd439e812ecb451bd34a083e1279173fe7,JPEG,JPEG,1,1,,,TRUE
4G,5000,50,original,209,화면 캡처 2025-03-05 151816.jpg,82790,83889,201,TRUE,0.348,,2026-10-05T05:39:39+00:00,209,non_flood/화면 캡처 2025-03-05 151816.jpg,non_flood,102ada76b9fd2f4eebcdc6faf911ae294692c86d69b8149475c65dc4a821aa32,JPEG,JPEG,1,1,,,TRUE
4G,5000,50,original,210,다운로드 (41).jpg,11674,12773,201,TRUE,0.18,,2026-10-05T05:39:39+00:00,210,non_flood/다운로드 (41).jpg,non_flood,93ba76f76448bf9350f289fdae38183912d3e0dedb86321977ac4b74e0eccfc4,JPEG,JPEG,1,1,,,TRUE
4G,5000,50,original,211,images (18).jpg,13870,14969,201,TRUE,0.18,,2026-10-05T05:39:39+00:00,211,non_flood/images (18).jpg,non_flood,aff1fa1abd5f77fdd2ea5a26bb583771680c48c1bd64720bfa5a9a61012c0ac8,JPEG,JPEG,1,1,,,TRUE
4G,5000,50,original,212,20180405_152525.jpg,110689,111790,201,TRUE,0.44,,2026-10-05T05:39:40+00:00,212,non_flood/20180405_152525.jpg,non_flood,25eb26aff4ee22251f3b24147b467f4a4d39333ff64c9611b65063054d18d120,JPEG,JPEG,1,1,,,TRUE
4G,5000,50,original,213,화면 캡처 2025-03-05 164255.jpg,41066,42165,201,TRUE,0.264,,2026-10-05T05:39:40+00:00,213,non_flood/화면 캡처 2025-03-05 164255.jpg,non_flood,33c16a1a474295f7a31cc57648004d03eb04d2878e9f358250722c237528cd04,JPEG,JPEG,1,1,,,TRUE
4G,5000,50,original,214,다운로드 (23).jpg,17943,19042,201,TRUE,0.212,,2026-10-05T05:39:40+00:00,214,non_flood/다운로드 (23).jpg,non_flood,c11157a4e5d6142a6cf64acf9448d948dc814160ff2ec431734692861bda5a95,JPEG,JPEG,1,1,,,TRUE
4G,5000,50,original,215,화면 캡처 2025-03-05 152904.jpg,73147,74246,201,TRUE,0.311,,2026-10-05T05:39:41+00:00,215,non_flood/화면 캡처 2025-03-05 152904.jpg,non_flood,491cfa836d07fdb755e12495203d84dee0d937f82cd29e582eb569d7e5abc771,JPEG,JPEG,1,1,,,TRUE
4G,5000,50,original,216,images - 2025-01-28T184427.744.jpg,8168,9265,201,TRUE,0.176,,2026-10-05T05:39:41+00:00,216,non_flood/images - 2025-01-28T184427.744.jpg,non_flood,e6d4712ee1e188f41d9179607bc46ed14c0681f69a5edd8d77ed619b9c4d6f7f,JPEG,JPEG,1,1,,,TRUE
4G,5000,50,original,217,화면 캡처 2025-03-05 172144.jpg,62656,63755,201,TRUE,0.299,,2026-10-05T05:39:41+00:00,217,non_flood/화면 캡처 2025-03-05 172144.jpg,non_flood,67d6ad153034a81055741535ba0bdc53ff8e80076d90d512f42c10a76686d60e,JPEG,JPEG,1,1,,,TRUE
4G,5000,50,original,218,다운로드 (53) 3.jpg,13371,14470,201,TRUE,0.192,,2026-10-05T05:39:41+00:00,218,non_flood/다운로드 (53) 3.jpg,non_flood,bac90bc594d2f060fd10ae095378c20d68e6565d54a1e3cc841b2ec094b869de,JPEG,JPEG,1,1,,,TRUE
4G,5000,50,original,219,images - 2025-01-28T184942.058.jpg,9354,10452,201,TRUE,0.148,,2026-10-05T05:39:42+00:00,219,non_flood/images - 2025-01-28T184942.058.jpg,non_flood,cebc0d1cbc0ede1e75a7d4765af70a7bb5d44a651f831d11eeccc6f9ef18ffed,JPEG,JPEG,1,1,,,TRUE
4G,5000,50,original,220,화면 캡처 2025-03-05 152054.jpg,87155,88254,201,TRUE,0.375,,2026-10-05T05:39:42+00:00,220,non_flood/화면 캡처 2025-03-05 152054.jpg,non_flood,b23bcf8d9814ddc38d73eb269f0be25f0dcc9626cc9a928bb116197859b3b29a,JPEG,JPEG,1,1,,,TRUE
4G,5000,50,original,221,img (2).jpg,2363566,2364669,201,TRUE,6.262,,2026-10-05T05:39:48+00:00,221,non_flood/img (2).jpg,non_flood,ee879ba624faad0000bc7ae69d2bd8b2fca0d4fc159a181fe7a067a59260d156,JPEG,JPEG,1,1,,,TRUE
4G,5000,50,original,222,화면 캡처 2025-03-05 175626.jpg,78689,79788,201,TRUE,0.379,,2026-10-05T05:39:49+00:00,222,non_flood/화면 캡처 2025-03-05 175626.jpg,non_flood,d9e510c3f2f2d13008fde01e8e520872122d0cc49de5a5ba5f8bab1bcf183cda,JPEG,JPEG,1,1,,,TRUE
4G,5000,50,original,223,다운로드 (27).jpg,1173235,1174338,201,TRUE,3.179,,2026-10-05T05:39:52+00:00,223,non_flood/다운로드 (27).jpg,non_flood,e78be2b8fc5aea406725fab8f457a9ab79e4413b64e383634d419379d0a64a46,JPEG,JPEG,1,1,,,TRUE
4G,5000,50,original,224,화면 캡처 2025-03-05 153850.jpg,57957,59056,201,TRUE,0.261,,2026-10-05T05:39:52+00:00,224,non_flood/화면 캡처 2025-03-05 153850.jpg,non_flood,8ed7fe227b6d8a8b890838876b2de8a28c844c7126f2a0d93e626f2387d816a6,JPEG,JPEG,1,1,,,TRUE
4G,5000,50,original,225,images (5)1.jpg,15769,16868,201,TRUE,0.21,,2026-10-05T05:39:52+00:00,225,non_flood/images (5)1.jpg,non_flood,dae6acca79cb320bd3449d590ccaec16e2c839a431e6ca62911486a65050eab0,JPEG,JPEG,1,1,,,TRUE
4G,5000,50,original,226,827778_739893_3348.jpg,231023,232124,201,TRUE,0.728,,2026-10-05T05:39:53+00:00,226,non_flood/827778_739893_3348.jpg,non_flood,909c28dfd1ea66f00fcbe72947317e577655cc349a5689b330e5205e0aab2127,JPEG,JPEG,1,1,,,TRUE
4G,5000,50,original,227,화면 캡처 2025-03-05 182805.jpg,63327,64426,201,TRUE,0.282,,2026-10-05T05:39:53+00:00,227,non_flood/화면 캡처 2025-03-05 182805.jpg,non_flood,4637c31d11cb1fe03de357d94fc697479efc2e20be74922ee372ab6b20c2dca0,JPEG,JPEG,1,1,,,TRUE
4G,5000,50,original,228,화면 캡처 2025-03-05 153835.jpg,66318,67417,201,TRUE,0.325,,2026-10-05T05:39:54+00:00,228,non_flood/화면 캡처 2025-03-05 153835.jpg,non_flood,a37bc97411cb7ac6c602b638a4ae161ec2d7ac8a4355b236c42eac10ef10f277,JPEG,JPEG,1,1,,,TRUE
4G,5000,50,original,229,다운로드 (17).jpg,14028,15127,201,TRUE,0.179,,2026-10-05T05:39:54+00:00,229,non_flood/다운로드 (17).jpg,non_flood,10b48951d5016b1dbf60509c17f62c2647a902444531028666d61f165a110771,JPEG,JPEG,1,1,,,TRUE
4G,5000,50,original,230,화면 캡처 2025-03-05 153232.jpg,66817,67916,201,TRUE,0.326,,2026-10-05T05:39:54+00:00,230,non_flood/화면 캡처 2025-03-05 153232.jpg,non_flood,c9e1a30f343094122869eff21dbfe7caaf3ab27b79b75f9fe581eeeb54027375,JPEG,JPEG,1,1,,,TRUE
4G,5000,50,original,231,1789568749518_282700609501588260_7406490438318140161_457e5b27ff82f5cc09a9054090d4d3c2.jpg,629855,630956,201,TRUE,1.762,,2026-10-05T05:39:56+00:00,231,non_flood/1789568749518_282700609501588260_7406490438318140161_457e5b27ff82f5cc09a9054090d4d3c2.jpg,non_flood,6f8a2b1e3bac95e251969c5917f1e9efd101db672b064d01404e978bf759aab4,JPEG,JPEG,1,1,,,TRUE
4G,5000,50,original,232,1789568754305_282700609501588260_7406490438318140161_d8a8d242988605b04d1ce450fe6b34f8.jpg,1484828,1485931,201,TRUE,3.959,,2026-10-05T05:40:00+00:00,232,non_flood/1789568754305_282700609501588260_7406490438318140161_d8a8d242988605b04d1ce450fe6b34f8.jpg,non_flood,7307e294c31f83de713f169ec3b7f14fbf73b87c78d059b45be2a3f57a9d72ce,JPEG,JPEG,1,1,,,TRUE
4G,5000,50,original,233,AKR20211228058800052_01_i_P4.jpg,327293,328394,201,TRUE,1.006,,2026-10-05T05:40:01+00:00,233,non_flood/AKR20211228058800052_01_i_P4.jpg,non_flood,335da6829f7048e60a42a406f54985c7d1132dfd769137c48965aacc601b4128,JPEG,JPEG,1,1,,,TRUE
4G,5000,50,original,234,images (1)1.jpg,17346,18445,201,TRUE,0.199,,2026-10-05T05:40:01+00:00,234,non_flood/images (1)1.jpg,non_flood,dfd2bf25abb8eff1566c1e6ff4ab87eb832382ac1a5a49549e1b0fe0b9a63cb4,JPEG,JPEG,1,1,,,TRUE
4G,5000,50,original,235,화면 캡처 2025-03-05 175914.jpg,97888,98987,201,TRUE,0.399,,2026-10-05T05:40:01+00:00,235,non_flood/화면 캡처 2025-03-05 175914.jpg,non_flood,ec30de984e565a34847944157425ede963aa0be23b065b3732eb9597ac76b1c9,JPEG,JPEG,1,1,,,TRUE
4G,5000,50,original,236,화면 캡처 2025-03-05 152437.jpg,63108,64207,201,TRUE,0.294,,2026-10-05T05:40:02+00:00,236,non_flood/화면 캡처 2025-03-05 152437.jpg,non_flood,2c620cd0c3d694d5119d85883fd7b23642f08ce0eb03ca21766e5c11224132a8,JPEG,JPEG,1,1,,,TRUE
4G,5000,50,original,237,1789568749196_282700609501588260_7406490438318140161_1c6009c2a77bfa996d8a4d22d9c3fd58.jpg,905833,906934,201,TRUE,2.527,,2026-10-05T05:40:04+00:00,237,non_flood/1789568749196_282700609501588260_7406490438318140161_1c6009c2a77bfa996d8a4d22d9c3fd58.jpg,non_flood,fa24d60c34be44fb934a934be05686d66907d81619216b140be5bd63c6439fe9,JPEG,JPEG,1,1,,,TRUE
4G,5000,50,original,238,img (1).jpg,413769,414870,201,TRUE,1.193,,2026-10-05T05:40:05+00:00,238,non_flood/img (1).jpg,non_flood,2c2088de1756cd1bc0e55d300d928af8b493d59df562e46be9c70c4263716bc2,JPEG,JPEG,1,1,,,TRUE
4G,5000,50,original,239,202309111114430145_l.jpg,60417,61516,201,TRUE,0.289,,2026-10-05T05:40:06+00:00,239,non_flood/202309111114430145_l.jpg,non_flood,0fb3a939767b0614bb5786a4f2d77661b71f316fe2cc9e2af3c0ef24d967eba5,JPEG,JPEG,1,1,,,TRUE
4G,5000,50,original,240,화면 캡처 2025-03-05 180321.jpg,83583,84682,201,TRUE,0.346,,2026-10-05T05:40:06+00:00,240,non_flood/화면 캡처 2025-03-05 180321.jpg,non_flood,9b63b57d9357dda36bab30f1bc0b45f80c734278fbc5fda7e490cbadde5e9837,JPEG,JPEG,1,1,,,TRUE
4G,5000,50,original,241,6.jpg,1855386,1856488,201,TRUE,4.976,,2026-10-05T05:40:11+00:00,241,non_flood/6.jpg,non_flood,c441af2946491166eb9a5c7a7ed9f49d47015d134c3e3290fe4746ba81eee258,PNG,PNG,1,1,,,TRUE
4G,5000,50,original,242,images (28)1.jpg,13457,14556,201,TRUE,0.18,,2026-10-05T05:40:11+00:00,242,non_flood/images (28)1.jpg,non_flood,133ce5159193385fc30a15f207f7b085563f9f513765aa6d9db1527ff27d1e50,JPEG,JPEG,1,1,,,TRUE
4G,5000,50,original,243,images - 2025-01-28T164753.512.jpg,6027,7124,201,TRUE,0.123,,2026-10-05T05:40:11+00:00,243,non_flood/images - 2025-01-28T164753.512.jpg,non_flood,7b6a9c9dcaf36ed2edb0e435c1cbaffd8635cb82a1d1859270f3784b76dc232c,JPEG,JPEG,1,1,,,TRUE
4G,5000,50,original,244,images (68).jpg,12293,13392,201,TRUE,0.18,,2026-10-05T05:40:12+00:00,244,non_flood/images (68).jpg,non_flood,d567a330f9aae5ae4244d9c33131d265796c8b1f4c5b6f5418c96e4071dcb032,JPEG,JPEG,1,1,,,TRUE
4G,5000,50,original,245,화면 캡처 2025-03-05 153618.jpg,95694,96793,201,TRUE,0.343,,2026-10-05T05:40:12+00:00,245,non_flood/화면 캡처 2025-03-05 153618.jpg,non_flood,43e12f9c4c083131170e11f2d8982e9a4d0f854c0bca00f22be32a3cf44a28e7,JPEG,JPEG,1,1,,,TRUE
4G,5000,50,original,246,1789568749222_282700609501588260_7406490438318140161_252d56e682395c7bebf8921689643574.jpg,529910,531011,201,TRUE,1.498,,2026-10-05T05:40:13+00:00,246,non_flood/1789568749222_282700609501588260_7406490438318140161_252d56e682395c7bebf8921689643574.jpg,non_flood,de50feeb6fbbfce20c858b922e4c2b64a9db5cf8ce52fb254307a24842e778c5,JPEG,JPEG,1,1,,,TRUE
4G,5000,50,original,247,다운로드 (26) 3.jpg,12208,13307,201,TRUE,0.193,,2026-10-05T05:40:14+00:00,247,non_flood/다운로드 (26) 3.jpg,non_flood,de0b95d4b98a14825822659307248874d03101858f644f9721cec72b9101bbe5,JPEG,JPEG,1,1,,,TRUE
4G,5000,50,original,248,다운로드 (28) 3.jpg,11914,13013,201,TRUE,0.192,,2026-10-05T05:40:14+00:00,248,non_flood/다운로드 (28) 3.jpg,non_flood,6a97c90bfae9e3a4ee39e7a5c7fe2b75b4fe6a3e400b2a09afac18a275f41cae,JPEG,JPEG,1,1,,,TRUE
4G,5000,50,original,249,1000_F_456742052_YudLlJwZCJdCGsCjS95JW1leO2jQrZcp.jpg,433724,434825,201,TRUE,1.227,,2026-10-05T05:40:15+00:00,249,non_flood/1000_F_456742052_YudLlJwZCJdCGsCjS95JW1leO2jQrZcp.jpg,non_flood,782a4aa7d354dceb8d634480c647446953b8c04939dbd8a5ed8139b09f7c4157,JPEG,JPEG,1,1,,,TRUE
4G,5000,50,original,250,다운로드 (38) 3.jpg,10253,11352,201,TRUE,0.162,,2026-10-05T05:40:15+00:00,250,non_flood/다운로드 (38) 3.jpg,non_flood,33e834881a9e0e7ca027b9b8d2ac0f4ff9427e6d5bfe69ea0749c9b8c7188764,JPEG,JPEG,1,1,,,TRUE
4G,5000,50,original,251,20200212_134749.jpg,507201,508302,201,TRUE,1.476,,2026-10-05T05:40:17+00:00,251,non_flood/20200212_134749.jpg,non_flood,e8abcc77cfebf041681d602996e778ec393b201771d2b254574f0e69605d5ddb,JPEG,JPEG,1,1,,,TRUE
4G,5000,50,original,252,화면 캡처 2025-03-05 182937.jpg,60819,61918,201,TRUE,0.308,,2026-10-05T05:40:17+00:00,252,non_flood/화면 캡처 2025-03-05 182937.jpg,non_flood,8f01696570c558df42bd56f0e1b7a47c082f769ccad329ef34ab30faa3f60f82,JPEG,JPEG,1,1,,,TRUE
4G,5000,50,original,253,화면 캡처 2025-03-05 172154.jpg,63315,64414,201,TRUE,0.313,,2026-10-05T05:40:17+00:00,253,non_flood/화면 캡처 2025-03-05 172154.jpg,non_flood,f6fcb35702106630aad2a2728d5b82efd38162f3e9cf517455d74a5d23278b12,JPEG,JPEG,1,1,,,TRUE
4G,5000,50,original,254,화면 캡처 2025-03-05 172249.jpg,62571,63670,201,TRUE,0.288,,2026-10-05T05:40:18+00:00,254,non_flood/화면 캡처 2025-03-05 172249.jpg,non_flood,e23a2f32ccc399fb02b93fab72cd958f47f6bb4c22de82a938af7a41d6ce383a,JPEG,JPEG,1,1,,,TRUE
4G,5000,50,original,255,images (6).jpg,10543,11642,201,TRUE,0.134,,2026-10-05T05:40:18+00:00,255,non_flood/images (6).jpg,non_flood,134ad7a13637047c799be13d45bc3b1da685a64bc561af6f8a61c48f96183817,JPEG,JPEG,1,1,,,TRUE
4G,5000,50,original,256,다운로드 (20).jpg,10158,11257,201,TRUE,0.147,,2026-10-05T05:40:18+00:00,256,non_flood/다운로드 (20).jpg,non_flood,17cc0160b5cdbc2eb9a64b4d744148a135d43c44e6c1681297b514b6ac9f7e47,JPEG,JPEG,1,1,,,TRUE
4G,5000,50,original,257,화면 캡처 2025-03-05 181325.jpg,77623,78722,201,TRUE,0.341,,2026-10-05T05:40:18+00:00,257,non_flood/화면 캡처 2025-03-05 181325.jpg,non_flood,3ec886093348c65fb61f3249fd6060dbb373656412257f12bb9470c0e1de996d,JPEG,JPEG,1,1,,,TRUE
