dimension,candidate,comparator,fixed,metric,direction,mean,standard_deviation,median,paired_confidence_interval,mean_difference_candidate_minus_comparator,raw_p_value,holm_adjusted_p_value,wilcoxon_statistic,n_seed_pairs,n_candidate_better,n_comparator_better,n_ties,effect_size.paired_standardized_mean,effect_size.matched_pairs_rank_biserial,effect_size.orientation,denominator.paired_seed_resource_runs,generator_version,seed_split,candidate_bundle_sha256,package_versions,config_identity,metric_direction
policy,revised_priority,legacy_priority,"{""partition"": ""product_cij""}",latent_harm,lower,-14.34147786,68.75631128,-2.668913961,"[-27.126243508247455, -2.5011036253806487]",14.34147786,0.08437714859,0.6750171888,2971,120,58,62,0,-0.2085841661,-0.1815426997,positive means candidate is better,120,4.1.0,test:3000-3039,a7c7a3f7ea63e57f1d98bd42f21c02aa04a69eaa37c824584a2be65f00f2d7e1,"{""numpy"": ""2.0.2"", ""pandas"": ""2.2.2"", ""python-louvain"": ""0.16"", ""scikit-learn"": ""1.6.1"", ""scipy"": ""1.16.3""}","{""additive"": {""calibration_objective"": 0.024220283682757516, ""knn"": 8, ""q"": 0.95}, ""error_model"": ""conservative-v1"", ""product"": {""knn"": 8, ""resolution"": 1.2, ""sigma_geo_m"": 900.0, ""tau_temp_min"": 60.0, ""threshold_quantile"": 0.95, ""track"": ""operational_label_free""}}","{""arrival_equity_gap_min"": ""lower"", ""boat_workload_cv"": ""lower"", ""cvar90_arrival_min"": ""lower"", ""deadline_miss_rate"": ""lower"", ""duplicate_dispatches"": ""lower"", ""fake_dispatches"": ""lower"", ""latent_harm"": ""lower"", ""max_arrival_min"": ""lower"", ""mean_arrival_min"": ""lower"", ""merge_caused_misses"": ""lower"", ""split_trips"": ""lower"", ""total_fleet_workload_min"": ""lower"", ""unique_population_reached_by_deadline_rate"": ""higher"", ""unserved_genuine_incidents"": ""lower""}"
policy,revised_priority,legacy_priority,"{""partition"": ""product_cij""}",deadline_miss_rate,lower,0.01875,0.08167109689,0,"[0.0036458333333333334, 0.033854166666666664]",-0.01875,0.01775723219,0.1598150897,626.5,120,38,23,59,0.2295793826,0.3373876256,positive means candidate is better,120,4.1.0,test:3000-3039,a7c7a3f7ea63e57f1d98bd42f21c02aa04a69eaa37c824584a2be65f00f2d7e1,"{""numpy"": ""2.0.2"", ""pandas"": ""2.2.2"", ""python-louvain"": ""0.16"", ""scikit-learn"": ""1.6.1"", ""scipy"": ""1.16.3""}","{""additive"": {""calibration_objective"": 0.024220283682757516, ""knn"": 8, ""q"": 0.95}, ""error_model"": ""conservative-v1"", ""product"": {""knn"": 8, ""resolution"": 1.2, ""sigma_geo_m"": 900.0, ""tau_temp_min"": 60.0, ""threshold_quantile"": 0.95, ""track"": ""operational_label_free""}}","{""arrival_equity_gap_min"": ""lower"", ""boat_workload_cv"": ""lower"", ""cvar90_arrival_min"": ""lower"", ""deadline_miss_rate"": ""lower"", ""duplicate_dispatches"": ""lower"", ""fake_dispatches"": ""lower"", ""latent_harm"": ""lower"", ""max_arrival_min"": ""lower"", ""mean_arrival_min"": ""lower"", ""merge_caused_misses"": ""lower"", ""split_trips"": ""lower"", ""total_fleet_workload_min"": ""lower"", ""unique_population_reached_by_deadline_rate"": ""higher"", ""unserved_genuine_incidents"": ""lower""}"
policy,revised_priority,legacy_priority,"{""partition"": ""product_cij""}",mean_arrival_min,lower,-12.51922896,70.70500323,-0.9643872795,"[-25.346265345998237, -0.04619391426694343]",12.51922896,0.1635477231,1,3098,120,57,63,0,-0.177062844,-0.1465564738,positive means candidate is better,120,4.1.0,test:3000-3039,a7c7a3f7ea63e57f1d98bd42f21c02aa04a69eaa37c824584a2be65f00f2d7e1,"{""numpy"": ""2.0.2"", ""pandas"": ""2.2.2"", ""python-louvain"": ""0.16"", ""scikit-learn"": ""1.6.1"", ""scipy"": ""1.16.3""}","{""additive"": {""calibration_objective"": 0.024220283682757516, ""knn"": 8, ""q"": 0.95}, ""error_model"": ""conservative-v1"", ""product"": {""knn"": 8, ""resolution"": 1.2, ""sigma_geo_m"": 900.0, ""tau_temp_min"": 60.0, ""threshold_quantile"": 0.95, ""track"": ""operational_label_free""}}","{""arrival_equity_gap_min"": ""lower"", ""boat_workload_cv"": ""lower"", ""cvar90_arrival_min"": ""lower"", ""deadline_miss_rate"": ""lower"", ""duplicate_dispatches"": ""lower"", ""fake_dispatches"": ""lower"", ""latent_harm"": ""lower"", ""max_arrival_min"": ""lower"", ""mean_arrival_min"": ""lower"", ""merge_caused_misses"": ""lower"", ""split_trips"": ""lower"", ""total_fleet_workload_min"": ""lower"", ""unique_population_reached_by_deadline_rate"": ""higher"", ""unserved_genuine_incidents"": ""lower""}"
policy,revised_priority,legacy_priority,"{""partition"": ""product_cij""}",max_arrival_min,lower,-126.5661704,271.7816545,-69.16695358,"[-176.52903303713688, -80.2109517051006]",126.5661704,7.72311683e-06,0.0001004005188,1807,120,43,74,3,-0.4656906317,-0.4764595104,positive means candidate is better,120,4.1.0,test:3000-3039,a7c7a3f7ea63e57f1d98bd42f21c02aa04a69eaa37c824584a2be65f00f2d7e1,"{""numpy"": ""2.0.2"", ""pandas"": ""2.2.2"", ""python-louvain"": ""0.16"", ""scikit-learn"": ""1.6.1"", ""scipy"": ""1.16.3""}","{""additive"": {""calibration_objective"": 0.024220283682757516, ""knn"": 8, ""q"": 0.95}, ""error_model"": ""conservative-v1"", ""product"": {""knn"": 8, ""resolution"": 1.2, ""sigma_geo_m"": 900.0, ""tau_temp_min"": 60.0, ""threshold_quantile"": 0.95, ""track"": ""operational_label_free""}}","{""arrival_equity_gap_min"": ""lower"", ""boat_workload_cv"": ""lower"", ""cvar90_arrival_min"": ""lower"", ""deadline_miss_rate"": ""lower"", ""duplicate_dispatches"": ""lower"", ""fake_dispatches"": ""lower"", ""latent_harm"": ""lower"", ""max_arrival_min"": ""lower"", ""mean_arrival_min"": ""lower"", ""merge_caused_misses"": ""lower"", ""split_trips"": ""lower"", ""total_fleet_workload_min"": ""lower"", ""unique_population_reached_by_deadline_rate"": ""higher"", ""unserved_genuine_incidents"": ""lower""}"
policy,revised_priority,legacy_priority,"{""partition"": ""product_cij""}",cvar90_arrival_min,lower,-87.39232798,194.8268169,-56.8310906,"[-122.00115748412037, -54.368342439405595]",87.39232798,1.599670784e-05,0.000191960494,1943,120,44,75,1,-0.4485641627,-0.4557422969,positive means candidate is better,120,4.1.0,test:3000-3039,a7c7a3f7ea63e57f1d98bd42f21c02aa04a69eaa37c824584a2be65f00f2d7e1,"{""numpy"": ""2.0.2"", ""pandas"": ""2.2.2"", ""python-louvain"": ""0.16"", ""scikit-learn"": ""1.6.1"", ""scipy"": ""1.16.3""}","{""additive"": {""calibration_objective"": 0.024220283682757516, ""knn"": 8, ""q"": 0.95}, ""error_model"": ""conservative-v1"", ""product"": {""knn"": 8, ""resolution"": 1.2, ""sigma_geo_m"": 900.0, ""tau_temp_min"": 60.0, ""threshold_quantile"": 0.95, ""track"": ""operational_label_free""}}","{""arrival_equity_gap_min"": ""lower"", ""boat_workload_cv"": ""lower"", ""cvar90_arrival_min"": ""lower"", ""deadline_miss_rate"": ""lower"", ""duplicate_dispatches"": ""lower"", ""fake_dispatches"": ""lower"", ""latent_harm"": ""lower"", ""max_arrival_min"": ""lower"", ""mean_arrival_min"": ""lower"", ""merge_caused_misses"": ""lower"", ""split_trips"": ""lower"", ""total_fleet_workload_min"": ""lower"", ""unique_population_reached_by_deadline_rate"": ""higher"", ""unserved_genuine_incidents"": ""lower""}"
policy,revised_priority,legacy_priority,"{""partition"": ""product_cij""}",unique_population_reached_by_deadline_rate,higher,0.02725072793,0.09159568219,0,"[0.010913361641472911, 0.043814910553565234]",0.02725072793,0.002115479817,0.02327027799,670,120,43,25,52,0.2975110537,0.4288150043,positive means candidate is better,120,4.1.0,test:3000-3039,a7c7a3f7ea63e57f1d98bd42f21c02aa04a69eaa37c824584a2be65f00f2d7e1,"{""numpy"": ""2.0.2"", ""pandas"": ""2.2.2"", ""python-louvain"": ""0.16"", ""scikit-learn"": ""1.6.1"", ""scipy"": ""1.16.3""}","{""additive"": {""calibration_objective"": 0.024220283682757516, ""knn"": 8, ""q"": 0.95}, ""error_model"": ""conservative-v1"", ""product"": {""knn"": 8, ""resolution"": 1.2, ""sigma_geo_m"": 900.0, ""tau_temp_min"": 60.0, ""threshold_quantile"": 0.95, ""track"": ""operational_label_free""}}","{""arrival_equity_gap_min"": ""lower"", ""boat_workload_cv"": ""lower"", ""cvar90_arrival_min"": ""lower"", ""deadline_miss_rate"": ""lower"", ""duplicate_dispatches"": ""lower"", ""fake_dispatches"": ""lower"", ""latent_harm"": ""lower"", ""max_arrival_min"": ""lower"", ""mean_arrival_min"": ""lower"", ""merge_caused_misses"": ""lower"", ""split_trips"": ""lower"", ""total_fleet_workload_min"": ""lower"", ""unique_population_reached_by_deadline_rate"": ""higher"", ""unserved_genuine_incidents"": ""lower""}"
policy,revised_priority,legacy_priority,"{""partition"": ""product_cij""}",total_fleet_workload_min,lower,194.1424312,709.0792102,184.4398217,"[68.05587177873723, 319.5546540138716]",-194.1424312,0.004716862612,0.04716862612,2551,120,74,46,0,0.2737951253,0.2972451791,positive means candidate is better,120,4.1.0,test:3000-3039,a7c7a3f7ea63e57f1d98bd42f21c02aa04a69eaa37c824584a2be65f00f2d7e1,"{""numpy"": ""2.0.2"", ""pandas"": ""2.2.2"", ""python-louvain"": ""0.16"", ""scikit-learn"": ""1.6.1"", ""scipy"": ""1.16.3""}","{""additive"": {""calibration_objective"": 0.024220283682757516, ""knn"": 8, ""q"": 0.95}, ""error_model"": ""conservative-v1"", ""product"": {""knn"": 8, ""resolution"": 1.2, ""sigma_geo_m"": 900.0, ""tau_temp_min"": 60.0, ""threshold_quantile"": 0.95, ""track"": ""operational_label_free""}}","{""arrival_equity_gap_min"": ""lower"", ""boat_workload_cv"": ""lower"", ""cvar90_arrival_min"": ""lower"", ""deadline_miss_rate"": ""lower"", ""duplicate_dispatches"": ""lower"", ""fake_dispatches"": ""lower"", ""latent_harm"": ""lower"", ""max_arrival_min"": ""lower"", ""mean_arrival_min"": ""lower"", ""merge_caused_misses"": ""lower"", ""split_trips"": ""lower"", ""total_fleet_workload_min"": ""lower"", ""unique_population_reached_by_deadline_rate"": ""higher"", ""unserved_genuine_incidents"": ""lower""}"
policy,revised_priority,legacy_priority,"{""partition"": ""product_cij""}",boat_workload_cv,lower,-5.146623299e-05,0.01466188511,-0.001323418507,"[-0.002708847170645252, 0.0025565949252465835]",5.146623299e-05,0.8854706204,1,3575,120,57,63,0,-0.00351020572,0.01515151515,positive means candidate is better,120,4.1.0,test:3000-3039,a7c7a3f7ea63e57f1d98bd42f21c02aa04a69eaa37c824584a2be65f00f2d7e1,"{""numpy"": ""2.0.2"", ""pandas"": ""2.2.2"", ""python-louvain"": ""0.16"", ""scikit-learn"": ""1.6.1"", ""scipy"": ""1.16.3""}","{""additive"": {""calibration_objective"": 0.024220283682757516, ""knn"": 8, ""q"": 0.95}, ""error_model"": ""conservative-v1"", ""product"": {""knn"": 8, ""resolution"": 1.2, ""sigma_geo_m"": 900.0, ""tau_temp_min"": 60.0, ""threshold_quantile"": 0.95, ""track"": ""operational_label_free""}}","{""arrival_equity_gap_min"": ""lower"", ""boat_workload_cv"": ""lower"", ""cvar90_arrival_min"": ""lower"", ""deadline_miss_rate"": ""lower"", ""duplicate_dispatches"": ""lower"", ""fake_dispatches"": ""lower"", ""latent_harm"": ""lower"", ""max_arrival_min"": ""lower"", ""mean_arrival_min"": ""lower"", ""merge_caused_misses"": ""lower"", ""split_trips"": ""lower"", ""total_fleet_workload_min"": ""lower"", ""unique_population_reached_by_deadline_rate"": ""higher"", ""unserved_genuine_incidents"": ""lower""}"
policy,revised_priority,legacy_priority,"{""partition"": ""product_cij""}",arrival_equity_gap_min,lower,-55.98456639,112.1405134,-37.88041431,"[-76.32981919057106, -36.31202039888614]",55.98456639,6.496150694e-07,9.094610971e-06,1730,120,37,83,0,-0.4992358666,-0.523415978,positive means candidate is better,120,4.1.0,test:3000-3039,a7c7a3f7ea63e57f1d98bd42f21c02aa04a69eaa37c824584a2be65f00f2d7e1,"{""numpy"": ""2.0.2"", ""pandas"": ""2.2.2"", ""python-louvain"": ""0.16"", ""scikit-learn"": ""1.6.1"", ""scipy"": ""1.16.3""}","{""additive"": {""calibration_objective"": 0.024220283682757516, ""knn"": 8, ""q"": 0.95}, ""error_model"": ""conservative-v1"", ""product"": {""knn"": 8, ""resolution"": 1.2, ""sigma_geo_m"": 900.0, ""tau_temp_min"": 60.0, ""threshold_quantile"": 0.95, ""track"": ""operational_label_free""}}","{""arrival_equity_gap_min"": ""lower"", ""boat_workload_cv"": ""lower"", ""cvar90_arrival_min"": ""lower"", ""deadline_miss_rate"": ""lower"", ""duplicate_dispatches"": ""lower"", ""fake_dispatches"": ""lower"", ""latent_harm"": ""lower"", ""max_arrival_min"": ""lower"", ""mean_arrival_min"": ""lower"", ""merge_caused_misses"": ""lower"", ""split_trips"": ""lower"", ""total_fleet_workload_min"": ""lower"", ""unique_population_reached_by_deadline_rate"": ""higher"", ""unserved_genuine_incidents"": ""lower""}"
policy,revised_priority,legacy_priority,"{""partition"": ""product_cij""}",split_trips,lower,0,0,0,"[0.0, 0.0]",0,1,1,0,120,0,0,120,0,0,positive means candidate is better,120,4.1.0,test:3000-3039,a7c7a3f7ea63e57f1d98bd42f21c02aa04a69eaa37c824584a2be65f00f2d7e1,"{""numpy"": ""2.0.2"", ""pandas"": ""2.2.2"", ""python-louvain"": ""0.16"", ""scikit-learn"": ""1.6.1"", ""scipy"": ""1.16.3""}","{""additive"": {""calibration_objective"": 0.024220283682757516, ""knn"": 8, ""q"": 0.95}, ""error_model"": ""conservative-v1"", ""product"": {""knn"": 8, ""resolution"": 1.2, ""sigma_geo_m"": 900.0, ""tau_temp_min"": 60.0, ""threshold_quantile"": 0.95, ""track"": ""operational_label_free""}}","{""arrival_equity_gap_min"": ""lower"", ""boat_workload_cv"": ""lower"", ""cvar90_arrival_min"": ""lower"", ""deadline_miss_rate"": ""lower"", ""duplicate_dispatches"": ""lower"", ""fake_dispatches"": ""lower"", ""latent_harm"": ""lower"", ""max_arrival_min"": ""lower"", ""mean_arrival_min"": ""lower"", ""merge_caused_misses"": ""lower"", ""split_trips"": ""lower"", ""total_fleet_workload_min"": ""lower"", ""unique_population_reached_by_deadline_rate"": ""higher"", ""unserved_genuine_incidents"": ""lower""}"
policy,revised_priority,legacy_priority,"{""partition"": ""product_cij""}",merge_caused_misses,lower,0,0,0,"[0.0, 0.0]",0,1,1,0,120,0,0,120,0,0,positive means candidate is better,120,4.1.0,test:3000-3039,a7c7a3f7ea63e57f1d98bd42f21c02aa04a69eaa37c824584a2be65f00f2d7e1,"{""numpy"": ""2.0.2"", ""pandas"": ""2.2.2"", ""python-louvain"": ""0.16"", ""scikit-learn"": ""1.6.1"", ""scipy"": ""1.16.3""}","{""additive"": {""calibration_objective"": 0.024220283682757516, ""knn"": 8, ""q"": 0.95}, ""error_model"": ""conservative-v1"", ""product"": {""knn"": 8, ""resolution"": 1.2, ""sigma_geo_m"": 900.0, ""tau_temp_min"": 60.0, ""threshold_quantile"": 0.95, ""track"": ""operational_label_free""}}","{""arrival_equity_gap_min"": ""lower"", ""boat_workload_cv"": ""lower"", ""cvar90_arrival_min"": ""lower"", ""deadline_miss_rate"": ""lower"", ""duplicate_dispatches"": ""lower"", ""fake_dispatches"": ""lower"", ""latent_harm"": ""lower"", ""max_arrival_min"": ""lower"", ""mean_arrival_min"": ""lower"", ""merge_caused_misses"": ""lower"", ""split_trips"": ""lower"", ""total_fleet_workload_min"": ""lower"", ""unique_population_reached_by_deadline_rate"": ""higher"", ""unserved_genuine_incidents"": ""lower""}"
policy,revised_priority,legacy_priority,"{""partition"": ""product_cij""}",fake_dispatches,lower,0,0,0,"[0.0, 0.0]",0,1,1,0,120,0,0,120,0,0,positive means candidate is better,120,4.1.0,test:3000-3039,a7c7a3f7ea63e57f1d98bd42f21c02aa04a69eaa37c824584a2be65f00f2d7e1,"{""numpy"": ""2.0.2"", ""pandas"": ""2.2.2"", ""python-louvain"": ""0.16"", ""scikit-learn"": ""1.6.1"", ""scipy"": ""1.16.3""}","{""additive"": {""calibration_objective"": 0.024220283682757516, ""knn"": 8, ""q"": 0.95}, ""error_model"": ""conservative-v1"", ""product"": {""knn"": 8, ""resolution"": 1.2, ""sigma_geo_m"": 900.0, ""tau_temp_min"": 60.0, ""threshold_quantile"": 0.95, ""track"": ""operational_label_free""}}","{""arrival_equity_gap_min"": ""lower"", ""boat_workload_cv"": ""lower"", ""cvar90_arrival_min"": ""lower"", ""deadline_miss_rate"": ""lower"", ""duplicate_dispatches"": ""lower"", ""fake_dispatches"": ""lower"", ""latent_harm"": ""lower"", ""max_arrival_min"": ""lower"", ""mean_arrival_min"": ""lower"", ""merge_caused_misses"": ""lower"", ""split_trips"": ""lower"", ""total_fleet_workload_min"": ""lower"", ""unique_population_reached_by_deadline_rate"": ""higher"", ""unserved_genuine_incidents"": ""lower""}"
policy,revised_priority,legacy_priority,"{""partition"": ""product_cij""}",duplicate_dispatches,lower,0,0,0,"[0.0, 0.0]",0,1,1,0,120,0,0,120,0,0,positive means candidate is better,120,4.1.0,test:3000-3039,a7c7a3f7ea63e57f1d98bd42f21c02aa04a69eaa37c824584a2be65f00f2d7e1,"{""numpy"": ""2.0.2"", ""pandas"": ""2.2.2"", ""python-louvain"": ""0.16"", ""scikit-learn"": ""1.6.1"", ""scipy"": ""1.16.3""}","{""additive"": {""calibration_objective"": 0.024220283682757516, ""knn"": 8, ""q"": 0.95}, ""error_model"": ""conservative-v1"", ""product"": {""knn"": 8, ""resolution"": 1.2, ""sigma_geo_m"": 900.0, ""tau_temp_min"": 60.0, ""threshold_quantile"": 0.95, ""track"": ""operational_label_free""}}","{""arrival_equity_gap_min"": ""lower"", ""boat_workload_cv"": ""lower"", ""cvar90_arrival_min"": ""lower"", ""deadline_miss_rate"": ""lower"", ""duplicate_dispatches"": ""lower"", ""fake_dispatches"": ""lower"", ""latent_harm"": ""lower"", ""max_arrival_min"": ""lower"", ""mean_arrival_min"": ""lower"", ""merge_caused_misses"": ""lower"", ""split_trips"": ""lower"", ""total_fleet_workload_min"": ""lower"", ""unique_population_reached_by_deadline_rate"": ""higher"", ""unserved_genuine_incidents"": ""lower""}"
policy,revised_priority,legacy_priority,"{""partition"": ""product_cij""}",unserved_genuine_incidents,lower,0,0,0,"[0.0, 0.0]",0,1,1,0,120,0,0,120,0,0,positive means candidate is better,120,4.1.0,test:3000-3039,a7c7a3f7ea63e57f1d98bd42f21c02aa04a69eaa37c824584a2be65f00f2d7e1,"{""numpy"": ""2.0.2"", ""pandas"": ""2.2.2"", ""python-louvain"": ""0.16"", ""scikit-learn"": ""1.6.1"", ""scipy"": ""1.16.3""}","{""additive"": {""calibration_objective"": 0.024220283682757516, ""knn"": 8, ""q"": 0.95}, ""error_model"": ""conservative-v1"", ""product"": {""knn"": 8, ""resolution"": 1.2, ""sigma_geo_m"": 900.0, ""tau_temp_min"": 60.0, ""threshold_quantile"": 0.95, ""track"": ""operational_label_free""}}","{""arrival_equity_gap_min"": ""lower"", ""boat_workload_cv"": ""lower"", ""cvar90_arrival_min"": ""lower"", ""deadline_miss_rate"": ""lower"", ""duplicate_dispatches"": ""lower"", ""fake_dispatches"": ""lower"", ""latent_harm"": ""lower"", ""max_arrival_min"": ""lower"", ""mean_arrival_min"": ""lower"", ""merge_caused_misses"": ""lower"", ""split_trips"": ""lower"", ""total_fleet_workload_min"": ""lower"", ""unique_population_reached_by_deadline_rate"": ""higher"", ""unserved_genuine_incidents"": ""lower""}"
policy,revised_priority,nearest_first,"{""partition"": ""product_cij""}",latent_harm,lower,-69.88463928,121.9623843,-56.36752686,"[-91.98395277887522, -48.2346958995025]",69.88463928,2.220192392e-08,1.776153914e-07,1494,120,34,86,0,-0.5730015829,-0.5884297521,positive means candidate is better,120,4.1.0,test:3000-3039,a7c7a3f7ea63e57f1d98bd42f21c02aa04a69eaa37c824584a2be65f00f2d7e1,"{""numpy"": ""2.0.2"", ""pandas"": ""2.2.2"", ""python-louvain"": ""0.16"", ""scikit-learn"": ""1.6.1"", ""scipy"": ""1.16.3""}","{""additive"": {""calibration_objective"": 0.024220283682757516, ""knn"": 8, ""q"": 0.95}, ""error_model"": ""conservative-v1"", ""product"": {""knn"": 8, ""resolution"": 1.2, ""sigma_geo_m"": 900.0, ""tau_temp_min"": 60.0, ""threshold_quantile"": 0.95, ""track"": ""operational_label_free""}}","{""arrival_equity_gap_min"": ""lower"", ""boat_workload_cv"": ""lower"", ""cvar90_arrival_min"": ""lower"", ""deadline_miss_rate"": ""lower"", ""duplicate_dispatches"": ""lower"", ""fake_dispatches"": ""lower"", ""latent_harm"": ""lower"", ""max_arrival_min"": ""lower"", ""mean_arrival_min"": ""lower"", ""merge_caused_misses"": ""lower"", ""split_trips"": ""lower"", ""total_fleet_workload_min"": ""lower"", ""unique_population_reached_by_deadline_rate"": ""higher"", ""unserved_genuine_incidents"": ""lower""}"
policy,revised_priority,nearest_first,"{""partition"": ""product_cij""}",deadline_miss_rate,lower,-0.1770833333,0.1613064875,-0.1875,"[-0.20520833333333333, -0.14895833333333333]",0.1770833333,2.508724272e-16,3.010469126e-15,295.5,120,11,98,11,-1.097806642,-0.9014178482,positive means candidate is better,120,4.1.0,test:3000-3039,a7c7a3f7ea63e57f1d98bd42f21c02aa04a69eaa37c824584a2be65f00f2d7e1,"{""numpy"": ""2.0.2"", ""pandas"": ""2.2.2"", ""python-louvain"": ""0.16"", ""scikit-learn"": ""1.6.1"", ""scipy"": ""1.16.3""}","{""additive"": {""calibration_objective"": 0.024220283682757516, ""knn"": 8, ""q"": 0.95}, ""error_model"": ""conservative-v1"", ""product"": {""knn"": 8, ""resolution"": 1.2, ""sigma_geo_m"": 900.0, ""tau_temp_min"": 60.0, ""threshold_quantile"": 0.95, ""track"": ""operational_label_free""}}","{""arrival_equity_gap_min"": ""lower"", ""boat_workload_cv"": ""lower"", ""cvar90_arrival_min"": ""lower"", ""deadline_miss_rate"": ""lower"", ""duplicate_dispatches"": ""lower"", ""fake_dispatches"": ""lower"", ""latent_harm"": ""lower"", ""max_arrival_min"": ""lower"", ""mean_arrival_min"": ""lower"", ""merge_caused_misses"": ""lower"", ""split_trips"": ""lower"", ""total_fleet_workload_min"": ""lower"", ""unique_population_reached_by_deadline_rate"": ""higher"", ""unserved_genuine_incidents"": ""lower""}"
policy,revised_priority,nearest_first,"{""partition"": ""product_cij""}",mean_arrival_min,lower,-96.77614303,123.3418931,-103.3474797,"[-119.26596878427671, -74.8948371908021]",96.77614303,7.071670159e-12,6.364503143e-11,1012,120,27,93,0,-0.7846169751,-0.7212121212,positive means candidate is better,120,4.1.0,test:3000-3039,a7c7a3f7ea63e57f1d98bd42f21c02aa04a69eaa37c824584a2be65f00f2d7e1,"{""numpy"": ""2.0.2"", ""pandas"": ""2.2.2"", ""python-louvain"": ""0.16"", ""scikit-learn"": ""1.6.1"", ""scipy"": ""1.16.3""}","{""additive"": {""calibration_objective"": 0.024220283682757516, ""knn"": 8, ""q"": 0.95}, ""error_model"": ""conservative-v1"", ""product"": {""knn"": 8, ""resolution"": 1.2, ""sigma_geo_m"": 900.0, ""tau_temp_min"": 60.0, ""threshold_quantile"": 0.95, ""track"": ""operational_label_free""}}","{""arrival_equity_gap_min"": ""lower"", ""boat_workload_cv"": ""lower"", ""cvar90_arrival_min"": ""lower"", ""deadline_miss_rate"": ""lower"", ""duplicate_dispatches"": ""lower"", ""fake_dispatches"": ""lower"", ""latent_harm"": ""lower"", ""max_arrival_min"": ""lower"", ""mean_arrival_min"": ""lower"", ""merge_caused_misses"": ""lower"", ""split_trips"": ""lower"", ""total_fleet_workload_min"": ""lower"", ""unique_population_reached_by_deadline_rate"": ""higher"", ""unserved_genuine_incidents"": ""lower""}"
policy,revised_priority,nearest_first,"{""partition"": ""product_cij""}",max_arrival_min,lower,-195.6034272,353.3023526,-114.4363658,"[-261.8954585896667, -133.08190711743288]",195.6034272,8.253390489e-08,5.777373342e-07,1514,120,35,83,2,-0.5536431494,-0.5687224042,positive means candidate is better,120,4.1.0,test:3000-3039,a7c7a3f7ea63e57f1d98bd42f21c02aa04a69eaa37c824584a2be65f00f2d7e1,"{""numpy"": ""2.0.2"", ""pandas"": ""2.2.2"", ""python-louvain"": ""0.16"", ""scikit-learn"": ""1.6.1"", ""scipy"": ""1.16.3""}","{""additive"": {""calibration_objective"": 0.024220283682757516, ""knn"": 8, ""q"": 0.95}, ""error_model"": ""conservative-v1"", ""product"": {""knn"": 8, ""resolution"": 1.2, ""sigma_geo_m"": 900.0, ""tau_temp_min"": 60.0, ""threshold_quantile"": 0.95, ""track"": ""operational_label_free""}}","{""arrival_equity_gap_min"": ""lower"", ""boat_workload_cv"": ""lower"", ""cvar90_arrival_min"": ""lower"", ""deadline_miss_rate"": ""lower"", ""duplicate_dispatches"": ""lower"", ""fake_dispatches"": ""lower"", ""latent_harm"": ""lower"", ""max_arrival_min"": ""lower"", ""mean_arrival_min"": ""lower"", ""merge_caused_misses"": ""lower"", ""split_trips"": ""lower"", ""total_fleet_workload_min"": ""lower"", ""unique_population_reached_by_deadline_rate"": ""higher"", ""unserved_genuine_incidents"": ""lower""}"
policy,revised_priority,nearest_first,"{""partition"": ""product_cij""}",cvar90_arrival_min,lower,-154.1613148,292.6713819,-110.2139678,"[-208.4249586830468, -101.38329640868173]",154.1613148,9.335985752e-07,5.601591451e-06,1757,120,42,78,0,-0.526738603,-0.5159779614,positive means candidate is better,120,4.1.0,test:3000-3039,a7c7a3f7ea63e57f1d98bd42f21c02aa04a69eaa37c824584a2be65f00f2d7e1,"{""numpy"": ""2.0.2"", ""pandas"": ""2.2.2"", ""python-louvain"": ""0.16"", ""scikit-learn"": ""1.6.1"", ""scipy"": ""1.16.3""}","{""additive"": {""calibration_objective"": 0.024220283682757516, ""knn"": 8, ""q"": 0.95}, ""error_model"": ""conservative-v1"", ""product"": {""knn"": 8, ""resolution"": 1.2, ""sigma_geo_m"": 900.0, ""tau_temp_min"": 60.0, ""threshold_quantile"": 0.95, ""track"": ""operational_label_free""}}","{""arrival_equity_gap_min"": ""lower"", ""boat_workload_cv"": ""lower"", ""cvar90_arrival_min"": ""lower"", ""deadline_miss_rate"": ""lower"", ""duplicate_dispatches"": ""lower"", ""fake_dispatches"": ""lower"", ""latent_harm"": ""lower"", ""max_arrival_min"": ""lower"", ""mean_arrival_min"": ""lower"", ""merge_caused_misses"": ""lower"", ""split_trips"": ""lower"", ""total_fleet_workload_min"": ""lower"", ""unique_population_reached_by_deadline_rate"": ""higher"", ""unserved_genuine_incidents"": ""lower""}"
policy,revised_priority,nearest_first,"{""partition"": ""product_cij""}",unique_population_reached_by_deadline_rate,higher,-0.1516442428,0.1677459255,-0.1514619883,"[-0.1809604999671422, -0.12219615021055337]",-0.1516442428,1.602822096e-14,1.602822096e-13,651,120,21,97,2,-0.9040114825,-0.814556331,positive means candidate is better,120,4.1.0,test:3000-3039,a7c7a3f7ea63e57f1d98bd42f21c02aa04a69eaa37c824584a2be65f00f2d7e1,"{""numpy"": ""2.0.2"", ""pandas"": ""2.2.2"", ""python-louvain"": ""0.16"", ""scikit-learn"": ""1.6.1"", ""scipy"": ""1.16.3""}","{""additive"": {""calibration_objective"": 0.024220283682757516, ""knn"": 8, ""q"": 0.95}, ""error_model"": ""conservative-v1"", ""product"": {""knn"": 8, ""resolution"": 1.2, ""sigma_geo_m"": 900.0, ""tau_temp_min"": 60.0, ""threshold_quantile"": 0.95, ""track"": ""operational_label_free""}}","{""arrival_equity_gap_min"": ""lower"", ""boat_workload_cv"": ""lower"", ""cvar90_arrival_min"": ""lower"", ""deadline_miss_rate"": ""lower"", ""duplicate_dispatches"": ""lower"", ""fake_dispatches"": ""lower"", ""latent_harm"": ""lower"", ""max_arrival_min"": ""lower"", ""mean_arrival_min"": ""lower"", ""merge_caused_misses"": ""lower"", ""split_trips"": ""lower"", ""total_fleet_workload_min"": ""lower"", ""unique_population_reached_by_deadline_rate"": ""higher"", ""unserved_genuine_incidents"": ""lower""}"
policy,revised_priority,nearest_first,"{""partition"": ""product_cij""}",total_fleet_workload_min,lower,-5864.839184,1417.025652,-5858.572639,"[-6117.185384961017, -5613.258929161653]",5864.839184,1.971951712e-21,2.760732397e-20,0,120,0,120,0,-4.138837694,-1,positive means candidate is better,120,4.1.0,test:3000-3039,a7c7a3f7ea63e57f1d98bd42f21c02aa04a69eaa37c824584a2be65f00f2d7e1,"{""numpy"": ""2.0.2"", ""pandas"": ""2.2.2"", ""python-louvain"": ""0.16"", ""scikit-learn"": ""1.6.1"", ""scipy"": ""1.16.3""}","{""additive"": {""calibration_objective"": 0.024220283682757516, ""knn"": 8, ""q"": 0.95}, ""error_model"": ""conservative-v1"", ""product"": {""knn"": 8, ""resolution"": 1.2, ""sigma_geo_m"": 900.0, ""tau_temp_min"": 60.0, ""threshold_quantile"": 0.95, ""track"": ""operational_label_free""}}","{""arrival_equity_gap_min"": ""lower"", ""boat_workload_cv"": ""lower"", ""cvar90_arrival_min"": ""lower"", ""deadline_miss_rate"": ""lower"", ""duplicate_dispatches"": ""lower"", ""fake_dispatches"": ""lower"", ""latent_harm"": ""lower"", ""max_arrival_min"": ""lower"", ""mean_arrival_min"": ""lower"", ""merge_caused_misses"": ""lower"", ""split_trips"": ""lower"", ""total_fleet_workload_min"": ""lower"", ""unique_population_reached_by_deadline_rate"": ""higher"", ""unserved_genuine_incidents"": ""lower""}"
policy,revised_priority,nearest_first,"{""partition"": ""product_cij""}",boat_workload_cv,lower,0.04389618389,0.03986405107,0.03311004928,"[0.03674313483004364, 0.0508899816378195]",-0.04389618389,2.579358302e-19,3.353165792e-18,199,120,113,7,0,1.101147092,0.9451790634,positive means candidate is better,120,4.1.0,test:3000-3039,a7c7a3f7ea63e57f1d98bd42f21c02aa04a69eaa37c824584a2be65f00f2d7e1,"{""numpy"": ""2.0.2"", ""pandas"": ""2.2.2"", ""python-louvain"": ""0.16"", ""scikit-learn"": ""1.6.1"", ""scipy"": ""1.16.3""}","{""additive"": {""calibration_objective"": 0.024220283682757516, ""knn"": 8, ""q"": 0.95}, ""error_model"": ""conservative-v1"", ""product"": {""knn"": 8, ""resolution"": 1.2, ""sigma_geo_m"": 900.0, ""tau_temp_min"": 60.0, ""threshold_quantile"": 0.95, ""track"": ""operational_label_free""}}","{""arrival_equity_gap_min"": ""lower"", ""boat_workload_cv"": ""lower"", ""cvar90_arrival_min"": ""lower"", ""deadline_miss_rate"": ""lower"", ""duplicate_dispatches"": ""lower"", ""fake_dispatches"": ""lower"", ""latent_harm"": ""lower"", ""max_arrival_min"": ""lower"", ""mean_arrival_min"": ""lower"", ""merge_caused_misses"": ""lower"", ""split_trips"": ""lower"", ""total_fleet_workload_min"": ""lower"", ""unique_population_reached_by_deadline_rate"": ""higher"", ""unserved_genuine_incidents"": ""lower""}"
policy,revised_priority,nearest_first,"{""partition"": ""product_cij""}",arrival_equity_gap_min,lower,318.9430522,372.6225453,235.5582494,"[253.07926286481424, 385.7611261390595]",-318.9430522,8.512438136e-15,9.363681949e-14,667,120,99,21,0,0.8559413706,0.8162534435,positive means candidate is better,120,4.1.0,test:3000-3039,a7c7a3f7ea63e57f1d98bd42f21c02aa04a69eaa37c824584a2be65f00f2d7e1,"{""numpy"": ""2.0.2"", ""pandas"": ""2.2.2"", ""python-louvain"": ""0.16"", ""scikit-learn"": ""1.6.1"", ""scipy"": ""1.16.3""}","{""additive"": {""calibration_objective"": 0.024220283682757516, ""knn"": 8, ""q"": 0.95}, ""error_model"": ""conservative-v1"", ""product"": {""knn"": 8, ""resolution"": 1.2, ""sigma_geo_m"": 900.0, ""tau_temp_min"": 60.0, ""threshold_quantile"": 0.95, ""track"": ""operational_label_free""}}","{""arrival_equity_gap_min"": ""lower"", ""boat_workload_cv"": ""lower"", ""cvar90_arrival_min"": ""lower"", ""deadline_miss_rate"": ""lower"", ""duplicate_dispatches"": ""lower"", ""fake_dispatches"": ""lower"", ""latent_harm"": ""lower"", ""max_arrival_min"": ""lower"", ""mean_arrival_min"": ""lower"", ""merge_caused_misses"": ""lower"", ""split_trips"": ""lower"", ""total_fleet_workload_min"": ""lower"", ""unique_population_reached_by_deadline_rate"": ""higher"", ""unserved_genuine_incidents"": ""lower""}"
policy,revised_priority,nearest_first,"{""partition"": ""product_cij""}",split_trips,lower,0,0,0,"[0.0, 0.0]",0,1,1,0,120,0,0,120,0,0,positive means candidate is better,120,4.1.0,test:3000-3039,a7c7a3f7ea63e57f1d98bd42f21c02aa04a69eaa37c824584a2be65f00f2d7e1,"{""numpy"": ""2.0.2"", ""pandas"": ""2.2.2"", ""python-louvain"": ""0.16"", ""scikit-learn"": ""1.6.1"", ""scipy"": ""1.16.3""}","{""additive"": {""calibration_objective"": 0.024220283682757516, ""knn"": 8, ""q"": 0.95}, ""error_model"": ""conservative-v1"", ""product"": {""knn"": 8, ""resolution"": 1.2, ""sigma_geo_m"": 900.0, ""tau_temp_min"": 60.0, ""threshold_quantile"": 0.95, ""track"": ""operational_label_free""}}","{""arrival_equity_gap_min"": ""lower"", ""boat_workload_cv"": ""lower"", ""cvar90_arrival_min"": ""lower"", ""deadline_miss_rate"": ""lower"", ""duplicate_dispatches"": ""lower"", ""fake_dispatches"": ""lower"", ""latent_harm"": ""lower"", ""max_arrival_min"": ""lower"", ""mean_arrival_min"": ""lower"", ""merge_caused_misses"": ""lower"", ""split_trips"": ""lower"", ""total_fleet_workload_min"": ""lower"", ""unique_population_reached_by_deadline_rate"": ""higher"", ""unserved_genuine_incidents"": ""lower""}"
policy,revised_priority,nearest_first,"{""partition"": ""product_cij""}",merge_caused_misses,lower,0,0,0,"[0.0, 0.0]",0,1,1,0,120,0,0,120,0,0,positive means candidate is better,120,4.1.0,test:3000-3039,a7c7a3f7ea63e57f1d98bd42f21c02aa04a69eaa37c824584a2be65f00f2d7e1,"{""numpy"": ""2.0.2"", ""pandas"": ""2.2.2"", ""python-louvain"": ""0.16"", ""scikit-learn"": ""1.6.1"", ""scipy"": ""1.16.3""}","{""additive"": {""calibration_objective"": 0.024220283682757516, ""knn"": 8, ""q"": 0.95}, ""error_model"": ""conservative-v1"", ""product"": {""knn"": 8, ""resolution"": 1.2, ""sigma_geo_m"": 900.0, ""tau_temp_min"": 60.0, ""threshold_quantile"": 0.95, ""track"": ""operational_label_free""}}","{""arrival_equity_gap_min"": ""lower"", ""boat_workload_cv"": ""lower"", ""cvar90_arrival_min"": ""lower"", ""deadline_miss_rate"": ""lower"", ""duplicate_dispatches"": ""lower"", ""fake_dispatches"": ""lower"", ""latent_harm"": ""lower"", ""max_arrival_min"": ""lower"", ""mean_arrival_min"": ""lower"", ""merge_caused_misses"": ""lower"", ""split_trips"": ""lower"", ""total_fleet_workload_min"": ""lower"", ""unique_population_reached_by_deadline_rate"": ""higher"", ""unserved_genuine_incidents"": ""lower""}"
policy,revised_priority,nearest_first,"{""partition"": ""product_cij""}",fake_dispatches,lower,0,0,0,"[0.0, 0.0]",0,1,1,0,120,0,0,120,0,0,positive means candidate is better,120,4.1.0,test:3000-3039,a7c7a3f7ea63e57f1d98bd42f21c02aa04a69eaa37c824584a2be65f00f2d7e1,"{""numpy"": ""2.0.2"", ""pandas"": ""2.2.2"", ""python-louvain"": ""0.16"", ""scikit-learn"": ""1.6.1"", ""scipy"": ""1.16.3""}","{""additive"": {""calibration_objective"": 0.024220283682757516, ""knn"": 8, ""q"": 0.95}, ""error_model"": ""conservative-v1"", ""product"": {""knn"": 8, ""resolution"": 1.2, ""sigma_geo_m"": 900.0, ""tau_temp_min"": 60.0, ""threshold_quantile"": 0.95, ""track"": ""operational_label_free""}}","{""arrival_equity_gap_min"": ""lower"", ""boat_workload_cv"": ""lower"", ""cvar90_arrival_min"": ""lower"", ""deadline_miss_rate"": ""lower"", ""duplicate_dispatches"": ""lower"", ""fake_dispatches"": ""lower"", ""latent_harm"": ""lower"", ""max_arrival_min"": ""lower"", ""mean_arrival_min"": ""lower"", ""merge_caused_misses"": ""lower"", ""split_trips"": ""lower"", ""total_fleet_workload_min"": ""lower"", ""unique_population_reached_by_deadline_rate"": ""higher"", ""unserved_genuine_incidents"": ""lower""}"
policy,revised_priority,nearest_first,"{""partition"": ""product_cij""}",duplicate_dispatches,lower,0,0,0,"[0.0, 0.0]",0,1,1,0,120,0,0,120,0,0,positive means candidate is better,120,4.1.0,test:3000-3039,a7c7a3f7ea63e57f1d98bd42f21c02aa04a69eaa37c824584a2be65f00f2d7e1,"{""numpy"": ""2.0.2"", ""pandas"": ""2.2.2"", ""python-louvain"": ""0.16"", ""scikit-learn"": ""1.6.1"", ""scipy"": ""1.16.3""}","{""additive"": {""calibration_objective"": 0.024220283682757516, ""knn"": 8, ""q"": 0.95}, ""error_model"": ""conservative-v1"", ""product"": {""knn"": 8, ""resolution"": 1.2, ""sigma_geo_m"": 900.0, ""tau_temp_min"": 60.0, ""threshold_quantile"": 0.95, ""track"": ""operational_label_free""}}","{""arrival_equity_gap_min"": ""lower"", ""boat_workload_cv"": ""lower"", ""cvar90_arrival_min"": ""lower"", ""deadline_miss_rate"": ""lower"", ""duplicate_dispatches"": ""lower"", ""fake_dispatches"": ""lower"", ""latent_harm"": ""lower"", ""max_arrival_min"": ""lower"", ""mean_arrival_min"": ""lower"", ""merge_caused_misses"": ""lower"", ""split_trips"": ""lower"", ""total_fleet_workload_min"": ""lower"", ""unique_population_reached_by_deadline_rate"": ""higher"", ""unserved_genuine_incidents"": ""lower""}"
policy,revised_priority,nearest_first,"{""partition"": ""product_cij""}",unserved_genuine_incidents,lower,0,0,0,"[0.0, 0.0]",0,1,1,0,120,0,0,120,0,0,positive means candidate is better,120,4.1.0,test:3000-3039,a7c7a3f7ea63e57f1d98bd42f21c02aa04a69eaa37c824584a2be65f00f2d7e1,"{""numpy"": ""2.0.2"", ""pandas"": ""2.2.2"", ""python-louvain"": ""0.16"", ""scikit-learn"": ""1.6.1"", ""scipy"": ""1.16.3""}","{""additive"": {""calibration_objective"": 0.024220283682757516, ""knn"": 8, ""q"": 0.95}, ""error_model"": ""conservative-v1"", ""product"": {""knn"": 8, ""resolution"": 1.2, ""sigma_geo_m"": 900.0, ""tau_temp_min"": 60.0, ""threshold_quantile"": 0.95, ""track"": ""operational_label_free""}}","{""arrival_equity_gap_min"": ""lower"", ""boat_workload_cv"": ""lower"", ""cvar90_arrival_min"": ""lower"", ""deadline_miss_rate"": ""lower"", ""duplicate_dispatches"": ""lower"", ""fake_dispatches"": ""lower"", ""latent_harm"": ""lower"", ""max_arrival_min"": ""lower"", ""mean_arrival_min"": ""lower"", ""merge_caused_misses"": ""lower"", ""split_trips"": ""lower"", ""total_fleet_workload_min"": ""lower"", ""unique_population_reached_by_deadline_rate"": ""higher"", ""unserved_genuine_incidents"": ""lower""}"
policy,revised_priority,first_report_fifo,"{""partition"": ""product_cij""}",latent_harm,lower,724.1255801,428.8926918,634.6663677,"[648.7206618960736, 799.282358631808]",-724.1255801,1.971951712e-21,2.760732397e-20,0,120,120,0,0,1.688360734,1,positive means candidate is better,120,4.1.0,test:3000-3039,a7c7a3f7ea63e57f1d98bd42f21c02aa04a69eaa37c824584a2be65f00f2d7e1,"{""numpy"": ""2.0.2"", ""pandas"": ""2.2.2"", ""python-louvain"": ""0.16"", ""scikit-learn"": ""1.6.1"", ""scipy"": ""1.16.3""}","{""additive"": {""calibration_objective"": 0.024220283682757516, ""knn"": 8, ""q"": 0.95}, ""error_model"": ""conservative-v1"", ""product"": {""knn"": 8, ""resolution"": 1.2, ""sigma_geo_m"": 900.0, ""tau_temp_min"": 60.0, ""threshold_quantile"": 0.95, ""track"": ""operational_label_free""}}","{""arrival_equity_gap_min"": ""lower"", ""boat_workload_cv"": ""lower"", ""cvar90_arrival_min"": ""lower"", ""deadline_miss_rate"": ""lower"", ""duplicate_dispatches"": ""lower"", ""fake_dispatches"": ""lower"", ""latent_harm"": ""lower"", ""max_arrival_min"": ""lower"", ""mean_arrival_min"": ""lower"", ""merge_caused_misses"": ""lower"", ""split_trips"": ""lower"", ""total_fleet_workload_min"": ""lower"", ""unique_population_reached_by_deadline_rate"": ""higher"", ""unserved_genuine_incidents"": ""lower""}"
policy,revised_priority,first_report_fifo,"{""partition"": ""product_cij""}",deadline_miss_rate,lower,0.09427083333,0.1093080778,0.0625,"[0.075, 0.11458333333333333]",-0.09427083333,5.938987283e-14,4.751189826e-13,119,120,77,7,36,0.8624324502,0.9333333333,positive means candidate is better,120,4.1.0,test:3000-3039,a7c7a3f7ea63e57f1d98bd42f21c02aa04a69eaa37c824584a2be65f00f2d7e1,"{""numpy"": ""2.0.2"", ""pandas"": ""2.2.2"", ""python-louvain"": ""0.16"", ""scikit-learn"": ""1.6.1"", ""scipy"": ""1.16.3""}","{""additive"": {""calibration_objective"": 0.024220283682757516, ""knn"": 8, ""q"": 0.95}, ""error_model"": ""conservative-v1"", ""product"": {""knn"": 8, ""resolution"": 1.2, ""sigma_geo_m"": 900.0, ""tau_temp_min"": 60.0, ""threshold_quantile"": 0.95, ""track"": ""operational_label_free""}}","{""arrival_equity_gap_min"": ""lower"", ""boat_workload_cv"": ""lower"", ""cvar90_arrival_min"": ""lower"", ""deadline_miss_rate"": ""lower"", ""duplicate_dispatches"": ""lower"", ""fake_dispatches"": ""lower"", ""latent_harm"": ""lower"", ""max_arrival_min"": ""lower"", ""mean_arrival_min"": ""lower"", ""merge_caused_misses"": ""lower"", ""split_trips"": ""lower"", ""total_fleet_workload_min"": ""lower"", ""unique_population_reached_by_deadline_rate"": ""higher"", ""unserved_genuine_incidents"": ""lower""}"
policy,revised_priority,first_report_fifo,"{""partition"": ""product_cij""}",mean_arrival_min,lower,743.1761404,407.9323311,645.7055315,"[670.1051651075306, 814.6340498332539]",-743.1761404,1.971951712e-21,2.760732397e-20,0,120,120,0,0,1.821812305,1,positive means candidate is better,120,4.1.0,test:3000-3039,a7c7a3f7ea63e57f1d98bd42f21c02aa04a69eaa37c824584a2be65f00f2d7e1,"{""numpy"": ""2.0.2"", ""pandas"": ""2.2.2"", ""python-louvain"": ""0.16"", ""scikit-learn"": ""1.6.1"", ""scipy"": ""1.16.3""}","{""additive"": {""calibration_objective"": 0.024220283682757516, ""knn"": 8, ""q"": 0.95}, ""error_model"": ""conservative-v1"", ""product"": {""knn"": 8, ""resolution"": 1.2, ""sigma_geo_m"": 900.0, ""tau_temp_min"": 60.0, ""threshold_quantile"": 0.95, ""track"": ""operational_label_free""}}","{""arrival_equity_gap_min"": ""lower"", ""boat_workload_cv"": ""lower"", ""cvar90_arrival_min"": ""lower"", ""deadline_miss_rate"": ""lower"", ""duplicate_dispatches"": ""lower"", ""fake_dispatches"": ""lower"", ""latent_harm"": ""lower"", ""max_arrival_min"": ""lower"", ""mean_arrival_min"": ""lower"", ""merge_caused_misses"": ""lower"", ""split_trips"": ""lower"", ""total_fleet_workload_min"": ""lower"", ""unique_population_reached_by_deadline_rate"": ""higher"", ""unserved_genuine_incidents"": ""lower""}"
policy,revised_priority,first_report_fifo,"{""partition"": ""product_cij""}",max_arrival_min,lower,1429.376585,873.597771,1279.82,"[1275.1573107772447, 1587.473163070227]",-1429.376585,1.971951712e-21,2.760732397e-20,0,120,120,0,0,1.636195321,1,positive means candidate is better,120,4.1.0,test:3000-3039,a7c7a3f7ea63e57f1d98bd42f21c02aa04a69eaa37c824584a2be65f00f2d7e1,"{""numpy"": ""2.0.2"", ""pandas"": ""2.2.2"", ""python-louvain"": ""0.16"", ""scikit-learn"": ""1.6.1"", ""scipy"": ""1.16.3""}","{""additive"": {""calibration_objective"": 0.024220283682757516, ""knn"": 8, ""q"": 0.95}, ""error_model"": ""conservative-v1"", ""product"": {""knn"": 8, ""resolution"": 1.2, ""sigma_geo_m"": 900.0, ""tau_temp_min"": 60.0, ""threshold_quantile"": 0.95, ""track"": ""operational_label_free""}}","{""arrival_equity_gap_min"": ""lower"", ""boat_workload_cv"": ""lower"", ""cvar90_arrival_min"": ""lower"", ""deadline_miss_rate"": ""lower"", ""duplicate_dispatches"": ""lower"", ""fake_dispatches"": ""lower"", ""latent_harm"": ""lower"", ""max_arrival_min"": ""lower"", ""mean_arrival_min"": ""lower"", ""merge_caused_misses"": ""lower"", ""split_trips"": ""lower"", ""total_fleet_workload_min"": ""lower"", ""unique_population_reached_by_deadline_rate"": ""higher"", ""unserved_genuine_incidents"": ""lower""}"
policy,revised_priority,first_report_fifo,"{""partition"": ""product_cij""}",cvar90_arrival_min,lower,1414.408482,839.3558455,1303.136284,"[1266.9152956999517, 1566.432768961264]",-1414.408482,1.971951712e-21,2.760732397e-20,0,120,120,0,0,1.68511185,1,positive means candidate is better,120,4.1.0,test:3000-3039,a7c7a3f7ea63e57f1d98bd42f21c02aa04a69eaa37c824584a2be65f00f2d7e1,"{""numpy"": ""2.0.2"", ""pandas"": ""2.2.2"", ""python-louvain"": ""0.16"", ""scikit-learn"": ""1.6.1"", ""scipy"": ""1.16.3""}","{""additive"": {""calibration_objective"": 0.024220283682757516, ""knn"": 8, ""q"": 0.95}, ""error_model"": ""conservative-v1"", ""product"": {""knn"": 8, ""resolution"": 1.2, ""sigma_geo_m"": 900.0, ""tau_temp_min"": 60.0, ""threshold_quantile"": 0.95, ""track"": ""operational_label_free""}}","{""arrival_equity_gap_min"": ""lower"", ""boat_workload_cv"": ""lower"", ""cvar90_arrival_min"": ""lower"", ""deadline_miss_rate"": ""lower"", ""duplicate_dispatches"": ""lower"", ""fake_dispatches"": ""lower"", ""latent_harm"": ""lower"", ""max_arrival_min"": ""lower"", ""mean_arrival_min"": ""lower"", ""merge_caused_misses"": ""lower"", ""split_trips"": ""lower"", ""total_fleet_workload_min"": ""lower"", ""unique_population_reached_by_deadline_rate"": ""higher"", ""unserved_genuine_incidents"": ""lower""}"
policy,revised_priority,first_report_fifo,"{""partition"": ""product_cij""}",unique_population_reached_by_deadline_rate,higher,0.1133876391,0.1220011697,0.09345034247,"[0.09150619387492194, 0.13560076492531994]",0.1133876391,3.732848065e-15,3.359563258e-14,161.5,120,84,11,25,0.9293979678,0.9291666667,positive means candidate is better,120,4.1.0,test:3000-3039,a7c7a3f7ea63e57f1d98bd42f21c02aa04a69eaa37c824584a2be65f00f2d7e1,"{""numpy"": ""2.0.2"", ""pandas"": ""2.2.2"", ""python-louvain"": ""0.16"", ""scikit-learn"": ""1.6.1"", ""scipy"": ""1.16.3""}","{""additive"": {""calibration_objective"": 0.024220283682757516, ""knn"": 8, ""q"": 0.95}, ""error_model"": ""conservative-v1"", ""product"": {""knn"": 8, ""resolution"": 1.2, ""sigma_geo_m"": 900.0, ""tau_temp_min"": 60.0, ""threshold_quantile"": 0.95, ""track"": ""operational_label_free""}}","{""arrival_equity_gap_min"": ""lower"", ""boat_workload_cv"": ""lower"", ""cvar90_arrival_min"": ""lower"", ""deadline_miss_rate"": ""lower"", ""duplicate_dispatches"": ""lower"", ""fake_dispatches"": ""lower"", ""latent_harm"": ""lower"", ""max_arrival_min"": ""lower"", ""mean_arrival_min"": ""lower"", ""merge_caused_misses"": ""lower"", ""split_trips"": ""lower"", ""total_fleet_workload_min"": ""lower"", ""unique_population_reached_by_deadline_rate"": ""higher"", ""unserved_genuine_incidents"": ""lower""}"
policy,revised_priority,first_report_fifo,"{""partition"": ""product_cij""}",total_fleet_workload_min,lower,-23.34470474,752.5112291,0.03146226908,"[-155.43433364688335, 115.71064293482394]",23.34470474,0.737462723,1,3502,120,60,60,0,-0.03102240051,-0.03526170799,positive means candidate is better,120,4.1.0,test:3000-3039,a7c7a3f7ea63e57f1d98bd42f21c02aa04a69eaa37c824584a2be65f00f2d7e1,"{""numpy"": ""2.0.2"", ""pandas"": ""2.2.2"", ""python-louvain"": ""0.16"", ""scikit-learn"": ""1.6.1"", ""scipy"": ""1.16.3""}","{""additive"": {""calibration_objective"": 0.024220283682757516, ""knn"": 8, ""q"": 0.95}, ""error_model"": ""conservative-v1"", ""product"": {""knn"": 8, ""resolution"": 1.2, ""sigma_geo_m"": 900.0, ""tau_temp_min"": 60.0, ""threshold_quantile"": 0.95, ""track"": ""operational_label_free""}}","{""arrival_equity_gap_min"": ""lower"", ""boat_workload_cv"": ""lower"", ""cvar90_arrival_min"": ""lower"", ""deadline_miss_rate"": ""lower"", ""duplicate_dispatches"": ""lower"", ""fake_dispatches"": ""lower"", ""latent_harm"": ""lower"", ""max_arrival_min"": ""lower"", ""mean_arrival_min"": ""lower"", ""merge_caused_misses"": ""lower"", ""split_trips"": ""lower"", ""total_fleet_workload_min"": ""lower"", ""unique_population_reached_by_deadline_rate"": ""higher"", ""unserved_genuine_incidents"": ""lower""}"
policy,revised_priority,first_report_fifo,"{""partition"": ""product_cij""}",boat_workload_cv,lower,-0.00139004726,0.01326021799,-0.001407818269,"[-0.0037631373128656524, 0.0008783745415871714]",0.00139004726,0.2459840718,1,3187,120,54,66,0,-0.1048283868,-0.1220385675,positive means candidate is better,120,4.1.0,test:3000-3039,a7c7a3f7ea63e57f1d98bd42f21c02aa04a69eaa37c824584a2be65f00f2d7e1,"{""numpy"": ""2.0.2"", ""pandas"": ""2.2.2"", ""python-louvain"": ""0.16"", ""scikit-learn"": ""1.6.1"", ""scipy"": ""1.16.3""}","{""additive"": {""calibration_objective"": 0.024220283682757516, ""knn"": 8, ""q"": 0.95}, ""error_model"": ""conservative-v1"", ""product"": {""knn"": 8, ""resolution"": 1.2, ""sigma_geo_m"": 900.0, ""tau_temp_min"": 60.0, ""threshold_quantile"": 0.95, ""track"": ""operational_label_free""}}","{""arrival_equity_gap_min"": ""lower"", ""boat_workload_cv"": ""lower"", ""cvar90_arrival_min"": ""lower"", ""deadline_miss_rate"": ""lower"", ""duplicate_dispatches"": ""lower"", ""fake_dispatches"": ""lower"", ""latent_harm"": ""lower"", ""max_arrival_min"": ""lower"", ""mean_arrival_min"": ""lower"", ""merge_caused_misses"": ""lower"", ""split_trips"": ""lower"", ""total_fleet_workload_min"": ""lower"", ""unique_population_reached_by_deadline_rate"": ""higher"", ""unserved_genuine_incidents"": ""lower""}"
policy,revised_priority,first_report_fifo,"{""partition"": ""product_cij""}",arrival_equity_gap_min,lower,733.8958081,554.4438311,593.9478771,"[637.314726389455, 831.953758929639]",-733.8958081,2.351419594e-21,2.760732397e-20,7,120,118,2,0,1.323661238,0.9980716253,positive means candidate is better,120,4.1.0,test:3000-3039,a7c7a3f7ea63e57f1d98bd42f21c02aa04a69eaa37c824584a2be65f00f2d7e1,"{""numpy"": ""2.0.2"", ""pandas"": ""2.2.2"", ""python-louvain"": ""0.16"", ""scikit-learn"": ""1.6.1"", ""scipy"": ""1.16.3""}","{""additive"": {""calibration_objective"": 0.024220283682757516, ""knn"": 8, ""q"": 0.95}, ""error_model"": ""conservative-v1"", ""product"": {""knn"": 8, ""resolution"": 1.2, ""sigma_geo_m"": 900.0, ""tau_temp_min"": 60.0, ""threshold_quantile"": 0.95, ""track"": ""operational_label_free""}}","{""arrival_equity_gap_min"": ""lower"", ""boat_workload_cv"": ""lower"", ""cvar90_arrival_min"": ""lower"", ""deadline_miss_rate"": ""lower"", ""duplicate_dispatches"": ""lower"", ""fake_dispatches"": ""lower"", ""latent_harm"": ""lower"", ""max_arrival_min"": ""lower"", ""mean_arrival_min"": ""lower"", ""merge_caused_misses"": ""lower"", ""split_trips"": ""lower"", ""total_fleet_workload_min"": ""lower"", ""unique_population_reached_by_deadline_rate"": ""higher"", ""unserved_genuine_incidents"": ""lower""}"
policy,revised_priority,first_report_fifo,"{""partition"": ""product_cij""}",split_trips,lower,0,0,0,"[0.0, 0.0]",0,1,1,0,120,0,0,120,0,0,positive means candidate is better,120,4.1.0,test:3000-3039,a7c7a3f7ea63e57f1d98bd42f21c02aa04a69eaa37c824584a2be65f00f2d7e1,"{""numpy"": ""2.0.2"", ""pandas"": ""2.2.2"", ""python-louvain"": ""0.16"", ""scikit-learn"": ""1.6.1"", ""scipy"": ""1.16.3""}","{""additive"": {""calibration_objective"": 0.024220283682757516, ""knn"": 8, ""q"": 0.95}, ""error_model"": ""conservative-v1"", ""product"": {""knn"": 8, ""resolution"": 1.2, ""sigma_geo_m"": 900.0, ""tau_temp_min"": 60.0, ""threshold_quantile"": 0.95, ""track"": ""operational_label_free""}}","{""arrival_equity_gap_min"": ""lower"", ""boat_workload_cv"": ""lower"", ""cvar90_arrival_min"": ""lower"", ""deadline_miss_rate"": ""lower"", ""duplicate_dispatches"": ""lower"", ""fake_dispatches"": ""lower"", ""latent_harm"": ""lower"", ""max_arrival_min"": ""lower"", ""mean_arrival_min"": ""lower"", ""merge_caused_misses"": ""lower"", ""split_trips"": ""lower"", ""total_fleet_workload_min"": ""lower"", ""unique_population_reached_by_deadline_rate"": ""higher"", ""unserved_genuine_incidents"": ""lower""}"
policy,revised_priority,first_report_fifo,"{""partition"": ""product_cij""}",merge_caused_misses,lower,0,0,0,"[0.0, 0.0]",0,1,1,0,120,0,0,120,0,0,positive means candidate is better,120,4.1.0,test:3000-3039,a7c7a3f7ea63e57f1d98bd42f21c02aa04a69eaa37c824584a2be65f00f2d7e1,"{""numpy"": ""2.0.2"", ""pandas"": ""2.2.2"", ""python-louvain"": ""0.16"", ""scikit-learn"": ""1.6.1"", ""scipy"": ""1.16.3""}","{""additive"": {""calibration_objective"": 0.024220283682757516, ""knn"": 8, ""q"": 0.95}, ""error_model"": ""conservative-v1"", ""product"": {""knn"": 8, ""resolution"": 1.2, ""sigma_geo_m"": 900.0, ""tau_temp_min"": 60.0, ""threshold_quantile"": 0.95, ""track"": ""operational_label_free""}}","{""arrival_equity_gap_min"": ""lower"", ""boat_workload_cv"": ""lower"", ""cvar90_arrival_min"": ""lower"", ""deadline_miss_rate"": ""lower"", ""duplicate_dispatches"": ""lower"", ""fake_dispatches"": ""lower"", ""latent_harm"": ""lower"", ""max_arrival_min"": ""lower"", ""mean_arrival_min"": ""lower"", ""merge_caused_misses"": ""lower"", ""split_trips"": ""lower"", ""total_fleet_workload_min"": ""lower"", ""unique_population_reached_by_deadline_rate"": ""higher"", ""unserved_genuine_incidents"": ""lower""}"
policy,revised_priority,first_report_fifo,"{""partition"": ""product_cij""}",fake_dispatches,lower,0,0,0,"[0.0, 0.0]",0,1,1,0,120,0,0,120,0,0,positive means candidate is better,120,4.1.0,test:3000-3039,a7c7a3f7ea63e57f1d98bd42f21c02aa04a69eaa37c824584a2be65f00f2d7e1,"{""numpy"": ""2.0.2"", ""pandas"": ""2.2.2"", ""python-louvain"": ""0.16"", ""scikit-learn"": ""1.6.1"", ""scipy"": ""1.16.3""}","{""additive"": {""calibration_objective"": 0.024220283682757516, ""knn"": 8, ""q"": 0.95}, ""error_model"": ""conservative-v1"", ""product"": {""knn"": 8, ""resolution"": 1.2, ""sigma_geo_m"": 900.0, ""tau_temp_min"": 60.0, ""threshold_quantile"": 0.95, ""track"": ""operational_label_free""}}","{""arrival_equity_gap_min"": ""lower"", ""boat_workload_cv"": ""lower"", ""cvar90_arrival_min"": ""lower"", ""deadline_miss_rate"": ""lower"", ""duplicate_dispatches"": ""lower"", ""fake_dispatches"": ""lower"", ""latent_harm"": ""lower"", ""max_arrival_min"": ""lower"", ""mean_arrival_min"": ""lower"", ""merge_caused_misses"": ""lower"", ""split_trips"": ""lower"", ""total_fleet_workload_min"": ""lower"", ""unique_population_reached_by_deadline_rate"": ""higher"", ""unserved_genuine_incidents"": ""lower""}"
policy,revised_priority,first_report_fifo,"{""partition"": ""product_cij""}",duplicate_dispatches,lower,0,0,0,"[0.0, 0.0]",0,1,1,0,120,0,0,120,0,0,positive means candidate is better,120,4.1.0,test:3000-3039,a7c7a3f7ea63e57f1d98bd42f21c02aa04a69eaa37c824584a2be65f00f2d7e1,"{""numpy"": ""2.0.2"", ""pandas"": ""2.2.2"", ""python-louvain"": ""0.16"", ""scikit-learn"": ""1.6.1"", ""scipy"": ""1.16.3""}","{""additive"": {""calibration_objective"": 0.024220283682757516, ""knn"": 8, ""q"": 0.95}, ""error_model"": ""conservative-v1"", ""product"": {""knn"": 8, ""resolution"": 1.2, ""sigma_geo_m"": 900.0, ""tau_temp_min"": 60.0, ""threshold_quantile"": 0.95, ""track"": ""operational_label_free""}}","{""arrival_equity_gap_min"": ""lower"", ""boat_workload_cv"": ""lower"", ""cvar90_arrival_min"": ""lower"", ""deadline_miss_rate"": ""lower"", ""duplicate_dispatches"": ""lower"", ""fake_dispatches"": ""lower"", ""latent_harm"": ""lower"", ""max_arrival_min"": ""lower"", ""mean_arrival_min"": ""lower"", ""merge_caused_misses"": ""lower"", ""split_trips"": ""lower"", ""total_fleet_workload_min"": ""lower"", ""unique_population_reached_by_deadline_rate"": ""higher"", ""unserved_genuine_incidents"": ""lower""}"
policy,revised_priority,first_report_fifo,"{""partition"": ""product_cij""}",unserved_genuine_incidents,lower,0,0,0,"[0.0, 0.0]",0,1,1,0,120,0,0,120,0,0,positive means candidate is better,120,4.1.0,test:3000-3039,a7c7a3f7ea63e57f1d98bd42f21c02aa04a69eaa37c824584a2be65f00f2d7e1,"{""numpy"": ""2.0.2"", ""pandas"": ""2.2.2"", ""python-louvain"": ""0.16"", ""scikit-learn"": ""1.6.1"", ""scipy"": ""1.16.3""}","{""additive"": {""calibration_objective"": 0.024220283682757516, ""knn"": 8, ""q"": 0.95}, ""error_model"": ""conservative-v1"", ""product"": {""knn"": 8, ""resolution"": 1.2, ""sigma_geo_m"": 900.0, ""tau_temp_min"": 60.0, ""threshold_quantile"": 0.95, ""track"": ""operational_label_free""}}","{""arrival_equity_gap_min"": ""lower"", ""boat_workload_cv"": ""lower"", ""cvar90_arrival_min"": ""lower"", ""deadline_miss_rate"": ""lower"", ""duplicate_dispatches"": ""lower"", ""fake_dispatches"": ""lower"", ""latent_harm"": ""lower"", ""max_arrival_min"": ""lower"", ""mean_arrival_min"": ""lower"", ""merge_caused_misses"": ""lower"", ""split_trips"": ""lower"", ""total_fleet_workload_min"": ""lower"", ""unique_population_reached_by_deadline_rate"": ""higher"", ""unserved_genuine_incidents"": ""lower""}"
policy,revised_priority,legacy_priority,"{""partition"": ""additive_cij_matched_density""}",latent_harm,lower,-15.35272702,66.1575184,-6.82316001,"[-27.313202140400293, -3.7476160671617618]",15.35272702,0.01229234338,0.1229234338,2674,120,50,70,0,-0.2320632241,-0.2633608815,positive means candidate is better,120,4.1.0,test:3000-3039,a7c7a3f7ea63e57f1d98bd42f21c02aa04a69eaa37c824584a2be65f00f2d7e1,"{""numpy"": ""2.0.2"", ""pandas"": ""2.2.2"", ""python-louvain"": ""0.16"", ""scikit-learn"": ""1.6.1"", ""scipy"": ""1.16.3""}","{""additive"": {""calibration_objective"": 0.024220283682757516, ""knn"": 8, ""q"": 0.95}, ""error_model"": ""conservative-v1"", ""product"": {""knn"": 8, ""resolution"": 1.2, ""sigma_geo_m"": 900.0, ""tau_temp_min"": 60.0, ""threshold_quantile"": 0.95, ""track"": ""operational_label_free""}}","{""arrival_equity_gap_min"": ""lower"", ""boat_workload_cv"": ""lower"", ""cvar90_arrival_min"": ""lower"", ""deadline_miss_rate"": ""lower"", ""duplicate_dispatches"": ""lower"", ""fake_dispatches"": ""lower"", ""latent_harm"": ""lower"", ""max_arrival_min"": ""lower"", ""mean_arrival_min"": ""lower"", ""merge_caused_misses"": ""lower"", ""split_trips"": ""lower"", ""total_fleet_workload_min"": ""lower"", ""unique_population_reached_by_deadline_rate"": ""higher"", ""unserved_genuine_incidents"": ""lower""}"
policy,revised_priority,legacy_priority,"{""partition"": ""additive_cij_matched_density""}",deadline_miss_rate,lower,0.01614583333,0.07665190323,0,"[0.0020833333333333333, 0.0296875]",-0.01614583333,0.01944533684,0.1750080316,915.5,120,43,29,48,0.210638388,0.3032724505,positive means candidate is better,120,4.1.0,test:3000-3039,a7c7a3f7ea63e57f1d98bd42f21c02aa04a69eaa37c824584a2be65f00f2d7e1,"{""numpy"": ""2.0.2"", ""pandas"": ""2.2.2"", ""python-louvain"": ""0.16"", ""scikit-learn"": ""1.6.1"", ""scipy"": ""1.16.3""}","{""additive"": {""calibration_objective"": 0.024220283682757516, ""knn"": 8, ""q"": 0.95}, ""error_model"": ""conservative-v1"", ""product"": {""knn"": 8, ""resolution"": 1.2, ""sigma_geo_m"": 900.0, ""tau_temp_min"": 60.0, ""threshold_quantile"": 0.95, ""track"": ""operational_label_free""}}","{""arrival_equity_gap_min"": ""lower"", ""boat_workload_cv"": ""lower"", ""cvar90_arrival_min"": ""lower"", ""deadline_miss_rate"": ""lower"", ""duplicate_dispatches"": ""lower"", ""fake_dispatches"": ""lower"", ""latent_harm"": ""lower"", ""max_arrival_min"": ""lower"", ""mean_arrival_min"": ""lower"", ""merge_caused_misses"": ""lower"", ""split_trips"": ""lower"", ""total_fleet_workload_min"": ""lower"", ""unique_population_reached_by_deadline_rate"": ""higher"", ""unserved_genuine_incidents"": ""lower""}"
policy,revised_priority,legacy_priority,"{""partition"": ""additive_cij_matched_density""}",mean_arrival_min,lower,-13.64598061,72.37982312,-7.870748154,"[-26.977306208454138, -0.9954713872752871]",13.64598061,0.06223261165,0.4978608932,2918,120,51,69,0,-0.1885329367,-0.1961432507,positive means candidate is better,120,4.1.0,test:3000-3039,a7c7a3f7ea63e57f1d98bd42f21c02aa04a69eaa37c824584a2be65f00f2d7e1,"{""numpy"": ""2.0.2"", ""pandas"": ""2.2.2"", ""python-louvain"": ""0.16"", ""scikit-learn"": ""1.6.1"", ""scipy"": ""1.16.3""}","{""additive"": {""calibration_objective"": 0.024220283682757516, ""knn"": 8, ""q"": 0.95}, ""error_model"": ""conservative-v1"", ""product"": {""knn"": 8, ""resolution"": 1.2, ""sigma_geo_m"": 900.0, ""tau_temp_min"": 60.0, ""threshold_quantile"": 0.95, ""track"": ""operational_label_free""}}","{""arrival_equity_gap_min"": ""lower"", ""boat_workload_cv"": ""lower"", ""cvar90_arrival_min"": ""lower"", ""deadline_miss_rate"": ""lower"", ""duplicate_dispatches"": ""lower"", ""fake_dispatches"": ""lower"", ""latent_harm"": ""lower"", ""max_arrival_min"": ""lower"", ""mean_arrival_min"": ""lower"", ""merge_caused_misses"": ""lower"", ""split_trips"": ""lower"", ""total_fleet_workload_min"": ""lower"", ""unique_population_reached_by_deadline_rate"": ""higher"", ""unserved_genuine_incidents"": ""lower""}"
policy,revised_priority,legacy_priority,"{""partition"": ""additive_cij_matched_density""}",max_arrival_min,lower,-86.40787508,212.6144063,-52.73869247,"[-124.51391625131956, -50.1593872911655]",86.40787508,2.300050388e-05,0.0002990065504,1818,120,39,76,5,-0.4064064923,-0.4548725637,positive means candidate is better,120,4.1.0,test:3000-3039,a7c7a3f7ea63e57f1d98bd42f21c02aa04a69eaa37c824584a2be65f00f2d7e1,"{""numpy"": ""2.0.2"", ""pandas"": ""2.2.2"", ""python-louvain"": ""0.16"", ""scikit-learn"": ""1.6.1"", ""scipy"": ""1.16.3""}","{""additive"": {""calibration_objective"": 0.024220283682757516, ""knn"": 8, ""q"": 0.95}, ""error_model"": ""conservative-v1"", ""product"": {""knn"": 8, ""resolution"": 1.2, ""sigma_geo_m"": 900.0, ""tau_temp_min"": 60.0, ""threshold_quantile"": 0.95, ""track"": ""operational_label_free""}}","{""arrival_equity_gap_min"": ""lower"", ""boat_workload_cv"": ""lower"", ""cvar90_arrival_min"": ""lower"", ""deadline_miss_rate"": ""lower"", ""duplicate_dispatches"": ""lower"", ""fake_dispatches"": ""lower"", ""latent_harm"": ""lower"", ""max_arrival_min"": ""lower"", ""mean_arrival_min"": ""lower"", ""merge_caused_misses"": ""lower"", ""split_trips"": ""lower"", ""total_fleet_workload_min"": ""lower"", ""unique_population_reached_by_deadline_rate"": ""higher"", ""unserved_genuine_incidents"": ""lower""}"
policy,revised_priority,legacy_priority,"{""partition"": ""additive_cij_matched_density""}",cvar90_arrival_min,lower,-75.91669,180.7246383,-46.29829594,"[-109.5461558730026, -45.055999176871744]",75.91669,1.208048345e-05,0.0001691267683,1959,120,44,76,0,-0.4200682913,-0.4603305785,positive means candidate is better,120,4.1.0,test:3000-3039,a7c7a3f7ea63e57f1d98bd42f21c02aa04a69eaa37c824584a2be65f00f2d7e1,"{""numpy"": ""2.0.2"", ""pandas"": ""2.2.2"", ""python-louvain"": ""0.16"", ""scikit-learn"": ""1.6.1"", ""scipy"": ""1.16.3""}","{""additive"": {""calibration_objective"": 0.024220283682757516, ""knn"": 8, ""q"": 0.95}, ""error_model"": ""conservative-v1"", ""product"": {""knn"": 8, ""resolution"": 1.2, ""sigma_geo_m"": 900.0, ""tau_temp_min"": 60.0, ""threshold_quantile"": 0.95, ""track"": ""operational_label_free""}}","{""arrival_equity_gap_min"": ""lower"", ""boat_workload_cv"": ""lower"", ""cvar90_arrival_min"": ""lower"", ""deadline_miss_rate"": ""lower"", ""duplicate_dispatches"": ""lower"", ""fake_dispatches"": ""lower"", ""latent_harm"": ""lower"", ""max_arrival_min"": ""lower"", ""mean_arrival_min"": ""lower"", ""merge_caused_misses"": ""lower"", ""split_trips"": ""lower"", ""total_fleet_workload_min"": ""lower"", ""unique_population_reached_by_deadline_rate"": ""higher"", ""unserved_genuine_incidents"": ""lower""}"
policy,revised_priority,legacy_priority,"{""partition"": ""additive_cij_matched_density""}",unique_population_reached_by_deadline_rate,higher,0.02483912875,0.08867290301,0,"[0.00914438271726806, 0.040450103765218896]",0.02483912875,0.004557624053,0.05013386459,1058,120,51,30,39,0.2801208476,0.3628425173,positive means candidate is better,120,4.1.0,test:3000-3039,a7c7a3f7ea63e57f1d98bd42f21c02aa04a69eaa37c824584a2be65f00f2d7e1,"{""numpy"": ""2.0.2"", ""pandas"": ""2.2.2"", ""python-louvain"": ""0.16"", ""scikit-learn"": ""1.6.1"", ""scipy"": ""1.16.3""}","{""additive"": {""calibration_objective"": 0.024220283682757516, ""knn"": 8, ""q"": 0.95}, ""error_model"": ""conservative-v1"", ""product"": {""knn"": 8, ""resolution"": 1.2, ""sigma_geo_m"": 900.0, ""tau_temp_min"": 60.0, ""threshold_quantile"": 0.95, ""track"": ""operational_label_free""}}","{""arrival_equity_gap_min"": ""lower"", ""boat_workload_cv"": ""lower"", ""cvar90_arrival_min"": ""lower"", ""deadline_miss_rate"": ""lower"", ""duplicate_dispatches"": ""lower"", ""fake_dispatches"": ""lower"", ""latent_harm"": ""lower"", ""max_arrival_min"": ""lower"", ""mean_arrival_min"": ""lower"", ""merge_caused_misses"": ""lower"", ""split_trips"": ""lower"", ""total_fleet_workload_min"": ""lower"", ""unique_population_reached_by_deadline_rate"": ""higher"", ""unserved_genuine_incidents"": ""lower""}"
policy,revised_priority,legacy_priority,"{""partition"": ""additive_cij_matched_density""}",total_fleet_workload_min,lower,26.97366647,598.4044508,-26.49459611,"[-78.40346070819702, 133.53932824919775]",-26.97366647,0.8566015141,1,3561,120,57,63,0,0.04507597903,0.01900826446,positive means candidate is better,120,4.1.0,test:3000-3039,a7c7a3f7ea63e57f1d98bd42f21c02aa04a69eaa37c824584a2be65f00f2d7e1,"{""numpy"": ""2.0.2"", ""pandas"": ""2.2.2"", ""python-louvain"": ""0.16"", ""scikit-learn"": ""1.6.1"", ""scipy"": ""1.16.3""}","{""additive"": {""calibration_objective"": 0.024220283682757516, ""knn"": 8, ""q"": 0.95}, ""error_model"": ""conservative-v1"", ""product"": {""knn"": 8, ""resolution"": 1.2, ""sigma_geo_m"": 900.0, ""tau_temp_min"": 60.0, ""threshold_quantile"": 0.95, ""track"": ""operational_label_free""}}","{""arrival_equity_gap_min"": ""lower"", ""boat_workload_cv"": ""lower"", ""cvar90_arrival_min"": ""lower"", ""deadline_miss_rate"": ""lower"", ""duplicate_dispatches"": ""lower"", ""fake_dispatches"": ""lower"", ""latent_harm"": ""lower"", ""max_arrival_min"": ""lower"", ""mean_arrival_min"": ""lower"", ""merge_caused_misses"": ""lower"", ""split_trips"": ""lower"", ""total_fleet_workload_min"": ""lower"", ""unique_population_reached_by_deadline_rate"": ""higher"", ""unserved_genuine_incidents"": ""lower""}"
policy,revised_priority,legacy_priority,"{""partition"": ""additive_cij_matched_density""}",boat_workload_cv,lower,-0.001084491657,0.01908605533,-0.003937592499,"[-0.004455716696346325, 0.0023800904951427632]",0.001084491657,0.3566110363,1,3278,120,52,68,0,-0.05682115231,-0.09696969697,positive means candidate is better,120,4.1.0,test:3000-3039,a7c7a3f7ea63e57f1d98bd42f21c02aa04a69eaa37c824584a2be65f00f2d7e1,"{""numpy"": ""2.0.2"", ""pandas"": ""2.2.2"", ""python-louvain"": ""0.16"", ""scikit-learn"": ""1.6.1"", ""scipy"": ""1.16.3""}","{""additive"": {""calibration_objective"": 0.024220283682757516, ""knn"": 8, ""q"": 0.95}, ""error_model"": ""conservative-v1"", ""product"": {""knn"": 8, ""resolution"": 1.2, ""sigma_geo_m"": 900.0, ""tau_temp_min"": 60.0, ""threshold_quantile"": 0.95, ""track"": ""operational_label_free""}}","{""arrival_equity_gap_min"": ""lower"", ""boat_workload_cv"": ""lower"", ""cvar90_arrival_min"": ""lower"", ""deadline_miss_rate"": ""lower"", ""duplicate_dispatches"": ""lower"", ""fake_dispatches"": ""lower"", ""latent_harm"": ""lower"", ""max_arrival_min"": ""lower"", ""mean_arrival_min"": ""lower"", ""merge_caused_misses"": ""lower"", ""split_trips"": ""lower"", ""total_fleet_workload_min"": ""lower"", ""unique_population_reached_by_deadline_rate"": ""higher"", ""unserved_genuine_incidents"": ""lower""}"
policy,revised_priority,legacy_priority,"{""partition"": ""additive_cij_matched_density""}",arrival_equity_gap_min,lower,-39.95795803,115.4085356,-45.96363892,"[-60.59304097652061, -20.02206002625359]",39.95795803,0.0002301747842,0.00276209741,2181,120,38,81,1,-0.3462305263,-0.3890756303,positive means candidate is better,120,4.1.0,test:3000-3039,a7c7a3f7ea63e57f1d98bd42f21c02aa04a69eaa37c824584a2be65f00f2d7e1,"{""numpy"": ""2.0.2"", ""pandas"": ""2.2.2"", ""python-louvain"": ""0.16"", ""scikit-learn"": ""1.6.1"", ""scipy"": ""1.16.3""}","{""additive"": {""calibration_objective"": 0.024220283682757516, ""knn"": 8, ""q"": 0.95}, ""error_model"": ""conservative-v1"", ""product"": {""knn"": 8, ""resolution"": 1.2, ""sigma_geo_m"": 900.0, ""tau_temp_min"": 60.0, ""threshold_quantile"": 0.95, ""track"": ""operational_label_free""}}","{""arrival_equity_gap_min"": ""lower"", ""boat_workload_cv"": ""lower"", ""cvar90_arrival_min"": ""lower"", ""deadline_miss_rate"": ""lower"", ""duplicate_dispatches"": ""lower"", ""fake_dispatches"": ""lower"", ""latent_harm"": ""lower"", ""max_arrival_min"": ""lower"", ""mean_arrival_min"": ""lower"", ""merge_caused_misses"": ""lower"", ""split_trips"": ""lower"", ""total_fleet_workload_min"": ""lower"", ""unique_population_reached_by_deadline_rate"": ""higher"", ""unserved_genuine_incidents"": ""lower""}"
policy,revised_priority,legacy_priority,"{""partition"": ""additive_cij_matched_density""}",split_trips,lower,0,0,0,"[0.0, 0.0]",0,1,1,0,120,0,0,120,0,0,positive means candidate is better,120,4.1.0,test:3000-3039,a7c7a3f7ea63e57f1d98bd42f21c02aa04a69eaa37c824584a2be65f00f2d7e1,"{""numpy"": ""2.0.2"", ""pandas"": ""2.2.2"", ""python-louvain"": ""0.16"", ""scikit-learn"": ""1.6.1"", ""scipy"": ""1.16.3""}","{""additive"": {""calibration_objective"": 0.024220283682757516, ""knn"": 8, ""q"": 0.95}, ""error_model"": ""conservative-v1"", ""product"": {""knn"": 8, ""resolution"": 1.2, ""sigma_geo_m"": 900.0, ""tau_temp_min"": 60.0, ""threshold_quantile"": 0.95, ""track"": ""operational_label_free""}}","{""arrival_equity_gap_min"": ""lower"", ""boat_workload_cv"": ""lower"", ""cvar90_arrival_min"": ""lower"", ""deadline_miss_rate"": ""lower"", ""duplicate_dispatches"": ""lower"", ""fake_dispatches"": ""lower"", ""latent_harm"": ""lower"", ""max_arrival_min"": ""lower"", ""mean_arrival_min"": ""lower"", ""merge_caused_misses"": ""lower"", ""split_trips"": ""lower"", ""total_fleet_workload_min"": ""lower"", ""unique_population_reached_by_deadline_rate"": ""higher"", ""unserved_genuine_incidents"": ""lower""}"
policy,revised_priority,legacy_priority,"{""partition"": ""additive_cij_matched_density""}",merge_caused_misses,lower,0,0,0,"[0.0, 0.0]",0,1,1,0,120,0,0,120,0,0,positive means candidate is better,120,4.1.0,test:3000-3039,a7c7a3f7ea63e57f1d98bd42f21c02aa04a69eaa37c824584a2be65f00f2d7e1,"{""numpy"": ""2.0.2"", ""pandas"": ""2.2.2"", ""python-louvain"": ""0.16"", ""scikit-learn"": ""1.6.1"", ""scipy"": ""1.16.3""}","{""additive"": {""calibration_objective"": 0.024220283682757516, ""knn"": 8, ""q"": 0.95}, ""error_model"": ""conservative-v1"", ""product"": {""knn"": 8, ""resolution"": 1.2, ""sigma_geo_m"": 900.0, ""tau_temp_min"": 60.0, ""threshold_quantile"": 0.95, ""track"": ""operational_label_free""}}","{""arrival_equity_gap_min"": ""lower"", ""boat_workload_cv"": ""lower"", ""cvar90_arrival_min"": ""lower"", ""deadline_miss_rate"": ""lower"", ""duplicate_dispatches"": ""lower"", ""fake_dispatches"": ""lower"", ""latent_harm"": ""lower"", ""max_arrival_min"": ""lower"", ""mean_arrival_min"": ""lower"", ""merge_caused_misses"": ""lower"", ""split_trips"": ""lower"", ""total_fleet_workload_min"": ""lower"", ""unique_population_reached_by_deadline_rate"": ""higher"", ""unserved_genuine_incidents"": ""lower""}"
policy,revised_priority,legacy_priority,"{""partition"": ""additive_cij_matched_density""}",fake_dispatches,lower,0,0,0,"[0.0, 0.0]",0,1,1,0,120,0,0,120,0,0,positive means candidate is better,120,4.1.0,test:3000-3039,a7c7a3f7ea63e57f1d98bd42f21c02aa04a69eaa37c824584a2be65f00f2d7e1,"{""numpy"": ""2.0.2"", ""pandas"": ""2.2.2"", ""python-louvain"": ""0.16"", ""scikit-learn"": ""1.6.1"", ""scipy"": ""1.16.3""}","{""additive"": {""calibration_objective"": 0.024220283682757516, ""knn"": 8, ""q"": 0.95}, ""error_model"": ""conservative-v1"", ""product"": {""knn"": 8, ""resolution"": 1.2, ""sigma_geo_m"": 900.0, ""tau_temp_min"": 60.0, ""threshold_quantile"": 0.95, ""track"": ""operational_label_free""}}","{""arrival_equity_gap_min"": ""lower"", ""boat_workload_cv"": ""lower"", ""cvar90_arrival_min"": ""lower"", ""deadline_miss_rate"": ""lower"", ""duplicate_dispatches"": ""lower"", ""fake_dispatches"": ""lower"", ""latent_harm"": ""lower"", ""max_arrival_min"": ""lower"", ""mean_arrival_min"": ""lower"", ""merge_caused_misses"": ""lower"", ""split_trips"": ""lower"", ""total_fleet_workload_min"": ""lower"", ""unique_population_reached_by_deadline_rate"": ""higher"", ""unserved_genuine_incidents"": ""lower""}"
policy,revised_priority,legacy_priority,"{""partition"": ""additive_cij_matched_density""}",duplicate_dispatches,lower,0,0,0,"[0.0, 0.0]",0,1,1,0,120,0,0,120,0,0,positive means candidate is better,120,4.1.0,test:3000-3039,a7c7a3f7ea63e57f1d98bd42f21c02aa04a69eaa37c824584a2be65f00f2d7e1,"{""numpy"": ""2.0.2"", ""pandas"": ""2.2.2"", ""python-louvain"": ""0.16"", ""scikit-learn"": ""1.6.1"", ""scipy"": ""1.16.3""}","{""additive"": {""calibration_objective"": 0.024220283682757516, ""knn"": 8, ""q"": 0.95}, ""error_model"": ""conservative-v1"", ""product"": {""knn"": 8, ""resolution"": 1.2, ""sigma_geo_m"": 900.0, ""tau_temp_min"": 60.0, ""threshold_quantile"": 0.95, ""track"": ""operational_label_free""}}","{""arrival_equity_gap_min"": ""lower"", ""boat_workload_cv"": ""lower"", ""cvar90_arrival_min"": ""lower"", ""deadline_miss_rate"": ""lower"", ""duplicate_dispatches"": ""lower"", ""fake_dispatches"": ""lower"", ""latent_harm"": ""lower"", ""max_arrival_min"": ""lower"", ""mean_arrival_min"": ""lower"", ""merge_caused_misses"": ""lower"", ""split_trips"": ""lower"", ""total_fleet_workload_min"": ""lower"", ""unique_population_reached_by_deadline_rate"": ""higher"", ""unserved_genuine_incidents"": ""lower""}"
policy,revised_priority,legacy_priority,"{""partition"": ""additive_cij_matched_density""}",unserved_genuine_incidents,lower,0,0,0,"[0.0, 0.0]",0,1,1,0,120,0,0,120,0,0,positive means candidate is better,120,4.1.0,test:3000-3039,a7c7a3f7ea63e57f1d98bd42f21c02aa04a69eaa37c824584a2be65f00f2d7e1,"{""numpy"": ""2.0.2"", ""pandas"": ""2.2.2"", ""python-louvain"": ""0.16"", ""scikit-learn"": ""1.6.1"", ""scipy"": ""1.16.3""}","{""additive"": {""calibration_objective"": 0.024220283682757516, ""knn"": 8, ""q"": 0.95}, ""error_model"": ""conservative-v1"", ""product"": {""knn"": 8, ""resolution"": 1.2, ""sigma_geo_m"": 900.0, ""tau_temp_min"": 60.0, ""threshold_quantile"": 0.95, ""track"": ""operational_label_free""}}","{""arrival_equity_gap_min"": ""lower"", ""boat_workload_cv"": ""lower"", ""cvar90_arrival_min"": ""lower"", ""deadline_miss_rate"": ""lower"", ""duplicate_dispatches"": ""lower"", ""fake_dispatches"": ""lower"", ""latent_harm"": ""lower"", ""max_arrival_min"": ""lower"", ""mean_arrival_min"": ""lower"", ""merge_caused_misses"": ""lower"", ""split_trips"": ""lower"", ""total_fleet_workload_min"": ""lower"", ""unique_population_reached_by_deadline_rate"": ""higher"", ""unserved_genuine_incidents"": ""lower""}"
policy,revised_priority,nearest_first,"{""partition"": ""additive_cij_matched_density""}",latent_harm,lower,-102.2270788,113.662298,-91.39214353,"[-122.82771782191374, -82.41232740666459]",102.2270788,5.608016655e-16,6.16881832e-15,538,120,14,106,0,-0.899393032,-0.8517906336,positive means candidate is better,120,4.1.0,test:3000-3039,a7c7a3f7ea63e57f1d98bd42f21c02aa04a69eaa37c824584a2be65f00f2d7e1,"{""numpy"": ""2.0.2"", ""pandas"": ""2.2.2"", ""python-louvain"": ""0.16"", ""scikit-learn"": ""1.6.1"", ""scipy"": ""1.16.3""}","{""additive"": {""calibration_objective"": 0.024220283682757516, ""knn"": 8, ""q"": 0.95}, ""error_model"": ""conservative-v1"", ""product"": {""knn"": 8, ""resolution"": 1.2, ""sigma_geo_m"": 900.0, ""tau_temp_min"": 60.0, ""threshold_quantile"": 0.95, ""track"": ""operational_label_free""}}","{""arrival_equity_gap_min"": ""lower"", ""boat_workload_cv"": ""lower"", ""cvar90_arrival_min"": ""lower"", ""deadline_miss_rate"": ""lower"", ""duplicate_dispatches"": ""lower"", ""fake_dispatches"": ""lower"", ""latent_harm"": ""lower"", ""max_arrival_min"": ""lower"", ""mean_arrival_min"": ""lower"", ""merge_caused_misses"": ""lower"", ""split_trips"": ""lower"", ""total_fleet_workload_min"": ""lower"", ""unique_population_reached_by_deadline_rate"": ""higher"", ""unserved_genuine_incidents"": ""lower""}"
policy,revised_priority,nearest_first,"{""partition"": ""additive_cij_matched_density""}",deadline_miss_rate,lower,-0.1734375,0.1609253254,-0.1875,"[-0.2015625, -0.14583333333333334]",0.1734375,2.610398261e-16,3.132477913e-15,316,120,12,98,10,-1.077751433,-0.8964782965,positive means candidate is better,120,4.1.0,test:3000-3039,a7c7a3f7ea63e57f1d98bd42f21c02aa04a69eaa37c824584a2be65f00f2d7e1,"{""numpy"": ""2.0.2"", ""pandas"": ""2.2.2"", ""python-louvain"": ""0.16"", ""scikit-learn"": ""1.6.1"", ""scipy"": ""1.16.3""}","{""additive"": {""calibration_objective"": 0.024220283682757516, ""knn"": 8, ""q"": 0.95}, ""error_model"": ""conservative-v1"", ""product"": {""knn"": 8, ""resolution"": 1.2, ""sigma_geo_m"": 900.0, ""tau_temp_min"": 60.0, ""threshold_quantile"": 0.95, ""track"": ""operational_label_free""}}","{""arrival_equity_gap_min"": ""lower"", ""boat_workload_cv"": ""lower"", ""cvar90_arrival_min"": ""lower"", ""deadline_miss_rate"": ""lower"", ""duplicate_dispatches"": ""lower"", ""fake_dispatches"": ""lower"", ""latent_harm"": ""lower"", ""max_arrival_min"": ""lower"", ""mean_arrival_min"": ""lower"", ""merge_caused_misses"": ""lower"", ""split_trips"": ""lower"", ""total_fleet_workload_min"": ""lower"", ""unique_population_reached_by_deadline_rate"": ""higher"", ""unserved_genuine_incidents"": ""lower""}"
policy,revised_priority,nearest_first,"{""partition"": ""additive_cij_matched_density""}",mean_arrival_min,lower,-127.1073012,116.9058353,-118.9700146,"[-148.04642280185587, -106.51353616260114]",127.1073012,1.606853011e-17,2.088908914e-16,377,120,13,107,0,-1.087262247,-0.8961432507,positive means candidate is better,120,4.1.0,test:3000-3039,a7c7a3f7ea63e57f1d98bd42f21c02aa04a69eaa37c824584a2be65f00f2d7e1,"{""numpy"": ""2.0.2"", ""pandas"": ""2.2.2"", ""python-louvain"": ""0.16"", ""scikit-learn"": ""1.6.1"", ""scipy"": ""1.16.3""}","{""additive"": {""calibration_objective"": 0.024220283682757516, ""knn"": 8, ""q"": 0.95}, ""error_model"": ""conservative-v1"", ""product"": {""knn"": 8, ""resolution"": 1.2, ""sigma_geo_m"": 900.0, ""tau_temp_min"": 60.0, ""threshold_quantile"": 0.95, ""track"": ""operational_label_free""}}","{""arrival_equity_gap_min"": ""lower"", ""boat_workload_cv"": ""lower"", ""cvar90_arrival_min"": ""lower"", ""deadline_miss_rate"": ""lower"", ""duplicate_dispatches"": ""lower"", ""fake_dispatches"": ""lower"", ""latent_harm"": ""lower"", ""max_arrival_min"": ""lower"", ""mean_arrival_min"": ""lower"", ""merge_caused_misses"": ""lower"", ""split_trips"": ""lower"", ""total_fleet_workload_min"": ""lower"", ""unique_population_reached_by_deadline_rate"": ""higher"", ""unserved_genuine_incidents"": ""lower""}"
policy,revised_priority,nearest_first,"{""partition"": ""additive_cij_matched_density""}",max_arrival_min,lower,-252.5155578,347.2557206,-167.8838562,"[-316.9952614450255, -195.3202319854189]",252.5155578,4.596715037e-13,3.217700526e-12,718,120,23,91,6,-0.7271746519,-0.7809305873,positive means candidate is better,120,4.1.0,test:3000-3039,a7c7a3f7ea63e57f1d98bd42f21c02aa04a69eaa37c824584a2be65f00f2d7e1,"{""numpy"": ""2.0.2"", ""pandas"": ""2.2.2"", ""python-louvain"": ""0.16"", ""scikit-learn"": ""1.6.1"", ""scipy"": ""1.16.3""}","{""additive"": {""calibration_objective"": 0.024220283682757516, ""knn"": 8, ""q"": 0.95}, ""error_model"": ""conservative-v1"", ""product"": {""knn"": 8, ""resolution"": 1.2, ""sigma_geo_m"": 900.0, ""tau_temp_min"": 60.0, ""threshold_quantile"": 0.95, ""track"": ""operational_label_free""}}","{""arrival_equity_gap_min"": ""lower"", ""boat_workload_cv"": ""lower"", ""cvar90_arrival_min"": ""lower"", ""deadline_miss_rate"": ""lower"", ""duplicate_dispatches"": ""lower"", ""fake_dispatches"": ""lower"", ""latent_harm"": ""lower"", ""max_arrival_min"": ""lower"", ""mean_arrival_min"": ""lower"", ""merge_caused_misses"": ""lower"", ""split_trips"": ""lower"", ""total_fleet_workload_min"": ""lower"", ""unique_population_reached_by_deadline_rate"": ""higher"", ""unserved_genuine_incidents"": ""lower""}"
policy,revised_priority,nearest_first,"{""partition"": ""additive_cij_matched_density""}",cvar90_arrival_min,lower,-224.8772784,293.1261872,-163.4223917,"[-278.80275820686575, -176.01205204569953]",224.8772784,2.903710247e-13,2.322968198e-12,843,120,23,97,0,-0.7671688447,-0.767768595,positive means candidate is better,120,4.1.0,test:3000-3039,a7c7a3f7ea63e57f1d98bd42f21c02aa04a69eaa37c824584a2be65f00f2d7e1,"{""numpy"": ""2.0.2"", ""pandas"": ""2.2.2"", ""python-louvain"": ""0.16"", ""scikit-learn"": ""1.6.1"", ""scipy"": ""1.16.3""}","{""additive"": {""calibration_objective"": 0.024220283682757516, ""knn"": 8, ""q"": 0.95}, ""error_model"": ""conservative-v1"", ""product"": {""knn"": 8, ""resolution"": 1.2, ""sigma_geo_m"": 900.0, ""tau_temp_min"": 60.0, ""threshold_quantile"": 0.95, ""track"": ""operational_label_free""}}","{""arrival_equity_gap_min"": ""lower"", ""boat_workload_cv"": ""lower"", ""cvar90_arrival_min"": ""lower"", ""deadline_miss_rate"": ""lower"", ""duplicate_dispatches"": ""lower"", ""fake_dispatches"": ""lower"", ""latent_harm"": ""lower"", ""max_arrival_min"": ""lower"", ""mean_arrival_min"": ""lower"", ""merge_caused_misses"": ""lower"", ""split_trips"": ""lower"", ""total_fleet_workload_min"": ""lower"", ""unique_population_reached_by_deadline_rate"": ""higher"", ""unserved_genuine_incidents"": ""lower""}"
policy,revised_priority,nearest_first,"{""partition"": ""additive_cij_matched_density""}",unique_population_reached_by_deadline_rate,higher,-0.1457494794,0.1686983701,-0.1356389052,"[-0.17574155307291817, -0.11714322652898433]",-0.1457494794,7.567083833e-14,6.810375449e-13,726,120,22,96,2,-0.8639649529,-0.793191853,positive means candidate is better,120,4.1.0,test:3000-3039,a7c7a3f7ea63e57f1d98bd42f21c02aa04a69eaa37c824584a2be65f00f2d7e1,"{""numpy"": ""2.0.2"", ""pandas"": ""2.2.2"", ""python-louvain"": ""0.16"", ""scikit-learn"": ""1.6.1"", ""scipy"": ""1.16.3""}","{""additive"": {""calibration_objective"": 0.024220283682757516, ""knn"": 8, ""q"": 0.95}, ""error_model"": ""conservative-v1"", ""product"": {""knn"": 8, ""resolution"": 1.2, ""sigma_geo_m"": 900.0, ""tau_temp_min"": 60.0, ""threshold_quantile"": 0.95, ""track"": ""operational_label_free""}}","{""arrival_equity_gap_min"": ""lower"", ""boat_workload_cv"": ""lower"", ""cvar90_arrival_min"": ""lower"", ""deadline_miss_rate"": ""lower"", ""duplicate_dispatches"": ""lower"", ""fake_dispatches"": ""lower"", ""latent_harm"": ""lower"", ""max_arrival_min"": ""lower"", ""mean_arrival_min"": ""lower"", ""merge_caused_misses"": ""lower"", ""split_trips"": ""lower"", ""total_fleet_workload_min"": ""lower"", ""unique_population_reached_by_deadline_rate"": ""higher"", ""unserved_genuine_incidents"": ""lower""}"
policy,revised_priority,nearest_first,"{""partition"": ""additive_cij_matched_density""}",total_fleet_workload_min,lower,-4515.063179,1230.017705,-4528.293305,"[-4731.668192624047, -4296.8414521011]",4515.063179,1.971951712e-21,2.760732397e-20,0,120,0,120,0,-3.670730233,-1,positive means candidate is better,120,4.1.0,test:3000-3039,a7c7a3f7ea63e57f1d98bd42f21c02aa04a69eaa37c824584a2be65f00f2d7e1,"{""numpy"": ""2.0.2"", ""pandas"": ""2.2.2"", ""python-louvain"": ""0.16"", ""scikit-learn"": ""1.6.1"", ""scipy"": ""1.16.3""}","{""additive"": {""calibration_objective"": 0.024220283682757516, ""knn"": 8, ""q"": 0.95}, ""error_model"": ""conservative-v1"", ""product"": {""knn"": 8, ""resolution"": 1.2, ""sigma_geo_m"": 900.0, ""tau_temp_min"": 60.0, ""threshold_quantile"": 0.95, ""track"": ""operational_label_free""}}","{""arrival_equity_gap_min"": ""lower"", ""boat_workload_cv"": ""lower"", ""cvar90_arrival_min"": ""lower"", ""deadline_miss_rate"": ""lower"", ""duplicate_dispatches"": ""lower"", ""fake_dispatches"": ""lower"", ""latent_harm"": ""lower"", ""max_arrival_min"": ""lower"", ""mean_arrival_min"": ""lower"", ""merge_caused_misses"": ""lower"", ""split_trips"": ""lower"", ""total_fleet_workload_min"": ""lower"", ""unique_population_reached_by_deadline_rate"": ""higher"", ""unserved_genuine_incidents"": ""lower""}"
policy,revised_priority,nearest_first,"{""partition"": ""additive_cij_matched_density""}",boat_workload_cv,lower,0.04025873993,0.04391309718,0.03157024606,"[0.03229411705014074, 0.04843901196555801]",-0.04025873993,4.290659354e-15,4.290659354e-14,634,120,93,27,0,0.9167820652,0.8253443526,positive means candidate is better,120,4.1.0,test:3000-3039,a7c7a3f7ea63e57f1d98bd42f21c02aa04a69eaa37c824584a2be65f00f2d7e1,"{""numpy"": ""2.0.2"", ""pandas"": ""2.2.2"", ""python-louvain"": ""0.16"", ""scikit-learn"": ""1.6.1"", ""scipy"": ""1.16.3""}","{""additive"": {""calibration_objective"": 0.024220283682757516, ""knn"": 8, ""q"": 0.95}, ""error_model"": ""conservative-v1"", ""product"": {""knn"": 8, ""resolution"": 1.2, ""sigma_geo_m"": 900.0, ""tau_temp_min"": 60.0, ""threshold_quantile"": 0.95, ""track"": ""operational_label_free""}}","{""arrival_equity_gap_min"": ""lower"", ""boat_workload_cv"": ""lower"", ""cvar90_arrival_min"": ""lower"", ""deadline_miss_rate"": ""lower"", ""duplicate_dispatches"": ""lower"", ""fake_dispatches"": ""lower"", ""latent_harm"": ""lower"", ""max_arrival_min"": ""lower"", ""mean_arrival_min"": ""lower"", ""merge_caused_misses"": ""lower"", ""split_trips"": ""lower"", ""total_fleet_workload_min"": ""lower"", ""unique_population_reached_by_deadline_rate"": ""higher"", ""unserved_genuine_incidents"": ""lower""}"
policy,revised_priority,nearest_first,"{""partition"": ""additive_cij_matched_density""}",arrival_equity_gap_min,lower,243.222173,320.6005141,161.8313206,"[187.87882424402184, 300.94161152019063]",-243.222173,2.461495651e-12,1.476897391e-11,955,120,92,28,0,0.7586456114,0.7369146006,positive means candidate is better,120,4.1.0,test:3000-3039,a7c7a3f7ea63e57f1d98bd42f21c02aa04a69eaa37c824584a2be65f00f2d7e1,"{""numpy"": ""2.0.2"", ""pandas"": ""2.2.2"", ""python-louvain"": ""0.16"", ""scikit-learn"": ""1.6.1"", ""scipy"": ""1.16.3""}","{""additive"": {""calibration_objective"": 0.024220283682757516, ""knn"": 8, ""q"": 0.95}, ""error_model"": ""conservative-v1"", ""product"": {""knn"": 8, ""resolution"": 1.2, ""sigma_geo_m"": 900.0, ""tau_temp_min"": 60.0, ""threshold_quantile"": 0.95, ""track"": ""operational_label_free""}}","{""arrival_equity_gap_min"": ""lower"", ""boat_workload_cv"": ""lower"", ""cvar90_arrival_min"": ""lower"", ""deadline_miss_rate"": ""lower"", ""duplicate_dispatches"": ""lower"", ""fake_dispatches"": ""lower"", ""latent_harm"": ""lower"", ""max_arrival_min"": ""lower"", ""mean_arrival_min"": ""lower"", ""merge_caused_misses"": ""lower"", ""split_trips"": ""lower"", ""total_fleet_workload_min"": ""lower"", ""unique_population_reached_by_deadline_rate"": ""higher"", ""unserved_genuine_incidents"": ""lower""}"
policy,revised_priority,nearest_first,"{""partition"": ""additive_cij_matched_density""}",split_trips,lower,0,0,0,"[0.0, 0.0]",0,1,1,0,120,0,0,120,0,0,positive means candidate is better,120,4.1.0,test:3000-3039,a7c7a3f7ea63e57f1d98bd42f21c02aa04a69eaa37c824584a2be65f00f2d7e1,"{""numpy"": ""2.0.2"", ""pandas"": ""2.2.2"", ""python-louvain"": ""0.16"", ""scikit-learn"": ""1.6.1"", ""scipy"": ""1.16.3""}","{""additive"": {""calibration_objective"": 0.024220283682757516, ""knn"": 8, ""q"": 0.95}, ""error_model"": ""conservative-v1"", ""product"": {""knn"": 8, ""resolution"": 1.2, ""sigma_geo_m"": 900.0, ""tau_temp_min"": 60.0, ""threshold_quantile"": 0.95, ""track"": ""operational_label_free""}}","{""arrival_equity_gap_min"": ""lower"", ""boat_workload_cv"": ""lower"", ""cvar90_arrival_min"": ""lower"", ""deadline_miss_rate"": ""lower"", ""duplicate_dispatches"": ""lower"", ""fake_dispatches"": ""lower"", ""latent_harm"": ""lower"", ""max_arrival_min"": ""lower"", ""mean_arrival_min"": ""lower"", ""merge_caused_misses"": ""lower"", ""split_trips"": ""lower"", ""total_fleet_workload_min"": ""lower"", ""unique_population_reached_by_deadline_rate"": ""higher"", ""unserved_genuine_incidents"": ""lower""}"
policy,revised_priority,nearest_first,"{""partition"": ""additive_cij_matched_density""}",merge_caused_misses,lower,0,0,0,"[0.0, 0.0]",0,1,1,0,120,0,0,120,0,0,positive means candidate is better,120,4.1.0,test:3000-3039,a7c7a3f7ea63e57f1d98bd42f21c02aa04a69eaa37c824584a2be65f00f2d7e1,"{""numpy"": ""2.0.2"", ""pandas"": ""2.2.2"", ""python-louvain"": ""0.16"", ""scikit-learn"": ""1.6.1"", ""scipy"": ""1.16.3""}","{""additive"": {""calibration_objective"": 0.024220283682757516, ""knn"": 8, ""q"": 0.95}, ""error_model"": ""conservative-v1"", ""product"": {""knn"": 8, ""resolution"": 1.2, ""sigma_geo_m"": 900.0, ""tau_temp_min"": 60.0, ""threshold_quantile"": 0.95, ""track"": ""operational_label_free""}}","{""arrival_equity_gap_min"": ""lower"", ""boat_workload_cv"": ""lower"", ""cvar90_arrival_min"": ""lower"", ""deadline_miss_rate"": ""lower"", ""duplicate_dispatches"": ""lower"", ""fake_dispatches"": ""lower"", ""latent_harm"": ""lower"", ""max_arrival_min"": ""lower"", ""mean_arrival_min"": ""lower"", ""merge_caused_misses"": ""lower"", ""split_trips"": ""lower"", ""total_fleet_workload_min"": ""lower"", ""unique_population_reached_by_deadline_rate"": ""higher"", ""unserved_genuine_incidents"": ""lower""}"
policy,revised_priority,nearest_first,"{""partition"": ""additive_cij_matched_density""}",fake_dispatches,lower,0,0,0,"[0.0, 0.0]",0,1,1,0,120,0,0,120,0,0,positive means candidate is better,120,4.1.0,test:3000-3039,a7c7a3f7ea63e57f1d98bd42f21c02aa04a69eaa37c824584a2be65f00f2d7e1,"{""numpy"": ""2.0.2"", ""pandas"": ""2.2.2"", ""python-louvain"": ""0.16"", ""scikit-learn"": ""1.6.1"", ""scipy"": ""1.16.3""}","{""additive"": {""calibration_objective"": 0.024220283682757516, ""knn"": 8, ""q"": 0.95}, ""error_model"": ""conservative-v1"", ""product"": {""knn"": 8, ""resolution"": 1.2, ""sigma_geo_m"": 900.0, ""tau_temp_min"": 60.0, ""threshold_quantile"": 0.95, ""track"": ""operational_label_free""}}","{""arrival_equity_gap_min"": ""lower"", ""boat_workload_cv"": ""lower"", ""cvar90_arrival_min"": ""lower"", ""deadline_miss_rate"": ""lower"", ""duplicate_dispatches"": ""lower"", ""fake_dispatches"": ""lower"", ""latent_harm"": ""lower"", ""max_arrival_min"": ""lower"", ""mean_arrival_min"": ""lower"", ""merge_caused_misses"": ""lower"", ""split_trips"": ""lower"", ""total_fleet_workload_min"": ""lower"", ""unique_population_reached_by_deadline_rate"": ""higher"", ""unserved_genuine_incidents"": ""lower""}"
policy,revised_priority,nearest_first,"{""partition"": ""additive_cij_matched_density""}",duplicate_dispatches,lower,0,0,0,"[0.0, 0.0]",0,1,1,0,120,0,0,120,0,0,positive means candidate is better,120,4.1.0,test:3000-3039,a7c7a3f7ea63e57f1d98bd42f21c02aa04a69eaa37c824584a2be65f00f2d7e1,"{""numpy"": ""2.0.2"", ""pandas"": ""2.2.2"", ""python-louvain"": ""0.16"", ""scikit-learn"": ""1.6.1"", ""scipy"": ""1.16.3""}","{""additive"": {""calibration_objective"": 0.024220283682757516, ""knn"": 8, ""q"": 0.95}, ""error_model"": ""conservative-v1"", ""product"": {""knn"": 8, ""resolution"": 1.2, ""sigma_geo_m"": 900.0, ""tau_temp_min"": 60.0, ""threshold_quantile"": 0.95, ""track"": ""operational_label_free""}}","{""arrival_equity_gap_min"": ""lower"", ""boat_workload_cv"": ""lower"", ""cvar90_arrival_min"": ""lower"", ""deadline_miss_rate"": ""lower"", ""duplicate_dispatches"": ""lower"", ""fake_dispatches"": ""lower"", ""latent_harm"": ""lower"", ""max_arrival_min"": ""lower"", ""mean_arrival_min"": ""lower"", ""merge_caused_misses"": ""lower"", ""split_trips"": ""lower"", ""total_fleet_workload_min"": ""lower"", ""unique_population_reached_by_deadline_rate"": ""higher"", ""unserved_genuine_incidents"": ""lower""}"
policy,revised_priority,nearest_first,"{""partition"": ""additive_cij_matched_density""}",unserved_genuine_incidents,lower,0,0,0,"[0.0, 0.0]",0,1,1,0,120,0,0,120,0,0,positive means candidate is better,120,4.1.0,test:3000-3039,a7c7a3f7ea63e57f1d98bd42f21c02aa04a69eaa37c824584a2be65f00f2d7e1,"{""numpy"": ""2.0.2"", ""pandas"": ""2.2.2"", ""python-louvain"": ""0.16"", ""scikit-learn"": ""1.6.1"", ""scipy"": ""1.16.3""}","{""additive"": {""calibration_objective"": 0.024220283682757516, ""knn"": 8, ""q"": 0.95}, ""error_model"": ""conservative-v1"", ""product"": {""knn"": 8, ""resolution"": 1.2, ""sigma_geo_m"": 900.0, ""tau_temp_min"": 60.0, ""threshold_quantile"": 0.95, ""track"": ""operational_label_free""}}","{""arrival_equity_gap_min"": ""lower"", ""boat_workload_cv"": ""lower"", ""cvar90_arrival_min"": ""lower"", ""deadline_miss_rate"": ""lower"", ""duplicate_dispatches"": ""lower"", ""fake_dispatches"": ""lower"", ""latent_harm"": ""lower"", ""max_arrival_min"": ""lower"", ""mean_arrival_min"": ""lower"", ""merge_caused_misses"": ""lower"", ""split_trips"": ""lower"", ""total_fleet_workload_min"": ""lower"", ""unique_population_reached_by_deadline_rate"": ""higher"", ""unserved_genuine_incidents"": ""lower""}"
policy,revised_priority,first_report_fifo,"{""partition"": ""additive_cij_matched_density""}",latent_harm,lower,520.2935663,362.1070682,432.9856483,"[458.4518262327862, 583.5004714965531]",-520.2935663,1.971951712e-21,2.760732397e-20,0,120,120,0,0,1.43685007,1,positive means candidate is better,120,4.1.0,test:3000-3039,a7c7a3f7ea63e57f1d98bd42f21c02aa04a69eaa37c824584a2be65f00f2d7e1,"{""numpy"": ""2.0.2"", ""pandas"": ""2.2.2"", ""python-louvain"": ""0.16"", ""scikit-learn"": ""1.6.1"", ""scipy"": ""1.16.3""}","{""additive"": {""calibration_objective"": 0.024220283682757516, ""knn"": 8, ""q"": 0.95}, ""error_model"": ""conservative-v1"", ""product"": {""knn"": 8, ""resolution"": 1.2, ""sigma_geo_m"": 900.0, ""tau_temp_min"": 60.0, ""threshold_quantile"": 0.95, ""track"": ""operational_label_free""}}","{""arrival_equity_gap_min"": ""lower"", ""boat_workload_cv"": ""lower"", ""cvar90_arrival_min"": ""lower"", ""deadline_miss_rate"": ""lower"", ""duplicate_dispatches"": ""lower"", ""fake_dispatches"": ""lower"", ""latent_harm"": ""lower"", ""max_arrival_min"": ""lower"", ""mean_arrival_min"": ""lower"", ""merge_caused_misses"": ""lower"", ""split_trips"": ""lower"", ""total_fleet_workload_min"": ""lower"", ""unique_population_reached_by_deadline_rate"": ""higher"", ""unserved_genuine_incidents"": ""lower""}"
policy,revised_priority,first_report_fifo,"{""partition"": ""additive_cij_matched_density""}",deadline_miss_rate,lower,0.09427083333,0.1137234574,0.0625,"[0.0734375, 0.11407552083333314]",-0.09427083333,7.876782173e-13,6.301425738e-12,237,120,76,11,33,0.8289480065,0.8761755486,positive means candidate is better,120,4.1.0,test:3000-3039,a7c7a3f7ea63e57f1d98bd42f21c02aa04a69eaa37c824584a2be65f00f2d7e1,"{""numpy"": ""2.0.2"", ""pandas"": ""2.2.2"", ""python-louvain"": ""0.16"", ""scikit-learn"": ""1.6.1"", ""scipy"": ""1.16.3""}","{""additive"": {""calibration_objective"": 0.024220283682757516, ""knn"": 8, ""q"": 0.95}, ""error_model"": ""conservative-v1"", ""product"": {""knn"": 8, ""resolution"": 1.2, ""sigma_geo_m"": 900.0, ""tau_temp_min"": 60.0, ""threshold_quantile"": 0.95, ""track"": ""operational_label_free""}}","{""arrival_equity_gap_min"": ""lower"", ""boat_workload_cv"": ""lower"", ""cvar90_arrival_min"": ""lower"", ""deadline_miss_rate"": ""lower"", ""duplicate_dispatches"": ""lower"", ""fake_dispatches"": ""lower"", ""latent_harm"": ""lower"", ""max_arrival_min"": ""lower"", ""mean_arrival_min"": ""lower"", ""merge_caused_misses"": ""lower"", ""split_trips"": ""lower"", ""total_fleet_workload_min"": ""lower"", ""unique_population_reached_by_deadline_rate"": ""higher"", ""unserved_genuine_incidents"": ""lower""}"
policy,revised_priority,first_report_fifo,"{""partition"": ""additive_cij_matched_density""}",mean_arrival_min,lower,532.7528518,347.2562073,452.111419,"[472.4369836476717, 593.9751651552601]",-532.7528518,1.971951712e-21,2.760732397e-20,0,120,120,0,0,1.534178052,1,positive means candidate is better,120,4.1.0,test:3000-3039,a7c7a3f7ea63e57f1d98bd42f21c02aa04a69eaa37c824584a2be65f00f2d7e1,"{""numpy"": ""2.0.2"", ""pandas"": ""2.2.2"", ""python-louvain"": ""0.16"", ""scikit-learn"": ""1.6.1"", ""scipy"": ""1.16.3""}","{""additive"": {""calibration_objective"": 0.024220283682757516, ""knn"": 8, ""q"": 0.95}, ""error_model"": ""conservative-v1"", ""product"": {""knn"": 8, ""resolution"": 1.2, ""sigma_geo_m"": 900.0, ""tau_temp_min"": 60.0, ""threshold_quantile"": 0.95, ""track"": ""operational_label_free""}}","{""arrival_equity_gap_min"": ""lower"", ""boat_workload_cv"": ""lower"", ""cvar90_arrival_min"": ""lower"", ""deadline_miss_rate"": ""lower"", ""duplicate_dispatches"": ""lower"", ""fake_dispatches"": ""lower"", ""latent_harm"": ""lower"", ""max_arrival_min"": ""lower"", ""mean_arrival_min"": ""lower"", ""merge_caused_misses"": ""lower"", ""split_trips"": ""lower"", ""total_fleet_workload_min"": ""lower"", ""unique_population_reached_by_deadline_rate"": ""higher"", ""unserved_genuine_incidents"": ""lower""}"
policy,revised_priority,first_report_fifo,"{""partition"": ""additive_cij_matched_density""}",max_arrival_min,lower,937.2367158,719.3982917,720.7472744,"[810.9805345283572, 1064.6500557273878]",-937.2367158,4.621612929e-21,5.083774222e-20,34,120,117,3,0,1.302806424,0.9906336088,positive means candidate is better,120,4.1.0,test:3000-3039,a7c7a3f7ea63e57f1d98bd42f21c02aa04a69eaa37c824584a2be65f00f2d7e1,"{""numpy"": ""2.0.2"", ""pandas"": ""2.2.2"", ""python-louvain"": ""0.16"", ""scikit-learn"": ""1.6.1"", ""scipy"": ""1.16.3""}","{""additive"": {""calibration_objective"": 0.024220283682757516, ""knn"": 8, ""q"": 0.95}, ""error_model"": ""conservative-v1"", ""product"": {""knn"": 8, ""resolution"": 1.2, ""sigma_geo_m"": 900.0, ""tau_temp_min"": 60.0, ""threshold_quantile"": 0.95, ""track"": ""operational_label_free""}}","{""arrival_equity_gap_min"": ""lower"", ""boat_workload_cv"": ""lower"", ""cvar90_arrival_min"": ""lower"", ""deadline_miss_rate"": ""lower"", ""duplicate_dispatches"": ""lower"", ""fake_dispatches"": ""lower"", ""latent_harm"": ""lower"", ""max_arrival_min"": ""lower"", ""mean_arrival_min"": ""lower"", ""merge_caused_misses"": ""lower"", ""split_trips"": ""lower"", ""total_fleet_workload_min"": ""lower"", ""unique_population_reached_by_deadline_rate"": ""higher"", ""unserved_genuine_incidents"": ""lower""}"
policy,revised_priority,first_report_fifo,"{""partition"": ""additive_cij_matched_density""}",cvar90_arrival_min,lower,936.9875231,677.2577708,724.0463622,"[817.7848528084609, 1058.4265593091245]",-936.9875231,2.126529094e-21,2.760732397e-20,3,120,118,2,0,1.383502063,0.9991735537,positive means candidate is better,120,4.1.0,test:3000-3039,a7c7a3f7ea63e57f1d98bd42f21c02aa04a69eaa37c824584a2be65f00f2d7e1,"{""numpy"": ""2.0.2"", ""pandas"": ""2.2.2"", ""python-louvain"": ""0.16"", ""scikit-learn"": ""1.6.1"", ""scipy"": ""1.16.3""}","{""additive"": {""calibration_objective"": 0.024220283682757516, ""knn"": 8, ""q"": 0.95}, ""error_model"": ""conservative-v1"", ""product"": {""knn"": 8, ""resolution"": 1.2, ""sigma_geo_m"": 900.0, ""tau_temp_min"": 60.0, ""threshold_quantile"": 0.95, ""track"": ""operational_label_free""}}","{""arrival_equity_gap_min"": ""lower"", ""boat_workload_cv"": ""lower"", ""cvar90_arrival_min"": ""lower"", ""deadline_miss_rate"": ""lower"", ""duplicate_dispatches"": ""lower"", ""fake_dispatches"": ""lower"", ""latent_harm"": ""lower"", ""max_arrival_min"": ""lower"", ""mean_arrival_min"": ""lower"", ""merge_caused_misses"": ""lower"", ""split_trips"": ""lower"", ""total_fleet_workload_min"": ""lower"", ""unique_population_reached_by_deadline_rate"": ""higher"", ""unserved_genuine_incidents"": ""lower""}"
policy,revised_priority,first_report_fifo,"{""partition"": ""additive_cij_matched_density""}",unique_population_reached_by_deadline_rate,higher,0.1139844286,0.1231237756,0.09282881148,"[0.09132647798965338, 0.13604883131525947]",0.1139844286,9.145308813e-15,8.230777932e-14,222.5,120,84,13,23,0.9257710621,0.9063749211,positive means candidate is better,120,4.1.0,test:3000-3039,a7c7a3f7ea63e57f1d98bd42f21c02aa04a69eaa37c824584a2be65f00f2d7e1,"{""numpy"": ""2.0.2"", ""pandas"": ""2.2.2"", ""python-louvain"": ""0.16"", ""scikit-learn"": ""1.6.1"", ""scipy"": ""1.16.3""}","{""additive"": {""calibration_objective"": 0.024220283682757516, ""knn"": 8, ""q"": 0.95}, ""error_model"": ""conservative-v1"", ""product"": {""knn"": 8, ""resolution"": 1.2, ""sigma_geo_m"": 900.0, ""tau_temp_min"": 60.0, ""threshold_quantile"": 0.95, ""track"": ""operational_label_free""}}","{""arrival_equity_gap_min"": ""lower"", ""boat_workload_cv"": ""lower"", ""cvar90_arrival_min"": ""lower"", ""deadline_miss_rate"": ""lower"", ""duplicate_dispatches"": ""lower"", ""fake_dispatches"": ""lower"", ""latent_harm"": ""lower"", ""max_arrival_min"": ""lower"", ""mean_arrival_min"": ""lower"", ""merge_caused_misses"": ""lower"", ""split_trips"": ""lower"", ""total_fleet_workload_min"": ""lower"", ""unique_population_reached_by_deadline_rate"": ""higher"", ""unserved_genuine_incidents"": ""lower""}"
policy,revised_priority,first_report_fifo,"{""partition"": ""additive_cij_matched_density""}",total_fleet_workload_min,lower,-52.53828927,600.5236704,-33.61727929,"[-160.67459155201678, 52.77186791050165]",52.53828927,0.461790208,1,3349,120,55,65,0,-0.08748745779,-0.07741046832,positive means candidate is better,120,4.1.0,test:3000-3039,a7c7a3f7ea63e57f1d98bd42f21c02aa04a69eaa37c824584a2be65f00f2d7e1,"{""numpy"": ""2.0.2"", ""pandas"": ""2.2.2"", ""python-louvain"": ""0.16"", ""scikit-learn"": ""1.6.1"", ""scipy"": ""1.16.3""}","{""additive"": {""calibration_objective"": 0.024220283682757516, ""knn"": 8, ""q"": 0.95}, ""error_model"": ""conservative-v1"", ""product"": {""knn"": 8, ""resolution"": 1.2, ""sigma_geo_m"": 900.0, ""tau_temp_min"": 60.0, ""threshold_quantile"": 0.95, ""track"": ""operational_label_free""}}","{""arrival_equity_gap_min"": ""lower"", ""boat_workload_cv"": ""lower"", ""cvar90_arrival_min"": ""lower"", ""deadline_miss_rate"": ""lower"", ""duplicate_dispatches"": ""lower"", ""fake_dispatches"": ""lower"", ""latent_harm"": ""lower"", ""max_arrival_min"": ""lower"", ""mean_arrival_min"": ""lower"", ""merge_caused_misses"": ""lower"", ""split_trips"": ""lower"", ""total_fleet_workload_min"": ""lower"", ""unique_population_reached_by_deadline_rate"": ""higher"", ""unserved_genuine_incidents"": ""lower""}"
policy,revised_priority,first_report_fifo,"{""partition"": ""additive_cij_matched_density""}",boat_workload_cv,lower,-0.005328156686,0.01884393103,-0.007418595044,"[-0.008710829830245402, -0.002073604393845889]",0.005328156686,0.001208263446,0.008457844121,2394,120,42,78,0,-0.2827518673,-0.3404958678,positive means candidate is better,120,4.1.0,test:3000-3039,a7c7a3f7ea63e57f1d98bd42f21c02aa04a69eaa37c824584a2be65f00f2d7e1,"{""numpy"": ""2.0.2"", ""pandas"": ""2.2.2"", ""python-louvain"": ""0.16"", ""scikit-learn"": ""1.6.1"", ""scipy"": ""1.16.3""}","{""additive"": {""calibration_objective"": 0.024220283682757516, ""knn"": 8, ""q"": 0.95}, ""error_model"": ""conservative-v1"", ""product"": {""knn"": 8, ""resolution"": 1.2, ""sigma_geo_m"": 900.0, ""tau_temp_min"": 60.0, ""threshold_quantile"": 0.95, ""track"": ""operational_label_free""}}","{""arrival_equity_gap_min"": ""lower"", ""boat_workload_cv"": ""lower"", ""cvar90_arrival_min"": ""lower"", ""deadline_miss_rate"": ""lower"", ""duplicate_dispatches"": ""lower"", ""fake_dispatches"": ""lower"", ""latent_harm"": ""lower"", ""max_arrival_min"": ""lower"", ""mean_arrival_min"": ""lower"", ""merge_caused_misses"": ""lower"", ""split_trips"": ""lower"", ""total_fleet_workload_min"": ""lower"", ""unique_population_reached_by_deadline_rate"": ""higher"", ""unserved_genuine_incidents"": ""lower""}"
policy,revised_priority,first_report_fifo,"{""partition"": ""additive_cij_matched_density""}",arrival_equity_gap_min,lower,515.4742285,438.2114687,414.2465751,"[439.30908441685756, 594.5864609778674]",-515.4742285,1.246250106e-20,1.246250106e-19,74,120,114,6,0,1.17631387,0.9796143251,positive means candidate is better,120,4.1.0,test:3000-3039,a7c7a3f7ea63e57f1d98bd42f21c02aa04a69eaa37c824584a2be65f00f2d7e1,"{""numpy"": ""2.0.2"", ""pandas"": ""2.2.2"", ""python-louvain"": ""0.16"", ""scikit-learn"": ""1.6.1"", ""scipy"": ""1.16.3""}","{""additive"": {""calibration_objective"": 0.024220283682757516, ""knn"": 8, ""q"": 0.95}, ""error_model"": ""conservative-v1"", ""product"": {""knn"": 8, ""resolution"": 1.2, ""sigma_geo_m"": 900.0, ""tau_temp_min"": 60.0, ""threshold_quantile"": 0.95, ""track"": ""operational_label_free""}}","{""arrival_equity_gap_min"": ""lower"", ""boat_workload_cv"": ""lower"", ""cvar90_arrival_min"": ""lower"", ""deadline_miss_rate"": ""lower"", ""duplicate_dispatches"": ""lower"", ""fake_dispatches"": ""lower"", ""latent_harm"": ""lower"", ""max_arrival_min"": ""lower"", ""mean_arrival_min"": ""lower"", ""merge_caused_misses"": ""lower"", ""split_trips"": ""lower"", ""total_fleet_workload_min"": ""lower"", ""unique_population_reached_by_deadline_rate"": ""higher"", ""unserved_genuine_incidents"": ""lower""}"
policy,revised_priority,first_report_fifo,"{""partition"": ""additive_cij_matched_density""}",split_trips,lower,0,0,0,"[0.0, 0.0]",0,1,1,0,120,0,0,120,0,0,positive means candidate is better,120,4.1.0,test:3000-3039,a7c7a3f7ea63e57f1d98bd42f21c02aa04a69eaa37c824584a2be65f00f2d7e1,"{""numpy"": ""2.0.2"", ""pandas"": ""2.2.2"", ""python-louvain"": ""0.16"", ""scikit-learn"": ""1.6.1"", ""scipy"": ""1.16.3""}","{""additive"": {""calibration_objective"": 0.024220283682757516, ""knn"": 8, ""q"": 0.95}, ""error_model"": ""conservative-v1"", ""product"": {""knn"": 8, ""resolution"": 1.2, ""sigma_geo_m"": 900.0, ""tau_temp_min"": 60.0, ""threshold_quantile"": 0.95, ""track"": ""operational_label_free""}}","{""arrival_equity_gap_min"": ""lower"", ""boat_workload_cv"": ""lower"", ""cvar90_arrival_min"": ""lower"", ""deadline_miss_rate"": ""lower"", ""duplicate_dispatches"": ""lower"", ""fake_dispatches"": ""lower"", ""latent_harm"": ""lower"", ""max_arrival_min"": ""lower"", ""mean_arrival_min"": ""lower"", ""merge_caused_misses"": ""lower"", ""split_trips"": ""lower"", ""total_fleet_workload_min"": ""lower"", ""unique_population_reached_by_deadline_rate"": ""higher"", ""unserved_genuine_incidents"": ""lower""}"
policy,revised_priority,first_report_fifo,"{""partition"": ""additive_cij_matched_density""}",merge_caused_misses,lower,0,0,0,"[0.0, 0.0]",0,1,1,0,120,0,0,120,0,0,positive means candidate is better,120,4.1.0,test:3000-3039,a7c7a3f7ea63e57f1d98bd42f21c02aa04a69eaa37c824584a2be65f00f2d7e1,"{""numpy"": ""2.0.2"", ""pandas"": ""2.2.2"", ""python-louvain"": ""0.16"", ""scikit-learn"": ""1.6.1"", ""scipy"": ""1.16.3""}","{""additive"": {""calibration_objective"": 0.024220283682757516, ""knn"": 8, ""q"": 0.95}, ""error_model"": ""conservative-v1"", ""product"": {""knn"": 8, ""resolution"": 1.2, ""sigma_geo_m"": 900.0, ""tau_temp_min"": 60.0, ""threshold_quantile"": 0.95, ""track"": ""operational_label_free""}}","{""arrival_equity_gap_min"": ""lower"", ""boat_workload_cv"": ""lower"", ""cvar90_arrival_min"": ""lower"", ""deadline_miss_rate"": ""lower"", ""duplicate_dispatches"": ""lower"", ""fake_dispatches"": ""lower"", ""latent_harm"": ""lower"", ""max_arrival_min"": ""lower"", ""mean_arrival_min"": ""lower"", ""merge_caused_misses"": ""lower"", ""split_trips"": ""lower"", ""total_fleet_workload_min"": ""lower"", ""unique_population_reached_by_deadline_rate"": ""higher"", ""unserved_genuine_incidents"": ""lower""}"
policy,revised_priority,first_report_fifo,"{""partition"": ""additive_cij_matched_density""}",fake_dispatches,lower,0,0,0,"[0.0, 0.0]",0,1,1,0,120,0,0,120,0,0,positive means candidate is better,120,4.1.0,test:3000-3039,a7c7a3f7ea63e57f1d98bd42f21c02aa04a69eaa37c824584a2be65f00f2d7e1,"{""numpy"": ""2.0.2"", ""pandas"": ""2.2.2"", ""python-louvain"": ""0.16"", ""scikit-learn"": ""1.6.1"", ""scipy"": ""1.16.3""}","{""additive"": {""calibration_objective"": 0.024220283682757516, ""knn"": 8, ""q"": 0.95}, ""error_model"": ""conservative-v1"", ""product"": {""knn"": 8, ""resolution"": 1.2, ""sigma_geo_m"": 900.0, ""tau_temp_min"": 60.0, ""threshold_quantile"": 0.95, ""track"": ""operational_label_free""}}","{""arrival_equity_gap_min"": ""lower"", ""boat_workload_cv"": ""lower"", ""cvar90_arrival_min"": ""lower"", ""deadline_miss_rate"": ""lower"", ""duplicate_dispatches"": ""lower"", ""fake_dispatches"": ""lower"", ""latent_harm"": ""lower"", ""max_arrival_min"": ""lower"", ""mean_arrival_min"": ""lower"", ""merge_caused_misses"": ""lower"", ""split_trips"": ""lower"", ""total_fleet_workload_min"": ""lower"", ""unique_population_reached_by_deadline_rate"": ""higher"", ""unserved_genuine_incidents"": ""lower""}"
policy,revised_priority,first_report_fifo,"{""partition"": ""additive_cij_matched_density""}",duplicate_dispatches,lower,0,0,0,"[0.0, 0.0]",0,1,1,0,120,0,0,120,0,0,positive means candidate is better,120,4.1.0,test:3000-3039,a7c7a3f7ea63e57f1d98bd42f21c02aa04a69eaa37c824584a2be65f00f2d7e1,"{""numpy"": ""2.0.2"", ""pandas"": ""2.2.2"", ""python-louvain"": ""0.16"", ""scikit-learn"": ""1.6.1"", ""scipy"": ""1.16.3""}","{""additive"": {""calibration_objective"": 0.024220283682757516, ""knn"": 8, ""q"": 0.95}, ""error_model"": ""conservative-v1"", ""product"": {""knn"": 8, ""resolution"": 1.2, ""sigma_geo_m"": 900.0, ""tau_temp_min"": 60.0, ""threshold_quantile"": 0.95, ""track"": ""operational_label_free""}}","{""arrival_equity_gap_min"": ""lower"", ""boat_workload_cv"": ""lower"", ""cvar90_arrival_min"": ""lower"", ""deadline_miss_rate"": ""lower"", ""duplicate_dispatches"": ""lower"", ""fake_dispatches"": ""lower"", ""latent_harm"": ""lower"", ""max_arrival_min"": ""lower"", ""mean_arrival_min"": ""lower"", ""merge_caused_misses"": ""lower"", ""split_trips"": ""lower"", ""total_fleet_workload_min"": ""lower"", ""unique_population_reached_by_deadline_rate"": ""higher"", ""unserved_genuine_incidents"": ""lower""}"
policy,revised_priority,first_report_fifo,"{""partition"": ""additive_cij_matched_density""}",unserved_genuine_incidents,lower,0,0,0,"[0.0, 0.0]",0,1,1,0,120,0,0,120,0,0,positive means candidate is better,120,4.1.0,test:3000-3039,a7c7a3f7ea63e57f1d98bd42f21c02aa04a69eaa37c824584a2be65f00f2d7e1,"{""numpy"": ""2.0.2"", ""pandas"": ""2.2.2"", ""python-louvain"": ""0.16"", ""scikit-learn"": ""1.6.1"", ""scipy"": ""1.16.3""}","{""additive"": {""calibration_objective"": 0.024220283682757516, ""knn"": 8, ""q"": 0.95}, ""error_model"": ""conservative-v1"", ""product"": {""knn"": 8, ""resolution"": 1.2, ""sigma_geo_m"": 900.0, ""tau_temp_min"": 60.0, ""threshold_quantile"": 0.95, ""track"": ""operational_label_free""}}","{""arrival_equity_gap_min"": ""lower"", ""boat_workload_cv"": ""lower"", ""cvar90_arrival_min"": ""lower"", ""deadline_miss_rate"": ""lower"", ""duplicate_dispatches"": ""lower"", ""fake_dispatches"": ""lower"", ""latent_harm"": ""lower"", ""max_arrival_min"": ""lower"", ""mean_arrival_min"": ""lower"", ""merge_caused_misses"": ""lower"", ""split_trips"": ""lower"", ""total_fleet_workload_min"": ""lower"", ""unique_population_reached_by_deadline_rate"": ""higher"", ""unserved_genuine_incidents"": ""lower""}"
policy,revised_priority,legacy_priority,"{""partition"": ""oracle""}",latent_harm,lower,3.555116187,88.03699066,3.346756935,"[-12.608308902927622, 19.374592173864702]",-3.555116187,0.5092826991,1,3378,120,67,53,0,0.04038207304,0.0694214876,positive means candidate is better,120,4.1.0,test:3000-3039,a7c7a3f7ea63e57f1d98bd42f21c02aa04a69eaa37c824584a2be65f00f2d7e1,"{""numpy"": ""2.0.2"", ""pandas"": ""2.2.2"", ""python-louvain"": ""0.16"", ""scikit-learn"": ""1.6.1"", ""scipy"": ""1.16.3""}","{""additive"": {""calibration_objective"": 0.024220283682757516, ""knn"": 8, ""q"": 0.95}, ""error_model"": ""conservative-v1"", ""product"": {""knn"": 8, ""resolution"": 1.2, ""sigma_geo_m"": 900.0, ""tau_temp_min"": 60.0, ""threshold_quantile"": 0.95, ""track"": ""operational_label_free""}}","{""arrival_equity_gap_min"": ""lower"", ""boat_workload_cv"": ""lower"", ""cvar90_arrival_min"": ""lower"", ""deadline_miss_rate"": ""lower"", ""duplicate_dispatches"": ""lower"", ""fake_dispatches"": ""lower"", ""latent_harm"": ""lower"", ""max_arrival_min"": ""lower"", ""mean_arrival_min"": ""lower"", ""merge_caused_misses"": ""lower"", ""split_trips"": ""lower"", ""total_fleet_workload_min"": ""lower"", ""unique_population_reached_by_deadline_rate"": ""higher"", ""unserved_genuine_incidents"": ""lower""}"
policy,revised_priority,legacy_priority,"{""partition"": ""oracle""}",deadline_miss_rate,lower,0.02447916667,0.08509442101,0,"[0.009375, 0.04010416666666667]",-0.02447916667,0.002718438995,0.03262126794,581,120,43,20,57,0.2876706413,0.4236111111,positive means candidate is better,120,4.1.0,test:3000-3039,a7c7a3f7ea63e57f1d98bd42f21c02aa04a69eaa37c824584a2be65f00f2d7e1,"{""numpy"": ""2.0.2"", ""pandas"": ""2.2.2"", ""python-louvain"": ""0.16"", ""scikit-learn"": ""1.6.1"", ""scipy"": ""1.16.3""}","{""additive"": {""calibration_objective"": 0.024220283682757516, ""knn"": 8, ""q"": 0.95}, ""error_model"": ""conservative-v1"", ""product"": {""knn"": 8, ""resolution"": 1.2, ""sigma_geo_m"": 900.0, ""tau_temp_min"": 60.0, ""threshold_quantile"": 0.95, ""track"": ""operational_label_free""}}","{""arrival_equity_gap_min"": ""lower"", ""boat_workload_cv"": ""lower"", ""cvar90_arrival_min"": ""lower"", ""deadline_miss_rate"": ""lower"", ""duplicate_dispatches"": ""lower"", ""fake_dispatches"": ""lower"", ""latent_harm"": ""lower"", ""max_arrival_min"": ""lower"", ""mean_arrival_min"": ""lower"", ""merge_caused_misses"": ""lower"", ""split_trips"": ""lower"", ""total_fleet_workload_min"": ""lower"", ""unique_population_reached_by_deadline_rate"": ""higher"", ""unserved_genuine_incidents"": ""lower""}"
policy,revised_priority,legacy_priority,"{""partition"": ""oracle""}",mean_arrival_min,lower,2.389839543,89.79453617,7.312771957,"[-14.020227609911927, 18.646947202150493]",-2.389839543,0.5434676404,1,3398,120,66,54,0,0.02661453185,0.06391184573,positive means candidate is better,120,4.1.0,test:3000-3039,a7c7a3f7ea63e57f1d98bd42f21c02aa04a69eaa37c824584a2be65f00f2d7e1,"{""numpy"": ""2.0.2"", ""pandas"": ""2.2.2"", ""python-louvain"": ""0.16"", ""scikit-learn"": ""1.6.1"", ""scipy"": ""1.16.3""}","{""additive"": {""calibration_objective"": 0.024220283682757516, ""knn"": 8, ""q"": 0.95}, ""error_model"": ""conservative-v1"", ""product"": {""knn"": 8, ""resolution"": 1.2, ""sigma_geo_m"": 900.0, ""tau_temp_min"": 60.0, ""threshold_quantile"": 0.95, ""track"": ""operational_label_free""}}","{""arrival_equity_gap_min"": ""lower"", ""boat_workload_cv"": ""lower"", ""cvar90_arrival_min"": ""lower"", ""deadline_miss_rate"": ""lower"", ""duplicate_dispatches"": ""lower"", ""fake_dispatches"": ""lower"", ""latent_harm"": ""lower"", ""max_arrival_min"": ""lower"", ""mean_arrival_min"": ""lower"", ""merge_caused_misses"": ""lower"", ""split_trips"": ""lower"", ""total_fleet_workload_min"": ""lower"", ""unique_population_reached_by_deadline_rate"": ""higher"", ""unserved_genuine_incidents"": ""lower""}"
policy,revised_priority,legacy_priority,"{""partition"": ""oracle""}",max_arrival_min,lower,-6.465354082,210.5745329,-17.5391346,"[-45.23891771409767, 31.56112117030304]",6.465354082,0.4959309929,1,3370,120,56,64,0,-0.03070339985,-0.07162534435,positive means candidate is better,120,4.1.0,test:3000-3039,a7c7a3f7ea63e57f1d98bd42f21c02aa04a69eaa37c824584a2be65f00f2d7e1,"{""numpy"": ""2.0.2"", ""pandas"": ""2.2.2"", ""python-louvain"": ""0.16"", ""scikit-learn"": ""1.6.1"", ""scipy"": ""1.16.3""}","{""additive"": {""calibration_objective"": 0.024220283682757516, ""knn"": 8, ""q"": 0.95}, ""error_model"": ""conservative-v1"", ""product"": {""knn"": 8, ""resolution"": 1.2, ""sigma_geo_m"": 900.0, ""tau_temp_min"": 60.0, ""threshold_quantile"": 0.95, ""track"": ""operational_label_free""}}","{""arrival_equity_gap_min"": ""lower"", ""boat_workload_cv"": ""lower"", ""cvar90_arrival_min"": ""lower"", ""deadline_miss_rate"": ""lower"", ""duplicate_dispatches"": ""lower"", ""fake_dispatches"": ""lower"", ""latent_harm"": ""lower"", ""max_arrival_min"": ""lower"", ""mean_arrival_min"": ""lower"", ""merge_caused_misses"": ""lower"", ""split_trips"": ""lower"", ""total_fleet_workload_min"": ""lower"", ""unique_population_reached_by_deadline_rate"": ""higher"", ""unserved_genuine_incidents"": ""lower""}"
policy,revised_priority,legacy_priority,"{""partition"": ""oracle""}",cvar90_arrival_min,lower,-5.981297667,191.5574331,-12.12411932,"[-40.91311138228638, 28.23222283562337]",5.981297667,0.5986153943,1,3429,120,58,62,0,-0.03122456576,-0.05537190083,positive means candidate is better,120,4.1.0,test:3000-3039,a7c7a3f7ea63e57f1d98bd42f21c02aa04a69eaa37c824584a2be65f00f2d7e1,"{""numpy"": ""2.0.2"", ""pandas"": ""2.2.2"", ""python-louvain"": ""0.16"", ""scikit-learn"": ""1.6.1"", ""scipy"": ""1.16.3""}","{""additive"": {""calibration_objective"": 0.024220283682757516, ""knn"": 8, ""q"": 0.95}, ""error_model"": ""conservative-v1"", ""product"": {""knn"": 8, ""resolution"": 1.2, ""sigma_geo_m"": 900.0, ""tau_temp_min"": 60.0, ""threshold_quantile"": 0.95, ""track"": ""operational_label_free""}}","{""arrival_equity_gap_min"": ""lower"", ""boat_workload_cv"": ""lower"", ""cvar90_arrival_min"": ""lower"", ""deadline_miss_rate"": ""lower"", ""duplicate_dispatches"": ""lower"", ""fake_dispatches"": ""lower"", ""latent_harm"": ""lower"", ""max_arrival_min"": ""lower"", ""mean_arrival_min"": ""lower"", ""merge_caused_misses"": ""lower"", ""split_trips"": ""lower"", ""total_fleet_workload_min"": ""lower"", ""unique_population_reached_by_deadline_rate"": ""higher"", ""unserved_genuine_incidents"": ""lower""}"
policy,revised_priority,legacy_priority,"{""partition"": ""oracle""}",unique_population_reached_by_deadline_rate,higher,0.03757738357,0.1007755204,0,"[0.019272514264167036, 0.05626534159338095]",0.03757738357,7.804459586e-05,0.001092624342,700,120,52,24,44,0.3728820593,0.5215311005,positive means candidate is better,120,4.1.0,test:3000-3039,a7c7a3f7ea63e57f1d98bd42f21c02aa04a69eaa37c824584a2be65f00f2d7e1,"{""numpy"": ""2.0.2"", ""pandas"": ""2.2.2"", ""python-louvain"": ""0.16"", ""scikit-learn"": ""1.6.1"", ""scipy"": ""1.16.3""}","{""additive"": {""calibration_objective"": 0.024220283682757516, ""knn"": 8, ""q"": 0.95}, ""error_model"": ""conservative-v1"", ""product"": {""knn"": 8, ""resolution"": 1.2, ""sigma_geo_m"": 900.0, ""tau_temp_min"": 60.0, ""threshold_quantile"": 0.95, ""track"": ""operational_label_free""}}","{""arrival_equity_gap_min"": ""lower"", ""boat_workload_cv"": ""lower"", ""cvar90_arrival_min"": ""lower"", ""deadline_miss_rate"": ""lower"", ""duplicate_dispatches"": ""lower"", ""fake_dispatches"": ""lower"", ""latent_harm"": ""lower"", ""max_arrival_min"": ""lower"", ""mean_arrival_min"": ""lower"", ""merge_caused_misses"": ""lower"", ""split_trips"": ""lower"", ""total_fleet_workload_min"": ""lower"", ""unique_population_reached_by_deadline_rate"": ""higher"", ""unserved_genuine_incidents"": ""lower""}"
policy,revised_priority,legacy_priority,"{""partition"": ""oracle""}",total_fleet_workload_min,lower,1.003961088,430.2587933,14.74868883,"[-78.06637092626687, 78.08925223158519]",-1.003961088,0.9436289872,1,3603,120,64,56,0,0.002333388889,0.007438016529,positive means candidate is better,120,4.1.0,test:3000-3039,a7c7a3f7ea63e57f1d98bd42f21c02aa04a69eaa37c824584a2be65f00f2d7e1,"{""numpy"": ""2.0.2"", ""pandas"": ""2.2.2"", ""python-louvain"": ""0.16"", ""scikit-learn"": ""1.6.1"", ""scipy"": ""1.16.3""}","{""additive"": {""calibration_objective"": 0.024220283682757516, ""knn"": 8, ""q"": 0.95}, ""error_model"": ""conservative-v1"", ""product"": {""knn"": 8, ""resolution"": 1.2, ""sigma_geo_m"": 900.0, ""tau_temp_min"": 60.0, ""threshold_quantile"": 0.95, ""track"": ""operational_label_free""}}","{""arrival_equity_gap_min"": ""lower"", ""boat_workload_cv"": ""lower"", ""cvar90_arrival_min"": ""lower"", ""deadline_miss_rate"": ""lower"", ""duplicate_dispatches"": ""lower"", ""fake_dispatches"": ""lower"", ""latent_harm"": ""lower"", ""max_arrival_min"": ""lower"", ""mean_arrival_min"": ""lower"", ""merge_caused_misses"": ""lower"", ""split_trips"": ""lower"", ""total_fleet_workload_min"": ""lower"", ""unique_population_reached_by_deadline_rate"": ""higher"", ""unserved_genuine_incidents"": ""lower""}"
policy,revised_priority,legacy_priority,"{""partition"": ""oracle""}",boat_workload_cv,lower,0.0001497636311,0.05812307868,0.003165894433,"[-0.010373143508735708, 0.010601805436175811]",-0.0001497636311,0.8360952518,1,3551,120,64,56,0,0.00257666377,0.0217630854,positive means candidate is better,120,4.1.0,test:3000-3039,a7c7a3f7ea63e57f1d98bd42f21c02aa04a69eaa37c824584a2be65f00f2d7e1,"{""numpy"": ""2.0.2"", ""pandas"": ""2.2.2"", ""python-louvain"": ""0.16"", ""scikit-learn"": ""1.6.1"", ""scipy"": ""1.16.3""}","{""additive"": {""calibration_objective"": 0.024220283682757516, ""knn"": 8, ""q"": 0.95}, ""error_model"": ""conservative-v1"", ""product"": {""knn"": 8, ""resolution"": 1.2, ""sigma_geo_m"": 900.0, ""tau_temp_min"": 60.0, ""threshold_quantile"": 0.95, ""track"": ""operational_label_free""}}","{""arrival_equity_gap_min"": ""lower"", ""boat_workload_cv"": ""lower"", ""cvar90_arrival_min"": ""lower"", ""deadline_miss_rate"": ""lower"", ""duplicate_dispatches"": ""lower"", ""fake_dispatches"": ""lower"", ""latent_harm"": ""lower"", ""max_arrival_min"": ""lower"", ""mean_arrival_min"": ""lower"", ""merge_caused_misses"": ""lower"", ""split_trips"": ""lower"", ""total_fleet_workload_min"": ""lower"", ""unique_population_reached_by_deadline_rate"": ""higher"", ""unserved_genuine_incidents"": ""lower""}"
policy,revised_priority,legacy_priority,"{""partition"": ""oracle""}",arrival_equity_gap_min,lower,-40.57692196,126.4530054,-34.56144793,"[-63.264207097608825, -18.07240138451324]",40.57692196,0.001846725076,0.02400742599,2441,120,48,72,0,-0.32088539,-0.3275482094,positive means candidate is better,120,4.1.0,test:3000-3039,a7c7a3f7ea63e57f1d98bd42f21c02aa04a69eaa37c824584a2be65f00f2d7e1,"{""numpy"": ""2.0.2"", ""pandas"": ""2.2.2"", ""python-louvain"": ""0.16"", ""scikit-learn"": ""1.6.1"", ""scipy"": ""1.16.3""}","{""additive"": {""calibration_objective"": 0.024220283682757516, ""knn"": 8, ""q"": 0.95}, ""error_model"": ""conservative-v1"", ""product"": {""knn"": 8, ""resolution"": 1.2, ""sigma_geo_m"": 900.0, ""tau_temp_min"": 60.0, ""threshold_quantile"": 0.95, ""track"": ""operational_label_free""}}","{""arrival_equity_gap_min"": ""lower"", ""boat_workload_cv"": ""lower"", ""cvar90_arrival_min"": ""lower"", ""deadline_miss_rate"": ""lower"", ""duplicate_dispatches"": ""lower"", ""fake_dispatches"": ""lower"", ""latent_harm"": ""lower"", ""max_arrival_min"": ""lower"", ""mean_arrival_min"": ""lower"", ""merge_caused_misses"": ""lower"", ""split_trips"": ""lower"", ""total_fleet_workload_min"": ""lower"", ""unique_population_reached_by_deadline_rate"": ""higher"", ""unserved_genuine_incidents"": ""lower""}"
policy,revised_priority,legacy_priority,"{""partition"": ""oracle""}",split_trips,lower,0,0,0,"[0.0, 0.0]",0,1,1,0,120,0,0,120,0,0,positive means candidate is better,120,4.1.0,test:3000-3039,a7c7a3f7ea63e57f1d98bd42f21c02aa04a69eaa37c824584a2be65f00f2d7e1,"{""numpy"": ""2.0.2"", ""pandas"": ""2.2.2"", ""python-louvain"": ""0.16"", ""scikit-learn"": ""1.6.1"", ""scipy"": ""1.16.3""}","{""additive"": {""calibration_objective"": 0.024220283682757516, ""knn"": 8, ""q"": 0.95}, ""error_model"": ""conservative-v1"", ""product"": {""knn"": 8, ""resolution"": 1.2, ""sigma_geo_m"": 900.0, ""tau_temp_min"": 60.0, ""threshold_quantile"": 0.95, ""track"": ""operational_label_free""}}","{""arrival_equity_gap_min"": ""lower"", ""boat_workload_cv"": ""lower"", ""cvar90_arrival_min"": ""lower"", ""deadline_miss_rate"": ""lower"", ""duplicate_dispatches"": ""lower"", ""fake_dispatches"": ""lower"", ""latent_harm"": ""lower"", ""max_arrival_min"": ""lower"", ""mean_arrival_min"": ""lower"", ""merge_caused_misses"": ""lower"", ""split_trips"": ""lower"", ""total_fleet_workload_min"": ""lower"", ""unique_population_reached_by_deadline_rate"": ""higher"", ""unserved_genuine_incidents"": ""lower""}"
policy,revised_priority,legacy_priority,"{""partition"": ""oracle""}",merge_caused_misses,lower,0,0,0,"[0.0, 0.0]",0,1,1,0,120,0,0,120,0,0,positive means candidate is better,120,4.1.0,test:3000-3039,a7c7a3f7ea63e57f1d98bd42f21c02aa04a69eaa37c824584a2be65f00f2d7e1,"{""numpy"": ""2.0.2"", ""pandas"": ""2.2.2"", ""python-louvain"": ""0.16"", ""scikit-learn"": ""1.6.1"", ""scipy"": ""1.16.3""}","{""additive"": {""calibration_objective"": 0.024220283682757516, ""knn"": 8, ""q"": 0.95}, ""error_model"": ""conservative-v1"", ""product"": {""knn"": 8, ""resolution"": 1.2, ""sigma_geo_m"": 900.0, ""tau_temp_min"": 60.0, ""threshold_quantile"": 0.95, ""track"": ""operational_label_free""}}","{""arrival_equity_gap_min"": ""lower"", ""boat_workload_cv"": ""lower"", ""cvar90_arrival_min"": ""lower"", ""deadline_miss_rate"": ""lower"", ""duplicate_dispatches"": ""lower"", ""fake_dispatches"": ""lower"", ""latent_harm"": ""lower"", ""max_arrival_min"": ""lower"", ""mean_arrival_min"": ""lower"", ""merge_caused_misses"": ""lower"", ""split_trips"": ""lower"", ""total_fleet_workload_min"": ""lower"", ""unique_population_reached_by_deadline_rate"": ""higher"", ""unserved_genuine_incidents"": ""lower""}"
policy,revised_priority,legacy_priority,"{""partition"": ""oracle""}",fake_dispatches,lower,0,0,0,"[0.0, 0.0]",0,1,1,0,120,0,0,120,0,0,positive means candidate is better,120,4.1.0,test:3000-3039,a7c7a3f7ea63e57f1d98bd42f21c02aa04a69eaa37c824584a2be65f00f2d7e1,"{""numpy"": ""2.0.2"", ""pandas"": ""2.2.2"", ""python-louvain"": ""0.16"", ""scikit-learn"": ""1.6.1"", ""scipy"": ""1.16.3""}","{""additive"": {""calibration_objective"": 0.024220283682757516, ""knn"": 8, ""q"": 0.95}, ""error_model"": ""conservative-v1"", ""product"": {""knn"": 8, ""resolution"": 1.2, ""sigma_geo_m"": 900.0, ""tau_temp_min"": 60.0, ""threshold_quantile"": 0.95, ""track"": ""operational_label_free""}}","{""arrival_equity_gap_min"": ""lower"", ""boat_workload_cv"": ""lower"", ""cvar90_arrival_min"": ""lower"", ""deadline_miss_rate"": ""lower"", ""duplicate_dispatches"": ""lower"", ""fake_dispatches"": ""lower"", ""latent_harm"": ""lower"", ""max_arrival_min"": ""lower"", ""mean_arrival_min"": ""lower"", ""merge_caused_misses"": ""lower"", ""split_trips"": ""lower"", ""total_fleet_workload_min"": ""lower"", ""unique_population_reached_by_deadline_rate"": ""higher"", ""unserved_genuine_incidents"": ""lower""}"
policy,revised_priority,legacy_priority,"{""partition"": ""oracle""}",duplicate_dispatches,lower,0,0,0,"[0.0, 0.0]",0,1,1,0,120,0,0,120,0,0,positive means candidate is better,120,4.1.0,test:3000-3039,a7c7a3f7ea63e57f1d98bd42f21c02aa04a69eaa37c824584a2be65f00f2d7e1,"{""numpy"": ""2.0.2"", ""pandas"": ""2.2.2"", ""python-louvain"": ""0.16"", ""scikit-learn"": ""1.6.1"", ""scipy"": ""1.16.3""}","{""additive"": {""calibration_objective"": 0.024220283682757516, ""knn"": 8, ""q"": 0.95}, ""error_model"": ""conservative-v1"", ""product"": {""knn"": 8, ""resolution"": 1.2, ""sigma_geo_m"": 900.0, ""tau_temp_min"": 60.0, ""threshold_quantile"": 0.95, ""track"": ""operational_label_free""}}","{""arrival_equity_gap_min"": ""lower"", ""boat_workload_cv"": ""lower"", ""cvar90_arrival_min"": ""lower"", ""deadline_miss_rate"": ""lower"", ""duplicate_dispatches"": ""lower"", ""fake_dispatches"": ""lower"", ""latent_harm"": ""lower"", ""max_arrival_min"": ""lower"", ""mean_arrival_min"": ""lower"", ""merge_caused_misses"": ""lower"", ""split_trips"": ""lower"", ""total_fleet_workload_min"": ""lower"", ""unique_population_reached_by_deadline_rate"": ""higher"", ""unserved_genuine_incidents"": ""lower""}"
policy,revised_priority,legacy_priority,"{""partition"": ""oracle""}",unserved_genuine_incidents,lower,0,0,0,"[0.0, 0.0]",0,1,1,0,120,0,0,120,0,0,positive means candidate is better,120,4.1.0,test:3000-3039,a7c7a3f7ea63e57f1d98bd42f21c02aa04a69eaa37c824584a2be65f00f2d7e1,"{""numpy"": ""2.0.2"", ""pandas"": ""2.2.2"", ""python-louvain"": ""0.16"", ""scikit-learn"": ""1.6.1"", ""scipy"": ""1.16.3""}","{""additive"": {""calibration_objective"": 0.024220283682757516, ""knn"": 8, ""q"": 0.95}, ""error_model"": ""conservative-v1"", ""product"": {""knn"": 8, ""resolution"": 1.2, ""sigma_geo_m"": 900.0, ""tau_temp_min"": 60.0, ""threshold_quantile"": 0.95, ""track"": ""operational_label_free""}}","{""arrival_equity_gap_min"": ""lower"", ""boat_workload_cv"": ""lower"", ""cvar90_arrival_min"": ""lower"", ""deadline_miss_rate"": ""lower"", ""duplicate_dispatches"": ""lower"", ""fake_dispatches"": ""lower"", ""latent_harm"": ""lower"", ""max_arrival_min"": ""lower"", ""mean_arrival_min"": ""lower"", ""merge_caused_misses"": ""lower"", ""split_trips"": ""lower"", ""total_fleet_workload_min"": ""lower"", ""unique_population_reached_by_deadline_rate"": ""higher"", ""unserved_genuine_incidents"": ""lower""}"
policy,revised_priority,nearest_first,"{""partition"": ""oracle""}",latent_harm,lower,-232.2270702,196.8788854,-193.6094925,"[-267.80762973063213, -198.18424227839753]",232.2270702,9.497340487e-21,1.139680858e-19,63,120,6,114,0,-1.179542792,-0.9826446281,positive means candidate is better,120,4.1.0,test:3000-3039,a7c7a3f7ea63e57f1d98bd42f21c02aa04a69eaa37c824584a2be65f00f2d7e1,"{""numpy"": ""2.0.2"", ""pandas"": ""2.2.2"", ""python-louvain"": ""0.16"", ""scikit-learn"": ""1.6.1"", ""scipy"": ""1.16.3""}","{""additive"": {""calibration_objective"": 0.024220283682757516, ""knn"": 8, ""q"": 0.95}, ""error_model"": ""conservative-v1"", ""product"": {""knn"": 8, ""resolution"": 1.2, ""sigma_geo_m"": 900.0, ""tau_temp_min"": 60.0, ""threshold_quantile"": 0.95, ""track"": ""operational_label_free""}}","{""arrival_equity_gap_min"": ""lower"", ""boat_workload_cv"": ""lower"", ""cvar90_arrival_min"": ""lower"", ""deadline_miss_rate"": ""lower"", ""duplicate_dispatches"": ""lower"", ""fake_dispatches"": ""lower"", ""latent_harm"": ""lower"", ""max_arrival_min"": ""lower"", ""mean_arrival_min"": ""lower"", ""merge_caused_misses"": ""lower"", ""split_trips"": ""lower"", ""total_fleet_workload_min"": ""lower"", ""unique_population_reached_by_deadline_rate"": ""higher"", ""unserved_genuine_incidents"": ""lower""}"
policy,revised_priority,nearest_first,"{""partition"": ""oracle""}",deadline_miss_rate,lower,-0.2041666667,0.1624016617,-0.1875,"[-0.23385416666666667, -0.175]",0.2041666667,1.108712829e-18,9.97841546e-18,166.5,120,4,110,6,-1.257171045,-0.9491990847,positive means candidate is better,120,4.1.0,test:3000-3039,a7c7a3f7ea63e57f1d98bd42f21c02aa04a69eaa37c824584a2be65f00f2d7e1,"{""numpy"": ""2.0.2"", ""pandas"": ""2.2.2"", ""python-louvain"": ""0.16"", ""scikit-learn"": ""1.6.1"", ""scipy"": ""1.16.3""}","{""additive"": {""calibration_objective"": 0.024220283682757516, ""knn"": 8, ""q"": 0.95}, ""error_model"": ""conservative-v1"", ""product"": {""knn"": 8, ""resolution"": 1.2, ""sigma_geo_m"": 900.0, ""tau_temp_min"": 60.0, ""threshold_quantile"": 0.95, ""track"": ""operational_label_free""}}","{""arrival_equity_gap_min"": ""lower"", ""boat_workload_cv"": ""lower"", ""cvar90_arrival_min"": ""lower"", ""deadline_miss_rate"": ""lower"", ""duplicate_dispatches"": ""lower"", ""fake_dispatches"": ""lower"", ""latent_harm"": ""lower"", ""max_arrival_min"": ""lower"", ""mean_arrival_min"": ""lower"", ""merge_caused_misses"": ""lower"", ""split_trips"": ""lower"", ""total_fleet_workload_min"": ""lower"", ""unique_population_reached_by_deadline_rate"": ""higher"", ""unserved_genuine_incidents"": ""lower""}"
policy,revised_priority,nearest_first,"{""partition"": ""oracle""}",mean_arrival_min,lower,-260.9678423,195.9965267,-229.8752148,"[-296.069435676174, -227.0340530088404]",260.9678423,4.079534295e-21,5.711348013e-20,29,120,4,116,0,-1.331492179,-0.9920110193,positive means candidate is better,120,4.1.0,test:3000-3039,a7c7a3f7ea63e57f1d98bd42f21c02aa04a69eaa37c824584a2be65f00f2d7e1,"{""numpy"": ""2.0.2"", ""pandas"": ""2.2.2"", ""python-louvain"": ""0.16"", ""scikit-learn"": ""1.6.1"", ""scipy"": ""1.16.3""}","{""additive"": {""calibration_objective"": 0.024220283682757516, ""knn"": 8, ""q"": 0.95}, ""error_model"": ""conservative-v1"", ""product"": {""knn"": 8, ""resolution"": 1.2, ""sigma_geo_m"": 900.0, ""tau_temp_min"": 60.0, ""threshold_quantile"": 0.95, ""track"": ""operational_label_free""}}","{""arrival_equity_gap_min"": ""lower"", ""boat_workload_cv"": ""lower"", ""cvar90_arrival_min"": ""lower"", ""deadline_miss_rate"": ""lower"", ""duplicate_dispatches"": ""lower"", ""fake_dispatches"": ""lower"", ""latent_harm"": ""lower"", ""max_arrival_min"": ""lower"", ""mean_arrival_min"": ""lower"", ""merge_caused_misses"": ""lower"", ""split_trips"": ""lower"", ""total_fleet_workload_min"": ""lower"", ""unique_population_reached_by_deadline_rate"": ""higher"", ""unserved_genuine_incidents"": ""lower""}"
policy,revised_priority,nearest_first,"{""partition"": ""oracle""}",max_arrival_min,lower,-532.7318724,422.6910349,-533.5299372,"[-607.5829679150212, -458.61346208813995]",532.7318724,1.354032769e-19,1.354032769e-18,155,120,10,109,1,-1.260333975,-0.9565826331,positive means candidate is better,120,4.1.0,test:3000-3039,a7c7a3f7ea63e57f1d98bd42f21c02aa04a69eaa37c824584a2be65f00f2d7e1,"{""numpy"": ""2.0.2"", ""pandas"": ""2.2.2"", ""python-louvain"": ""0.16"", ""scikit-learn"": ""1.6.1"", ""scipy"": ""1.16.3""}","{""additive"": {""calibration_objective"": 0.024220283682757516, ""knn"": 8, ""q"": 0.95}, ""error_model"": ""conservative-v1"", ""product"": {""knn"": 8, ""resolution"": 1.2, ""sigma_geo_m"": 900.0, ""tau_temp_min"": 60.0, ""threshold_quantile"": 0.95, ""track"": ""operational_label_free""}}","{""arrival_equity_gap_min"": ""lower"", ""boat_workload_cv"": ""lower"", ""cvar90_arrival_min"": ""lower"", ""deadline_miss_rate"": ""lower"", ""duplicate_dispatches"": ""lower"", ""fake_dispatches"": ""lower"", ""latent_harm"": ""lower"", ""max_arrival_min"": ""lower"", ""mean_arrival_min"": ""lower"", ""merge_caused_misses"": ""lower"", ""split_trips"": ""lower"", ""total_fleet_workload_min"": ""lower"", ""unique_population_reached_by_deadline_rate"": ""higher"", ""unserved_genuine_incidents"": ""lower""}"
policy,revised_priority,nearest_first,"{""partition"": ""oracle""}",cvar90_arrival_min,lower,-516.022111,400.9683411,-501.748539,"[-586.3803300395765, -446.0400172269185]",516.022111,2.479523882e-20,2.72747627e-19,102,120,9,111,0,-1.286939786,-0.9719008264,positive means candidate is better,120,4.1.0,test:3000-3039,a7c7a3f7ea63e57f1d98bd42f21c02aa04a69eaa37c824584a2be65f00f2d7e1,"{""numpy"": ""2.0.2"", ""pandas"": ""2.2.2"", ""python-louvain"": ""0.16"", ""scikit-learn"": ""1.6.1"", ""scipy"": ""1.16.3""}","{""additive"": {""calibration_objective"": 0.024220283682757516, ""knn"": 8, ""q"": 0.95}, ""error_model"": ""conservative-v1"", ""product"": {""knn"": 8, ""resolution"": 1.2, ""sigma_geo_m"": 900.0, ""tau_temp_min"": 60.0, ""threshold_quantile"": 0.95, ""track"": ""operational_label_free""}}","{""arrival_equity_gap_min"": ""lower"", ""boat_workload_cv"": ""lower"", ""cvar90_arrival_min"": ""lower"", ""deadline_miss_rate"": ""lower"", ""duplicate_dispatches"": ""lower"", ""fake_dispatches"": ""lower"", ""latent_harm"": ""lower"", ""max_arrival_min"": ""lower"", ""mean_arrival_min"": ""lower"", ""merge_caused_misses"": ""lower"", ""split_trips"": ""lower"", ""total_fleet_workload_min"": ""lower"", ""unique_population_reached_by_deadline_rate"": ""higher"", ""unserved_genuine_incidents"": ""lower""}"
policy,revised_priority,nearest_first,"{""partition"": ""oracle""}",unique_population_reached_by_deadline_rate,higher,-0.1789899311,0.1673929935,-0.1600298386,"[-0.20954051316574107, -0.1494361637298649]",-0.1789899311,2.570758893e-17,2.056607114e-16,378,120,12,107,1,-1.069279708,-0.8941176471,positive means candidate is better,120,4.1.0,test:3000-3039,a7c7a3f7ea63e57f1d98bd42f21c02aa04a69eaa37c824584a2be65f00f2d7e1,"{""numpy"": ""2.0.2"", ""pandas"": ""2.2.2"", ""python-louvain"": ""0.16"", ""scikit-learn"": ""1.6.1"", ""scipy"": ""1.16.3""}","{""additive"": {""calibration_objective"": 0.024220283682757516, ""knn"": 8, ""q"": 0.95}, ""error_model"": ""conservative-v1"", ""product"": {""knn"": 8, ""resolution"": 1.2, ""sigma_geo_m"": 900.0, ""tau_temp_min"": 60.0, ""threshold_quantile"": 0.95, ""track"": ""operational_label_free""}}","{""arrival_equity_gap_min"": ""lower"", ""boat_workload_cv"": ""lower"", ""cvar90_arrival_min"": ""lower"", ""deadline_miss_rate"": ""lower"", ""duplicate_dispatches"": ""lower"", ""fake_dispatches"": ""lower"", ""latent_harm"": ""lower"", ""max_arrival_min"": ""lower"", ""mean_arrival_min"": ""lower"", ""merge_caused_misses"": ""lower"", ""split_trips"": ""lower"", ""total_fleet_workload_min"": ""lower"", ""unique_population_reached_by_deadline_rate"": ""higher"", ""unserved_genuine_incidents"": ""lower""}"
policy,revised_priority,nearest_first,"{""partition"": ""oracle""}",total_fleet_workload_min,lower,-1244.684182,720.8579787,-1317.716821,"[-1372.2606099206312, -1114.6264067754887]",1244.684182,4.288373684e-21,5.711348013e-20,31,120,5,115,0,-1.726670466,-0.9914600551,positive means candidate is better,120,4.1.0,test:3000-3039,a7c7a3f7ea63e57f1d98bd42f21c02aa04a69eaa37c824584a2be65f00f2d7e1,"{""numpy"": ""2.0.2"", ""pandas"": ""2.2.2"", ""python-louvain"": ""0.16"", ""scikit-learn"": ""1.6.1"", ""scipy"": ""1.16.3""}","{""additive"": {""calibration_objective"": 0.024220283682757516, ""knn"": 8, ""q"": 0.95}, ""error_model"": ""conservative-v1"", ""product"": {""knn"": 8, ""resolution"": 1.2, ""sigma_geo_m"": 900.0, ""tau_temp_min"": 60.0, ""threshold_quantile"": 0.95, ""track"": ""operational_label_free""}}","{""arrival_equity_gap_min"": ""lower"", ""boat_workload_cv"": ""lower"", ""cvar90_arrival_min"": ""lower"", ""deadline_miss_rate"": ""lower"", ""duplicate_dispatches"": ""lower"", ""fake_dispatches"": ""lower"", ""latent_harm"": ""lower"", ""max_arrival_min"": ""lower"", ""mean_arrival_min"": ""lower"", ""merge_caused_misses"": ""lower"", ""split_trips"": ""lower"", ""total_fleet_workload_min"": ""lower"", ""unique_population_reached_by_deadline_rate"": ""higher"", ""unserved_genuine_incidents"": ""lower""}"
policy,revised_priority,nearest_first,"{""partition"": ""oracle""}",boat_workload_cv,lower,0.03062644109,0.06969406171,0.02318492233,"[0.018117349879740896, 0.04266687628088863]",-0.03062644109,2.342387677e-05,0.0001639671374,2015,120,78,42,0,0.4394411853,0.4449035813,positive means candidate is better,120,4.1.0,test:3000-3039,a7c7a3f7ea63e57f1d98bd42f21c02aa04a69eaa37c824584a2be65f00f2d7e1,"{""numpy"": ""2.0.2"", ""pandas"": ""2.2.2"", ""python-louvain"": ""0.16"", ""scikit-learn"": ""1.6.1"", ""scipy"": ""1.16.3""}","{""additive"": {""calibration_objective"": 0.024220283682757516, ""knn"": 8, ""q"": 0.95}, ""error_model"": ""conservative-v1"", ""product"": {""knn"": 8, ""resolution"": 1.2, ""sigma_geo_m"": 900.0, ""tau_temp_min"": 60.0, ""threshold_quantile"": 0.95, ""track"": ""operational_label_free""}}","{""arrival_equity_gap_min"": ""lower"", ""boat_workload_cv"": ""lower"", ""cvar90_arrival_min"": ""lower"", ""deadline_miss_rate"": ""lower"", ""duplicate_dispatches"": ""lower"", ""fake_dispatches"": ""lower"", ""latent_harm"": ""lower"", ""max_arrival_min"": ""lower"", ""mean_arrival_min"": ""lower"", ""merge_caused_misses"": ""lower"", ""split_trips"": ""lower"", ""total_fleet_workload_min"": ""lower"", ""unique_population_reached_by_deadline_rate"": ""higher"", ""unserved_genuine_incidents"": ""lower""}"
policy,revised_priority,nearest_first,"{""partition"": ""oracle""}",arrival_equity_gap_min,lower,-43.78097488,192.4744009,-33.09280928,"[-76.85128323744271, -8.408473593164876]",43.78097488,0.002280938678,0.01368563207,2465,120,44,76,0,-0.2274638844,-0.3209366391,positive means candidate is better,120,4.1.0,test:3000-3039,a7c7a3f7ea63e57f1d98bd42f21c02aa04a69eaa37c824584a2be65f00f2d7e1,"{""numpy"": ""2.0.2"", ""pandas"": ""2.2.2"", ""python-louvain"": ""0.16"", ""scikit-learn"": ""1.6.1"", ""scipy"": ""1.16.3""}","{""additive"": {""calibration_objective"": 0.024220283682757516, ""knn"": 8, ""q"": 0.95}, ""error_model"": ""conservative-v1"", ""product"": {""knn"": 8, ""resolution"": 1.2, ""sigma_geo_m"": 900.0, ""tau_temp_min"": 60.0, ""threshold_quantile"": 0.95, ""track"": ""operational_label_free""}}","{""arrival_equity_gap_min"": ""lower"", ""boat_workload_cv"": ""lower"", ""cvar90_arrival_min"": ""lower"", ""deadline_miss_rate"": ""lower"", ""duplicate_dispatches"": ""lower"", ""fake_dispatches"": ""lower"", ""latent_harm"": ""lower"", ""max_arrival_min"": ""lower"", ""mean_arrival_min"": ""lower"", ""merge_caused_misses"": ""lower"", ""split_trips"": ""lower"", ""total_fleet_workload_min"": ""lower"", ""unique_population_reached_by_deadline_rate"": ""higher"", ""unserved_genuine_incidents"": ""lower""}"
policy,revised_priority,nearest_first,"{""partition"": ""oracle""}",split_trips,lower,0,0,0,"[0.0, 0.0]",0,1,1,0,120,0,0,120,0,0,positive means candidate is better,120,4.1.0,test:3000-3039,a7c7a3f7ea63e57f1d98bd42f21c02aa04a69eaa37c824584a2be65f00f2d7e1,"{""numpy"": ""2.0.2"", ""pandas"": ""2.2.2"", ""python-louvain"": ""0.16"", ""scikit-learn"": ""1.6.1"", ""scipy"": ""1.16.3""}","{""additive"": {""calibration_objective"": 0.024220283682757516, ""knn"": 8, ""q"": 0.95}, ""error_model"": ""conservative-v1"", ""product"": {""knn"": 8, ""resolution"": 1.2, ""sigma_geo_m"": 900.0, ""tau_temp_min"": 60.0, ""threshold_quantile"": 0.95, ""track"": ""operational_label_free""}}","{""arrival_equity_gap_min"": ""lower"", ""boat_workload_cv"": ""lower"", ""cvar90_arrival_min"": ""lower"", ""deadline_miss_rate"": ""lower"", ""duplicate_dispatches"": ""lower"", ""fake_dispatches"": ""lower"", ""latent_harm"": ""lower"", ""max_arrival_min"": ""lower"", ""mean_arrival_min"": ""lower"", ""merge_caused_misses"": ""lower"", ""split_trips"": ""lower"", ""total_fleet_workload_min"": ""lower"", ""unique_population_reached_by_deadline_rate"": ""higher"", ""unserved_genuine_incidents"": ""lower""}"
policy,revised_priority,nearest_first,"{""partition"": ""oracle""}",merge_caused_misses,lower,0,0,0,"[0.0, 0.0]",0,1,1,0,120,0,0,120,0,0,positive means candidate is better,120,4.1.0,test:3000-3039,a7c7a3f7ea63e57f1d98bd42f21c02aa04a69eaa37c824584a2be65f00f2d7e1,"{""numpy"": ""2.0.2"", ""pandas"": ""2.2.2"", ""python-louvain"": ""0.16"", ""scikit-learn"": ""1.6.1"", ""scipy"": ""1.16.3""}","{""additive"": {""calibration_objective"": 0.024220283682757516, ""knn"": 8, ""q"": 0.95}, ""error_model"": ""conservative-v1"", ""product"": {""knn"": 8, ""resolution"": 1.2, ""sigma_geo_m"": 900.0, ""tau_temp_min"": 60.0, ""threshold_quantile"": 0.95, ""track"": ""operational_label_free""}}","{""arrival_equity_gap_min"": ""lower"", ""boat_workload_cv"": ""lower"", ""cvar90_arrival_min"": ""lower"", ""deadline_miss_rate"": ""lower"", ""duplicate_dispatches"": ""lower"", ""fake_dispatches"": ""lower"", ""latent_harm"": ""lower"", ""max_arrival_min"": ""lower"", ""mean_arrival_min"": ""lower"", ""merge_caused_misses"": ""lower"", ""split_trips"": ""lower"", ""total_fleet_workload_min"": ""lower"", ""unique_population_reached_by_deadline_rate"": ""higher"", ""unserved_genuine_incidents"": ""lower""}"
policy,revised_priority,nearest_first,"{""partition"": ""oracle""}",fake_dispatches,lower,0,0,0,"[0.0, 0.0]",0,1,1,0,120,0,0,120,0,0,positive means candidate is better,120,4.1.0,test:3000-3039,a7c7a3f7ea63e57f1d98bd42f21c02aa04a69eaa37c824584a2be65f00f2d7e1,"{""numpy"": ""2.0.2"", ""pandas"": ""2.2.2"", ""python-louvain"": ""0.16"", ""scikit-learn"": ""1.6.1"", ""scipy"": ""1.16.3""}","{""additive"": {""calibration_objective"": 0.024220283682757516, ""knn"": 8, ""q"": 0.95}, ""error_model"": ""conservative-v1"", ""product"": {""knn"": 8, ""resolution"": 1.2, ""sigma_geo_m"": 900.0, ""tau_temp_min"": 60.0, ""threshold_quantile"": 0.95, ""track"": ""operational_label_free""}}","{""arrival_equity_gap_min"": ""lower"", ""boat_workload_cv"": ""lower"", ""cvar90_arrival_min"": ""lower"", ""deadline_miss_rate"": ""lower"", ""duplicate_dispatches"": ""lower"", ""fake_dispatches"": ""lower"", ""latent_harm"": ""lower"", ""max_arrival_min"": ""lower"", ""mean_arrival_min"": ""lower"", ""merge_caused_misses"": ""lower"", ""split_trips"": ""lower"", ""total_fleet_workload_min"": ""lower"", ""unique_population_reached_by_deadline_rate"": ""higher"", ""unserved_genuine_incidents"": ""lower""}"
policy,revised_priority,nearest_first,"{""partition"": ""oracle""}",duplicate_dispatches,lower,0,0,0,"[0.0, 0.0]",0,1,1,0,120,0,0,120,0,0,positive means candidate is better,120,4.1.0,test:3000-3039,a7c7a3f7ea63e57f1d98bd42f21c02aa04a69eaa37c824584a2be65f00f2d7e1,"{""numpy"": ""2.0.2"", ""pandas"": ""2.2.2"", ""python-louvain"": ""0.16"", ""scikit-learn"": ""1.6.1"", ""scipy"": ""1.16.3""}","{""additive"": {""calibration_objective"": 0.024220283682757516, ""knn"": 8, ""q"": 0.95}, ""error_model"": ""conservative-v1"", ""product"": {""knn"": 8, ""resolution"": 1.2, ""sigma_geo_m"": 900.0, ""tau_temp_min"": 60.0, ""threshold_quantile"": 0.95, ""track"": ""operational_label_free""}}","{""arrival_equity_gap_min"": ""lower"", ""boat_workload_cv"": ""lower"", ""cvar90_arrival_min"": ""lower"", ""deadline_miss_rate"": ""lower"", ""duplicate_dispatches"": ""lower"", ""fake_dispatches"": ""lower"", ""latent_harm"": ""lower"", ""max_arrival_min"": ""lower"", ""mean_arrival_min"": ""lower"", ""merge_caused_misses"": ""lower"", ""split_trips"": ""lower"", ""total_fleet_workload_min"": ""lower"", ""unique_population_reached_by_deadline_rate"": ""higher"", ""unserved_genuine_incidents"": ""lower""}"
policy,revised_priority,nearest_first,"{""partition"": ""oracle""}",unserved_genuine_incidents,lower,0,0,0,"[0.0, 0.0]",0,1,1,0,120,0,0,120,0,0,positive means candidate is better,120,4.1.0,test:3000-3039,a7c7a3f7ea63e57f1d98bd42f21c02aa04a69eaa37c824584a2be65f00f2d7e1,"{""numpy"": ""2.0.2"", ""pandas"": ""2.2.2"", ""python-louvain"": ""0.16"", ""scikit-learn"": ""1.6.1"", ""scipy"": ""1.16.3""}","{""additive"": {""calibration_objective"": 0.024220283682757516, ""knn"": 8, ""q"": 0.95}, ""error_model"": ""conservative-v1"", ""product"": {""knn"": 8, ""resolution"": 1.2, ""sigma_geo_m"": 900.0, ""tau_temp_min"": 60.0, ""threshold_quantile"": 0.95, ""track"": ""operational_label_free""}}","{""arrival_equity_gap_min"": ""lower"", ""boat_workload_cv"": ""lower"", ""cvar90_arrival_min"": ""lower"", ""deadline_miss_rate"": ""lower"", ""duplicate_dispatches"": ""lower"", ""fake_dispatches"": ""lower"", ""latent_harm"": ""lower"", ""max_arrival_min"": ""lower"", ""mean_arrival_min"": ""lower"", ""merge_caused_misses"": ""lower"", ""split_trips"": ""lower"", ""total_fleet_workload_min"": ""lower"", ""unique_population_reached_by_deadline_rate"": ""higher"", ""unserved_genuine_incidents"": ""lower""}"
policy,revised_priority,first_report_fifo,"{""partition"": ""oracle""}",latent_harm,lower,-53.38202464,96.90437313,-24.50959684,"[-71.12032945043767, -36.958254234564805]",53.38202464,2.623026927e-07,2.88532962e-06,1664,120,34,86,0,-0.5508732259,-0.5415977961,positive means candidate is better,120,4.1.0,test:3000-3039,a7c7a3f7ea63e57f1d98bd42f21c02aa04a69eaa37c824584a2be65f00f2d7e1,"{""numpy"": ""2.0.2"", ""pandas"": ""2.2.2"", ""python-louvain"": ""0.16"", ""scikit-learn"": ""1.6.1"", ""scipy"": ""1.16.3""}","{""additive"": {""calibration_objective"": 0.024220283682757516, ""knn"": 8, ""q"": 0.95}, ""error_model"": ""conservative-v1"", ""product"": {""knn"": 8, ""resolution"": 1.2, ""sigma_geo_m"": 900.0, ""tau_temp_min"": 60.0, ""threshold_quantile"": 0.95, ""track"": ""operational_label_free""}}","{""arrival_equity_gap_min"": ""lower"", ""boat_workload_cv"": ""lower"", ""cvar90_arrival_min"": ""lower"", ""deadline_miss_rate"": ""lower"", ""duplicate_dispatches"": ""lower"", ""fake_dispatches"": ""lower"", ""latent_harm"": ""lower"", ""max_arrival_min"": ""lower"", ""mean_arrival_min"": ""lower"", ""merge_caused_misses"": ""lower"", ""split_trips"": ""lower"", ""total_fleet_workload_min"": ""lower"", ""unique_population_reached_by_deadline_rate"": ""higher"", ""unserved_genuine_incidents"": ""lower""}"
policy,revised_priority,first_report_fifo,"{""partition"": ""oracle""}",deadline_miss_rate,lower,0.015625,0.1012818318,0,"[-0.0020833333333333333, 0.03333333333333333]",-0.015625,0.02640725725,0.211258058,1299.5,120,55,29,36,0.1542724862,0.2719887955,positive means candidate is better,120,4.1.0,test:3000-3039,a7c7a3f7ea63e57f1d98bd42f21c02aa04a69eaa37c824584a2be65f00f2d7e1,"{""numpy"": ""2.0.2"", ""pandas"": ""2.2.2"", ""python-louvain"": ""0.16"", ""scikit-learn"": ""1.6.1"", ""scipy"": ""1.16.3""}","{""additive"": {""calibration_objective"": 0.024220283682757516, ""knn"": 8, ""q"": 0.95}, ""error_model"": ""conservative-v1"", ""product"": {""knn"": 8, ""resolution"": 1.2, ""sigma_geo_m"": 900.0, ""tau_temp_min"": 60.0, ""threshold_quantile"": 0.95, ""track"": ""operational_label_free""}}","{""arrival_equity_gap_min"": ""lower"", ""boat_workload_cv"": ""lower"", ""cvar90_arrival_min"": ""lower"", ""deadline_miss_rate"": ""lower"", ""duplicate_dispatches"": ""lower"", ""fake_dispatches"": ""lower"", ""latent_harm"": ""lower"", ""max_arrival_min"": ""lower"", ""mean_arrival_min"": ""lower"", ""merge_caused_misses"": ""lower"", ""split_trips"": ""lower"", ""total_fleet_workload_min"": ""lower"", ""unique_population_reached_by_deadline_rate"": ""higher"", ""unserved_genuine_incidents"": ""lower""}"
policy,revised_priority,first_report_fifo,"{""partition"": ""oracle""}",mean_arrival_min,lower,-52.347505,108.4816757,-28.22720508,"[-72.22757762517938, -34.44222462006184]",52.347505,3.607888618e-06,3.607888618e-05,1861,120,43,77,0,-0.4825469801,-0.4873278237,positive means candidate is better,120,4.1.0,test:3000-3039,a7c7a3f7ea63e57f1d98bd42f21c02aa04a69eaa37c824584a2be65f00f2d7e1,"{""numpy"": ""2.0.2"", ""pandas"": ""2.2.2"", ""python-louvain"": ""0.16"", ""scikit-learn"": ""1.6.1"", ""scipy"": ""1.16.3""}","{""additive"": {""calibration_objective"": 0.024220283682757516, ""knn"": 8, ""q"": 0.95}, ""error_model"": ""conservative-v1"", ""product"": {""knn"": 8, ""resolution"": 1.2, ""sigma_geo_m"": 900.0, ""tau_temp_min"": 60.0, ""threshold_quantile"": 0.95, ""track"": ""operational_label_free""}}","{""arrival_equity_gap_min"": ""lower"", ""boat_workload_cv"": ""lower"", ""cvar90_arrival_min"": ""lower"", ""deadline_miss_rate"": ""lower"", ""duplicate_dispatches"": ""lower"", ""fake_dispatches"": ""lower"", ""latent_harm"": ""lower"", ""max_arrival_min"": ""lower"", ""mean_arrival_min"": ""lower"", ""merge_caused_misses"": ""lower"", ""split_trips"": ""lower"", ""total_fleet_workload_min"": ""lower"", ""unique_population_reached_by_deadline_rate"": ""higher"", ""unserved_genuine_incidents"": ""lower""}"
policy,revised_priority,first_report_fifo,"{""partition"": ""oracle""}",max_arrival_min,lower,-226.0803688,245.8712272,-182.2539573,"[-270.9954668843399, -183.09661560494712]",226.0803688,2.687433149e-16,3.762406409e-15,504,120,23,97,0,-0.9195072209,-0.8611570248,positive means candidate is better,120,4.1.0,test:3000-3039,a7c7a3f7ea63e57f1d98bd42f21c02aa04a69eaa37c824584a2be65f00f2d7e1,"{""numpy"": ""2.0.2"", ""pandas"": ""2.2.2"", ""python-louvain"": ""0.16"", ""scikit-learn"": ""1.6.1"", ""scipy"": ""1.16.3""}","{""additive"": {""calibration_objective"": 0.024220283682757516, ""knn"": 8, ""q"": 0.95}, ""error_model"": ""conservative-v1"", ""product"": {""knn"": 8, ""resolution"": 1.2, ""sigma_geo_m"": 900.0, ""tau_temp_min"": 60.0, ""threshold_quantile"": 0.95, ""track"": ""operational_label_free""}}","{""arrival_equity_gap_min"": ""lower"", ""boat_workload_cv"": ""lower"", ""cvar90_arrival_min"": ""lower"", ""deadline_miss_rate"": ""lower"", ""duplicate_dispatches"": ""lower"", ""fake_dispatches"": ""lower"", ""latent_harm"": ""lower"", ""max_arrival_min"": ""lower"", ""mean_arrival_min"": ""lower"", ""merge_caused_misses"": ""lower"", ""split_trips"": ""lower"", ""total_fleet_workload_min"": ""lower"", ""unique_population_reached_by_deadline_rate"": ""higher"", ""unserved_genuine_incidents"": ""lower""}"
policy,revised_priority,first_report_fifo,"{""partition"": ""oracle""}",cvar90_arrival_min,lower,-205.0388266,231.2267731,-141.6667892,"[-247.8672846606485, -166.2782979439662]",205.0388266,5.145180662e-16,6.688734861e-15,534,120,21,99,0,-0.8867434501,-0.852892562,positive means candidate is better,120,4.1.0,test:3000-3039,a7c7a3f7ea63e57f1d98bd42f21c02aa04a69eaa37c824584a2be65f00f2d7e1,"{""numpy"": ""2.0.2"", ""pandas"": ""2.2.2"", ""python-louvain"": ""0.16"", ""scikit-learn"": ""1.6.1"", ""scipy"": ""1.16.3""}","{""additive"": {""calibration_objective"": 0.024220283682757516, ""knn"": 8, ""q"": 0.95}, ""error_model"": ""conservative-v1"", ""product"": {""knn"": 8, ""resolution"": 1.2, ""sigma_geo_m"": 900.0, ""tau_temp_min"": 60.0, ""threshold_quantile"": 0.95, ""track"": ""operational_label_free""}}","{""arrival_equity_gap_min"": ""lower"", ""boat_workload_cv"": ""lower"", ""cvar90_arrival_min"": ""lower"", ""deadline_miss_rate"": ""lower"", ""duplicate_dispatches"": ""lower"", ""fake_dispatches"": ""lower"", ""latent_harm"": ""lower"", ""max_arrival_min"": ""lower"", ""mean_arrival_min"": ""lower"", ""merge_caused_misses"": ""lower"", ""split_trips"": ""lower"", ""total_fleet_workload_min"": ""lower"", ""unique_population_reached_by_deadline_rate"": ""higher"", ""unserved_genuine_incidents"": ""lower""}"
policy,revised_priority,first_report_fifo,"{""partition"": ""oracle""}",unique_population_reached_by_deadline_rate,higher,0.03635491109,0.1167502085,0.04309390789,"[0.015894598148144635, 0.0570347355590493]",0.03635491109,4.427227666e-05,0.0003984504899,1273,120,70,28,22,0.3113905453,0.4751597609,positive means candidate is better,120,4.1.0,test:3000-3039,a7c7a3f7ea63e57f1d98bd42f21c02aa04a69eaa37c824584a2be65f00f2d7e1,"{""numpy"": ""2.0.2"", ""pandas"": ""2.2.2"", ""python-louvain"": ""0.16"", ""scikit-learn"": ""1.6.1"", ""scipy"": ""1.16.3""}","{""additive"": {""calibration_objective"": 0.024220283682757516, ""knn"": 8, ""q"": 0.95}, ""error_model"": ""conservative-v1"", ""product"": {""knn"": 8, ""resolution"": 1.2, ""sigma_geo_m"": 900.0, ""tau_temp_min"": 60.0, ""threshold_quantile"": 0.95, ""track"": ""operational_label_free""}}","{""arrival_equity_gap_min"": ""lower"", ""boat_workload_cv"": ""lower"", ""cvar90_arrival_min"": ""lower"", ""deadline_miss_rate"": ""lower"", ""duplicate_dispatches"": ""lower"", ""fake_dispatches"": ""lower"", ""latent_harm"": ""lower"", ""max_arrival_min"": ""lower"", ""mean_arrival_min"": ""lower"", ""merge_caused_misses"": ""lower"", ""split_trips"": ""lower"", ""total_fleet_workload_min"": ""lower"", ""unique_population_reached_by_deadline_rate"": ""higher"", ""unserved_genuine_incidents"": ""lower""}"
policy,revised_priority,first_report_fifo,"{""partition"": ""oracle""}",total_fleet_workload_min,lower,-276.4620182,480.7938814,-208.737346,"[-363.3074229474315, -194.01643777155334]",276.4620182,3.089471424e-08,3.707365708e-07,1516,120,31,89,0,-0.5750115151,-0.582369146,positive means candidate is better,120,4.1.0,test:3000-3039,a7c7a3f7ea63e57f1d98bd42f21c02aa04a69eaa37c824584a2be65f00f2d7e1,"{""numpy"": ""2.0.2"", ""pandas"": ""2.2.2"", ""python-louvain"": ""0.16"", ""scikit-learn"": ""1.6.1"", ""scipy"": ""1.16.3""}","{""additive"": {""calibration_objective"": 0.024220283682757516, ""knn"": 8, ""q"": 0.95}, ""error_model"": ""conservative-v1"", ""product"": {""knn"": 8, ""resolution"": 1.2, ""sigma_geo_m"": 900.0, ""tau_temp_min"": 60.0, ""threshold_quantile"": 0.95, ""track"": ""operational_label_free""}}","{""arrival_equity_gap_min"": ""lower"", ""boat_workload_cv"": ""lower"", ""cvar90_arrival_min"": ""lower"", ""deadline_miss_rate"": ""lower"", ""duplicate_dispatches"": ""lower"", ""fake_dispatches"": ""lower"", ""latent_harm"": ""lower"", ""max_arrival_min"": ""lower"", ""mean_arrival_min"": ""lower"", ""merge_caused_misses"": ""lower"", ""split_trips"": ""lower"", ""total_fleet_workload_min"": ""lower"", ""unique_population_reached_by_deadline_rate"": ""higher"", ""unserved_genuine_incidents"": ""lower""}"
policy,revised_priority,first_report_fifo,"{""partition"": ""oracle""}",boat_workload_cv,lower,-0.006701588144,0.05824306187,-0.008872711709,"[-0.017324138247775747, 0.0035312381035289514]",0.006701588144,0.2972680231,1,3232,120,50,70,0,-0.1150624285,-0.1096418733,positive means candidate is better,120,4.1.0,test:3000-3039,a7c7a3f7ea63e57f1d98bd42f21c02aa04a69eaa37c824584a2be65f00f2d7e1,"{""numpy"": ""2.0.2"", ""pandas"": ""2.2.2"", ""python-louvain"": ""0.16"", ""scikit-learn"": ""1.6.1"", ""scipy"": ""1.16.3""}","{""additive"": {""calibration_objective"": 0.024220283682757516, ""knn"": 8, ""q"": 0.95}, ""error_model"": ""conservative-v1"", ""product"": {""knn"": 8, ""resolution"": 1.2, ""sigma_geo_m"": 900.0, ""tau_temp_min"": 60.0, ""threshold_quantile"": 0.95, ""track"": ""operational_label_free""}}","{""arrival_equity_gap_min"": ""lower"", ""boat_workload_cv"": ""lower"", ""cvar90_arrival_min"": ""lower"", ""deadline_miss_rate"": ""lower"", ""duplicate_dispatches"": ""lower"", ""fake_dispatches"": ""lower"", ""latent_harm"": ""lower"", ""max_arrival_min"": ""lower"", ""mean_arrival_min"": ""lower"", ""merge_caused_misses"": ""lower"", ""split_trips"": ""lower"", ""total_fleet_workload_min"": ""lower"", ""unique_population_reached_by_deadline_rate"": ""higher"", ""unserved_genuine_incidents"": ""lower""}"
policy,revised_priority,first_report_fifo,"{""partition"": ""oracle""}",arrival_equity_gap_min,lower,-30.48305029,157.3741561,-22.14998771,"[-58.2534122162075, -2.6726028397779826]",30.48305029,0.03734238439,0.2613966907,2835,120,52,68,0,-0.1936979428,-0.2190082645,positive means candidate is better,120,4.1.0,test:3000-3039,a7c7a3f7ea63e57f1d98bd42f21c02aa04a69eaa37c824584a2be65f00f2d7e1,"{""numpy"": ""2.0.2"", ""pandas"": ""2.2.2"", ""python-louvain"": ""0.16"", ""scikit-learn"": ""1.6.1"", ""scipy"": ""1.16.3""}","{""additive"": {""calibration_objective"": 0.024220283682757516, ""knn"": 8, ""q"": 0.95}, ""error_model"": ""conservative-v1"", ""product"": {""knn"": 8, ""resolution"": 1.2, ""sigma_geo_m"": 900.0, ""tau_temp_min"": 60.0, ""threshold_quantile"": 0.95, ""track"": ""operational_label_free""}}","{""arrival_equity_gap_min"": ""lower"", ""boat_workload_cv"": ""lower"", ""cvar90_arrival_min"": ""lower"", ""deadline_miss_rate"": ""lower"", ""duplicate_dispatches"": ""lower"", ""fake_dispatches"": ""lower"", ""latent_harm"": ""lower"", ""max_arrival_min"": ""lower"", ""mean_arrival_min"": ""lower"", ""merge_caused_misses"": ""lower"", ""split_trips"": ""lower"", ""total_fleet_workload_min"": ""lower"", ""unique_population_reached_by_deadline_rate"": ""higher"", ""unserved_genuine_incidents"": ""lower""}"
policy,revised_priority,first_report_fifo,"{""partition"": ""oracle""}",split_trips,lower,0,0,0,"[0.0, 0.0]",0,1,1,0,120,0,0,120,0,0,positive means candidate is better,120,4.1.0,test:3000-3039,a7c7a3f7ea63e57f1d98bd42f21c02aa04a69eaa37c824584a2be65f00f2d7e1,"{""numpy"": ""2.0.2"", ""pandas"": ""2.2.2"", ""python-louvain"": ""0.16"", ""scikit-learn"": ""1.6.1"", ""scipy"": ""1.16.3""}","{""additive"": {""calibration_objective"": 0.024220283682757516, ""knn"": 8, ""q"": 0.95}, ""error_model"": ""conservative-v1"", ""product"": {""knn"": 8, ""resolution"": 1.2, ""sigma_geo_m"": 900.0, ""tau_temp_min"": 60.0, ""threshold_quantile"": 0.95, ""track"": ""operational_label_free""}}","{""arrival_equity_gap_min"": ""lower"", ""boat_workload_cv"": ""lower"", ""cvar90_arrival_min"": ""lower"", ""deadline_miss_rate"": ""lower"", ""duplicate_dispatches"": ""lower"", ""fake_dispatches"": ""lower"", ""latent_harm"": ""lower"", ""max_arrival_min"": ""lower"", ""mean_arrival_min"": ""lower"", ""merge_caused_misses"": ""lower"", ""split_trips"": ""lower"", ""total_fleet_workload_min"": ""lower"", ""unique_population_reached_by_deadline_rate"": ""higher"", ""unserved_genuine_incidents"": ""lower""}"
policy,revised_priority,first_report_fifo,"{""partition"": ""oracle""}",merge_caused_misses,lower,0,0,0,"[0.0, 0.0]",0,1,1,0,120,0,0,120,0,0,positive means candidate is better,120,4.1.0,test:3000-3039,a7c7a3f7ea63e57f1d98bd42f21c02aa04a69eaa37c824584a2be65f00f2d7e1,"{""numpy"": ""2.0.2"", ""pandas"": ""2.2.2"", ""python-louvain"": ""0.16"", ""scikit-learn"": ""1.6.1"", ""scipy"": ""1.16.3""}","{""additive"": {""calibration_objective"": 0.024220283682757516, ""knn"": 8, ""q"": 0.95}, ""error_model"": ""conservative-v1"", ""product"": {""knn"": 8, ""resolution"": 1.2, ""sigma_geo_m"": 900.0, ""tau_temp_min"": 60.0, ""threshold_quantile"": 0.95, ""track"": ""operational_label_free""}}","{""arrival_equity_gap_min"": ""lower"", ""boat_workload_cv"": ""lower"", ""cvar90_arrival_min"": ""lower"", ""deadline_miss_rate"": ""lower"", ""duplicate_dispatches"": ""lower"", ""fake_dispatches"": ""lower"", ""latent_harm"": ""lower"", ""max_arrival_min"": ""lower"", ""mean_arrival_min"": ""lower"", ""merge_caused_misses"": ""lower"", ""split_trips"": ""lower"", ""total_fleet_workload_min"": ""lower"", ""unique_population_reached_by_deadline_rate"": ""higher"", ""unserved_genuine_incidents"": ""lower""}"
policy,revised_priority,first_report_fifo,"{""partition"": ""oracle""}",fake_dispatches,lower,0,0,0,"[0.0, 0.0]",0,1,1,0,120,0,0,120,0,0,positive means candidate is better,120,4.1.0,test:3000-3039,a7c7a3f7ea63e57f1d98bd42f21c02aa04a69eaa37c824584a2be65f00f2d7e1,"{""numpy"": ""2.0.2"", ""pandas"": ""2.2.2"", ""python-louvain"": ""0.16"", ""scikit-learn"": ""1.6.1"", ""scipy"": ""1.16.3""}","{""additive"": {""calibration_objective"": 0.024220283682757516, ""knn"": 8, ""q"": 0.95}, ""error_model"": ""conservative-v1"", ""product"": {""knn"": 8, ""resolution"": 1.2, ""sigma_geo_m"": 900.0, ""tau_temp_min"": 60.0, ""threshold_quantile"": 0.95, ""track"": ""operational_label_free""}}","{""arrival_equity_gap_min"": ""lower"", ""boat_workload_cv"": ""lower"", ""cvar90_arrival_min"": ""lower"", ""deadline_miss_rate"": ""lower"", ""duplicate_dispatches"": ""lower"", ""fake_dispatches"": ""lower"", ""latent_harm"": ""lower"", ""max_arrival_min"": ""lower"", ""mean_arrival_min"": ""lower"", ""merge_caused_misses"": ""lower"", ""split_trips"": ""lower"", ""total_fleet_workload_min"": ""lower"", ""unique_population_reached_by_deadline_rate"": ""higher"", ""unserved_genuine_incidents"": ""lower""}"
policy,revised_priority,first_report_fifo,"{""partition"": ""oracle""}",duplicate_dispatches,lower,0,0,0,"[0.0, 0.0]",0,1,1,0,120,0,0,120,0,0,positive means candidate is better,120,4.1.0,test:3000-3039,a7c7a3f7ea63e57f1d98bd42f21c02aa04a69eaa37c824584a2be65f00f2d7e1,"{""numpy"": ""2.0.2"", ""pandas"": ""2.2.2"", ""python-louvain"": ""0.16"", ""scikit-learn"": ""1.6.1"", ""scipy"": ""1.16.3""}","{""additive"": {""calibration_objective"": 0.024220283682757516, ""knn"": 8, ""q"": 0.95}, ""error_model"": ""conservative-v1"", ""product"": {""knn"": 8, ""resolution"": 1.2, ""sigma_geo_m"": 900.0, ""tau_temp_min"": 60.0, ""threshold_quantile"": 0.95, ""track"": ""operational_label_free""}}","{""arrival_equity_gap_min"": ""lower"", ""boat_workload_cv"": ""lower"", ""cvar90_arrival_min"": ""lower"", ""deadline_miss_rate"": ""lower"", ""duplicate_dispatches"": ""lower"", ""fake_dispatches"": ""lower"", ""latent_harm"": ""lower"", ""max_arrival_min"": ""lower"", ""mean_arrival_min"": ""lower"", ""merge_caused_misses"": ""lower"", ""split_trips"": ""lower"", ""total_fleet_workload_min"": ""lower"", ""unique_population_reached_by_deadline_rate"": ""higher"", ""unserved_genuine_incidents"": ""lower""}"
policy,revised_priority,first_report_fifo,"{""partition"": ""oracle""}",unserved_genuine_incidents,lower,0,0,0,"[0.0, 0.0]",0,1,1,0,120,0,0,120,0,0,positive means candidate is better,120,4.1.0,test:3000-3039,a7c7a3f7ea63e57f1d98bd42f21c02aa04a69eaa37c824584a2be65f00f2d7e1,"{""numpy"": ""2.0.2"", ""pandas"": ""2.2.2"", ""python-louvain"": ""0.16"", ""scikit-learn"": ""1.6.1"", ""scipy"": ""1.16.3""}","{""additive"": {""calibration_objective"": 0.024220283682757516, ""knn"": 8, ""q"": 0.95}, ""error_model"": ""conservative-v1"", ""product"": {""knn"": 8, ""resolution"": 1.2, ""sigma_geo_m"": 900.0, ""tau_temp_min"": 60.0, ""threshold_quantile"": 0.95, ""track"": ""operational_label_free""}}","{""arrival_equity_gap_min"": ""lower"", ""boat_workload_cv"": ""lower"", ""cvar90_arrival_min"": ""lower"", ""deadline_miss_rate"": ""lower"", ""duplicate_dispatches"": ""lower"", ""fake_dispatches"": ""lower"", ""latent_harm"": ""lower"", ""max_arrival_min"": ""lower"", ""mean_arrival_min"": ""lower"", ""merge_caused_misses"": ""lower"", ""split_trips"": ""lower"", ""total_fleet_workload_min"": ""lower"", ""unique_population_reached_by_deadline_rate"": ""higher"", ""unserved_genuine_incidents"": ""lower""}"
partition,product_cij,oracle,"{""policy"": ""revised_priority""}",latent_harm,lower,-36.68563657,86.55736677,-38.3427494,"[-51.88760213400818, -21.11813772119151]",36.68563657,1.9005346e-06,9.502672999e-06,1811,120,34,86,0,-0.4238303214,-0.5011019284,positive means candidate is better,120,4.1.0,test:3000-3039,a7c7a3f7ea63e57f1d98bd42f21c02aa04a69eaa37c824584a2be65f00f2d7e1,"{""numpy"": ""2.0.2"", ""pandas"": ""2.2.2"", ""python-louvain"": ""0.16"", ""scikit-learn"": ""1.6.1"", ""scipy"": ""1.16.3""}","{""additive"": {""calibration_objective"": 0.024220283682757516, ""knn"": 8, ""q"": 0.95}, ""error_model"": ""conservative-v1"", ""product"": {""knn"": 8, ""resolution"": 1.2, ""sigma_geo_m"": 900.0, ""tau_temp_min"": 60.0, ""threshold_quantile"": 0.95, ""track"": ""operational_label_free""}}","{""arrival_equity_gap_min"": ""lower"", ""boat_workload_cv"": ""lower"", ""cvar90_arrival_min"": ""lower"", ""deadline_miss_rate"": ""lower"", ""duplicate_dispatches"": ""lower"", ""fake_dispatches"": ""lower"", ""latent_harm"": ""lower"", ""max_arrival_min"": ""lower"", ""mean_arrival_min"": ""lower"", ""merge_caused_misses"": ""lower"", ""split_trips"": ""lower"", ""total_fleet_workload_min"": ""lower"", ""unique_population_reached_by_deadline_rate"": ""higher"", ""unserved_genuine_incidents"": ""lower""}"
partition,product_cij,oracle,"{""policy"": ""revised_priority""}",deadline_miss_rate,lower,-0.05208333333,0.1334667575,0,"[-0.07604166666666666, -0.028645833333333332]",0.05208333333,1.315637737e-05,3.946913212e-05,450,120,16,51,53,-0.3902344997,-0.6049165935,positive means candidate is better,120,4.1.0,test:3000-3039,a7c7a3f7ea63e57f1d98bd42f21c02aa04a69eaa37c824584a2be65f00f2d7e1,"{""numpy"": ""2.0.2"", ""pandas"": ""2.2.2"", ""python-louvain"": ""0.16"", ""scikit-learn"": ""1.6.1"", ""scipy"": ""1.16.3""}","{""additive"": {""calibration_objective"": 0.024220283682757516, ""knn"": 8, ""q"": 0.95}, ""error_model"": ""conservative-v1"", ""product"": {""knn"": 8, ""resolution"": 1.2, ""sigma_geo_m"": 900.0, ""tau_temp_min"": 60.0, ""threshold_quantile"": 0.95, ""track"": ""operational_label_free""}}","{""arrival_equity_gap_min"": ""lower"", ""boat_workload_cv"": ""lower"", ""cvar90_arrival_min"": ""lower"", ""deadline_miss_rate"": ""lower"", ""duplicate_dispatches"": ""lower"", ""fake_dispatches"": ""lower"", ""latent_harm"": ""lower"", ""max_arrival_min"": ""lower"", ""mean_arrival_min"": ""lower"", ""merge_caused_misses"": ""lower"", ""split_trips"": ""lower"", ""total_fleet_workload_min"": ""lower"", ""unique_population_reached_by_deadline_rate"": ""higher"", ""unserved_genuine_incidents"": ""lower""}"
partition,product_cij,oracle,"{""policy"": ""revised_priority""}",mean_arrival_min,lower,-43.20372516,95.36250391,-37.16389916,"[-60.433852773835476, -26.38093660474557]",43.20372516,3.843229017e-06,1.537291607e-05,1866,120,33,87,0,-0.4530473026,-0.4859504132,positive means candidate is better,120,4.1.0,test:3000-3039,a7c7a3f7ea63e57f1d98bd42f21c02aa04a69eaa37c824584a2be65f00f2d7e1,"{""numpy"": ""2.0.2"", ""pandas"": ""2.2.2"", ""python-louvain"": ""0.16"", ""scikit-learn"": ""1.6.1"", ""scipy"": ""1.16.3""}","{""additive"": {""calibration_objective"": 0.024220283682757516, ""knn"": 8, ""q"": 0.95}, ""error_model"": ""conservative-v1"", ""product"": {""knn"": 8, ""resolution"": 1.2, ""sigma_geo_m"": 900.0, ""tau_temp_min"": 60.0, ""threshold_quantile"": 0.95, ""track"": ""operational_label_free""}}","{""arrival_equity_gap_min"": ""lower"", ""boat_workload_cv"": ""lower"", ""cvar90_arrival_min"": ""lower"", ""deadline_miss_rate"": ""lower"", ""duplicate_dispatches"": ""lower"", ""fake_dispatches"": ""lower"", ""latent_harm"": ""lower"", ""max_arrival_min"": ""lower"", ""mean_arrival_min"": ""lower"", ""merge_caused_misses"": ""lower"", ""split_trips"": ""lower"", ""total_fleet_workload_min"": ""lower"", ""unique_population_reached_by_deadline_rate"": ""higher"", ""unserved_genuine_incidents"": ""lower""}"
partition,product_cij,oracle,"{""policy"": ""revised_priority""}",max_arrival_min,lower,-191.3355049,280.3573585,-145.5400241,"[-244.47256649511561, -144.6906859370937]",191.3355049,2.583388241e-13,1.808371769e-12,837,120,19,101,0,-0.6824700659,-0.7694214876,positive means candidate is better,120,4.1.0,test:3000-3039,a7c7a3f7ea63e57f1d98bd42f21c02aa04a69eaa37c824584a2be65f00f2d7e1,"{""numpy"": ""2.0.2"", ""pandas"": ""2.2.2"", ""python-louvain"": ""0.16"", ""scikit-learn"": ""1.6.1"", ""scipy"": ""1.16.3""}","{""additive"": {""calibration_objective"": 0.024220283682757516, ""knn"": 8, ""q"": 0.95}, ""error_model"": ""conservative-v1"", ""product"": {""knn"": 8, ""resolution"": 1.2, ""sigma_geo_m"": 900.0, ""tau_temp_min"": 60.0, ""threshold_quantile"": 0.95, ""track"": ""operational_label_free""}}","{""arrival_equity_gap_min"": ""lower"", ""boat_workload_cv"": ""lower"", ""cvar90_arrival_min"": ""lower"", ""deadline_miss_rate"": ""lower"", ""duplicate_dispatches"": ""lower"", ""fake_dispatches"": ""lower"", ""latent_harm"": ""lower"", ""max_arrival_min"": ""lower"", ""mean_arrival_min"": ""lower"", ""merge_caused_misses"": ""lower"", ""split_trips"": ""lower"", ""total_fleet_workload_min"": ""lower"", ""unique_population_reached_by_deadline_rate"": ""higher"", ""unserved_genuine_incidents"": ""lower""}"
partition,product_cij,oracle,"{""policy"": ""revised_priority""}",cvar90_arrival_min,lower,-150.7949874,208.075388,-125.4942827,"[-189.58248286683414, -115.48142995217037]",150.7949874,1.273693902e-12,7.642163411e-12,920,120,22,98,0,-0.7247132342,-0.7465564738,positive means candidate is better,120,4.1.0,test:3000-3039,a7c7a3f7ea63e57f1d98bd42f21c02aa04a69eaa37c824584a2be65f00f2d7e1,"{""numpy"": ""2.0.2"", ""pandas"": ""2.2.2"", ""python-louvain"": ""0.16"", ""scikit-learn"": ""1.6.1"", ""scipy"": ""1.16.3""}","{""additive"": {""calibration_objective"": 0.024220283682757516, ""knn"": 8, ""q"": 0.95}, ""error_model"": ""conservative-v1"", ""product"": {""knn"": 8, ""resolution"": 1.2, ""sigma_geo_m"": 900.0, ""tau_temp_min"": 60.0, ""threshold_quantile"": 0.95, ""track"": ""operational_label_free""}}","{""arrival_equity_gap_min"": ""lower"", ""boat_workload_cv"": ""lower"", ""cvar90_arrival_min"": ""lower"", ""deadline_miss_rate"": ""lower"", ""duplicate_dispatches"": ""lower"", ""fake_dispatches"": ""lower"", ""latent_harm"": ""lower"", ""max_arrival_min"": ""lower"", ""mean_arrival_min"": ""lower"", ""merge_caused_misses"": ""lower"", ""split_trips"": ""lower"", ""total_fleet_workload_min"": ""lower"", ""unique_population_reached_by_deadline_rate"": ""higher"", ""unserved_genuine_incidents"": ""lower""}"
partition,product_cij,oracle,"{""policy"": ""revised_priority""}",unique_population_reached_by_deadline_rate,higher,-0.05072310045,0.1464530695,-0.00134529148,"[-0.07637244930216378, -0.02418329466977502]",-0.05072310045,6.814588476e-05,0.0001362917695,840,120,22,60,38,-0.346343717,-0.5063179547,positive means candidate is better,120,4.1.0,test:3000-3039,a7c7a3f7ea63e57f1d98bd42f21c02aa04a69eaa37c824584a2be65f00f2d7e1,"{""numpy"": ""2.0.2"", ""pandas"": ""2.2.2"", ""python-louvain"": ""0.16"", ""scikit-learn"": ""1.6.1"", ""scipy"": ""1.16.3""}","{""additive"": {""calibration_objective"": 0.024220283682757516, ""knn"": 8, ""q"": 0.95}, ""error_model"": ""conservative-v1"", ""product"": {""knn"": 8, ""resolution"": 1.2, ""sigma_geo_m"": 900.0, ""tau_temp_min"": 60.0, ""threshold_quantile"": 0.95, ""track"": ""operational_label_free""}}","{""arrival_equity_gap_min"": ""lower"", ""boat_workload_cv"": ""lower"", ""cvar90_arrival_min"": ""lower"", ""deadline_miss_rate"": ""lower"", ""duplicate_dispatches"": ""lower"", ""fake_dispatches"": ""lower"", ""latent_harm"": ""lower"", ""max_arrival_min"": ""lower"", ""mean_arrival_min"": ""lower"", ""merge_caused_misses"": ""lower"", ""split_trips"": ""lower"", ""total_fleet_workload_min"": ""lower"", ""unique_population_reached_by_deadline_rate"": ""higher"", ""unserved_genuine_incidents"": ""lower""}"
partition,product_cij,oracle,"{""policy"": ""revised_priority""}",total_fleet_workload_min,lower,-6556.644182,1124.576349,-6534.915545,"[-6754.029754999939, -6362.03263434194]",6556.644182,1.971951712e-21,1.774756541e-20,0,120,0,120,0,-5.830323737,-1,positive means candidate is better,120,4.1.0,test:3000-3039,a7c7a3f7ea63e57f1d98bd42f21c02aa04a69eaa37c824584a2be65f00f2d7e1,"{""numpy"": ""2.0.2"", ""pandas"": ""2.2.2"", ""python-louvain"": ""0.16"", ""scikit-learn"": ""1.6.1"", ""scipy"": ""1.16.3""}","{""additive"": {""calibration_objective"": 0.024220283682757516, ""knn"": 8, ""q"": 0.95}, ""error_model"": ""conservative-v1"", ""product"": {""knn"": 8, ""resolution"": 1.2, ""sigma_geo_m"": 900.0, ""tau_temp_min"": 60.0, ""threshold_quantile"": 0.95, ""track"": ""operational_label_free""}}","{""arrival_equity_gap_min"": ""lower"", ""boat_workload_cv"": ""lower"", ""cvar90_arrival_min"": ""lower"", ""deadline_miss_rate"": ""lower"", ""duplicate_dispatches"": ""lower"", ""fake_dispatches"": ""lower"", ""latent_harm"": ""lower"", ""max_arrival_min"": ""lower"", ""mean_arrival_min"": ""lower"", ""merge_caused_misses"": ""lower"", ""split_trips"": ""lower"", ""total_fleet_workload_min"": ""lower"", ""unique_population_reached_by_deadline_rate"": ""higher"", ""unserved_genuine_incidents"": ""lower""}"
partition,product_cij,oracle,"{""policy"": ""revised_priority""}",boat_workload_cv,lower,0.0671298309,0.05297052777,0.05538450356,"[0.05797774436868748, 0.07641144802052768]",-0.0671298309,2.871365368e-20,2.297092294e-19,108,120,113,7,0,1.267305306,0.9702479339,positive means candidate is better,120,4.1.0,test:3000-3039,a7c7a3f7ea63e57f1d98bd42f21c02aa04a69eaa37c824584a2be65f00f2d7e1,"{""numpy"": ""2.0.2"", ""pandas"": ""2.2.2"", ""python-louvain"": ""0.16"", ""scikit-learn"": ""1.6.1"", ""scipy"": ""1.16.3""}","{""additive"": {""calibration_objective"": 0.024220283682757516, ""knn"": 8, ""q"": 0.95}, ""error_model"": ""conservative-v1"", ""product"": {""knn"": 8, ""resolution"": 1.2, ""sigma_geo_m"": 900.0, ""tau_temp_min"": 60.0, ""threshold_quantile"": 0.95, ""track"": ""operational_label_free""}}","{""arrival_equity_gap_min"": ""lower"", ""boat_workload_cv"": ""lower"", ""cvar90_arrival_min"": ""lower"", ""deadline_miss_rate"": ""lower"", ""duplicate_dispatches"": ""lower"", ""fake_dispatches"": ""lower"", ""latent_harm"": ""lower"", ""max_arrival_min"": ""lower"", ""mean_arrival_min"": ""lower"", ""merge_caused_misses"": ""lower"", ""split_trips"": ""lower"", ""total_fleet_workload_min"": ""lower"", ""unique_population_reached_by_deadline_rate"": ""higher"", ""unserved_genuine_incidents"": ""lower""}"
partition,product_cij,oracle,"{""policy"": ""revised_priority""}",arrival_equity_gap_min,lower,-26.03668385,146.1439973,-26.8312625,"[-52.14450425290415, -0.09661966354883625]",26.03668385,0.01229234338,0.01229234338,2674,120,49,71,0,-0.1781577371,-0.2633608815,positive means candidate is better,120,4.1.0,test:3000-3039,a7c7a3f7ea63e57f1d98bd42f21c02aa04a69eaa37c824584a2be65f00f2d7e1,"{""numpy"": ""2.0.2"", ""pandas"": ""2.2.2"", ""python-louvain"": ""0.16"", ""scikit-learn"": ""1.6.1"", ""scipy"": ""1.16.3""}","{""additive"": {""calibration_objective"": 0.024220283682757516, ""knn"": 8, ""q"": 0.95}, ""error_model"": ""conservative-v1"", ""product"": {""knn"": 8, ""resolution"": 1.2, ""sigma_geo_m"": 900.0, ""tau_temp_min"": 60.0, ""threshold_quantile"": 0.95, ""track"": ""operational_label_free""}}","{""arrival_equity_gap_min"": ""lower"", ""boat_workload_cv"": ""lower"", ""cvar90_arrival_min"": ""lower"", ""deadline_miss_rate"": ""lower"", ""duplicate_dispatches"": ""lower"", ""fake_dispatches"": ""lower"", ""latent_harm"": ""lower"", ""max_arrival_min"": ""lower"", ""mean_arrival_min"": ""lower"", ""merge_caused_misses"": ""lower"", ""split_trips"": ""lower"", ""total_fleet_workload_min"": ""lower"", ""unique_population_reached_by_deadline_rate"": ""higher"", ""unserved_genuine_incidents"": ""lower""}"
partition,product_cij,oracle,"{""policy"": ""revised_priority""}",split_trips,lower,-2.3,1.254236518,-2,"[-2.525, -2.0833333333333335]",2.3,7.046961533e-22,7.751657686e-21,0,120,0,120,0,-1.833784909,-1,positive means candidate is better,120,4.1.0,test:3000-3039,a7c7a3f7ea63e57f1d98bd42f21c02aa04a69eaa37c824584a2be65f00f2d7e1,"{""numpy"": ""2.0.2"", ""pandas"": ""2.2.2"", ""python-louvain"": ""0.16"", ""scikit-learn"": ""1.6.1"", ""scipy"": ""1.16.3""}","{""additive"": {""calibration_objective"": 0.024220283682757516, ""knn"": 8, ""q"": 0.95}, ""error_model"": ""conservative-v1"", ""product"": {""knn"": 8, ""resolution"": 1.2, ""sigma_geo_m"": 900.0, ""tau_temp_min"": 60.0, ""threshold_quantile"": 0.95, ""track"": ""operational_label_free""}}","{""arrival_equity_gap_min"": ""lower"", ""boat_workload_cv"": ""lower"", ""cvar90_arrival_min"": ""lower"", ""deadline_miss_rate"": ""lower"", ""duplicate_dispatches"": ""lower"", ""fake_dispatches"": ""lower"", ""latent_harm"": ""lower"", ""max_arrival_min"": ""lower"", ""mean_arrival_min"": ""lower"", ""merge_caused_misses"": ""lower"", ""split_trips"": ""lower"", ""total_fleet_workload_min"": ""lower"", ""unique_population_reached_by_deadline_rate"": ""higher"", ""unserved_genuine_incidents"": ""lower""}"
partition,product_cij,oracle,"{""policy"": ""revised_priority""}",merge_caused_misses,lower,-1.025,0.1567795648,-1,"[-1.0583333333333333, -1.0]",1.025,2.607773089e-27,3.650882324e-26,0,120,0,120,0,-6.537841851,-1,positive means candidate is better,120,4.1.0,test:3000-3039,a7c7a3f7ea63e57f1d98bd42f21c02aa04a69eaa37c824584a2be65f00f2d7e1,"{""numpy"": ""2.0.2"", ""pandas"": ""2.2.2"", ""python-louvain"": ""0.16"", ""scikit-learn"": ""1.6.1"", ""scipy"": ""1.16.3""}","{""additive"": {""calibration_objective"": 0.024220283682757516, ""knn"": 8, ""q"": 0.95}, ""error_model"": ""conservative-v1"", ""product"": {""knn"": 8, ""resolution"": 1.2, ""sigma_geo_m"": 900.0, ""tau_temp_min"": 60.0, ""threshold_quantile"": 0.95, ""track"": ""operational_label_free""}}","{""arrival_equity_gap_min"": ""lower"", ""boat_workload_cv"": ""lower"", ""cvar90_arrival_min"": ""lower"", ""deadline_miss_rate"": ""lower"", ""duplicate_dispatches"": ""lower"", ""fake_dispatches"": ""lower"", ""latent_harm"": ""lower"", ""max_arrival_min"": ""lower"", ""mean_arrival_min"": ""lower"", ""merge_caused_misses"": ""lower"", ""split_trips"": ""lower"", ""total_fleet_workload_min"": ""lower"", ""unique_population_reached_by_deadline_rate"": ""higher"", ""unserved_genuine_incidents"": ""lower""}"
partition,product_cij,oracle,"{""policy"": ""revised_priority""}",fake_dispatches,lower,-34.9,0.3012578672,-35,"[-34.95, -34.84166666666667]",34.9,8.674797436e-26,1.040975692e-24,0,120,0,120,0,-115.847597,-1,positive means candidate is better,120,4.1.0,test:3000-3039,a7c7a3f7ea63e57f1d98bd42f21c02aa04a69eaa37c824584a2be65f00f2d7e1,"{""numpy"": ""2.0.2"", ""pandas"": ""2.2.2"", ""python-louvain"": ""0.16"", ""scikit-learn"": ""1.6.1"", ""scipy"": ""1.16.3""}","{""additive"": {""calibration_objective"": 0.024220283682757516, ""knn"": 8, ""q"": 0.95}, ""error_model"": ""conservative-v1"", ""product"": {""knn"": 8, ""resolution"": 1.2, ""sigma_geo_m"": 900.0, ""tau_temp_min"": 60.0, ""threshold_quantile"": 0.95, ""track"": ""operational_label_free""}}","{""arrival_equity_gap_min"": ""lower"", ""boat_workload_cv"": ""lower"", ""cvar90_arrival_min"": ""lower"", ""deadline_miss_rate"": ""lower"", ""duplicate_dispatches"": ""lower"", ""fake_dispatches"": ""lower"", ""latent_harm"": ""lower"", ""max_arrival_min"": ""lower"", ""mean_arrival_min"": ""lower"", ""merge_caused_misses"": ""lower"", ""split_trips"": ""lower"", ""total_fleet_workload_min"": ""lower"", ""unique_population_reached_by_deadline_rate"": ""higher"", ""unserved_genuine_incidents"": ""lower""}"
partition,product_cij,oracle,"{""policy"": ""revised_priority""}",duplicate_dispatches,lower,-2.3,1.254236518,-2,"[-2.525, -2.0833333333333335]",2.3,7.046961533e-22,7.751657686e-21,0,120,0,120,0,-1.833784909,-1,positive means candidate is better,120,4.1.0,test:3000-3039,a7c7a3f7ea63e57f1d98bd42f21c02aa04a69eaa37c824584a2be65f00f2d7e1,"{""numpy"": ""2.0.2"", ""pandas"": ""2.2.2"", ""python-louvain"": ""0.16"", ""scikit-learn"": ""1.6.1"", ""scipy"": ""1.16.3""}","{""additive"": {""calibration_objective"": 0.024220283682757516, ""knn"": 8, ""q"": 0.95}, ""error_model"": ""conservative-v1"", ""product"": {""knn"": 8, ""resolution"": 1.2, ""sigma_geo_m"": 900.0, ""tau_temp_min"": 60.0, ""threshold_quantile"": 0.95, ""track"": ""operational_label_free""}}","{""arrival_equity_gap_min"": ""lower"", ""boat_workload_cv"": ""lower"", ""cvar90_arrival_min"": ""lower"", ""deadline_miss_rate"": ""lower"", ""duplicate_dispatches"": ""lower"", ""fake_dispatches"": ""lower"", ""latent_harm"": ""lower"", ""max_arrival_min"": ""lower"", ""mean_arrival_min"": ""lower"", ""merge_caused_misses"": ""lower"", ""split_trips"": ""lower"", ""total_fleet_workload_min"": ""lower"", ""unique_population_reached_by_deadline_rate"": ""higher"", ""unserved_genuine_incidents"": ""lower""}"
partition,product_cij,oracle,"{""policy"": ""revised_priority""}",unserved_genuine_incidents,lower,-1.025,0.1567795648,-1,"[-1.0583333333333333, -1.0]",1.025,2.607773089e-27,3.650882324e-26,0,120,0,120,0,-6.537841851,-1,positive means candidate is better,120,4.1.0,test:3000-3039,a7c7a3f7ea63e57f1d98bd42f21c02aa04a69eaa37c824584a2be65f00f2d7e1,"{""numpy"": ""2.0.2"", ""pandas"": ""2.2.2"", ""python-louvain"": ""0.16"", ""scikit-learn"": ""1.6.1"", ""scipy"": ""1.16.3""}","{""additive"": {""calibration_objective"": 0.024220283682757516, ""knn"": 8, ""q"": 0.95}, ""error_model"": ""conservative-v1"", ""product"": {""knn"": 8, ""resolution"": 1.2, ""sigma_geo_m"": 900.0, ""tau_temp_min"": 60.0, ""threshold_quantile"": 0.95, ""track"": ""operational_label_free""}}","{""arrival_equity_gap_min"": ""lower"", ""boat_workload_cv"": ""lower"", ""cvar90_arrival_min"": ""lower"", ""deadline_miss_rate"": ""lower"", ""duplicate_dispatches"": ""lower"", ""fake_dispatches"": ""lower"", ""latent_harm"": ""lower"", ""max_arrival_min"": ""lower"", ""mean_arrival_min"": ""lower"", ""merge_caused_misses"": ""lower"", ""split_trips"": ""lower"", ""total_fleet_workload_min"": ""lower"", ""unique_population_reached_by_deadline_rate"": ""higher"", ""unserved_genuine_incidents"": ""lower""}"
partition,product_cij,additive_cij_matched_density,"{""policy"": ""revised_priority""}",latent_harm,lower,-18.33574651,56.79667434,-19.78155517,"[-28.491892918888798, -8.269388074934083]",18.33574651,2.158745089e-05,0.0001511121562,2008,120,34,86,0,-0.3228313404,-0.4468319559,positive means candidate is better,120,4.1.0,test:3000-3039,a7c7a3f7ea63e57f1d98bd42f21c02aa04a69eaa37c824584a2be65f00f2d7e1,"{""numpy"": ""2.0.2"", ""pandas"": ""2.2.2"", ""python-louvain"": ""0.16"", ""scikit-learn"": ""1.6.1"", ""scipy"": ""1.16.3""}","{""additive"": {""calibration_objective"": 0.024220283682757516, ""knn"": 8, ""q"": 0.95}, ""error_model"": ""conservative-v1"", ""product"": {""knn"": 8, ""resolution"": 1.2, ""sigma_geo_m"": 900.0, ""tau_temp_min"": 60.0, ""threshold_quantile"": 0.95, ""track"": ""operational_label_free""}}","{""arrival_equity_gap_min"": ""lower"", ""boat_workload_cv"": ""lower"", ""cvar90_arrival_min"": ""lower"", ""deadline_miss_rate"": ""lower"", ""duplicate_dispatches"": ""lower"", ""fake_dispatches"": ""lower"", ""latent_harm"": ""lower"", ""max_arrival_min"": ""lower"", ""mean_arrival_min"": ""lower"", ""merge_caused_misses"": ""lower"", ""split_trips"": ""lower"", ""total_fleet_workload_min"": ""lower"", ""unique_population_reached_by_deadline_rate"": ""higher"", ""unserved_genuine_incidents"": ""lower""}"
partition,product_cij,additive_cij_matched_density,"{""policy"": ""revised_priority""}",deadline_miss_rate,lower,-0.0109375,0.07094356742,0,"[-0.023958333333333335, 0.0015625]",0.0109375,0.03781271606,0.1820678821,290.5,120,13,29,78,-0.1541718354,-0.3565891473,positive means candidate is better,120,4.1.0,test:3000-3039,a7c7a3f7ea63e57f1d98bd42f21c02aa04a69eaa37c824584a2be65f00f2d7e1,"{""numpy"": ""2.0.2"", ""pandas"": ""2.2.2"", ""python-louvain"": ""0.16"", ""scikit-learn"": ""1.6.1"", ""scipy"": ""1.16.3""}","{""additive"": {""calibration_objective"": 0.024220283682757516, ""knn"": 8, ""q"": 0.95}, ""error_model"": ""conservative-v1"", ""product"": {""knn"": 8, ""resolution"": 1.2, ""sigma_geo_m"": 900.0, ""tau_temp_min"": 60.0, ""threshold_quantile"": 0.95, ""track"": ""operational_label_free""}}","{""arrival_equity_gap_min"": ""lower"", ""boat_workload_cv"": ""lower"", ""cvar90_arrival_min"": ""lower"", ""deadline_miss_rate"": ""lower"", ""duplicate_dispatches"": ""lower"", ""fake_dispatches"": ""lower"", ""latent_harm"": ""lower"", ""max_arrival_min"": ""lower"", ""mean_arrival_min"": ""lower"", ""merge_caused_misses"": ""lower"", ""split_trips"": ""lower"", ""total_fleet_workload_min"": ""lower"", ""unique_population_reached_by_deadline_rate"": ""higher"", ""unserved_genuine_incidents"": ""lower""}"
partition,product_cij,additive_cij_matched_density,"{""policy"": ""revised_priority""}",mean_arrival_min,lower,-19.61952645,60.93701135,-20.94984864,"[-30.6116190560813, -8.739902545385291]",19.61952645,1.179364828e-05,0.0001061428345,1957,120,33,87,0,-0.3219640415,-0.4608815427,positive means candidate is better,120,4.1.0,test:3000-3039,a7c7a3f7ea63e57f1d98bd42f21c02aa04a69eaa37c824584a2be65f00f2d7e1,"{""numpy"": ""2.0.2"", ""pandas"": ""2.2.2"", ""python-louvain"": ""0.16"", ""scikit-learn"": ""1.6.1"", ""scipy"": ""1.16.3""}","{""additive"": {""calibration_objective"": 0.024220283682757516, ""knn"": 8, ""q"": 0.95}, ""error_model"": ""conservative-v1"", ""product"": {""knn"": 8, ""resolution"": 1.2, ""sigma_geo_m"": 900.0, ""tau_temp_min"": 60.0, ""threshold_quantile"": 0.95, ""track"": ""operational_label_free""}}","{""arrival_equity_gap_min"": ""lower"", ""boat_workload_cv"": ""lower"", ""cvar90_arrival_min"": ""lower"", ""deadline_miss_rate"": ""lower"", ""duplicate_dispatches"": ""lower"", ""fake_dispatches"": ""lower"", ""latent_harm"": ""lower"", ""max_arrival_min"": ""lower"", ""mean_arrival_min"": ""lower"", ""merge_caused_misses"": ""lower"", ""split_trips"": ""lower"", ""total_fleet_workload_min"": ""lower"", ""unique_population_reached_by_deadline_rate"": ""higher"", ""unserved_genuine_incidents"": ""lower""}"
partition,product_cij,additive_cij_matched_density,"{""policy"": ""revised_priority""}",max_arrival_min,lower,-79.86357007,226.6011212,-43.14143103,"[-121.11828242126309, -41.136801879765486]",79.86357007,0.0001892635125,0.001135581075,2079,120,38,79,3,-0.3524411956,-0.3976531943,positive means candidate is better,120,4.1.0,test:3000-3039,a7c7a3f7ea63e57f1d98bd42f21c02aa04a69eaa37c824584a2be65f00f2d7e1,"{""numpy"": ""2.0.2"", ""pandas"": ""2.2.2"", ""python-louvain"": ""0.16"", ""scikit-learn"": ""1.6.1"", ""scipy"": ""1.16.3""}","{""additive"": {""calibration_objective"": 0.024220283682757516, ""knn"": 8, ""q"": 0.95}, ""error_model"": ""conservative-v1"", ""product"": {""knn"": 8, ""resolution"": 1.2, ""sigma_geo_m"": 900.0, ""tau_temp_min"": 60.0, ""threshold_quantile"": 0.95, ""track"": ""operational_label_free""}}","{""arrival_equity_gap_min"": ""lower"", ""boat_workload_cv"": ""lower"", ""cvar90_arrival_min"": ""lower"", ""deadline_miss_rate"": ""lower"", ""duplicate_dispatches"": ""lower"", ""fake_dispatches"": ""lower"", ""latent_harm"": ""lower"", ""max_arrival_min"": ""lower"", ""mean_arrival_min"": ""lower"", ""merge_caused_misses"": ""lower"", ""split_trips"": ""lower"", ""total_fleet_workload_min"": ""lower"", ""unique_population_reached_by_deadline_rate"": ""higher"", ""unserved_genuine_incidents"": ""lower""}"
partition,product_cij,additive_cij_matched_density,"{""policy"": ""revised_priority""}",cvar90_arrival_min,lower,-65.22883793,175.3240059,-38.14985459,"[-96.45555023150885, -35.03395154084524]",65.22883793,1.462722776e-05,0.0001170178221,1975,120,36,84,0,-0.372047385,-0.455922865,positive means candidate is better,120,4.1.0,test:3000-3039,a7c7a3f7ea63e57f1d98bd42f21c02aa04a69eaa37c824584a2be65f00f2d7e1,"{""numpy"": ""2.0.2"", ""pandas"": ""2.2.2"", ""python-louvain"": ""0.16"", ""scikit-learn"": ""1.6.1"", ""scipy"": ""1.16.3""}","{""additive"": {""calibration_objective"": 0.024220283682757516, ""knn"": 8, ""q"": 0.95}, ""error_model"": ""conservative-v1"", ""product"": {""knn"": 8, ""resolution"": 1.2, ""sigma_geo_m"": 900.0, ""tau_temp_min"": 60.0, ""threshold_quantile"": 0.95, ""track"": ""operational_label_free""}}","{""arrival_equity_gap_min"": ""lower"", ""boat_workload_cv"": ""lower"", ""cvar90_arrival_min"": ""lower"", ""deadline_miss_rate"": ""lower"", ""duplicate_dispatches"": ""lower"", ""fake_dispatches"": ""lower"", ""latent_harm"": ""lower"", ""max_arrival_min"": ""lower"", ""mean_arrival_min"": ""lower"", ""merge_caused_misses"": ""lower"", ""split_trips"": ""lower"", ""total_fleet_workload_min"": ""lower"", ""unique_population_reached_by_deadline_rate"": ""higher"", ""unserved_genuine_incidents"": ""lower""}"
partition,product_cij,additive_cij_matched_density,"{""policy"": ""revised_priority""}",unique_population_reached_by_deadline_rate,higher,-0.01150365389,0.07781374271,0,"[-0.02575535270098368, 0.0025690443385123015]",-0.01150365389,0.05234077408,0.1820678821,436.5,120,19,31,70,-0.1478357612,-0.3152941176,positive means candidate is better,120,4.1.0,test:3000-3039,a7c7a3f7ea63e57f1d98bd42f21c02aa04a69eaa37c824584a2be65f00f2d7e1,"{""numpy"": ""2.0.2"", ""pandas"": ""2.2.2"", ""python-louvain"": ""0.16"", ""scikit-learn"": ""1.6.1"", ""scipy"": ""1.16.3""}","{""additive"": {""calibration_objective"": 0.024220283682757516, ""knn"": 8, ""q"": 0.95}, ""error_model"": ""conservative-v1"", ""product"": {""knn"": 8, ""resolution"": 1.2, ""sigma_geo_m"": 900.0, ""tau_temp_min"": 60.0, ""threshold_quantile"": 0.95, ""track"": ""operational_label_free""}}","{""arrival_equity_gap_min"": ""lower"", ""boat_workload_cv"": ""lower"", ""cvar90_arrival_min"": ""lower"", ""deadline_miss_rate"": ""lower"", ""duplicate_dispatches"": ""lower"", ""fake_dispatches"": ""lower"", ""latent_harm"": ""lower"", ""max_arrival_min"": ""lower"", ""mean_arrival_min"": ""lower"", ""merge_caused_misses"": ""lower"", ""split_trips"": ""lower"", ""total_fleet_workload_min"": ""lower"", ""unique_population_reached_by_deadline_rate"": ""higher"", ""unserved_genuine_incidents"": ""lower""}"
partition,product_cij,additive_cij_matched_density,"{""policy"": ""revised_priority""}",total_fleet_workload_min,lower,-1797.064171,813.3416638,-1727.847389,"[-1940.496459231263, -1652.8180856586937]",1797.064171,2.411223485e-21,3.134590531e-20,8,120,3,117,0,-2.209482499,-0.9977961433,positive means candidate is better,120,4.1.0,test:3000-3039,a7c7a3f7ea63e57f1d98bd42f21c02aa04a69eaa37c824584a2be65f00f2d7e1,"{""numpy"": ""2.0.2"", ""pandas"": ""2.2.2"", ""python-louvain"": ""0.16"", ""scikit-learn"": ""1.6.1"", ""scipy"": ""1.16.3""}","{""additive"": {""calibration_objective"": 0.024220283682757516, ""knn"": 8, ""q"": 0.95}, ""error_model"": ""conservative-v1"", ""product"": {""knn"": 8, ""resolution"": 1.2, ""sigma_geo_m"": 900.0, ""tau_temp_min"": 60.0, ""threshold_quantile"": 0.95, ""track"": ""operational_label_free""}}","{""arrival_equity_gap_min"": ""lower"", ""boat_workload_cv"": ""lower"", ""cvar90_arrival_min"": ""lower"", ""deadline_miss_rate"": ""lower"", ""duplicate_dispatches"": ""lower"", ""fake_dispatches"": ""lower"", ""latent_harm"": ""lower"", ""max_arrival_min"": ""lower"", ""mean_arrival_min"": ""lower"", ""merge_caused_misses"": ""lower"", ""split_trips"": ""lower"", ""total_fleet_workload_min"": ""lower"", ""unique_population_reached_by_deadline_rate"": ""higher"", ""unserved_genuine_incidents"": ""lower""}"
partition,product_cij,additive_cij_matched_density,"{""policy"": ""revised_priority""}",boat_workload_cv,lower,0.007352593221,0.01687516298,0.00645688713,"[0.004317423150799461, 0.010422838803062223]",-0.007352593221,9.488735494e-06,9.488735494e-05,1939,120,80,40,0,0.4357050197,0.4658402204,positive means candidate is better,120,4.1.0,test:3000-3039,a7c7a3f7ea63e57f1d98bd42f21c02aa04a69eaa37c824584a2be65f00f2d7e1,"{""numpy"": ""2.0.2"", ""pandas"": ""2.2.2"", ""python-louvain"": ""0.16"", ""scikit-learn"": ""1.6.1"", ""scipy"": ""1.16.3""}","{""additive"": {""calibration_objective"": 0.024220283682757516, ""knn"": 8, ""q"": 0.95}, ""error_model"": ""conservative-v1"", ""product"": {""knn"": 8, ""resolution"": 1.2, ""sigma_geo_m"": 900.0, ""tau_temp_min"": 60.0, ""threshold_quantile"": 0.95, ""track"": ""operational_label_free""}}","{""arrival_equity_gap_min"": ""lower"", ""boat_workload_cv"": ""lower"", ""cvar90_arrival_min"": ""lower"", ""deadline_miss_rate"": ""lower"", ""duplicate_dispatches"": ""lower"", ""fake_dispatches"": ""lower"", ""latent_harm"": ""lower"", ""max_arrival_min"": ""lower"", ""mean_arrival_min"": ""lower"", ""merge_caused_misses"": ""lower"", ""split_trips"": ""lower"", ""total_fleet_workload_min"": ""lower"", ""unique_population_reached_by_deadline_rate"": ""higher"", ""unserved_genuine_incidents"": ""lower""}"
partition,product_cij,additive_cij_matched_density,"{""policy"": ""revised_priority""}",arrival_equity_gap_min,lower,-25.51645564,98.67646063,-10.61492347,"[-43.87589590513, -8.553473026191236]",25.51645564,0.03641357643,0.1820678821,2781,120,47,72,1,-0.2585870579,-0.2210084034,positive means candidate is better,120,4.1.0,test:3000-3039,a7c7a3f7ea63e57f1d98bd42f21c02aa04a69eaa37c824584a2be65f00f2d7e1,"{""numpy"": ""2.0.2"", ""pandas"": ""2.2.2"", ""python-louvain"": ""0.16"", ""scikit-learn"": ""1.6.1"", ""scipy"": ""1.16.3""}","{""additive"": {""calibration_objective"": 0.024220283682757516, ""knn"": 8, ""q"": 0.95}, ""error_model"": ""conservative-v1"", ""product"": {""knn"": 8, ""resolution"": 1.2, ""sigma_geo_m"": 900.0, ""tau_temp_min"": 60.0, ""threshold_quantile"": 0.95, ""track"": ""operational_label_free""}}","{""arrival_equity_gap_min"": ""lower"", ""boat_workload_cv"": ""lower"", ""cvar90_arrival_min"": ""lower"", ""deadline_miss_rate"": ""lower"", ""duplicate_dispatches"": ""lower"", ""fake_dispatches"": ""lower"", ""latent_harm"": ""lower"", ""max_arrival_min"": ""lower"", ""mean_arrival_min"": ""lower"", ""merge_caused_misses"": ""lower"", ""split_trips"": ""lower"", ""total_fleet_workload_min"": ""lower"", ""unique_population_reached_by_deadline_rate"": ""higher"", ""unserved_genuine_incidents"": ""lower""}"
partition,product_cij,additive_cij_matched_density,"{""policy"": ""revised_priority""}",split_trips,lower,-1.125,1.149077087,-1,"[-1.325, -0.925]",1.125,7.359330609e-15,8.83119673e-14,322.5,120,6,93,21,-0.979046587,-0.8696969697,positive means candidate is better,120,4.1.0,test:3000-3039,a7c7a3f7ea63e57f1d98bd42f21c02aa04a69eaa37c824584a2be65f00f2d7e1,"{""numpy"": ""2.0.2"", ""pandas"": ""2.2.2"", ""python-louvain"": ""0.16"", ""scikit-learn"": ""1.6.1"", ""scipy"": ""1.16.3""}","{""additive"": {""calibration_objective"": 0.024220283682757516, ""knn"": 8, ""q"": 0.95}, ""error_model"": ""conservative-v1"", ""product"": {""knn"": 8, ""resolution"": 1.2, ""sigma_geo_m"": 900.0, ""tau_temp_min"": 60.0, ""threshold_quantile"": 0.95, ""track"": ""operational_label_free""}}","{""arrival_equity_gap_min"": ""lower"", ""boat_workload_cv"": ""lower"", ""cvar90_arrival_min"": ""lower"", ""deadline_miss_rate"": ""lower"", ""duplicate_dispatches"": ""lower"", ""fake_dispatches"": ""lower"", ""latent_harm"": ""lower"", ""max_arrival_min"": ""lower"", ""mean_arrival_min"": ""lower"", ""merge_caused_misses"": ""lower"", ""split_trips"": ""lower"", ""total_fleet_workload_min"": ""lower"", ""unique_population_reached_by_deadline_rate"": ""higher"", ""unserved_genuine_incidents"": ""lower""}"
partition,product_cij,additive_cij_matched_density,"{""policy"": ""revised_priority""}",merge_caused_misses,lower,-0.025,0.1567795648,0,"[-0.058333333333333334, 0.0]",0.025,0.08326451666,0.1820678821,0,120,0,3,117,-0.1594595573,-1,positive means candidate is better,120,4.1.0,test:3000-3039,a7c7a3f7ea63e57f1d98bd42f21c02aa04a69eaa37c824584a2be65f00f2d7e1,"{""numpy"": ""2.0.2"", ""pandas"": ""2.2.2"", ""python-louvain"": ""0.16"", ""scikit-learn"": ""1.6.1"", ""scipy"": ""1.16.3""}","{""additive"": {""calibration_objective"": 0.024220283682757516, ""knn"": 8, ""q"": 0.95}, ""error_model"": ""conservative-v1"", ""product"": {""knn"": 8, ""resolution"": 1.2, ""sigma_geo_m"": 900.0, ""tau_temp_min"": 60.0, ""threshold_quantile"": 0.95, ""track"": ""operational_label_free""}}","{""arrival_equity_gap_min"": ""lower"", ""boat_workload_cv"": ""lower"", ""cvar90_arrival_min"": ""lower"", ""deadline_miss_rate"": ""lower"", ""duplicate_dispatches"": ""lower"", ""fake_dispatches"": ""lower"", ""latent_harm"": ""lower"", ""max_arrival_min"": ""lower"", ""mean_arrival_min"": ""lower"", ""merge_caused_misses"": ""lower"", ""split_trips"": ""lower"", ""total_fleet_workload_min"": ""lower"", ""unique_population_reached_by_deadline_rate"": ""higher"", ""unserved_genuine_incidents"": ""lower""}"
partition,product_cij,additive_cij_matched_density,"{""policy"": ""revised_priority""}",fake_dispatches,lower,-8.275,2.759133039,-8,"[-8.758541666666666, -7.783333333333333]",8.275,1.589574343e-21,2.22540408e-20,0,120,0,120,0,-2.999130482,-1,positive means candidate is better,120,4.1.0,test:3000-3039,a7c7a3f7ea63e57f1d98bd42f21c02aa04a69eaa37c824584a2be65f00f2d7e1,"{""numpy"": ""2.0.2"", ""pandas"": ""2.2.2"", ""python-louvain"": ""0.16"", ""scikit-learn"": ""1.6.1"", ""scipy"": ""1.16.3""}","{""additive"": {""calibration_objective"": 0.024220283682757516, ""knn"": 8, ""q"": 0.95}, ""error_model"": ""conservative-v1"", ""product"": {""knn"": 8, ""resolution"": 1.2, ""sigma_geo_m"": 900.0, ""tau_temp_min"": 60.0, ""threshold_quantile"": 0.95, ""track"": ""operational_label_free""}}","{""arrival_equity_gap_min"": ""lower"", ""boat_workload_cv"": ""lower"", ""cvar90_arrival_min"": ""lower"", ""deadline_miss_rate"": ""lower"", ""duplicate_dispatches"": ""lower"", ""fake_dispatches"": ""lower"", ""latent_harm"": ""lower"", ""max_arrival_min"": ""lower"", ""mean_arrival_min"": ""lower"", ""merge_caused_misses"": ""lower"", ""split_trips"": ""lower"", ""total_fleet_workload_min"": ""lower"", ""unique_population_reached_by_deadline_rate"": ""higher"", ""unserved_genuine_incidents"": ""lower""}"
partition,product_cij,additive_cij_matched_density,"{""policy"": ""revised_priority""}",duplicate_dispatches,lower,-1.125,1.149077087,-1,"[-1.325, -0.925]",1.125,7.359330609e-15,8.83119673e-14,322.5,120,6,93,21,-0.979046587,-0.8696969697,positive means candidate is better,120,4.1.0,test:3000-3039,a7c7a3f7ea63e57f1d98bd42f21c02aa04a69eaa37c824584a2be65f00f2d7e1,"{""numpy"": ""2.0.2"", ""pandas"": ""2.2.2"", ""python-louvain"": ""0.16"", ""scikit-learn"": ""1.6.1"", ""scipy"": ""1.16.3""}","{""additive"": {""calibration_objective"": 0.024220283682757516, ""knn"": 8, ""q"": 0.95}, ""error_model"": ""conservative-v1"", ""product"": {""knn"": 8, ""resolution"": 1.2, ""sigma_geo_m"": 900.0, ""tau_temp_min"": 60.0, ""threshold_quantile"": 0.95, ""track"": ""operational_label_free""}}","{""arrival_equity_gap_min"": ""lower"", ""boat_workload_cv"": ""lower"", ""cvar90_arrival_min"": ""lower"", ""deadline_miss_rate"": ""lower"", ""duplicate_dispatches"": ""lower"", ""fake_dispatches"": ""lower"", ""latent_harm"": ""lower"", ""max_arrival_min"": ""lower"", ""mean_arrival_min"": ""lower"", ""merge_caused_misses"": ""lower"", ""split_trips"": ""lower"", ""total_fleet_workload_min"": ""lower"", ""unique_population_reached_by_deadline_rate"": ""higher"", ""unserved_genuine_incidents"": ""lower""}"
partition,product_cij,additive_cij_matched_density,"{""policy"": ""revised_priority""}",unserved_genuine_incidents,lower,-0.025,0.1567795648,0,"[-0.058333333333333334, 0.0]",0.025,0.08326451666,0.1820678821,0,120,0,3,117,-0.1594595573,-1,positive means candidate is better,120,4.1.0,test:3000-3039,a7c7a3f7ea63e57f1d98bd42f21c02aa04a69eaa37c824584a2be65f00f2d7e1,"{""numpy"": ""2.0.2"", ""pandas"": ""2.2.2"", ""python-louvain"": ""0.16"", ""scikit-learn"": ""1.6.1"", ""scipy"": ""1.16.3""}","{""additive"": {""calibration_objective"": 0.024220283682757516, ""knn"": 8, ""q"": 0.95}, ""error_model"": ""conservative-v1"", ""product"": {""knn"": 8, ""resolution"": 1.2, ""sigma_geo_m"": 900.0, ""tau_temp_min"": 60.0, ""threshold_quantile"": 0.95, ""track"": ""operational_label_free""}}","{""arrival_equity_gap_min"": ""lower"", ""boat_workload_cv"": ""lower"", ""cvar90_arrival_min"": ""lower"", ""deadline_miss_rate"": ""lower"", ""duplicate_dispatches"": ""lower"", ""fake_dispatches"": ""lower"", ""latent_harm"": ""lower"", ""max_arrival_min"": ""lower"", ""mean_arrival_min"": ""lower"", ""merge_caused_misses"": ""lower"", ""split_trips"": ""lower"", ""total_fleet_workload_min"": ""lower"", ""unique_population_reached_by_deadline_rate"": ""higher"", ""unserved_genuine_incidents"": ""lower""}"
partition,product_cij,oracle,"{""policy"": ""legacy_priority""}",latent_harm,lower,-18.78904253,83.82651223,-29.94807693,"[-33.4337403085894, -3.26472068029606]",18.78904253,0.003327399438,0.006654798876,2509,120,43,77,0,-0.2241420051,-0.308815427,positive means candidate is better,120,4.1.0,test:3000-3039,a7c7a3f7ea63e57f1d98bd42f21c02aa04a69eaa37c824584a2be65f00f2d7e1,"{""numpy"": ""2.0.2"", ""pandas"": ""2.2.2"", ""python-louvain"": ""0.16"", ""scikit-learn"": ""1.6.1"", ""scipy"": ""1.16.3""}","{""additive"": {""calibration_objective"": 0.024220283682757516, ""knn"": 8, ""q"": 0.95}, ""error_model"": ""conservative-v1"", ""product"": {""knn"": 8, ""resolution"": 1.2, ""sigma_geo_m"": 900.0, ""tau_temp_min"": 60.0, ""threshold_quantile"": 0.95, ""track"": ""operational_label_free""}}","{""arrival_equity_gap_min"": ""lower"", ""boat_workload_cv"": ""lower"", ""cvar90_arrival_min"": ""lower"", ""deadline_miss_rate"": ""lower"", ""duplicate_dispatches"": ""lower"", ""fake_dispatches"": ""lower"", ""latent_harm"": ""lower"", ""max_arrival_min"": ""lower"", ""mean_arrival_min"": ""lower"", ""merge_caused_misses"": ""lower"", ""split_trips"": ""lower"", ""total_fleet_workload_min"": ""lower"", ""unique_population_reached_by_deadline_rate"": ""higher"", ""unserved_genuine_incidents"": ""lower""}"
partition,product_cij,oracle,"{""policy"": ""legacy_priority""}",deadline_miss_rate,lower,-0.04635416667,0.121401954,0,"[-0.06770833333333333, -0.024479166666666666]",0.04635416667,0.000146051766,0.0007302588302,605,120,22,48,50,-0.3818238928,-0.5130784708,positive means candidate is better,120,4.1.0,test:3000-3039,a7c7a3f7ea63e57f1d98bd42f21c02aa04a69eaa37c824584a2be65f00f2d7e1,"{""numpy"": ""2.0.2"", ""pandas"": ""2.2.2"", ""python-louvain"": ""0.16"", ""scikit-learn"": ""1.6.1"", ""scipy"": ""1.16.3""}","{""additive"": {""calibration_objective"": 0.024220283682757516, ""knn"": 8, ""q"": 0.95}, ""error_model"": ""conservative-v1"", ""product"": {""knn"": 8, ""resolution"": 1.2, ""sigma_geo_m"": 900.0, ""tau_temp_min"": 60.0, ""threshold_quantile"": 0.95, ""track"": ""operational_label_free""}}","{""arrival_equity_gap_min"": ""lower"", ""boat_workload_cv"": ""lower"", ""cvar90_arrival_min"": ""lower"", ""deadline_miss_rate"": ""lower"", ""duplicate_dispatches"": ""lower"", ""fake_dispatches"": ""lower"", ""latent_harm"": ""lower"", ""max_arrival_min"": ""lower"", ""mean_arrival_min"": ""lower"", ""merge_caused_misses"": ""lower"", ""split_trips"": ""lower"", ""total_fleet_workload_min"": ""lower"", ""unique_population_reached_by_deadline_rate"": ""higher"", ""unserved_genuine_incidents"": ""lower""}"
partition,product_cij,oracle,"{""policy"": ""legacy_priority""}",mean_arrival_min,lower,-28.29465666,90.14897573,-35.50912357,"[-44.349819489180824, -12.217565341354213]",28.29465666,0.0010619193,0.003185757899,2380,120,46,74,0,-0.3138655368,-0.3443526171,positive means candidate is better,120,4.1.0,test:3000-3039,a7c7a3f7ea63e57f1d98bd42f21c02aa04a69eaa37c824584a2be65f00f2d7e1,"{""numpy"": ""2.0.2"", ""pandas"": ""2.2.2"", ""python-louvain"": ""0.16"", ""scikit-learn"": ""1.6.1"", ""scipy"": ""1.16.3""}","{""additive"": {""calibration_objective"": 0.024220283682757516, ""knn"": 8, ""q"": 0.95}, ""error_model"": ""conservative-v1"", ""product"": {""knn"": 8, ""resolution"": 1.2, ""sigma_geo_m"": 900.0, ""tau_temp_min"": 60.0, ""threshold_quantile"": 0.95, ""track"": ""operational_label_free""}}","{""arrival_equity_gap_min"": ""lower"", ""boat_workload_cv"": ""lower"", ""cvar90_arrival_min"": ""lower"", ""deadline_miss_rate"": ""lower"", ""duplicate_dispatches"": ""lower"", ""fake_dispatches"": ""lower"", ""latent_harm"": ""lower"", ""max_arrival_min"": ""lower"", ""mean_arrival_min"": ""lower"", ""merge_caused_misses"": ""lower"", ""split_trips"": ""lower"", ""total_fleet_workload_min"": ""lower"", ""unique_population_reached_by_deadline_rate"": ""higher"", ""unserved_genuine_incidents"": ""lower""}"
partition,product_cij,oracle,"{""policy"": ""legacy_priority""}",max_arrival_min,lower,-71.23468862,194.8283892,-91.90624746,"[-106.45439181409319, -36.22546169085791]",71.23468862,3.711879278e-05,0.0002227127567,2055,120,37,83,0,-0.3656278682,-0.4338842975,positive means candidate is better,120,4.1.0,test:3000-3039,a7c7a3f7ea63e57f1d98bd42f21c02aa04a69eaa37c824584a2be65f00f2d7e1,"{""numpy"": ""2.0.2"", ""pandas"": ""2.2.2"", ""python-louvain"": ""0.16"", ""scikit-learn"": ""1.6.1"", ""scipy"": ""1.16.3""}","{""additive"": {""calibration_objective"": 0.024220283682757516, ""knn"": 8, ""q"": 0.95}, ""error_model"": ""conservative-v1"", ""product"": {""knn"": 8, ""resolution"": 1.2, ""sigma_geo_m"": 900.0, ""tau_temp_min"": 60.0, ""threshold_quantile"": 0.95, ""track"": ""operational_label_free""}}","{""arrival_equity_gap_min"": ""lower"", ""boat_workload_cv"": ""lower"", ""cvar90_arrival_min"": ""lower"", ""deadline_miss_rate"": ""lower"", ""duplicate_dispatches"": ""lower"", ""fake_dispatches"": ""lower"", ""latent_harm"": ""lower"", ""max_arrival_min"": ""lower"", ""mean_arrival_min"": ""lower"", ""merge_caused_misses"": ""lower"", ""split_trips"": ""lower"", ""total_fleet_workload_min"": ""lower"", ""unique_population_reached_by_deadline_rate"": ""higher"", ""unserved_genuine_incidents"": ""lower""}"
partition,product_cij,oracle,"{""policy"": ""legacy_priority""}",cvar90_arrival_min,lower,-69.38395707,170.2038143,-80.36256434,"[-99.62332449954013, -38.53995664554758]",69.38395707,7.806995454e-06,5.464896818e-05,1923,120,29,91,0,-0.4076521867,-0.4702479339,positive means candidate is better,120,4.1.0,test:3000-3039,a7c7a3f7ea63e57f1d98bd42f21c02aa04a69eaa37c824584a2be65f00f2d7e1,"{""numpy"": ""2.0.2"", ""pandas"": ""2.2.2"", ""python-louvain"": ""0.16"", ""scikit-learn"": ""1.6.1"", ""scipy"": ""1.16.3""}","{""additive"": {""calibration_objective"": 0.024220283682757516, ""knn"": 8, ""q"": 0.95}, ""error_model"": ""conservative-v1"", ""product"": {""knn"": 8, ""resolution"": 1.2, ""sigma_geo_m"": 900.0, ""tau_temp_min"": 60.0, ""threshold_quantile"": 0.95, ""track"": ""operational_label_free""}}","{""arrival_equity_gap_min"": ""lower"", ""boat_workload_cv"": ""lower"", ""cvar90_arrival_min"": ""lower"", ""deadline_miss_rate"": ""lower"", ""duplicate_dispatches"": ""lower"", ""fake_dispatches"": ""lower"", ""latent_harm"": ""lower"", ""max_arrival_min"": ""lower"", ""mean_arrival_min"": ""lower"", ""merge_caused_misses"": ""lower"", ""split_trips"": ""lower"", ""total_fleet_workload_min"": ""lower"", ""unique_population_reached_by_deadline_rate"": ""higher"", ""unserved_genuine_incidents"": ""lower""}"
partition,product_cij,oracle,"{""policy"": ""legacy_priority""}",unique_population_reached_by_deadline_rate,higher,-0.04039644481,0.114300981,0,"[-0.060555299162174066, -0.019620731603135873]",-0.04039644481,0.0002589545134,0.001035818054,782,120,26,51,43,-0.3534216805,-0.4791874792,positive means candidate is better,120,4.1.0,test:3000-3039,a7c7a3f7ea63e57f1d98bd42f21c02aa04a69eaa37c824584a2be65f00f2d7e1,"{""numpy"": ""2.0.2"", ""pandas"": ""2.2.2"", ""python-louvain"": ""0.16"", ""scikit-learn"": ""1.6.1"", ""scipy"": ""1.16.3""}","{""additive"": {""calibration_objective"": 0.024220283682757516, ""knn"": 8, ""q"": 0.95}, ""error_model"": ""conservative-v1"", ""product"": {""knn"": 8, ""resolution"": 1.2, ""sigma_geo_m"": 900.0, ""tau_temp_min"": 60.0, ""threshold_quantile"": 0.95, ""track"": ""operational_label_free""}}","{""arrival_equity_gap_min"": ""lower"", ""boat_workload_cv"": ""lower"", ""cvar90_arrival_min"": ""lower"", ""deadline_miss_rate"": ""lower"", ""duplicate_dispatches"": ""lower"", ""fake_dispatches"": ""lower"", ""latent_harm"": ""lower"", ""max_arrival_min"": ""lower"", ""mean_arrival_min"": ""lower"", ""merge_caused_misses"": ""lower"", ""split_trips"": ""lower"", ""total_fleet_workload_min"": ""lower"", ""unique_population_reached_by_deadline_rate"": ""higher"", ""unserved_genuine_incidents"": ""lower""}"
partition,product_cij,oracle,"{""policy"": ""legacy_priority""}",total_fleet_workload_min,lower,-6749.782652,1125.448586,-6650.734433,"[-6947.920379923918, -6554.53559355848]",6749.782652,1.971951712e-21,1.774756541e-20,0,120,0,120,0,-5.997415372,-1,positive means candidate is better,120,4.1.0,test:3000-3039,a7c7a3f7ea63e57f1d98bd42f21c02aa04a69eaa37c824584a2be65f00f2d7e1,"{""numpy"": ""2.0.2"", ""pandas"": ""2.2.2"", ""python-louvain"": ""0.16"", ""scikit-learn"": ""1.6.1"", ""scipy"": ""1.16.3""}","{""additive"": {""calibration_objective"": 0.024220283682757516, ""knn"": 8, ""q"": 0.95}, ""error_model"": ""conservative-v1"", ""product"": {""knn"": 8, ""resolution"": 1.2, ""sigma_geo_m"": 900.0, ""tau_temp_min"": 60.0, ""threshold_quantile"": 0.95, ""track"": ""operational_label_free""}}","{""arrival_equity_gap_min"": ""lower"", ""boat_workload_cv"": ""lower"", ""cvar90_arrival_min"": ""lower"", ""deadline_miss_rate"": ""lower"", ""duplicate_dispatches"": ""lower"", ""fake_dispatches"": ""lower"", ""latent_harm"": ""lower"", ""max_arrival_min"": ""lower"", ""mean_arrival_min"": ""lower"", ""merge_caused_misses"": ""lower"", ""split_trips"": ""lower"", ""total_fleet_workload_min"": ""lower"", ""unique_population_reached_by_deadline_rate"": ""higher"", ""unserved_genuine_incidents"": ""lower""}"
partition,product_cij,oracle,"{""policy"": ""legacy_priority""}",boat_workload_cv,lower,0.06733106076,0.04523533948,0.06558161729,"[0.05931516955064687, 0.07543642663633658]",-0.06733106076,4.079534295e-21,3.263627436e-20,29,120,117,3,0,1.488461489,0.9920110193,positive means candidate is better,120,4.1.0,test:3000-3039,a7c7a3f7ea63e57f1d98bd42f21c02aa04a69eaa37c824584a2be65f00f2d7e1,"{""numpy"": ""2.0.2"", ""pandas"": ""2.2.2"", ""python-louvain"": ""0.16"", ""scikit-learn"": ""1.6.1"", ""scipy"": ""1.16.3""}","{""additive"": {""calibration_objective"": 0.024220283682757516, ""knn"": 8, ""q"": 0.95}, ""error_model"": ""conservative-v1"", ""product"": {""knn"": 8, ""resolution"": 1.2, ""sigma_geo_m"": 900.0, ""tau_temp_min"": 60.0, ""threshold_quantile"": 0.95, ""track"": ""operational_label_free""}}","{""arrival_equity_gap_min"": ""lower"", ""boat_workload_cv"": ""lower"", ""cvar90_arrival_min"": ""lower"", ""deadline_miss_rate"": ""lower"", ""duplicate_dispatches"": ""lower"", ""fake_dispatches"": ""lower"", ""latent_harm"": ""lower"", ""max_arrival_min"": ""lower"", ""mean_arrival_min"": ""lower"", ""merge_caused_misses"": ""lower"", ""split_trips"": ""lower"", ""total_fleet_workload_min"": ""lower"", ""unique_population_reached_by_deadline_rate"": ""higher"", ""unserved_genuine_incidents"": ""lower""}"
partition,product_cij,oracle,"{""policy"": ""legacy_priority""}",arrival_equity_gap_min,lower,-10.62903941,122.2209863,-20.61669069,"[-33.03612807385877, 11.574462090292949]",10.62903941,0.1903871946,0.1903871946,3130,120,53,67,0,-0.08696574731,-0.1377410468,positive means candidate is better,120,4.1.0,test:3000-3039,a7c7a3f7ea63e57f1d98bd42f21c02aa04a69eaa37c824584a2be65f00f2d7e1,"{""numpy"": ""2.0.2"", ""pandas"": ""2.2.2"", ""python-louvain"": ""0.16"", ""scikit-learn"": ""1.6.1"", ""scipy"": ""1.16.3""}","{""additive"": {""calibration_objective"": 0.024220283682757516, ""knn"": 8, ""q"": 0.95}, ""error_model"": ""conservative-v1"", ""product"": {""knn"": 8, ""resolution"": 1.2, ""sigma_geo_m"": 900.0, ""tau_temp_min"": 60.0, ""threshold_quantile"": 0.95, ""track"": ""operational_label_free""}}","{""arrival_equity_gap_min"": ""lower"", ""boat_workload_cv"": ""lower"", ""cvar90_arrival_min"": ""lower"", ""deadline_miss_rate"": ""lower"", ""duplicate_dispatches"": ""lower"", ""fake_dispatches"": ""lower"", ""latent_harm"": ""lower"", ""max_arrival_min"": ""lower"", ""mean_arrival_min"": ""lower"", ""merge_caused_misses"": ""lower"", ""split_trips"": ""lower"", ""total_fleet_workload_min"": ""lower"", ""unique_population_reached_by_deadline_rate"": ""higher"", ""unserved_genuine_incidents"": ""lower""}"
partition,product_cij,oracle,"{""policy"": ""legacy_priority""}",split_trips,lower,-2.3,1.254236518,-2,"[-2.525, -2.0833333333333335]",2.3,7.046961533e-22,7.751657686e-21,0,120,0,120,0,-1.833784909,-1,positive means candidate is better,120,4.1.0,test:3000-3039,a7c7a3f7ea63e57f1d98bd42f21c02aa04a69eaa37c824584a2be65f00f2d7e1,"{""numpy"": ""2.0.2"", ""pandas"": ""2.2.2"", ""python-louvain"": ""0.16"", ""scikit-learn"": ""1.6.1"", ""scipy"": ""1.16.3""}","{""additive"": {""calibration_objective"": 0.024220283682757516, ""knn"": 8, ""q"": 0.95}, ""error_model"": ""conservative-v1"", ""product"": {""knn"": 8, ""resolution"": 1.2, ""sigma_geo_m"": 900.0, ""tau_temp_min"": 60.0, ""threshold_quantile"": 0.95, ""track"": ""operational_label_free""}}","{""arrival_equity_gap_min"": ""lower"", ""boat_workload_cv"": ""lower"", ""cvar90_arrival_min"": ""lower"", ""deadline_miss_rate"": ""lower"", ""duplicate_dispatches"": ""lower"", ""fake_dispatches"": ""lower"", ""latent_harm"": ""lower"", ""max_arrival_min"": ""lower"", ""mean_arrival_min"": ""lower"", ""merge_caused_misses"": ""lower"", ""split_trips"": ""lower"", ""total_fleet_workload_min"": ""lower"", ""unique_population_reached_by_deadline_rate"": ""higher"", ""unserved_genuine_incidents"": ""lower""}"
partition,product_cij,oracle,"{""policy"": ""legacy_priority""}",merge_caused_misses,lower,-1.025,0.1567795648,-1,"[-1.0583333333333333, -1.0]",1.025,2.607773089e-27,3.650882324e-26,0,120,0,120,0,-6.537841851,-1,positive means candidate is better,120,4.1.0,test:3000-3039,a7c7a3f7ea63e57f1d98bd42f21c02aa04a69eaa37c824584a2be65f00f2d7e1,"{""numpy"": ""2.0.2"", ""pandas"": ""2.2.2"", ""python-louvain"": ""0.16"", ""scikit-learn"": ""1.6.1"", ""scipy"": ""1.16.3""}","{""additive"": {""calibration_objective"": 0.024220283682757516, ""knn"": 8, ""q"": 0.95}, ""error_model"": ""conservative-v1"", ""product"": {""knn"": 8, ""resolution"": 1.2, ""sigma_geo_m"": 900.0, ""tau_temp_min"": 60.0, ""threshold_quantile"": 0.95, ""track"": ""operational_label_free""}}","{""arrival_equity_gap_min"": ""lower"", ""boat_workload_cv"": ""lower"", ""cvar90_arrival_min"": ""lower"", ""deadline_miss_rate"": ""lower"", ""duplicate_dispatches"": ""lower"", ""fake_dispatches"": ""lower"", ""latent_harm"": ""lower"", ""max_arrival_min"": ""lower"", ""mean_arrival_min"": ""lower"", ""merge_caused_misses"": ""lower"", ""split_trips"": ""lower"", ""total_fleet_workload_min"": ""lower"", ""unique_population_reached_by_deadline_rate"": ""higher"", ""unserved_genuine_incidents"": ""lower""}"
partition,product_cij,oracle,"{""policy"": ""legacy_priority""}",fake_dispatches,lower,-34.9,0.3012578672,-35,"[-34.95, -34.84166666666667]",34.9,8.674797436e-26,1.040975692e-24,0,120,0,120,0,-115.847597,-1,positive means candidate is better,120,4.1.0,test:3000-3039,a7c7a3f7ea63e57f1d98bd42f21c02aa04a69eaa37c824584a2be65f00f2d7e1,"{""numpy"": ""2.0.2"", ""pandas"": ""2.2.2"", ""python-louvain"": ""0.16"", ""scikit-learn"": ""1.6.1"", ""scipy"": ""1.16.3""}","{""additive"": {""calibration_objective"": 0.024220283682757516, ""knn"": 8, ""q"": 0.95}, ""error_model"": ""conservative-v1"", ""product"": {""knn"": 8, ""resolution"": 1.2, ""sigma_geo_m"": 900.0, ""tau_temp_min"": 60.0, ""threshold_quantile"": 0.95, ""track"": ""operational_label_free""}}","{""arrival_equity_gap_min"": ""lower"", ""boat_workload_cv"": ""lower"", ""cvar90_arrival_min"": ""lower"", ""deadline_miss_rate"": ""lower"", ""duplicate_dispatches"": ""lower"", ""fake_dispatches"": ""lower"", ""latent_harm"": ""lower"", ""max_arrival_min"": ""lower"", ""mean_arrival_min"": ""lower"", ""merge_caused_misses"": ""lower"", ""split_trips"": ""lower"", ""total_fleet_workload_min"": ""lower"", ""unique_population_reached_by_deadline_rate"": ""higher"", ""unserved_genuine_incidents"": ""lower""}"
partition,product_cij,oracle,"{""policy"": ""legacy_priority""}",duplicate_dispatches,lower,-2.3,1.254236518,-2,"[-2.525, -2.0833333333333335]",2.3,7.046961533e-22,7.751657686e-21,0,120,0,120,0,-1.833784909,-1,positive means candidate is better,120,4.1.0,test:3000-3039,a7c7a3f7ea63e57f1d98bd42f21c02aa04a69eaa37c824584a2be65f00f2d7e1,"{""numpy"": ""2.0.2"", ""pandas"": ""2.2.2"", ""python-louvain"": ""0.16"", ""scikit-learn"": ""1.6.1"", ""scipy"": ""1.16.3""}","{""additive"": {""calibration_objective"": 0.024220283682757516, ""knn"": 8, ""q"": 0.95}, ""error_model"": ""conservative-v1"", ""product"": {""knn"": 8, ""resolution"": 1.2, ""sigma_geo_m"": 900.0, ""tau_temp_min"": 60.0, ""threshold_quantile"": 0.95, ""track"": ""operational_label_free""}}","{""arrival_equity_gap_min"": ""lower"", ""boat_workload_cv"": ""lower"", ""cvar90_arrival_min"": ""lower"", ""deadline_miss_rate"": ""lower"", ""duplicate_dispatches"": ""lower"", ""fake_dispatches"": ""lower"", ""latent_harm"": ""lower"", ""max_arrival_min"": ""lower"", ""mean_arrival_min"": ""lower"", ""merge_caused_misses"": ""lower"", ""split_trips"": ""lower"", ""total_fleet_workload_min"": ""lower"", ""unique_population_reached_by_deadline_rate"": ""higher"", ""unserved_genuine_incidents"": ""lower""}"
partition,product_cij,oracle,"{""policy"": ""legacy_priority""}",unserved_genuine_incidents,lower,-1.025,0.1567795648,-1,"[-1.0583333333333333, -1.0]",1.025,2.607773089e-27,3.650882324e-26,0,120,0,120,0,-6.537841851,-1,positive means candidate is better,120,4.1.0,test:3000-3039,a7c7a3f7ea63e57f1d98bd42f21c02aa04a69eaa37c824584a2be65f00f2d7e1,"{""numpy"": ""2.0.2"", ""pandas"": ""2.2.2"", ""python-louvain"": ""0.16"", ""scikit-learn"": ""1.6.1"", ""scipy"": ""1.16.3""}","{""additive"": {""calibration_objective"": 0.024220283682757516, ""knn"": 8, ""q"": 0.95}, ""error_model"": ""conservative-v1"", ""product"": {""knn"": 8, ""resolution"": 1.2, ""sigma_geo_m"": 900.0, ""tau_temp_min"": 60.0, ""threshold_quantile"": 0.95, ""track"": ""operational_label_free""}}","{""arrival_equity_gap_min"": ""lower"", ""boat_workload_cv"": ""lower"", ""cvar90_arrival_min"": ""lower"", ""deadline_miss_rate"": ""lower"", ""duplicate_dispatches"": ""lower"", ""fake_dispatches"": ""lower"", ""latent_harm"": ""lower"", ""max_arrival_min"": ""lower"", ""mean_arrival_min"": ""lower"", ""merge_caused_misses"": ""lower"", ""split_trips"": ""lower"", ""total_fleet_workload_min"": ""lower"", ""unique_population_reached_by_deadline_rate"": ""higher"", ""unserved_genuine_incidents"": ""lower""}"
partition,product_cij,additive_cij_matched_density,"{""policy"": ""legacy_priority""}",latent_harm,lower,-19.34699567,48.9604987,-17.33904812,"[-27.817392460323674, -10.430869637330744]",19.34699567,1.351043956e-07,1.215939561e-06,1617,120,30,90,0,-0.3951552004,-0.5545454545,positive means candidate is better,120,4.1.0,test:3000-3039,a7c7a3f7ea63e57f1d98bd42f21c02aa04a69eaa37c824584a2be65f00f2d7e1,"{""numpy"": ""2.0.2"", ""pandas"": ""2.2.2"", ""python-louvain"": ""0.16"", ""scikit-learn"": ""1.6.1"", ""scipy"": ""1.16.3""}","{""additive"": {""calibration_objective"": 0.024220283682757516, ""knn"": 8, ""q"": 0.95}, ""error_model"": ""conservative-v1"", ""product"": {""knn"": 8, ""resolution"": 1.2, ""sigma_geo_m"": 900.0, ""tau_temp_min"": 60.0, ""threshold_quantile"": 0.95, ""track"": ""operational_label_free""}}","{""arrival_equity_gap_min"": ""lower"", ""boat_workload_cv"": ""lower"", ""cvar90_arrival_min"": ""lower"", ""deadline_miss_rate"": ""lower"", ""duplicate_dispatches"": ""lower"", ""fake_dispatches"": ""lower"", ""latent_harm"": ""lower"", ""max_arrival_min"": ""lower"", ""mean_arrival_min"": ""lower"", ""merge_caused_misses"": ""lower"", ""split_trips"": ""lower"", ""total_fleet_workload_min"": ""lower"", ""unique_population_reached_by_deadline_rate"": ""higher"", ""unserved_genuine_incidents"": ""lower""}"
partition,product_cij,additive_cij_matched_density,"{""policy"": ""legacy_priority""}",deadline_miss_rate,lower,-0.01354166667,0.06931506388,0,"[-0.0265625, -0.0010416666666666667]",0.01354166667,0.02327321164,0.1163660582,290.5,120,14,29,77,-0.1953639787,-0.3858350951,positive means candidate is better,120,4.1.0,test:3000-3039,a7c7a3f7ea63e57f1d98bd42f21c02aa04a69eaa37c824584a2be65f00f2d7e1,"{""numpy"": ""2.0.2"", ""pandas"": ""2.2.2"", ""python-louvain"": ""0.16"", ""scikit-learn"": ""1.6.1"", ""scipy"": ""1.16.3""}","{""additive"": {""calibration_objective"": 0.024220283682757516, ""knn"": 8, ""q"": 0.95}, ""error_model"": ""conservative-v1"", ""product"": {""knn"": 8, ""resolution"": 1.2, ""sigma_geo_m"": 900.0, ""tau_temp_min"": 60.0, ""threshold_quantile"": 0.95, ""track"": ""operational_label_free""}}","{""arrival_equity_gap_min"": ""lower"", ""boat_workload_cv"": ""lower"", ""cvar90_arrival_min"": ""lower"", ""deadline_miss_rate"": ""lower"", ""duplicate_dispatches"": ""lower"", ""fake_dispatches"": ""lower"", ""latent_harm"": ""lower"", ""max_arrival_min"": ""lower"", ""mean_arrival_min"": ""lower"", ""merge_caused_misses"": ""lower"", ""split_trips"": ""lower"", ""total_fleet_workload_min"": ""lower"", ""unique_population_reached_by_deadline_rate"": ""higher"", ""unserved_genuine_incidents"": ""lower""}"
partition,product_cij,additive_cij_matched_density,"{""policy"": ""legacy_priority""}",mean_arrival_min,lower,-20.7462781,51.09602698,-20.10435549,"[-29.677742241282818, -11.427205634748537]",20.7462781,9.167693135e-08,9.167693135e-07,1590,120,29,91,0,-0.406025269,-0.5619834711,positive means candidate is better,120,4.1.0,test:3000-3039,a7c7a3f7ea63e57f1d98bd42f21c02aa04a69eaa37c824584a2be65f00f2d7e1,"{""numpy"": ""2.0.2"", ""pandas"": ""2.2.2"", ""python-louvain"": ""0.16"", ""scikit-learn"": ""1.6.1"", ""scipy"": ""1.16.3""}","{""additive"": {""calibration_objective"": 0.024220283682757516, ""knn"": 8, ""q"": 0.95}, ""error_model"": ""conservative-v1"", ""product"": {""knn"": 8, ""resolution"": 1.2, ""sigma_geo_m"": 900.0, ""tau_temp_min"": 60.0, ""threshold_quantile"": 0.95, ""track"": ""operational_label_free""}}","{""arrival_equity_gap_min"": ""lower"", ""boat_workload_cv"": ""lower"", ""cvar90_arrival_min"": ""lower"", ""deadline_miss_rate"": ""lower"", ""duplicate_dispatches"": ""lower"", ""fake_dispatches"": ""lower"", ""latent_harm"": ""lower"", ""max_arrival_min"": ""lower"", ""mean_arrival_min"": ""lower"", ""merge_caused_misses"": ""lower"", ""split_trips"": ""lower"", ""total_fleet_workload_min"": ""lower"", ""unique_population_reached_by_deadline_rate"": ""higher"", ""unserved_genuine_incidents"": ""lower""}"
partition,product_cij,additive_cij_matched_density,"{""policy"": ""legacy_priority""}",max_arrival_min,lower,-39.70527478,205.7559007,-40.79122419,"[-76.00068044011925, -1.3623161383629863]",39.70527478,0.0001479493548,0.001035645483,1896,120,35,78,7,-0.1929727149,-0.4112715417,positive means candidate is better,120,4.1.0,test:3000-3039,a7c7a3f7ea63e57f1d98bd42f21c02aa04a69eaa37c824584a2be65f00f2d7e1,"{""numpy"": ""2.0.2"", ""pandas"": ""2.2.2"", ""python-louvain"": ""0.16"", ""scikit-learn"": ""1.6.1"", ""scipy"": ""1.16.3""}","{""additive"": {""calibration_objective"": 0.024220283682757516, ""knn"": 8, ""q"": 0.95}, ""error_model"": ""conservative-v1"", ""product"": {""knn"": 8, ""resolution"": 1.2, ""sigma_geo_m"": 900.0, ""tau_temp_min"": 60.0, ""threshold_quantile"": 0.95, ""track"": ""operational_label_free""}}","{""arrival_equity_gap_min"": ""lower"", ""boat_workload_cv"": ""lower"", ""cvar90_arrival_min"": ""lower"", ""deadline_miss_rate"": ""lower"", ""duplicate_dispatches"": ""lower"", ""fake_dispatches"": ""lower"", ""latent_harm"": ""lower"", ""max_arrival_min"": ""lower"", ""mean_arrival_min"": ""lower"", ""merge_caused_misses"": ""lower"", ""split_trips"": ""lower"", ""total_fleet_workload_min"": ""lower"", ""unique_population_reached_by_deadline_rate"": ""higher"", ""unserved_genuine_incidents"": ""lower""}"
partition,product_cij,additive_cij_matched_density,"{""policy"": ""legacy_priority""}",cvar90_arrival_min,lower,-53.75319995,149.2103863,-38.77315144,"[-79.98727657066858, -26.22545704680809]",53.75319995,1.318775764e-06,1.055020612e-05,1746,120,37,82,1,-0.3602510608,-0.5109243697,positive means candidate is better,120,4.1.0,test:3000-3039,a7c7a3f7ea63e57f1d98bd42f21c02aa04a69eaa37c824584a2be65f00f2d7e1,"{""numpy"": ""2.0.2"", ""pandas"": ""2.2.2"", ""python-louvain"": ""0.16"", ""scikit-learn"": ""1.6.1"", ""scipy"": ""1.16.3""}","{""additive"": {""calibration_objective"": 0.024220283682757516, ""knn"": 8, ""q"": 0.95}, ""error_model"": ""conservative-v1"", ""product"": {""knn"": 8, ""resolution"": 1.2, ""sigma_geo_m"": 900.0, ""tau_temp_min"": 60.0, ""threshold_quantile"": 0.95, ""track"": ""operational_label_free""}}","{""arrival_equity_gap_min"": ""lower"", ""boat_workload_cv"": ""lower"", ""cvar90_arrival_min"": ""lower"", ""deadline_miss_rate"": ""lower"", ""duplicate_dispatches"": ""lower"", ""fake_dispatches"": ""lower"", ""latent_harm"": ""lower"", ""max_arrival_min"": ""lower"", ""mean_arrival_min"": ""lower"", ""merge_caused_misses"": ""lower"", ""split_trips"": ""lower"", ""total_fleet_workload_min"": ""lower"", ""unique_population_reached_by_deadline_rate"": ""higher"", ""unserved_genuine_incidents"": ""lower""}"
partition,product_cij,additive_cij_matched_density,"{""policy"": ""legacy_priority""}",unique_population_reached_by_deadline_rate,higher,-0.01391525306,0.07185949812,0,"[-0.027034818888237312, -0.0009086914363569887]",-0.01391525306,0.03884607703,0.1553843081,423.5,120,17,33,70,-0.1936452859,-0.3356862745,positive means candidate is better,120,4.1.0,test:3000-3039,a7c7a3f7ea63e57f1d98bd42f21c02aa04a69eaa37c824584a2be65f00f2d7e1,"{""numpy"": ""2.0.2"", ""pandas"": ""2.2.2"", ""python-louvain"": ""0.16"", ""scikit-learn"": ""1.6.1"", ""scipy"": ""1.16.3""}","{""additive"": {""calibration_objective"": 0.024220283682757516, ""knn"": 8, ""q"": 0.95}, ""error_model"": ""conservative-v1"", ""product"": {""knn"": 8, ""resolution"": 1.2, ""sigma_geo_m"": 900.0, ""tau_temp_min"": 60.0, ""threshold_quantile"": 0.95, ""track"": ""operational_label_free""}}","{""arrival_equity_gap_min"": ""lower"", ""boat_workload_cv"": ""lower"", ""cvar90_arrival_min"": ""lower"", ""deadline_miss_rate"": ""lower"", ""duplicate_dispatches"": ""lower"", ""fake_dispatches"": ""lower"", ""latent_harm"": ""lower"", ""max_arrival_min"": ""lower"", ""mean_arrival_min"": ""lower"", ""merge_caused_misses"": ""lower"", ""split_trips"": ""lower"", ""total_fleet_workload_min"": ""lower"", ""unique_population_reached_by_deadline_rate"": ""higher"", ""unserved_genuine_incidents"": ""lower""}"
partition,product_cij,additive_cij_matched_density,"{""policy"": ""legacy_priority""}",total_fleet_workload_min,lower,-1964.232936,854.4638662,-1980.240289,"[-2114.998198493312, -1815.328070714562]",1964.232936,2.073715906e-21,2.695830678e-20,2,120,1,119,0,-2.298789936,-0.9994490358,positive means candidate is better,120,4.1.0,test:3000-3039,a7c7a3f7ea63e57f1d98bd42f21c02aa04a69eaa37c824584a2be65f00f2d7e1,"{""numpy"": ""2.0.2"", ""pandas"": ""2.2.2"", ""python-louvain"": ""0.16"", ""scikit-learn"": ""1.6.1"", ""scipy"": ""1.16.3""}","{""additive"": {""calibration_objective"": 0.024220283682757516, ""knn"": 8, ""q"": 0.95}, ""error_model"": ""conservative-v1"", ""product"": {""knn"": 8, ""resolution"": 1.2, ""sigma_geo_m"": 900.0, ""tau_temp_min"": 60.0, ""threshold_quantile"": 0.95, ""track"": ""operational_label_free""}}","{""arrival_equity_gap_min"": ""lower"", ""boat_workload_cv"": ""lower"", ""cvar90_arrival_min"": ""lower"", ""deadline_miss_rate"": ""lower"", ""duplicate_dispatches"": ""lower"", ""fake_dispatches"": ""lower"", ""latent_harm"": ""lower"", ""max_arrival_min"": ""lower"", ""mean_arrival_min"": ""lower"", ""merge_caused_misses"": ""lower"", ""split_trips"": ""lower"", ""total_fleet_workload_min"": ""lower"", ""unique_population_reached_by_deadline_rate"": ""higher"", ""unserved_genuine_incidents"": ""lower""}"
partition,product_cij,additive_cij_matched_density,"{""policy"": ""legacy_priority""}",boat_workload_cv,lower,0.006319567797,0.01747672038,0.004319093089,"[0.0032002744549353185, 0.009484915316129184]",-0.006319567797,0.000743260353,0.004459562118,2342,120,76,44,0,0.3615991821,0.3548209366,positive means candidate is better,120,4.1.0,test:3000-3039,a7c7a3f7ea63e57f1d98bd42f21c02aa04a69eaa37c824584a2be65f00f2d7e1,"{""numpy"": ""2.0.2"", ""pandas"": ""2.2.2"", ""python-louvain"": ""0.16"", ""scikit-learn"": ""1.6.1"", ""scipy"": ""1.16.3""}","{""additive"": {""calibration_objective"": 0.024220283682757516, ""knn"": 8, ""q"": 0.95}, ""error_model"": ""conservative-v1"", ""product"": {""knn"": 8, ""resolution"": 1.2, ""sigma_geo_m"": 900.0, ""tau_temp_min"": 60.0, ""threshold_quantile"": 0.95, ""track"": ""operational_label_free""}}","{""arrival_equity_gap_min"": ""lower"", ""boat_workload_cv"": ""lower"", ""cvar90_arrival_min"": ""lower"", ""deadline_miss_rate"": ""lower"", ""duplicate_dispatches"": ""lower"", ""fake_dispatches"": ""lower"", ""latent_harm"": ""lower"", ""max_arrival_min"": ""lower"", ""mean_arrival_min"": ""lower"", ""merge_caused_misses"": ""lower"", ""split_trips"": ""lower"", ""total_fleet_workload_min"": ""lower"", ""unique_population_reached_by_deadline_rate"": ""higher"", ""unserved_genuine_incidents"": ""lower""}"
partition,product_cij,additive_cij_matched_density,"{""policy"": ""legacy_priority""}",arrival_equity_gap_min,lower,-9.48984728,91.38367662,-9.330168829,"[-26.242619836478706, 7.011720287361685]",9.48984728,0.08343883893,0.24979355,2969,120,48,72,0,-0.1038461969,-0.1820936639,positive means candidate is better,120,4.1.0,test:3000-3039,a7c7a3f7ea63e57f1d98bd42f21c02aa04a69eaa37c824584a2be65f00f2d7e1,"{""numpy"": ""2.0.2"", ""pandas"": ""2.2.2"", ""python-louvain"": ""0.16"", ""scikit-learn"": ""1.6.1"", ""scipy"": ""1.16.3""}","{""additive"": {""calibration_objective"": 0.024220283682757516, ""knn"": 8, ""q"": 0.95}, ""error_model"": ""conservative-v1"", ""product"": {""knn"": 8, ""resolution"": 1.2, ""sigma_geo_m"": 900.0, ""tau_temp_min"": 60.0, ""threshold_quantile"": 0.95, ""track"": ""operational_label_free""}}","{""arrival_equity_gap_min"": ""lower"", ""boat_workload_cv"": ""lower"", ""cvar90_arrival_min"": ""lower"", ""deadline_miss_rate"": ""lower"", ""duplicate_dispatches"": ""lower"", ""fake_dispatches"": ""lower"", ""latent_harm"": ""lower"", ""max_arrival_min"": ""lower"", ""mean_arrival_min"": ""lower"", ""merge_caused_misses"": ""lower"", ""split_trips"": ""lower"", ""total_fleet_workload_min"": ""lower"", ""unique_population_reached_by_deadline_rate"": ""higher"", ""unserved_genuine_incidents"": ""lower""}"
partition,product_cij,additive_cij_matched_density,"{""policy"": ""legacy_priority""}",split_trips,lower,-1.125,1.149077087,-1,"[-1.325, -0.925]",1.125,7.359330609e-15,8.83119673e-14,322.5,120,6,93,21,-0.979046587,-0.8696969697,positive means candidate is better,120,4.1.0,test:3000-3039,a7c7a3f7ea63e57f1d98bd42f21c02aa04a69eaa37c824584a2be65f00f2d7e1,"{""numpy"": ""2.0.2"", ""pandas"": ""2.2.2"", ""python-louvain"": ""0.16"", ""scikit-learn"": ""1.6.1"", ""scipy"": ""1.16.3""}","{""additive"": {""calibration_objective"": 0.024220283682757516, ""knn"": 8, ""q"": 0.95}, ""error_model"": ""conservative-v1"", ""product"": {""knn"": 8, ""resolution"": 1.2, ""sigma_geo_m"": 900.0, ""tau_temp_min"": 60.0, ""threshold_quantile"": 0.95, ""track"": ""operational_label_free""}}","{""arrival_equity_gap_min"": ""lower"", ""boat_workload_cv"": ""lower"", ""cvar90_arrival_min"": ""lower"", ""deadline_miss_rate"": ""lower"", ""duplicate_dispatches"": ""lower"", ""fake_dispatches"": ""lower"", ""latent_harm"": ""lower"", ""max_arrival_min"": ""lower"", ""mean_arrival_min"": ""lower"", ""merge_caused_misses"": ""lower"", ""split_trips"": ""lower"", ""total_fleet_workload_min"": ""lower"", ""unique_population_reached_by_deadline_rate"": ""higher"", ""unserved_genuine_incidents"": ""lower""}"
partition,product_cij,additive_cij_matched_density,"{""policy"": ""legacy_priority""}",merge_caused_misses,lower,-0.025,0.1567795648,0,"[-0.058333333333333334, 0.0]",0.025,0.08326451666,0.24979355,0,120,0,3,117,-0.1594595573,-1,positive means candidate is better,120,4.1.0,test:3000-3039,a7c7a3f7ea63e57f1d98bd42f21c02aa04a69eaa37c824584a2be65f00f2d7e1,"{""numpy"": ""2.0.2"", ""pandas"": ""2.2.2"", ""python-louvain"": ""0.16"", ""scikit-learn"": ""1.6.1"", ""scipy"": ""1.16.3""}","{""additive"": {""calibration_objective"": 0.024220283682757516, ""knn"": 8, ""q"": 0.95}, ""error_model"": ""conservative-v1"", ""product"": {""knn"": 8, ""resolution"": 1.2, ""sigma_geo_m"": 900.0, ""tau_temp_min"": 60.0, ""threshold_quantile"": 0.95, ""track"": ""operational_label_free""}}","{""arrival_equity_gap_min"": ""lower"", ""boat_workload_cv"": ""lower"", ""cvar90_arrival_min"": ""lower"", ""deadline_miss_rate"": ""lower"", ""duplicate_dispatches"": ""lower"", ""fake_dispatches"": ""lower"", ""latent_harm"": ""lower"", ""max_arrival_min"": ""lower"", ""mean_arrival_min"": ""lower"", ""merge_caused_misses"": ""lower"", ""split_trips"": ""lower"", ""total_fleet_workload_min"": ""lower"", ""unique_population_reached_by_deadline_rate"": ""higher"", ""unserved_genuine_incidents"": ""lower""}"
partition,product_cij,additive_cij_matched_density,"{""policy"": ""legacy_priority""}",fake_dispatches,lower,-8.275,2.759133039,-8,"[-8.758541666666666, -7.783333333333333]",8.275,1.589574343e-21,2.22540408e-20,0,120,0,120,0,-2.999130482,-1,positive means candidate is better,120,4.1.0,test:3000-3039,a7c7a3f7ea63e57f1d98bd42f21c02aa04a69eaa37c824584a2be65f00f2d7e1,"{""numpy"": ""2.0.2"", ""pandas"": ""2.2.2"", ""python-louvain"": ""0.16"", ""scikit-learn"": ""1.6.1"", ""scipy"": ""1.16.3""}","{""additive"": {""calibration_objective"": 0.024220283682757516, ""knn"": 8, ""q"": 0.95}, ""error_model"": ""conservative-v1"", ""product"": {""knn"": 8, ""resolution"": 1.2, ""sigma_geo_m"": 900.0, ""tau_temp_min"": 60.0, ""threshold_quantile"": 0.95, ""track"": ""operational_label_free""}}","{""arrival_equity_gap_min"": ""lower"", ""boat_workload_cv"": ""lower"", ""cvar90_arrival_min"": ""lower"", ""deadline_miss_rate"": ""lower"", ""duplicate_dispatches"": ""lower"", ""fake_dispatches"": ""lower"", ""latent_harm"": ""lower"", ""max_arrival_min"": ""lower"", ""mean_arrival_min"": ""lower"", ""merge_caused_misses"": ""lower"", ""split_trips"": ""lower"", ""total_fleet_workload_min"": ""lower"", ""unique_population_reached_by_deadline_rate"": ""higher"", ""unserved_genuine_incidents"": ""lower""}"
partition,product_cij,additive_cij_matched_density,"{""policy"": ""legacy_priority""}",duplicate_dispatches,lower,-1.125,1.149077087,-1,"[-1.325, -0.925]",1.125,7.359330609e-15,8.83119673e-14,322.5,120,6,93,21,-0.979046587,-0.8696969697,positive means candidate is better,120,4.1.0,test:3000-3039,a7c7a3f7ea63e57f1d98bd42f21c02aa04a69eaa37c824584a2be65f00f2d7e1,"{""numpy"": ""2.0.2"", ""pandas"": ""2.2.2"", ""python-louvain"": ""0.16"", ""scikit-learn"": ""1.6.1"", ""scipy"": ""1.16.3""}","{""additive"": {""calibration_objective"": 0.024220283682757516, ""knn"": 8, ""q"": 0.95}, ""error_model"": ""conservative-v1"", ""product"": {""knn"": 8, ""resolution"": 1.2, ""sigma_geo_m"": 900.0, ""tau_temp_min"": 60.0, ""threshold_quantile"": 0.95, ""track"": ""operational_label_free""}}","{""arrival_equity_gap_min"": ""lower"", ""boat_workload_cv"": ""lower"", ""cvar90_arrival_min"": ""lower"", ""deadline_miss_rate"": ""lower"", ""duplicate_dispatches"": ""lower"", ""fake_dispatches"": ""lower"", ""latent_harm"": ""lower"", ""max_arrival_min"": ""lower"", ""mean_arrival_min"": ""lower"", ""merge_caused_misses"": ""lower"", ""split_trips"": ""lower"", ""total_fleet_workload_min"": ""lower"", ""unique_population_reached_by_deadline_rate"": ""higher"", ""unserved_genuine_incidents"": ""lower""}"
partition,product_cij,additive_cij_matched_density,"{""policy"": ""legacy_priority""}",unserved_genuine_incidents,lower,-0.025,0.1567795648,0,"[-0.058333333333333334, 0.0]",0.025,0.08326451666,0.24979355,0,120,0,3,117,-0.1594595573,-1,positive means candidate is better,120,4.1.0,test:3000-3039,a7c7a3f7ea63e57f1d98bd42f21c02aa04a69eaa37c824584a2be65f00f2d7e1,"{""numpy"": ""2.0.2"", ""pandas"": ""2.2.2"", ""python-louvain"": ""0.16"", ""scikit-learn"": ""1.6.1"", ""scipy"": ""1.16.3""}","{""additive"": {""calibration_objective"": 0.024220283682757516, ""knn"": 8, ""q"": 0.95}, ""error_model"": ""conservative-v1"", ""product"": {""knn"": 8, ""resolution"": 1.2, ""sigma_geo_m"": 900.0, ""tau_temp_min"": 60.0, ""threshold_quantile"": 0.95, ""track"": ""operational_label_free""}}","{""arrival_equity_gap_min"": ""lower"", ""boat_workload_cv"": ""lower"", ""cvar90_arrival_min"": ""lower"", ""deadline_miss_rate"": ""lower"", ""duplicate_dispatches"": ""lower"", ""fake_dispatches"": ""lower"", ""latent_harm"": ""lower"", ""max_arrival_min"": ""lower"", ""mean_arrival_min"": ""lower"", ""merge_caused_misses"": ""lower"", ""split_trips"": ""lower"", ""total_fleet_workload_min"": ""lower"", ""unique_population_reached_by_deadline_rate"": ""higher"", ""unserved_genuine_incidents"": ""lower""}"
partition,product_cij,oracle,"{""policy"": ""first_report_fifo""}",latent_harm,lower,-814.1932413,461.3309394,-738.0512214,"[-895.892487331301, -734.0067209070431]",814.1932413,1.971951712e-21,1.774756541e-20,0,120,0,120,0,-1.764878901,-1,positive means candidate is better,120,4.1.0,test:3000-3039,a7c7a3f7ea63e57f1d98bd42f21c02aa04a69eaa37c824584a2be65f00f2d7e1,"{""numpy"": ""2.0.2"", ""pandas"": ""2.2.2"", ""python-louvain"": ""0.16"", ""scikit-learn"": ""1.6.1"", ""scipy"": ""1.16.3""}","{""additive"": {""calibration_objective"": 0.024220283682757516, ""knn"": 8, ""q"": 0.95}, ""error_model"": ""conservative-v1"", ""product"": {""knn"": 8, ""resolution"": 1.2, ""sigma_geo_m"": 900.0, ""tau_temp_min"": 60.0, ""threshold_quantile"": 0.95, ""track"": ""operational_label_free""}}","{""arrival_equity_gap_min"": ""lower"", ""boat_workload_cv"": ""lower"", ""cvar90_arrival_min"": ""lower"", ""deadline_miss_rate"": ""lower"", ""duplicate_dispatches"": ""lower"", ""fake_dispatches"": ""lower"", ""latent_harm"": ""lower"", ""max_arrival_min"": ""lower"", ""mean_arrival_min"": ""lower"", ""merge_caused_misses"": ""lower"", ""split_trips"": ""lower"", ""total_fleet_workload_min"": ""lower"", ""unique_population_reached_by_deadline_rate"": ""higher"", ""unserved_genuine_incidents"": ""lower""}"
partition,product_cij,oracle,"{""policy"": ""first_report_fifo""}",deadline_miss_rate,lower,-0.1307291667,0.1720710462,-0.0625,"[-0.16197916666666667, -0.10104166666666667]",0.1307291667,1.876328085e-13,3.752656169e-13,149,120,6,78,36,-0.7597394771,-0.9165266106,positive means candidate is better,120,4.1.0,test:3000-3039,a7c7a3f7ea63e57f1d98bd42f21c02aa04a69eaa37c824584a2be65f00f2d7e1,"{""numpy"": ""2.0.2"", ""pandas"": ""2.2.2"", ""python-louvain"": ""0.16"", ""scikit-learn"": ""1.6.1"", ""scipy"": ""1.16.3""}","{""additive"": {""calibration_objective"": 0.024220283682757516, ""knn"": 8, ""q"": 0.95}, ""error_model"": ""conservative-v1"", ""product"": {""knn"": 8, ""resolution"": 1.2, ""sigma_geo_m"": 900.0, ""tau_temp_min"": 60.0, ""threshold_quantile"": 0.95, ""track"": ""operational_label_free""}}","{""arrival_equity_gap_min"": ""lower"", ""boat_workload_cv"": ""lower"", ""cvar90_arrival_min"": ""lower"", ""deadline_miss_rate"": ""lower"", ""duplicate_dispatches"": ""lower"", ""fake_dispatches"": ""lower"", ""latent_harm"": ""lower"", ""max_arrival_min"": ""lower"", ""mean_arrival_min"": ""lower"", ""merge_caused_misses"": ""lower"", ""split_trips"": ""lower"", ""total_fleet_workload_min"": ""lower"", ""unique_population_reached_by_deadline_rate"": ""higher"", ""unserved_genuine_incidents"": ""lower""}"
partition,product_cij,oracle,"{""policy"": ""first_report_fifo""}",mean_arrival_min,lower,-838.7273706,446.9017595,-756.0715566,"[-917.309530794725, -760.8080400874686]",838.7273706,1.971951712e-21,1.774756541e-20,0,120,0,120,0,-1.876760055,-1,positive means candidate is better,120,4.1.0,test:3000-3039,a7c7a3f7ea63e57f1d98bd42f21c02aa04a69eaa37c824584a2be65f00f2d7e1,"{""numpy"": ""2.0.2"", ""pandas"": ""2.2.2"", ""python-louvain"": ""0.16"", ""scikit-learn"": ""1.6.1"", ""scipy"": ""1.16.3""}","{""additive"": {""calibration_objective"": 0.024220283682757516, ""knn"": 8, ""q"": 0.95}, ""error_model"": ""conservative-v1"", ""product"": {""knn"": 8, ""resolution"": 1.2, ""sigma_geo_m"": 900.0, ""tau_temp_min"": 60.0, ""threshold_quantile"": 0.95, ""track"": ""operational_label_free""}}","{""arrival_equity_gap_min"": ""lower"", ""boat_workload_cv"": ""lower"", ""cvar90_arrival_min"": ""lower"", ""deadline_miss_rate"": ""lower"", ""duplicate_dispatches"": ""lower"", ""fake_dispatches"": ""lower"", ""latent_harm"": ""lower"", ""max_arrival_min"": ""lower"", ""mean_arrival_min"": ""lower"", ""merge_caused_misses"": ""lower"", ""split_trips"": ""lower"", ""total_fleet_workload_min"": ""lower"", ""unique_population_reached_by_deadline_rate"": ""higher"", ""unserved_genuine_incidents"": ""lower""}"
partition,product_cij,oracle,"{""policy"": ""first_report_fifo""}",max_arrival_min,lower,-1846.792459,1024.649073,-1709.86869,"[-2027.8635687098163, -1665.3281513720892]",1846.792459,1.971951712e-21,1.774756541e-20,0,120,0,120,0,-1.802365812,-1,positive means candidate is better,120,4.1.0,test:3000-3039,a7c7a3f7ea63e57f1d98bd42f21c02aa04a69eaa37c824584a2be65f00f2d7e1,"{""numpy"": ""2.0.2"", ""pandas"": ""2.2.2"", ""python-louvain"": ""0.16"", ""scikit-learn"": ""1.6.1"", ""scipy"": ""1.16.3""}","{""additive"": {""calibration_objective"": 0.024220283682757516, ""knn"": 8, ""q"": 0.95}, ""error_model"": ""conservative-v1"", ""product"": {""knn"": 8, ""resolution"": 1.2, ""sigma_geo_m"": 900.0, ""tau_temp_min"": 60.0, ""threshold_quantile"": 0.95, ""track"": ""operational_label_free""}}","{""arrival_equity_gap_min"": ""lower"", ""boat_workload_cv"": ""lower"", ""cvar90_arrival_min"": ""lower"", ""deadline_miss_rate"": ""lower"", ""duplicate_dispatches"": ""lower"", ""fake_dispatches"": ""lower"", ""latent_harm"": ""lower"", ""max_arrival_min"": ""lower"", ""mean_arrival_min"": ""lower"", ""merge_caused_misses"": ""lower"", ""split_trips"": ""lower"", ""total_fleet_workload_min"": ""lower"", ""unique_population_reached_by_deadline_rate"": ""higher"", ""unserved_genuine_incidents"": ""lower""}"
partition,product_cij,oracle,"{""policy"": ""first_report_fifo""}",cvar90_arrival_min,lower,-1770.242295,981.1214102,-1650.063816,"[-1943.8455140938868, -1596.7562798070771]",1770.242295,1.971951712e-21,1.774756541e-20,0,120,0,120,0,-1.80430503,-1,positive means candidate is better,120,4.1.0,test:3000-3039,a7c7a3f7ea63e57f1d98bd42f21c02aa04a69eaa37c824584a2be65f00f2d7e1,"{""numpy"": ""2.0.2"", ""pandas"": ""2.2.2"", ""python-louvain"": ""0.16"", ""scikit-learn"": ""1.6.1"", ""scipy"": ""1.16.3""}","{""additive"": {""calibration_objective"": 0.024220283682757516, ""knn"": 8, ""q"": 0.95}, ""error_model"": ""conservative-v1"", ""product"": {""knn"": 8, ""resolution"": 1.2, ""sigma_geo_m"": 900.0, ""tau_temp_min"": 60.0, ""threshold_quantile"": 0.95, ""track"": ""operational_label_free""}}","{""arrival_equity_gap_min"": ""lower"", ""boat_workload_cv"": ""lower"", ""cvar90_arrival_min"": ""lower"", ""deadline_miss_rate"": ""lower"", ""duplicate_dispatches"": ""lower"", ""fake_dispatches"": ""lower"", ""latent_harm"": ""lower"", ""max_arrival_min"": ""lower"", ""mean_arrival_min"": ""lower"", ""merge_caused_misses"": ""lower"", ""split_trips"": ""lower"", ""total_fleet_workload_min"": ""lower"", ""unique_population_reached_by_deadline_rate"": ""higher"", ""unserved_genuine_incidents"": ""lower""}"
partition,product_cij,oracle,"{""policy"": ""first_report_fifo""}",unique_population_reached_by_deadline_rate,higher,-0.1277558285,0.1761989472,-0.06128773038,"[-0.15919314857778735, -0.09745498973472282]",-0.1277558285,2.212397517e-13,3.752656169e-13,167,120,8,78,34,-0.7250657881,-0.9107190591,positive means candidate is better,120,4.1.0,test:3000-3039,a7c7a3f7ea63e57f1d98bd42f21c02aa04a69eaa37c824584a2be65f00f2d7e1,"{""numpy"": ""2.0.2"", ""pandas"": ""2.2.2"", ""python-louvain"": ""0.16"", ""scikit-learn"": ""1.6.1"", ""scipy"": ""1.16.3""}","{""additive"": {""calibration_objective"": 0.024220283682757516, ""knn"": 8, ""q"": 0.95}, ""error_model"": ""conservative-v1"", ""product"": {""knn"": 8, ""resolution"": 1.2, ""sigma_geo_m"": 900.0, ""tau_temp_min"": 60.0, ""threshold_quantile"": 0.95, ""track"": ""operational_label_free""}}","{""arrival_equity_gap_min"": ""lower"", ""boat_workload_cv"": ""lower"", ""cvar90_arrival_min"": ""lower"", ""deadline_miss_rate"": ""lower"", ""duplicate_dispatches"": ""lower"", ""fake_dispatches"": ""lower"", ""latent_harm"": ""lower"", ""max_arrival_min"": ""lower"", ""mean_arrival_min"": ""lower"", ""merge_caused_misses"": ""lower"", ""split_trips"": ""lower"", ""total_fleet_workload_min"": ""lower"", ""unique_population_reached_by_deadline_rate"": ""higher"", ""unserved_genuine_incidents"": ""lower""}"
partition,product_cij,oracle,"{""policy"": ""first_report_fifo""}",total_fleet_workload_min,lower,-6809.761495,1264.323969,-6631.123093,"[-7037.829624173448, -6593.86904246939]",6809.761495,1.971951712e-21,1.774756541e-20,0,120,0,120,0,-5.386089059,-1,positive means candidate is better,120,4.1.0,test:3000-3039,a7c7a3f7ea63e57f1d98bd42f21c02aa04a69eaa37c824584a2be65f00f2d7e1,"{""numpy"": ""2.0.2"", ""pandas"": ""2.2.2"", ""python-louvain"": ""0.16"", ""scikit-learn"": ""1.6.1"", ""scipy"": ""1.16.3""}","{""additive"": {""calibration_objective"": 0.024220283682757516, ""knn"": 8, ""q"": 0.95}, ""error_model"": ""conservative-v1"", ""product"": {""knn"": 8, ""resolution"": 1.2, ""sigma_geo_m"": 900.0, ""tau_temp_min"": 60.0, ""threshold_quantile"": 0.95, ""track"": ""operational_label_free""}}","{""arrival_equity_gap_min"": ""lower"", ""boat_workload_cv"": ""lower"", ""cvar90_arrival_min"": ""lower"", ""deadline_miss_rate"": ""lower"", ""duplicate_dispatches"": ""lower"", ""fake_dispatches"": ""lower"", ""latent_harm"": ""lower"", ""max_arrival_min"": ""lower"", ""mean_arrival_min"": ""lower"", ""merge_caused_misses"": ""lower"", ""split_trips"": ""lower"", ""total_fleet_workload_min"": ""lower"", ""unique_population_reached_by_deadline_rate"": ""higher"", ""unserved_genuine_incidents"": ""lower""}"
partition,product_cij,oracle,"{""policy"": ""first_report_fifo""}",boat_workload_cv,lower,0.06181829001,0.05107762183,0.05097417767,"[0.052685780641059166, 0.07102544975961878]",-0.06181829001,3.755202162e-20,1.126560649e-19,119,120,111,9,0,1.21028129,0.9672176309,positive means candidate is better,120,4.1.0,test:3000-3039,a7c7a3f7ea63e57f1d98bd42f21c02aa04a69eaa37c824584a2be65f00f2d7e1,"{""numpy"": ""2.0.2"", ""pandas"": ""2.2.2"", ""python-louvain"": ""0.16"", ""scikit-learn"": ""1.6.1"", ""scipy"": ""1.16.3""}","{""additive"": {""calibration_objective"": 0.024220283682757516, ""knn"": 8, ""q"": 0.95}, ""error_model"": ""conservative-v1"", ""product"": {""knn"": 8, ""resolution"": 1.2, ""sigma_geo_m"": 900.0, ""tau_temp_min"": 60.0, ""threshold_quantile"": 0.95, ""track"": ""operational_label_free""}}","{""arrival_equity_gap_min"": ""lower"", ""boat_workload_cv"": ""lower"", ""cvar90_arrival_min"": ""lower"", ""deadline_miss_rate"": ""lower"", ""duplicate_dispatches"": ""lower"", ""fake_dispatches"": ""lower"", ""latent_harm"": ""lower"", ""max_arrival_min"": ""lower"", ""mean_arrival_min"": ""lower"", ""merge_caused_misses"": ""lower"", ""split_trips"": ""lower"", ""total_fleet_workload_min"": ""lower"", ""unique_population_reached_by_deadline_rate"": ""higher"", ""unserved_genuine_incidents"": ""lower""}"
partition,product_cij,oracle,"{""policy"": ""first_report_fifo""}",arrival_equity_gap_min,lower,-790.4155422,516.1603878,-661.2156454,"[-881.6145411473046, -700.4589967516911]",790.4155422,1.971951712e-21,1.774756541e-20,0,120,0,120,0,-1.531337082,-1,positive means candidate is better,120,4.1.0,test:3000-3039,a7c7a3f7ea63e57f1d98bd42f21c02aa04a69eaa37c824584a2be65f00f2d7e1,"{""numpy"": ""2.0.2"", ""pandas"": ""2.2.2"", ""python-louvain"": ""0.16"", ""scikit-learn"": ""1.6.1"", ""scipy"": ""1.16.3""}","{""additive"": {""calibration_objective"": 0.024220283682757516, ""knn"": 8, ""q"": 0.95}, ""error_model"": ""conservative-v1"", ""product"": {""knn"": 8, ""resolution"": 1.2, ""sigma_geo_m"": 900.0, ""tau_temp_min"": 60.0, ""threshold_quantile"": 0.95, ""track"": ""operational_label_free""}}","{""arrival_equity_gap_min"": ""lower"", ""boat_workload_cv"": ""lower"", ""cvar90_arrival_min"": ""lower"", ""deadline_miss_rate"": ""lower"", ""duplicate_dispatches"": ""lower"", ""fake_dispatches"": ""lower"", ""latent_harm"": ""lower"", ""max_arrival_min"": ""lower"", ""mean_arrival_min"": ""lower"", ""merge_caused_misses"": ""lower"", ""split_trips"": ""lower"", ""total_fleet_workload_min"": ""lower"", ""unique_population_reached_by_deadline_rate"": ""higher"", ""unserved_genuine_incidents"": ""lower""}"
partition,product_cij,oracle,"{""policy"": ""first_report_fifo""}",split_trips,lower,-2.3,1.254236518,-2,"[-2.525, -2.0833333333333335]",2.3,7.046961533e-22,7.751657686e-21,0,120,0,120,0,-1.833784909,-1,positive means candidate is better,120,4.1.0,test:3000-3039,a7c7a3f7ea63e57f1d98bd42f21c02aa04a69eaa37c824584a2be65f00f2d7e1,"{""numpy"": ""2.0.2"", ""pandas"": ""2.2.2"", ""python-louvain"": ""0.16"", ""scikit-learn"": ""1.6.1"", ""scipy"": ""1.16.3""}","{""additive"": {""calibration_objective"": 0.024220283682757516, ""knn"": 8, ""q"": 0.95}, ""error_model"": ""conservative-v1"", ""product"": {""knn"": 8, ""resolution"": 1.2, ""sigma_geo_m"": 900.0, ""tau_temp_min"": 60.0, ""threshold_quantile"": 0.95, ""track"": ""operational_label_free""}}","{""arrival_equity_gap_min"": ""lower"", ""boat_workload_cv"": ""lower"", ""cvar90_arrival_min"": ""lower"", ""deadline_miss_rate"": ""lower"", ""duplicate_dispatches"": ""lower"", ""fake_dispatches"": ""lower"", ""latent_harm"": ""lower"", ""max_arrival_min"": ""lower"", ""mean_arrival_min"": ""lower"", ""merge_caused_misses"": ""lower"", ""split_trips"": ""lower"", ""total_fleet_workload_min"": ""lower"", ""unique_population_reached_by_deadline_rate"": ""higher"", ""unserved_genuine_incidents"": ""lower""}"
partition,product_cij,oracle,"{""policy"": ""first_report_fifo""}",merge_caused_misses,lower,-1.025,0.1567795648,-1,"[-1.0583333333333333, -1.0]",1.025,2.607773089e-27,3.650882324e-26,0,120,0,120,0,-6.537841851,-1,positive means candidate is better,120,4.1.0,test:3000-3039,a7c7a3f7ea63e57f1d98bd42f21c02aa04a69eaa37c824584a2be65f00f2d7e1,"{""numpy"": ""2.0.2"", ""pandas"": ""2.2.2"", ""python-louvain"": ""0.16"", ""scikit-learn"": ""1.6.1"", ""scipy"": ""1.16.3""}","{""additive"": {""calibration_objective"": 0.024220283682757516, ""knn"": 8, ""q"": 0.95}, ""error_model"": ""conservative-v1"", ""product"": {""knn"": 8, ""resolution"": 1.2, ""sigma_geo_m"": 900.0, ""tau_temp_min"": 60.0, ""threshold_quantile"": 0.95, ""track"": ""operational_label_free""}}","{""arrival_equity_gap_min"": ""lower"", ""boat_workload_cv"": ""lower"", ""cvar90_arrival_min"": ""lower"", ""deadline_miss_rate"": ""lower"", ""duplicate_dispatches"": ""lower"", ""fake_dispatches"": ""lower"", ""latent_harm"": ""lower"", ""max_arrival_min"": ""lower"", ""mean_arrival_min"": ""lower"", ""merge_caused_misses"": ""lower"", ""split_trips"": ""lower"", ""total_fleet_workload_min"": ""lower"", ""unique_population_reached_by_deadline_rate"": ""higher"", ""unserved_genuine_incidents"": ""lower""}"
partition,product_cij,oracle,"{""policy"": ""first_report_fifo""}",fake_dispatches,lower,-34.9,0.3012578672,-35,"[-34.95, -34.84166666666667]",34.9,8.674797436e-26,1.040975692e-24,0,120,0,120,0,-115.847597,-1,positive means candidate is better,120,4.1.0,test:3000-3039,a7c7a3f7ea63e57f1d98bd42f21c02aa04a69eaa37c824584a2be65f00f2d7e1,"{""numpy"": ""2.0.2"", ""pandas"": ""2.2.2"", ""python-louvain"": ""0.16"", ""scikit-learn"": ""1.6.1"", ""scipy"": ""1.16.3""}","{""additive"": {""calibration_objective"": 0.024220283682757516, ""knn"": 8, ""q"": 0.95}, ""error_model"": ""conservative-v1"", ""product"": {""knn"": 8, ""resolution"": 1.2, ""sigma_geo_m"": 900.0, ""tau_temp_min"": 60.0, ""threshold_quantile"": 0.95, ""track"": ""operational_label_free""}}","{""arrival_equity_gap_min"": ""lower"", ""boat_workload_cv"": ""lower"", ""cvar90_arrival_min"": ""lower"", ""deadline_miss_rate"": ""lower"", ""duplicate_dispatches"": ""lower"", ""fake_dispatches"": ""lower"", ""latent_harm"": ""lower"", ""max_arrival_min"": ""lower"", ""mean_arrival_min"": ""lower"", ""merge_caused_misses"": ""lower"", ""split_trips"": ""lower"", ""total_fleet_workload_min"": ""lower"", ""unique_population_reached_by_deadline_rate"": ""higher"", ""unserved_genuine_incidents"": ""lower""}"
partition,product_cij,oracle,"{""policy"": ""first_report_fifo""}",duplicate_dispatches,lower,-2.3,1.254236518,-2,"[-2.525, -2.0833333333333335]",2.3,7.046961533e-22,7.751657686e-21,0,120,0,120,0,-1.833784909,-1,positive means candidate is better,120,4.1.0,test:3000-3039,a7c7a3f7ea63e57f1d98bd42f21c02aa04a69eaa37c824584a2be65f00f2d7e1,"{""numpy"": ""2.0.2"", ""pandas"": ""2.2.2"", ""python-louvain"": ""0.16"", ""scikit-learn"": ""1.6.1"", ""scipy"": ""1.16.3""}","{""additive"": {""calibration_objective"": 0.024220283682757516, ""knn"": 8, ""q"": 0.95}, ""error_model"": ""conservative-v1"", ""product"": {""knn"": 8, ""resolution"": 1.2, ""sigma_geo_m"": 900.0, ""tau_temp_min"": 60.0, ""threshold_quantile"": 0.95, ""track"": ""operational_label_free""}}","{""arrival_equity_gap_min"": ""lower"", ""boat_workload_cv"": ""lower"", ""cvar90_arrival_min"": ""lower"", ""deadline_miss_rate"": ""lower"", ""duplicate_dispatches"": ""lower"", ""fake_dispatches"": ""lower"", ""latent_harm"": ""lower"", ""max_arrival_min"": ""lower"", ""mean_arrival_min"": ""lower"", ""merge_caused_misses"": ""lower"", ""split_trips"": ""lower"", ""total_fleet_workload_min"": ""lower"", ""unique_population_reached_by_deadline_rate"": ""higher"", ""unserved_genuine_incidents"": ""lower""}"
partition,product_cij,oracle,"{""policy"": ""first_report_fifo""}",unserved_genuine_incidents,lower,-1.025,0.1567795648,-1,"[-1.0583333333333333, -1.0]",1.025,2.607773089e-27,3.650882324e-26,0,120,0,120,0,-6.537841851,-1,positive means candidate is better,120,4.1.0,test:3000-3039,a7c7a3f7ea63e57f1d98bd42f21c02aa04a69eaa37c824584a2be65f00f2d7e1,"{""numpy"": ""2.0.2"", ""pandas"": ""2.2.2"", ""python-louvain"": ""0.16"", ""scikit-learn"": ""1.6.1"", ""scipy"": ""1.16.3""}","{""additive"": {""calibration_objective"": 0.024220283682757516, ""knn"": 8, ""q"": 0.95}, ""error_model"": ""conservative-v1"", ""product"": {""knn"": 8, ""resolution"": 1.2, ""sigma_geo_m"": 900.0, ""tau_temp_min"": 60.0, ""threshold_quantile"": 0.95, ""track"": ""operational_label_free""}}","{""arrival_equity_gap_min"": ""lower"", ""boat_workload_cv"": ""lower"", ""cvar90_arrival_min"": ""lower"", ""deadline_miss_rate"": ""lower"", ""duplicate_dispatches"": ""lower"", ""fake_dispatches"": ""lower"", ""latent_harm"": ""lower"", ""max_arrival_min"": ""lower"", ""mean_arrival_min"": ""lower"", ""merge_caused_misses"": ""lower"", ""split_trips"": ""lower"", ""total_fleet_workload_min"": ""lower"", ""unique_population_reached_by_deadline_rate"": ""higher"", ""unserved_genuine_incidents"": ""lower""}"
partition,product_cij,additive_cij_matched_density,"{""policy"": ""first_report_fifo""}",latent_harm,lower,-222.1677603,178.5450668,-187.9667351,"[-255.0134543312952, -191.9563534970419]",222.1677603,1.129109873e-20,9.914118309e-20,70,120,5,115,0,-1.244323152,-0.9807162534,positive means candidate is better,120,4.1.0,test:3000-3039,a7c7a3f7ea63e57f1d98bd42f21c02aa04a69eaa37c824584a2be65f00f2d7e1,"{""numpy"": ""2.0.2"", ""pandas"": ""2.2.2"", ""python-louvain"": ""0.16"", ""scikit-learn"": ""1.6.1"", ""scipy"": ""1.16.3""}","{""additive"": {""calibration_objective"": 0.024220283682757516, ""knn"": 8, ""q"": 0.95}, ""error_model"": ""conservative-v1"", ""product"": {""knn"": 8, ""resolution"": 1.2, ""sigma_geo_m"": 900.0, ""tau_temp_min"": 60.0, ""threshold_quantile"": 0.95, ""track"": ""operational_label_free""}}","{""arrival_equity_gap_min"": ""lower"", ""boat_workload_cv"": ""lower"", ""cvar90_arrival_min"": ""lower"", ""deadline_miss_rate"": ""lower"", ""duplicate_dispatches"": ""lower"", ""fake_dispatches"": ""lower"", ""latent_harm"": ""lower"", ""max_arrival_min"": ""lower"", ""mean_arrival_min"": ""lower"", ""merge_caused_misses"": ""lower"", ""split_trips"": ""lower"", ""total_fleet_workload_min"": ""lower"", ""unique_population_reached_by_deadline_rate"": ""higher"", ""unserved_genuine_incidents"": ""lower""}"
partition,product_cij,additive_cij_matched_density,"{""policy"": ""first_report_fifo""}",deadline_miss_rate,lower,-0.0109375,0.04023834256,0,"[-0.01875, -0.004166666666666667]",0.0109375,0.003960827858,0.01980413929,31,120,3,17,100,-0.2718178559,-0.7047619048,positive means candidate is better,120,4.1.0,test:3000-3039,a7c7a3f7ea63e57f1d98bd42f21c02aa04a69eaa37c824584a2be65f00f2d7e1,"{""numpy"": ""2.0.2"", ""pandas"": ""2.2.2"", ""python-louvain"": ""0.16"", ""scikit-learn"": ""1.6.1"", ""scipy"": ""1.16.3""}","{""additive"": {""calibration_objective"": 0.024220283682757516, ""knn"": 8, ""q"": 0.95}, ""error_model"": ""conservative-v1"", ""product"": {""knn"": 8, ""resolution"": 1.2, ""sigma_geo_m"": 900.0, ""tau_temp_min"": 60.0, ""threshold_quantile"": 0.95, ""track"": ""operational_label_free""}}","{""arrival_equity_gap_min"": ""lower"", ""boat_workload_cv"": ""lower"", ""cvar90_arrival_min"": ""lower"", ""deadline_miss_rate"": ""lower"", ""duplicate_dispatches"": ""lower"", ""fake_dispatches"": ""lower"", ""latent_harm"": ""lower"", ""max_arrival_min"": ""lower"", ""mean_arrival_min"": ""lower"", ""merge_caused_misses"": ""lower"", ""split_trips"": ""lower"", ""total_fleet_workload_min"": ""lower"", ""unique_population_reached_by_deadline_rate"": ""higher"", ""unserved_genuine_incidents"": ""lower""}"
partition,product_cij,additive_cij_matched_density,"{""policy"": ""first_report_fifo""}",mean_arrival_min,lower,-230.0428151,185.0236696,-189.9329241,"[-264.58314336130314, -199.28413029917022]",230.0428151,7.599565127e-21,7.599565127e-20,54,120,5,115,0,-1.243315602,-0.9851239669,positive means candidate is better,120,4.1.0,test:3000-3039,a7c7a3f7ea63e57f1d98bd42f21c02aa04a69eaa37c824584a2be65f00f2d7e1,"{""numpy"": ""2.0.2"", ""pandas"": ""2.2.2"", ""python-louvain"": ""0.16"", ""scikit-learn"": ""1.6.1"", ""scipy"": ""1.16.3""}","{""additive"": {""calibration_objective"": 0.024220283682757516, ""knn"": 8, ""q"": 0.95}, ""error_model"": ""conservative-v1"", ""product"": {""knn"": 8, ""resolution"": 1.2, ""sigma_geo_m"": 900.0, ""tau_temp_min"": 60.0, ""threshold_quantile"": 0.95, ""track"": ""operational_label_free""}}","{""arrival_equity_gap_min"": ""lower"", ""boat_workload_cv"": ""lower"", ""cvar90_arrival_min"": ""lower"", ""deadline_miss_rate"": ""lower"", ""duplicate_dispatches"": ""lower"", ""fake_dispatches"": ""lower"", ""latent_harm"": ""lower"", ""max_arrival_min"": ""lower"", ""mean_arrival_min"": ""lower"", ""merge_caused_misses"": ""lower"", ""split_trips"": ""lower"", ""total_fleet_workload_min"": ""lower"", ""unique_population_reached_by_deadline_rate"": ""higher"", ""unserved_genuine_incidents"": ""lower""}"
partition,product_cij,additive_cij_matched_density,"{""policy"": ""first_report_fifo""}",max_arrival_min,lower,-572.0034398,418.0916378,-449.7196347,"[-648.1402344616635, -501.57334982997855]",572.0034398,2.411223485e-21,2.652345834e-20,8,120,3,117,0,-1.368129348,-0.9977961433,positive means candidate is better,120,4.1.0,test:3000-3039,a7c7a3f7ea63e57f1d98bd42f21c02aa04a69eaa37c824584a2be65f00f2d7e1,"{""numpy"": ""2.0.2"", ""pandas"": ""2.2.2"", ""python-louvain"": ""0.16"", ""scikit-learn"": ""1.6.1"", ""scipy"": ""1.16.3""}","{""additive"": {""calibration_objective"": 0.024220283682757516, ""knn"": 8, ""q"": 0.95}, ""error_model"": ""conservative-v1"", ""product"": {""knn"": 8, ""resolution"": 1.2, ""sigma_geo_m"": 900.0, ""tau_temp_min"": 60.0, ""threshold_quantile"": 0.95, ""track"": ""operational_label_free""}}","{""arrival_equity_gap_min"": ""lower"", ""boat_workload_cv"": ""lower"", ""cvar90_arrival_min"": ""lower"", ""deadline_miss_rate"": ""lower"", ""duplicate_dispatches"": ""lower"", ""fake_dispatches"": ""lower"", ""latent_harm"": ""lower"", ""max_arrival_min"": ""lower"", ""mean_arrival_min"": ""lower"", ""merge_caused_misses"": ""lower"", ""split_trips"": ""lower"", ""total_fleet_workload_min"": ""lower"", ""unique_population_reached_by_deadline_rate"": ""higher"", ""unserved_genuine_incidents"": ""lower""}"
partition,product_cij,additive_cij_matched_density,"{""policy"": ""first_report_fifo""}",cvar90_arrival_min,lower,-542.6497963,406.4819878,-433.5721889,"[-616.3312225705165, -474.14540677349066]",542.6497963,2.180672522e-21,2.628860818e-20,4,120,1,119,0,-1.334991002,-0.9988980716,positive means candidate is better,120,4.1.0,test:3000-3039,a7c7a3f7ea63e57f1d98bd42f21c02aa04a69eaa37c824584a2be65f00f2d7e1,"{""numpy"": ""2.0.2"", ""pandas"": ""2.2.2"", ""python-louvain"": ""0.16"", ""scikit-learn"": ""1.6.1"", ""scipy"": ""1.16.3""}","{""additive"": {""calibration_objective"": 0.024220283682757516, ""knn"": 8, ""q"": 0.95}, ""error_model"": ""conservative-v1"", ""product"": {""knn"": 8, ""resolution"": 1.2, ""sigma_geo_m"": 900.0, ""tau_temp_min"": 60.0, ""threshold_quantile"": 0.95, ""track"": ""operational_label_free""}}","{""arrival_equity_gap_min"": ""lower"", ""boat_workload_cv"": ""lower"", ""cvar90_arrival_min"": ""lower"", ""deadline_miss_rate"": ""lower"", ""duplicate_dispatches"": ""lower"", ""fake_dispatches"": ""lower"", ""latent_harm"": ""lower"", ""max_arrival_min"": ""lower"", ""mean_arrival_min"": ""lower"", ""merge_caused_misses"": ""lower"", ""split_trips"": ""lower"", ""total_fleet_workload_min"": ""lower"", ""unique_population_reached_by_deadline_rate"": ""higher"", ""unserved_genuine_incidents"": ""lower""}"
partition,product_cij,additive_cij_matched_density,"{""policy"": ""first_report_fifo""}",unique_population_reached_by_deadline_rate,higher,-0.01090686447,0.04485879953,0,"[-0.019644340508444075, -0.0037639440194489316]",-0.01090686447,0.008141976787,0.03256790715,45,120,5,17,98,-0.2431376807,-0.6442687747,positive means candidate is better,120,4.1.0,test:3000-3039,a7c7a3f7ea63e57f1d98bd42f21c02aa04a69eaa37c824584a2be65f00f2d7e1,"{""numpy"": ""2.0.2"", ""pandas"": ""2.2.2"", ""python-louvain"": ""0.16"", ""scikit-learn"": ""1.6.1"", ""scipy"": ""1.16.3""}","{""additive"": {""calibration_objective"": 0.024220283682757516, ""knn"": 8, ""q"": 0.95}, ""error_model"": ""conservative-v1"", ""product"": {""knn"": 8, ""resolution"": 1.2, ""sigma_geo_m"": 900.0, ""tau_temp_min"": 60.0, ""threshold_quantile"": 0.95, ""track"": ""operational_label_free""}}","{""arrival_equity_gap_min"": ""lower"", ""boat_workload_cv"": ""lower"", ""cvar90_arrival_min"": ""lower"", ""deadline_miss_rate"": ""lower"", ""duplicate_dispatches"": ""lower"", ""fake_dispatches"": ""lower"", ""latent_harm"": ""lower"", ""max_arrival_min"": ""lower"", ""mean_arrival_min"": ""lower"", ""merge_caused_misses"": ""lower"", ""split_trips"": ""lower"", ""total_fleet_workload_min"": ""lower"", ""unique_population_reached_by_deadline_rate"": ""higher"", ""unserved_genuine_incidents"": ""lower""}"
partition,product_cij,additive_cij_matched_density,"{""policy"": ""first_report_fifo""}",total_fleet_workload_min,lower,-1826.257756,789.1950051,-1870.068226,"[-1967.9470617140535, -1689.0308632798367]",1826.257756,2.022200629e-21,2.628860818e-20,1,120,1,119,0,-2.314076678,-0.9997245179,positive means candidate is better,120,4.1.0,test:3000-3039,a7c7a3f7ea63e57f1d98bd42f21c02aa04a69eaa37c824584a2be65f00f2d7e1,"{""numpy"": ""2.0.2"", ""pandas"": ""2.2.2"", ""python-louvain"": ""0.16"", ""scikit-learn"": ""1.6.1"", ""scipy"": ""1.16.3""}","{""additive"": {""calibration_objective"": 0.024220283682757516, ""knn"": 8, ""q"": 0.95}, ""error_model"": ""conservative-v1"", ""product"": {""knn"": 8, ""resolution"": 1.2, ""sigma_geo_m"": 900.0, ""tau_temp_min"": 60.0, ""threshold_quantile"": 0.95, ""track"": ""operational_label_free""}}","{""arrival_equity_gap_min"": ""lower"", ""boat_workload_cv"": ""lower"", ""cvar90_arrival_min"": ""lower"", ""deadline_miss_rate"": ""lower"", ""duplicate_dispatches"": ""lower"", ""fake_dispatches"": ""lower"", ""latent_harm"": ""lower"", ""max_arrival_min"": ""lower"", ""mean_arrival_min"": ""lower"", ""merge_caused_misses"": ""lower"", ""split_trips"": ""lower"", ""total_fleet_workload_min"": ""lower"", ""unique_population_reached_by_deadline_rate"": ""higher"", ""unserved_genuine_incidents"": ""lower""}"
partition,product_cij,additive_cij_matched_density,"{""policy"": ""first_report_fifo""}",boat_workload_cv,lower,0.003414483795,0.01435199145,0.002047366742,"[0.0009600568505238361, 0.006031929338816327]",-0.003414483795,0.03259822056,0.09779466167,2814,120,70,50,0,0.2379101051,0.2247933884,positive means candidate is better,120,4.1.0,test:3000-3039,a7c7a3f7ea63e57f1d98bd42f21c02aa04a69eaa37c824584a2be65f00f2d7e1,"{""numpy"": ""2.0.2"", ""pandas"": ""2.2.2"", ""python-louvain"": ""0.16"", ""scikit-learn"": ""1.6.1"", ""scipy"": ""1.16.3""}","{""additive"": {""calibration_objective"": 0.024220283682757516, ""knn"": 8, ""q"": 0.95}, ""error_model"": ""conservative-v1"", ""product"": {""knn"": 8, ""resolution"": 1.2, ""sigma_geo_m"": 900.0, ""tau_temp_min"": 60.0, ""threshold_quantile"": 0.95, ""track"": ""operational_label_free""}}","{""arrival_equity_gap_min"": ""lower"", ""boat_workload_cv"": ""lower"", ""cvar90_arrival_min"": ""lower"", ""deadline_miss_rate"": ""lower"", ""duplicate_dispatches"": ""lower"", ""fake_dispatches"": ""lower"", ""latent_harm"": ""lower"", ""max_arrival_min"": ""lower"", ""mean_arrival_min"": ""lower"", ""merge_caused_misses"": ""lower"", ""split_trips"": ""lower"", ""total_fleet_workload_min"": ""lower"", ""unique_population_reached_by_deadline_rate"": ""higher"", ""unserved_genuine_incidents"": ""lower""}"
partition,product_cij,additive_cij_matched_density,"{""policy"": ""first_report_fifo""}",arrival_equity_gap_min,lower,-243.9380353,225.7027503,-192.0643666,"[-286.71839004766326, -206.2381655178366]",243.9380353,1.101568701e-20,9.914118309e-20,69,120,3,117,0,-1.080793366,-0.9809917355,positive means candidate is better,120,4.1.0,test:3000-3039,a7c7a3f7ea63e57f1d98bd42f21c02aa04a69eaa37c824584a2be65f00f2d7e1,"{""numpy"": ""2.0.2"", ""pandas"": ""2.2.2"", ""python-louvain"": ""0.16"", ""scikit-learn"": ""1.6.1"", ""scipy"": ""1.16.3""}","{""additive"": {""calibration_objective"": 0.024220283682757516, ""knn"": 8, ""q"": 0.95}, ""error_model"": ""conservative-v1"", ""product"": {""knn"": 8, ""resolution"": 1.2, ""sigma_geo_m"": 900.0, ""tau_temp_min"": 60.0, ""threshold_quantile"": 0.95, ""track"": ""operational_label_free""}}","{""arrival_equity_gap_min"": ""lower"", ""boat_workload_cv"": ""lower"", ""cvar90_arrival_min"": ""lower"", ""deadline_miss_rate"": ""lower"", ""duplicate_dispatches"": ""lower"", ""fake_dispatches"": ""lower"", ""latent_harm"": ""lower"", ""max_arrival_min"": ""lower"", ""mean_arrival_min"": ""lower"", ""merge_caused_misses"": ""lower"", ""split_trips"": ""lower"", ""total_fleet_workload_min"": ""lower"", ""unique_population_reached_by_deadline_rate"": ""higher"", ""unserved_genuine_incidents"": ""lower""}"
partition,product_cij,additive_cij_matched_density,"{""policy"": ""first_report_fifo""}",split_trips,lower,-1.125,1.149077087,-1,"[-1.325, -0.925]",1.125,7.359330609e-15,5.151531426e-14,322.5,120,6,93,21,-0.979046587,-0.8696969697,positive means candidate is better,120,4.1.0,test:3000-3039,a7c7a3f7ea63e57f1d98bd42f21c02aa04a69eaa37c824584a2be65f00f2d7e1,"{""numpy"": ""2.0.2"", ""pandas"": ""2.2.2"", ""python-louvain"": ""0.16"", ""scikit-learn"": ""1.6.1"", ""scipy"": ""1.16.3""}","{""additive"": {""calibration_objective"": 0.024220283682757516, ""knn"": 8, ""q"": 0.95}, ""error_model"": ""conservative-v1"", ""product"": {""knn"": 8, ""resolution"": 1.2, ""sigma_geo_m"": 900.0, ""tau_temp_min"": 60.0, ""threshold_quantile"": 0.95, ""track"": ""operational_label_free""}}","{""arrival_equity_gap_min"": ""lower"", ""boat_workload_cv"": ""lower"", ""cvar90_arrival_min"": ""lower"", ""deadline_miss_rate"": ""lower"", ""duplicate_dispatches"": ""lower"", ""fake_dispatches"": ""lower"", ""latent_harm"": ""lower"", ""max_arrival_min"": ""lower"", ""mean_arrival_min"": ""lower"", ""merge_caused_misses"": ""lower"", ""split_trips"": ""lower"", ""total_fleet_workload_min"": ""lower"", ""unique_population_reached_by_deadline_rate"": ""higher"", ""unserved_genuine_incidents"": ""lower""}"
partition,product_cij,additive_cij_matched_density,"{""policy"": ""first_report_fifo""}",merge_caused_misses,lower,-0.025,0.1567795648,0,"[-0.058333333333333334, 0.0]",0.025,0.08326451666,0.1665290333,0,120,0,3,117,-0.1594595573,-1,positive means candidate is better,120,4.1.0,test:3000-3039,a7c7a3f7ea63e57f1d98bd42f21c02aa04a69eaa37c824584a2be65f00f2d7e1,"{""numpy"": ""2.0.2"", ""pandas"": ""2.2.2"", ""python-louvain"": ""0.16"", ""scikit-learn"": ""1.6.1"", ""scipy"": ""1.16.3""}","{""additive"": {""calibration_objective"": 0.024220283682757516, ""knn"": 8, ""q"": 0.95}, ""error_model"": ""conservative-v1"", ""product"": {""knn"": 8, ""resolution"": 1.2, ""sigma_geo_m"": 900.0, ""tau_temp_min"": 60.0, ""threshold_quantile"": 0.95, ""track"": ""operational_label_free""}}","{""arrival_equity_gap_min"": ""lower"", ""boat_workload_cv"": ""lower"", ""cvar90_arrival_min"": ""lower"", ""deadline_miss_rate"": ""lower"", ""duplicate_dispatches"": ""lower"", ""fake_dispatches"": ""lower"", ""latent_harm"": ""lower"", ""max_arrival_min"": ""lower"", ""mean_arrival_min"": ""lower"", ""merge_caused_misses"": ""lower"", ""split_trips"": ""lower"", ""total_fleet_workload_min"": ""lower"", ""unique_population_reached_by_deadline_rate"": ""higher"", ""unserved_genuine_incidents"": ""lower""}"
partition,product_cij,additive_cij_matched_density,"{""policy"": ""first_report_fifo""}",fake_dispatches,lower,-8.275,2.759133039,-8,"[-8.758541666666666, -7.783333333333333]",8.275,1.589574343e-21,2.22540408e-20,0,120,0,120,0,-2.999130482,-1,positive means candidate is better,120,4.1.0,test:3000-3039,a7c7a3f7ea63e57f1d98bd42f21c02aa04a69eaa37c824584a2be65f00f2d7e1,"{""numpy"": ""2.0.2"", ""pandas"": ""2.2.2"", ""python-louvain"": ""0.16"", ""scikit-learn"": ""1.6.1"", ""scipy"": ""1.16.3""}","{""additive"": {""calibration_objective"": 0.024220283682757516, ""knn"": 8, ""q"": 0.95}, ""error_model"": ""conservative-v1"", ""product"": {""knn"": 8, ""resolution"": 1.2, ""sigma_geo_m"": 900.0, ""tau_temp_min"": 60.0, ""threshold_quantile"": 0.95, ""track"": ""operational_label_free""}}","{""arrival_equity_gap_min"": ""lower"", ""boat_workload_cv"": ""lower"", ""cvar90_arrival_min"": ""lower"", ""deadline_miss_rate"": ""lower"", ""duplicate_dispatches"": ""lower"", ""fake_dispatches"": ""lower"", ""latent_harm"": ""lower"", ""max_arrival_min"": ""lower"", ""mean_arrival_min"": ""lower"", ""merge_caused_misses"": ""lower"", ""split_trips"": ""lower"", ""total_fleet_workload_min"": ""lower"", ""unique_population_reached_by_deadline_rate"": ""higher"", ""unserved_genuine_incidents"": ""lower""}"
partition,product_cij,additive_cij_matched_density,"{""policy"": ""first_report_fifo""}",duplicate_dispatches,lower,-1.125,1.149077087,-1,"[-1.325, -0.925]",1.125,7.359330609e-15,5.151531426e-14,322.5,120,6,93,21,-0.979046587,-0.8696969697,positive means candidate is better,120,4.1.0,test:3000-3039,a7c7a3f7ea63e57f1d98bd42f21c02aa04a69eaa37c824584a2be65f00f2d7e1,"{""numpy"": ""2.0.2"", ""pandas"": ""2.2.2"", ""python-louvain"": ""0.16"", ""scikit-learn"": ""1.6.1"", ""scipy"": ""1.16.3""}","{""additive"": {""calibration_objective"": 0.024220283682757516, ""knn"": 8, ""q"": 0.95}, ""error_model"": ""conservative-v1"", ""product"": {""knn"": 8, ""resolution"": 1.2, ""sigma_geo_m"": 900.0, ""tau_temp_min"": 60.0, ""threshold_quantile"": 0.95, ""track"": ""operational_label_free""}}","{""arrival_equity_gap_min"": ""lower"", ""boat_workload_cv"": ""lower"", ""cvar90_arrival_min"": ""lower"", ""deadline_miss_rate"": ""lower"", ""duplicate_dispatches"": ""lower"", ""fake_dispatches"": ""lower"", ""latent_harm"": ""lower"", ""max_arrival_min"": ""lower"", ""mean_arrival_min"": ""lower"", ""merge_caused_misses"": ""lower"", ""split_trips"": ""lower"", ""total_fleet_workload_min"": ""lower"", ""unique_population_reached_by_deadline_rate"": ""higher"", ""unserved_genuine_incidents"": ""lower""}"
partition,product_cij,additive_cij_matched_density,"{""policy"": ""first_report_fifo""}",unserved_genuine_incidents,lower,-0.025,0.1567795648,0,"[-0.058333333333333334, 0.0]",0.025,0.08326451666,0.1665290333,0,120,0,3,117,-0.1594595573,-1,positive means candidate is better,120,4.1.0,test:3000-3039,a7c7a3f7ea63e57f1d98bd42f21c02aa04a69eaa37c824584a2be65f00f2d7e1,"{""numpy"": ""2.0.2"", ""pandas"": ""2.2.2"", ""python-louvain"": ""0.16"", ""scikit-learn"": ""1.6.1"", ""scipy"": ""1.16.3""}","{""additive"": {""calibration_objective"": 0.024220283682757516, ""knn"": 8, ""q"": 0.95}, ""error_model"": ""conservative-v1"", ""product"": {""knn"": 8, ""resolution"": 1.2, ""sigma_geo_m"": 900.0, ""tau_temp_min"": 60.0, ""threshold_quantile"": 0.95, ""track"": ""operational_label_free""}}","{""arrival_equity_gap_min"": ""lower"", ""boat_workload_cv"": ""lower"", ""cvar90_arrival_min"": ""lower"", ""deadline_miss_rate"": ""lower"", ""duplicate_dispatches"": ""lower"", ""fake_dispatches"": ""lower"", ""latent_harm"": ""lower"", ""max_arrival_min"": ""lower"", ""mean_arrival_min"": ""lower"", ""merge_caused_misses"": ""lower"", ""split_trips"": ""lower"", ""total_fleet_workload_min"": ""lower"", ""unique_population_reached_by_deadline_rate"": ""higher"", ""unserved_genuine_incidents"": ""lower""}"
partition,product_cij,oracle,"{""policy"": ""nearest_first""}",latent_harm,lower,-199.0280675,168.4593312,-157.2251543,"[-230.22097458624782, -169.50555602511557]",199.0280675,6.387405907e-21,3.832443544e-20,47,120,8,112,0,-1.181460629,-0.9870523416,positive means candidate is better,120,4.1.0,test:3000-3039,a7c7a3f7ea63e57f1d98bd42f21c02aa04a69eaa37c824584a2be65f00f2d7e1,"{""numpy"": ""2.0.2"", ""pandas"": ""2.2.2"", ""python-louvain"": ""0.16"", ""scikit-learn"": ""1.6.1"", ""scipy"": ""1.16.3""}","{""additive"": {""calibration_objective"": 0.024220283682757516, ""knn"": 8, ""q"": 0.95}, ""error_model"": ""conservative-v1"", ""product"": {""knn"": 8, ""resolution"": 1.2, ""sigma_geo_m"": 900.0, ""tau_temp_min"": 60.0, ""threshold_quantile"": 0.95, ""track"": ""operational_label_free""}}","{""arrival_equity_gap_min"": ""lower"", ""boat_workload_cv"": ""lower"", ""cvar90_arrival_min"": ""lower"", ""deadline_miss_rate"": ""lower"", ""duplicate_dispatches"": ""lower"", ""fake_dispatches"": ""lower"", ""latent_harm"": ""lower"", ""max_arrival_min"": ""lower"", ""mean_arrival_min"": ""lower"", ""merge_caused_misses"": ""lower"", ""split_trips"": ""lower"", ""total_fleet_workload_min"": ""lower"", ""unique_population_reached_by_deadline_rate"": ""higher"", ""unserved_genuine_incidents"": ""lower""}"
partition,product_cij,oracle,"{""policy"": ""nearest_first""}",deadline_miss_rate,lower,-0.07916666667,0.1863115933,-0.0625,"[-0.11197916666666667, -0.04635416666666667]",0.07916666667,1.358392383e-05,2.716784765e-05,1027.5,120,27,65,28,-0.4249154079,-0.5196353436,positive means candidate is better,120,4.1.0,test:3000-3039,a7c7a3f7ea63e57f1d98bd42f21c02aa04a69eaa37c824584a2be65f00f2d7e1,"{""numpy"": ""2.0.2"", ""pandas"": ""2.2.2"", ""python-louvain"": ""0.16"", ""scikit-learn"": ""1.6.1"", ""scipy"": ""1.16.3""}","{""additive"": {""calibration_objective"": 0.024220283682757516, ""knn"": 8, ""q"": 0.95}, ""error_model"": ""conservative-v1"", ""product"": {""knn"": 8, ""resolution"": 1.2, ""sigma_geo_m"": 900.0, ""tau_temp_min"": 60.0, ""threshold_quantile"": 0.95, ""track"": ""operational_label_free""}}","{""arrival_equity_gap_min"": ""lower"", ""boat_workload_cv"": ""lower"", ""cvar90_arrival_min"": ""lower"", ""deadline_miss_rate"": ""lower"", ""duplicate_dispatches"": ""lower"", ""fake_dispatches"": ""lower"", ""latent_harm"": ""lower"", ""max_arrival_min"": ""lower"", ""mean_arrival_min"": ""lower"", ""merge_caused_misses"": ""lower"", ""split_trips"": ""lower"", ""total_fleet_workload_min"": ""lower"", ""unique_population_reached_by_deadline_rate"": ""higher"", ""unserved_genuine_incidents"": ""lower""}"
partition,product_cij,oracle,"{""policy"": ""nearest_first""}",mean_arrival_min,lower,-207.3954245,170.0556968,-169.5667705,"[-238.10398104165367, -177.5473640213424]",207.3954245,2.038182675e-20,8.1527307e-20,94,120,6,114,0,-1.219573518,-0.9741046832,positive means candidate is better,120,4.1.0,test:3000-3039,a7c7a3f7ea63e57f1d98bd42f21c02aa04a69eaa37c824584a2be65f00f2d7e1,"{""numpy"": ""2.0.2"", ""pandas"": ""2.2.2"", ""python-louvain"": ""0.16"", ""scikit-learn"": ""1.6.1"", ""scipy"": ""1.16.3""}","{""additive"": {""calibration_objective"": 0.024220283682757516, ""knn"": 8, ""q"": 0.95}, ""error_model"": ""conservative-v1"", ""product"": {""knn"": 8, ""resolution"": 1.2, ""sigma_geo_m"": 900.0, ""tau_temp_min"": 60.0, ""threshold_quantile"": 0.95, ""track"": ""operational_label_free""}}","{""arrival_equity_gap_min"": ""lower"", ""boat_workload_cv"": ""lower"", ""cvar90_arrival_min"": ""lower"", ""deadline_miss_rate"": ""lower"", ""duplicate_dispatches"": ""lower"", ""fake_dispatches"": ""lower"", ""latent_harm"": ""lower"", ""max_arrival_min"": ""lower"", ""mean_arrival_min"": ""lower"", ""merge_caused_misses"": ""lower"", ""split_trips"": ""lower"", ""total_fleet_workload_min"": ""lower"", ""unique_population_reached_by_deadline_rate"": ""higher"", ""unserved_genuine_incidents"": ""lower""}"
partition,product_cij,oracle,"{""policy"": ""nearest_first""}",max_arrival_min,lower,-528.4639501,358.8192246,-433.6055589,"[-593.0860286155628, -464.15140785872916]",528.4639501,2.073715906e-21,1.774756541e-20,2,120,1,119,0,-1.472786055,-0.9994490358,positive means candidate is better,120,4.1.0,test:3000-3039,a7c7a3f7ea63e57f1d98bd42f21c02aa04a69eaa37c824584a2be65f00f2d7e1,"{""numpy"": ""2.0.2"", ""pandas"": ""2.2.2"", ""python-louvain"": ""0.16"", ""scikit-learn"": ""1.6.1"", ""scipy"": ""1.16.3""}","{""additive"": {""calibration_objective"": 0.024220283682757516, ""knn"": 8, ""q"": 0.95}, ""error_model"": ""conservative-v1"", ""product"": {""knn"": 8, ""resolution"": 1.2, ""sigma_geo_m"": 900.0, ""tau_temp_min"": 60.0, ""threshold_quantile"": 0.95, ""track"": ""operational_label_free""}}","{""arrival_equity_gap_min"": ""lower"", ""boat_workload_cv"": ""lower"", ""cvar90_arrival_min"": ""lower"", ""deadline_miss_rate"": ""lower"", ""duplicate_dispatches"": ""lower"", ""fake_dispatches"": ""lower"", ""latent_harm"": ""lower"", ""max_arrival_min"": ""lower"", ""mean_arrival_min"": ""lower"", ""merge_caused_misses"": ""lower"", ""split_trips"": ""lower"", ""total_fleet_workload_min"": ""lower"", ""unique_population_reached_by_deadline_rate"": ""higher"", ""unserved_genuine_incidents"": ""lower""}"
partition,product_cij,oracle,"{""policy"": ""nearest_first""}",cvar90_arrival_min,lower,-512.6557836,345.0363691,-478.4680652,"[-575.1627527048038, -452.2139156709813]",512.6557836,2.293083415e-21,1.774756541e-20,6,120,1,119,0,-1.485802163,-0.9983471074,positive means candidate is better,120,4.1.0,test:3000-3039,a7c7a3f7ea63e57f1d98bd42f21c02aa04a69eaa37c824584a2be65f00f2d7e1,"{""numpy"": ""2.0.2"", ""pandas"": ""2.2.2"", ""python-louvain"": ""0.16"", ""scikit-learn"": ""1.6.1"", ""scipy"": ""1.16.3""}","{""additive"": {""calibration_objective"": 0.024220283682757516, ""knn"": 8, ""q"": 0.95}, ""error_model"": ""conservative-v1"", ""product"": {""knn"": 8, ""resolution"": 1.2, ""sigma_geo_m"": 900.0, ""tau_temp_min"": 60.0, ""threshold_quantile"": 0.95, ""track"": ""operational_label_free""}}","{""arrival_equity_gap_min"": ""lower"", ""boat_workload_cv"": ""lower"", ""cvar90_arrival_min"": ""lower"", ""deadline_miss_rate"": ""lower"", ""duplicate_dispatches"": ""lower"", ""fake_dispatches"": ""lower"", ""latent_harm"": ""lower"", ""max_arrival_min"": ""lower"", ""mean_arrival_min"": ""lower"", ""merge_caused_misses"": ""lower"", ""split_trips"": ""lower"", ""total_fleet_workload_min"": ""lower"", ""unique_population_reached_by_deadline_rate"": ""higher"", ""unserved_genuine_incidents"": ""lower""}"
partition,product_cij,oracle,"{""policy"": ""nearest_first""}",unique_population_reached_by_deadline_rate,higher,-0.07806878878,0.1871040854,-0.07465805164,"[-0.11204375099455005, -0.045594806643065915]",-0.07806878878,2.6031233e-05,2.716784765e-05,1828,120,34,81,5,-0.417247911,-0.451874063,positive means candidate is better,120,4.1.0,test:3000-3039,a7c7a3f7ea63e57f1d98bd42f21c02aa04a69eaa37c824584a2be65f00f2d7e1,"{""numpy"": ""2.0.2"", ""pandas"": ""2.2.2"", ""python-louvain"": ""0.16"", ""scikit-learn"": ""1.6.1"", ""scipy"": ""1.16.3""}","{""additive"": {""calibration_objective"": 0.024220283682757516, ""knn"": 8, ""q"": 0.95}, ""error_model"": ""conservative-v1"", ""product"": {""knn"": 8, ""resolution"": 1.2, ""sigma_geo_m"": 900.0, ""tau_temp_min"": 60.0, ""threshold_quantile"": 0.95, ""track"": ""operational_label_free""}}","{""arrival_equity_gap_min"": ""lower"", ""boat_workload_cv"": ""lower"", ""cvar90_arrival_min"": ""lower"", ""deadline_miss_rate"": ""lower"", ""duplicate_dispatches"": ""lower"", ""fake_dispatches"": ""lower"", ""latent_harm"": ""lower"", ""max_arrival_min"": ""lower"", ""mean_arrival_min"": ""lower"", ""merge_caused_misses"": ""lower"", ""split_trips"": ""lower"", ""total_fleet_workload_min"": ""lower"", ""unique_population_reached_by_deadline_rate"": ""higher"", ""unserved_genuine_incidents"": ""lower""}"
partition,product_cij,oracle,"{""policy"": ""nearest_first""}",total_fleet_workload_min,lower,-1936.48918,473.3745691,-2027.206545,"[-2020.582240887118, -1851.3607454052992]",1936.48918,1.971951712e-21,1.774756541e-20,0,120,0,120,0,-4.090817941,-1,positive means candidate is better,120,4.1.0,test:3000-3039,a7c7a3f7ea63e57f1d98bd42f21c02aa04a69eaa37c824584a2be65f00f2d7e1,"{""numpy"": ""2.0.2"", ""pandas"": ""2.2.2"", ""python-louvain"": ""0.16"", ""scikit-learn"": ""1.6.1"", ""scipy"": ""1.16.3""}","{""additive"": {""calibration_objective"": 0.024220283682757516, ""knn"": 8, ""q"": 0.95}, ""error_model"": ""conservative-v1"", ""product"": {""knn"": 8, ""resolution"": 1.2, ""sigma_geo_m"": 900.0, ""tau_temp_min"": 60.0, ""threshold_quantile"": 0.95, ""track"": ""operational_label_free""}}","{""arrival_equity_gap_min"": ""lower"", ""boat_workload_cv"": ""lower"", ""cvar90_arrival_min"": ""lower"", ""deadline_miss_rate"": ""lower"", ""duplicate_dispatches"": ""lower"", ""fake_dispatches"": ""lower"", ""latent_harm"": ""lower"", ""max_arrival_min"": ""lower"", ""mean_arrival_min"": ""lower"", ""merge_caused_misses"": ""lower"", ""split_trips"": ""lower"", ""total_fleet_workload_min"": ""lower"", ""unique_population_reached_by_deadline_rate"": ""higher"", ""unserved_genuine_incidents"": ""lower""}"
partition,product_cij,oracle,"{""policy"": ""nearest_first""}",boat_workload_cv,lower,0.05386008809,0.07107504037,0.04452403243,"[0.04169815294860465, 0.06635386043026653]",-0.05386008809,1.628402212e-12,4.885206637e-12,933,120,94,26,0,0.7577918749,0.7429752066,positive means candidate is better,120,4.1.0,test:3000-3039,a7c7a3f7ea63e57f1d98bd42f21c02aa04a69eaa37c824584a2be65f00f2d7e1,"{""numpy"": ""2.0.2"", ""pandas"": ""2.2.2"", ""python-louvain"": ""0.16"", ""scikit-learn"": ""1.6.1"", ""scipy"": ""1.16.3""}","{""additive"": {""calibration_objective"": 0.024220283682757516, ""knn"": 8, ""q"": 0.95}, ""error_model"": ""conservative-v1"", ""product"": {""knn"": 8, ""resolution"": 1.2, ""sigma_geo_m"": 900.0, ""tau_temp_min"": 60.0, ""threshold_quantile"": 0.95, ""track"": ""operational_label_free""}}","{""arrival_equity_gap_min"": ""lower"", ""boat_workload_cv"": ""lower"", ""cvar90_arrival_min"": ""lower"", ""deadline_miss_rate"": ""lower"", ""duplicate_dispatches"": ""lower"", ""fake_dispatches"": ""lower"", ""latent_harm"": ""lower"", ""max_arrival_min"": ""lower"", ""mean_arrival_min"": ""lower"", ""merge_caused_misses"": ""lower"", ""split_trips"": ""lower"", ""total_fleet_workload_min"": ""lower"", ""unique_population_reached_by_deadline_rate"": ""higher"", ""unserved_genuine_incidents"": ""lower""}"
partition,product_cij,oracle,"{""policy"": ""nearest_first""}",arrival_equity_gap_min,lower,-388.7607109,318.383218,-312.3269632,"[-445.14013592349664, -332.891372444527]",388.7607109,7.413392221e-21,3.832443544e-20,53,120,6,114,0,-1.22104649,-0.985399449,positive means candidate is better,120,4.1.0,test:3000-3039,a7c7a3f7ea63e57f1d98bd42f21c02aa04a69eaa37c824584a2be65f00f2d7e1,"{""numpy"": ""2.0.2"", ""pandas"": ""2.2.2"", ""python-louvain"": ""0.16"", ""scikit-learn"": ""1.6.1"", ""scipy"": ""1.16.3""}","{""additive"": {""calibration_objective"": 0.024220283682757516, ""knn"": 8, ""q"": 0.95}, ""error_model"": ""conservative-v1"", ""product"": {""knn"": 8, ""resolution"": 1.2, ""sigma_geo_m"": 900.0, ""tau_temp_min"": 60.0, ""threshold_quantile"": 0.95, ""track"": ""operational_label_free""}}","{""arrival_equity_gap_min"": ""lower"", ""boat_workload_cv"": ""lower"", ""cvar90_arrival_min"": ""lower"", ""deadline_miss_rate"": ""lower"", ""duplicate_dispatches"": ""lower"", ""fake_dispatches"": ""lower"", ""latent_harm"": ""lower"", ""max_arrival_min"": ""lower"", ""mean_arrival_min"": ""lower"", ""merge_caused_misses"": ""lower"", ""split_trips"": ""lower"", ""total_fleet_workload_min"": ""lower"", ""unique_population_reached_by_deadline_rate"": ""higher"", ""unserved_genuine_incidents"": ""lower""}"
partition,product_cij,oracle,"{""policy"": ""nearest_first""}",split_trips,lower,-2.3,1.254236518,-2,"[-2.525, -2.0833333333333335]",2.3,7.046961533e-22,7.751657686e-21,0,120,0,120,0,-1.833784909,-1,positive means candidate is better,120,4.1.0,test:3000-3039,a7c7a3f7ea63e57f1d98bd42f21c02aa04a69eaa37c824584a2be65f00f2d7e1,"{""numpy"": ""2.0.2"", ""pandas"": ""2.2.2"", ""python-louvain"": ""0.16"", ""scikit-learn"": ""1.6.1"", ""scipy"": ""1.16.3""}","{""additive"": {""calibration_objective"": 0.024220283682757516, ""knn"": 8, ""q"": 0.95}, ""error_model"": ""conservative-v1"", ""product"": {""knn"": 8, ""resolution"": 1.2, ""sigma_geo_m"": 900.0, ""tau_temp_min"": 60.0, ""threshold_quantile"": 0.95, ""track"": ""operational_label_free""}}","{""arrival_equity_gap_min"": ""lower"", ""boat_workload_cv"": ""lower"", ""cvar90_arrival_min"": ""lower"", ""deadline_miss_rate"": ""lower"", ""duplicate_dispatches"": ""lower"", ""fake_dispatches"": ""lower"", ""latent_harm"": ""lower"", ""max_arrival_min"": ""lower"", ""mean_arrival_min"": ""lower"", ""merge_caused_misses"": ""lower"", ""split_trips"": ""lower"", ""total_fleet_workload_min"": ""lower"", ""unique_population_reached_by_deadline_rate"": ""higher"", ""unserved_genuine_incidents"": ""lower""}"
partition,product_cij,oracle,"{""policy"": ""nearest_first""}",merge_caused_misses,lower,-1.025,0.1567795648,-1,"[-1.0583333333333333, -1.0]",1.025,2.607773089e-27,3.650882324e-26,0,120,0,120,0,-6.537841851,-1,positive means candidate is better,120,4.1.0,test:3000-3039,a7c7a3f7ea63e57f1d98bd42f21c02aa04a69eaa37c824584a2be65f00f2d7e1,"{""numpy"": ""2.0.2"", ""pandas"": ""2.2.2"", ""python-louvain"": ""0.16"", ""scikit-learn"": ""1.6.1"", ""scipy"": ""1.16.3""}","{""additive"": {""calibration_objective"": 0.024220283682757516, ""knn"": 8, ""q"": 0.95}, ""error_model"": ""conservative-v1"", ""product"": {""knn"": 8, ""resolution"": 1.2, ""sigma_geo_m"": 900.0, ""tau_temp_min"": 60.0, ""threshold_quantile"": 0.95, ""track"": ""operational_label_free""}}","{""arrival_equity_gap_min"": ""lower"", ""boat_workload_cv"": ""lower"", ""cvar90_arrival_min"": ""lower"", ""deadline_miss_rate"": ""lower"", ""duplicate_dispatches"": ""lower"", ""fake_dispatches"": ""lower"", ""latent_harm"": ""lower"", ""max_arrival_min"": ""lower"", ""mean_arrival_min"": ""lower"", ""merge_caused_misses"": ""lower"", ""split_trips"": ""lower"", ""total_fleet_workload_min"": ""lower"", ""unique_population_reached_by_deadline_rate"": ""higher"", ""unserved_genuine_incidents"": ""lower""}"
partition,product_cij,oracle,"{""policy"": ""nearest_first""}",fake_dispatches,lower,-34.9,0.3012578672,-35,"[-34.95, -34.84166666666667]",34.9,8.674797436e-26,1.040975692e-24,0,120,0,120,0,-115.847597,-1,positive means candidate is better,120,4.1.0,test:3000-3039,a7c7a3f7ea63e57f1d98bd42f21c02aa04a69eaa37c824584a2be65f00f2d7e1,"{""numpy"": ""2.0.2"", ""pandas"": ""2.2.2"", ""python-louvain"": ""0.16"", ""scikit-learn"": ""1.6.1"", ""scipy"": ""1.16.3""}","{""additive"": {""calibration_objective"": 0.024220283682757516, ""knn"": 8, ""q"": 0.95}, ""error_model"": ""conservative-v1"", ""product"": {""knn"": 8, ""resolution"": 1.2, ""sigma_geo_m"": 900.0, ""tau_temp_min"": 60.0, ""threshold_quantile"": 0.95, ""track"": ""operational_label_free""}}","{""arrival_equity_gap_min"": ""lower"", ""boat_workload_cv"": ""lower"", ""cvar90_arrival_min"": ""lower"", ""deadline_miss_rate"": ""lower"", ""duplicate_dispatches"": ""lower"", ""fake_dispatches"": ""lower"", ""latent_harm"": ""lower"", ""max_arrival_min"": ""lower"", ""mean_arrival_min"": ""lower"", ""merge_caused_misses"": ""lower"", ""split_trips"": ""lower"", ""total_fleet_workload_min"": ""lower"", ""unique_population_reached_by_deadline_rate"": ""higher"", ""unserved_genuine_incidents"": ""lower""}"
partition,product_cij,oracle,"{""policy"": ""nearest_first""}",duplicate_dispatches,lower,-2.3,1.254236518,-2,"[-2.525, -2.0833333333333335]",2.3,7.046961533e-22,7.751657686e-21,0,120,0,120,0,-1.833784909,-1,positive means candidate is better,120,4.1.0,test:3000-3039,a7c7a3f7ea63e57f1d98bd42f21c02aa04a69eaa37c824584a2be65f00f2d7e1,"{""numpy"": ""2.0.2"", ""pandas"": ""2.2.2"", ""python-louvain"": ""0.16"", ""scikit-learn"": ""1.6.1"", ""scipy"": ""1.16.3""}","{""additive"": {""calibration_objective"": 0.024220283682757516, ""knn"": 8, ""q"": 0.95}, ""error_model"": ""conservative-v1"", ""product"": {""knn"": 8, ""resolution"": 1.2, ""sigma_geo_m"": 900.0, ""tau_temp_min"": 60.0, ""threshold_quantile"": 0.95, ""track"": ""operational_label_free""}}","{""arrival_equity_gap_min"": ""lower"", ""boat_workload_cv"": ""lower"", ""cvar90_arrival_min"": ""lower"", ""deadline_miss_rate"": ""lower"", ""duplicate_dispatches"": ""lower"", ""fake_dispatches"": ""lower"", ""latent_harm"": ""lower"", ""max_arrival_min"": ""lower"", ""mean_arrival_min"": ""lower"", ""merge_caused_misses"": ""lower"", ""split_trips"": ""lower"", ""total_fleet_workload_min"": ""lower"", ""unique_population_reached_by_deadline_rate"": ""higher"", ""unserved_genuine_incidents"": ""lower""}"
partition,product_cij,oracle,"{""policy"": ""nearest_first""}",unserved_genuine_incidents,lower,-1.025,0.1567795648,-1,"[-1.0583333333333333, -1.0]",1.025,2.607773089e-27,3.650882324e-26,0,120,0,120,0,-6.537841851,-1,positive means candidate is better,120,4.1.0,test:3000-3039,a7c7a3f7ea63e57f1d98bd42f21c02aa04a69eaa37c824584a2be65f00f2d7e1,"{""numpy"": ""2.0.2"", ""pandas"": ""2.2.2"", ""python-louvain"": ""0.16"", ""scikit-learn"": ""1.6.1"", ""scipy"": ""1.16.3""}","{""additive"": {""calibration_objective"": 0.024220283682757516, ""knn"": 8, ""q"": 0.95}, ""error_model"": ""conservative-v1"", ""product"": {""knn"": 8, ""resolution"": 1.2, ""sigma_geo_m"": 900.0, ""tau_temp_min"": 60.0, ""threshold_quantile"": 0.95, ""track"": ""operational_label_free""}}","{""arrival_equity_gap_min"": ""lower"", ""boat_workload_cv"": ""lower"", ""cvar90_arrival_min"": ""lower"", ""deadline_miss_rate"": ""lower"", ""duplicate_dispatches"": ""lower"", ""fake_dispatches"": ""lower"", ""latent_harm"": ""lower"", ""max_arrival_min"": ""lower"", ""mean_arrival_min"": ""lower"", ""merge_caused_misses"": ""lower"", ""split_trips"": ""lower"", ""total_fleet_workload_min"": ""lower"", ""unique_population_reached_by_deadline_rate"": ""higher"", ""unserved_genuine_incidents"": ""lower""}"
partition,product_cij,additive_cij_matched_density,"{""policy"": ""nearest_first""}",latent_harm,lower,-50.67818607,98.28660673,-37.38151504,"[-68.73926694336198, -33.569697454573785]",50.67818607,3.744200491e-10,3.744200491e-09,1238,120,27,93,0,-0.5156163973,-0.658953168,positive means candidate is better,120,4.1.0,test:3000-3039,a7c7a3f7ea63e57f1d98bd42f21c02aa04a69eaa37c824584a2be65f00f2d7e1,"{""numpy"": ""2.0.2"", ""pandas"": ""2.2.2"", ""python-louvain"": ""0.16"", ""scikit-learn"": ""1.6.1"", ""scipy"": ""1.16.3""}","{""additive"": {""calibration_objective"": 0.024220283682757516, ""knn"": 8, ""q"": 0.95}, ""error_model"": ""conservative-v1"", ""product"": {""knn"": 8, ""resolution"": 1.2, ""sigma_geo_m"": 900.0, ""tau_temp_min"": 60.0, ""threshold_quantile"": 0.95, ""track"": ""operational_label_free""}}","{""arrival_equity_gap_min"": ""lower"", ""boat_workload_cv"": ""lower"", ""cvar90_arrival_min"": ""lower"", ""deadline_miss_rate"": ""lower"", ""duplicate_dispatches"": ""lower"", ""fake_dispatches"": ""lower"", ""latent_harm"": ""lower"", ""max_arrival_min"": ""lower"", ""mean_arrival_min"": ""lower"", ""merge_caused_misses"": ""lower"", ""split_trips"": ""lower"", ""total_fleet_workload_min"": ""lower"", ""unique_population_reached_by_deadline_rate"": ""higher"", ""unserved_genuine_incidents"": ""lower""}"
partition,product_cij,additive_cij_matched_density,"{""policy"": ""nearest_first""}",deadline_miss_rate,lower,-0.007291666667,0.09762924171,0,"[-0.025, 0.009895833333333333]",0.007291666667,0.6134729752,1,1405,120,36,41,43,-0.07468732256,-0.06426906427,positive means candidate is better,120,4.1.0,test:3000-3039,a7c7a3f7ea63e57f1d98bd42f21c02aa04a69eaa37c824584a2be65f00f2d7e1,"{""numpy"": ""2.0.2"", ""pandas"": ""2.2.2"", ""python-louvain"": ""0.16"", ""scikit-learn"": ""1.6.1"", ""scipy"": ""1.16.3""}","{""additive"": {""calibration_objective"": 0.024220283682757516, ""knn"": 8, ""q"": 0.95}, ""error_model"": ""conservative-v1"", ""product"": {""knn"": 8, ""resolution"": 1.2, ""sigma_geo_m"": 900.0, ""tau_temp_min"": 60.0, ""threshold_quantile"": 0.95, ""track"": ""operational_label_free""}}","{""arrival_equity_gap_min"": ""lower"", ""boat_workload_cv"": ""lower"", ""cvar90_arrival_min"": ""lower"", ""deadline_miss_rate"": ""lower"", ""duplicate_dispatches"": ""lower"", ""fake_dispatches"": ""lower"", ""latent_harm"": ""lower"", ""max_arrival_min"": ""lower"", ""mean_arrival_min"": ""lower"", ""merge_caused_misses"": ""lower"", ""split_trips"": ""lower"", ""total_fleet_workload_min"": ""lower"", ""unique_population_reached_by_deadline_rate"": ""higher"", ""unserved_genuine_incidents"": ""lower""}"
partition,product_cij,additive_cij_matched_density,"{""policy"": ""nearest_first""}",mean_arrival_min,lower,-49.95068458,102.1689665,-34.89976091,"[-69.05244235388469, -32.13144606817301]",49.95068458,1.879827011e-08,1.320099073e-07,1483,120,31,89,0,-0.4889027098,-0.5914600551,positive means candidate is better,120,4.1.0,test:3000-3039,a7c7a3f7ea63e57f1d98bd42f21c02aa04a69eaa37c824584a2be65f00f2d7e1,"{""numpy"": ""2.0.2"", ""pandas"": ""2.2.2"", ""python-louvain"": ""0.16"", ""scikit-learn"": ""1.6.1"", ""scipy"": ""1.16.3""}","{""additive"": {""calibration_objective"": 0.024220283682757516, ""knn"": 8, ""q"": 0.95}, ""error_model"": ""conservative-v1"", ""product"": {""knn"": 8, ""resolution"": 1.2, ""sigma_geo_m"": 900.0, ""tau_temp_min"": 60.0, ""threshold_quantile"": 0.95, ""track"": ""operational_label_free""}}","{""arrival_equity_gap_min"": ""lower"", ""boat_workload_cv"": ""lower"", ""cvar90_arrival_min"": ""lower"", ""deadline_miss_rate"": ""lower"", ""duplicate_dispatches"": ""lower"", ""fake_dispatches"": ""lower"", ""latent_harm"": ""lower"", ""max_arrival_min"": ""lower"", ""mean_arrival_min"": ""lower"", ""merge_caused_misses"": ""lower"", ""split_trips"": ""lower"", ""total_fleet_workload_min"": ""lower"", ""unique_population_reached_by_deadline_rate"": ""higher"", ""unserved_genuine_incidents"": ""lower""}"
partition,product_cij,additive_cij_matched_density,"{""policy"": ""nearest_first""}",max_arrival_min,lower,-136.7757007,253.3678661,-96.08574375,"[-182.75928327584506, -92.82021000685727]",136.7757007,1.650123841e-08,1.320099073e-07,1250,120,31,82,7,-0.5398304953,-0.6118615122,positive means candidate is better,120,4.1.0,test:3000-3039,a7c7a3f7ea63e57f1d98bd42f21c02aa04a69eaa37c824584a2be65f00f2d7e1,"{""numpy"": ""2.0.2"", ""pandas"": ""2.2.2"", ""python-louvain"": ""0.16"", ""scikit-learn"": ""1.6.1"", ""scipy"": ""1.16.3""}","{""additive"": {""calibration_objective"": 0.024220283682757516, ""knn"": 8, ""q"": 0.95}, ""error_model"": ""conservative-v1"", ""product"": {""knn"": 8, ""resolution"": 1.2, ""sigma_geo_m"": 900.0, ""tau_temp_min"": 60.0, ""threshold_quantile"": 0.95, ""track"": ""operational_label_free""}}","{""arrival_equity_gap_min"": ""lower"", ""boat_workload_cv"": ""lower"", ""cvar90_arrival_min"": ""lower"", ""deadline_miss_rate"": ""lower"", ""duplicate_dispatches"": ""lower"", ""fake_dispatches"": ""lower"", ""latent_harm"": ""lower"", ""max_arrival_min"": ""lower"", ""mean_arrival_min"": ""lower"", ""merge_caused_misses"": ""lower"", ""split_trips"": ""lower"", ""total_fleet_workload_min"": ""lower"", ""unique_population_reached_by_deadline_rate"": ""higher"", ""unserved_genuine_incidents"": ""lower""}"
partition,product_cij,additive_cij_matched_density,"{""policy"": ""nearest_first""}",cvar90_arrival_min,lower,-135.9448015,245.032861,-110.3772583,"[-181.4128501377691, -92.84492934569792]",135.9448015,4.688965014e-09,4.220068513e-08,1361,120,32,87,1,-0.5548023269,-0.618767507,positive means candidate is better,120,4.1.0,test:3000-3039,a7c7a3f7ea63e57f1d98bd42f21c02aa04a69eaa37c824584a2be65f00f2d7e1,"{""numpy"": ""2.0.2"", ""pandas"": ""2.2.2"", ""python-louvain"": ""0.16"", ""scikit-learn"": ""1.6.1"", ""scipy"": ""1.16.3""}","{""additive"": {""calibration_objective"": 0.024220283682757516, ""knn"": 8, ""q"": 0.95}, ""error_model"": ""conservative-v1"", ""product"": {""knn"": 8, ""resolution"": 1.2, ""sigma_geo_m"": 900.0, ""tau_temp_min"": 60.0, ""threshold_quantile"": 0.95, ""track"": ""operational_label_free""}}","{""arrival_equity_gap_min"": ""lower"", ""boat_workload_cv"": ""lower"", ""cvar90_arrival_min"": ""lower"", ""deadline_miss_rate"": ""lower"", ""duplicate_dispatches"": ""lower"", ""fake_dispatches"": ""lower"", ""latent_harm"": ""lower"", ""max_arrival_min"": ""lower"", ""mean_arrival_min"": ""lower"", ""merge_caused_misses"": ""lower"", ""split_trips"": ""lower"", ""total_fleet_workload_min"": ""lower"", ""unique_population_reached_by_deadline_rate"": ""higher"", ""unserved_genuine_incidents"": ""lower""}"
partition,product_cij,additive_cij_matched_density,"{""policy"": ""nearest_first""}",unique_population_reached_by_deadline_rate,higher,-0.005608890499,0.1034562827,0,"[-0.023777357101707374, 0.01282115720442282]",-0.005608890499,0.5703567672,1,2082,120,42,52,26,-0.05421507863,-0.06741321389,positive means candidate is better,120,4.1.0,test:3000-3039,a7c7a3f7ea63e57f1d98bd42f21c02aa04a69eaa37c824584a2be65f00f2d7e1,"{""numpy"": ""2.0.2"", ""pandas"": ""2.2.2"", ""python-louvain"": ""0.16"", ""scikit-learn"": ""1.6.1"", ""scipy"": ""1.16.3""}","{""additive"": {""calibration_objective"": 0.024220283682757516, ""knn"": 8, ""q"": 0.95}, ""error_model"": ""conservative-v1"", ""product"": {""knn"": 8, ""resolution"": 1.2, ""sigma_geo_m"": 900.0, ""tau_temp_min"": 60.0, ""threshold_quantile"": 0.95, ""track"": ""operational_label_free""}}","{""arrival_equity_gap_min"": ""lower"", ""boat_workload_cv"": ""lower"", ""cvar90_arrival_min"": ""lower"", ""deadline_miss_rate"": ""lower"", ""duplicate_dispatches"": ""lower"", ""fake_dispatches"": ""lower"", ""latent_harm"": ""lower"", ""max_arrival_min"": ""lower"", ""mean_arrival_min"": ""lower"", ""merge_caused_misses"": ""lower"", ""split_trips"": ""lower"", ""total_fleet_workload_min"": ""lower"", ""unique_population_reached_by_deadline_rate"": ""higher"", ""unserved_genuine_incidents"": ""lower""}"
partition,product_cij,additive_cij_matched_density,"{""policy"": ""nearest_first""}",total_fleet_workload_min,lower,-447.2881667,342.8385397,-443.9526843,"[-508.3210962743078, -387.3254461543076]",447.2881667,1.168011381e-18,1.518414795e-17,263,120,11,109,0,-1.304661276,-0.9275482094,positive means candidate is better,120,4.1.0,test:3000-3039,a7c7a3f7ea63e57f1d98bd42f21c02aa04a69eaa37c824584a2be65f00f2d7e1,"{""numpy"": ""2.0.2"", ""pandas"": ""2.2.2"", ""python-louvain"": ""0.16"", ""scikit-learn"": ""1.6.1"", ""scipy"": ""1.16.3""}","{""additive"": {""calibration_objective"": 0.024220283682757516, ""knn"": 8, ""q"": 0.95}, ""error_model"": ""conservative-v1"", ""product"": {""knn"": 8, ""resolution"": 1.2, ""sigma_geo_m"": 900.0, ""tau_temp_min"": 60.0, ""threshold_quantile"": 0.95, ""track"": ""operational_label_free""}}","{""arrival_equity_gap_min"": ""lower"", ""boat_workload_cv"": ""lower"", ""cvar90_arrival_min"": ""lower"", ""deadline_miss_rate"": ""lower"", ""duplicate_dispatches"": ""lower"", ""fake_dispatches"": ""lower"", ""latent_harm"": ""lower"", ""max_arrival_min"": ""lower"", ""mean_arrival_min"": ""lower"", ""merge_caused_misses"": ""lower"", ""split_trips"": ""lower"", ""total_fleet_workload_min"": ""lower"", ""unique_population_reached_by_deadline_rate"": ""higher"", ""unserved_genuine_incidents"": ""lower""}"
partition,product_cij,additive_cij_matched_density,"{""policy"": ""nearest_first""}",boat_workload_cv,lower,0.003715149254,0.04556645334,0.00143374132,"[-0.004429083811513636, 0.011850626580952827]",-0.003715149254,0.3976114787,1,3307,120,62,58,0,0.08153255261,0.08898071625,positive means candidate is better,120,4.1.0,test:3000-3039,a7c7a3f7ea63e57f1d98bd42f21c02aa04a69eaa37c824584a2be65f00f2d7e1,"{""numpy"": ""2.0.2"", ""pandas"": ""2.2.2"", ""python-louvain"": ""0.16"", ""scikit-learn"": ""1.6.1"", ""scipy"": ""1.16.3""}","{""additive"": {""calibration_objective"": 0.024220283682757516, ""knn"": 8, ""q"": 0.95}, ""error_model"": ""conservative-v1"", ""product"": {""knn"": 8, ""resolution"": 1.2, ""sigma_geo_m"": 900.0, ""tau_temp_min"": 60.0, ""threshold_quantile"": 0.95, ""track"": ""operational_label_free""}}","{""arrival_equity_gap_min"": ""lower"", ""boat_workload_cv"": ""lower"", ""cvar90_arrival_min"": ""lower"", ""deadline_miss_rate"": ""lower"", ""duplicate_dispatches"": ""lower"", ""fake_dispatches"": ""lower"", ""latent_harm"": ""lower"", ""max_arrival_min"": ""lower"", ""mean_arrival_min"": ""lower"", ""merge_caused_misses"": ""lower"", ""split_trips"": ""lower"", ""total_fleet_workload_min"": ""lower"", ""unique_population_reached_by_deadline_rate"": ""higher"", ""unserved_genuine_incidents"": ""lower""}"
partition,product_cij,additive_cij_matched_density,"{""policy"": ""nearest_first""}",arrival_equity_gap_min,lower,-101.2373348,258.6174915,-65.49127352,"[-147.61994408637537, -56.54985230968338]",101.2373348,1.666686131e-05,0.0001000011679,1986,120,37,83,0,-0.3914558686,-0.452892562,positive means candidate is better,120,4.1.0,test:3000-3039,a7c7a3f7ea63e57f1d98bd42f21c02aa04a69eaa37c824584a2be65f00f2d7e1,"{""numpy"": ""2.0.2"", ""pandas"": ""2.2.2"", ""python-louvain"": ""0.16"", ""scikit-learn"": ""1.6.1"", ""scipy"": ""1.16.3""}","{""additive"": {""calibration_objective"": 0.024220283682757516, ""knn"": 8, ""q"": 0.95}, ""error_model"": ""conservative-v1"", ""product"": {""knn"": 8, ""resolution"": 1.2, ""sigma_geo_m"": 900.0, ""tau_temp_min"": 60.0, ""threshold_quantile"": 0.95, ""track"": ""operational_label_free""}}","{""arrival_equity_gap_min"": ""lower"", ""boat_workload_cv"": ""lower"", ""cvar90_arrival_min"": ""lower"", ""deadline_miss_rate"": ""lower"", ""duplicate_dispatches"": ""lower"", ""fake_dispatches"": ""lower"", ""latent_harm"": ""lower"", ""max_arrival_min"": ""lower"", ""mean_arrival_min"": ""lower"", ""merge_caused_misses"": ""lower"", ""split_trips"": ""lower"", ""total_fleet_workload_min"": ""lower"", ""unique_population_reached_by_deadline_rate"": ""higher"", ""unserved_genuine_incidents"": ""lower""}"
partition,product_cij,additive_cij_matched_density,"{""policy"": ""nearest_first""}",split_trips,lower,-1.125,1.149077087,-1,"[-1.325, -0.925]",1.125,7.359330609e-15,8.83119673e-14,322.5,120,6,93,21,-0.979046587,-0.8696969697,positive means candidate is better,120,4.1.0,test:3000-3039,a7c7a3f7ea63e57f1d98bd42f21c02aa04a69eaa37c824584a2be65f00f2d7e1,"{""numpy"": ""2.0.2"", ""pandas"": ""2.2.2"", ""python-louvain"": ""0.16"", ""scikit-learn"": ""1.6.1"", ""scipy"": ""1.16.3""}","{""additive"": {""calibration_objective"": 0.024220283682757516, ""knn"": 8, ""q"": 0.95}, ""error_model"": ""conservative-v1"", ""product"": {""knn"": 8, ""resolution"": 1.2, ""sigma_geo_m"": 900.0, ""tau_temp_min"": 60.0, ""threshold_quantile"": 0.95, ""track"": ""operational_label_free""}}","{""arrival_equity_gap_min"": ""lower"", ""boat_workload_cv"": ""lower"", ""cvar90_arrival_min"": ""lower"", ""deadline_miss_rate"": ""lower"", ""duplicate_dispatches"": ""lower"", ""fake_dispatches"": ""lower"", ""latent_harm"": ""lower"", ""max_arrival_min"": ""lower"", ""mean_arrival_min"": ""lower"", ""merge_caused_misses"": ""lower"", ""split_trips"": ""lower"", ""total_fleet_workload_min"": ""lower"", ""unique_population_reached_by_deadline_rate"": ""higher"", ""unserved_genuine_incidents"": ""lower""}"
partition,product_cij,additive_cij_matched_density,"{""policy"": ""nearest_first""}",merge_caused_misses,lower,-0.025,0.1567795648,0,"[-0.058333333333333334, 0.0]",0.025,0.08326451666,0.4163225833,0,120,0,3,117,-0.1594595573,-1,positive means candidate is better,120,4.1.0,test:3000-3039,a7c7a3f7ea63e57f1d98bd42f21c02aa04a69eaa37c824584a2be65f00f2d7e1,"{""numpy"": ""2.0.2"", ""pandas"": ""2.2.2"", ""python-louvain"": ""0.16"", ""scikit-learn"": ""1.6.1"", ""scipy"": ""1.16.3""}","{""additive"": {""calibration_objective"": 0.024220283682757516, ""knn"": 8, ""q"": 0.95}, ""error_model"": ""conservative-v1"", ""product"": {""knn"": 8, ""resolution"": 1.2, ""sigma_geo_m"": 900.0, ""tau_temp_min"": 60.0, ""threshold_quantile"": 0.95, ""track"": ""operational_label_free""}}","{""arrival_equity_gap_min"": ""lower"", ""boat_workload_cv"": ""lower"", ""cvar90_arrival_min"": ""lower"", ""deadline_miss_rate"": ""lower"", ""duplicate_dispatches"": ""lower"", ""fake_dispatches"": ""lower"", ""latent_harm"": ""lower"", ""max_arrival_min"": ""lower"", ""mean_arrival_min"": ""lower"", ""merge_caused_misses"": ""lower"", ""split_trips"": ""lower"", ""total_fleet_workload_min"": ""lower"", ""unique_population_reached_by_deadline_rate"": ""higher"", ""unserved_genuine_incidents"": ""lower""}"
partition,product_cij,additive_cij_matched_density,"{""policy"": ""nearest_first""}",fake_dispatches,lower,-8.275,2.759133039,-8,"[-8.758541666666666, -7.783333333333333]",8.275,1.589574343e-21,2.22540408e-20,0,120,0,120,0,-2.999130482,-1,positive means candidate is better,120,4.1.0,test:3000-3039,a7c7a3f7ea63e57f1d98bd42f21c02aa04a69eaa37c824584a2be65f00f2d7e1,"{""numpy"": ""2.0.2"", ""pandas"": ""2.2.2"", ""python-louvain"": ""0.16"", ""scikit-learn"": ""1.6.1"", ""scipy"": ""1.16.3""}","{""additive"": {""calibration_objective"": 0.024220283682757516, ""knn"": 8, ""q"": 0.95}, ""error_model"": ""conservative-v1"", ""product"": {""knn"": 8, ""resolution"": 1.2, ""sigma_geo_m"": 900.0, ""tau_temp_min"": 60.0, ""threshold_quantile"": 0.95, ""track"": ""operational_label_free""}}","{""arrival_equity_gap_min"": ""lower"", ""boat_workload_cv"": ""lower"", ""cvar90_arrival_min"": ""lower"", ""deadline_miss_rate"": ""lower"", ""duplicate_dispatches"": ""lower"", ""fake_dispatches"": ""lower"", ""latent_harm"": ""lower"", ""max_arrival_min"": ""lower"", ""mean_arrival_min"": ""lower"", ""merge_caused_misses"": ""lower"", ""split_trips"": ""lower"", ""total_fleet_workload_min"": ""lower"", ""unique_population_reached_by_deadline_rate"": ""higher"", ""unserved_genuine_incidents"": ""lower""}"
partition,product_cij,additive_cij_matched_density,"{""policy"": ""nearest_first""}",duplicate_dispatches,lower,-1.125,1.149077087,-1,"[-1.325, -0.925]",1.125,7.359330609e-15,8.83119673e-14,322.5,120,6,93,21,-0.979046587,-0.8696969697,positive means candidate is better,120,4.1.0,test:3000-3039,a7c7a3f7ea63e57f1d98bd42f21c02aa04a69eaa37c824584a2be65f00f2d7e1,"{""numpy"": ""2.0.2"", ""pandas"": ""2.2.2"", ""python-louvain"": ""0.16"", ""scikit-learn"": ""1.6.1"", ""scipy"": ""1.16.3""}","{""additive"": {""calibration_objective"": 0.024220283682757516, ""knn"": 8, ""q"": 0.95}, ""error_model"": ""conservative-v1"", ""product"": {""knn"": 8, ""resolution"": 1.2, ""sigma_geo_m"": 900.0, ""tau_temp_min"": 60.0, ""threshold_quantile"": 0.95, ""track"": ""operational_label_free""}}","{""arrival_equity_gap_min"": ""lower"", ""boat_workload_cv"": ""lower"", ""cvar90_arrival_min"": ""lower"", ""deadline_miss_rate"": ""lower"", ""duplicate_dispatches"": ""lower"", ""fake_dispatches"": ""lower"", ""latent_harm"": ""lower"", ""max_arrival_min"": ""lower"", ""mean_arrival_min"": ""lower"", ""merge_caused_misses"": ""lower"", ""split_trips"": ""lower"", ""total_fleet_workload_min"": ""lower"", ""unique_population_reached_by_deadline_rate"": ""higher"", ""unserved_genuine_incidents"": ""lower""}"
partition,product_cij,additive_cij_matched_density,"{""policy"": ""nearest_first""}",unserved_genuine_incidents,lower,-0.025,0.1567795648,0,"[-0.058333333333333334, 0.0]",0.025,0.08326451666,0.4163225833,0,120,0,3,117,-0.1594595573,-1,positive means candidate is better,120,4.1.0,test:3000-3039,a7c7a3f7ea63e57f1d98bd42f21c02aa04a69eaa37c824584a2be65f00f2d7e1,"{""numpy"": ""2.0.2"", ""pandas"": ""2.2.2"", ""python-louvain"": ""0.16"", ""scikit-learn"": ""1.6.1"", ""scipy"": ""1.16.3""}","{""additive"": {""calibration_objective"": 0.024220283682757516, ""knn"": 8, ""q"": 0.95}, ""error_model"": ""conservative-v1"", ""product"": {""knn"": 8, ""resolution"": 1.2, ""sigma_geo_m"": 900.0, ""tau_temp_min"": 60.0, ""threshold_quantile"": 0.95, ""track"": ""operational_label_free""}}","{""arrival_equity_gap_min"": ""lower"", ""boat_workload_cv"": ""lower"", ""cvar90_arrival_min"": ""lower"", ""deadline_miss_rate"": ""lower"", ""duplicate_dispatches"": ""lower"", ""fake_dispatches"": ""lower"", ""latent_harm"": ""lower"", ""max_arrival_min"": ""lower"", ""mean_arrival_min"": ""lower"", ""merge_caused_misses"": ""lower"", ""split_trips"": ""lower"", ""total_fleet_workload_min"": ""lower"", ""unique_population_reached_by_deadline_rate"": ""higher"", ""unserved_genuine_incidents"": ""lower""}"
partition,product_cij,oracle,"{""policy"": ""equity_aging""}",latent_harm,lower,-51.24659706,85.62455542,-43.7904158,"[-66.59583696483521, -36.471005628613604]",51.24659706,6.200047538e-09,2.480019015e-08,1411,120,30,90,0,-0.5985035112,-0.6112947658,positive means candidate is better,120,4.1.0,test:3000-3039,a7c7a3f7ea63e57f1d98bd42f21c02aa04a69eaa37c824584a2be65f00f2d7e1,"{""numpy"": ""2.0.2"", ""pandas"": ""2.2.2"", ""python-louvain"": ""0.16"", ""scikit-learn"": ""1.6.1"", ""scipy"": ""1.16.3""}","{""additive"": {""calibration_objective"": 0.024220283682757516, ""knn"": 8, ""q"": 0.95}, ""error_model"": ""conservative-v1"", ""product"": {""knn"": 8, ""resolution"": 1.2, ""sigma_geo_m"": 900.0, ""tau_temp_min"": 60.0, ""threshold_quantile"": 0.95, ""track"": ""operational_label_free""}}","{""arrival_equity_gap_min"": ""lower"", ""boat_workload_cv"": ""lower"", ""cvar90_arrival_min"": ""lower"", ""deadline_miss_rate"": ""lower"", ""duplicate_dispatches"": ""lower"", ""fake_dispatches"": ""lower"", ""latent_harm"": ""lower"", ""max_arrival_min"": ""lower"", ""mean_arrival_min"": ""lower"", ""merge_caused_misses"": ""lower"", ""split_trips"": ""lower"", ""total_fleet_workload_min"": ""lower"", ""unique_population_reached_by_deadline_rate"": ""higher"", ""unserved_genuine_incidents"": ""lower""}"
partition,product_cij,oracle,"{""policy"": ""equity_aging""}",deadline_miss_rate,lower,-0.08177083333,0.1622120577,0,"[-0.11197916666666667, -0.05416666666666667]",0.08177083333,3.910927067e-08,8.499642712e-08,176.5,120,8,52,60,-0.5040983666,-0.8071038251,positive means candidate is better,120,4.1.0,test:3000-3039,a7c7a3f7ea63e57f1d98bd42f21c02aa04a69eaa37c824584a2be65f00f2d7e1,"{""numpy"": ""2.0.2"", ""pandas"": ""2.2.2"", ""python-louvain"": ""0.16"", ""scikit-learn"": ""1.6.1"", ""scipy"": ""1.16.3""}","{""additive"": {""calibration_objective"": 0.024220283682757516, ""knn"": 8, ""q"": 0.95}, ""error_model"": ""conservative-v1"", ""product"": {""knn"": 8, ""resolution"": 1.2, ""sigma_geo_m"": 900.0, ""tau_temp_min"": 60.0, ""threshold_quantile"": 0.95, ""track"": ""operational_label_free""}}","{""arrival_equity_gap_min"": ""lower"", ""boat_workload_cv"": ""lower"", ""cvar90_arrival_min"": ""lower"", ""deadline_miss_rate"": ""lower"", ""duplicate_dispatches"": ""lower"", ""fake_dispatches"": ""lower"", ""latent_harm"": ""lower"", ""max_arrival_min"": ""lower"", ""mean_arrival_min"": ""lower"", ""merge_caused_misses"": ""lower"", ""split_trips"": ""lower"", ""total_fleet_workload_min"": ""lower"", ""unique_population_reached_by_deadline_rate"": ""higher"", ""unserved_genuine_incidents"": ""lower""}"
partition,product_cij,oracle,"{""policy"": ""equity_aging""}",mean_arrival_min,lower,-60.73583062,93.02482731,-50.73178296,"[-77.52768909322032, -44.67473967330181]",60.73583062,7.792155798e-10,3.896077899e-09,1282,120,31,89,0,-0.6528991493,-0.6468319559,positive means candidate is better,120,4.1.0,test:3000-3039,a7c7a3f7ea63e57f1d98bd42f21c02aa04a69eaa37c824584a2be65f00f2d7e1,"{""numpy"": ""2.0.2"", ""pandas"": ""2.2.2"", ""python-louvain"": ""0.16"", ""scikit-learn"": ""1.6.1"", ""scipy"": ""1.16.3""}","{""additive"": {""calibration_objective"": 0.024220283682757516, ""knn"": 8, ""q"": 0.95}, ""error_model"": ""conservative-v1"", ""product"": {""knn"": 8, ""resolution"": 1.2, ""sigma_geo_m"": 900.0, ""tau_temp_min"": 60.0, ""threshold_quantile"": 0.95, ""track"": ""operational_label_free""}}","{""arrival_equity_gap_min"": ""lower"", ""boat_workload_cv"": ""lower"", ""cvar90_arrival_min"": ""lower"", ""deadline_miss_rate"": ""lower"", ""duplicate_dispatches"": ""lower"", ""fake_dispatches"": ""lower"", ""latent_harm"": ""lower"", ""max_arrival_min"": ""lower"", ""mean_arrival_min"": ""lower"", ""merge_caused_misses"": ""lower"", ""split_trips"": ""lower"", ""total_fleet_workload_min"": ""lower"", ""unique_population_reached_by_deadline_rate"": ""higher"", ""unserved_genuine_incidents"": ""lower""}"
partition,product_cij,oracle,"{""policy"": ""equity_aging""}",max_arrival_min,lower,-222.8927473,350.3382911,-123.0068139,"[-289.440069649075, -164.93727245693495]",222.8927473,8.000881061e-15,5.600616743e-14,664,120,21,99,0,-0.6362214835,-0.8170798898,positive means candidate is better,120,4.1.0,test:3000-3039,a7c7a3f7ea63e57f1d98bd42f21c02aa04a69eaa37c824584a2be65f00f2d7e1,"{""numpy"": ""2.0.2"", ""pandas"": ""2.2.2"", ""python-louvain"": ""0.16"", ""scikit-learn"": ""1.6.1"", ""scipy"": ""1.16.3""}","{""additive"": {""calibration_objective"": 0.024220283682757516, ""knn"": 8, ""q"": 0.95}, ""error_model"": ""conservative-v1"", ""product"": {""knn"": 8, ""resolution"": 1.2, ""sigma_geo_m"": 900.0, ""tau_temp_min"": 60.0, ""threshold_quantile"": 0.95, ""track"": ""operational_label_free""}}","{""arrival_equity_gap_min"": ""lower"", ""boat_workload_cv"": ""lower"", ""cvar90_arrival_min"": ""lower"", ""deadline_miss_rate"": ""lower"", ""duplicate_dispatches"": ""lower"", ""fake_dispatches"": ""lower"", ""latent_harm"": ""lower"", ""max_arrival_min"": ""lower"", ""mean_arrival_min"": ""lower"", ""merge_caused_misses"": ""lower"", ""split_trips"": ""lower"", ""total_fleet_workload_min"": ""lower"", ""unique_population_reached_by_deadline_rate"": ""higher"", ""unserved_genuine_incidents"": ""lower""}"
partition,product_cij,oracle,"{""policy"": ""equity_aging""}",cvar90_arrival_min,lower,-175.2687735,237.8703653,-132.4086853,"[-219.14204376241304, -135.13034400836062]",175.2687735,4.434176373e-14,2.660505824e-13,748,120,21,99,0,-0.7368247545,-0.7939393939,positive means candidate is better,120,4.1.0,test:3000-3039,a7c7a3f7ea63e57f1d98bd42f21c02aa04a69eaa37c824584a2be65f00f2d7e1,"{""numpy"": ""2.0.2"", ""pandas"": ""2.2.2"", ""python-louvain"": ""0.16"", ""scikit-learn"": ""1.6.1"", ""scipy"": ""1.16.3""}","{""additive"": {""calibration_objective"": 0.024220283682757516, ""knn"": 8, ""q"": 0.95}, ""error_model"": ""conservative-v1"", ""product"": {""knn"": 8, ""resolution"": 1.2, ""sigma_geo_m"": 900.0, ""tau_temp_min"": 60.0, ""threshold_quantile"": 0.95, ""track"": ""operational_label_free""}}","{""arrival_equity_gap_min"": ""lower"", ""boat_workload_cv"": ""lower"", ""cvar90_arrival_min"": ""lower"", ""deadline_miss_rate"": ""lower"", ""duplicate_dispatches"": ""lower"", ""fake_dispatches"": ""lower"", ""latent_harm"": ""lower"", ""max_arrival_min"": ""lower"", ""mean_arrival_min"": ""lower"", ""merge_caused_misses"": ""lower"", ""split_trips"": ""lower"", ""total_fleet_workload_min"": ""lower"", ""unique_population_reached_by_deadline_rate"": ""higher"", ""unserved_genuine_incidents"": ""lower""}"
partition,product_cij,oracle,"{""policy"": ""equity_aging""}",unique_population_reached_by_deadline_rate,higher,-0.08410612349,0.1722360294,0,"[-0.11613439102521982, -0.055168437381869946]",-0.08410612349,2.833214237e-08,8.499642712e-08,223,120,10,55,55,-0.4883189874,-0.7920745921,positive means candidate is better,120,4.1.0,test:3000-3039,a7c7a3f7ea63e57f1d98bd42f21c02aa04a69eaa37c824584a2be65f00f2d7e1,"{""numpy"": ""2.0.2"", ""pandas"": ""2.2.2"", ""python-louvain"": ""0.16"", ""scikit-learn"": ""1.6.1"", ""scipy"": ""1.16.3""}","{""additive"": {""calibration_objective"": 0.024220283682757516, ""knn"": 8, ""q"": 0.95}, ""error_model"": ""conservative-v1"", ""product"": {""knn"": 8, ""resolution"": 1.2, ""sigma_geo_m"": 900.0, ""tau_temp_min"": 60.0, ""threshold_quantile"": 0.95, ""track"": ""operational_label_free""}}","{""arrival_equity_gap_min"": ""lower"", ""boat_workload_cv"": ""lower"", ""cvar90_arrival_min"": ""lower"", ""deadline_miss_rate"": ""lower"", ""duplicate_dispatches"": ""lower"", ""fake_dispatches"": ""lower"", ""latent_harm"": ""lower"", ""max_arrival_min"": ""lower"", ""mean_arrival_min"": ""lower"", ""merge_caused_misses"": ""lower"", ""split_trips"": ""lower"", ""total_fleet_workload_min"": ""lower"", ""unique_population_reached_by_deadline_rate"": ""higher"", ""unserved_genuine_incidents"": ""lower""}"
partition,product_cij,oracle,"{""policy"": ""equity_aging""}",total_fleet_workload_min,lower,-6756.359415,1168.738378,-6530.254585,"[-6960.526831646801, -6555.040548706399]",6756.359415,1.971951712e-21,1.774756541e-20,0,120,0,120,0,-5.780899767,-1,positive means candidate is better,120,4.1.0,test:3000-3039,a7c7a3f7ea63e57f1d98bd42f21c02aa04a69eaa37c824584a2be65f00f2d7e1,"{""numpy"": ""2.0.2"", ""pandas"": ""2.2.2"", ""python-louvain"": ""0.16"", ""scikit-learn"": ""1.6.1"", ""scipy"": ""1.16.3""}","{""additive"": {""calibration_objective"": 0.024220283682757516, ""knn"": 8, ""q"": 0.95}, ""error_model"": ""conservative-v1"", ""product"": {""knn"": 8, ""resolution"": 1.2, ""sigma_geo_m"": 900.0, ""tau_temp_min"": 60.0, ""threshold_quantile"": 0.95, ""track"": ""operational_label_free""}}","{""arrival_equity_gap_min"": ""lower"", ""boat_workload_cv"": ""lower"", ""cvar90_arrival_min"": ""lower"", ""deadline_miss_rate"": ""lower"", ""duplicate_dispatches"": ""lower"", ""fake_dispatches"": ""lower"", ""latent_harm"": ""lower"", ""max_arrival_min"": ""lower"", ""mean_arrival_min"": ""lower"", ""merge_caused_misses"": ""lower"", ""split_trips"": ""lower"", ""total_fleet_workload_min"": ""lower"", ""unique_population_reached_by_deadline_rate"": ""higher"", ""unserved_genuine_incidents"": ""lower""}"
partition,product_cij,oracle,"{""policy"": ""equity_aging""}",boat_workload_cv,lower,0.06443675748,0.05643253165,0.05497667023,"[0.05451993810624881, 0.074603790048264]",-0.06443675748,4.050427989e-19,3.240342391e-18,218,120,108,12,0,1.141837086,0.9399449036,positive means candidate is better,120,4.1.0,test:3000-3039,a7c7a3f7ea63e57f1d98bd42f21c02aa04a69eaa37c824584a2be65f00f2d7e1,"{""numpy"": ""2.0.2"", ""pandas"": ""2.2.2"", ""python-louvain"": ""0.16"", ""scikit-learn"": ""1.6.1"", ""scipy"": ""1.16.3""}","{""additive"": {""calibration_objective"": 0.024220283682757516, ""knn"": 8, ""q"": 0.95}, ""error_model"": ""conservative-v1"", ""product"": {""knn"": 8, ""resolution"": 1.2, ""sigma_geo_m"": 900.0, ""tau_temp_min"": 60.0, ""threshold_quantile"": 0.95, ""track"": ""operational_label_free""}}","{""arrival_equity_gap_min"": ""lower"", ""boat_workload_cv"": ""lower"", ""cvar90_arrival_min"": ""lower"", ""deadline_miss_rate"": ""lower"", ""duplicate_dispatches"": ""lower"", ""fake_dispatches"": ""lower"", ""latent_harm"": ""lower"", ""max_arrival_min"": ""lower"", ""mean_arrival_min"": ""lower"", ""merge_caused_misses"": ""lower"", ""split_trips"": ""lower"", ""total_fleet_workload_min"": ""lower"", ""unique_population_reached_by_deadline_rate"": ""higher"", ""unserved_genuine_incidents"": ""lower""}"
partition,product_cij,oracle,"{""policy"": ""equity_aging""}",arrival_equity_gap_min,lower,-44.87808203,143.830226,-12.66948108,"[-71.08034636815793, -20.63155238046628]",44.87808203,0.007980010583,0.007980010583,2617,120,52,68,0,-0.3120212162,-0.2790633609,positive means candidate is better,120,4.1.0,test:3000-3039,a7c7a3f7ea63e57f1d98bd42f21c02aa04a69eaa37c824584a2be65f00f2d7e1,"{""numpy"": ""2.0.2"", ""pandas"": ""2.2.2"", ""python-louvain"": ""0.16"", ""scikit-learn"": ""1.6.1"", ""scipy"": ""1.16.3""}","{""additive"": {""calibration_objective"": 0.024220283682757516, ""knn"": 8, ""q"": 0.95}, ""error_model"": ""conservative-v1"", ""product"": {""knn"": 8, ""resolution"": 1.2, ""sigma_geo_m"": 900.0, ""tau_temp_min"": 60.0, ""threshold_quantile"": 0.95, ""track"": ""operational_label_free""}}","{""arrival_equity_gap_min"": ""lower"", ""boat_workload_cv"": ""lower"", ""cvar90_arrival_min"": ""lower"", ""deadline_miss_rate"": ""lower"", ""duplicate_dispatches"": ""lower"", ""fake_dispatches"": ""lower"", ""latent_harm"": ""lower"", ""max_arrival_min"": ""lower"", ""mean_arrival_min"": ""lower"", ""merge_caused_misses"": ""lower"", ""split_trips"": ""lower"", ""total_fleet_workload_min"": ""lower"", ""unique_population_reached_by_deadline_rate"": ""higher"", ""unserved_genuine_incidents"": ""lower""}"
partition,product_cij,oracle,"{""policy"": ""equity_aging""}",split_trips,lower,-2.3,1.254236518,-2,"[-2.525, -2.0833333333333335]",2.3,7.046961533e-22,7.751657686e-21,0,120,0,120,0,-1.833784909,-1,positive means candidate is better,120,4.1.0,test:3000-3039,a7c7a3f7ea63e57f1d98bd42f21c02aa04a69eaa37c824584a2be65f00f2d7e1,"{""numpy"": ""2.0.2"", ""pandas"": ""2.2.2"", ""python-louvain"": ""0.16"", ""scikit-learn"": ""1.6.1"", ""scipy"": ""1.16.3""}","{""additive"": {""calibration_objective"": 0.024220283682757516, ""knn"": 8, ""q"": 0.95}, ""error_model"": ""conservative-v1"", ""product"": {""knn"": 8, ""resolution"": 1.2, ""sigma_geo_m"": 900.0, ""tau_temp_min"": 60.0, ""threshold_quantile"": 0.95, ""track"": ""operational_label_free""}}","{""arrival_equity_gap_min"": ""lower"", ""boat_workload_cv"": ""lower"", ""cvar90_arrival_min"": ""lower"", ""deadline_miss_rate"": ""lower"", ""duplicate_dispatches"": ""lower"", ""fake_dispatches"": ""lower"", ""latent_harm"": ""lower"", ""max_arrival_min"": ""lower"", ""mean_arrival_min"": ""lower"", ""merge_caused_misses"": ""lower"", ""split_trips"": ""lower"", ""total_fleet_workload_min"": ""lower"", ""unique_population_reached_by_deadline_rate"": ""higher"", ""unserved_genuine_incidents"": ""lower""}"
partition,product_cij,oracle,"{""policy"": ""equity_aging""}",merge_caused_misses,lower,-1.025,0.1567795648,-1,"[-1.0583333333333333, -1.0]",1.025,2.607773089e-27,3.650882324e-26,0,120,0,120,0,-6.537841851,-1,positive means candidate is better,120,4.1.0,test:3000-3039,a7c7a3f7ea63e57f1d98bd42f21c02aa04a69eaa37c824584a2be65f00f2d7e1,"{""numpy"": ""2.0.2"", ""pandas"": ""2.2.2"", ""python-louvain"": ""0.16"", ""scikit-learn"": ""1.6.1"", ""scipy"": ""1.16.3""}","{""additive"": {""calibration_objective"": 0.024220283682757516, ""knn"": 8, ""q"": 0.95}, ""error_model"": ""conservative-v1"", ""product"": {""knn"": 8, ""resolution"": 1.2, ""sigma_geo_m"": 900.0, ""tau_temp_min"": 60.0, ""threshold_quantile"": 0.95, ""track"": ""operational_label_free""}}","{""arrival_equity_gap_min"": ""lower"", ""boat_workload_cv"": ""lower"", ""cvar90_arrival_min"": ""lower"", ""deadline_miss_rate"": ""lower"", ""duplicate_dispatches"": ""lower"", ""fake_dispatches"": ""lower"", ""latent_harm"": ""lower"", ""max_arrival_min"": ""lower"", ""mean_arrival_min"": ""lower"", ""merge_caused_misses"": ""lower"", ""split_trips"": ""lower"", ""total_fleet_workload_min"": ""lower"", ""unique_population_reached_by_deadline_rate"": ""higher"", ""unserved_genuine_incidents"": ""lower""}"
partition,product_cij,oracle,"{""policy"": ""equity_aging""}",fake_dispatches,lower,-34.9,0.3012578672,-35,"[-34.95, -34.84166666666667]",34.9,8.674797436e-26,1.040975692e-24,0,120,0,120,0,-115.847597,-1,positive means candidate is better,120,4.1.0,test:3000-3039,a7c7a3f7ea63e57f1d98bd42f21c02aa04a69eaa37c824584a2be65f00f2d7e1,"{""numpy"": ""2.0.2"", ""pandas"": ""2.2.2"", ""python-louvain"": ""0.16"", ""scikit-learn"": ""1.6.1"", ""scipy"": ""1.16.3""}","{""additive"": {""calibration_objective"": 0.024220283682757516, ""knn"": 8, ""q"": 0.95}, ""error_model"": ""conservative-v1"", ""product"": {""knn"": 8, ""resolution"": 1.2, ""sigma_geo_m"": 900.0, ""tau_temp_min"": 60.0, ""threshold_quantile"": 0.95, ""track"": ""operational_label_free""}}","{""arrival_equity_gap_min"": ""lower"", ""boat_workload_cv"": ""lower"", ""cvar90_arrival_min"": ""lower"", ""deadline_miss_rate"": ""lower"", ""duplicate_dispatches"": ""lower"", ""fake_dispatches"": ""lower"", ""latent_harm"": ""lower"", ""max_arrival_min"": ""lower"", ""mean_arrival_min"": ""lower"", ""merge_caused_misses"": ""lower"", ""split_trips"": ""lower"", ""total_fleet_workload_min"": ""lower"", ""unique_population_reached_by_deadline_rate"": ""higher"", ""unserved_genuine_incidents"": ""lower""}"
partition,product_cij,oracle,"{""policy"": ""equity_aging""}",duplicate_dispatches,lower,-2.3,1.254236518,-2,"[-2.525, -2.0833333333333335]",2.3,7.046961533e-22,7.751657686e-21,0,120,0,120,0,-1.833784909,-1,positive means candidate is better,120,4.1.0,test:3000-3039,a7c7a3f7ea63e57f1d98bd42f21c02aa04a69eaa37c824584a2be65f00f2d7e1,"{""numpy"": ""2.0.2"", ""pandas"": ""2.2.2"", ""python-louvain"": ""0.16"", ""scikit-learn"": ""1.6.1"", ""scipy"": ""1.16.3""}","{""additive"": {""calibration_objective"": 0.024220283682757516, ""knn"": 8, ""q"": 0.95}, ""error_model"": ""conservative-v1"", ""product"": {""knn"": 8, ""resolution"": 1.2, ""sigma_geo_m"": 900.0, ""tau_temp_min"": 60.0, ""threshold_quantile"": 0.95, ""track"": ""operational_label_free""}}","{""arrival_equity_gap_min"": ""lower"", ""boat_workload_cv"": ""lower"", ""cvar90_arrival_min"": ""lower"", ""deadline_miss_rate"": ""lower"", ""duplicate_dispatches"": ""lower"", ""fake_dispatches"": ""lower"", ""latent_harm"": ""lower"", ""max_arrival_min"": ""lower"", ""mean_arrival_min"": ""lower"", ""merge_caused_misses"": ""lower"", ""split_trips"": ""lower"", ""total_fleet_workload_min"": ""lower"", ""unique_population_reached_by_deadline_rate"": ""higher"", ""unserved_genuine_incidents"": ""lower""}"
partition,product_cij,oracle,"{""policy"": ""equity_aging""}",unserved_genuine_incidents,lower,-1.025,0.1567795648,-1,"[-1.0583333333333333, -1.0]",1.025,2.607773089e-27,3.650882324e-26,0,120,0,120,0,-6.537841851,-1,positive means candidate is better,120,4.1.0,test:3000-3039,a7c7a3f7ea63e57f1d98bd42f21c02aa04a69eaa37c824584a2be65f00f2d7e1,"{""numpy"": ""2.0.2"", ""pandas"": ""2.2.2"", ""python-louvain"": ""0.16"", ""scikit-learn"": ""1.6.1"", ""scipy"": ""1.16.3""}","{""additive"": {""calibration_objective"": 0.024220283682757516, ""knn"": 8, ""q"": 0.95}, ""error_model"": ""conservative-v1"", ""product"": {""knn"": 8, ""resolution"": 1.2, ""sigma_geo_m"": 900.0, ""tau_temp_min"": 60.0, ""threshold_quantile"": 0.95, ""track"": ""operational_label_free""}}","{""arrival_equity_gap_min"": ""lower"", ""boat_workload_cv"": ""lower"", ""cvar90_arrival_min"": ""lower"", ""deadline_miss_rate"": ""lower"", ""duplicate_dispatches"": ""lower"", ""fake_dispatches"": ""lower"", ""latent_harm"": ""lower"", ""max_arrival_min"": ""lower"", ""mean_arrival_min"": ""lower"", ""merge_caused_misses"": ""lower"", ""split_trips"": ""lower"", ""total_fleet_workload_min"": ""lower"", ""unique_population_reached_by_deadline_rate"": ""higher"", ""unserved_genuine_incidents"": ""lower""}"
partition,product_cij,additive_cij_matched_density,"{""policy"": ""equity_aging""}",latent_harm,lower,-31.34596809,52.05876962,-18.07053635,"[-40.481564901302164, -22.219232883943242]",31.34596809,1.687059027e-10,1.396910026e-09,1191,120,24,96,0,-0.6021265641,-0.6719008264,positive means candidate is better,120,4.1.0,test:3000-3039,a7c7a3f7ea63e57f1d98bd42f21c02aa04a69eaa37c824584a2be65f00f2d7e1,"{""numpy"": ""2.0.2"", ""pandas"": ""2.2.2"", ""python-louvain"": ""0.16"", ""scikit-learn"": ""1.6.1"", ""scipy"": ""1.16.3""}","{""additive"": {""calibration_objective"": 0.024220283682757516, ""knn"": 8, ""q"": 0.95}, ""error_model"": ""conservative-v1"", ""product"": {""knn"": 8, ""resolution"": 1.2, ""sigma_geo_m"": 900.0, ""tau_temp_min"": 60.0, ""threshold_quantile"": 0.95, ""track"": ""operational_label_free""}}","{""arrival_equity_gap_min"": ""lower"", ""boat_workload_cv"": ""lower"", ""cvar90_arrival_min"": ""lower"", ""deadline_miss_rate"": ""lower"", ""duplicate_dispatches"": ""lower"", ""fake_dispatches"": ""lower"", ""latent_harm"": ""lower"", ""max_arrival_min"": ""lower"", ""mean_arrival_min"": ""lower"", ""merge_caused_misses"": ""lower"", ""split_trips"": ""lower"", ""total_fleet_workload_min"": ""lower"", ""unique_population_reached_by_deadline_rate"": ""higher"", ""unserved_genuine_incidents"": ""lower""}"
partition,product_cij,additive_cij_matched_density,"{""policy"": ""equity_aging""}",deadline_miss_rate,lower,-0.009375,0.06514870675,0,"[-0.021354166666666667, 0.0020833333333333333]",0.009375,0.09022764773,0.2579562078,92,120,8,16,96,-0.1439015518,-0.3866666667,positive means candidate is better,120,4.1.0,test:3000-3039,a7c7a3f7ea63e57f1d98bd42f21c02aa04a69eaa37c824584a2be65f00f2d7e1,"{""numpy"": ""2.0.2"", ""pandas"": ""2.2.2"", ""python-louvain"": ""0.16"", ""scikit-learn"": ""1.6.1"", ""scipy"": ""1.16.3""}","{""additive"": {""calibration_objective"": 0.024220283682757516, ""knn"": 8, ""q"": 0.95}, ""error_model"": ""conservative-v1"", ""product"": {""knn"": 8, ""resolution"": 1.2, ""sigma_geo_m"": 900.0, ""tau_temp_min"": 60.0, ""threshold_quantile"": 0.95, ""track"": ""operational_label_free""}}","{""arrival_equity_gap_min"": ""lower"", ""boat_workload_cv"": ""lower"", ""cvar90_arrival_min"": ""lower"", ""deadline_miss_rate"": ""lower"", ""duplicate_dispatches"": ""lower"", ""fake_dispatches"": ""lower"", ""latent_harm"": ""lower"", ""max_arrival_min"": ""lower"", ""mean_arrival_min"": ""lower"", ""merge_caused_misses"": ""lower"", ""split_trips"": ""lower"", ""total_fleet_workload_min"": ""lower"", ""unique_population_reached_by_deadline_rate"": ""higher"", ""unserved_genuine_incidents"": ""lower""}"
partition,product_cij,additive_cij_matched_density,"{""policy"": ""equity_aging""}",mean_arrival_min,lower,-32.65128356,53.62776762,-21.2134111,"[-42.1919351669989, -22.970780617044973]",32.65128356,1.396910026e-10,1.396910026e-09,1180,120,26,94,0,-0.6088503216,-0.6749311295,positive means candidate is better,120,4.1.0,test:3000-3039,a7c7a3f7ea63e57f1d98bd42f21c02aa04a69eaa37c824584a2be65f00f2d7e1,"{""numpy"": ""2.0.2"", ""pandas"": ""2.2.2"", ""python-louvain"": ""0.16"", ""scikit-learn"": ""1.6.1"", ""scipy"": ""1.16.3""}","{""additive"": {""calibration_objective"": 0.024220283682757516, ""knn"": 8, ""q"": 0.95}, ""error_model"": ""conservative-v1"", ""product"": {""knn"": 8, ""resolution"": 1.2, ""sigma_geo_m"": 900.0, ""tau_temp_min"": 60.0, ""threshold_quantile"": 0.95, ""track"": ""operational_label_free""}}","{""arrival_equity_gap_min"": ""lower"", ""boat_workload_cv"": ""lower"", ""cvar90_arrival_min"": ""lower"", ""deadline_miss_rate"": ""lower"", ""duplicate_dispatches"": ""lower"", ""fake_dispatches"": ""lower"", ""latent_harm"": ""lower"", ""max_arrival_min"": ""lower"", ""mean_arrival_min"": ""lower"", ""merge_caused_misses"": ""lower"", ""split_trips"": ""lower"", ""total_fleet_workload_min"": ""lower"", ""unique_population_reached_by_deadline_rate"": ""higher"", ""unserved_genuine_incidents"": ""lower""}"
partition,product_cij,additive_cij_matched_density,"{""policy"": ""equity_aging""}",max_arrival_min,lower,-88.24878005,182.883954,-42.20649612,"[-120.80029964805689, -55.150931878206556]",88.24878005,3.010032427e-09,2.107022699e-08,1008,120,23,85,12,-0.4825397641,-0.6574923547,positive means candidate is better,120,4.1.0,test:3000-3039,a7c7a3f7ea63e57f1d98bd42f21c02aa04a69eaa37c824584a2be65f00f2d7e1,"{""numpy"": ""2.0.2"", ""pandas"": ""2.2.2"", ""python-louvain"": ""0.16"", ""scikit-learn"": ""1.6.1"", ""scipy"": ""1.16.3""}","{""additive"": {""calibration_objective"": 0.024220283682757516, ""knn"": 8, ""q"": 0.95}, ""error_model"": ""conservative-v1"", ""product"": {""knn"": 8, ""resolution"": 1.2, ""sigma_geo_m"": 900.0, ""tau_temp_min"": 60.0, ""threshold_quantile"": 0.95, ""track"": ""operational_label_free""}}","{""arrival_equity_gap_min"": ""lower"", ""boat_workload_cv"": ""lower"", ""cvar90_arrival_min"": ""lower"", ""deadline_miss_rate"": ""lower"", ""duplicate_dispatches"": ""lower"", ""fake_dispatches"": ""lower"", ""latent_harm"": ""lower"", ""max_arrival_min"": ""lower"", ""mean_arrival_min"": ""lower"", ""merge_caused_misses"": ""lower"", ""split_trips"": ""lower"", ""total_fleet_workload_min"": ""lower"", ""unique_population_reached_by_deadline_rate"": ""higher"", ""unserved_genuine_incidents"": ""lower""}"
partition,product_cij,additive_cij_matched_density,"{""policy"": ""equity_aging""}",cvar90_arrival_min,lower,-75.83779036,130.2990348,-53.3864492,"[-99.52719202919897, -52.40881356038544]",75.83779036,1.492505199e-10,1.396910026e-09,1125,120,27,91,2,-0.582028796,-0.6795328301,positive means candidate is better,120,4.1.0,test:3000-3039,a7c7a3f7ea63e57f1d98bd42f21c02aa04a69eaa37c824584a2be65f00f2d7e1,"{""numpy"": ""2.0.2"", ""pandas"": ""2.2.2"", ""python-louvain"": ""0.16"", ""scikit-learn"": ""1.6.1"", ""scipy"": ""1.16.3""}","{""additive"": {""calibration_objective"": 0.024220283682757516, ""knn"": 8, ""q"": 0.95}, ""error_model"": ""conservative-v1"", ""product"": {""knn"": 8, ""resolution"": 1.2, ""sigma_geo_m"": 900.0, ""tau_temp_min"": 60.0, ""threshold_quantile"": 0.95, ""track"": ""operational_label_free""}}","{""arrival_equity_gap_min"": ""lower"", ""boat_workload_cv"": ""lower"", ""cvar90_arrival_min"": ""lower"", ""deadline_miss_rate"": ""lower"", ""duplicate_dispatches"": ""lower"", ""fake_dispatches"": ""lower"", ""latent_harm"": ""lower"", ""max_arrival_min"": ""lower"", ""mean_arrival_min"": ""lower"", ""merge_caused_misses"": ""lower"", ""split_trips"": ""lower"", ""total_fleet_workload_min"": ""lower"", ""unique_population_reached_by_deadline_rate"": ""higher"", ""unserved_genuine_incidents"": ""lower""}"
partition,product_cij,additive_cij_matched_density,"{""policy"": ""equity_aging""}",unique_population_reached_by_deadline_rate,higher,-0.009881449101,0.05941340116,0,"[-0.02105752532462252, 0.00034090846631124337]",-0.009881449101,0.06448905196,0.2579562078,132,120,9,20,91,-0.1663168394,-0.3931034483,positive means candidate is better,120,4.1.0,test:3000-3039,a7c7a3f7ea63e57f1d98bd42f21c02aa04a69eaa37c824584a2be65f00f2d7e1,"{""numpy"": ""2.0.2"", ""pandas"": ""2.2.2"", ""python-louvain"": ""0.16"", ""scikit-learn"": ""1.6.1"", ""scipy"": ""1.16.3""}","{""additive"": {""calibration_objective"": 0.024220283682757516, ""knn"": 8, ""q"": 0.95}, ""error_model"": ""conservative-v1"", ""product"": {""knn"": 8, ""resolution"": 1.2, ""sigma_geo_m"": 900.0, ""tau_temp_min"": 60.0, ""threshold_quantile"": 0.95, ""track"": ""operational_label_free""}}","{""arrival_equity_gap_min"": ""lower"", ""boat_workload_cv"": ""lower"", ""cvar90_arrival_min"": ""lower"", ""deadline_miss_rate"": ""lower"", ""duplicate_dispatches"": ""lower"", ""fake_dispatches"": ""lower"", ""latent_harm"": ""lower"", ""max_arrival_min"": ""lower"", ""mean_arrival_min"": ""lower"", ""merge_caused_misses"": ""lower"", ""split_trips"": ""lower"", ""total_fleet_workload_min"": ""lower"", ""unique_population_reached_by_deadline_rate"": ""higher"", ""unserved_genuine_incidents"": ""lower""}"
partition,product_cij,additive_cij_matched_density,"{""policy"": ""equity_aging""}",total_fleet_workload_min,lower,-1873.074377,833.5914235,-1837.548622,"[-2021.2359105799724, -1722.0669350335234]",1873.074377,2.180672522e-21,2.834874278e-20,4,120,1,119,0,-2.24699334,-0.9988980716,positive means candidate is better,120,4.1.0,test:3000-3039,a7c7a3f7ea63e57f1d98bd42f21c02aa04a69eaa37c824584a2be65f00f2d7e1,"{""numpy"": ""2.0.2"", ""pandas"": ""2.2.2"", ""python-louvain"": ""0.16"", ""scikit-learn"": ""1.6.1"", ""scipy"": ""1.16.3""}","{""additive"": {""calibration_objective"": 0.024220283682757516, ""knn"": 8, ""q"": 0.95}, ""error_model"": ""conservative-v1"", ""product"": {""knn"": 8, ""resolution"": 1.2, ""sigma_geo_m"": 900.0, ""tau_temp_min"": 60.0, ""threshold_quantile"": 0.95, ""track"": ""operational_label_free""}}","{""arrival_equity_gap_min"": ""lower"", ""boat_workload_cv"": ""lower"", ""cvar90_arrival_min"": ""lower"", ""deadline_miss_rate"": ""lower"", ""duplicate_dispatches"": ""lower"", ""fake_dispatches"": ""lower"", ""latent_harm"": ""lower"", ""max_arrival_min"": ""lower"", ""mean_arrival_min"": ""lower"", ""merge_caused_misses"": ""lower"", ""split_trips"": ""lower"", ""total_fleet_workload_min"": ""lower"", ""unique_population_reached_by_deadline_rate"": ""higher"", ""unserved_genuine_incidents"": ""lower""}"
partition,product_cij,additive_cij_matched_density,"{""policy"": ""equity_aging""}",boat_workload_cv,lower,0.005859115926,0.01627480767,0.004282829246,"[0.0030501459046020636, 0.00882590373182914]",-0.005859115926,0.0004582447225,0.002749468335,2292,120,75,45,0,0.3600113775,0.3685950413,positive means candidate is better,120,4.1.0,test:3000-3039,a7c7a3f7ea63e57f1d98bd42f21c02aa04a69eaa37c824584a2be65f00f2d7e1,"{""numpy"": ""2.0.2"", ""pandas"": ""2.2.2"", ""python-louvain"": ""0.16"", ""scikit-learn"": ""1.6.1"", ""scipy"": ""1.16.3""}","{""additive"": {""calibration_objective"": 0.024220283682757516, ""knn"": 8, ""q"": 0.95}, ""error_model"": ""conservative-v1"", ""product"": {""knn"": 8, ""resolution"": 1.2, ""sigma_geo_m"": 900.0, ""tau_temp_min"": 60.0, ""threshold_quantile"": 0.95, ""track"": ""operational_label_free""}}","{""arrival_equity_gap_min"": ""lower"", ""boat_workload_cv"": ""lower"", ""cvar90_arrival_min"": ""lower"", ""deadline_miss_rate"": ""lower"", ""duplicate_dispatches"": ""lower"", ""fake_dispatches"": ""lower"", ""latent_harm"": ""lower"", ""max_arrival_min"": ""lower"", ""mean_arrival_min"": ""lower"", ""merge_caused_misses"": ""lower"", ""split_trips"": ""lower"", ""total_fleet_workload_min"": ""lower"", ""unique_population_reached_by_deadline_rate"": ""higher"", ""unserved_genuine_incidents"": ""lower""}"
partition,product_cij,additive_cij_matched_density,"{""policy"": ""equity_aging""}",arrival_equity_gap_min,lower,-15.96357559,102.7586337,-16.11661131,"[-33.95139472912579, 2.5598919651155314]",15.96357559,0.01027330787,0.05136653933,2650,120,39,81,0,-0.1553502125,-0.2699724518,positive means candidate is better,120,4.1.0,test:3000-3039,a7c7a3f7ea63e57f1d98bd42f21c02aa04a69eaa37c824584a2be65f00f2d7e1,"{""numpy"": ""2.0.2"", ""pandas"": ""2.2.2"", ""python-louvain"": ""0.16"", ""scikit-learn"": ""1.6.1"", ""scipy"": ""1.16.3""}","{""additive"": {""calibration_objective"": 0.024220283682757516, ""knn"": 8, ""q"": 0.95}, ""error_model"": ""conservative-v1"", ""product"": {""knn"": 8, ""resolution"": 1.2, ""sigma_geo_m"": 900.0, ""tau_temp_min"": 60.0, ""threshold_quantile"": 0.95, ""track"": ""operational_label_free""}}","{""arrival_equity_gap_min"": ""lower"", ""boat_workload_cv"": ""lower"", ""cvar90_arrival_min"": ""lower"", ""deadline_miss_rate"": ""lower"", ""duplicate_dispatches"": ""lower"", ""fake_dispatches"": ""lower"", ""latent_harm"": ""lower"", ""max_arrival_min"": ""lower"", ""mean_arrival_min"": ""lower"", ""merge_caused_misses"": ""lower"", ""split_trips"": ""lower"", ""total_fleet_workload_min"": ""lower"", ""unique_population_reached_by_deadline_rate"": ""higher"", ""unserved_genuine_incidents"": ""lower""}"
partition,product_cij,additive_cij_matched_density,"{""policy"": ""equity_aging""}",split_trips,lower,-1.125,1.149077087,-1,"[-1.325, -0.925]",1.125,7.359330609e-15,8.83119673e-14,322.5,120,6,93,21,-0.979046587,-0.8696969697,positive means candidate is better,120,4.1.0,test:3000-3039,a7c7a3f7ea63e57f1d98bd42f21c02aa04a69eaa37c824584a2be65f00f2d7e1,"{""numpy"": ""2.0.2"", ""pandas"": ""2.2.2"", ""python-louvain"": ""0.16"", ""scikit-learn"": ""1.6.1"", ""scipy"": ""1.16.3""}","{""additive"": {""calibration_objective"": 0.024220283682757516, ""knn"": 8, ""q"": 0.95}, ""error_model"": ""conservative-v1"", ""product"": {""knn"": 8, ""resolution"": 1.2, ""sigma_geo_m"": 900.0, ""tau_temp_min"": 60.0, ""threshold_quantile"": 0.95, ""track"": ""operational_label_free""}}","{""arrival_equity_gap_min"": ""lower"", ""boat_workload_cv"": ""lower"", ""cvar90_arrival_min"": ""lower"", ""deadline_miss_rate"": ""lower"", ""duplicate_dispatches"": ""lower"", ""fake_dispatches"": ""lower"", ""latent_harm"": ""lower"", ""max_arrival_min"": ""lower"", ""mean_arrival_min"": ""lower"", ""merge_caused_misses"": ""lower"", ""split_trips"": ""lower"", ""total_fleet_workload_min"": ""lower"", ""unique_population_reached_by_deadline_rate"": ""higher"", ""unserved_genuine_incidents"": ""lower""}"
partition,product_cij,additive_cij_matched_density,"{""policy"": ""equity_aging""}",merge_caused_misses,lower,-0.025,0.1567795648,0,"[-0.058333333333333334, 0.0]",0.025,0.08326451666,0.2579562078,0,120,0,3,117,-0.1594595573,-1,positive means candidate is better,120,4.1.0,test:3000-3039,a7c7a3f7ea63e57f1d98bd42f21c02aa04a69eaa37c824584a2be65f00f2d7e1,"{""numpy"": ""2.0.2"", ""pandas"": ""2.2.2"", ""python-louvain"": ""0.16"", ""scikit-learn"": ""1.6.1"", ""scipy"": ""1.16.3""}","{""additive"": {""calibration_objective"": 0.024220283682757516, ""knn"": 8, ""q"": 0.95}, ""error_model"": ""conservative-v1"", ""product"": {""knn"": 8, ""resolution"": 1.2, ""sigma_geo_m"": 900.0, ""tau_temp_min"": 60.0, ""threshold_quantile"": 0.95, ""track"": ""operational_label_free""}}","{""arrival_equity_gap_min"": ""lower"", ""boat_workload_cv"": ""lower"", ""cvar90_arrival_min"": ""lower"", ""deadline_miss_rate"": ""lower"", ""duplicate_dispatches"": ""lower"", ""fake_dispatches"": ""lower"", ""latent_harm"": ""lower"", ""max_arrival_min"": ""lower"", ""mean_arrival_min"": ""lower"", ""merge_caused_misses"": ""lower"", ""split_trips"": ""lower"", ""total_fleet_workload_min"": ""lower"", ""unique_population_reached_by_deadline_rate"": ""higher"", ""unserved_genuine_incidents"": ""lower""}"
partition,product_cij,additive_cij_matched_density,"{""policy"": ""equity_aging""}",fake_dispatches,lower,-8.275,2.759133039,-8,"[-8.758541666666666, -7.783333333333333]",8.275,1.589574343e-21,2.22540408e-20,0,120,0,120,0,-2.999130482,-1,positive means candidate is better,120,4.1.0,test:3000-3039,a7c7a3f7ea63e57f1d98bd42f21c02aa04a69eaa37c824584a2be65f00f2d7e1,"{""numpy"": ""2.0.2"", ""pandas"": ""2.2.2"", ""python-louvain"": ""0.16"", ""scikit-learn"": ""1.6.1"", ""scipy"": ""1.16.3""}","{""additive"": {""calibration_objective"": 0.024220283682757516, ""knn"": 8, ""q"": 0.95}, ""error_model"": ""conservative-v1"", ""product"": {""knn"": 8, ""resolution"": 1.2, ""sigma_geo_m"": 900.0, ""tau_temp_min"": 60.0, ""threshold_quantile"": 0.95, ""track"": ""operational_label_free""}}","{""arrival_equity_gap_min"": ""lower"", ""boat_workload_cv"": ""lower"", ""cvar90_arrival_min"": ""lower"", ""deadline_miss_rate"": ""lower"", ""duplicate_dispatches"": ""lower"", ""fake_dispatches"": ""lower"", ""latent_harm"": ""lower"", ""max_arrival_min"": ""lower"", ""mean_arrival_min"": ""lower"", ""merge_caused_misses"": ""lower"", ""split_trips"": ""lower"", ""total_fleet_workload_min"": ""lower"", ""unique_population_reached_by_deadline_rate"": ""higher"", ""unserved_genuine_incidents"": ""lower""}"
partition,product_cij,additive_cij_matched_density,"{""policy"": ""equity_aging""}",duplicate_dispatches,lower,-1.125,1.149077087,-1,"[-1.325, -0.925]",1.125,7.359330609e-15,8.83119673e-14,322.5,120,6,93,21,-0.979046587,-0.8696969697,positive means candidate is better,120,4.1.0,test:3000-3039,a7c7a3f7ea63e57f1d98bd42f21c02aa04a69eaa37c824584a2be65f00f2d7e1,"{""numpy"": ""2.0.2"", ""pandas"": ""2.2.2"", ""python-louvain"": ""0.16"", ""scikit-learn"": ""1.6.1"", ""scipy"": ""1.16.3""}","{""additive"": {""calibration_objective"": 0.024220283682757516, ""knn"": 8, ""q"": 0.95}, ""error_model"": ""conservative-v1"", ""product"": {""knn"": 8, ""resolution"": 1.2, ""sigma_geo_m"": 900.0, ""tau_temp_min"": 60.0, ""threshold_quantile"": 0.95, ""track"": ""operational_label_free""}}","{""arrival_equity_gap_min"": ""lower"", ""boat_workload_cv"": ""lower"", ""cvar90_arrival_min"": ""lower"", ""deadline_miss_rate"": ""lower"", ""duplicate_dispatches"": ""lower"", ""fake_dispatches"": ""lower"", ""latent_harm"": ""lower"", ""max_arrival_min"": ""lower"", ""mean_arrival_min"": ""lower"", ""merge_caused_misses"": ""lower"", ""split_trips"": ""lower"", ""total_fleet_workload_min"": ""lower"", ""unique_population_reached_by_deadline_rate"": ""higher"", ""unserved_genuine_incidents"": ""lower""}"
partition,product_cij,additive_cij_matched_density,"{""policy"": ""equity_aging""}",unserved_genuine_incidents,lower,-0.025,0.1567795648,0,"[-0.058333333333333334, 0.0]",0.025,0.08326451666,0.2579562078,0,120,0,3,117,-0.1594595573,-1,positive means candidate is better,120,4.1.0,test:3000-3039,a7c7a3f7ea63e57f1d98bd42f21c02aa04a69eaa37c824584a2be65f00f2d7e1,"{""numpy"": ""2.0.2"", ""pandas"": ""2.2.2"", ""python-louvain"": ""0.16"", ""scikit-learn"": ""1.6.1"", ""scipy"": ""1.16.3""}","{""additive"": {""calibration_objective"": 0.024220283682757516, ""knn"": 8, ""q"": 0.95}, ""error_model"": ""conservative-v1"", ""product"": {""knn"": 8, ""resolution"": 1.2, ""sigma_geo_m"": 900.0, ""tau_temp_min"": 60.0, ""threshold_quantile"": 0.95, ""track"": ""operational_label_free""}}","{""arrival_equity_gap_min"": ""lower"", ""boat_workload_cv"": ""lower"", ""cvar90_arrival_min"": ""lower"", ""deadline_miss_rate"": ""lower"", ""duplicate_dispatches"": ""lower"", ""fake_dispatches"": ""lower"", ""latent_harm"": ""lower"", ""max_arrival_min"": ""lower"", ""mean_arrival_min"": ""lower"", ""merge_caused_misses"": ""lower"", ""split_trips"": ""lower"", ""total_fleet_workload_min"": ""lower"", ""unique_population_reached_by_deadline_rate"": ""higher"", ""unserved_genuine_incidents"": ""lower""}"
partition,product_cij,oracle,"{""policy"": ""workload_smoothing""}",latent_harm,lower,-46.07089502,91.84047369,-44.20353417,"[-62.836606691788695, -30.473867798290218]",46.07089502,5.157148993e-07,2.062859597e-06,1713,120,36,84,0,-0.5016404333,-0.5280991736,positive means candidate is better,120,4.1.0,test:3000-3039,a7c7a3f7ea63e57f1d98bd42f21c02aa04a69eaa37c824584a2be65f00f2d7e1,"{""numpy"": ""2.0.2"", ""pandas"": ""2.2.2"", ""python-louvain"": ""0.16"", ""scikit-learn"": ""1.6.1"", ""scipy"": ""1.16.3""}","{""additive"": {""calibration_objective"": 0.024220283682757516, ""knn"": 8, ""q"": 0.95}, ""error_model"": ""conservative-v1"", ""product"": {""knn"": 8, ""resolution"": 1.2, ""sigma_geo_m"": 900.0, ""tau_temp_min"": 60.0, ""threshold_quantile"": 0.95, ""track"": ""operational_label_free""}}","{""arrival_equity_gap_min"": ""lower"", ""boat_workload_cv"": ""lower"", ""cvar90_arrival_min"": ""lower"", ""deadline_miss_rate"": ""lower"", ""duplicate_dispatches"": ""lower"", ""fake_dispatches"": ""lower"", ""latent_harm"": ""lower"", ""max_arrival_min"": ""lower"", ""mean_arrival_min"": ""lower"", ""merge_caused_misses"": ""lower"", ""split_trips"": ""lower"", ""total_fleet_workload_min"": ""lower"", ""unique_population_reached_by_deadline_rate"": ""higher"", ""unserved_genuine_incidents"": ""lower""}"
partition,product_cij,oracle,"{""policy"": ""workload_smoothing""}",deadline_miss_rate,lower,-0.071875,0.1525883991,0,"[-0.0984375, -0.0453125]",0.071875,9.247406507e-07,2.774221952e-06,392.5,120,14,55,51,-0.4710384304,-0.6749482402,positive means candidate is better,120,4.1.0,test:3000-3039,a7c7a3f7ea63e57f1d98bd42f21c02aa04a69eaa37c824584a2be65f00f2d7e1,"{""numpy"": ""2.0.2"", ""pandas"": ""2.2.2"", ""python-louvain"": ""0.16"", ""scikit-learn"": ""1.6.1"", ""scipy"": ""1.16.3""}","{""additive"": {""calibration_objective"": 0.024220283682757516, ""knn"": 8, ""q"": 0.95}, ""error_model"": ""conservative-v1"", ""product"": {""knn"": 8, ""resolution"": 1.2, ""sigma_geo_m"": 900.0, ""tau_temp_min"": 60.0, ""threshold_quantile"": 0.95, ""track"": ""operational_label_free""}}","{""arrival_equity_gap_min"": ""lower"", ""boat_workload_cv"": ""lower"", ""cvar90_arrival_min"": ""lower"", ""deadline_miss_rate"": ""lower"", ""duplicate_dispatches"": ""lower"", ""fake_dispatches"": ""lower"", ""latent_harm"": ""lower"", ""max_arrival_min"": ""lower"", ""mean_arrival_min"": ""lower"", ""merge_caused_misses"": ""lower"", ""split_trips"": ""lower"", ""total_fleet_workload_min"": ""lower"", ""unique_population_reached_by_deadline_rate"": ""higher"", ""unserved_genuine_incidents"": ""lower""}"
partition,product_cij,oracle,"{""policy"": ""workload_smoothing""}",mean_arrival_min,lower,-55.75434473,103.0256952,-59.59626763,"[-74.44727403052426, -37.96968149501776]",55.75434473,9.167693135e-08,4.583846567e-07,1590,120,35,85,0,-0.5411693135,-0.5619834711,positive means candidate is better,120,4.1.0,test:3000-3039,a7c7a3f7ea63e57f1d98bd42f21c02aa04a69eaa37c824584a2be65f00f2d7e1,"{""numpy"": ""2.0.2"", ""pandas"": ""2.2.2"", ""python-louvain"": ""0.16"", ""scikit-learn"": ""1.6.1"", ""scipy"": ""1.16.3""}","{""additive"": {""calibration_objective"": 0.024220283682757516, ""knn"": 8, ""q"": 0.95}, ""error_model"": ""conservative-v1"", ""product"": {""knn"": 8, ""resolution"": 1.2, ""sigma_geo_m"": 900.0, ""tau_temp_min"": 60.0, ""threshold_quantile"": 0.95, ""track"": ""operational_label_free""}}","{""arrival_equity_gap_min"": ""lower"", ""boat_workload_cv"": ""lower"", ""cvar90_arrival_min"": ""lower"", ""deadline_miss_rate"": ""lower"", ""duplicate_dispatches"": ""lower"", ""fake_dispatches"": ""lower"", ""latent_harm"": ""lower"", ""max_arrival_min"": ""lower"", ""mean_arrival_min"": ""lower"", ""merge_caused_misses"": ""lower"", ""split_trips"": ""lower"", ""total_fleet_workload_min"": ""lower"", ""unique_population_reached_by_deadline_rate"": ""higher"", ""unserved_genuine_incidents"": ""lower""}"
partition,product_cij,oracle,"{""policy"": ""workload_smoothing""}",max_arrival_min,lower,-200.0955764,346.2839262,-173.16822,"[-263.0816745154913, -141.67971484709557]",200.0955764,2.293448462e-10,1.376069077e-09,1209,120,30,90,0,-0.5778367438,-0.6669421488,positive means candidate is better,120,4.1.0,test:3000-3039,a7c7a3f7ea63e57f1d98bd42f21c02aa04a69eaa37c824584a2be65f00f2d7e1,"{""numpy"": ""2.0.2"", ""pandas"": ""2.2.2"", ""python-louvain"": ""0.16"", ""scikit-learn"": ""1.6.1"", ""scipy"": ""1.16.3""}","{""additive"": {""calibration_objective"": 0.024220283682757516, ""knn"": 8, ""q"": 0.95}, ""error_model"": ""conservative-v1"", ""product"": {""knn"": 8, ""resolution"": 1.2, ""sigma_geo_m"": 900.0, ""tau_temp_min"": 60.0, ""threshold_quantile"": 0.95, ""track"": ""operational_label_free""}}","{""arrival_equity_gap_min"": ""lower"", ""boat_workload_cv"": ""lower"", ""cvar90_arrival_min"": ""lower"", ""deadline_miss_rate"": ""lower"", ""duplicate_dispatches"": ""lower"", ""fake_dispatches"": ""lower"", ""latent_harm"": ""lower"", ""max_arrival_min"": ""lower"", ""mean_arrival_min"": ""lower"", ""merge_caused_misses"": ""lower"", ""split_trips"": ""lower"", ""total_fleet_workload_min"": ""lower"", ""unique_population_reached_by_deadline_rate"": ""higher"", ""unserved_genuine_incidents"": ""lower""}"
partition,product_cij,oracle,"{""policy"": ""workload_smoothing""}",cvar90_arrival_min,lower,-162.8195395,246.5746915,-149.1869782,"[-208.43329452324502, -119.89588260499302]",162.8195395,1.883496947e-11,1.318447863e-10,1066,120,26,94,0,-0.6603254314,-0.7063360882,positive means candidate is better,120,4.1.0,test:3000-3039,a7c7a3f7ea63e57f1d98bd42f21c02aa04a69eaa37c824584a2be65f00f2d7e1,"{""numpy"": ""2.0.2"", ""pandas"": ""2.2.2"", ""python-louvain"": ""0.16"", ""scikit-learn"": ""1.6.1"", ""scipy"": ""1.16.3""}","{""additive"": {""calibration_objective"": 0.024220283682757516, ""knn"": 8, ""q"": 0.95}, ""error_model"": ""conservative-v1"", ""product"": {""knn"": 8, ""resolution"": 1.2, ""sigma_geo_m"": 900.0, ""tau_temp_min"": 60.0, ""threshold_quantile"": 0.95, ""track"": ""operational_label_free""}}","{""arrival_equity_gap_min"": ""lower"", ""boat_workload_cv"": ""lower"", ""cvar90_arrival_min"": ""lower"", ""deadline_miss_rate"": ""lower"", ""duplicate_dispatches"": ""lower"", ""fake_dispatches"": ""lower"", ""latent_harm"": ""lower"", ""max_arrival_min"": ""lower"", ""mean_arrival_min"": ""lower"", ""merge_caused_misses"": ""lower"", ""split_trips"": ""lower"", ""total_fleet_workload_min"": ""lower"", ""unique_population_reached_by_deadline_rate"": ""higher"", ""unserved_genuine_incidents"": ""lower""}"
partition,product_cij,oracle,"{""policy"": ""workload_smoothing""}",unique_population_reached_by_deadline_rate,higher,-0.07006887365,0.16211583,0,"[-0.09795499556136501, -0.04163519566693763]",-0.07006887365,1.397978323e-06,2.795956646e-06,531,120,17,59,44,-0.4322148779,-0.6370471634,positive means candidate is better,120,4.1.0,test:3000-3039,a7c7a3f7ea63e57f1d98bd42f21c02aa04a69eaa37c824584a2be65f00f2d7e1,"{""numpy"": ""2.0.2"", ""pandas"": ""2.2.2"", ""python-louvain"": ""0.16"", ""scikit-learn"": ""1.6.1"", ""scipy"": ""1.16.3""}","{""additive"": {""calibration_objective"": 0.024220283682757516, ""knn"": 8, ""q"": 0.95}, ""error_model"": ""conservative-v1"", ""product"": {""knn"": 8, ""resolution"": 1.2, ""sigma_geo_m"": 900.0, ""tau_temp_min"": 60.0, ""threshold_quantile"": 0.95, ""track"": ""operational_label_free""}}","{""arrival_equity_gap_min"": ""lower"", ""boat_workload_cv"": ""lower"", ""cvar90_arrival_min"": ""lower"", ""deadline_miss_rate"": ""lower"", ""duplicate_dispatches"": ""lower"", ""fake_dispatches"": ""lower"", ""latent_harm"": ""lower"", ""max_arrival_min"": ""lower"", ""mean_arrival_min"": ""lower"", ""merge_caused_misses"": ""lower"", ""split_trips"": ""lower"", ""total_fleet_workload_min"": ""lower"", ""unique_population_reached_by_deadline_rate"": ""higher"", ""unserved_genuine_incidents"": ""lower""}"
partition,product_cij,oracle,"{""policy"": ""workload_smoothing""}",total_fleet_workload_min,lower,-6783.300463,1198.826271,-6640.968384,"[-6990.345176361786, -6572.887867828983]",6783.300463,1.971951712e-21,1.774756541e-20,0,120,0,120,0,-5.658284799,-1,positive means candidate is better,120,4.1.0,test:3000-3039,a7c7a3f7ea63e57f1d98bd42f21c02aa04a69eaa37c824584a2be65f00f2d7e1,"{""numpy"": ""2.0.2"", ""pandas"": ""2.2.2"", ""python-louvain"": ""0.16"", ""scikit-learn"": ""1.6.1"", ""scipy"": ""1.16.3""}","{""additive"": {""calibration_objective"": 0.024220283682757516, ""knn"": 8, ""q"": 0.95}, ""error_model"": ""conservative-v1"", ""product"": {""knn"": 8, ""resolution"": 1.2, ""sigma_geo_m"": 900.0, ""tau_temp_min"": 60.0, ""threshold_quantile"": 0.95, ""track"": ""operational_label_free""}}","{""arrival_equity_gap_min"": ""lower"", ""boat_workload_cv"": ""lower"", ""cvar90_arrival_min"": ""lower"", ""deadline_miss_rate"": ""lower"", ""duplicate_dispatches"": ""lower"", ""fake_dispatches"": ""lower"", ""latent_harm"": ""lower"", ""max_arrival_min"": ""lower"", ""mean_arrival_min"": ""lower"", ""merge_caused_misses"": ""lower"", ""split_trips"": ""lower"", ""total_fleet_workload_min"": ""lower"", ""unique_population_reached_by_deadline_rate"": ""higher"", ""unserved_genuine_incidents"": ""lower""}"
partition,product_cij,oracle,"{""policy"": ""workload_smoothing""}",boat_workload_cv,lower,0.07795768659,0.0593411584,0.07504288461,"[0.06743013557386314, 0.08889604414396218]",-0.07795768659,1.893531567e-20,1.514825253e-19,91,120,112,8,0,1.313720337,0.9749311295,positive means candidate is better,120,4.1.0,test:3000-3039,a7c7a3f7ea63e57f1d98bd42f21c02aa04a69eaa37c824584a2be65f00f2d7e1,"{""numpy"": ""2.0.2"", ""pandas"": ""2.2.2"", ""python-louvain"": ""0.16"", ""scikit-learn"": ""1.6.1"", ""scipy"": ""1.16.3""}","{""additive"": {""calibration_objective"": 0.024220283682757516, ""knn"": 8, ""q"": 0.95}, ""error_model"": ""conservative-v1"", ""product"": {""knn"": 8, ""resolution"": 1.2, ""sigma_geo_m"": 900.0, ""tau_temp_min"": 60.0, ""threshold_quantile"": 0.95, ""track"": ""operational_label_free""}}","{""arrival_equity_gap_min"": ""lower"", ""boat_workload_cv"": ""lower"", ""cvar90_arrival_min"": ""lower"", ""deadline_miss_rate"": ""lower"", ""duplicate_dispatches"": ""lower"", ""fake_dispatches"": ""lower"", ""latent_harm"": ""lower"", ""max_arrival_min"": ""lower"", ""mean_arrival_min"": ""lower"", ""merge_caused_misses"": ""lower"", ""split_trips"": ""lower"", ""total_fleet_workload_min"": ""lower"", ""unique_population_reached_by_deadline_rate"": ""higher"", ""unserved_genuine_incidents"": ""lower""}"
partition,product_cij,oracle,"{""policy"": ""workload_smoothing""}",arrival_equity_gap_min,lower,-11.57543714,148.4925063,-9.354397798,"[-37.674850862494296, 14.581145254867122]",11.57543714,0.1453674045,0.1453674045,3074,120,53,67,0,-0.07795300534,-0.1531680441,positive means candidate is better,120,4.1.0,test:3000-3039,a7c7a3f7ea63e57f1d98bd42f21c02aa04a69eaa37c824584a2be65f00f2d7e1,"{""numpy"": ""2.0.2"", ""pandas"": ""2.2.2"", ""python-louvain"": ""0.16"", ""scikit-learn"": ""1.6.1"", ""scipy"": ""1.16.3""}","{""additive"": {""calibration_objective"": 0.024220283682757516, ""knn"": 8, ""q"": 0.95}, ""error_model"": ""conservative-v1"", ""product"": {""knn"": 8, ""resolution"": 1.2, ""sigma_geo_m"": 900.0, ""tau_temp_min"": 60.0, ""threshold_quantile"": 0.95, ""track"": ""operational_label_free""}}","{""arrival_equity_gap_min"": ""lower"", ""boat_workload_cv"": ""lower"", ""cvar90_arrival_min"": ""lower"", ""deadline_miss_rate"": ""lower"", ""duplicate_dispatches"": ""lower"", ""fake_dispatches"": ""lower"", ""latent_harm"": ""lower"", ""max_arrival_min"": ""lower"", ""mean_arrival_min"": ""lower"", ""merge_caused_misses"": ""lower"", ""split_trips"": ""lower"", ""total_fleet_workload_min"": ""lower"", ""unique_population_reached_by_deadline_rate"": ""higher"", ""unserved_genuine_incidents"": ""lower""}"
partition,product_cij,oracle,"{""policy"": ""workload_smoothing""}",split_trips,lower,-2.3,1.254236518,-2,"[-2.525, -2.0833333333333335]",2.3,7.046961533e-22,7.751657686e-21,0,120,0,120,0,-1.833784909,-1,positive means candidate is better,120,4.1.0,test:3000-3039,a7c7a3f7ea63e57f1d98bd42f21c02aa04a69eaa37c824584a2be65f00f2d7e1,"{""numpy"": ""2.0.2"", ""pandas"": ""2.2.2"", ""python-louvain"": ""0.16"", ""scikit-learn"": ""1.6.1"", ""scipy"": ""1.16.3""}","{""additive"": {""calibration_objective"": 0.024220283682757516, ""knn"": 8, ""q"": 0.95}, ""error_model"": ""conservative-v1"", ""product"": {""knn"": 8, ""resolution"": 1.2, ""sigma_geo_m"": 900.0, ""tau_temp_min"": 60.0, ""threshold_quantile"": 0.95, ""track"": ""operational_label_free""}}","{""arrival_equity_gap_min"": ""lower"", ""boat_workload_cv"": ""lower"", ""cvar90_arrival_min"": ""lower"", ""deadline_miss_rate"": ""lower"", ""duplicate_dispatches"": ""lower"", ""fake_dispatches"": ""lower"", ""latent_harm"": ""lower"", ""max_arrival_min"": ""lower"", ""mean_arrival_min"": ""lower"", ""merge_caused_misses"": ""lower"", ""split_trips"": ""lower"", ""total_fleet_workload_min"": ""lower"", ""unique_population_reached_by_deadline_rate"": ""higher"", ""unserved_genuine_incidents"": ""lower""}"
partition,product_cij,oracle,"{""policy"": ""workload_smoothing""}",merge_caused_misses,lower,-1.025,0.1567795648,-1,"[-1.0583333333333333, -1.0]",1.025,2.607773089e-27,3.650882324e-26,0,120,0,120,0,-6.537841851,-1,positive means candidate is better,120,4.1.0,test:3000-3039,a7c7a3f7ea63e57f1d98bd42f21c02aa04a69eaa37c824584a2be65f00f2d7e1,"{""numpy"": ""2.0.2"", ""pandas"": ""2.2.2"", ""python-louvain"": ""0.16"", ""scikit-learn"": ""1.6.1"", ""scipy"": ""1.16.3""}","{""additive"": {""calibration_objective"": 0.024220283682757516, ""knn"": 8, ""q"": 0.95}, ""error_model"": ""conservative-v1"", ""product"": {""knn"": 8, ""resolution"": 1.2, ""sigma_geo_m"": 900.0, ""tau_temp_min"": 60.0, ""threshold_quantile"": 0.95, ""track"": ""operational_label_free""}}","{""arrival_equity_gap_min"": ""lower"", ""boat_workload_cv"": ""lower"", ""cvar90_arrival_min"": ""lower"", ""deadline_miss_rate"": ""lower"", ""duplicate_dispatches"": ""lower"", ""fake_dispatches"": ""lower"", ""latent_harm"": ""lower"", ""max_arrival_min"": ""lower"", ""mean_arrival_min"": ""lower"", ""merge_caused_misses"": ""lower"", ""split_trips"": ""lower"", ""total_fleet_workload_min"": ""lower"", ""unique_population_reached_by_deadline_rate"": ""higher"", ""unserved_genuine_incidents"": ""lower""}"
partition,product_cij,oracle,"{""policy"": ""workload_smoothing""}",fake_dispatches,lower,-34.9,0.3012578672,-35,"[-34.95, -34.84166666666667]",34.9,8.674797436e-26,1.040975692e-24,0,120,0,120,0,-115.847597,-1,positive means candidate is better,120,4.1.0,test:3000-3039,a7c7a3f7ea63e57f1d98bd42f21c02aa04a69eaa37c824584a2be65f00f2d7e1,"{""numpy"": ""2.0.2"", ""pandas"": ""2.2.2"", ""python-louvain"": ""0.16"", ""scikit-learn"": ""1.6.1"", ""scipy"": ""1.16.3""}","{""additive"": {""calibration_objective"": 0.024220283682757516, ""knn"": 8, ""q"": 0.95}, ""error_model"": ""conservative-v1"", ""product"": {""knn"": 8, ""resolution"": 1.2, ""sigma_geo_m"": 900.0, ""tau_temp_min"": 60.0, ""threshold_quantile"": 0.95, ""track"": ""operational_label_free""}}","{""arrival_equity_gap_min"": ""lower"", ""boat_workload_cv"": ""lower"", ""cvar90_arrival_min"": ""lower"", ""deadline_miss_rate"": ""lower"", ""duplicate_dispatches"": ""lower"", ""fake_dispatches"": ""lower"", ""latent_harm"": ""lower"", ""max_arrival_min"": ""lower"", ""mean_arrival_min"": ""lower"", ""merge_caused_misses"": ""lower"", ""split_trips"": ""lower"", ""total_fleet_workload_min"": ""lower"", ""unique_population_reached_by_deadline_rate"": ""higher"", ""unserved_genuine_incidents"": ""lower""}"
partition,product_cij,oracle,"{""policy"": ""workload_smoothing""}",duplicate_dispatches,lower,-2.3,1.254236518,-2,"[-2.525, -2.0833333333333335]",2.3,7.046961533e-22,7.751657686e-21,0,120,0,120,0,-1.833784909,-1,positive means candidate is better,120,4.1.0,test:3000-3039,a7c7a3f7ea63e57f1d98bd42f21c02aa04a69eaa37c824584a2be65f00f2d7e1,"{""numpy"": ""2.0.2"", ""pandas"": ""2.2.2"", ""python-louvain"": ""0.16"", ""scikit-learn"": ""1.6.1"", ""scipy"": ""1.16.3""}","{""additive"": {""calibration_objective"": 0.024220283682757516, ""knn"": 8, ""q"": 0.95}, ""error_model"": ""conservative-v1"", ""product"": {""knn"": 8, ""resolution"": 1.2, ""sigma_geo_m"": 900.0, ""tau_temp_min"": 60.0, ""threshold_quantile"": 0.95, ""track"": ""operational_label_free""}}","{""arrival_equity_gap_min"": ""lower"", ""boat_workload_cv"": ""lower"", ""cvar90_arrival_min"": ""lower"", ""deadline_miss_rate"": ""lower"", ""duplicate_dispatches"": ""lower"", ""fake_dispatches"": ""lower"", ""latent_harm"": ""lower"", ""max_arrival_min"": ""lower"", ""mean_arrival_min"": ""lower"", ""merge_caused_misses"": ""lower"", ""split_trips"": ""lower"", ""total_fleet_workload_min"": ""lower"", ""unique_population_reached_by_deadline_rate"": ""higher"", ""unserved_genuine_incidents"": ""lower""}"
partition,product_cij,oracle,"{""policy"": ""workload_smoothing""}",unserved_genuine_incidents,lower,-1.025,0.1567795648,-1,"[-1.0583333333333333, -1.0]",1.025,2.607773089e-27,3.650882324e-26,0,120,0,120,0,-6.537841851,-1,positive means candidate is better,120,4.1.0,test:3000-3039,a7c7a3f7ea63e57f1d98bd42f21c02aa04a69eaa37c824584a2be65f00f2d7e1,"{""numpy"": ""2.0.2"", ""pandas"": ""2.2.2"", ""python-louvain"": ""0.16"", ""scikit-learn"": ""1.6.1"", ""scipy"": ""1.16.3""}","{""additive"": {""calibration_objective"": 0.024220283682757516, ""knn"": 8, ""q"": 0.95}, ""error_model"": ""conservative-v1"", ""product"": {""knn"": 8, ""resolution"": 1.2, ""sigma_geo_m"": 900.0, ""tau_temp_min"": 60.0, ""threshold_quantile"": 0.95, ""track"": ""operational_label_free""}}","{""arrival_equity_gap_min"": ""lower"", ""boat_workload_cv"": ""lower"", ""cvar90_arrival_min"": ""lower"", ""deadline_miss_rate"": ""lower"", ""duplicate_dispatches"": ""lower"", ""fake_dispatches"": ""lower"", ""latent_harm"": ""lower"", ""max_arrival_min"": ""lower"", ""mean_arrival_min"": ""lower"", ""merge_caused_misses"": ""lower"", ""split_trips"": ""lower"", ""total_fleet_workload_min"": ""lower"", ""unique_population_reached_by_deadline_rate"": ""higher"", ""unserved_genuine_incidents"": ""lower""}"
partition,product_cij,additive_cij_matched_density,"{""policy"": ""workload_smoothing""}",latent_harm,lower,-18.24319963,45.84450766,-16.37025101,"[-26.285103560835136, -10.01286666710493]",18.24319963,1.389005762e-06,1.284049758e-05,1787,120,35,85,0,-0.3979364281,-0.5077134986,positive means candidate is better,120,4.1.0,test:3000-3039,a7c7a3f7ea63e57f1d98bd42f21c02aa04a69eaa37c824584a2be65f00f2d7e1,"{""numpy"": ""2.0.2"", ""pandas"": ""2.2.2"", ""python-louvain"": ""0.16"", ""scikit-learn"": ""1.6.1"", ""scipy"": ""1.16.3""}","{""additive"": {""calibration_objective"": 0.024220283682757516, ""knn"": 8, ""q"": 0.95}, ""error_model"": ""conservative-v1"", ""product"": {""knn"": 8, ""resolution"": 1.2, ""sigma_geo_m"": 900.0, ""tau_temp_min"": 60.0, ""threshold_quantile"": 0.95, ""track"": ""operational_label_free""}}","{""arrival_equity_gap_min"": ""lower"", ""boat_workload_cv"": ""lower"", ""cvar90_arrival_min"": ""lower"", ""deadline_miss_rate"": ""lower"", ""duplicate_dispatches"": ""lower"", ""fake_dispatches"": ""lower"", ""latent_harm"": ""lower"", ""max_arrival_min"": ""lower"", ""mean_arrival_min"": ""lower"", ""merge_caused_misses"": ""lower"", ""split_trips"": ""lower"", ""total_fleet_workload_min"": ""lower"", ""unique_population_reached_by_deadline_rate"": ""higher"", ""unserved_genuine_incidents"": ""lower""}"
partition,product_cij,additive_cij_matched_density,"{""policy"": ""workload_smoothing""}",deadline_miss_rate,lower,-0.01041666667,0.06135149226,0,"[-0.021875, 0.0]",0.01041666667,0.04949469876,0.1484840963,129.5,120,9,20,91,-0.1697866879,-0.4045977011,positive means candidate is better,120,4.1.0,test:3000-3039,a7c7a3f7ea63e57f1d98bd42f21c02aa04a69eaa37c824584a2be65f00f2d7e1,"{""numpy"": ""2.0.2"", ""pandas"": ""2.2.2"", ""python-louvain"": ""0.16"", ""scikit-learn"": ""1.6.1"", ""scipy"": ""1.16.3""}","{""additive"": {""calibration_objective"": 0.024220283682757516, ""knn"": 8, ""q"": 0.95}, ""error_model"": ""conservative-v1"", ""product"": {""knn"": 8, ""resolution"": 1.2, ""sigma_geo_m"": 900.0, ""tau_temp_min"": 60.0, ""threshold_quantile"": 0.95, ""track"": ""operational_label_free""}}","{""arrival_equity_gap_min"": ""lower"", ""boat_workload_cv"": ""lower"", ""cvar90_arrival_min"": ""lower"", ""deadline_miss_rate"": ""lower"", ""duplicate_dispatches"": ""lower"", ""fake_dispatches"": ""lower"", ""latent_harm"": ""lower"", ""max_arrival_min"": ""lower"", ""mean_arrival_min"": ""lower"", ""merge_caused_misses"": ""lower"", ""split_trips"": ""lower"", ""total_fleet_workload_min"": ""lower"", ""unique_population_reached_by_deadline_rate"": ""higher"", ""unserved_genuine_incidents"": ""lower""}"
partition,product_cij,additive_cij_matched_density,"{""policy"": ""workload_smoothing""}",mean_arrival_min,lower,-19.88334286,48.93693476,-17.80890126,"[-28.592857670346298, -11.203455634389709]",19.88334286,3.473384144e-06,2.778707316e-05,1858,120,34,86,0,-0.4063054411,-0.48815427,positive means candidate is better,120,4.1.0,test:3000-3039,a7c7a3f7ea63e57f1d98bd42f21c02aa04a69eaa37c824584a2be65f00f2d7e1,"{""numpy"": ""2.0.2"", ""pandas"": ""2.2.2"", ""python-louvain"": ""0.16"", ""scikit-learn"": ""1.6.1"", ""scipy"": ""1.16.3""}","{""additive"": {""calibration_objective"": 0.024220283682757516, ""knn"": 8, ""q"": 0.95}, ""error_model"": ""conservative-v1"", ""product"": {""knn"": 8, ""resolution"": 1.2, ""sigma_geo_m"": 900.0, ""tau_temp_min"": 60.0, ""threshold_quantile"": 0.95, ""track"": ""operational_label_free""}}","{""arrival_equity_gap_min"": ""lower"", ""boat_workload_cv"": ""lower"", ""cvar90_arrival_min"": ""lower"", ""deadline_miss_rate"": ""lower"", ""duplicate_dispatches"": ""lower"", ""fake_dispatches"": ""lower"", ""latent_harm"": ""lower"", ""max_arrival_min"": ""lower"", ""mean_arrival_min"": ""lower"", ""merge_caused_misses"": ""lower"", ""split_trips"": ""lower"", ""total_fleet_workload_min"": ""lower"", ""unique_population_reached_by_deadline_rate"": ""higher"", ""unserved_genuine_incidents"": ""lower""}"
partition,product_cij,additive_cij_matched_density,"{""policy"": ""workload_smoothing""}",max_arrival_min,lower,-70.00619272,214.1865583,-43.35590426,"[-108.01398764414131, -31.96856003095646]",70.00619272,4.342536699e-05,0.000303977569,1870,120,35,80,5,-0.3268468073,-0.4392803598,positive means candidate is better,120,4.1.0,test:3000-3039,a7c7a3f7ea63e57f1d98bd42f21c02aa04a69eaa37c824584a2be65f00f2d7e1,"{""numpy"": ""2.0.2"", ""pandas"": ""2.2.2"", ""python-louvain"": ""0.16"", ""scikit-learn"": ""1.6.1"", ""scipy"": ""1.16.3""}","{""additive"": {""calibration_objective"": 0.024220283682757516, ""knn"": 8, ""q"": 0.95}, ""error_model"": ""conservative-v1"", ""product"": {""knn"": 8, ""resolution"": 1.2, ""sigma_geo_m"": 900.0, ""tau_temp_min"": 60.0, ""threshold_quantile"": 0.95, ""track"": ""operational_label_free""}}","{""arrival_equity_gap_min"": ""lower"", ""boat_workload_cv"": ""lower"", ""cvar90_arrival_min"": ""lower"", ""deadline_miss_rate"": ""lower"", ""duplicate_dispatches"": ""lower"", ""fake_dispatches"": ""lower"", ""latent_harm"": ""lower"", ""max_arrival_min"": ""lower"", ""mean_arrival_min"": ""lower"", ""merge_caused_misses"": ""lower"", ""split_trips"": ""lower"", ""total_fleet_workload_min"": ""lower"", ""unique_population_reached_by_deadline_rate"": ""higher"", ""unserved_genuine_incidents"": ""lower""}"
partition,product_cij,additive_cij_matched_density,"{""policy"": ""workload_smoothing""}",cvar90_arrival_min,lower,-58.88094577,145.1487796,-42.05052248,"[-85.32062283404065, -33.44155203246234]",58.88094577,1.284049758e-06,1.284049758e-05,1744,120,34,85,1,-0.4056592549,-0.5114845938,positive means candidate is better,120,4.1.0,test:3000-3039,a7c7a3f7ea63e57f1d98bd42f21c02aa04a69eaa37c824584a2be65f00f2d7e1,"{""numpy"": ""2.0.2"", ""pandas"": ""2.2.2"", ""python-louvain"": ""0.16"", ""scikit-learn"": ""1.6.1"", ""scipy"": ""1.16.3""}","{""additive"": {""calibration_objective"": 0.024220283682757516, ""knn"": 8, ""q"": 0.95}, ""error_model"": ""conservative-v1"", ""product"": {""knn"": 8, ""resolution"": 1.2, ""sigma_geo_m"": 900.0, ""tau_temp_min"": 60.0, ""threshold_quantile"": 0.95, ""track"": ""operational_label_free""}}","{""arrival_equity_gap_min"": ""lower"", ""boat_workload_cv"": ""lower"", ""cvar90_arrival_min"": ""lower"", ""deadline_miss_rate"": ""lower"", ""duplicate_dispatches"": ""lower"", ""fake_dispatches"": ""lower"", ""latent_harm"": ""lower"", ""max_arrival_min"": ""lower"", ""mean_arrival_min"": ""lower"", ""merge_caused_misses"": ""lower"", ""split_trips"": ""lower"", ""total_fleet_workload_min"": ""lower"", ""unique_population_reached_by_deadline_rate"": ""higher"", ""unserved_genuine_incidents"": ""lower""}"
partition,product_cij,additive_cij_matched_density,"{""policy"": ""workload_smoothing""}",unique_population_reached_by_deadline_rate,higher,-0.0131333815,0.0622603598,0,"[-0.024953164020546457, -0.002868209410391727]",-0.0131333815,0.02697398358,0.1078959343,231.5,120,13,26,81,-0.2109429104,-0.4064102564,positive means candidate is better,120,4.1.0,test:3000-3039,a7c7a3f7ea63e57f1d98bd42f21c02aa04a69eaa37c824584a2be65f00f2d7e1,"{""numpy"": ""2.0.2"", ""pandas"": ""2.2.2"", ""python-louvain"": ""0.16"", ""scikit-learn"": ""1.6.1"", ""scipy"": ""1.16.3""}","{""additive"": {""calibration_objective"": 0.024220283682757516, ""knn"": 8, ""q"": 0.95}, ""error_model"": ""conservative-v1"", ""product"": {""knn"": 8, ""resolution"": 1.2, ""sigma_geo_m"": 900.0, ""tau_temp_min"": 60.0, ""threshold_quantile"": 0.95, ""track"": ""operational_label_free""}}","{""arrival_equity_gap_min"": ""lower"", ""boat_workload_cv"": ""lower"", ""cvar90_arrival_min"": ""lower"", ""deadline_miss_rate"": ""lower"", ""duplicate_dispatches"": ""lower"", ""fake_dispatches"": ""lower"", ""latent_harm"": ""lower"", ""max_arrival_min"": ""lower"", ""mean_arrival_min"": ""lower"", ""merge_caused_misses"": ""lower"", ""split_trips"": ""lower"", ""total_fleet_workload_min"": ""lower"", ""unique_population_reached_by_deadline_rate"": ""higher"", ""unserved_genuine_incidents"": ""lower""}"
partition,product_cij,additive_cij_matched_density,"{""policy"": ""workload_smoothing""}",total_fleet_workload_min,lower,-1929.087767,822.2145007,-1922.181796,"[-2076.5687407420287, -1784.0344263576596]",1929.087767,1.971951712e-21,2.563537226e-20,0,120,0,120,0,-2.346209859,-1,positive means candidate is better,120,4.1.0,test:3000-3039,a7c7a3f7ea63e57f1d98bd42f21c02aa04a69eaa37c824584a2be65f00f2d7e1,"{""numpy"": ""2.0.2"", ""pandas"": ""2.2.2"", ""python-louvain"": ""0.16"", ""scikit-learn"": ""1.6.1"", ""scipy"": ""1.16.3""}","{""additive"": {""calibration_objective"": 0.024220283682757516, ""knn"": 8, ""q"": 0.95}, ""error_model"": ""conservative-v1"", ""product"": {""knn"": 8, ""resolution"": 1.2, ""sigma_geo_m"": 900.0, ""tau_temp_min"": 60.0, ""threshold_quantile"": 0.95, ""track"": ""operational_label_free""}}","{""arrival_equity_gap_min"": ""lower"", ""boat_workload_cv"": ""lower"", ""cvar90_arrival_min"": ""lower"", ""deadline_miss_rate"": ""lower"", ""duplicate_dispatches"": ""lower"", ""fake_dispatches"": ""lower"", ""latent_harm"": ""lower"", ""max_arrival_min"": ""lower"", ""mean_arrival_min"": ""lower"", ""merge_caused_misses"": ""lower"", ""split_trips"": ""lower"", ""total_fleet_workload_min"": ""lower"", ""unique_population_reached_by_deadline_rate"": ""higher"", ""unserved_genuine_incidents"": ""lower""}"
partition,product_cij,additive_cij_matched_density,"{""policy"": ""workload_smoothing""}",boat_workload_cv,lower,0.006609950631,0.0180066037,0.007927735598,"[0.003351808613296895, 0.009813346810854953]",-0.006609950631,8.935035801e-05,0.0005361021481,2134,120,74,46,0,0.3670848062,0.4121212121,positive means candidate is better,120,4.1.0,test:3000-3039,a7c7a3f7ea63e57f1d98bd42f21c02aa04a69eaa37c824584a2be65f00f2d7e1,"{""numpy"": ""2.0.2"", ""pandas"": ""2.2.2"", ""python-louvain"": ""0.16"", ""scikit-learn"": ""1.6.1"", ""scipy"": ""1.16.3""}","{""additive"": {""calibration_objective"": 0.024220283682757516, ""knn"": 8, ""q"": 0.95}, ""error_model"": ""conservative-v1"", ""product"": {""knn"": 8, ""resolution"": 1.2, ""sigma_geo_m"": 900.0, ""tau_temp_min"": 60.0, ""threshold_quantile"": 0.95, ""track"": ""operational_label_free""}}","{""arrival_equity_gap_min"": ""lower"", ""boat_workload_cv"": ""lower"", ""cvar90_arrival_min"": ""lower"", ""deadline_miss_rate"": ""lower"", ""duplicate_dispatches"": ""lower"", ""fake_dispatches"": ""lower"", ""latent_harm"": ""lower"", ""max_arrival_min"": ""lower"", ""mean_arrival_min"": ""lower"", ""merge_caused_misses"": ""lower"", ""split_trips"": ""lower"", ""total_fleet_workload_min"": ""lower"", ""unique_population_reached_by_deadline_rate"": ""higher"", ""unserved_genuine_incidents"": ""lower""}"
partition,product_cij,additive_cij_matched_density,"{""policy"": ""workload_smoothing""}",arrival_equity_gap_min,lower,-19.0127875,83.61582115,-10.03269483,"[-34.029232869679866, -3.9702956036213286]",19.0127875,0.01004291092,0.0502145546,2647,120,46,74,0,-0.227382656,-0.2707988981,positive means candidate is better,120,4.1.0,test:3000-3039,a7c7a3f7ea63e57f1d98bd42f21c02aa04a69eaa37c824584a2be65f00f2d7e1,"{""numpy"": ""2.0.2"", ""pandas"": ""2.2.2"", ""python-louvain"": ""0.16"", ""scikit-learn"": ""1.6.1"", ""scipy"": ""1.16.3""}","{""additive"": {""calibration_objective"": 0.024220283682757516, ""knn"": 8, ""q"": 0.95}, ""error_model"": ""conservative-v1"", ""product"": {""knn"": 8, ""resolution"": 1.2, ""sigma_geo_m"": 900.0, ""tau_temp_min"": 60.0, ""threshold_quantile"": 0.95, ""track"": ""operational_label_free""}}","{""arrival_equity_gap_min"": ""lower"", ""boat_workload_cv"": ""lower"", ""cvar90_arrival_min"": ""lower"", ""deadline_miss_rate"": ""lower"", ""duplicate_dispatches"": ""lower"", ""fake_dispatches"": ""lower"", ""latent_harm"": ""lower"", ""max_arrival_min"": ""lower"", ""mean_arrival_min"": ""lower"", ""merge_caused_misses"": ""lower"", ""split_trips"": ""lower"", ""total_fleet_workload_min"": ""lower"", ""unique_population_reached_by_deadline_rate"": ""higher"", ""unserved_genuine_incidents"": ""lower""}"
partition,product_cij,additive_cij_matched_density,"{""policy"": ""workload_smoothing""}",split_trips,lower,-1.125,1.149077087,-1,"[-1.325, -0.925]",1.125,7.359330609e-15,8.83119673e-14,322.5,120,6,93,21,-0.979046587,-0.8696969697,positive means candidate is better,120,4.1.0,test:3000-3039,a7c7a3f7ea63e57f1d98bd42f21c02aa04a69eaa37c824584a2be65f00f2d7e1,"{""numpy"": ""2.0.2"", ""pandas"": ""2.2.2"", ""python-louvain"": ""0.16"", ""scikit-learn"": ""1.6.1"", ""scipy"": ""1.16.3""}","{""additive"": {""calibration_objective"": 0.024220283682757516, ""knn"": 8, ""q"": 0.95}, ""error_model"": ""conservative-v1"", ""product"": {""knn"": 8, ""resolution"": 1.2, ""sigma_geo_m"": 900.0, ""tau_temp_min"": 60.0, ""threshold_quantile"": 0.95, ""track"": ""operational_label_free""}}","{""arrival_equity_gap_min"": ""lower"", ""boat_workload_cv"": ""lower"", ""cvar90_arrival_min"": ""lower"", ""deadline_miss_rate"": ""lower"", ""duplicate_dispatches"": ""lower"", ""fake_dispatches"": ""lower"", ""latent_harm"": ""lower"", ""max_arrival_min"": ""lower"", ""mean_arrival_min"": ""lower"", ""merge_caused_misses"": ""lower"", ""split_trips"": ""lower"", ""total_fleet_workload_min"": ""lower"", ""unique_population_reached_by_deadline_rate"": ""higher"", ""unserved_genuine_incidents"": ""lower""}"
partition,product_cij,additive_cij_matched_density,"{""policy"": ""workload_smoothing""}",merge_caused_misses,lower,-0.025,0.1567795648,0,"[-0.058333333333333334, 0.0]",0.025,0.08326451666,0.1665290333,0,120,0,3,117,-0.1594595573,-1,positive means candidate is better,120,4.1.0,test:3000-3039,a7c7a3f7ea63e57f1d98bd42f21c02aa04a69eaa37c824584a2be65f00f2d7e1,"{""numpy"": ""2.0.2"", ""pandas"": ""2.2.2"", ""python-louvain"": ""0.16"", ""scikit-learn"": ""1.6.1"", ""scipy"": ""1.16.3""}","{""additive"": {""calibration_objective"": 0.024220283682757516, ""knn"": 8, ""q"": 0.95}, ""error_model"": ""conservative-v1"", ""product"": {""knn"": 8, ""resolution"": 1.2, ""sigma_geo_m"": 900.0, ""tau_temp_min"": 60.0, ""threshold_quantile"": 0.95, ""track"": ""operational_label_free""}}","{""arrival_equity_gap_min"": ""lower"", ""boat_workload_cv"": ""lower"", ""cvar90_arrival_min"": ""lower"", ""deadline_miss_rate"": ""lower"", ""duplicate_dispatches"": ""lower"", ""fake_dispatches"": ""lower"", ""latent_harm"": ""lower"", ""max_arrival_min"": ""lower"", ""mean_arrival_min"": ""lower"", ""merge_caused_misses"": ""lower"", ""split_trips"": ""lower"", ""total_fleet_workload_min"": ""lower"", ""unique_population_reached_by_deadline_rate"": ""higher"", ""unserved_genuine_incidents"": ""lower""}"
partition,product_cij,additive_cij_matched_density,"{""policy"": ""workload_smoothing""}",fake_dispatches,lower,-8.275,2.759133039,-8,"[-8.758541666666666, -7.783333333333333]",8.275,1.589574343e-21,2.22540408e-20,0,120,0,120,0,-2.999130482,-1,positive means candidate is better,120,4.1.0,test:3000-3039,a7c7a3f7ea63e57f1d98bd42f21c02aa04a69eaa37c824584a2be65f00f2d7e1,"{""numpy"": ""2.0.2"", ""pandas"": ""2.2.2"", ""python-louvain"": ""0.16"", ""scikit-learn"": ""1.6.1"", ""scipy"": ""1.16.3""}","{""additive"": {""calibration_objective"": 0.024220283682757516, ""knn"": 8, ""q"": 0.95}, ""error_model"": ""conservative-v1"", ""product"": {""knn"": 8, ""resolution"": 1.2, ""sigma_geo_m"": 900.0, ""tau_temp_min"": 60.0, ""threshold_quantile"": 0.95, ""track"": ""operational_label_free""}}","{""arrival_equity_gap_min"": ""lower"", ""boat_workload_cv"": ""lower"", ""cvar90_arrival_min"": ""lower"", ""deadline_miss_rate"": ""lower"", ""duplicate_dispatches"": ""lower"", ""fake_dispatches"": ""lower"", ""latent_harm"": ""lower"", ""max_arrival_min"": ""lower"", ""mean_arrival_min"": ""lower"", ""merge_caused_misses"": ""lower"", ""split_trips"": ""lower"", ""total_fleet_workload_min"": ""lower"", ""unique_population_reached_by_deadline_rate"": ""higher"", ""unserved_genuine_incidents"": ""lower""}"
partition,product_cij,additive_cij_matched_density,"{""policy"": ""workload_smoothing""}",duplicate_dispatches,lower,-1.125,1.149077087,-1,"[-1.325, -0.925]",1.125,7.359330609e-15,8.83119673e-14,322.5,120,6,93,21,-0.979046587,-0.8696969697,positive means candidate is better,120,4.1.0,test:3000-3039,a7c7a3f7ea63e57f1d98bd42f21c02aa04a69eaa37c824584a2be65f00f2d7e1,"{""numpy"": ""2.0.2"", ""pandas"": ""2.2.2"", ""python-louvain"": ""0.16"", ""scikit-learn"": ""1.6.1"", ""scipy"": ""1.16.3""}","{""additive"": {""calibration_objective"": 0.024220283682757516, ""knn"": 8, ""q"": 0.95}, ""error_model"": ""conservative-v1"", ""product"": {""knn"": 8, ""resolution"": 1.2, ""sigma_geo_m"": 900.0, ""tau_temp_min"": 60.0, ""threshold_quantile"": 0.95, ""track"": ""operational_label_free""}}","{""arrival_equity_gap_min"": ""lower"", ""boat_workload_cv"": ""lower"", ""cvar90_arrival_min"": ""lower"", ""deadline_miss_rate"": ""lower"", ""duplicate_dispatches"": ""lower"", ""fake_dispatches"": ""lower"", ""latent_harm"": ""lower"", ""max_arrival_min"": ""lower"", ""mean_arrival_min"": ""lower"", ""merge_caused_misses"": ""lower"", ""split_trips"": ""lower"", ""total_fleet_workload_min"": ""lower"", ""unique_population_reached_by_deadline_rate"": ""higher"", ""unserved_genuine_incidents"": ""lower""}"
partition,product_cij,additive_cij_matched_density,"{""policy"": ""workload_smoothing""}",unserved_genuine_incidents,lower,-0.025,0.1567795648,0,"[-0.058333333333333334, 0.0]",0.025,0.08326451666,0.1665290333,0,120,0,3,117,-0.1594595573,-1,positive means candidate is better,120,4.1.0,test:3000-3039,a7c7a3f7ea63e57f1d98bd42f21c02aa04a69eaa37c824584a2be65f00f2d7e1,"{""numpy"": ""2.0.2"", ""pandas"": ""2.2.2"", ""python-louvain"": ""0.16"", ""scikit-learn"": ""1.6.1"", ""scipy"": ""1.16.3""}","{""additive"": {""calibration_objective"": 0.024220283682757516, ""knn"": 8, ""q"": 0.95}, ""error_model"": ""conservative-v1"", ""product"": {""knn"": 8, ""resolution"": 1.2, ""sigma_geo_m"": 900.0, ""tau_temp_min"": 60.0, ""threshold_quantile"": 0.95, ""track"": ""operational_label_free""}}","{""arrival_equity_gap_min"": ""lower"", ""boat_workload_cv"": ""lower"", ""cvar90_arrival_min"": ""lower"", ""deadline_miss_rate"": ""lower"", ""duplicate_dispatches"": ""lower"", ""fake_dispatches"": ""lower"", ""latent_harm"": ""lower"", ""max_arrival_min"": ""lower"", ""mean_arrival_min"": ""lower"", ""merge_caused_misses"": ""lower"", ""split_trips"": ""lower"", ""total_fleet_workload_min"": ""lower"", ""unique_population_reached_by_deadline_rate"": ""higher"", ""unserved_genuine_incidents"": ""lower""}"
