dimension,candidate,comparator,fixed,metric,direction,mean,standard_deviation,median,paired_confidence_interval,mean_difference_candidate_minus_comparator,raw_p_value,holm_adjusted_p_value,wilcoxon_statistic,n_seed_pairs,n_candidate_better,n_comparator_better,n_ties,effect_size.paired_standardized_mean,effect_size.matched_pairs_rank_biserial,effect_size.orientation,denominator.paired_seed_pairs,generator_version,seed_split,candidate_bundle_sha256,package_versions,config_identity,metric_direction,reanalysis_package_versions
policy,revised_priority,legacy_priority,"{""partition"": ""additive_cij_matched_density""}",latent_harm,lower,-15.35272702,38.39496172,-7.073321102,"[-26.969371674774987, -3.8158463348812433]",15.35272702,0.03944668134,0.3550201321,257,40,16,24,0,-0.3998630636,-0.3731707317,positive means candidate is better,40,4.1.0,test:3000-3039,a7c7a3f7ea63e57f1d98bd42f21c02aa04a69eaa37c824584a2be65f00f2d7e1,"{""numpy"": ""2.0.2"", ""pandas"": ""2.2.2"", ""python-louvain"": ""0.16"", ""scikit-learn"": ""1.6.1"", ""scipy"": ""1.16.3""}","{""additive"": {""calibration_objective"": 0.024220283682757516, ""knn"": 8, ""q"": 0.95}, ""error_model"": ""conservative-v1"", ""product"": {""knn"": 8, ""resolution"": 1.2, ""sigma_geo_m"": 900.0, ""tau_temp_min"": 60.0, ""threshold_quantile"": 0.95, ""track"": ""operational_label_free""}}","{""arrival_equity_gap_min"": ""lower"", ""boat_workload_cv"": ""lower"", ""cvar90_arrival_min"": ""lower"", ""deadline_miss_rate"": ""lower"", ""duplicate_dispatches"": ""lower"", ""fake_dispatches"": ""lower"", ""latent_harm"": ""lower"", ""max_arrival_min"": ""lower"", ""mean_arrival_min"": ""lower"", ""merge_caused_misses"": ""lower"", ""split_trips"": ""lower"", ""total_fleet_workload_min"": ""lower"", ""unique_population_reached_by_deadline_rate"": ""higher"", ""unserved_genuine_incidents"": ""lower""}","{""numpy"": ""2.5.1"", ""pandas"": ""3.0.3"", ""scipy"": ""1.18.0""}"
policy,revised_priority,legacy_priority,"{""partition"": ""additive_cij_matched_density""}",deadline_miss_rate,lower,0.01614583333,0.04310743531,0.02083333333,"[0.0031250000000000028, 0.029687500000000012]",-0.01614583333,0.01889541266,0.1889541266,150.5,40,23,10,7,0.3745486878,0.4634581105,positive means candidate is better,40,4.1.0,test:3000-3039,a7c7a3f7ea63e57f1d98bd42f21c02aa04a69eaa37c824584a2be65f00f2d7e1,"{""numpy"": ""2.0.2"", ""pandas"": ""2.2.2"", ""python-louvain"": ""0.16"", ""scikit-learn"": ""1.6.1"", ""scipy"": ""1.16.3""}","{""additive"": {""calibration_objective"": 0.024220283682757516, ""knn"": 8, ""q"": 0.95}, ""error_model"": ""conservative-v1"", ""product"": {""knn"": 8, ""resolution"": 1.2, ""sigma_geo_m"": 900.0, ""tau_temp_min"": 60.0, ""threshold_quantile"": 0.95, ""track"": ""operational_label_free""}}","{""arrival_equity_gap_min"": ""lower"", ""boat_workload_cv"": ""lower"", ""cvar90_arrival_min"": ""lower"", ""deadline_miss_rate"": ""lower"", ""duplicate_dispatches"": ""lower"", ""fake_dispatches"": ""lower"", ""latent_harm"": ""lower"", ""max_arrival_min"": ""lower"", ""mean_arrival_min"": ""lower"", ""merge_caused_misses"": ""lower"", ""split_trips"": ""lower"", ""total_fleet_workload_min"": ""lower"", ""unique_population_reached_by_deadline_rate"": ""higher"", ""unserved_genuine_incidents"": ""lower""}","{""numpy"": ""2.5.1"", ""pandas"": ""3.0.3"", ""scipy"": ""1.18.0""}"
policy,revised_priority,legacy_priority,"{""partition"": ""additive_cij_matched_density""}",mean_arrival_min,lower,-13.6459806,41.11223767,-5.78117625,"[-26.13012326831249, -1.5404034242291855]",13.6459806,0.08415465162,0.673237213,281,40,16,24,0,-0.3319201623,-0.3146341463,positive means candidate is better,40,4.1.0,test:3000-3039,a7c7a3f7ea63e57f1d98bd42f21c02aa04a69eaa37c824584a2be65f00f2d7e1,"{""numpy"": ""2.0.2"", ""pandas"": ""2.2.2"", ""python-louvain"": ""0.16"", ""scikit-learn"": ""1.6.1"", ""scipy"": ""1.16.3""}","{""additive"": {""calibration_objective"": 0.024220283682757516, ""knn"": 8, ""q"": 0.95}, ""error_model"": ""conservative-v1"", ""product"": {""knn"": 8, ""resolution"": 1.2, ""sigma_geo_m"": 900.0, ""tau_temp_min"": 60.0, ""threshold_quantile"": 0.95, ""track"": ""operational_label_free""}}","{""arrival_equity_gap_min"": ""lower"", ""boat_workload_cv"": ""lower"", ""cvar90_arrival_min"": ""lower"", ""deadline_miss_rate"": ""lower"", ""duplicate_dispatches"": ""lower"", ""fake_dispatches"": ""lower"", ""latent_harm"": ""lower"", ""max_arrival_min"": ""lower"", ""mean_arrival_min"": ""lower"", ""merge_caused_misses"": ""lower"", ""split_trips"": ""lower"", ""total_fleet_workload_min"": ""lower"", ""unique_population_reached_by_deadline_rate"": ""higher"", ""unserved_genuine_incidents"": ""lower""}","{""numpy"": ""2.5.1"", ""pandas"": ""3.0.3"", ""scipy"": ""1.18.0""}"
policy,revised_priority,legacy_priority,"{""partition"": ""additive_cij_matched_density""}",max_arrival_min,lower,-86.40787508,136.8592463,-75.94753192,"[-129.31461195522914, -45.527340291625016]",86.40787508,0.000452331873,0.005880314349,158,40,11,29,0,-0.6313630785,-0.6146341463,positive means candidate is better,40,4.1.0,test:3000-3039,a7c7a3f7ea63e57f1d98bd42f21c02aa04a69eaa37c824584a2be65f00f2d7e1,"{""numpy"": ""2.0.2"", ""pandas"": ""2.2.2"", ""python-louvain"": ""0.16"", ""scikit-learn"": ""1.6.1"", ""scipy"": ""1.16.3""}","{""additive"": {""calibration_objective"": 0.024220283682757516, ""knn"": 8, ""q"": 0.95}, ""error_model"": ""conservative-v1"", ""product"": {""knn"": 8, ""resolution"": 1.2, ""sigma_geo_m"": 900.0, ""tau_temp_min"": 60.0, ""threshold_quantile"": 0.95, ""track"": ""operational_label_free""}}","{""arrival_equity_gap_min"": ""lower"", ""boat_workload_cv"": ""lower"", ""cvar90_arrival_min"": ""lower"", ""deadline_miss_rate"": ""lower"", ""duplicate_dispatches"": ""lower"", ""fake_dispatches"": ""lower"", ""latent_harm"": ""lower"", ""max_arrival_min"": ""lower"", ""mean_arrival_min"": ""lower"", ""merge_caused_misses"": ""lower"", ""split_trips"": ""lower"", ""total_fleet_workload_min"": ""lower"", ""unique_population_reached_by_deadline_rate"": ""higher"", ""unserved_genuine_incidents"": ""lower""}","{""numpy"": ""2.5.1"", ""pandas"": ""3.0.3"", ""scipy"": ""1.18.0""}"
policy,revised_priority,legacy_priority,"{""partition"": ""additive_cij_matched_density""}",cvar90_arrival_min,lower,-75.91668998,113.9006935,-60.11688768,"[-110.88310152168745, -42.50064104539585]",75.91668998,0.0002981813923,0.004174539492,151,40,10,30,0,-0.6665164861,-0.6317073171,positive means candidate is better,40,4.1.0,test:3000-3039,a7c7a3f7ea63e57f1d98bd42f21c02aa04a69eaa37c824584a2be65f00f2d7e1,"{""numpy"": ""2.0.2"", ""pandas"": ""2.2.2"", ""python-louvain"": ""0.16"", ""scikit-learn"": ""1.6.1"", ""scipy"": ""1.16.3""}","{""additive"": {""calibration_objective"": 0.024220283682757516, ""knn"": 8, ""q"": 0.95}, ""error_model"": ""conservative-v1"", ""product"": {""knn"": 8, ""resolution"": 1.2, ""sigma_geo_m"": 900.0, ""tau_temp_min"": 60.0, ""threshold_quantile"": 0.95, ""track"": ""operational_label_free""}}","{""arrival_equity_gap_min"": ""lower"", ""boat_workload_cv"": ""lower"", ""cvar90_arrival_min"": ""lower"", ""deadline_miss_rate"": ""lower"", ""duplicate_dispatches"": ""lower"", ""fake_dispatches"": ""lower"", ""latent_harm"": ""lower"", ""max_arrival_min"": ""lower"", ""mean_arrival_min"": ""lower"", ""merge_caused_misses"": ""lower"", ""split_trips"": ""lower"", ""total_fleet_workload_min"": ""lower"", ""unique_population_reached_by_deadline_rate"": ""higher"", ""unserved_genuine_incidents"": ""lower""}","{""numpy"": ""2.5.1"", ""pandas"": ""3.0.3"", ""scipy"": ""1.18.0""}"
policy,revised_priority,legacy_priority,"{""partition"": ""additive_cij_matched_density""}",unique_population_reached_by_deadline_rate,higher,0.02483912875,0.04726765381,0.02438175696,"[0.010784087010250002, 0.03954251746027082]",0.02483912875,0.002823112526,0.03105423778,176,40,25,14,1,0.5254995065,0.5487179487,positive means candidate is better,40,4.1.0,test:3000-3039,a7c7a3f7ea63e57f1d98bd42f21c02aa04a69eaa37c824584a2be65f00f2d7e1,"{""numpy"": ""2.0.2"", ""pandas"": ""2.2.2"", ""python-louvain"": ""0.16"", ""scikit-learn"": ""1.6.1"", ""scipy"": ""1.16.3""}","{""additive"": {""calibration_objective"": 0.024220283682757516, ""knn"": 8, ""q"": 0.95}, ""error_model"": ""conservative-v1"", ""product"": {""knn"": 8, ""resolution"": 1.2, ""sigma_geo_m"": 900.0, ""tau_temp_min"": 60.0, ""threshold_quantile"": 0.95, ""track"": ""operational_label_free""}}","{""arrival_equity_gap_min"": ""lower"", ""boat_workload_cv"": ""lower"", ""cvar90_arrival_min"": ""lower"", ""deadline_miss_rate"": ""lower"", ""duplicate_dispatches"": ""lower"", ""fake_dispatches"": ""lower"", ""latent_harm"": ""lower"", ""max_arrival_min"": ""lower"", ""mean_arrival_min"": ""lower"", ""merge_caused_misses"": ""lower"", ""split_trips"": ""lower"", ""total_fleet_workload_min"": ""lower"", ""unique_population_reached_by_deadline_rate"": ""higher"", ""unserved_genuine_incidents"": ""lower""}","{""numpy"": ""2.5.1"", ""pandas"": ""3.0.3"", ""scipy"": ""1.18.0""}"
policy,revised_priority,legacy_priority,"{""partition"": ""additive_cij_matched_density""}",total_fleet_workload_min,lower,26.97366651,359.6221128,-10.93842683,"[-82.41201983958368, 136.00435139937505]",-26.97366651,0.6367651425,1,374,40,19,21,0,0.07500558378,0.08780487805,positive means candidate is better,40,4.1.0,test:3000-3039,a7c7a3f7ea63e57f1d98bd42f21c02aa04a69eaa37c824584a2be65f00f2d7e1,"{""numpy"": ""2.0.2"", ""pandas"": ""2.2.2"", ""python-louvain"": ""0.16"", ""scikit-learn"": ""1.6.1"", ""scipy"": ""1.16.3""}","{""additive"": {""calibration_objective"": 0.024220283682757516, ""knn"": 8, ""q"": 0.95}, ""error_model"": ""conservative-v1"", ""product"": {""knn"": 8, ""resolution"": 1.2, ""sigma_geo_m"": 900.0, ""tau_temp_min"": 60.0, ""threshold_quantile"": 0.95, ""track"": ""operational_label_free""}}","{""arrival_equity_gap_min"": ""lower"", ""boat_workload_cv"": ""lower"", ""cvar90_arrival_min"": ""lower"", ""deadline_miss_rate"": ""lower"", ""duplicate_dispatches"": ""lower"", ""fake_dispatches"": ""lower"", ""latent_harm"": ""lower"", ""max_arrival_min"": ""lower"", ""mean_arrival_min"": ""lower"", ""merge_caused_misses"": ""lower"", ""split_trips"": ""lower"", ""total_fleet_workload_min"": ""lower"", ""unique_population_reached_by_deadline_rate"": ""higher"", ""unserved_genuine_incidents"": ""lower""}","{""numpy"": ""2.5.1"", ""pandas"": ""3.0.3"", ""scipy"": ""1.18.0""}"
policy,revised_priority,legacy_priority,"{""partition"": ""additive_cij_matched_density""}",boat_workload_cv,lower,-0.001084491657,0.009076440708,-0.0004986148767,"[-0.0038082627415660215, 0.0016378318091606018]",0.001084491657,0.5448004511,1,364,40,19,21,0,-0.1194842441,-0.112195122,positive means candidate is better,40,4.1.0,test:3000-3039,a7c7a3f7ea63e57f1d98bd42f21c02aa04a69eaa37c824584a2be65f00f2d7e1,"{""numpy"": ""2.0.2"", ""pandas"": ""2.2.2"", ""python-louvain"": ""0.16"", ""scikit-learn"": ""1.6.1"", ""scipy"": ""1.16.3""}","{""additive"": {""calibration_objective"": 0.024220283682757516, ""knn"": 8, ""q"": 0.95}, ""error_model"": ""conservative-v1"", ""product"": {""knn"": 8, ""resolution"": 1.2, ""sigma_geo_m"": 900.0, ""tau_temp_min"": 60.0, ""threshold_quantile"": 0.95, ""track"": ""operational_label_free""}}","{""arrival_equity_gap_min"": ""lower"", ""boat_workload_cv"": ""lower"", ""cvar90_arrival_min"": ""lower"", ""deadline_miss_rate"": ""lower"", ""duplicate_dispatches"": ""lower"", ""fake_dispatches"": ""lower"", ""latent_harm"": ""lower"", ""max_arrival_min"": ""lower"", ""mean_arrival_min"": ""lower"", ""merge_caused_misses"": ""lower"", ""split_trips"": ""lower"", ""total_fleet_workload_min"": ""lower"", ""unique_population_reached_by_deadline_rate"": ""higher"", ""unserved_genuine_incidents"": ""lower""}","{""numpy"": ""2.5.1"", ""pandas"": ""3.0.3"", ""scipy"": ""1.18.0""}"
policy,revised_priority,legacy_priority,"{""partition"": ""additive_cij_matched_density""}",arrival_equity_gap_min,lower,-39.95795802,73.80899122,-45.84803915,"[-61.81143503108332, -16.757212541252073]",39.95795802,0.001230806833,0.01476968199,176,40,11,29,0,-0.5413697893,-0.5707317073,positive means candidate is better,40,4.1.0,test:3000-3039,a7c7a3f7ea63e57f1d98bd42f21c02aa04a69eaa37c824584a2be65f00f2d7e1,"{""numpy"": ""2.0.2"", ""pandas"": ""2.2.2"", ""python-louvain"": ""0.16"", ""scikit-learn"": ""1.6.1"", ""scipy"": ""1.16.3""}","{""additive"": {""calibration_objective"": 0.024220283682757516, ""knn"": 8, ""q"": 0.95}, ""error_model"": ""conservative-v1"", ""product"": {""knn"": 8, ""resolution"": 1.2, ""sigma_geo_m"": 900.0, ""tau_temp_min"": 60.0, ""threshold_quantile"": 0.95, ""track"": ""operational_label_free""}}","{""arrival_equity_gap_min"": ""lower"", ""boat_workload_cv"": ""lower"", ""cvar90_arrival_min"": ""lower"", ""deadline_miss_rate"": ""lower"", ""duplicate_dispatches"": ""lower"", ""fake_dispatches"": ""lower"", ""latent_harm"": ""lower"", ""max_arrival_min"": ""lower"", ""mean_arrival_min"": ""lower"", ""merge_caused_misses"": ""lower"", ""split_trips"": ""lower"", ""total_fleet_workload_min"": ""lower"", ""unique_population_reached_by_deadline_rate"": ""higher"", ""unserved_genuine_incidents"": ""lower""}","{""numpy"": ""2.5.1"", ""pandas"": ""3.0.3"", ""scipy"": ""1.18.0""}"
policy,revised_priority,legacy_priority,"{""partition"": ""additive_cij_matched_density""}",split_trips,lower,0,0,0,"[0.0, 0.0]",0,1,1,0,40,0,0,40,0,0,positive means candidate is better,40,4.1.0,test:3000-3039,a7c7a3f7ea63e57f1d98bd42f21c02aa04a69eaa37c824584a2be65f00f2d7e1,"{""numpy"": ""2.0.2"", ""pandas"": ""2.2.2"", ""python-louvain"": ""0.16"", ""scikit-learn"": ""1.6.1"", ""scipy"": ""1.16.3""}","{""additive"": {""calibration_objective"": 0.024220283682757516, ""knn"": 8, ""q"": 0.95}, ""error_model"": ""conservative-v1"", ""product"": {""knn"": 8, ""resolution"": 1.2, ""sigma_geo_m"": 900.0, ""tau_temp_min"": 60.0, ""threshold_quantile"": 0.95, ""track"": ""operational_label_free""}}","{""arrival_equity_gap_min"": ""lower"", ""boat_workload_cv"": ""lower"", ""cvar90_arrival_min"": ""lower"", ""deadline_miss_rate"": ""lower"", ""duplicate_dispatches"": ""lower"", ""fake_dispatches"": ""lower"", ""latent_harm"": ""lower"", ""max_arrival_min"": ""lower"", ""mean_arrival_min"": ""lower"", ""merge_caused_misses"": ""lower"", ""split_trips"": ""lower"", ""total_fleet_workload_min"": ""lower"", ""unique_population_reached_by_deadline_rate"": ""higher"", ""unserved_genuine_incidents"": ""lower""}","{""numpy"": ""2.5.1"", ""pandas"": ""3.0.3"", ""scipy"": ""1.18.0""}"
policy,revised_priority,legacy_priority,"{""partition"": ""additive_cij_matched_density""}",merge_caused_misses,lower,0,0,0,"[0.0, 0.0]",0,1,1,0,40,0,0,40,0,0,positive means candidate is better,40,4.1.0,test:3000-3039,a7c7a3f7ea63e57f1d98bd42f21c02aa04a69eaa37c824584a2be65f00f2d7e1,"{""numpy"": ""2.0.2"", ""pandas"": ""2.2.2"", ""python-louvain"": ""0.16"", ""scikit-learn"": ""1.6.1"", ""scipy"": ""1.16.3""}","{""additive"": {""calibration_objective"": 0.024220283682757516, ""knn"": 8, ""q"": 0.95}, ""error_model"": ""conservative-v1"", ""product"": {""knn"": 8, ""resolution"": 1.2, ""sigma_geo_m"": 900.0, ""tau_temp_min"": 60.0, ""threshold_quantile"": 0.95, ""track"": ""operational_label_free""}}","{""arrival_equity_gap_min"": ""lower"", ""boat_workload_cv"": ""lower"", ""cvar90_arrival_min"": ""lower"", ""deadline_miss_rate"": ""lower"", ""duplicate_dispatches"": ""lower"", ""fake_dispatches"": ""lower"", ""latent_harm"": ""lower"", ""max_arrival_min"": ""lower"", ""mean_arrival_min"": ""lower"", ""merge_caused_misses"": ""lower"", ""split_trips"": ""lower"", ""total_fleet_workload_min"": ""lower"", ""unique_population_reached_by_deadline_rate"": ""higher"", ""unserved_genuine_incidents"": ""lower""}","{""numpy"": ""2.5.1"", ""pandas"": ""3.0.3"", ""scipy"": ""1.18.0""}"
policy,revised_priority,legacy_priority,"{""partition"": ""additive_cij_matched_density""}",fake_dispatches,lower,0,0,0,"[0.0, 0.0]",0,1,1,0,40,0,0,40,0,0,positive means candidate is better,40,4.1.0,test:3000-3039,a7c7a3f7ea63e57f1d98bd42f21c02aa04a69eaa37c824584a2be65f00f2d7e1,"{""numpy"": ""2.0.2"", ""pandas"": ""2.2.2"", ""python-louvain"": ""0.16"", ""scikit-learn"": ""1.6.1"", ""scipy"": ""1.16.3""}","{""additive"": {""calibration_objective"": 0.024220283682757516, ""knn"": 8, ""q"": 0.95}, ""error_model"": ""conservative-v1"", ""product"": {""knn"": 8, ""resolution"": 1.2, ""sigma_geo_m"": 900.0, ""tau_temp_min"": 60.0, ""threshold_quantile"": 0.95, ""track"": ""operational_label_free""}}","{""arrival_equity_gap_min"": ""lower"", ""boat_workload_cv"": ""lower"", ""cvar90_arrival_min"": ""lower"", ""deadline_miss_rate"": ""lower"", ""duplicate_dispatches"": ""lower"", ""fake_dispatches"": ""lower"", ""latent_harm"": ""lower"", ""max_arrival_min"": ""lower"", ""mean_arrival_min"": ""lower"", ""merge_caused_misses"": ""lower"", ""split_trips"": ""lower"", ""total_fleet_workload_min"": ""lower"", ""unique_population_reached_by_deadline_rate"": ""higher"", ""unserved_genuine_incidents"": ""lower""}","{""numpy"": ""2.5.1"", ""pandas"": ""3.0.3"", ""scipy"": ""1.18.0""}"
policy,revised_priority,legacy_priority,"{""partition"": ""additive_cij_matched_density""}",duplicate_dispatches,lower,0,0,0,"[0.0, 0.0]",0,1,1,0,40,0,0,40,0,0,positive means candidate is better,40,4.1.0,test:3000-3039,a7c7a3f7ea63e57f1d98bd42f21c02aa04a69eaa37c824584a2be65f00f2d7e1,"{""numpy"": ""2.0.2"", ""pandas"": ""2.2.2"", ""python-louvain"": ""0.16"", ""scikit-learn"": ""1.6.1"", ""scipy"": ""1.16.3""}","{""additive"": {""calibration_objective"": 0.024220283682757516, ""knn"": 8, ""q"": 0.95}, ""error_model"": ""conservative-v1"", ""product"": {""knn"": 8, ""resolution"": 1.2, ""sigma_geo_m"": 900.0, ""tau_temp_min"": 60.0, ""threshold_quantile"": 0.95, ""track"": ""operational_label_free""}}","{""arrival_equity_gap_min"": ""lower"", ""boat_workload_cv"": ""lower"", ""cvar90_arrival_min"": ""lower"", ""deadline_miss_rate"": ""lower"", ""duplicate_dispatches"": ""lower"", ""fake_dispatches"": ""lower"", ""latent_harm"": ""lower"", ""max_arrival_min"": ""lower"", ""mean_arrival_min"": ""lower"", ""merge_caused_misses"": ""lower"", ""split_trips"": ""lower"", ""total_fleet_workload_min"": ""lower"", ""unique_population_reached_by_deadline_rate"": ""higher"", ""unserved_genuine_incidents"": ""lower""}","{""numpy"": ""2.5.1"", ""pandas"": ""3.0.3"", ""scipy"": ""1.18.0""}"
policy,revised_priority,legacy_priority,"{""partition"": ""additive_cij_matched_density""}",unserved_genuine_incidents,lower,0,0,0,"[0.0, 0.0]",0,1,1,0,40,0,0,40,0,0,positive means candidate is better,40,4.1.0,test:3000-3039,a7c7a3f7ea63e57f1d98bd42f21c02aa04a69eaa37c824584a2be65f00f2d7e1,"{""numpy"": ""2.0.2"", ""pandas"": ""2.2.2"", ""python-louvain"": ""0.16"", ""scikit-learn"": ""1.6.1"", ""scipy"": ""1.16.3""}","{""additive"": {""calibration_objective"": 0.024220283682757516, ""knn"": 8, ""q"": 0.95}, ""error_model"": ""conservative-v1"", ""product"": {""knn"": 8, ""resolution"": 1.2, ""sigma_geo_m"": 900.0, ""tau_temp_min"": 60.0, ""threshold_quantile"": 0.95, ""track"": ""operational_label_free""}}","{""arrival_equity_gap_min"": ""lower"", ""boat_workload_cv"": ""lower"", ""cvar90_arrival_min"": ""lower"", ""deadline_miss_rate"": ""lower"", ""duplicate_dispatches"": ""lower"", ""fake_dispatches"": ""lower"", ""latent_harm"": ""lower"", ""max_arrival_min"": ""lower"", ""mean_arrival_min"": ""lower"", ""merge_caused_misses"": ""lower"", ""split_trips"": ""lower"", ""total_fleet_workload_min"": ""lower"", ""unique_population_reached_by_deadline_rate"": ""higher"", ""unserved_genuine_incidents"": ""lower""}","{""numpy"": ""2.5.1"", ""pandas"": ""3.0.3"", ""scipy"": ""1.18.0""}"
policy,revised_priority,nearest_first,"{""partition"": ""additive_cij_matched_density""}",latent_harm,lower,-102.2270788,66.28193996,-98.88792059,"[-122.13404551254999, -81.2681011474125]",102.2270788,3.701643436e-09,2.961314749e-08,30,40,2,38,0,-1.542306681,-0.9268292683,positive means candidate is better,40,4.1.0,test:3000-3039,a7c7a3f7ea63e57f1d98bd42f21c02aa04a69eaa37c824584a2be65f00f2d7e1,"{""numpy"": ""2.0.2"", ""pandas"": ""2.2.2"", ""python-louvain"": ""0.16"", ""scikit-learn"": ""1.6.1"", ""scipy"": ""1.16.3""}","{""additive"": {""calibration_objective"": 0.024220283682757516, ""knn"": 8, ""q"": 0.95}, ""error_model"": ""conservative-v1"", ""product"": {""knn"": 8, ""resolution"": 1.2, ""sigma_geo_m"": 900.0, ""tau_temp_min"": 60.0, ""threshold_quantile"": 0.95, ""track"": ""operational_label_free""}}","{""arrival_equity_gap_min"": ""lower"", ""boat_workload_cv"": ""lower"", ""cvar90_arrival_min"": ""lower"", ""deadline_miss_rate"": ""lower"", ""duplicate_dispatches"": ""lower"", ""fake_dispatches"": ""lower"", ""latent_harm"": ""lower"", ""max_arrival_min"": ""lower"", ""mean_arrival_min"": ""lower"", ""merge_caused_misses"": ""lower"", ""split_trips"": ""lower"", ""total_fleet_workload_min"": ""lower"", ""unique_population_reached_by_deadline_rate"": ""higher"", ""unserved_genuine_incidents"": ""lower""}","{""numpy"": ""2.5.1"", ""pandas"": ""3.0.3"", ""scipy"": ""1.18.0""}"
policy,revised_priority,nearest_first,"{""partition"": ""additive_cij_matched_density""}",deadline_miss_rate,lower,-0.1734375,0.1063748324,-0.1770833333,"[-0.2057291666666666, -0.14114583333333333]",0.1734375,1.032540208e-07,6.19524125e-07,14.5,40,3,37,0,-1.630437351,-0.9646341463,positive means candidate is better,40,4.1.0,test:3000-3039,a7c7a3f7ea63e57f1d98bd42f21c02aa04a69eaa37c824584a2be65f00f2d7e1,"{""numpy"": ""2.0.2"", ""pandas"": ""2.2.2"", ""python-louvain"": ""0.16"", ""scikit-learn"": ""1.6.1"", ""scipy"": ""1.16.3""}","{""additive"": {""calibration_objective"": 0.024220283682757516, ""knn"": 8, ""q"": 0.95}, ""error_model"": ""conservative-v1"", ""product"": {""knn"": 8, ""resolution"": 1.2, ""sigma_geo_m"": 900.0, ""tau_temp_min"": 60.0, ""threshold_quantile"": 0.95, ""track"": ""operational_label_free""}}","{""arrival_equity_gap_min"": ""lower"", ""boat_workload_cv"": ""lower"", ""cvar90_arrival_min"": ""lower"", ""deadline_miss_rate"": ""lower"", ""duplicate_dispatches"": ""lower"", ""fake_dispatches"": ""lower"", ""latent_harm"": ""lower"", ""max_arrival_min"": ""lower"", ""mean_arrival_min"": ""lower"", ""merge_caused_misses"": ""lower"", ""split_trips"": ""lower"", ""total_fleet_workload_min"": ""lower"", ""unique_population_reached_by_deadline_rate"": ""higher"", ""unserved_genuine_incidents"": ""lower""}","{""numpy"": ""2.5.1"", ""pandas"": ""3.0.3"", ""scipy"": ""1.18.0""}"
policy,revised_priority,nearest_first,"{""partition"": ""additive_cij_matched_density""}",mean_arrival_min,lower,-127.1073011,69.19437084,-146.1250649,"[-147.88631133862498, -105.63480316572084]",127.1073011,3.456079867e-11,3.801687853e-10,7,40,2,38,0,-1.83696014,-0.9829268293,positive means candidate is better,40,4.1.0,test:3000-3039,a7c7a3f7ea63e57f1d98bd42f21c02aa04a69eaa37c824584a2be65f00f2d7e1,"{""numpy"": ""2.0.2"", ""pandas"": ""2.2.2"", ""python-louvain"": ""0.16"", ""scikit-learn"": ""1.6.1"", ""scipy"": ""1.16.3""}","{""additive"": {""calibration_objective"": 0.024220283682757516, ""knn"": 8, ""q"": 0.95}, ""error_model"": ""conservative-v1"", ""product"": {""knn"": 8, ""resolution"": 1.2, ""sigma_geo_m"": 900.0, ""tau_temp_min"": 60.0, ""threshold_quantile"": 0.95, ""track"": ""operational_label_free""}}","{""arrival_equity_gap_min"": ""lower"", ""boat_workload_cv"": ""lower"", ""cvar90_arrival_min"": ""lower"", ""deadline_miss_rate"": ""lower"", ""duplicate_dispatches"": ""lower"", ""fake_dispatches"": ""lower"", ""latent_harm"": ""lower"", ""max_arrival_min"": ""lower"", ""mean_arrival_min"": ""lower"", ""merge_caused_misses"": ""lower"", ""split_trips"": ""lower"", ""total_fleet_workload_min"": ""lower"", ""unique_population_reached_by_deadline_rate"": ""higher"", ""unserved_genuine_incidents"": ""lower""}","{""numpy"": ""2.5.1"", ""pandas"": ""3.0.3"", ""scipy"": ""1.18.0""}"
policy,revised_priority,nearest_first,"{""partition"": ""additive_cij_matched_density""}",max_arrival_min,lower,-252.5155578,233.9101626,-212.9592691,"[-328.5167328505, -184.64361060393753]",252.5155578,1.644366421e-09,1.479929779e-08,25,40,5,35,0,-1.079540773,-0.9390243902,positive means candidate is better,40,4.1.0,test:3000-3039,a7c7a3f7ea63e57f1d98bd42f21c02aa04a69eaa37c824584a2be65f00f2d7e1,"{""numpy"": ""2.0.2"", ""pandas"": ""2.2.2"", ""python-louvain"": ""0.16"", ""scikit-learn"": ""1.6.1"", ""scipy"": ""1.16.3""}","{""additive"": {""calibration_objective"": 0.024220283682757516, ""knn"": 8, ""q"": 0.95}, ""error_model"": ""conservative-v1"", ""product"": {""knn"": 8, ""resolution"": 1.2, ""sigma_geo_m"": 900.0, ""tau_temp_min"": 60.0, ""threshold_quantile"": 0.95, ""track"": ""operational_label_free""}}","{""arrival_equity_gap_min"": ""lower"", ""boat_workload_cv"": ""lower"", ""cvar90_arrival_min"": ""lower"", ""deadline_miss_rate"": ""lower"", ""duplicate_dispatches"": ""lower"", ""fake_dispatches"": ""lower"", ""latent_harm"": ""lower"", ""max_arrival_min"": ""lower"", ""mean_arrival_min"": ""lower"", ""merge_caused_misses"": ""lower"", ""split_trips"": ""lower"", ""total_fleet_workload_min"": ""lower"", ""unique_population_reached_by_deadline_rate"": ""higher"", ""unserved_genuine_incidents"": ""lower""}","{""numpy"": ""2.5.1"", ""pandas"": ""3.0.3"", ""scipy"": ""1.18.0""}"
policy,revised_priority,nearest_first,"{""partition"": ""additive_cij_matched_density""}",cvar90_arrival_min,lower,-224.8772783,183.6274968,-223.9125678,"[-283.22420358749997, -170.5849794511875]",224.8772783,6.748450687e-10,6.748450687e-09,20,40,4,36,0,-1.22463837,-0.9512195122,positive means candidate is better,40,4.1.0,test:3000-3039,a7c7a3f7ea63e57f1d98bd42f21c02aa04a69eaa37c824584a2be65f00f2d7e1,"{""numpy"": ""2.0.2"", ""pandas"": ""2.2.2"", ""python-louvain"": ""0.16"", ""scikit-learn"": ""1.6.1"", ""scipy"": ""1.16.3""}","{""additive"": {""calibration_objective"": 0.024220283682757516, ""knn"": 8, ""q"": 0.95}, ""error_model"": ""conservative-v1"", ""product"": {""knn"": 8, ""resolution"": 1.2, ""sigma_geo_m"": 900.0, ""tau_temp_min"": 60.0, ""threshold_quantile"": 0.95, ""track"": ""operational_label_free""}}","{""arrival_equity_gap_min"": ""lower"", ""boat_workload_cv"": ""lower"", ""cvar90_arrival_min"": ""lower"", ""deadline_miss_rate"": ""lower"", ""duplicate_dispatches"": ""lower"", ""fake_dispatches"": ""lower"", ""latent_harm"": ""lower"", ""max_arrival_min"": ""lower"", ""mean_arrival_min"": ""lower"", ""merge_caused_misses"": ""lower"", ""split_trips"": ""lower"", ""total_fleet_workload_min"": ""lower"", ""unique_population_reached_by_deadline_rate"": ""higher"", ""unserved_genuine_incidents"": ""lower""}","{""numpy"": ""2.5.1"", ""pandas"": ""3.0.3"", ""scipy"": ""1.18.0""}"
policy,revised_priority,nearest_first,"{""partition"": ""additive_cij_matched_density""}",unique_population_reached_by_deadline_rate,higher,-0.1457494794,0.1133490698,-0.1677718126,"[-0.17988758878588126, -0.1108151939137917]",-0.1457494794,6.775735528e-09,4.74301487e-08,34,40,4,36,0,-1.285846277,-0.9170731707,positive means candidate is better,40,4.1.0,test:3000-3039,a7c7a3f7ea63e57f1d98bd42f21c02aa04a69eaa37c824584a2be65f00f2d7e1,"{""numpy"": ""2.0.2"", ""pandas"": ""2.2.2"", ""python-louvain"": ""0.16"", ""scikit-learn"": ""1.6.1"", ""scipy"": ""1.16.3""}","{""additive"": {""calibration_objective"": 0.024220283682757516, ""knn"": 8, ""q"": 0.95}, ""error_model"": ""conservative-v1"", ""product"": {""knn"": 8, ""resolution"": 1.2, ""sigma_geo_m"": 900.0, ""tau_temp_min"": 60.0, ""threshold_quantile"": 0.95, ""track"": ""operational_label_free""}}","{""arrival_equity_gap_min"": ""lower"", ""boat_workload_cv"": ""lower"", ""cvar90_arrival_min"": ""lower"", ""deadline_miss_rate"": ""lower"", ""duplicate_dispatches"": ""lower"", ""fake_dispatches"": ""lower"", ""latent_harm"": ""lower"", ""max_arrival_min"": ""lower"", ""mean_arrival_min"": ""lower"", ""merge_caused_misses"": ""lower"", ""split_trips"": ""lower"", ""total_fleet_workload_min"": ""lower"", ""unique_population_reached_by_deadline_rate"": ""higher"", ""unserved_genuine_incidents"": ""lower""}","{""numpy"": ""2.5.1"", ""pandas"": ""3.0.3"", ""scipy"": ""1.18.0""}"
policy,revised_priority,nearest_first,"{""partition"": ""additive_cij_matched_density""}",total_fleet_workload_min,lower,-4515.063179,581.2041525,-4540.638332,"[-4692.0442847, -4338.359529777708]",4515.063179,1.818989404e-12,2.546585165e-11,0,40,0,40,0,-7.768463387,-1,positive means candidate is better,40,4.1.0,test:3000-3039,a7c7a3f7ea63e57f1d98bd42f21c02aa04a69eaa37c824584a2be65f00f2d7e1,"{""numpy"": ""2.0.2"", ""pandas"": ""2.2.2"", ""python-louvain"": ""0.16"", ""scikit-learn"": ""1.6.1"", ""scipy"": ""1.16.3""}","{""additive"": {""calibration_objective"": 0.024220283682757516, ""knn"": 8, ""q"": 0.95}, ""error_model"": ""conservative-v1"", ""product"": {""knn"": 8, ""resolution"": 1.2, ""sigma_geo_m"": 900.0, ""tau_temp_min"": 60.0, ""threshold_quantile"": 0.95, ""track"": ""operational_label_free""}}","{""arrival_equity_gap_min"": ""lower"", ""boat_workload_cv"": ""lower"", ""cvar90_arrival_min"": ""lower"", ""deadline_miss_rate"": ""lower"", ""duplicate_dispatches"": ""lower"", ""fake_dispatches"": ""lower"", ""latent_harm"": ""lower"", ""max_arrival_min"": ""lower"", ""mean_arrival_min"": ""lower"", ""merge_caused_misses"": ""lower"", ""split_trips"": ""lower"", ""total_fleet_workload_min"": ""lower"", ""unique_population_reached_by_deadline_rate"": ""higher"", ""unserved_genuine_incidents"": ""lower""}","{""numpy"": ""2.5.1"", ""pandas"": ""3.0.3"", ""scipy"": ""1.18.0""}"
policy,revised_priority,nearest_first,"{""partition"": ""additive_cij_matched_density""}",boat_workload_cv,lower,0.04025873992,0.02143733263,0.0365654075,"[0.03416180135246582, 0.047079494116154814]",-0.04025873992,1.818989404e-12,2.546585165e-11,0,40,40,0,0,1.877973376,1,positive means candidate is better,40,4.1.0,test:3000-3039,a7c7a3f7ea63e57f1d98bd42f21c02aa04a69eaa37c824584a2be65f00f2d7e1,"{""numpy"": ""2.0.2"", ""pandas"": ""2.2.2"", ""python-louvain"": ""0.16"", ""scikit-learn"": ""1.6.1"", ""scipy"": ""1.16.3""}","{""additive"": {""calibration_objective"": 0.024220283682757516, ""knn"": 8, ""q"": 0.95}, ""error_model"": ""conservative-v1"", ""product"": {""knn"": 8, ""resolution"": 1.2, ""sigma_geo_m"": 900.0, ""tau_temp_min"": 60.0, ""threshold_quantile"": 0.95, ""track"": ""operational_label_free""}}","{""arrival_equity_gap_min"": ""lower"", ""boat_workload_cv"": ""lower"", ""cvar90_arrival_min"": ""lower"", ""deadline_miss_rate"": ""lower"", ""duplicate_dispatches"": ""lower"", ""fake_dispatches"": ""lower"", ""latent_harm"": ""lower"", ""max_arrival_min"": ""lower"", ""mean_arrival_min"": ""lower"", ""merge_caused_misses"": ""lower"", ""split_trips"": ""lower"", ""total_fleet_workload_min"": ""lower"", ""unique_population_reached_by_deadline_rate"": ""higher"", ""unserved_genuine_incidents"": ""lower""}","{""numpy"": ""2.5.1"", ""pandas"": ""3.0.3"", ""scipy"": ""1.18.0""}"
policy,revised_priority,nearest_first,"{""partition"": ""additive_cij_matched_density""}",arrival_equity_gap_min,lower,243.222173,152.3915685,226.2963305,"[197.4777629778896, 290.834387889325]",-243.222173,9.094947018e-12,1.091393642e-10,3,40,38,2,0,1.596034317,0.9926829268,positive means candidate is better,40,4.1.0,test:3000-3039,a7c7a3f7ea63e57f1d98bd42f21c02aa04a69eaa37c824584a2be65f00f2d7e1,"{""numpy"": ""2.0.2"", ""pandas"": ""2.2.2"", ""python-louvain"": ""0.16"", ""scikit-learn"": ""1.6.1"", ""scipy"": ""1.16.3""}","{""additive"": {""calibration_objective"": 0.024220283682757516, ""knn"": 8, ""q"": 0.95}, ""error_model"": ""conservative-v1"", ""product"": {""knn"": 8, ""resolution"": 1.2, ""sigma_geo_m"": 900.0, ""tau_temp_min"": 60.0, ""threshold_quantile"": 0.95, ""track"": ""operational_label_free""}}","{""arrival_equity_gap_min"": ""lower"", ""boat_workload_cv"": ""lower"", ""cvar90_arrival_min"": ""lower"", ""deadline_miss_rate"": ""lower"", ""duplicate_dispatches"": ""lower"", ""fake_dispatches"": ""lower"", ""latent_harm"": ""lower"", ""max_arrival_min"": ""lower"", ""mean_arrival_min"": ""lower"", ""merge_caused_misses"": ""lower"", ""split_trips"": ""lower"", ""total_fleet_workload_min"": ""lower"", ""unique_population_reached_by_deadline_rate"": ""higher"", ""unserved_genuine_incidents"": ""lower""}","{""numpy"": ""2.5.1"", ""pandas"": ""3.0.3"", ""scipy"": ""1.18.0""}"
policy,revised_priority,nearest_first,"{""partition"": ""additive_cij_matched_density""}",split_trips,lower,0,0,0,"[0.0, 0.0]",0,1,1,0,40,0,0,40,0,0,positive means candidate is better,40,4.1.0,test:3000-3039,a7c7a3f7ea63e57f1d98bd42f21c02aa04a69eaa37c824584a2be65f00f2d7e1,"{""numpy"": ""2.0.2"", ""pandas"": ""2.2.2"", ""python-louvain"": ""0.16"", ""scikit-learn"": ""1.6.1"", ""scipy"": ""1.16.3""}","{""additive"": {""calibration_objective"": 0.024220283682757516, ""knn"": 8, ""q"": 0.95}, ""error_model"": ""conservative-v1"", ""product"": {""knn"": 8, ""resolution"": 1.2, ""sigma_geo_m"": 900.0, ""tau_temp_min"": 60.0, ""threshold_quantile"": 0.95, ""track"": ""operational_label_free""}}","{""arrival_equity_gap_min"": ""lower"", ""boat_workload_cv"": ""lower"", ""cvar90_arrival_min"": ""lower"", ""deadline_miss_rate"": ""lower"", ""duplicate_dispatches"": ""lower"", ""fake_dispatches"": ""lower"", ""latent_harm"": ""lower"", ""max_arrival_min"": ""lower"", ""mean_arrival_min"": ""lower"", ""merge_caused_misses"": ""lower"", ""split_trips"": ""lower"", ""total_fleet_workload_min"": ""lower"", ""unique_population_reached_by_deadline_rate"": ""higher"", ""unserved_genuine_incidents"": ""lower""}","{""numpy"": ""2.5.1"", ""pandas"": ""3.0.3"", ""scipy"": ""1.18.0""}"
policy,revised_priority,nearest_first,"{""partition"": ""additive_cij_matched_density""}",merge_caused_misses,lower,0,0,0,"[0.0, 0.0]",0,1,1,0,40,0,0,40,0,0,positive means candidate is better,40,4.1.0,test:3000-3039,a7c7a3f7ea63e57f1d98bd42f21c02aa04a69eaa37c824584a2be65f00f2d7e1,"{""numpy"": ""2.0.2"", ""pandas"": ""2.2.2"", ""python-louvain"": ""0.16"", ""scikit-learn"": ""1.6.1"", ""scipy"": ""1.16.3""}","{""additive"": {""calibration_objective"": 0.024220283682757516, ""knn"": 8, ""q"": 0.95}, ""error_model"": ""conservative-v1"", ""product"": {""knn"": 8, ""resolution"": 1.2, ""sigma_geo_m"": 900.0, ""tau_temp_min"": 60.0, ""threshold_quantile"": 0.95, ""track"": ""operational_label_free""}}","{""arrival_equity_gap_min"": ""lower"", ""boat_workload_cv"": ""lower"", ""cvar90_arrival_min"": ""lower"", ""deadline_miss_rate"": ""lower"", ""duplicate_dispatches"": ""lower"", ""fake_dispatches"": ""lower"", ""latent_harm"": ""lower"", ""max_arrival_min"": ""lower"", ""mean_arrival_min"": ""lower"", ""merge_caused_misses"": ""lower"", ""split_trips"": ""lower"", ""total_fleet_workload_min"": ""lower"", ""unique_population_reached_by_deadline_rate"": ""higher"", ""unserved_genuine_incidents"": ""lower""}","{""numpy"": ""2.5.1"", ""pandas"": ""3.0.3"", ""scipy"": ""1.18.0""}"
policy,revised_priority,nearest_first,"{""partition"": ""additive_cij_matched_density""}",fake_dispatches,lower,0,0,0,"[0.0, 0.0]",0,1,1,0,40,0,0,40,0,0,positive means candidate is better,40,4.1.0,test:3000-3039,a7c7a3f7ea63e57f1d98bd42f21c02aa04a69eaa37c824584a2be65f00f2d7e1,"{""numpy"": ""2.0.2"", ""pandas"": ""2.2.2"", ""python-louvain"": ""0.16"", ""scikit-learn"": ""1.6.1"", ""scipy"": ""1.16.3""}","{""additive"": {""calibration_objective"": 0.024220283682757516, ""knn"": 8, ""q"": 0.95}, ""error_model"": ""conservative-v1"", ""product"": {""knn"": 8, ""resolution"": 1.2, ""sigma_geo_m"": 900.0, ""tau_temp_min"": 60.0, ""threshold_quantile"": 0.95, ""track"": ""operational_label_free""}}","{""arrival_equity_gap_min"": ""lower"", ""boat_workload_cv"": ""lower"", ""cvar90_arrival_min"": ""lower"", ""deadline_miss_rate"": ""lower"", ""duplicate_dispatches"": ""lower"", ""fake_dispatches"": ""lower"", ""latent_harm"": ""lower"", ""max_arrival_min"": ""lower"", ""mean_arrival_min"": ""lower"", ""merge_caused_misses"": ""lower"", ""split_trips"": ""lower"", ""total_fleet_workload_min"": ""lower"", ""unique_population_reached_by_deadline_rate"": ""higher"", ""unserved_genuine_incidents"": ""lower""}","{""numpy"": ""2.5.1"", ""pandas"": ""3.0.3"", ""scipy"": ""1.18.0""}"
policy,revised_priority,nearest_first,"{""partition"": ""additive_cij_matched_density""}",duplicate_dispatches,lower,0,0,0,"[0.0, 0.0]",0,1,1,0,40,0,0,40,0,0,positive means candidate is better,40,4.1.0,test:3000-3039,a7c7a3f7ea63e57f1d98bd42f21c02aa04a69eaa37c824584a2be65f00f2d7e1,"{""numpy"": ""2.0.2"", ""pandas"": ""2.2.2"", ""python-louvain"": ""0.16"", ""scikit-learn"": ""1.6.1"", ""scipy"": ""1.16.3""}","{""additive"": {""calibration_objective"": 0.024220283682757516, ""knn"": 8, ""q"": 0.95}, ""error_model"": ""conservative-v1"", ""product"": {""knn"": 8, ""resolution"": 1.2, ""sigma_geo_m"": 900.0, ""tau_temp_min"": 60.0, ""threshold_quantile"": 0.95, ""track"": ""operational_label_free""}}","{""arrival_equity_gap_min"": ""lower"", ""boat_workload_cv"": ""lower"", ""cvar90_arrival_min"": ""lower"", ""deadline_miss_rate"": ""lower"", ""duplicate_dispatches"": ""lower"", ""fake_dispatches"": ""lower"", ""latent_harm"": ""lower"", ""max_arrival_min"": ""lower"", ""mean_arrival_min"": ""lower"", ""merge_caused_misses"": ""lower"", ""split_trips"": ""lower"", ""total_fleet_workload_min"": ""lower"", ""unique_population_reached_by_deadline_rate"": ""higher"", ""unserved_genuine_incidents"": ""lower""}","{""numpy"": ""2.5.1"", ""pandas"": ""3.0.3"", ""scipy"": ""1.18.0""}"
policy,revised_priority,nearest_first,"{""partition"": ""additive_cij_matched_density""}",unserved_genuine_incidents,lower,0,0,0,"[0.0, 0.0]",0,1,1,0,40,0,0,40,0,0,positive means candidate is better,40,4.1.0,test:3000-3039,a7c7a3f7ea63e57f1d98bd42f21c02aa04a69eaa37c824584a2be65f00f2d7e1,"{""numpy"": ""2.0.2"", ""pandas"": ""2.2.2"", ""python-louvain"": ""0.16"", ""scikit-learn"": ""1.6.1"", ""scipy"": ""1.16.3""}","{""additive"": {""calibration_objective"": 0.024220283682757516, ""knn"": 8, ""q"": 0.95}, ""error_model"": ""conservative-v1"", ""product"": {""knn"": 8, ""resolution"": 1.2, ""sigma_geo_m"": 900.0, ""tau_temp_min"": 60.0, ""threshold_quantile"": 0.95, ""track"": ""operational_label_free""}}","{""arrival_equity_gap_min"": ""lower"", ""boat_workload_cv"": ""lower"", ""cvar90_arrival_min"": ""lower"", ""deadline_miss_rate"": ""lower"", ""duplicate_dispatches"": ""lower"", ""fake_dispatches"": ""lower"", ""latent_harm"": ""lower"", ""max_arrival_min"": ""lower"", ""mean_arrival_min"": ""lower"", ""merge_caused_misses"": ""lower"", ""split_trips"": ""lower"", ""total_fleet_workload_min"": ""lower"", ""unique_population_reached_by_deadline_rate"": ""higher"", ""unserved_genuine_incidents"": ""lower""}","{""numpy"": ""2.5.1"", ""pandas"": ""3.0.3"", ""scipy"": ""1.18.0""}"
policy,revised_priority,first_report_fifo,"{""partition"": ""additive_cij_matched_density""}",latent_harm,lower,520.2935663,198.8161344,515.6901023,"[458.70369009791875, 582.4090514501978]",-520.2935663,1.818989404e-12,2.546585165e-11,0,40,40,0,0,2.616958468,1,positive means candidate is better,40,4.1.0,test:3000-3039,a7c7a3f7ea63e57f1d98bd42f21c02aa04a69eaa37c824584a2be65f00f2d7e1,"{""numpy"": ""2.0.2"", ""pandas"": ""2.2.2"", ""python-louvain"": ""0.16"", ""scikit-learn"": ""1.6.1"", ""scipy"": ""1.16.3""}","{""additive"": {""calibration_objective"": 0.024220283682757516, ""knn"": 8, ""q"": 0.95}, ""error_model"": ""conservative-v1"", ""product"": {""knn"": 8, ""resolution"": 1.2, ""sigma_geo_m"": 900.0, ""tau_temp_min"": 60.0, ""threshold_quantile"": 0.95, ""track"": ""operational_label_free""}}","{""arrival_equity_gap_min"": ""lower"", ""boat_workload_cv"": ""lower"", ""cvar90_arrival_min"": ""lower"", ""deadline_miss_rate"": ""lower"", ""duplicate_dispatches"": ""lower"", ""fake_dispatches"": ""lower"", ""latent_harm"": ""lower"", ""max_arrival_min"": ""lower"", ""mean_arrival_min"": ""lower"", ""merge_caused_misses"": ""lower"", ""split_trips"": ""lower"", ""total_fleet_workload_min"": ""lower"", ""unique_population_reached_by_deadline_rate"": ""higher"", ""unserved_genuine_incidents"": ""lower""}","{""numpy"": ""2.5.1"", ""pandas"": ""3.0.3"", ""scipy"": ""1.18.0""}"
policy,revised_priority,first_report_fifo,"{""partition"": ""additive_cij_matched_density""}",deadline_miss_rate,lower,0.09427083333,0.05581951848,0.09375,"[0.07656250000000003, 0.11093750000000002]",-0.09427083333,5.396706389e-08,4.317365111e-07,6,40,38,2,0,1.688850709,0.9853658537,positive means candidate is better,40,4.1.0,test:3000-3039,a7c7a3f7ea63e57f1d98bd42f21c02aa04a69eaa37c824584a2be65f00f2d7e1,"{""numpy"": ""2.0.2"", ""pandas"": ""2.2.2"", ""python-louvain"": ""0.16"", ""scikit-learn"": ""1.6.1"", ""scipy"": ""1.16.3""}","{""additive"": {""calibration_objective"": 0.024220283682757516, ""knn"": 8, ""q"": 0.95}, ""error_model"": ""conservative-v1"", ""product"": {""knn"": 8, ""resolution"": 1.2, ""sigma_geo_m"": 900.0, ""tau_temp_min"": 60.0, ""threshold_quantile"": 0.95, ""track"": ""operational_label_free""}}","{""arrival_equity_gap_min"": ""lower"", ""boat_workload_cv"": ""lower"", ""cvar90_arrival_min"": ""lower"", ""deadline_miss_rate"": ""lower"", ""duplicate_dispatches"": ""lower"", ""fake_dispatches"": ""lower"", ""latent_harm"": ""lower"", ""max_arrival_min"": ""lower"", ""mean_arrival_min"": ""lower"", ""merge_caused_misses"": ""lower"", ""split_trips"": ""lower"", ""total_fleet_workload_min"": ""lower"", ""unique_population_reached_by_deadline_rate"": ""higher"", ""unserved_genuine_incidents"": ""lower""}","{""numpy"": ""2.5.1"", ""pandas"": ""3.0.3"", ""scipy"": ""1.18.0""}"
policy,revised_priority,first_report_fifo,"{""partition"": ""additive_cij_matched_density""}",mean_arrival_min,lower,532.7528518,175.2998329,543.2279458,"[479.8385787694583, 588.1108745493749]",-532.7528518,1.818989404e-12,2.546585165e-11,0,40,40,0,0,3.039095035,1,positive means candidate is better,40,4.1.0,test:3000-3039,a7c7a3f7ea63e57f1d98bd42f21c02aa04a69eaa37c824584a2be65f00f2d7e1,"{""numpy"": ""2.0.2"", ""pandas"": ""2.2.2"", ""python-louvain"": ""0.16"", ""scikit-learn"": ""1.6.1"", ""scipy"": ""1.16.3""}","{""additive"": {""calibration_objective"": 0.024220283682757516, ""knn"": 8, ""q"": 0.95}, ""error_model"": ""conservative-v1"", ""product"": {""knn"": 8, ""resolution"": 1.2, ""sigma_geo_m"": 900.0, ""tau_temp_min"": 60.0, ""threshold_quantile"": 0.95, ""track"": ""operational_label_free""}}","{""arrival_equity_gap_min"": ""lower"", ""boat_workload_cv"": ""lower"", ""cvar90_arrival_min"": ""lower"", ""deadline_miss_rate"": ""lower"", ""duplicate_dispatches"": ""lower"", ""fake_dispatches"": ""lower"", ""latent_harm"": ""lower"", ""max_arrival_min"": ""lower"", ""mean_arrival_min"": ""lower"", ""merge_caused_misses"": ""lower"", ""split_trips"": ""lower"", ""total_fleet_workload_min"": ""lower"", ""unique_population_reached_by_deadline_rate"": ""higher"", ""unserved_genuine_incidents"": ""lower""}","{""numpy"": ""2.5.1"", ""pandas"": ""3.0.3"", ""scipy"": ""1.18.0""}"
policy,revised_priority,first_report_fifo,"{""partition"": ""additive_cij_matched_density""}",max_arrival_min,lower,937.2367158,399.2672372,1009.271961,"[813.8334882129584, 1056.6148102569584]",-937.2367158,3.637978807e-12,3.637978807e-11,1,40,39,1,0,2.347391993,0.9975609756,positive means candidate is better,40,4.1.0,test:3000-3039,a7c7a3f7ea63e57f1d98bd42f21c02aa04a69eaa37c824584a2be65f00f2d7e1,"{""numpy"": ""2.0.2"", ""pandas"": ""2.2.2"", ""python-louvain"": ""0.16"", ""scikit-learn"": ""1.6.1"", ""scipy"": ""1.16.3""}","{""additive"": {""calibration_objective"": 0.024220283682757516, ""knn"": 8, ""q"": 0.95}, ""error_model"": ""conservative-v1"", ""product"": {""knn"": 8, ""resolution"": 1.2, ""sigma_geo_m"": 900.0, ""tau_temp_min"": 60.0, ""threshold_quantile"": 0.95, ""track"": ""operational_label_free""}}","{""arrival_equity_gap_min"": ""lower"", ""boat_workload_cv"": ""lower"", ""cvar90_arrival_min"": ""lower"", ""deadline_miss_rate"": ""lower"", ""duplicate_dispatches"": ""lower"", ""fake_dispatches"": ""lower"", ""latent_harm"": ""lower"", ""max_arrival_min"": ""lower"", ""mean_arrival_min"": ""lower"", ""merge_caused_misses"": ""lower"", ""split_trips"": ""lower"", ""total_fleet_workload_min"": ""lower"", ""unique_population_reached_by_deadline_rate"": ""higher"", ""unserved_genuine_incidents"": ""lower""}","{""numpy"": ""2.5.1"", ""pandas"": ""3.0.3"", ""scipy"": ""1.18.0""}"
policy,revised_priority,first_report_fifo,"{""partition"": ""additive_cij_matched_density""}",cvar90_arrival_min,lower,936.9875231,355.8585149,980.9344722,"[831.4633369549375, 1045.1207093846458]",-936.9875231,1.818989404e-12,2.546585165e-11,0,40,40,0,0,2.633033871,1,positive means candidate is better,40,4.1.0,test:3000-3039,a7c7a3f7ea63e57f1d98bd42f21c02aa04a69eaa37c824584a2be65f00f2d7e1,"{""numpy"": ""2.0.2"", ""pandas"": ""2.2.2"", ""python-louvain"": ""0.16"", ""scikit-learn"": ""1.6.1"", ""scipy"": ""1.16.3""}","{""additive"": {""calibration_objective"": 0.024220283682757516, ""knn"": 8, ""q"": 0.95}, ""error_model"": ""conservative-v1"", ""product"": {""knn"": 8, ""resolution"": 1.2, ""sigma_geo_m"": 900.0, ""tau_temp_min"": 60.0, ""threshold_quantile"": 0.95, ""track"": ""operational_label_free""}}","{""arrival_equity_gap_min"": ""lower"", ""boat_workload_cv"": ""lower"", ""cvar90_arrival_min"": ""lower"", ""deadline_miss_rate"": ""lower"", ""duplicate_dispatches"": ""lower"", ""fake_dispatches"": ""lower"", ""latent_harm"": ""lower"", ""max_arrival_min"": ""lower"", ""mean_arrival_min"": ""lower"", ""merge_caused_misses"": ""lower"", ""split_trips"": ""lower"", ""total_fleet_workload_min"": ""lower"", ""unique_population_reached_by_deadline_rate"": ""higher"", ""unserved_genuine_incidents"": ""lower""}","{""numpy"": ""2.5.1"", ""pandas"": ""3.0.3"", ""scipy"": ""1.18.0""}"
policy,revised_priority,first_report_fifo,"{""partition"": ""additive_cij_matched_density""}",unique_population_reached_by_deadline_rate,higher,0.1139844286,0.05608327597,0.1194314774,"[0.09689440530846877, 0.1308867031896583]",0.1139844286,3.637978807e-12,3.637978807e-11,1,40,39,1,0,2.032413881,0.9975609756,positive means candidate is better,40,4.1.0,test:3000-3039,a7c7a3f7ea63e57f1d98bd42f21c02aa04a69eaa37c824584a2be65f00f2d7e1,"{""numpy"": ""2.0.2"", ""pandas"": ""2.2.2"", ""python-louvain"": ""0.16"", ""scikit-learn"": ""1.6.1"", ""scipy"": ""1.16.3""}","{""additive"": {""calibration_objective"": 0.024220283682757516, ""knn"": 8, ""q"": 0.95}, ""error_model"": ""conservative-v1"", ""product"": {""knn"": 8, ""resolution"": 1.2, ""sigma_geo_m"": 900.0, ""tau_temp_min"": 60.0, ""threshold_quantile"": 0.95, ""track"": ""operational_label_free""}}","{""arrival_equity_gap_min"": ""lower"", ""boat_workload_cv"": ""lower"", ""cvar90_arrival_min"": ""lower"", ""deadline_miss_rate"": ""lower"", ""duplicate_dispatches"": ""lower"", ""fake_dispatches"": ""lower"", ""latent_harm"": ""lower"", ""max_arrival_min"": ""lower"", ""mean_arrival_min"": ""lower"", ""merge_caused_misses"": ""lower"", ""split_trips"": ""lower"", ""total_fleet_workload_min"": ""lower"", ""unique_population_reached_by_deadline_rate"": ""higher"", ""unserved_genuine_incidents"": ""lower""}","{""numpy"": ""2.5.1"", ""pandas"": ""3.0.3"", ""scipy"": ""1.18.0""}"
policy,revised_priority,first_report_fifo,"{""partition"": ""additive_cij_matched_density""}",total_fleet_workload_min,lower,-52.53828927,325.875172,-12.4677025,"[-149.85746395958319, 45.23183709479149]",52.53828927,0.4598136733,1,354,40,19,21,0,-0.1612221297,-0.1365853659,positive means candidate is better,40,4.1.0,test:3000-3039,a7c7a3f7ea63e57f1d98bd42f21c02aa04a69eaa37c824584a2be65f00f2d7e1,"{""numpy"": ""2.0.2"", ""pandas"": ""2.2.2"", ""python-louvain"": ""0.16"", ""scikit-learn"": ""1.6.1"", ""scipy"": ""1.16.3""}","{""additive"": {""calibration_objective"": 0.024220283682757516, ""knn"": 8, ""q"": 0.95}, ""error_model"": ""conservative-v1"", ""product"": {""knn"": 8, ""resolution"": 1.2, ""sigma_geo_m"": 900.0, ""tau_temp_min"": 60.0, ""threshold_quantile"": 0.95, ""track"": ""operational_label_free""}}","{""arrival_equity_gap_min"": ""lower"", ""boat_workload_cv"": ""lower"", ""cvar90_arrival_min"": ""lower"", ""deadline_miss_rate"": ""lower"", ""duplicate_dispatches"": ""lower"", ""fake_dispatches"": ""lower"", ""latent_harm"": ""lower"", ""max_arrival_min"": ""lower"", ""mean_arrival_min"": ""lower"", ""merge_caused_misses"": ""lower"", ""split_trips"": ""lower"", ""total_fleet_workload_min"": ""lower"", ""unique_population_reached_by_deadline_rate"": ""higher"", ""unserved_genuine_incidents"": ""lower""}","{""numpy"": ""2.5.1"", ""pandas"": ""3.0.3"", ""scipy"": ""1.18.0""}"
policy,revised_priority,first_report_fifo,"{""partition"": ""additive_cij_matched_density""}",boat_workload_cv,lower,-0.005328156686,0.01216390386,-0.00654445239,"[-0.009098630295533212, -0.0016312214809779792]",0.005328156686,0.003201323074,0.02240926152,195,40,10,30,0,-0.4380301546,-0.5243902439,positive means candidate is better,40,4.1.0,test:3000-3039,a7c7a3f7ea63e57f1d98bd42f21c02aa04a69eaa37c824584a2be65f00f2d7e1,"{""numpy"": ""2.0.2"", ""pandas"": ""2.2.2"", ""python-louvain"": ""0.16"", ""scikit-learn"": ""1.6.1"", ""scipy"": ""1.16.3""}","{""additive"": {""calibration_objective"": 0.024220283682757516, ""knn"": 8, ""q"": 0.95}, ""error_model"": ""conservative-v1"", ""product"": {""knn"": 8, ""resolution"": 1.2, ""sigma_geo_m"": 900.0, ""tau_temp_min"": 60.0, ""threshold_quantile"": 0.95, ""track"": ""operational_label_free""}}","{""arrival_equity_gap_min"": ""lower"", ""boat_workload_cv"": ""lower"", ""cvar90_arrival_min"": ""lower"", ""deadline_miss_rate"": ""lower"", ""duplicate_dispatches"": ""lower"", ""fake_dispatches"": ""lower"", ""latent_harm"": ""lower"", ""max_arrival_min"": ""lower"", ""mean_arrival_min"": ""lower"", ""merge_caused_misses"": ""lower"", ""split_trips"": ""lower"", ""total_fleet_workload_min"": ""lower"", ""unique_population_reached_by_deadline_rate"": ""higher"", ""unserved_genuine_incidents"": ""lower""}","{""numpy"": ""2.5.1"", ""pandas"": ""3.0.3"", ""scipy"": ""1.18.0""}"
policy,revised_priority,first_report_fifo,"{""partition"": ""additive_cij_matched_density""}",arrival_equity_gap_min,lower,515.4742285,228.5045435,498.7451446,"[444.9211348992105, 586.0267858368145]",-515.4742285,1.818989404e-12,2.546585165e-11,0,40,40,0,0,2.255859865,1,positive means candidate is better,40,4.1.0,test:3000-3039,a7c7a3f7ea63e57f1d98bd42f21c02aa04a69eaa37c824584a2be65f00f2d7e1,"{""numpy"": ""2.0.2"", ""pandas"": ""2.2.2"", ""python-louvain"": ""0.16"", ""scikit-learn"": ""1.6.1"", ""scipy"": ""1.16.3""}","{""additive"": {""calibration_objective"": 0.024220283682757516, ""knn"": 8, ""q"": 0.95}, ""error_model"": ""conservative-v1"", ""product"": {""knn"": 8, ""resolution"": 1.2, ""sigma_geo_m"": 900.0, ""tau_temp_min"": 60.0, ""threshold_quantile"": 0.95, ""track"": ""operational_label_free""}}","{""arrival_equity_gap_min"": ""lower"", ""boat_workload_cv"": ""lower"", ""cvar90_arrival_min"": ""lower"", ""deadline_miss_rate"": ""lower"", ""duplicate_dispatches"": ""lower"", ""fake_dispatches"": ""lower"", ""latent_harm"": ""lower"", ""max_arrival_min"": ""lower"", ""mean_arrival_min"": ""lower"", ""merge_caused_misses"": ""lower"", ""split_trips"": ""lower"", ""total_fleet_workload_min"": ""lower"", ""unique_population_reached_by_deadline_rate"": ""higher"", ""unserved_genuine_incidents"": ""lower""}","{""numpy"": ""2.5.1"", ""pandas"": ""3.0.3"", ""scipy"": ""1.18.0""}"
policy,revised_priority,first_report_fifo,"{""partition"": ""additive_cij_matched_density""}",split_trips,lower,0,0,0,"[0.0, 0.0]",0,1,1,0,40,0,0,40,0,0,positive means candidate is better,40,4.1.0,test:3000-3039,a7c7a3f7ea63e57f1d98bd42f21c02aa04a69eaa37c824584a2be65f00f2d7e1,"{""numpy"": ""2.0.2"", ""pandas"": ""2.2.2"", ""python-louvain"": ""0.16"", ""scikit-learn"": ""1.6.1"", ""scipy"": ""1.16.3""}","{""additive"": {""calibration_objective"": 0.024220283682757516, ""knn"": 8, ""q"": 0.95}, ""error_model"": ""conservative-v1"", ""product"": {""knn"": 8, ""resolution"": 1.2, ""sigma_geo_m"": 900.0, ""tau_temp_min"": 60.0, ""threshold_quantile"": 0.95, ""track"": ""operational_label_free""}}","{""arrival_equity_gap_min"": ""lower"", ""boat_workload_cv"": ""lower"", ""cvar90_arrival_min"": ""lower"", ""deadline_miss_rate"": ""lower"", ""duplicate_dispatches"": ""lower"", ""fake_dispatches"": ""lower"", ""latent_harm"": ""lower"", ""max_arrival_min"": ""lower"", ""mean_arrival_min"": ""lower"", ""merge_caused_misses"": ""lower"", ""split_trips"": ""lower"", ""total_fleet_workload_min"": ""lower"", ""unique_population_reached_by_deadline_rate"": ""higher"", ""unserved_genuine_incidents"": ""lower""}","{""numpy"": ""2.5.1"", ""pandas"": ""3.0.3"", ""scipy"": ""1.18.0""}"
policy,revised_priority,first_report_fifo,"{""partition"": ""additive_cij_matched_density""}",merge_caused_misses,lower,0,0,0,"[0.0, 0.0]",0,1,1,0,40,0,0,40,0,0,positive means candidate is better,40,4.1.0,test:3000-3039,a7c7a3f7ea63e57f1d98bd42f21c02aa04a69eaa37c824584a2be65f00f2d7e1,"{""numpy"": ""2.0.2"", ""pandas"": ""2.2.2"", ""python-louvain"": ""0.16"", ""scikit-learn"": ""1.6.1"", ""scipy"": ""1.16.3""}","{""additive"": {""calibration_objective"": 0.024220283682757516, ""knn"": 8, ""q"": 0.95}, ""error_model"": ""conservative-v1"", ""product"": {""knn"": 8, ""resolution"": 1.2, ""sigma_geo_m"": 900.0, ""tau_temp_min"": 60.0, ""threshold_quantile"": 0.95, ""track"": ""operational_label_free""}}","{""arrival_equity_gap_min"": ""lower"", ""boat_workload_cv"": ""lower"", ""cvar90_arrival_min"": ""lower"", ""deadline_miss_rate"": ""lower"", ""duplicate_dispatches"": ""lower"", ""fake_dispatches"": ""lower"", ""latent_harm"": ""lower"", ""max_arrival_min"": ""lower"", ""mean_arrival_min"": ""lower"", ""merge_caused_misses"": ""lower"", ""split_trips"": ""lower"", ""total_fleet_workload_min"": ""lower"", ""unique_population_reached_by_deadline_rate"": ""higher"", ""unserved_genuine_incidents"": ""lower""}","{""numpy"": ""2.5.1"", ""pandas"": ""3.0.3"", ""scipy"": ""1.18.0""}"
policy,revised_priority,first_report_fifo,"{""partition"": ""additive_cij_matched_density""}",fake_dispatches,lower,0,0,0,"[0.0, 0.0]",0,1,1,0,40,0,0,40,0,0,positive means candidate is better,40,4.1.0,test:3000-3039,a7c7a3f7ea63e57f1d98bd42f21c02aa04a69eaa37c824584a2be65f00f2d7e1,"{""numpy"": ""2.0.2"", ""pandas"": ""2.2.2"", ""python-louvain"": ""0.16"", ""scikit-learn"": ""1.6.1"", ""scipy"": ""1.16.3""}","{""additive"": {""calibration_objective"": 0.024220283682757516, ""knn"": 8, ""q"": 0.95}, ""error_model"": ""conservative-v1"", ""product"": {""knn"": 8, ""resolution"": 1.2, ""sigma_geo_m"": 900.0, ""tau_temp_min"": 60.0, ""threshold_quantile"": 0.95, ""track"": ""operational_label_free""}}","{""arrival_equity_gap_min"": ""lower"", ""boat_workload_cv"": ""lower"", ""cvar90_arrival_min"": ""lower"", ""deadline_miss_rate"": ""lower"", ""duplicate_dispatches"": ""lower"", ""fake_dispatches"": ""lower"", ""latent_harm"": ""lower"", ""max_arrival_min"": ""lower"", ""mean_arrival_min"": ""lower"", ""merge_caused_misses"": ""lower"", ""split_trips"": ""lower"", ""total_fleet_workload_min"": ""lower"", ""unique_population_reached_by_deadline_rate"": ""higher"", ""unserved_genuine_incidents"": ""lower""}","{""numpy"": ""2.5.1"", ""pandas"": ""3.0.3"", ""scipy"": ""1.18.0""}"
policy,revised_priority,first_report_fifo,"{""partition"": ""additive_cij_matched_density""}",duplicate_dispatches,lower,0,0,0,"[0.0, 0.0]",0,1,1,0,40,0,0,40,0,0,positive means candidate is better,40,4.1.0,test:3000-3039,a7c7a3f7ea63e57f1d98bd42f21c02aa04a69eaa37c824584a2be65f00f2d7e1,"{""numpy"": ""2.0.2"", ""pandas"": ""2.2.2"", ""python-louvain"": ""0.16"", ""scikit-learn"": ""1.6.1"", ""scipy"": ""1.16.3""}","{""additive"": {""calibration_objective"": 0.024220283682757516, ""knn"": 8, ""q"": 0.95}, ""error_model"": ""conservative-v1"", ""product"": {""knn"": 8, ""resolution"": 1.2, ""sigma_geo_m"": 900.0, ""tau_temp_min"": 60.0, ""threshold_quantile"": 0.95, ""track"": ""operational_label_free""}}","{""arrival_equity_gap_min"": ""lower"", ""boat_workload_cv"": ""lower"", ""cvar90_arrival_min"": ""lower"", ""deadline_miss_rate"": ""lower"", ""duplicate_dispatches"": ""lower"", ""fake_dispatches"": ""lower"", ""latent_harm"": ""lower"", ""max_arrival_min"": ""lower"", ""mean_arrival_min"": ""lower"", ""merge_caused_misses"": ""lower"", ""split_trips"": ""lower"", ""total_fleet_workload_min"": ""lower"", ""unique_population_reached_by_deadline_rate"": ""higher"", ""unserved_genuine_incidents"": ""lower""}","{""numpy"": ""2.5.1"", ""pandas"": ""3.0.3"", ""scipy"": ""1.18.0""}"
policy,revised_priority,first_report_fifo,"{""partition"": ""additive_cij_matched_density""}",unserved_genuine_incidents,lower,0,0,0,"[0.0, 0.0]",0,1,1,0,40,0,0,40,0,0,positive means candidate is better,40,4.1.0,test:3000-3039,a7c7a3f7ea63e57f1d98bd42f21c02aa04a69eaa37c824584a2be65f00f2d7e1,"{""numpy"": ""2.0.2"", ""pandas"": ""2.2.2"", ""python-louvain"": ""0.16"", ""scikit-learn"": ""1.6.1"", ""scipy"": ""1.16.3""}","{""additive"": {""calibration_objective"": 0.024220283682757516, ""knn"": 8, ""q"": 0.95}, ""error_model"": ""conservative-v1"", ""product"": {""knn"": 8, ""resolution"": 1.2, ""sigma_geo_m"": 900.0, ""tau_temp_min"": 60.0, ""threshold_quantile"": 0.95, ""track"": ""operational_label_free""}}","{""arrival_equity_gap_min"": ""lower"", ""boat_workload_cv"": ""lower"", ""cvar90_arrival_min"": ""lower"", ""deadline_miss_rate"": ""lower"", ""duplicate_dispatches"": ""lower"", ""fake_dispatches"": ""lower"", ""latent_harm"": ""lower"", ""max_arrival_min"": ""lower"", ""mean_arrival_min"": ""lower"", ""merge_caused_misses"": ""lower"", ""split_trips"": ""lower"", ""total_fleet_workload_min"": ""lower"", ""unique_population_reached_by_deadline_rate"": ""higher"", ""unserved_genuine_incidents"": ""lower""}","{""numpy"": ""2.5.1"", ""pandas"": ""3.0.3"", ""scipy"": ""1.18.0""}"
policy,revised_priority,legacy_priority,"{""partition"": ""oracle""}",latent_harm,lower,3.555116183,46.20516058,-0.926672675,"[-10.91181950352293, 17.472594908081227]",-3.555116183,0.5808067661,1,368,40,20,20,0,0.07694197225,0.1024390244,positive means candidate is better,40,4.1.0,test:3000-3039,a7c7a3f7ea63e57f1d98bd42f21c02aa04a69eaa37c824584a2be65f00f2d7e1,"{""numpy"": ""2.0.2"", ""pandas"": ""2.2.2"", ""python-louvain"": ""0.16"", ""scikit-learn"": ""1.6.1"", ""scipy"": ""1.16.3""}","{""additive"": {""calibration_objective"": 0.024220283682757516, ""knn"": 8, ""q"": 0.95}, ""error_model"": ""conservative-v1"", ""product"": {""knn"": 8, ""resolution"": 1.2, ""sigma_geo_m"": 900.0, ""tau_temp_min"": 60.0, ""threshold_quantile"": 0.95, ""track"": ""operational_label_free""}}","{""arrival_equity_gap_min"": ""lower"", ""boat_workload_cv"": ""lower"", ""cvar90_arrival_min"": ""lower"", ""deadline_miss_rate"": ""lower"", ""duplicate_dispatches"": ""lower"", ""fake_dispatches"": ""lower"", ""latent_harm"": ""lower"", ""max_arrival_min"": ""lower"", ""mean_arrival_min"": ""lower"", ""merge_caused_misses"": ""lower"", ""split_trips"": ""lower"", ""total_fleet_workload_min"": ""lower"", ""unique_population_reached_by_deadline_rate"": ""higher"", ""unserved_genuine_incidents"": ""lower""}","{""numpy"": ""2.5.1"", ""pandas"": ""3.0.3"", ""scipy"": ""1.18.0""}"
policy,revised_priority,legacy_priority,"{""partition"": ""oracle""}",deadline_miss_rate,lower,0.02447916667,0.05100649626,0.02083333333,"[0.008333333333333331, 0.04010416666666668]",-0.02447916667,0.006728247506,0.08073897007,119.5,40,24,8,8,0.4799225288,0.5473484848,positive means candidate is better,40,4.1.0,test:3000-3039,a7c7a3f7ea63e57f1d98bd42f21c02aa04a69eaa37c824584a2be65f00f2d7e1,"{""numpy"": ""2.0.2"", ""pandas"": ""2.2.2"", ""python-louvain"": ""0.16"", ""scikit-learn"": ""1.6.1"", ""scipy"": ""1.16.3""}","{""additive"": {""calibration_objective"": 0.024220283682757516, ""knn"": 8, ""q"": 0.95}, ""error_model"": ""conservative-v1"", ""product"": {""knn"": 8, ""resolution"": 1.2, ""sigma_geo_m"": 900.0, ""tau_temp_min"": 60.0, ""threshold_quantile"": 0.95, ""track"": ""operational_label_free""}}","{""arrival_equity_gap_min"": ""lower"", ""boat_workload_cv"": ""lower"", ""cvar90_arrival_min"": ""lower"", ""deadline_miss_rate"": ""lower"", ""duplicate_dispatches"": ""lower"", ""fake_dispatches"": ""lower"", ""latent_harm"": ""lower"", ""max_arrival_min"": ""lower"", ""mean_arrival_min"": ""lower"", ""merge_caused_misses"": ""lower"", ""split_trips"": ""lower"", ""total_fleet_workload_min"": ""lower"", ""unique_population_reached_by_deadline_rate"": ""higher"", ""unserved_genuine_incidents"": ""lower""}","{""numpy"": ""2.5.1"", ""pandas"": ""3.0.3"", ""scipy"": ""1.18.0""}"
policy,revised_priority,legacy_priority,"{""partition"": ""oracle""}",mean_arrival_min,lower,2.389839543,46.849537,-7.183106862,"[-11.756726879693726, 16.599817061839598]",-2.389839543,0.764824907,1,387,40,19,21,0,0.05101095327,0.05609756098,positive means candidate is better,40,4.1.0,test:3000-3039,a7c7a3f7ea63e57f1d98bd42f21c02aa04a69eaa37c824584a2be65f00f2d7e1,"{""numpy"": ""2.0.2"", ""pandas"": ""2.2.2"", ""python-louvain"": ""0.16"", ""scikit-learn"": ""1.6.1"", ""scipy"": ""1.16.3""}","{""additive"": {""calibration_objective"": 0.024220283682757516, ""knn"": 8, ""q"": 0.95}, ""error_model"": ""conservative-v1"", ""product"": {""knn"": 8, ""resolution"": 1.2, ""sigma_geo_m"": 900.0, ""tau_temp_min"": 60.0, ""threshold_quantile"": 0.95, ""track"": ""operational_label_free""}}","{""arrival_equity_gap_min"": ""lower"", ""boat_workload_cv"": ""lower"", ""cvar90_arrival_min"": ""lower"", ""deadline_miss_rate"": ""lower"", ""duplicate_dispatches"": ""lower"", ""fake_dispatches"": ""lower"", ""latent_harm"": ""lower"", ""max_arrival_min"": ""lower"", ""mean_arrival_min"": ""lower"", ""merge_caused_misses"": ""lower"", ""split_trips"": ""lower"", ""total_fleet_workload_min"": ""lower"", ""unique_population_reached_by_deadline_rate"": ""higher"", ""unserved_genuine_incidents"": ""lower""}","{""numpy"": ""2.5.1"", ""pandas"": ""3.0.3"", ""scipy"": ""1.18.0""}"
policy,revised_priority,legacy_priority,"{""partition"": ""oracle""}",max_arrival_min,lower,-6.465354084,108.165658,-1.820247083,"[-39.33532762677081, 26.0903068234375]",6.465354084,0.6463036218,1,375,40,20,20,0,-0.05977270607,-0.08536585366,positive means candidate is better,40,4.1.0,test:3000-3039,a7c7a3f7ea63e57f1d98bd42f21c02aa04a69eaa37c824584a2be65f00f2d7e1,"{""numpy"": ""2.0.2"", ""pandas"": ""2.2.2"", ""python-louvain"": ""0.16"", ""scikit-learn"": ""1.6.1"", ""scipy"": ""1.16.3""}","{""additive"": {""calibration_objective"": 0.024220283682757516, ""knn"": 8, ""q"": 0.95}, ""error_model"": ""conservative-v1"", ""product"": {""knn"": 8, ""resolution"": 1.2, ""sigma_geo_m"": 900.0, ""tau_temp_min"": 60.0, ""threshold_quantile"": 0.95, ""track"": ""operational_label_free""}}","{""arrival_equity_gap_min"": ""lower"", ""boat_workload_cv"": ""lower"", ""cvar90_arrival_min"": ""lower"", ""deadline_miss_rate"": ""lower"", ""duplicate_dispatches"": ""lower"", ""fake_dispatches"": ""lower"", ""latent_harm"": ""lower"", ""max_arrival_min"": ""lower"", ""mean_arrival_min"": ""lower"", ""merge_caused_misses"": ""lower"", ""split_trips"": ""lower"", ""total_fleet_workload_min"": ""lower"", ""unique_population_reached_by_deadline_rate"": ""higher"", ""unserved_genuine_incidents"": ""lower""}","{""numpy"": ""2.5.1"", ""pandas"": ""3.0.3"", ""scipy"": ""1.18.0""}"
policy,revised_priority,legacy_priority,"{""partition"": ""oracle""}",cvar90_arrival_min,lower,-5.98129772,100.0929657,-19.0478116,"[-36.218643974875, 24.56821190881252]",5.98129772,0.6752568089,1,378,40,18,22,0,-0.0597574233,-0.07804878049,positive means candidate is better,40,4.1.0,test:3000-3039,a7c7a3f7ea63e57f1d98bd42f21c02aa04a69eaa37c824584a2be65f00f2d7e1,"{""numpy"": ""2.0.2"", ""pandas"": ""2.2.2"", ""python-louvain"": ""0.16"", ""scikit-learn"": ""1.6.1"", ""scipy"": ""1.16.3""}","{""additive"": {""calibration_objective"": 0.024220283682757516, ""knn"": 8, ""q"": 0.95}, ""error_model"": ""conservative-v1"", ""product"": {""knn"": 8, ""resolution"": 1.2, ""sigma_geo_m"": 900.0, ""tau_temp_min"": 60.0, ""threshold_quantile"": 0.95, ""track"": ""operational_label_free""}}","{""arrival_equity_gap_min"": ""lower"", ""boat_workload_cv"": ""lower"", ""cvar90_arrival_min"": ""lower"", ""deadline_miss_rate"": ""lower"", ""duplicate_dispatches"": ""lower"", ""fake_dispatches"": ""lower"", ""latent_harm"": ""lower"", ""max_arrival_min"": ""lower"", ""mean_arrival_min"": ""lower"", ""merge_caused_misses"": ""lower"", ""split_trips"": ""lower"", ""total_fleet_workload_min"": ""lower"", ""unique_population_reached_by_deadline_rate"": ""higher"", ""unserved_genuine_incidents"": ""lower""}","{""numpy"": ""2.5.1"", ""pandas"": ""3.0.3"", ""scipy"": ""1.18.0""}"
policy,revised_priority,legacy_priority,"{""partition"": ""oracle""}",unique_population_reached_by_deadline_rate,higher,0.03757738356,0.06257594352,0.04380513777,"[0.01789815608015209, 0.05666348801856041]",0.03757738356,0.001316978535,0.01712072096,149,40,29,9,2,0.6005084614,0.5978407557,positive means candidate is better,40,4.1.0,test:3000-3039,a7c7a3f7ea63e57f1d98bd42f21c02aa04a69eaa37c824584a2be65f00f2d7e1,"{""numpy"": ""2.0.2"", ""pandas"": ""2.2.2"", ""python-louvain"": ""0.16"", ""scikit-learn"": ""1.6.1"", ""scipy"": ""1.16.3""}","{""additive"": {""calibration_objective"": 0.024220283682757516, ""knn"": 8, ""q"": 0.95}, ""error_model"": ""conservative-v1"", ""product"": {""knn"": 8, ""resolution"": 1.2, ""sigma_geo_m"": 900.0, ""tau_temp_min"": 60.0, ""threshold_quantile"": 0.95, ""track"": ""operational_label_free""}}","{""arrival_equity_gap_min"": ""lower"", ""boat_workload_cv"": ""lower"", ""cvar90_arrival_min"": ""lower"", ""deadline_miss_rate"": ""lower"", ""duplicate_dispatches"": ""lower"", ""fake_dispatches"": ""lower"", ""latent_harm"": ""lower"", ""max_arrival_min"": ""lower"", ""mean_arrival_min"": ""lower"", ""merge_caused_misses"": ""lower"", ""split_trips"": ""lower"", ""total_fleet_workload_min"": ""lower"", ""unique_population_reached_by_deadline_rate"": ""higher"", ""unserved_genuine_incidents"": ""lower""}","{""numpy"": ""2.5.1"", ""pandas"": ""3.0.3"", ""scipy"": ""1.18.0""}"
policy,revised_priority,legacy_priority,"{""partition"": ""oracle""}",total_fleet_workload_min,lower,1.003961125,207.1892443,-5.604702833,"[-60.984297739791735, 63.20364058999987]",-1.003961125,0.9100459609,1,401,40,20,20,0,0.004845623759,-0.02195121951,positive means candidate is better,40,4.1.0,test:3000-3039,a7c7a3f7ea63e57f1d98bd42f21c02aa04a69eaa37c824584a2be65f00f2d7e1,"{""numpy"": ""2.0.2"", ""pandas"": ""2.2.2"", ""python-louvain"": ""0.16"", ""scikit-learn"": ""1.6.1"", ""scipy"": ""1.16.3""}","{""additive"": {""calibration_objective"": 0.024220283682757516, ""knn"": 8, ""q"": 0.95}, ""error_model"": ""conservative-v1"", ""product"": {""knn"": 8, ""resolution"": 1.2, ""sigma_geo_m"": 900.0, ""tau_temp_min"": 60.0, ""threshold_quantile"": 0.95, ""track"": ""operational_label_free""}}","{""arrival_equity_gap_min"": ""lower"", ""boat_workload_cv"": ""lower"", ""cvar90_arrival_min"": ""lower"", ""deadline_miss_rate"": ""lower"", ""duplicate_dispatches"": ""lower"", ""fake_dispatches"": ""lower"", ""latent_harm"": ""lower"", ""max_arrival_min"": ""lower"", ""mean_arrival_min"": ""lower"", ""merge_caused_misses"": ""lower"", ""split_trips"": ""lower"", ""total_fleet_workload_min"": ""lower"", ""unique_population_reached_by_deadline_rate"": ""higher"", ""unserved_genuine_incidents"": ""lower""}","{""numpy"": ""2.5.1"", ""pandas"": ""3.0.3"", ""scipy"": ""1.18.0""}"
policy,revised_priority,legacy_priority,"{""partition"": ""oracle""}",boat_workload_cv,lower,0.0001497636281,0.03258268415,-0.003903889998,"[-0.009806558138326876, 0.009934291916226036]",-0.0001497636281,0.9417240968,1,404,40,17,23,0,0.00459641776,0.01463414634,positive means candidate is better,40,4.1.0,test:3000-3039,a7c7a3f7ea63e57f1d98bd42f21c02aa04a69eaa37c824584a2be65f00f2d7e1,"{""numpy"": ""2.0.2"", ""pandas"": ""2.2.2"", ""python-louvain"": ""0.16"", ""scikit-learn"": ""1.6.1"", ""scipy"": ""1.16.3""}","{""additive"": {""calibration_objective"": 0.024220283682757516, ""knn"": 8, ""q"": 0.95}, ""error_model"": ""conservative-v1"", ""product"": {""knn"": 8, ""resolution"": 1.2, ""sigma_geo_m"": 900.0, ""tau_temp_min"": 60.0, ""threshold_quantile"": 0.95, ""track"": ""operational_label_free""}}","{""arrival_equity_gap_min"": ""lower"", ""boat_workload_cv"": ""lower"", ""cvar90_arrival_min"": ""lower"", ""deadline_miss_rate"": ""lower"", ""duplicate_dispatches"": ""lower"", ""fake_dispatches"": ""lower"", ""latent_harm"": ""lower"", ""max_arrival_min"": ""lower"", ""mean_arrival_min"": ""lower"", ""merge_caused_misses"": ""lower"", ""split_trips"": ""lower"", ""total_fleet_workload_min"": ""lower"", ""unique_population_reached_by_deadline_rate"": ""higher"", ""unserved_genuine_incidents"": ""lower""}","{""numpy"": ""2.5.1"", ""pandas"": ""3.0.3"", ""scipy"": ""1.18.0""}"
policy,revised_priority,legacy_priority,"{""partition"": ""oracle""}",arrival_equity_gap_min,lower,-40.57692195,62.8862002,-39.79408753,"[-59.34447845205002, -20.450423365343763]",40.57692195,0.000140394146,0.001965518044,139,40,9,31,0,-0.6452436596,-0.6609756098,positive means candidate is better,40,4.1.0,test:3000-3039,a7c7a3f7ea63e57f1d98bd42f21c02aa04a69eaa37c824584a2be65f00f2d7e1,"{""numpy"": ""2.0.2"", ""pandas"": ""2.2.2"", ""python-louvain"": ""0.16"", ""scikit-learn"": ""1.6.1"", ""scipy"": ""1.16.3""}","{""additive"": {""calibration_objective"": 0.024220283682757516, ""knn"": 8, ""q"": 0.95}, ""error_model"": ""conservative-v1"", ""product"": {""knn"": 8, ""resolution"": 1.2, ""sigma_geo_m"": 900.0, ""tau_temp_min"": 60.0, ""threshold_quantile"": 0.95, ""track"": ""operational_label_free""}}","{""arrival_equity_gap_min"": ""lower"", ""boat_workload_cv"": ""lower"", ""cvar90_arrival_min"": ""lower"", ""deadline_miss_rate"": ""lower"", ""duplicate_dispatches"": ""lower"", ""fake_dispatches"": ""lower"", ""latent_harm"": ""lower"", ""max_arrival_min"": ""lower"", ""mean_arrival_min"": ""lower"", ""merge_caused_misses"": ""lower"", ""split_trips"": ""lower"", ""total_fleet_workload_min"": ""lower"", ""unique_population_reached_by_deadline_rate"": ""higher"", ""unserved_genuine_incidents"": ""lower""}","{""numpy"": ""2.5.1"", ""pandas"": ""3.0.3"", ""scipy"": ""1.18.0""}"
policy,revised_priority,legacy_priority,"{""partition"": ""oracle""}",split_trips,lower,0,0,0,"[0.0, 0.0]",0,1,1,0,40,0,0,40,0,0,positive means candidate is better,40,4.1.0,test:3000-3039,a7c7a3f7ea63e57f1d98bd42f21c02aa04a69eaa37c824584a2be65f00f2d7e1,"{""numpy"": ""2.0.2"", ""pandas"": ""2.2.2"", ""python-louvain"": ""0.16"", ""scikit-learn"": ""1.6.1"", ""scipy"": ""1.16.3""}","{""additive"": {""calibration_objective"": 0.024220283682757516, ""knn"": 8, ""q"": 0.95}, ""error_model"": ""conservative-v1"", ""product"": {""knn"": 8, ""resolution"": 1.2, ""sigma_geo_m"": 900.0, ""tau_temp_min"": 60.0, ""threshold_quantile"": 0.95, ""track"": ""operational_label_free""}}","{""arrival_equity_gap_min"": ""lower"", ""boat_workload_cv"": ""lower"", ""cvar90_arrival_min"": ""lower"", ""deadline_miss_rate"": ""lower"", ""duplicate_dispatches"": ""lower"", ""fake_dispatches"": ""lower"", ""latent_harm"": ""lower"", ""max_arrival_min"": ""lower"", ""mean_arrival_min"": ""lower"", ""merge_caused_misses"": ""lower"", ""split_trips"": ""lower"", ""total_fleet_workload_min"": ""lower"", ""unique_population_reached_by_deadline_rate"": ""higher"", ""unserved_genuine_incidents"": ""lower""}","{""numpy"": ""2.5.1"", ""pandas"": ""3.0.3"", ""scipy"": ""1.18.0""}"
policy,revised_priority,legacy_priority,"{""partition"": ""oracle""}",merge_caused_misses,lower,0,0,0,"[0.0, 0.0]",0,1,1,0,40,0,0,40,0,0,positive means candidate is better,40,4.1.0,test:3000-3039,a7c7a3f7ea63e57f1d98bd42f21c02aa04a69eaa37c824584a2be65f00f2d7e1,"{""numpy"": ""2.0.2"", ""pandas"": ""2.2.2"", ""python-louvain"": ""0.16"", ""scikit-learn"": ""1.6.1"", ""scipy"": ""1.16.3""}","{""additive"": {""calibration_objective"": 0.024220283682757516, ""knn"": 8, ""q"": 0.95}, ""error_model"": ""conservative-v1"", ""product"": {""knn"": 8, ""resolution"": 1.2, ""sigma_geo_m"": 900.0, ""tau_temp_min"": 60.0, ""threshold_quantile"": 0.95, ""track"": ""operational_label_free""}}","{""arrival_equity_gap_min"": ""lower"", ""boat_workload_cv"": ""lower"", ""cvar90_arrival_min"": ""lower"", ""deadline_miss_rate"": ""lower"", ""duplicate_dispatches"": ""lower"", ""fake_dispatches"": ""lower"", ""latent_harm"": ""lower"", ""max_arrival_min"": ""lower"", ""mean_arrival_min"": ""lower"", ""merge_caused_misses"": ""lower"", ""split_trips"": ""lower"", ""total_fleet_workload_min"": ""lower"", ""unique_population_reached_by_deadline_rate"": ""higher"", ""unserved_genuine_incidents"": ""lower""}","{""numpy"": ""2.5.1"", ""pandas"": ""3.0.3"", ""scipy"": ""1.18.0""}"
policy,revised_priority,legacy_priority,"{""partition"": ""oracle""}",fake_dispatches,lower,0,0,0,"[0.0, 0.0]",0,1,1,0,40,0,0,40,0,0,positive means candidate is better,40,4.1.0,test:3000-3039,a7c7a3f7ea63e57f1d98bd42f21c02aa04a69eaa37c824584a2be65f00f2d7e1,"{""numpy"": ""2.0.2"", ""pandas"": ""2.2.2"", ""python-louvain"": ""0.16"", ""scikit-learn"": ""1.6.1"", ""scipy"": ""1.16.3""}","{""additive"": {""calibration_objective"": 0.024220283682757516, ""knn"": 8, ""q"": 0.95}, ""error_model"": ""conservative-v1"", ""product"": {""knn"": 8, ""resolution"": 1.2, ""sigma_geo_m"": 900.0, ""tau_temp_min"": 60.0, ""threshold_quantile"": 0.95, ""track"": ""operational_label_free""}}","{""arrival_equity_gap_min"": ""lower"", ""boat_workload_cv"": ""lower"", ""cvar90_arrival_min"": ""lower"", ""deadline_miss_rate"": ""lower"", ""duplicate_dispatches"": ""lower"", ""fake_dispatches"": ""lower"", ""latent_harm"": ""lower"", ""max_arrival_min"": ""lower"", ""mean_arrival_min"": ""lower"", ""merge_caused_misses"": ""lower"", ""split_trips"": ""lower"", ""total_fleet_workload_min"": ""lower"", ""unique_population_reached_by_deadline_rate"": ""higher"", ""unserved_genuine_incidents"": ""lower""}","{""numpy"": ""2.5.1"", ""pandas"": ""3.0.3"", ""scipy"": ""1.18.0""}"
policy,revised_priority,legacy_priority,"{""partition"": ""oracle""}",duplicate_dispatches,lower,0,0,0,"[0.0, 0.0]",0,1,1,0,40,0,0,40,0,0,positive means candidate is better,40,4.1.0,test:3000-3039,a7c7a3f7ea63e57f1d98bd42f21c02aa04a69eaa37c824584a2be65f00f2d7e1,"{""numpy"": ""2.0.2"", ""pandas"": ""2.2.2"", ""python-louvain"": ""0.16"", ""scikit-learn"": ""1.6.1"", ""scipy"": ""1.16.3""}","{""additive"": {""calibration_objective"": 0.024220283682757516, ""knn"": 8, ""q"": 0.95}, ""error_model"": ""conservative-v1"", ""product"": {""knn"": 8, ""resolution"": 1.2, ""sigma_geo_m"": 900.0, ""tau_temp_min"": 60.0, ""threshold_quantile"": 0.95, ""track"": ""operational_label_free""}}","{""arrival_equity_gap_min"": ""lower"", ""boat_workload_cv"": ""lower"", ""cvar90_arrival_min"": ""lower"", ""deadline_miss_rate"": ""lower"", ""duplicate_dispatches"": ""lower"", ""fake_dispatches"": ""lower"", ""latent_harm"": ""lower"", ""max_arrival_min"": ""lower"", ""mean_arrival_min"": ""lower"", ""merge_caused_misses"": ""lower"", ""split_trips"": ""lower"", ""total_fleet_workload_min"": ""lower"", ""unique_population_reached_by_deadline_rate"": ""higher"", ""unserved_genuine_incidents"": ""lower""}","{""numpy"": ""2.5.1"", ""pandas"": ""3.0.3"", ""scipy"": ""1.18.0""}"
policy,revised_priority,legacy_priority,"{""partition"": ""oracle""}",unserved_genuine_incidents,lower,0,0,0,"[0.0, 0.0]",0,1,1,0,40,0,0,40,0,0,positive means candidate is better,40,4.1.0,test:3000-3039,a7c7a3f7ea63e57f1d98bd42f21c02aa04a69eaa37c824584a2be65f00f2d7e1,"{""numpy"": ""2.0.2"", ""pandas"": ""2.2.2"", ""python-louvain"": ""0.16"", ""scikit-learn"": ""1.6.1"", ""scipy"": ""1.16.3""}","{""additive"": {""calibration_objective"": 0.024220283682757516, ""knn"": 8, ""q"": 0.95}, ""error_model"": ""conservative-v1"", ""product"": {""knn"": 8, ""resolution"": 1.2, ""sigma_geo_m"": 900.0, ""tau_temp_min"": 60.0, ""threshold_quantile"": 0.95, ""track"": ""operational_label_free""}}","{""arrival_equity_gap_min"": ""lower"", ""boat_workload_cv"": ""lower"", ""cvar90_arrival_min"": ""lower"", ""deadline_miss_rate"": ""lower"", ""duplicate_dispatches"": ""lower"", ""fake_dispatches"": ""lower"", ""latent_harm"": ""lower"", ""max_arrival_min"": ""lower"", ""mean_arrival_min"": ""lower"", ""merge_caused_misses"": ""lower"", ""split_trips"": ""lower"", ""total_fleet_workload_min"": ""lower"", ""unique_population_reached_by_deadline_rate"": ""higher"", ""unserved_genuine_incidents"": ""lower""}","{""numpy"": ""2.5.1"", ""pandas"": ""3.0.3"", ""scipy"": ""1.18.0""}"
policy,revised_priority,nearest_first,"{""partition"": ""oracle""}",latent_harm,lower,-232.2270702,50.64483099,-228.206717,"[-248.34127172006393, -216.5726097916067]",232.2270702,1.818989404e-12,2.546585165e-11,0,40,0,40,0,-4.585405177,-1,positive means candidate is better,40,4.1.0,test:3000-3039,a7c7a3f7ea63e57f1d98bd42f21c02aa04a69eaa37c824584a2be65f00f2d7e1,"{""numpy"": ""2.0.2"", ""pandas"": ""2.2.2"", ""python-louvain"": ""0.16"", ""scikit-learn"": ""1.6.1"", ""scipy"": ""1.16.3""}","{""additive"": {""calibration_objective"": 0.024220283682757516, ""knn"": 8, ""q"": 0.95}, ""error_model"": ""conservative-v1"", ""product"": {""knn"": 8, ""resolution"": 1.2, ""sigma_geo_m"": 900.0, ""tau_temp_min"": 60.0, ""threshold_quantile"": 0.95, ""track"": ""operational_label_free""}}","{""arrival_equity_gap_min"": ""lower"", ""boat_workload_cv"": ""lower"", ""cvar90_arrival_min"": ""lower"", ""deadline_miss_rate"": ""lower"", ""duplicate_dispatches"": ""lower"", ""fake_dispatches"": ""lower"", ""latent_harm"": ""lower"", ""max_arrival_min"": ""lower"", ""mean_arrival_min"": ""lower"", ""merge_caused_misses"": ""lower"", ""split_trips"": ""lower"", ""total_fleet_workload_min"": ""lower"", ""unique_population_reached_by_deadline_rate"": ""higher"", ""unserved_genuine_incidents"": ""lower""}","{""numpy"": ""2.5.1"", ""pandas"": ""3.0.3"", ""scipy"": ""1.18.0""}"
policy,revised_priority,nearest_first,"{""partition"": ""oracle""}",deadline_miss_rate,lower,-0.2041666667,0.08966342573,-0.1979166667,"[-0.23177083333333331, -0.17708333333333331]",0.2041666667,3.515478214e-08,2.812382571e-07,0,40,0,40,0,-2.277033974,-1,positive means candidate is better,40,4.1.0,test:3000-3039,a7c7a3f7ea63e57f1d98bd42f21c02aa04a69eaa37c824584a2be65f00f2d7e1,"{""numpy"": ""2.0.2"", ""pandas"": ""2.2.2"", ""python-louvain"": ""0.16"", ""scikit-learn"": ""1.6.1"", ""scipy"": ""1.16.3""}","{""additive"": {""calibration_objective"": 0.024220283682757516, ""knn"": 8, ""q"": 0.95}, ""error_model"": ""conservative-v1"", ""product"": {""knn"": 8, ""resolution"": 1.2, ""sigma_geo_m"": 900.0, ""tau_temp_min"": 60.0, ""threshold_quantile"": 0.95, ""track"": ""operational_label_free""}}","{""arrival_equity_gap_min"": ""lower"", ""boat_workload_cv"": ""lower"", ""cvar90_arrival_min"": ""lower"", ""deadline_miss_rate"": ""lower"", ""duplicate_dispatches"": ""lower"", ""fake_dispatches"": ""lower"", ""latent_harm"": ""lower"", ""max_arrival_min"": ""lower"", ""mean_arrival_min"": ""lower"", ""merge_caused_misses"": ""lower"", ""split_trips"": ""lower"", ""total_fleet_workload_min"": ""lower"", ""unique_population_reached_by_deadline_rate"": ""higher"", ""unserved_genuine_incidents"": ""lower""}","{""numpy"": ""2.5.1"", ""pandas"": ""3.0.3"", ""scipy"": ""1.18.0""}"
policy,revised_priority,nearest_first,"{""partition"": ""oracle""}",mean_arrival_min,lower,-260.9678423,45.23852953,-266.5750879,"[-274.95324966243544, -247.50073888051043]",260.9678423,1.818989404e-12,2.546585165e-11,0,40,0,40,0,-5.76870745,-1,positive means candidate is better,40,4.1.0,test:3000-3039,a7c7a3f7ea63e57f1d98bd42f21c02aa04a69eaa37c824584a2be65f00f2d7e1,"{""numpy"": ""2.0.2"", ""pandas"": ""2.2.2"", ""python-louvain"": ""0.16"", ""scikit-learn"": ""1.6.1"", ""scipy"": ""1.16.3""}","{""additive"": {""calibration_objective"": 0.024220283682757516, ""knn"": 8, ""q"": 0.95}, ""error_model"": ""conservative-v1"", ""product"": {""knn"": 8, ""resolution"": 1.2, ""sigma_geo_m"": 900.0, ""tau_temp_min"": 60.0, ""threshold_quantile"": 0.95, ""track"": ""operational_label_free""}}","{""arrival_equity_gap_min"": ""lower"", ""boat_workload_cv"": ""lower"", ""cvar90_arrival_min"": ""lower"", ""deadline_miss_rate"": ""lower"", ""duplicate_dispatches"": ""lower"", ""fake_dispatches"": ""lower"", ""latent_harm"": ""lower"", ""max_arrival_min"": ""lower"", ""mean_arrival_min"": ""lower"", ""merge_caused_misses"": ""lower"", ""split_trips"": ""lower"", ""total_fleet_workload_min"": ""lower"", ""unique_population_reached_by_deadline_rate"": ""higher"", ""unserved_genuine_incidents"": ""lower""}","{""numpy"": ""2.5.1"", ""pandas"": ""3.0.3"", ""scipy"": ""1.18.0""}"
policy,revised_priority,nearest_first,"{""partition"": ""oracle""}",max_arrival_min,lower,-532.7318724,105.1294079,-548.8090086,"[-563.4113642522709, -500.5407105401875]",532.7318724,1.818989404e-12,2.546585165e-11,0,40,0,40,0,-5.06739154,-1,positive means candidate is better,40,4.1.0,test:3000-3039,a7c7a3f7ea63e57f1d98bd42f21c02aa04a69eaa37c824584a2be65f00f2d7e1,"{""numpy"": ""2.0.2"", ""pandas"": ""2.2.2"", ""python-louvain"": ""0.16"", ""scikit-learn"": ""1.6.1"", ""scipy"": ""1.16.3""}","{""additive"": {""calibration_objective"": 0.024220283682757516, ""knn"": 8, ""q"": 0.95}, ""error_model"": ""conservative-v1"", ""product"": {""knn"": 8, ""resolution"": 1.2, ""sigma_geo_m"": 900.0, ""tau_temp_min"": 60.0, ""threshold_quantile"": 0.95, ""track"": ""operational_label_free""}}","{""arrival_equity_gap_min"": ""lower"", ""boat_workload_cv"": ""lower"", ""cvar90_arrival_min"": ""lower"", ""deadline_miss_rate"": ""lower"", ""duplicate_dispatches"": ""lower"", ""fake_dispatches"": ""lower"", ""latent_harm"": ""lower"", ""max_arrival_min"": ""lower"", ""mean_arrival_min"": ""lower"", ""merge_caused_misses"": ""lower"", ""split_trips"": ""lower"", ""total_fleet_workload_min"": ""lower"", ""unique_population_reached_by_deadline_rate"": ""higher"", ""unserved_genuine_incidents"": ""lower""}","{""numpy"": ""2.5.1"", ""pandas"": ""3.0.3"", ""scipy"": ""1.18.0""}"
policy,revised_priority,nearest_first,"{""partition"": ""oracle""}",cvar90_arrival_min,lower,-516.0221111,91.33230561,-517.3409422,"[-543.6798171033543, -488.0604171593334]",516.0221111,1.818989404e-12,2.546585165e-11,0,40,0,40,0,-5.649940704,-1,positive means candidate is better,40,4.1.0,test:3000-3039,a7c7a3f7ea63e57f1d98bd42f21c02aa04a69eaa37c824584a2be65f00f2d7e1,"{""numpy"": ""2.0.2"", ""pandas"": ""2.2.2"", ""python-louvain"": ""0.16"", ""scikit-learn"": ""1.6.1"", ""scipy"": ""1.16.3""}","{""additive"": {""calibration_objective"": 0.024220283682757516, ""knn"": 8, ""q"": 0.95}, ""error_model"": ""conservative-v1"", ""product"": {""knn"": 8, ""resolution"": 1.2, ""sigma_geo_m"": 900.0, ""tau_temp_min"": 60.0, ""threshold_quantile"": 0.95, ""track"": ""operational_label_free""}}","{""arrival_equity_gap_min"": ""lower"", ""boat_workload_cv"": ""lower"", ""cvar90_arrival_min"": ""lower"", ""deadline_miss_rate"": ""lower"", ""duplicate_dispatches"": ""lower"", ""fake_dispatches"": ""lower"", ""latent_harm"": ""lower"", ""max_arrival_min"": ""lower"", ""mean_arrival_min"": ""lower"", ""merge_caused_misses"": ""lower"", ""split_trips"": ""lower"", ""total_fleet_workload_min"": ""lower"", ""unique_population_reached_by_deadline_rate"": ""higher"", ""unserved_genuine_incidents"": ""lower""}","{""numpy"": ""2.5.1"", ""pandas"": ""3.0.3"", ""scipy"": ""1.18.0""}"
policy,revised_priority,nearest_first,"{""partition"": ""oracle""}",unique_population_reached_by_deadline_rate,higher,-0.1789899311,0.09084149969,-0.1784143789,"[-0.20668025616712918, -0.15154229387077917]",-0.1789899311,1.818989404e-12,2.546585165e-11,0,40,0,40,0,-1.970354207,-1,positive means candidate is better,40,4.1.0,test:3000-3039,a7c7a3f7ea63e57f1d98bd42f21c02aa04a69eaa37c824584a2be65f00f2d7e1,"{""numpy"": ""2.0.2"", ""pandas"": ""2.2.2"", ""python-louvain"": ""0.16"", ""scikit-learn"": ""1.6.1"", ""scipy"": ""1.16.3""}","{""additive"": {""calibration_objective"": 0.024220283682757516, ""knn"": 8, ""q"": 0.95}, ""error_model"": ""conservative-v1"", ""product"": {""knn"": 8, ""resolution"": 1.2, ""sigma_geo_m"": 900.0, ""tau_temp_min"": 60.0, ""threshold_quantile"": 0.95, ""track"": ""operational_label_free""}}","{""arrival_equity_gap_min"": ""lower"", ""boat_workload_cv"": ""lower"", ""cvar90_arrival_min"": ""lower"", ""deadline_miss_rate"": ""lower"", ""duplicate_dispatches"": ""lower"", ""fake_dispatches"": ""lower"", ""latent_harm"": ""lower"", ""max_arrival_min"": ""lower"", ""mean_arrival_min"": ""lower"", ""merge_caused_misses"": ""lower"", ""split_trips"": ""lower"", ""total_fleet_workload_min"": ""lower"", ""unique_population_reached_by_deadline_rate"": ""higher"", ""unserved_genuine_incidents"": ""lower""}","{""numpy"": ""2.5.1"", ""pandas"": ""3.0.3"", ""scipy"": ""1.18.0""}"
policy,revised_priority,nearest_first,"{""partition"": ""oracle""}",total_fleet_workload_min,lower,-1244.684182,190.7875516,-1225.05843,"[-1302.8739443866666, -1187.2089534535417]",1244.684182,1.818989404e-12,2.546585165e-11,0,40,0,40,0,-6.523927645,-1,positive means candidate is better,40,4.1.0,test:3000-3039,a7c7a3f7ea63e57f1d98bd42f21c02aa04a69eaa37c824584a2be65f00f2d7e1,"{""numpy"": ""2.0.2"", ""pandas"": ""2.2.2"", ""python-louvain"": ""0.16"", ""scikit-learn"": ""1.6.1"", ""scipy"": ""1.16.3""}","{""additive"": {""calibration_objective"": 0.024220283682757516, ""knn"": 8, ""q"": 0.95}, ""error_model"": ""conservative-v1"", ""product"": {""knn"": 8, ""resolution"": 1.2, ""sigma_geo_m"": 900.0, ""tau_temp_min"": 60.0, ""threshold_quantile"": 0.95, ""track"": ""operational_label_free""}}","{""arrival_equity_gap_min"": ""lower"", ""boat_workload_cv"": ""lower"", ""cvar90_arrival_min"": ""lower"", ""deadline_miss_rate"": ""lower"", ""duplicate_dispatches"": ""lower"", ""fake_dispatches"": ""lower"", ""latent_harm"": ""lower"", ""max_arrival_min"": ""lower"", ""mean_arrival_min"": ""lower"", ""merge_caused_misses"": ""lower"", ""split_trips"": ""lower"", ""total_fleet_workload_min"": ""lower"", ""unique_population_reached_by_deadline_rate"": ""higher"", ""unserved_genuine_incidents"": ""lower""}","{""numpy"": ""2.5.1"", ""pandas"": ""3.0.3"", ""scipy"": ""1.18.0""}"
policy,revised_priority,nearest_first,"{""partition"": ""oracle""}",boat_workload_cv,lower,0.03062644109,0.04294841469,0.03405492916,"[0.01767280001880458, 0.043823915529596455]",-0.03062644109,5.449729542e-05,0.000381481068,125,40,31,9,0,0.7130982903,0.6951219512,positive means candidate is better,40,4.1.0,test:3000-3039,a7c7a3f7ea63e57f1d98bd42f21c02aa04a69eaa37c824584a2be65f00f2d7e1,"{""numpy"": ""2.0.2"", ""pandas"": ""2.2.2"", ""python-louvain"": ""0.16"", ""scikit-learn"": ""1.6.1"", ""scipy"": ""1.16.3""}","{""additive"": {""calibration_objective"": 0.024220283682757516, ""knn"": 8, ""q"": 0.95}, ""error_model"": ""conservative-v1"", ""product"": {""knn"": 8, ""resolution"": 1.2, ""sigma_geo_m"": 900.0, ""tau_temp_min"": 60.0, ""threshold_quantile"": 0.95, ""track"": ""operational_label_free""}}","{""arrival_equity_gap_min"": ""lower"", ""boat_workload_cv"": ""lower"", ""cvar90_arrival_min"": ""lower"", ""deadline_miss_rate"": ""lower"", ""duplicate_dispatches"": ""lower"", ""fake_dispatches"": ""lower"", ""latent_harm"": ""lower"", ""max_arrival_min"": ""lower"", ""mean_arrival_min"": ""lower"", ""merge_caused_misses"": ""lower"", ""split_trips"": ""lower"", ""total_fleet_workload_min"": ""lower"", ""unique_population_reached_by_deadline_rate"": ""higher"", ""unserved_genuine_incidents"": ""lower""}","{""numpy"": ""2.5.1"", ""pandas"": ""3.0.3"", ""scipy"": ""1.18.0""}"
policy,revised_priority,nearest_first,"{""partition"": ""oracle""}",arrival_equity_gap_min,lower,-43.78097487,116.2997872,-35.36589824,"[-79.62431501724376, -7.883735150279179]",43.78097487,0.05481029128,0.3288617477,267,40,17,23,0,-0.376449312,-0.3487804878,positive means candidate is better,40,4.1.0,test:3000-3039,a7c7a3f7ea63e57f1d98bd42f21c02aa04a69eaa37c824584a2be65f00f2d7e1,"{""numpy"": ""2.0.2"", ""pandas"": ""2.2.2"", ""python-louvain"": ""0.16"", ""scikit-learn"": ""1.6.1"", ""scipy"": ""1.16.3""}","{""additive"": {""calibration_objective"": 0.024220283682757516, ""knn"": 8, ""q"": 0.95}, ""error_model"": ""conservative-v1"", ""product"": {""knn"": 8, ""resolution"": 1.2, ""sigma_geo_m"": 900.0, ""tau_temp_min"": 60.0, ""threshold_quantile"": 0.95, ""track"": ""operational_label_free""}}","{""arrival_equity_gap_min"": ""lower"", ""boat_workload_cv"": ""lower"", ""cvar90_arrival_min"": ""lower"", ""deadline_miss_rate"": ""lower"", ""duplicate_dispatches"": ""lower"", ""fake_dispatches"": ""lower"", ""latent_harm"": ""lower"", ""max_arrival_min"": ""lower"", ""mean_arrival_min"": ""lower"", ""merge_caused_misses"": ""lower"", ""split_trips"": ""lower"", ""total_fleet_workload_min"": ""lower"", ""unique_population_reached_by_deadline_rate"": ""higher"", ""unserved_genuine_incidents"": ""lower""}","{""numpy"": ""2.5.1"", ""pandas"": ""3.0.3"", ""scipy"": ""1.18.0""}"
policy,revised_priority,nearest_first,"{""partition"": ""oracle""}",split_trips,lower,0,0,0,"[0.0, 0.0]",0,1,1,0,40,0,0,40,0,0,positive means candidate is better,40,4.1.0,test:3000-3039,a7c7a3f7ea63e57f1d98bd42f21c02aa04a69eaa37c824584a2be65f00f2d7e1,"{""numpy"": ""2.0.2"", ""pandas"": ""2.2.2"", ""python-louvain"": ""0.16"", ""scikit-learn"": ""1.6.1"", ""scipy"": ""1.16.3""}","{""additive"": {""calibration_objective"": 0.024220283682757516, ""knn"": 8, ""q"": 0.95}, ""error_model"": ""conservative-v1"", ""product"": {""knn"": 8, ""resolution"": 1.2, ""sigma_geo_m"": 900.0, ""tau_temp_min"": 60.0, ""threshold_quantile"": 0.95, ""track"": ""operational_label_free""}}","{""arrival_equity_gap_min"": ""lower"", ""boat_workload_cv"": ""lower"", ""cvar90_arrival_min"": ""lower"", ""deadline_miss_rate"": ""lower"", ""duplicate_dispatches"": ""lower"", ""fake_dispatches"": ""lower"", ""latent_harm"": ""lower"", ""max_arrival_min"": ""lower"", ""mean_arrival_min"": ""lower"", ""merge_caused_misses"": ""lower"", ""split_trips"": ""lower"", ""total_fleet_workload_min"": ""lower"", ""unique_population_reached_by_deadline_rate"": ""higher"", ""unserved_genuine_incidents"": ""lower""}","{""numpy"": ""2.5.1"", ""pandas"": ""3.0.3"", ""scipy"": ""1.18.0""}"
policy,revised_priority,nearest_first,"{""partition"": ""oracle""}",merge_caused_misses,lower,0,0,0,"[0.0, 0.0]",0,1,1,0,40,0,0,40,0,0,positive means candidate is better,40,4.1.0,test:3000-3039,a7c7a3f7ea63e57f1d98bd42f21c02aa04a69eaa37c824584a2be65f00f2d7e1,"{""numpy"": ""2.0.2"", ""pandas"": ""2.2.2"", ""python-louvain"": ""0.16"", ""scikit-learn"": ""1.6.1"", ""scipy"": ""1.16.3""}","{""additive"": {""calibration_objective"": 0.024220283682757516, ""knn"": 8, ""q"": 0.95}, ""error_model"": ""conservative-v1"", ""product"": {""knn"": 8, ""resolution"": 1.2, ""sigma_geo_m"": 900.0, ""tau_temp_min"": 60.0, ""threshold_quantile"": 0.95, ""track"": ""operational_label_free""}}","{""arrival_equity_gap_min"": ""lower"", ""boat_workload_cv"": ""lower"", ""cvar90_arrival_min"": ""lower"", ""deadline_miss_rate"": ""lower"", ""duplicate_dispatches"": ""lower"", ""fake_dispatches"": ""lower"", ""latent_harm"": ""lower"", ""max_arrival_min"": ""lower"", ""mean_arrival_min"": ""lower"", ""merge_caused_misses"": ""lower"", ""split_trips"": ""lower"", ""total_fleet_workload_min"": ""lower"", ""unique_population_reached_by_deadline_rate"": ""higher"", ""unserved_genuine_incidents"": ""lower""}","{""numpy"": ""2.5.1"", ""pandas"": ""3.0.3"", ""scipy"": ""1.18.0""}"
policy,revised_priority,nearest_first,"{""partition"": ""oracle""}",fake_dispatches,lower,0,0,0,"[0.0, 0.0]",0,1,1,0,40,0,0,40,0,0,positive means candidate is better,40,4.1.0,test:3000-3039,a7c7a3f7ea63e57f1d98bd42f21c02aa04a69eaa37c824584a2be65f00f2d7e1,"{""numpy"": ""2.0.2"", ""pandas"": ""2.2.2"", ""python-louvain"": ""0.16"", ""scikit-learn"": ""1.6.1"", ""scipy"": ""1.16.3""}","{""additive"": {""calibration_objective"": 0.024220283682757516, ""knn"": 8, ""q"": 0.95}, ""error_model"": ""conservative-v1"", ""product"": {""knn"": 8, ""resolution"": 1.2, ""sigma_geo_m"": 900.0, ""tau_temp_min"": 60.0, ""threshold_quantile"": 0.95, ""track"": ""operational_label_free""}}","{""arrival_equity_gap_min"": ""lower"", ""boat_workload_cv"": ""lower"", ""cvar90_arrival_min"": ""lower"", ""deadline_miss_rate"": ""lower"", ""duplicate_dispatches"": ""lower"", ""fake_dispatches"": ""lower"", ""latent_harm"": ""lower"", ""max_arrival_min"": ""lower"", ""mean_arrival_min"": ""lower"", ""merge_caused_misses"": ""lower"", ""split_trips"": ""lower"", ""total_fleet_workload_min"": ""lower"", ""unique_population_reached_by_deadline_rate"": ""higher"", ""unserved_genuine_incidents"": ""lower""}","{""numpy"": ""2.5.1"", ""pandas"": ""3.0.3"", ""scipy"": ""1.18.0""}"
policy,revised_priority,nearest_first,"{""partition"": ""oracle""}",duplicate_dispatches,lower,0,0,0,"[0.0, 0.0]",0,1,1,0,40,0,0,40,0,0,positive means candidate is better,40,4.1.0,test:3000-3039,a7c7a3f7ea63e57f1d98bd42f21c02aa04a69eaa37c824584a2be65f00f2d7e1,"{""numpy"": ""2.0.2"", ""pandas"": ""2.2.2"", ""python-louvain"": ""0.16"", ""scikit-learn"": ""1.6.1"", ""scipy"": ""1.16.3""}","{""additive"": {""calibration_objective"": 0.024220283682757516, ""knn"": 8, ""q"": 0.95}, ""error_model"": ""conservative-v1"", ""product"": {""knn"": 8, ""resolution"": 1.2, ""sigma_geo_m"": 900.0, ""tau_temp_min"": 60.0, ""threshold_quantile"": 0.95, ""track"": ""operational_label_free""}}","{""arrival_equity_gap_min"": ""lower"", ""boat_workload_cv"": ""lower"", ""cvar90_arrival_min"": ""lower"", ""deadline_miss_rate"": ""lower"", ""duplicate_dispatches"": ""lower"", ""fake_dispatches"": ""lower"", ""latent_harm"": ""lower"", ""max_arrival_min"": ""lower"", ""mean_arrival_min"": ""lower"", ""merge_caused_misses"": ""lower"", ""split_trips"": ""lower"", ""total_fleet_workload_min"": ""lower"", ""unique_population_reached_by_deadline_rate"": ""higher"", ""unserved_genuine_incidents"": ""lower""}","{""numpy"": ""2.5.1"", ""pandas"": ""3.0.3"", ""scipy"": ""1.18.0""}"
policy,revised_priority,nearest_first,"{""partition"": ""oracle""}",unserved_genuine_incidents,lower,0,0,0,"[0.0, 0.0]",0,1,1,0,40,0,0,40,0,0,positive means candidate is better,40,4.1.0,test:3000-3039,a7c7a3f7ea63e57f1d98bd42f21c02aa04a69eaa37c824584a2be65f00f2d7e1,"{""numpy"": ""2.0.2"", ""pandas"": ""2.2.2"", ""python-louvain"": ""0.16"", ""scikit-learn"": ""1.6.1"", ""scipy"": ""1.16.3""}","{""additive"": {""calibration_objective"": 0.024220283682757516, ""knn"": 8, ""q"": 0.95}, ""error_model"": ""conservative-v1"", ""product"": {""knn"": 8, ""resolution"": 1.2, ""sigma_geo_m"": 900.0, ""tau_temp_min"": 60.0, ""threshold_quantile"": 0.95, ""track"": ""operational_label_free""}}","{""arrival_equity_gap_min"": ""lower"", ""boat_workload_cv"": ""lower"", ""cvar90_arrival_min"": ""lower"", ""deadline_miss_rate"": ""lower"", ""duplicate_dispatches"": ""lower"", ""fake_dispatches"": ""lower"", ""latent_harm"": ""lower"", ""max_arrival_min"": ""lower"", ""mean_arrival_min"": ""lower"", ""merge_caused_misses"": ""lower"", ""split_trips"": ""lower"", ""total_fleet_workload_min"": ""lower"", ""unique_population_reached_by_deadline_rate"": ""higher"", ""unserved_genuine_incidents"": ""lower""}","{""numpy"": ""2.5.1"", ""pandas"": ""3.0.3"", ""scipy"": ""1.18.0""}"
policy,revised_priority,first_report_fifo,"{""partition"": ""oracle""}",latent_harm,lower,-53.38202464,49.90130622,-48.50394516,"[-68.96505527636667, -38.58862949893544]",53.38202464,1.04373612e-08,1.148109732e-07,37,40,3,37,0,-1.06975205,-0.9097560976,positive means candidate is better,40,4.1.0,test:3000-3039,a7c7a3f7ea63e57f1d98bd42f21c02aa04a69eaa37c824584a2be65f00f2d7e1,"{""numpy"": ""2.0.2"", ""pandas"": ""2.2.2"", ""python-louvain"": ""0.16"", ""scikit-learn"": ""1.6.1"", ""scipy"": ""1.16.3""}","{""additive"": {""calibration_objective"": 0.024220283682757516, ""knn"": 8, ""q"": 0.95}, ""error_model"": ""conservative-v1"", ""product"": {""knn"": 8, ""resolution"": 1.2, ""sigma_geo_m"": 900.0, ""tau_temp_min"": 60.0, ""threshold_quantile"": 0.95, ""track"": ""operational_label_free""}}","{""arrival_equity_gap_min"": ""lower"", ""boat_workload_cv"": ""lower"", ""cvar90_arrival_min"": ""lower"", ""deadline_miss_rate"": ""lower"", ""duplicate_dispatches"": ""lower"", ""fake_dispatches"": ""lower"", ""latent_harm"": ""lower"", ""max_arrival_min"": ""lower"", ""mean_arrival_min"": ""lower"", ""merge_caused_misses"": ""lower"", ""split_trips"": ""lower"", ""total_fleet_workload_min"": ""lower"", ""unique_population_reached_by_deadline_rate"": ""higher"", ""unserved_genuine_incidents"": ""lower""}","{""numpy"": ""2.5.1"", ""pandas"": ""3.0.3"", ""scipy"": ""1.18.0""}"
policy,revised_priority,first_report_fifo,"{""partition"": ""oracle""}",deadline_miss_rate,lower,0.015625,0.06566928875,0.02083333333,"[-0.004687500000000006, 0.03593749999999999]",-0.015625,0.1114051834,0.7798362835,232,40,21,15,4,0.2379346617,0.3033033033,positive means candidate is better,40,4.1.0,test:3000-3039,a7c7a3f7ea63e57f1d98bd42f21c02aa04a69eaa37c824584a2be65f00f2d7e1,"{""numpy"": ""2.0.2"", ""pandas"": ""2.2.2"", ""python-louvain"": ""0.16"", ""scikit-learn"": ""1.6.1"", ""scipy"": ""1.16.3""}","{""additive"": {""calibration_objective"": 0.024220283682757516, ""knn"": 8, ""q"": 0.95}, ""error_model"": ""conservative-v1"", ""product"": {""knn"": 8, ""resolution"": 1.2, ""sigma_geo_m"": 900.0, ""tau_temp_min"": 60.0, ""threshold_quantile"": 0.95, ""track"": ""operational_label_free""}}","{""arrival_equity_gap_min"": ""lower"", ""boat_workload_cv"": ""lower"", ""cvar90_arrival_min"": ""lower"", ""deadline_miss_rate"": ""lower"", ""duplicate_dispatches"": ""lower"", ""fake_dispatches"": ""lower"", ""latent_harm"": ""lower"", ""max_arrival_min"": ""lower"", ""mean_arrival_min"": ""lower"", ""merge_caused_misses"": ""lower"", ""split_trips"": ""lower"", ""total_fleet_workload_min"": ""lower"", ""unique_population_reached_by_deadline_rate"": ""higher"", ""unserved_genuine_incidents"": ""lower""}","{""numpy"": ""2.5.1"", ""pandas"": ""3.0.3"", ""scipy"": ""1.18.0""}"
policy,revised_priority,first_report_fifo,"{""partition"": ""oracle""}",mean_arrival_min,lower,-52.347505,57.76077857,-43.97086218,"[-70.09113286538123, -35.11564727508333]",52.347505,2.53547114e-07,2.53547114e-06,63,40,7,33,0,-0.9062811531,-0.8463414634,positive means candidate is better,40,4.1.0,test:3000-3039,a7c7a3f7ea63e57f1d98bd42f21c02aa04a69eaa37c824584a2be65f00f2d7e1,"{""numpy"": ""2.0.2"", ""pandas"": ""2.2.2"", ""python-louvain"": ""0.16"", ""scikit-learn"": ""1.6.1"", ""scipy"": ""1.16.3""}","{""additive"": {""calibration_objective"": 0.024220283682757516, ""knn"": 8, ""q"": 0.95}, ""error_model"": ""conservative-v1"", ""product"": {""knn"": 8, ""resolution"": 1.2, ""sigma_geo_m"": 900.0, ""tau_temp_min"": 60.0, ""threshold_quantile"": 0.95, ""track"": ""operational_label_free""}}","{""arrival_equity_gap_min"": ""lower"", ""boat_workload_cv"": ""lower"", ""cvar90_arrival_min"": ""lower"", ""deadline_miss_rate"": ""lower"", ""duplicate_dispatches"": ""lower"", ""fake_dispatches"": ""lower"", ""latent_harm"": ""lower"", ""max_arrival_min"": ""lower"", ""mean_arrival_min"": ""lower"", ""merge_caused_misses"": ""lower"", ""split_trips"": ""lower"", ""total_fleet_workload_min"": ""lower"", ""unique_population_reached_by_deadline_rate"": ""higher"", ""unserved_genuine_incidents"": ""lower""}","{""numpy"": ""2.5.1"", ""pandas"": ""3.0.3"", ""scipy"": ""1.18.0""}"
policy,revised_priority,first_report_fifo,"{""partition"": ""oracle""}",max_arrival_min,lower,-226.0803689,106.3113426,-226.2488451,"[-258.28014817441664, -194.767882296125]",226.0803689,1.818989404e-12,2.546585165e-11,0,40,0,40,0,-2.126587469,-1,positive means candidate is better,40,4.1.0,test:3000-3039,a7c7a3f7ea63e57f1d98bd42f21c02aa04a69eaa37c824584a2be65f00f2d7e1,"{""numpy"": ""2.0.2"", ""pandas"": ""2.2.2"", ""python-louvain"": ""0.16"", ""scikit-learn"": ""1.6.1"", ""scipy"": ""1.16.3""}","{""additive"": {""calibration_objective"": 0.024220283682757516, ""knn"": 8, ""q"": 0.95}, ""error_model"": ""conservative-v1"", ""product"": {""knn"": 8, ""resolution"": 1.2, ""sigma_geo_m"": 900.0, ""tau_temp_min"": 60.0, ""threshold_quantile"": 0.95, ""track"": ""operational_label_free""}}","{""arrival_equity_gap_min"": ""lower"", ""boat_workload_cv"": ""lower"", ""cvar90_arrival_min"": ""lower"", ""deadline_miss_rate"": ""lower"", ""duplicate_dispatches"": ""lower"", ""fake_dispatches"": ""lower"", ""latent_harm"": ""lower"", ""max_arrival_min"": ""lower"", ""mean_arrival_min"": ""lower"", ""merge_caused_misses"": ""lower"", ""split_trips"": ""lower"", ""total_fleet_workload_min"": ""lower"", ""unique_population_reached_by_deadline_rate"": ""higher"", ""unserved_genuine_incidents"": ""lower""}","{""numpy"": ""2.5.1"", ""pandas"": ""3.0.3"", ""scipy"": ""1.18.0""}"
policy,revised_priority,first_report_fifo,"{""partition"": ""oracle""}",cvar90_arrival_min,lower,-205.0388266,102.525092,-177.9841208,"[-237.08111574083335, -175.42369720758336]",205.0388266,1.818989404e-12,2.546585165e-11,0,40,0,40,0,-1.999889224,-1,positive means candidate is better,40,4.1.0,test:3000-3039,a7c7a3f7ea63e57f1d98bd42f21c02aa04a69eaa37c824584a2be65f00f2d7e1,"{""numpy"": ""2.0.2"", ""pandas"": ""2.2.2"", ""python-louvain"": ""0.16"", ""scikit-learn"": ""1.6.1"", ""scipy"": ""1.16.3""}","{""additive"": {""calibration_objective"": 0.024220283682757516, ""knn"": 8, ""q"": 0.95}, ""error_model"": ""conservative-v1"", ""product"": {""knn"": 8, ""resolution"": 1.2, ""sigma_geo_m"": 900.0, ""tau_temp_min"": 60.0, ""threshold_quantile"": 0.95, ""track"": ""operational_label_free""}}","{""arrival_equity_gap_min"": ""lower"", ""boat_workload_cv"": ""lower"", ""cvar90_arrival_min"": ""lower"", ""deadline_miss_rate"": ""lower"", ""duplicate_dispatches"": ""lower"", ""fake_dispatches"": ""lower"", ""latent_harm"": ""lower"", ""max_arrival_min"": ""lower"", ""mean_arrival_min"": ""lower"", ""merge_caused_misses"": ""lower"", ""split_trips"": ""lower"", ""total_fleet_workload_min"": ""lower"", ""unique_population_reached_by_deadline_rate"": ""higher"", ""unserved_genuine_incidents"": ""lower""}","{""numpy"": ""2.5.1"", ""pandas"": ""3.0.3"", ""scipy"": ""1.18.0""}"
policy,revised_priority,first_report_fifo,"{""partition"": ""oracle""}",unique_population_reached_by_deadline_rate,higher,0.03635491109,0.07024903403,0.05116546275,"[0.014584456940270836, 0.058025008304456255]",0.03635491109,0.002166251263,0.01949626136,187,40,29,11,0,0.5175147473,0.543902439,positive means candidate is better,40,4.1.0,test:3000-3039,a7c7a3f7ea63e57f1d98bd42f21c02aa04a69eaa37c824584a2be65f00f2d7e1,"{""numpy"": ""2.0.2"", ""pandas"": ""2.2.2"", ""python-louvain"": ""0.16"", ""scikit-learn"": ""1.6.1"", ""scipy"": ""1.16.3""}","{""additive"": {""calibration_objective"": 0.024220283682757516, ""knn"": 8, ""q"": 0.95}, ""error_model"": ""conservative-v1"", ""product"": {""knn"": 8, ""resolution"": 1.2, ""sigma_geo_m"": 900.0, ""tau_temp_min"": 60.0, ""threshold_quantile"": 0.95, ""track"": ""operational_label_free""}}","{""arrival_equity_gap_min"": ""lower"", ""boat_workload_cv"": ""lower"", ""cvar90_arrival_min"": ""lower"", ""deadline_miss_rate"": ""lower"", ""duplicate_dispatches"": ""lower"", ""fake_dispatches"": ""lower"", ""latent_harm"": ""lower"", ""max_arrival_min"": ""lower"", ""mean_arrival_min"": ""lower"", ""merge_caused_misses"": ""lower"", ""split_trips"": ""lower"", ""total_fleet_workload_min"": ""lower"", ""unique_population_reached_by_deadline_rate"": ""higher"", ""unserved_genuine_incidents"": ""lower""}","{""numpy"": ""2.5.1"", ""pandas"": ""3.0.3"", ""scipy"": ""1.18.0""}"
policy,revised_priority,first_report_fifo,"{""partition"": ""oracle""}",total_fleet_workload_min,lower,-276.4620182,244.2756843,-236.3073257,"[-353.6677991766666, -205.08482293562506]",276.4620182,1.600710675e-10,1.92085281e-09,13,40,4,36,0,-1.131762332,-0.9682926829,positive means candidate is better,40,4.1.0,test:3000-3039,a7c7a3f7ea63e57f1d98bd42f21c02aa04a69eaa37c824584a2be65f00f2d7e1,"{""numpy"": ""2.0.2"", ""pandas"": ""2.2.2"", ""python-louvain"": ""0.16"", ""scikit-learn"": ""1.6.1"", ""scipy"": ""1.16.3""}","{""additive"": {""calibration_objective"": 0.024220283682757516, ""knn"": 8, ""q"": 0.95}, ""error_model"": ""conservative-v1"", ""product"": {""knn"": 8, ""resolution"": 1.2, ""sigma_geo_m"": 900.0, ""tau_temp_min"": 60.0, ""threshold_quantile"": 0.95, ""track"": ""operational_label_free""}}","{""arrival_equity_gap_min"": ""lower"", ""boat_workload_cv"": ""lower"", ""cvar90_arrival_min"": ""lower"", ""deadline_miss_rate"": ""lower"", ""duplicate_dispatches"": ""lower"", ""fake_dispatches"": ""lower"", ""latent_harm"": ""lower"", ""max_arrival_min"": ""lower"", ""mean_arrival_min"": ""lower"", ""merge_caused_misses"": ""lower"", ""split_trips"": ""lower"", ""total_fleet_workload_min"": ""lower"", ""unique_population_reached_by_deadline_rate"": ""higher"", ""unserved_genuine_incidents"": ""lower""}","{""numpy"": ""2.5.1"", ""pandas"": ""3.0.3"", ""scipy"": ""1.18.0""}"
policy,revised_priority,first_report_fifo,"{""partition"": ""oracle""}",boat_workload_cv,lower,-0.006701588143,0.02842103897,-0.00759021637,"[-0.015478998242807086, 0.0020590896097256632]",0.006701588143,0.1386803885,0.8320823311,299,40,16,24,0,-0.2357967332,-0.2707317073,positive means candidate is better,40,4.1.0,test:3000-3039,a7c7a3f7ea63e57f1d98bd42f21c02aa04a69eaa37c824584a2be65f00f2d7e1,"{""numpy"": ""2.0.2"", ""pandas"": ""2.2.2"", ""python-louvain"": ""0.16"", ""scikit-learn"": ""1.6.1"", ""scipy"": ""1.16.3""}","{""additive"": {""calibration_objective"": 0.024220283682757516, ""knn"": 8, ""q"": 0.95}, ""error_model"": ""conservative-v1"", ""product"": {""knn"": 8, ""resolution"": 1.2, ""sigma_geo_m"": 900.0, ""tau_temp_min"": 60.0, ""threshold_quantile"": 0.95, ""track"": ""operational_label_free""}}","{""arrival_equity_gap_min"": ""lower"", ""boat_workload_cv"": ""lower"", ""cvar90_arrival_min"": ""lower"", ""deadline_miss_rate"": ""lower"", ""duplicate_dispatches"": ""lower"", ""fake_dispatches"": ""lower"", ""latent_harm"": ""lower"", ""max_arrival_min"": ""lower"", ""mean_arrival_min"": ""lower"", ""merge_caused_misses"": ""lower"", ""split_trips"": ""lower"", ""total_fleet_workload_min"": ""lower"", ""unique_population_reached_by_deadline_rate"": ""higher"", ""unserved_genuine_incidents"": ""lower""}","{""numpy"": ""2.5.1"", ""pandas"": ""3.0.3"", ""scipy"": ""1.18.0""}"
policy,revised_priority,first_report_fifo,"{""partition"": ""oracle""}",arrival_equity_gap_min,lower,-30.48305029,92.19656571,-31.42134985,"[-59.14603034383335, -1.8607248408312576]",30.48305029,0.04362636124,0.3490108899,260,40,15,25,0,-0.3306310821,-0.3658536585,positive means candidate is better,40,4.1.0,test:3000-3039,a7c7a3f7ea63e57f1d98bd42f21c02aa04a69eaa37c824584a2be65f00f2d7e1,"{""numpy"": ""2.0.2"", ""pandas"": ""2.2.2"", ""python-louvain"": ""0.16"", ""scikit-learn"": ""1.6.1"", ""scipy"": ""1.16.3""}","{""additive"": {""calibration_objective"": 0.024220283682757516, ""knn"": 8, ""q"": 0.95}, ""error_model"": ""conservative-v1"", ""product"": {""knn"": 8, ""resolution"": 1.2, ""sigma_geo_m"": 900.0, ""tau_temp_min"": 60.0, ""threshold_quantile"": 0.95, ""track"": ""operational_label_free""}}","{""arrival_equity_gap_min"": ""lower"", ""boat_workload_cv"": ""lower"", ""cvar90_arrival_min"": ""lower"", ""deadline_miss_rate"": ""lower"", ""duplicate_dispatches"": ""lower"", ""fake_dispatches"": ""lower"", ""latent_harm"": ""lower"", ""max_arrival_min"": ""lower"", ""mean_arrival_min"": ""lower"", ""merge_caused_misses"": ""lower"", ""split_trips"": ""lower"", ""total_fleet_workload_min"": ""lower"", ""unique_population_reached_by_deadline_rate"": ""higher"", ""unserved_genuine_incidents"": ""lower""}","{""numpy"": ""2.5.1"", ""pandas"": ""3.0.3"", ""scipy"": ""1.18.0""}"
policy,revised_priority,first_report_fifo,"{""partition"": ""oracle""}",split_trips,lower,0,0,0,"[0.0, 0.0]",0,1,1,0,40,0,0,40,0,0,positive means candidate is better,40,4.1.0,test:3000-3039,a7c7a3f7ea63e57f1d98bd42f21c02aa04a69eaa37c824584a2be65f00f2d7e1,"{""numpy"": ""2.0.2"", ""pandas"": ""2.2.2"", ""python-louvain"": ""0.16"", ""scikit-learn"": ""1.6.1"", ""scipy"": ""1.16.3""}","{""additive"": {""calibration_objective"": 0.024220283682757516, ""knn"": 8, ""q"": 0.95}, ""error_model"": ""conservative-v1"", ""product"": {""knn"": 8, ""resolution"": 1.2, ""sigma_geo_m"": 900.0, ""tau_temp_min"": 60.0, ""threshold_quantile"": 0.95, ""track"": ""operational_label_free""}}","{""arrival_equity_gap_min"": ""lower"", ""boat_workload_cv"": ""lower"", ""cvar90_arrival_min"": ""lower"", ""deadline_miss_rate"": ""lower"", ""duplicate_dispatches"": ""lower"", ""fake_dispatches"": ""lower"", ""latent_harm"": ""lower"", ""max_arrival_min"": ""lower"", ""mean_arrival_min"": ""lower"", ""merge_caused_misses"": ""lower"", ""split_trips"": ""lower"", ""total_fleet_workload_min"": ""lower"", ""unique_population_reached_by_deadline_rate"": ""higher"", ""unserved_genuine_incidents"": ""lower""}","{""numpy"": ""2.5.1"", ""pandas"": ""3.0.3"", ""scipy"": ""1.18.0""}"
policy,revised_priority,first_report_fifo,"{""partition"": ""oracle""}",merge_caused_misses,lower,0,0,0,"[0.0, 0.0]",0,1,1,0,40,0,0,40,0,0,positive means candidate is better,40,4.1.0,test:3000-3039,a7c7a3f7ea63e57f1d98bd42f21c02aa04a69eaa37c824584a2be65f00f2d7e1,"{""numpy"": ""2.0.2"", ""pandas"": ""2.2.2"", ""python-louvain"": ""0.16"", ""scikit-learn"": ""1.6.1"", ""scipy"": ""1.16.3""}","{""additive"": {""calibration_objective"": 0.024220283682757516, ""knn"": 8, ""q"": 0.95}, ""error_model"": ""conservative-v1"", ""product"": {""knn"": 8, ""resolution"": 1.2, ""sigma_geo_m"": 900.0, ""tau_temp_min"": 60.0, ""threshold_quantile"": 0.95, ""track"": ""operational_label_free""}}","{""arrival_equity_gap_min"": ""lower"", ""boat_workload_cv"": ""lower"", ""cvar90_arrival_min"": ""lower"", ""deadline_miss_rate"": ""lower"", ""duplicate_dispatches"": ""lower"", ""fake_dispatches"": ""lower"", ""latent_harm"": ""lower"", ""max_arrival_min"": ""lower"", ""mean_arrival_min"": ""lower"", ""merge_caused_misses"": ""lower"", ""split_trips"": ""lower"", ""total_fleet_workload_min"": ""lower"", ""unique_population_reached_by_deadline_rate"": ""higher"", ""unserved_genuine_incidents"": ""lower""}","{""numpy"": ""2.5.1"", ""pandas"": ""3.0.3"", ""scipy"": ""1.18.0""}"
policy,revised_priority,first_report_fifo,"{""partition"": ""oracle""}",fake_dispatches,lower,0,0,0,"[0.0, 0.0]",0,1,1,0,40,0,0,40,0,0,positive means candidate is better,40,4.1.0,test:3000-3039,a7c7a3f7ea63e57f1d98bd42f21c02aa04a69eaa37c824584a2be65f00f2d7e1,"{""numpy"": ""2.0.2"", ""pandas"": ""2.2.2"", ""python-louvain"": ""0.16"", ""scikit-learn"": ""1.6.1"", ""scipy"": ""1.16.3""}","{""additive"": {""calibration_objective"": 0.024220283682757516, ""knn"": 8, ""q"": 0.95}, ""error_model"": ""conservative-v1"", ""product"": {""knn"": 8, ""resolution"": 1.2, ""sigma_geo_m"": 900.0, ""tau_temp_min"": 60.0, ""threshold_quantile"": 0.95, ""track"": ""operational_label_free""}}","{""arrival_equity_gap_min"": ""lower"", ""boat_workload_cv"": ""lower"", ""cvar90_arrival_min"": ""lower"", ""deadline_miss_rate"": ""lower"", ""duplicate_dispatches"": ""lower"", ""fake_dispatches"": ""lower"", ""latent_harm"": ""lower"", ""max_arrival_min"": ""lower"", ""mean_arrival_min"": ""lower"", ""merge_caused_misses"": ""lower"", ""split_trips"": ""lower"", ""total_fleet_workload_min"": ""lower"", ""unique_population_reached_by_deadline_rate"": ""higher"", ""unserved_genuine_incidents"": ""lower""}","{""numpy"": ""2.5.1"", ""pandas"": ""3.0.3"", ""scipy"": ""1.18.0""}"
policy,revised_priority,first_report_fifo,"{""partition"": ""oracle""}",duplicate_dispatches,lower,0,0,0,"[0.0, 0.0]",0,1,1,0,40,0,0,40,0,0,positive means candidate is better,40,4.1.0,test:3000-3039,a7c7a3f7ea63e57f1d98bd42f21c02aa04a69eaa37c824584a2be65f00f2d7e1,"{""numpy"": ""2.0.2"", ""pandas"": ""2.2.2"", ""python-louvain"": ""0.16"", ""scikit-learn"": ""1.6.1"", ""scipy"": ""1.16.3""}","{""additive"": {""calibration_objective"": 0.024220283682757516, ""knn"": 8, ""q"": 0.95}, ""error_model"": ""conservative-v1"", ""product"": {""knn"": 8, ""resolution"": 1.2, ""sigma_geo_m"": 900.0, ""tau_temp_min"": 60.0, ""threshold_quantile"": 0.95, ""track"": ""operational_label_free""}}","{""arrival_equity_gap_min"": ""lower"", ""boat_workload_cv"": ""lower"", ""cvar90_arrival_min"": ""lower"", ""deadline_miss_rate"": ""lower"", ""duplicate_dispatches"": ""lower"", ""fake_dispatches"": ""lower"", ""latent_harm"": ""lower"", ""max_arrival_min"": ""lower"", ""mean_arrival_min"": ""lower"", ""merge_caused_misses"": ""lower"", ""split_trips"": ""lower"", ""total_fleet_workload_min"": ""lower"", ""unique_population_reached_by_deadline_rate"": ""higher"", ""unserved_genuine_incidents"": ""lower""}","{""numpy"": ""2.5.1"", ""pandas"": ""3.0.3"", ""scipy"": ""1.18.0""}"
policy,revised_priority,first_report_fifo,"{""partition"": ""oracle""}",unserved_genuine_incidents,lower,0,0,0,"[0.0, 0.0]",0,1,1,0,40,0,0,40,0,0,positive means candidate is better,40,4.1.0,test:3000-3039,a7c7a3f7ea63e57f1d98bd42f21c02aa04a69eaa37c824584a2be65f00f2d7e1,"{""numpy"": ""2.0.2"", ""pandas"": ""2.2.2"", ""python-louvain"": ""0.16"", ""scikit-learn"": ""1.6.1"", ""scipy"": ""1.16.3""}","{""additive"": {""calibration_objective"": 0.024220283682757516, ""knn"": 8, ""q"": 0.95}, ""error_model"": ""conservative-v1"", ""product"": {""knn"": 8, ""resolution"": 1.2, ""sigma_geo_m"": 900.0, ""tau_temp_min"": 60.0, ""threshold_quantile"": 0.95, ""track"": ""operational_label_free""}}","{""arrival_equity_gap_min"": ""lower"", ""boat_workload_cv"": ""lower"", ""cvar90_arrival_min"": ""lower"", ""deadline_miss_rate"": ""lower"", ""duplicate_dispatches"": ""lower"", ""fake_dispatches"": ""lower"", ""latent_harm"": ""lower"", ""max_arrival_min"": ""lower"", ""mean_arrival_min"": ""lower"", ""merge_caused_misses"": ""lower"", ""split_trips"": ""lower"", ""total_fleet_workload_min"": ""lower"", ""unique_population_reached_by_deadline_rate"": ""higher"", ""unserved_genuine_incidents"": ""lower""}","{""numpy"": ""2.5.1"", ""pandas"": ""3.0.3"", ""scipy"": ""1.18.0""}"
policy,revised_priority,legacy_priority,"{""partition"": ""product_cij""}",latent_harm,lower,-14.34147785,41.58389063,-8.018232007,"[-27.401800833235416, -2.3428423870020922]",14.34147785,0.07472652909,0.5627134221,277,40,14,26,0,-0.3448806169,-0.3243902439,positive means candidate is better,40,4.1.0,test:3000-3039,a7c7a3f7ea63e57f1d98bd42f21c02aa04a69eaa37c824584a2be65f00f2d7e1,"{""numpy"": ""2.0.2"", ""pandas"": ""2.2.2"", ""python-louvain"": ""0.16"", ""scikit-learn"": ""1.6.1"", ""scipy"": ""1.16.3""}","{""additive"": {""calibration_objective"": 0.024220283682757516, ""knn"": 8, ""q"": 0.95}, ""error_model"": ""conservative-v1"", ""product"": {""knn"": 8, ""resolution"": 1.2, ""sigma_geo_m"": 900.0, ""tau_temp_min"": 60.0, ""threshold_quantile"": 0.95, ""track"": ""operational_label_free""}}","{""arrival_equity_gap_min"": ""lower"", ""boat_workload_cv"": ""lower"", ""cvar90_arrival_min"": ""lower"", ""deadline_miss_rate"": ""lower"", ""duplicate_dispatches"": ""lower"", ""fake_dispatches"": ""lower"", ""latent_harm"": ""lower"", ""max_arrival_min"": ""lower"", ""mean_arrival_min"": ""lower"", ""merge_caused_misses"": ""lower"", ""split_trips"": ""lower"", ""total_fleet_workload_min"": ""lower"", ""unique_population_reached_by_deadline_rate"": ""higher"", ""unserved_genuine_incidents"": ""lower""}","{""numpy"": ""2.5.1"", ""pandas"": ""3.0.3"", ""scipy"": ""1.18.0""}"
policy,revised_priority,legacy_priority,"{""partition"": ""product_cij""}",deadline_miss_rate,lower,0.01875,0.05054898051,0.01041666667,"[0.0036458333333333317, 0.03489583333333334]",-0.01875,0.02747298929,0.2472569036,136,40,20,11,9,0.3709273622,0.4516129032,positive means candidate is better,40,4.1.0,test:3000-3039,a7c7a3f7ea63e57f1d98bd42f21c02aa04a69eaa37c824584a2be65f00f2d7e1,"{""numpy"": ""2.0.2"", ""pandas"": ""2.2.2"", ""python-louvain"": ""0.16"", ""scikit-learn"": ""1.6.1"", ""scipy"": ""1.16.3""}","{""additive"": {""calibration_objective"": 0.024220283682757516, ""knn"": 8, ""q"": 0.95}, ""error_model"": ""conservative-v1"", ""product"": {""knn"": 8, ""resolution"": 1.2, ""sigma_geo_m"": 900.0, ""tau_temp_min"": 60.0, ""threshold_quantile"": 0.95, ""track"": ""operational_label_free""}}","{""arrival_equity_gap_min"": ""lower"", ""boat_workload_cv"": ""lower"", ""cvar90_arrival_min"": ""lower"", ""deadline_miss_rate"": ""lower"", ""duplicate_dispatches"": ""lower"", ""fake_dispatches"": ""lower"", ""latent_harm"": ""lower"", ""max_arrival_min"": ""lower"", ""mean_arrival_min"": ""lower"", ""merge_caused_misses"": ""lower"", ""split_trips"": ""lower"", ""total_fleet_workload_min"": ""lower"", ""unique_population_reached_by_deadline_rate"": ""higher"", ""unserved_genuine_incidents"": ""lower""}","{""numpy"": ""2.5.1"", ""pandas"": ""3.0.3"", ""scipy"": ""1.18.0""}"
policy,revised_priority,legacy_priority,"{""partition"": ""product_cij""}",mean_arrival_min,lower,-12.51922896,40.85982134,-13.14420052,"[-24.949792007645822, -0.07978736941667601]",12.51922896,0.07033917776,0.5627134221,275,40,16,24,0,-0.3063946084,-0.3292682927,positive means candidate is better,40,4.1.0,test:3000-3039,a7c7a3f7ea63e57f1d98bd42f21c02aa04a69eaa37c824584a2be65f00f2d7e1,"{""numpy"": ""2.0.2"", ""pandas"": ""2.2.2"", ""python-louvain"": ""0.16"", ""scikit-learn"": ""1.6.1"", ""scipy"": ""1.16.3""}","{""additive"": {""calibration_objective"": 0.024220283682757516, ""knn"": 8, ""q"": 0.95}, ""error_model"": ""conservative-v1"", ""product"": {""knn"": 8, ""resolution"": 1.2, ""sigma_geo_m"": 900.0, ""tau_temp_min"": 60.0, ""threshold_quantile"": 0.95, ""track"": ""operational_label_free""}}","{""arrival_equity_gap_min"": ""lower"", ""boat_workload_cv"": ""lower"", ""cvar90_arrival_min"": ""lower"", ""deadline_miss_rate"": ""lower"", ""duplicate_dispatches"": ""lower"", ""fake_dispatches"": ""lower"", ""latent_harm"": ""lower"", ""max_arrival_min"": ""lower"", ""mean_arrival_min"": ""lower"", ""merge_caused_misses"": ""lower"", ""split_trips"": ""lower"", ""total_fleet_workload_min"": ""lower"", ""unique_population_reached_by_deadline_rate"": ""higher"", ""unserved_genuine_incidents"": ""lower""}","{""numpy"": ""2.5.1"", ""pandas"": ""3.0.3"", ""scipy"": ""1.18.0""}"
policy,revised_priority,legacy_priority,"{""partition"": ""product_cij""}",max_arrival_min,lower,-126.5661704,181.9880442,-94.67717183,"[-185.31843110722917, -73.22312133666668]",126.5661704,1.321783566e-05,0.0001718318636,106,40,9,31,0,-0.6954642047,-0.7414634146,positive means candidate is better,40,4.1.0,test:3000-3039,a7c7a3f7ea63e57f1d98bd42f21c02aa04a69eaa37c824584a2be65f00f2d7e1,"{""numpy"": ""2.0.2"", ""pandas"": ""2.2.2"", ""python-louvain"": ""0.16"", ""scikit-learn"": ""1.6.1"", ""scipy"": ""1.16.3""}","{""additive"": {""calibration_objective"": 0.024220283682757516, ""knn"": 8, ""q"": 0.95}, ""error_model"": ""conservative-v1"", ""product"": {""knn"": 8, ""resolution"": 1.2, ""sigma_geo_m"": 900.0, ""tau_temp_min"": 60.0, ""threshold_quantile"": 0.95, ""track"": ""operational_label_free""}}","{""arrival_equity_gap_min"": ""lower"", ""boat_workload_cv"": ""lower"", ""cvar90_arrival_min"": ""lower"", ""deadline_miss_rate"": ""lower"", ""duplicate_dispatches"": ""lower"", ""fake_dispatches"": ""lower"", ""latent_harm"": ""lower"", ""max_arrival_min"": ""lower"", ""mean_arrival_min"": ""lower"", ""merge_caused_misses"": ""lower"", ""split_trips"": ""lower"", ""total_fleet_workload_min"": ""lower"", ""unique_population_reached_by_deadline_rate"": ""higher"", ""unserved_genuine_incidents"": ""lower""}","{""numpy"": ""2.5.1"", ""pandas"": ""3.0.3"", ""scipy"": ""1.18.0""}"
policy,revised_priority,legacy_priority,"{""partition"": ""product_cij""}",cvar90_arrival_min,lower,-87.39232796,118.5353093,-76.92488993,"[-123.97480839422917, -51.19873715064592]",87.39232796,3.295479837e-05,0.0003954575805,118,40,10,30,0,-0.7372683165,-0.712195122,positive means candidate is better,40,4.1.0,test:3000-3039,a7c7a3f7ea63e57f1d98bd42f21c02aa04a69eaa37c824584a2be65f00f2d7e1,"{""numpy"": ""2.0.2"", ""pandas"": ""2.2.2"", ""python-louvain"": ""0.16"", ""scikit-learn"": ""1.6.1"", ""scipy"": ""1.16.3""}","{""additive"": {""calibration_objective"": 0.024220283682757516, ""knn"": 8, ""q"": 0.95}, ""error_model"": ""conservative-v1"", ""product"": {""knn"": 8, ""resolution"": 1.2, ""sigma_geo_m"": 900.0, ""tau_temp_min"": 60.0, ""threshold_quantile"": 0.95, ""track"": ""operational_label_free""}}","{""arrival_equity_gap_min"": ""lower"", ""boat_workload_cv"": ""lower"", ""cvar90_arrival_min"": ""lower"", ""deadline_miss_rate"": ""lower"", ""duplicate_dispatches"": ""lower"", ""fake_dispatches"": ""lower"", ""latent_harm"": ""lower"", ""max_arrival_min"": ""lower"", ""mean_arrival_min"": ""lower"", ""merge_caused_misses"": ""lower"", ""split_trips"": ""lower"", ""total_fleet_workload_min"": ""lower"", ""unique_population_reached_by_deadline_rate"": ""higher"", ""unserved_genuine_incidents"": ""lower""}","{""numpy"": ""2.5.1"", ""pandas"": ""3.0.3"", ""scipy"": ""1.18.0""}"
policy,revised_priority,legacy_priority,"{""partition"": ""product_cij""}",unique_population_reached_by_deadline_rate,higher,0.02725072793,0.05538411885,0.0109130538,"[0.010856445322079168, 0.044625644613789574]",0.02725072793,0.008105503604,0.08105503604,176,40,24,13,3,0.4920314431,0.4992887624,positive means candidate is better,40,4.1.0,test:3000-3039,a7c7a3f7ea63e57f1d98bd42f21c02aa04a69eaa37c824584a2be65f00f2d7e1,"{""numpy"": ""2.0.2"", ""pandas"": ""2.2.2"", ""python-louvain"": ""0.16"", ""scikit-learn"": ""1.6.1"", ""scipy"": ""1.16.3""}","{""additive"": {""calibration_objective"": 0.024220283682757516, ""knn"": 8, ""q"": 0.95}, ""error_model"": ""conservative-v1"", ""product"": {""knn"": 8, ""resolution"": 1.2, ""sigma_geo_m"": 900.0, ""tau_temp_min"": 60.0, ""threshold_quantile"": 0.95, ""track"": ""operational_label_free""}}","{""arrival_equity_gap_min"": ""lower"", ""boat_workload_cv"": ""lower"", ""cvar90_arrival_min"": ""lower"", ""deadline_miss_rate"": ""lower"", ""duplicate_dispatches"": ""lower"", ""fake_dispatches"": ""lower"", ""latent_harm"": ""lower"", ""max_arrival_min"": ""lower"", ""mean_arrival_min"": ""lower"", ""merge_caused_misses"": ""lower"", ""split_trips"": ""lower"", ""total_fleet_workload_min"": ""lower"", ""unique_population_reached_by_deadline_rate"": ""higher"", ""unserved_genuine_incidents"": ""lower""}","{""numpy"": ""2.5.1"", ""pandas"": ""3.0.3"", ""scipy"": ""1.18.0""}"
policy,revised_priority,legacy_priority,"{""partition"": ""product_cij""}",total_fleet_workload_min,lower,194.1424311,425.4574655,290.724009,"[63.37741319500029, 321.6440514185417]",-194.1424311,0.007264065483,0.07990472032,213,40,26,14,0,0.4563145481,0.4804878049,positive means candidate is better,40,4.1.0,test:3000-3039,a7c7a3f7ea63e57f1d98bd42f21c02aa04a69eaa37c824584a2be65f00f2d7e1,"{""numpy"": ""2.0.2"", ""pandas"": ""2.2.2"", ""python-louvain"": ""0.16"", ""scikit-learn"": ""1.6.1"", ""scipy"": ""1.16.3""}","{""additive"": {""calibration_objective"": 0.024220283682757516, ""knn"": 8, ""q"": 0.95}, ""error_model"": ""conservative-v1"", ""product"": {""knn"": 8, ""resolution"": 1.2, ""sigma_geo_m"": 900.0, ""tau_temp_min"": 60.0, ""threshold_quantile"": 0.95, ""track"": ""operational_label_free""}}","{""arrival_equity_gap_min"": ""lower"", ""boat_workload_cv"": ""lower"", ""cvar90_arrival_min"": ""lower"", ""deadline_miss_rate"": ""lower"", ""duplicate_dispatches"": ""lower"", ""fake_dispatches"": ""lower"", ""latent_harm"": ""lower"", ""max_arrival_min"": ""lower"", ""mean_arrival_min"": ""lower"", ""merge_caused_misses"": ""lower"", ""split_trips"": ""lower"", ""total_fleet_workload_min"": ""lower"", ""unique_population_reached_by_deadline_rate"": ""higher"", ""unserved_genuine_incidents"": ""lower""}","{""numpy"": ""2.5.1"", ""pandas"": ""3.0.3"", ""scipy"": ""1.18.0""}"
policy,revised_priority,legacy_priority,"{""partition"": ""product_cij""}",boat_workload_cv,lower,-5.14662325e-05,0.008093181138,-0.0008129598468,"[-0.0024926724085016037, 0.002385088683616225]",5.14662325e-05,0.8890015714,1,399,40,19,21,0,-0.006359209268,-0.02682926829,positive means candidate is better,40,4.1.0,test:3000-3039,a7c7a3f7ea63e57f1d98bd42f21c02aa04a69eaa37c824584a2be65f00f2d7e1,"{""numpy"": ""2.0.2"", ""pandas"": ""2.2.2"", ""python-louvain"": ""0.16"", ""scikit-learn"": ""1.6.1"", ""scipy"": ""1.16.3""}","{""additive"": {""calibration_objective"": 0.024220283682757516, ""knn"": 8, ""q"": 0.95}, ""error_model"": ""conservative-v1"", ""product"": {""knn"": 8, ""resolution"": 1.2, ""sigma_geo_m"": 900.0, ""tau_temp_min"": 60.0, ""threshold_quantile"": 0.95, ""track"": ""operational_label_free""}}","{""arrival_equity_gap_min"": ""lower"", ""boat_workload_cv"": ""lower"", ""cvar90_arrival_min"": ""lower"", ""deadline_miss_rate"": ""lower"", ""duplicate_dispatches"": ""lower"", ""fake_dispatches"": ""lower"", ""latent_harm"": ""lower"", ""max_arrival_min"": ""lower"", ""mean_arrival_min"": ""lower"", ""merge_caused_misses"": ""lower"", ""split_trips"": ""lower"", ""total_fleet_workload_min"": ""lower"", ""unique_population_reached_by_deadline_rate"": ""higher"", ""unserved_genuine_incidents"": ""lower""}","{""numpy"": ""2.5.1"", ""pandas"": ""3.0.3"", ""scipy"": ""1.18.0""}"
policy,revised_priority,legacy_priority,"{""partition"": ""product_cij""}",arrival_equity_gap_min,lower,-55.98456639,59.32956487,-49.96560882,"[-74.20100186775628, -38.4072491756396]",55.98456639,4.299272405e-07,6.018981367e-06,68,40,5,35,0,-0.9436200403,-0.8341463415,positive means candidate is better,40,4.1.0,test:3000-3039,a7c7a3f7ea63e57f1d98bd42f21c02aa04a69eaa37c824584a2be65f00f2d7e1,"{""numpy"": ""2.0.2"", ""pandas"": ""2.2.2"", ""python-louvain"": ""0.16"", ""scikit-learn"": ""1.6.1"", ""scipy"": ""1.16.3""}","{""additive"": {""calibration_objective"": 0.024220283682757516, ""knn"": 8, ""q"": 0.95}, ""error_model"": ""conservative-v1"", ""product"": {""knn"": 8, ""resolution"": 1.2, ""sigma_geo_m"": 900.0, ""tau_temp_min"": 60.0, ""threshold_quantile"": 0.95, ""track"": ""operational_label_free""}}","{""arrival_equity_gap_min"": ""lower"", ""boat_workload_cv"": ""lower"", ""cvar90_arrival_min"": ""lower"", ""deadline_miss_rate"": ""lower"", ""duplicate_dispatches"": ""lower"", ""fake_dispatches"": ""lower"", ""latent_harm"": ""lower"", ""max_arrival_min"": ""lower"", ""mean_arrival_min"": ""lower"", ""merge_caused_misses"": ""lower"", ""split_trips"": ""lower"", ""total_fleet_workload_min"": ""lower"", ""unique_population_reached_by_deadline_rate"": ""higher"", ""unserved_genuine_incidents"": ""lower""}","{""numpy"": ""2.5.1"", ""pandas"": ""3.0.3"", ""scipy"": ""1.18.0""}"
policy,revised_priority,legacy_priority,"{""partition"": ""product_cij""}",split_trips,lower,0,0,0,"[0.0, 0.0]",0,1,1,0,40,0,0,40,0,0,positive means candidate is better,40,4.1.0,test:3000-3039,a7c7a3f7ea63e57f1d98bd42f21c02aa04a69eaa37c824584a2be65f00f2d7e1,"{""numpy"": ""2.0.2"", ""pandas"": ""2.2.2"", ""python-louvain"": ""0.16"", ""scikit-learn"": ""1.6.1"", ""scipy"": ""1.16.3""}","{""additive"": {""calibration_objective"": 0.024220283682757516, ""knn"": 8, ""q"": 0.95}, ""error_model"": ""conservative-v1"", ""product"": {""knn"": 8, ""resolution"": 1.2, ""sigma_geo_m"": 900.0, ""tau_temp_min"": 60.0, ""threshold_quantile"": 0.95, ""track"": ""operational_label_free""}}","{""arrival_equity_gap_min"": ""lower"", ""boat_workload_cv"": ""lower"", ""cvar90_arrival_min"": ""lower"", ""deadline_miss_rate"": ""lower"", ""duplicate_dispatches"": ""lower"", ""fake_dispatches"": ""lower"", ""latent_harm"": ""lower"", ""max_arrival_min"": ""lower"", ""mean_arrival_min"": ""lower"", ""merge_caused_misses"": ""lower"", ""split_trips"": ""lower"", ""total_fleet_workload_min"": ""lower"", ""unique_population_reached_by_deadline_rate"": ""higher"", ""unserved_genuine_incidents"": ""lower""}","{""numpy"": ""2.5.1"", ""pandas"": ""3.0.3"", ""scipy"": ""1.18.0""}"
policy,revised_priority,legacy_priority,"{""partition"": ""product_cij""}",merge_caused_misses,lower,0,0,0,"[0.0, 0.0]",0,1,1,0,40,0,0,40,0,0,positive means candidate is better,40,4.1.0,test:3000-3039,a7c7a3f7ea63e57f1d98bd42f21c02aa04a69eaa37c824584a2be65f00f2d7e1,"{""numpy"": ""2.0.2"", ""pandas"": ""2.2.2"", ""python-louvain"": ""0.16"", ""scikit-learn"": ""1.6.1"", ""scipy"": ""1.16.3""}","{""additive"": {""calibration_objective"": 0.024220283682757516, ""knn"": 8, ""q"": 0.95}, ""error_model"": ""conservative-v1"", ""product"": {""knn"": 8, ""resolution"": 1.2, ""sigma_geo_m"": 900.0, ""tau_temp_min"": 60.0, ""threshold_quantile"": 0.95, ""track"": ""operational_label_free""}}","{""arrival_equity_gap_min"": ""lower"", ""boat_workload_cv"": ""lower"", ""cvar90_arrival_min"": ""lower"", ""deadline_miss_rate"": ""lower"", ""duplicate_dispatches"": ""lower"", ""fake_dispatches"": ""lower"", ""latent_harm"": ""lower"", ""max_arrival_min"": ""lower"", ""mean_arrival_min"": ""lower"", ""merge_caused_misses"": ""lower"", ""split_trips"": ""lower"", ""total_fleet_workload_min"": ""lower"", ""unique_population_reached_by_deadline_rate"": ""higher"", ""unserved_genuine_incidents"": ""lower""}","{""numpy"": ""2.5.1"", ""pandas"": ""3.0.3"", ""scipy"": ""1.18.0""}"
policy,revised_priority,legacy_priority,"{""partition"": ""product_cij""}",fake_dispatches,lower,0,0,0,"[0.0, 0.0]",0,1,1,0,40,0,0,40,0,0,positive means candidate is better,40,4.1.0,test:3000-3039,a7c7a3f7ea63e57f1d98bd42f21c02aa04a69eaa37c824584a2be65f00f2d7e1,"{""numpy"": ""2.0.2"", ""pandas"": ""2.2.2"", ""python-louvain"": ""0.16"", ""scikit-learn"": ""1.6.1"", ""scipy"": ""1.16.3""}","{""additive"": {""calibration_objective"": 0.024220283682757516, ""knn"": 8, ""q"": 0.95}, ""error_model"": ""conservative-v1"", ""product"": {""knn"": 8, ""resolution"": 1.2, ""sigma_geo_m"": 900.0, ""tau_temp_min"": 60.0, ""threshold_quantile"": 0.95, ""track"": ""operational_label_free""}}","{""arrival_equity_gap_min"": ""lower"", ""boat_workload_cv"": ""lower"", ""cvar90_arrival_min"": ""lower"", ""deadline_miss_rate"": ""lower"", ""duplicate_dispatches"": ""lower"", ""fake_dispatches"": ""lower"", ""latent_harm"": ""lower"", ""max_arrival_min"": ""lower"", ""mean_arrival_min"": ""lower"", ""merge_caused_misses"": ""lower"", ""split_trips"": ""lower"", ""total_fleet_workload_min"": ""lower"", ""unique_population_reached_by_deadline_rate"": ""higher"", ""unserved_genuine_incidents"": ""lower""}","{""numpy"": ""2.5.1"", ""pandas"": ""3.0.3"", ""scipy"": ""1.18.0""}"
policy,revised_priority,legacy_priority,"{""partition"": ""product_cij""}",duplicate_dispatches,lower,0,0,0,"[0.0, 0.0]",0,1,1,0,40,0,0,40,0,0,positive means candidate is better,40,4.1.0,test:3000-3039,a7c7a3f7ea63e57f1d98bd42f21c02aa04a69eaa37c824584a2be65f00f2d7e1,"{""numpy"": ""2.0.2"", ""pandas"": ""2.2.2"", ""python-louvain"": ""0.16"", ""scikit-learn"": ""1.6.1"", ""scipy"": ""1.16.3""}","{""additive"": {""calibration_objective"": 0.024220283682757516, ""knn"": 8, ""q"": 0.95}, ""error_model"": ""conservative-v1"", ""product"": {""knn"": 8, ""resolution"": 1.2, ""sigma_geo_m"": 900.0, ""tau_temp_min"": 60.0, ""threshold_quantile"": 0.95, ""track"": ""operational_label_free""}}","{""arrival_equity_gap_min"": ""lower"", ""boat_workload_cv"": ""lower"", ""cvar90_arrival_min"": ""lower"", ""deadline_miss_rate"": ""lower"", ""duplicate_dispatches"": ""lower"", ""fake_dispatches"": ""lower"", ""latent_harm"": ""lower"", ""max_arrival_min"": ""lower"", ""mean_arrival_min"": ""lower"", ""merge_caused_misses"": ""lower"", ""split_trips"": ""lower"", ""total_fleet_workload_min"": ""lower"", ""unique_population_reached_by_deadline_rate"": ""higher"", ""unserved_genuine_incidents"": ""lower""}","{""numpy"": ""2.5.1"", ""pandas"": ""3.0.3"", ""scipy"": ""1.18.0""}"
policy,revised_priority,legacy_priority,"{""partition"": ""product_cij""}",unserved_genuine_incidents,lower,0,0,0,"[0.0, 0.0]",0,1,1,0,40,0,0,40,0,0,positive means candidate is better,40,4.1.0,test:3000-3039,a7c7a3f7ea63e57f1d98bd42f21c02aa04a69eaa37c824584a2be65f00f2d7e1,"{""numpy"": ""2.0.2"", ""pandas"": ""2.2.2"", ""python-louvain"": ""0.16"", ""scikit-learn"": ""1.6.1"", ""scipy"": ""1.16.3""}","{""additive"": {""calibration_objective"": 0.024220283682757516, ""knn"": 8, ""q"": 0.95}, ""error_model"": ""conservative-v1"", ""product"": {""knn"": 8, ""resolution"": 1.2, ""sigma_geo_m"": 900.0, ""tau_temp_min"": 60.0, ""threshold_quantile"": 0.95, ""track"": ""operational_label_free""}}","{""arrival_equity_gap_min"": ""lower"", ""boat_workload_cv"": ""lower"", ""cvar90_arrival_min"": ""lower"", ""deadline_miss_rate"": ""lower"", ""duplicate_dispatches"": ""lower"", ""fake_dispatches"": ""lower"", ""latent_harm"": ""lower"", ""max_arrival_min"": ""lower"", ""mean_arrival_min"": ""lower"", ""merge_caused_misses"": ""lower"", ""split_trips"": ""lower"", ""total_fleet_workload_min"": ""lower"", ""unique_population_reached_by_deadline_rate"": ""higher"", ""unserved_genuine_incidents"": ""lower""}","{""numpy"": ""2.5.1"", ""pandas"": ""3.0.3"", ""scipy"": ""1.18.0""}"
policy,revised_priority,nearest_first,"{""partition"": ""product_cij""}",latent_harm,lower,-69.88463928,81.58876164,-70.49721988,"[-95.7691353756396, -45.03264847447709]",69.88463928,5.84515692e-06,4.091609844e-05,96,40,9,31,0,-0.856547371,-0.7658536585,positive means candidate is better,40,4.1.0,test:3000-3039,a7c7a3f7ea63e57f1d98bd42f21c02aa04a69eaa37c824584a2be65f00f2d7e1,"{""numpy"": ""2.0.2"", ""pandas"": ""2.2.2"", ""python-louvain"": ""0.16"", ""scikit-learn"": ""1.6.1"", ""scipy"": ""1.16.3""}","{""additive"": {""calibration_objective"": 0.024220283682757516, ""knn"": 8, ""q"": 0.95}, ""error_model"": ""conservative-v1"", ""product"": {""knn"": 8, ""resolution"": 1.2, ""sigma_geo_m"": 900.0, ""tau_temp_min"": 60.0, ""threshold_quantile"": 0.95, ""track"": ""operational_label_free""}}","{""arrival_equity_gap_min"": ""lower"", ""boat_workload_cv"": ""lower"", ""cvar90_arrival_min"": ""lower"", ""deadline_miss_rate"": ""lower"", ""duplicate_dispatches"": ""lower"", ""fake_dispatches"": ""lower"", ""latent_harm"": ""lower"", ""max_arrival_min"": ""lower"", ""mean_arrival_min"": ""lower"", ""merge_caused_misses"": ""lower"", ""split_trips"": ""lower"", ""total_fleet_workload_min"": ""lower"", ""unique_population_reached_by_deadline_rate"": ""higher"", ""unserved_genuine_incidents"": ""lower""}","{""numpy"": ""2.5.1"", ""pandas"": ""3.0.3"", ""scipy"": ""1.18.0""}"
policy,revised_priority,nearest_first,"{""partition"": ""product_cij""}",deadline_miss_rate,lower,-0.1770833333,0.1061247586,-0.1875,"[-0.20833333333333331, -0.14479166666666665]",0.1770833333,1.305031572e-07,1.174528414e-06,12,40,2,37,1,-1.668633556,-0.9692307692,positive means candidate is better,40,4.1.0,test:3000-3039,a7c7a3f7ea63e57f1d98bd42f21c02aa04a69eaa37c824584a2be65f00f2d7e1,"{""numpy"": ""2.0.2"", ""pandas"": ""2.2.2"", ""python-louvain"": ""0.16"", ""scikit-learn"": ""1.6.1"", ""scipy"": ""1.16.3""}","{""additive"": {""calibration_objective"": 0.024220283682757516, ""knn"": 8, ""q"": 0.95}, ""error_model"": ""conservative-v1"", ""product"": {""knn"": 8, ""resolution"": 1.2, ""sigma_geo_m"": 900.0, ""tau_temp_min"": 60.0, ""threshold_quantile"": 0.95, ""track"": ""operational_label_free""}}","{""arrival_equity_gap_min"": ""lower"", ""boat_workload_cv"": ""lower"", ""cvar90_arrival_min"": ""lower"", ""deadline_miss_rate"": ""lower"", ""duplicate_dispatches"": ""lower"", ""fake_dispatches"": ""lower"", ""latent_harm"": ""lower"", ""max_arrival_min"": ""lower"", ""mean_arrival_min"": ""lower"", ""merge_caused_misses"": ""lower"", ""split_trips"": ""lower"", ""total_fleet_workload_min"": ""lower"", ""unique_population_reached_by_deadline_rate"": ""higher"", ""unserved_genuine_incidents"": ""lower""}","{""numpy"": ""2.5.1"", ""pandas"": ""3.0.3"", ""scipy"": ""1.18.0""}"
policy,revised_priority,nearest_first,"{""partition"": ""product_cij""}",mean_arrival_min,lower,-96.77614302,87.4677831,-96.37645937,"[-123.78421243477082, -70.84779843045833]",96.77614302,1.036696631e-07,1.036696631e-06,55,40,5,35,0,-1.10642044,-0.8658536585,positive means candidate is better,40,4.1.0,test:3000-3039,a7c7a3f7ea63e57f1d98bd42f21c02aa04a69eaa37c824584a2be65f00f2d7e1,"{""numpy"": ""2.0.2"", ""pandas"": ""2.2.2"", ""python-louvain"": ""0.16"", ""scikit-learn"": ""1.6.1"", ""scipy"": ""1.16.3""}","{""additive"": {""calibration_objective"": 0.024220283682757516, ""knn"": 8, ""q"": 0.95}, ""error_model"": ""conservative-v1"", ""product"": {""knn"": 8, ""resolution"": 1.2, ""sigma_geo_m"": 900.0, ""tau_temp_min"": 60.0, ""threshold_quantile"": 0.95, ""track"": ""operational_label_free""}}","{""arrival_equity_gap_min"": ""lower"", ""boat_workload_cv"": ""lower"", ""cvar90_arrival_min"": ""lower"", ""deadline_miss_rate"": ""lower"", ""duplicate_dispatches"": ""lower"", ""fake_dispatches"": ""lower"", ""latent_harm"": ""lower"", ""max_arrival_min"": ""lower"", ""mean_arrival_min"": ""lower"", ""merge_caused_misses"": ""lower"", ""split_trips"": ""lower"", ""total_fleet_workload_min"": ""lower"", ""unique_population_reached_by_deadline_rate"": ""higher"", ""unserved_genuine_incidents"": ""lower""}","{""numpy"": ""2.5.1"", ""pandas"": ""3.0.3"", ""scipy"": ""1.18.0""}"
policy,revised_priority,nearest_first,"{""partition"": ""product_cij""}",max_arrival_min,lower,-195.6034272,230.0115068,-201.6964592,"[-269.56752856966665, -128.60335800625003]",195.6034272,1.858632459e-06,1.486905967e-05,83,40,7,33,0,-0.8504071381,-0.7975609756,positive means candidate is better,40,4.1.0,test:3000-3039,a7c7a3f7ea63e57f1d98bd42f21c02aa04a69eaa37c824584a2be65f00f2d7e1,"{""numpy"": ""2.0.2"", ""pandas"": ""2.2.2"", ""python-louvain"": ""0.16"", ""scikit-learn"": ""1.6.1"", ""scipy"": ""1.16.3""}","{""additive"": {""calibration_objective"": 0.024220283682757516, ""knn"": 8, ""q"": 0.95}, ""error_model"": ""conservative-v1"", ""product"": {""knn"": 8, ""resolution"": 1.2, ""sigma_geo_m"": 900.0, ""tau_temp_min"": 60.0, ""threshold_quantile"": 0.95, ""track"": ""operational_label_free""}}","{""arrival_equity_gap_min"": ""lower"", ""boat_workload_cv"": ""lower"", ""cvar90_arrival_min"": ""lower"", ""deadline_miss_rate"": ""lower"", ""duplicate_dispatches"": ""lower"", ""fake_dispatches"": ""lower"", ""latent_harm"": ""lower"", ""max_arrival_min"": ""lower"", ""mean_arrival_min"": ""lower"", ""merge_caused_misses"": ""lower"", ""split_trips"": ""lower"", ""total_fleet_workload_min"": ""lower"", ""unique_population_reached_by_deadline_rate"": ""higher"", ""unserved_genuine_incidents"": ""lower""}","{""numpy"": ""2.5.1"", ""pandas"": ""3.0.3"", ""scipy"": ""1.18.0""}"
policy,revised_priority,nearest_first,"{""partition"": ""product_cij""}",cvar90_arrival_min,lower,-154.1613148,187.3724464,-182.4675758,"[-213.21010171122913, -99.08468191212503]",154.1613148,8.847995559e-06,5.308797336e-05,101,40,8,32,0,-0.8227533866,-0.7536585366,positive means candidate is better,40,4.1.0,test:3000-3039,a7c7a3f7ea63e57f1d98bd42f21c02aa04a69eaa37c824584a2be65f00f2d7e1,"{""numpy"": ""2.0.2"", ""pandas"": ""2.2.2"", ""python-louvain"": ""0.16"", ""scikit-learn"": ""1.6.1"", ""scipy"": ""1.16.3""}","{""additive"": {""calibration_objective"": 0.024220283682757516, ""knn"": 8, ""q"": 0.95}, ""error_model"": ""conservative-v1"", ""product"": {""knn"": 8, ""resolution"": 1.2, ""sigma_geo_m"": 900.0, ""tau_temp_min"": 60.0, ""threshold_quantile"": 0.95, ""track"": ""operational_label_free""}}","{""arrival_equity_gap_min"": ""lower"", ""boat_workload_cv"": ""lower"", ""cvar90_arrival_min"": ""lower"", ""deadline_miss_rate"": ""lower"", ""duplicate_dispatches"": ""lower"", ""fake_dispatches"": ""lower"", ""latent_harm"": ""lower"", ""max_arrival_min"": ""lower"", ""mean_arrival_min"": ""lower"", ""merge_caused_misses"": ""lower"", ""split_trips"": ""lower"", ""total_fleet_workload_min"": ""lower"", ""unique_population_reached_by_deadline_rate"": ""higher"", ""unserved_genuine_incidents"": ""lower""}","{""numpy"": ""2.5.1"", ""pandas"": ""3.0.3"", ""scipy"": ""1.18.0""}"
policy,revised_priority,nearest_first,"{""partition"": ""product_cij""}",unique_population_reached_by_deadline_rate,higher,-0.1516442428,0.1164889037,-0.1644171365,"[-0.18631363065355835, -0.1174190192797896]",-0.1516442428,6.775735528e-09,7.453309081e-08,34,40,4,36,0,-1.301791312,-0.9170731707,positive means candidate is better,40,4.1.0,test:3000-3039,a7c7a3f7ea63e57f1d98bd42f21c02aa04a69eaa37c824584a2be65f00f2d7e1,"{""numpy"": ""2.0.2"", ""pandas"": ""2.2.2"", ""python-louvain"": ""0.16"", ""scikit-learn"": ""1.6.1"", ""scipy"": ""1.16.3""}","{""additive"": {""calibration_objective"": 0.024220283682757516, ""knn"": 8, ""q"": 0.95}, ""error_model"": ""conservative-v1"", ""product"": {""knn"": 8, ""resolution"": 1.2, ""sigma_geo_m"": 900.0, ""tau_temp_min"": 60.0, ""threshold_quantile"": 0.95, ""track"": ""operational_label_free""}}","{""arrival_equity_gap_min"": ""lower"", ""boat_workload_cv"": ""lower"", ""cvar90_arrival_min"": ""lower"", ""deadline_miss_rate"": ""lower"", ""duplicate_dispatches"": ""lower"", ""fake_dispatches"": ""lower"", ""latent_harm"": ""lower"", ""max_arrival_min"": ""lower"", ""mean_arrival_min"": ""lower"", ""merge_caused_misses"": ""lower"", ""split_trips"": ""lower"", ""total_fleet_workload_min"": ""lower"", ""unique_population_reached_by_deadline_rate"": ""higher"", ""unserved_genuine_incidents"": ""lower""}","{""numpy"": ""2.5.1"", ""pandas"": ""3.0.3"", ""scipy"": ""1.18.0""}"
policy,revised_priority,nearest_first,"{""partition"": ""product_cij""}",total_fleet_workload_min,lower,-5864.839184,576.7989102,-5771.904048,"[-6044.936484966876, -5688.88119785125]",5864.839184,1.818989404e-12,2.546585165e-11,0,40,0,40,0,-10.16790961,-1,positive means candidate is better,40,4.1.0,test:3000-3039,a7c7a3f7ea63e57f1d98bd42f21c02aa04a69eaa37c824584a2be65f00f2d7e1,"{""numpy"": ""2.0.2"", ""pandas"": ""2.2.2"", ""python-louvain"": ""0.16"", ""scikit-learn"": ""1.6.1"", ""scipy"": ""1.16.3""}","{""additive"": {""calibration_objective"": 0.024220283682757516, ""knn"": 8, ""q"": 0.95}, ""error_model"": ""conservative-v1"", ""product"": {""knn"": 8, ""resolution"": 1.2, ""sigma_geo_m"": 900.0, ""tau_temp_min"": 60.0, ""threshold_quantile"": 0.95, ""track"": ""operational_label_free""}}","{""arrival_equity_gap_min"": ""lower"", ""boat_workload_cv"": ""lower"", ""cvar90_arrival_min"": ""lower"", ""deadline_miss_rate"": ""lower"", ""duplicate_dispatches"": ""lower"", ""fake_dispatches"": ""lower"", ""latent_harm"": ""lower"", ""max_arrival_min"": ""lower"", ""mean_arrival_min"": ""lower"", ""merge_caused_misses"": ""lower"", ""split_trips"": ""lower"", ""total_fleet_workload_min"": ""lower"", ""unique_population_reached_by_deadline_rate"": ""higher"", ""unserved_genuine_incidents"": ""lower""}","{""numpy"": ""2.5.1"", ""pandas"": ""3.0.3"", ""scipy"": ""1.18.0""}"
policy,revised_priority,nearest_first,"{""partition"": ""product_cij""}",boat_workload_cv,lower,0.04389618389,0.02137266589,0.04252520091,"[0.037294424066246376, 0.050158421337484944]",-0.04389618389,1.818989404e-12,2.546585165e-11,0,40,40,0,0,2.053846914,1,positive means candidate is better,40,4.1.0,test:3000-3039,a7c7a3f7ea63e57f1d98bd42f21c02aa04a69eaa37c824584a2be65f00f2d7e1,"{""numpy"": ""2.0.2"", ""pandas"": ""2.2.2"", ""python-louvain"": ""0.16"", ""scikit-learn"": ""1.6.1"", ""scipy"": ""1.16.3""}","{""additive"": {""calibration_objective"": 0.024220283682757516, ""knn"": 8, ""q"": 0.95}, ""error_model"": ""conservative-v1"", ""product"": {""knn"": 8, ""resolution"": 1.2, ""sigma_geo_m"": 900.0, ""tau_temp_min"": 60.0, ""threshold_quantile"": 0.95, ""track"": ""operational_label_free""}}","{""arrival_equity_gap_min"": ""lower"", ""boat_workload_cv"": ""lower"", ""cvar90_arrival_min"": ""lower"", ""deadline_miss_rate"": ""lower"", ""duplicate_dispatches"": ""lower"", ""fake_dispatches"": ""lower"", ""latent_harm"": ""lower"", ""max_arrival_min"": ""lower"", ""mean_arrival_min"": ""lower"", ""merge_caused_misses"": ""lower"", ""split_trips"": ""lower"", ""total_fleet_workload_min"": ""lower"", ""unique_population_reached_by_deadline_rate"": ""higher"", ""unserved_genuine_incidents"": ""lower""}","{""numpy"": ""2.5.1"", ""pandas"": ""3.0.3"", ""scipy"": ""1.18.0""}"
policy,revised_priority,nearest_first,"{""partition"": ""product_cij""}",arrival_equity_gap_min,lower,318.9430522,201.5764302,330.0709253,"[257.08498560294584, 380.60642377907504]",-318.9430522,2.546585165e-11,3.055902198e-10,6,40,37,3,0,1.582243776,0.9853658537,positive means candidate is better,40,4.1.0,test:3000-3039,a7c7a3f7ea63e57f1d98bd42f21c02aa04a69eaa37c824584a2be65f00f2d7e1,"{""numpy"": ""2.0.2"", ""pandas"": ""2.2.2"", ""python-louvain"": ""0.16"", ""scikit-learn"": ""1.6.1"", ""scipy"": ""1.16.3""}","{""additive"": {""calibration_objective"": 0.024220283682757516, ""knn"": 8, ""q"": 0.95}, ""error_model"": ""conservative-v1"", ""product"": {""knn"": 8, ""resolution"": 1.2, ""sigma_geo_m"": 900.0, ""tau_temp_min"": 60.0, ""threshold_quantile"": 0.95, ""track"": ""operational_label_free""}}","{""arrival_equity_gap_min"": ""lower"", ""boat_workload_cv"": ""lower"", ""cvar90_arrival_min"": ""lower"", ""deadline_miss_rate"": ""lower"", ""duplicate_dispatches"": ""lower"", ""fake_dispatches"": ""lower"", ""latent_harm"": ""lower"", ""max_arrival_min"": ""lower"", ""mean_arrival_min"": ""lower"", ""merge_caused_misses"": ""lower"", ""split_trips"": ""lower"", ""total_fleet_workload_min"": ""lower"", ""unique_population_reached_by_deadline_rate"": ""higher"", ""unserved_genuine_incidents"": ""lower""}","{""numpy"": ""2.5.1"", ""pandas"": ""3.0.3"", ""scipy"": ""1.18.0""}"
policy,revised_priority,nearest_first,"{""partition"": ""product_cij""}",split_trips,lower,0,0,0,"[0.0, 0.0]",0,1,1,0,40,0,0,40,0,0,positive means candidate is better,40,4.1.0,test:3000-3039,a7c7a3f7ea63e57f1d98bd42f21c02aa04a69eaa37c824584a2be65f00f2d7e1,"{""numpy"": ""2.0.2"", ""pandas"": ""2.2.2"", ""python-louvain"": ""0.16"", ""scikit-learn"": ""1.6.1"", ""scipy"": ""1.16.3""}","{""additive"": {""calibration_objective"": 0.024220283682757516, ""knn"": 8, ""q"": 0.95}, ""error_model"": ""conservative-v1"", ""product"": {""knn"": 8, ""resolution"": 1.2, ""sigma_geo_m"": 900.0, ""tau_temp_min"": 60.0, ""threshold_quantile"": 0.95, ""track"": ""operational_label_free""}}","{""arrival_equity_gap_min"": ""lower"", ""boat_workload_cv"": ""lower"", ""cvar90_arrival_min"": ""lower"", ""deadline_miss_rate"": ""lower"", ""duplicate_dispatches"": ""lower"", ""fake_dispatches"": ""lower"", ""latent_harm"": ""lower"", ""max_arrival_min"": ""lower"", ""mean_arrival_min"": ""lower"", ""merge_caused_misses"": ""lower"", ""split_trips"": ""lower"", ""total_fleet_workload_min"": ""lower"", ""unique_population_reached_by_deadline_rate"": ""higher"", ""unserved_genuine_incidents"": ""lower""}","{""numpy"": ""2.5.1"", ""pandas"": ""3.0.3"", ""scipy"": ""1.18.0""}"
policy,revised_priority,nearest_first,"{""partition"": ""product_cij""}",merge_caused_misses,lower,0,0,0,"[0.0, 0.0]",0,1,1,0,40,0,0,40,0,0,positive means candidate is better,40,4.1.0,test:3000-3039,a7c7a3f7ea63e57f1d98bd42f21c02aa04a69eaa37c824584a2be65f00f2d7e1,"{""numpy"": ""2.0.2"", ""pandas"": ""2.2.2"", ""python-louvain"": ""0.16"", ""scikit-learn"": ""1.6.1"", ""scipy"": ""1.16.3""}","{""additive"": {""calibration_objective"": 0.024220283682757516, ""knn"": 8, ""q"": 0.95}, ""error_model"": ""conservative-v1"", ""product"": {""knn"": 8, ""resolution"": 1.2, ""sigma_geo_m"": 900.0, ""tau_temp_min"": 60.0, ""threshold_quantile"": 0.95, ""track"": ""operational_label_free""}}","{""arrival_equity_gap_min"": ""lower"", ""boat_workload_cv"": ""lower"", ""cvar90_arrival_min"": ""lower"", ""deadline_miss_rate"": ""lower"", ""duplicate_dispatches"": ""lower"", ""fake_dispatches"": ""lower"", ""latent_harm"": ""lower"", ""max_arrival_min"": ""lower"", ""mean_arrival_min"": ""lower"", ""merge_caused_misses"": ""lower"", ""split_trips"": ""lower"", ""total_fleet_workload_min"": ""lower"", ""unique_population_reached_by_deadline_rate"": ""higher"", ""unserved_genuine_incidents"": ""lower""}","{""numpy"": ""2.5.1"", ""pandas"": ""3.0.3"", ""scipy"": ""1.18.0""}"
policy,revised_priority,nearest_first,"{""partition"": ""product_cij""}",fake_dispatches,lower,0,0,0,"[0.0, 0.0]",0,1,1,0,40,0,0,40,0,0,positive means candidate is better,40,4.1.0,test:3000-3039,a7c7a3f7ea63e57f1d98bd42f21c02aa04a69eaa37c824584a2be65f00f2d7e1,"{""numpy"": ""2.0.2"", ""pandas"": ""2.2.2"", ""python-louvain"": ""0.16"", ""scikit-learn"": ""1.6.1"", ""scipy"": ""1.16.3""}","{""additive"": {""calibration_objective"": 0.024220283682757516, ""knn"": 8, ""q"": 0.95}, ""error_model"": ""conservative-v1"", ""product"": {""knn"": 8, ""resolution"": 1.2, ""sigma_geo_m"": 900.0, ""tau_temp_min"": 60.0, ""threshold_quantile"": 0.95, ""track"": ""operational_label_free""}}","{""arrival_equity_gap_min"": ""lower"", ""boat_workload_cv"": ""lower"", ""cvar90_arrival_min"": ""lower"", ""deadline_miss_rate"": ""lower"", ""duplicate_dispatches"": ""lower"", ""fake_dispatches"": ""lower"", ""latent_harm"": ""lower"", ""max_arrival_min"": ""lower"", ""mean_arrival_min"": ""lower"", ""merge_caused_misses"": ""lower"", ""split_trips"": ""lower"", ""total_fleet_workload_min"": ""lower"", ""unique_population_reached_by_deadline_rate"": ""higher"", ""unserved_genuine_incidents"": ""lower""}","{""numpy"": ""2.5.1"", ""pandas"": ""3.0.3"", ""scipy"": ""1.18.0""}"
policy,revised_priority,nearest_first,"{""partition"": ""product_cij""}",duplicate_dispatches,lower,0,0,0,"[0.0, 0.0]",0,1,1,0,40,0,0,40,0,0,positive means candidate is better,40,4.1.0,test:3000-3039,a7c7a3f7ea63e57f1d98bd42f21c02aa04a69eaa37c824584a2be65f00f2d7e1,"{""numpy"": ""2.0.2"", ""pandas"": ""2.2.2"", ""python-louvain"": ""0.16"", ""scikit-learn"": ""1.6.1"", ""scipy"": ""1.16.3""}","{""additive"": {""calibration_objective"": 0.024220283682757516, ""knn"": 8, ""q"": 0.95}, ""error_model"": ""conservative-v1"", ""product"": {""knn"": 8, ""resolution"": 1.2, ""sigma_geo_m"": 900.0, ""tau_temp_min"": 60.0, ""threshold_quantile"": 0.95, ""track"": ""operational_label_free""}}","{""arrival_equity_gap_min"": ""lower"", ""boat_workload_cv"": ""lower"", ""cvar90_arrival_min"": ""lower"", ""deadline_miss_rate"": ""lower"", ""duplicate_dispatches"": ""lower"", ""fake_dispatches"": ""lower"", ""latent_harm"": ""lower"", ""max_arrival_min"": ""lower"", ""mean_arrival_min"": ""lower"", ""merge_caused_misses"": ""lower"", ""split_trips"": ""lower"", ""total_fleet_workload_min"": ""lower"", ""unique_population_reached_by_deadline_rate"": ""higher"", ""unserved_genuine_incidents"": ""lower""}","{""numpy"": ""2.5.1"", ""pandas"": ""3.0.3"", ""scipy"": ""1.18.0""}"
policy,revised_priority,nearest_first,"{""partition"": ""product_cij""}",unserved_genuine_incidents,lower,0,0,0,"[0.0, 0.0]",0,1,1,0,40,0,0,40,0,0,positive means candidate is better,40,4.1.0,test:3000-3039,a7c7a3f7ea63e57f1d98bd42f21c02aa04a69eaa37c824584a2be65f00f2d7e1,"{""numpy"": ""2.0.2"", ""pandas"": ""2.2.2"", ""python-louvain"": ""0.16"", ""scikit-learn"": ""1.6.1"", ""scipy"": ""1.16.3""}","{""additive"": {""calibration_objective"": 0.024220283682757516, ""knn"": 8, ""q"": 0.95}, ""error_model"": ""conservative-v1"", ""product"": {""knn"": 8, ""resolution"": 1.2, ""sigma_geo_m"": 900.0, ""tau_temp_min"": 60.0, ""threshold_quantile"": 0.95, ""track"": ""operational_label_free""}}","{""arrival_equity_gap_min"": ""lower"", ""boat_workload_cv"": ""lower"", ""cvar90_arrival_min"": ""lower"", ""deadline_miss_rate"": ""lower"", ""duplicate_dispatches"": ""lower"", ""fake_dispatches"": ""lower"", ""latent_harm"": ""lower"", ""max_arrival_min"": ""lower"", ""mean_arrival_min"": ""lower"", ""merge_caused_misses"": ""lower"", ""split_trips"": ""lower"", ""total_fleet_workload_min"": ""lower"", ""unique_population_reached_by_deadline_rate"": ""higher"", ""unserved_genuine_incidents"": ""lower""}","{""numpy"": ""2.5.1"", ""pandas"": ""3.0.3"", ""scipy"": ""1.18.0""}"
policy,revised_priority,first_report_fifo,"{""partition"": ""product_cij""}",latent_harm,lower,724.1255801,175.2741034,711.0214669,"[671.2581219922375, 778.5591001896707]",-724.1255801,1.818989404e-12,2.546585165e-11,0,40,40,0,0,4.131389441,1,positive means candidate is better,40,4.1.0,test:3000-3039,a7c7a3f7ea63e57f1d98bd42f21c02aa04a69eaa37c824584a2be65f00f2d7e1,"{""numpy"": ""2.0.2"", ""pandas"": ""2.2.2"", ""python-louvain"": ""0.16"", ""scikit-learn"": ""1.6.1"", ""scipy"": ""1.16.3""}","{""additive"": {""calibration_objective"": 0.024220283682757516, ""knn"": 8, ""q"": 0.95}, ""error_model"": ""conservative-v1"", ""product"": {""knn"": 8, ""resolution"": 1.2, ""sigma_geo_m"": 900.0, ""tau_temp_min"": 60.0, ""threshold_quantile"": 0.95, ""track"": ""operational_label_free""}}","{""arrival_equity_gap_min"": ""lower"", ""boat_workload_cv"": ""lower"", ""cvar90_arrival_min"": ""lower"", ""deadline_miss_rate"": ""lower"", ""duplicate_dispatches"": ""lower"", ""fake_dispatches"": ""lower"", ""latent_harm"": ""lower"", ""max_arrival_min"": ""lower"", ""mean_arrival_min"": ""lower"", ""merge_caused_misses"": ""lower"", ""split_trips"": ""lower"", ""total_fleet_workload_min"": ""lower"", ""unique_population_reached_by_deadline_rate"": ""higher"", ""unserved_genuine_incidents"": ""lower""}","{""numpy"": ""2.5.1"", ""pandas"": ""3.0.3"", ""scipy"": ""1.18.0""}"
policy,revised_priority,first_report_fifo,"{""partition"": ""product_cij""}",deadline_miss_rate,lower,0.09427083333,0.05189335008,0.08333333333,"[0.07812500000000003, 0.10989583333333335]",-0.09427083333,5.015829195e-08,4.012663356e-07,0,40,39,0,1,1.816626469,1,positive means candidate is better,40,4.1.0,test:3000-3039,a7c7a3f7ea63e57f1d98bd42f21c02aa04a69eaa37c824584a2be65f00f2d7e1,"{""numpy"": ""2.0.2"", ""pandas"": ""2.2.2"", ""python-louvain"": ""0.16"", ""scikit-learn"": ""1.6.1"", ""scipy"": ""1.16.3""}","{""additive"": {""calibration_objective"": 0.024220283682757516, ""knn"": 8, ""q"": 0.95}, ""error_model"": ""conservative-v1"", ""product"": {""knn"": 8, ""resolution"": 1.2, ""sigma_geo_m"": 900.0, ""tau_temp_min"": 60.0, ""threshold_quantile"": 0.95, ""track"": ""operational_label_free""}}","{""arrival_equity_gap_min"": ""lower"", ""boat_workload_cv"": ""lower"", ""cvar90_arrival_min"": ""lower"", ""deadline_miss_rate"": ""lower"", ""duplicate_dispatches"": ""lower"", ""fake_dispatches"": ""lower"", ""latent_harm"": ""lower"", ""max_arrival_min"": ""lower"", ""mean_arrival_min"": ""lower"", ""merge_caused_misses"": ""lower"", ""split_trips"": ""lower"", ""total_fleet_workload_min"": ""lower"", ""unique_population_reached_by_deadline_rate"": ""higher"", ""unserved_genuine_incidents"": ""lower""}","{""numpy"": ""2.5.1"", ""pandas"": ""3.0.3"", ""scipy"": ""1.18.0""}"
policy,revised_priority,first_report_fifo,"{""partition"": ""product_cij""}",mean_arrival_min,lower,743.1761404,124.6596122,745.5911096,"[705.4472701950833, 782.5917193516875]",-743.1761404,1.818989404e-12,2.546585165e-11,0,40,40,0,0,5.961643289,1,positive means candidate is better,40,4.1.0,test:3000-3039,a7c7a3f7ea63e57f1d98bd42f21c02aa04a69eaa37c824584a2be65f00f2d7e1,"{""numpy"": ""2.0.2"", ""pandas"": ""2.2.2"", ""python-louvain"": ""0.16"", ""scikit-learn"": ""1.6.1"", ""scipy"": ""1.16.3""}","{""additive"": {""calibration_objective"": 0.024220283682757516, ""knn"": 8, ""q"": 0.95}, ""error_model"": ""conservative-v1"", ""product"": {""knn"": 8, ""resolution"": 1.2, ""sigma_geo_m"": 900.0, ""tau_temp_min"": 60.0, ""threshold_quantile"": 0.95, ""track"": ""operational_label_free""}}","{""arrival_equity_gap_min"": ""lower"", ""boat_workload_cv"": ""lower"", ""cvar90_arrival_min"": ""lower"", ""deadline_miss_rate"": ""lower"", ""duplicate_dispatches"": ""lower"", ""fake_dispatches"": ""lower"", ""latent_harm"": ""lower"", ""max_arrival_min"": ""lower"", ""mean_arrival_min"": ""lower"", ""merge_caused_misses"": ""lower"", ""split_trips"": ""lower"", ""total_fleet_workload_min"": ""lower"", ""unique_population_reached_by_deadline_rate"": ""higher"", ""unserved_genuine_incidents"": ""lower""}","{""numpy"": ""2.5.1"", ""pandas"": ""3.0.3"", ""scipy"": ""1.18.0""}"
policy,revised_priority,first_report_fifo,"{""partition"": ""product_cij""}",max_arrival_min,lower,1429.376585,349.6535972,1418.219675,"[1321.6316606283958, 1536.0603277356668]",-1429.376585,1.818989404e-12,2.546585165e-11,0,40,40,0,0,4.087979065,1,positive means candidate is better,40,4.1.0,test:3000-3039,a7c7a3f7ea63e57f1d98bd42f21c02aa04a69eaa37c824584a2be65f00f2d7e1,"{""numpy"": ""2.0.2"", ""pandas"": ""2.2.2"", ""python-louvain"": ""0.16"", ""scikit-learn"": ""1.6.1"", ""scipy"": ""1.16.3""}","{""additive"": {""calibration_objective"": 0.024220283682757516, ""knn"": 8, ""q"": 0.95}, ""error_model"": ""conservative-v1"", ""product"": {""knn"": 8, ""resolution"": 1.2, ""sigma_geo_m"": 900.0, ""tau_temp_min"": 60.0, ""threshold_quantile"": 0.95, ""track"": ""operational_label_free""}}","{""arrival_equity_gap_min"": ""lower"", ""boat_workload_cv"": ""lower"", ""cvar90_arrival_min"": ""lower"", ""deadline_miss_rate"": ""lower"", ""duplicate_dispatches"": ""lower"", ""fake_dispatches"": ""lower"", ""latent_harm"": ""lower"", ""max_arrival_min"": ""lower"", ""mean_arrival_min"": ""lower"", ""merge_caused_misses"": ""lower"", ""split_trips"": ""lower"", ""total_fleet_workload_min"": ""lower"", ""unique_population_reached_by_deadline_rate"": ""higher"", ""unserved_genuine_incidents"": ""lower""}","{""numpy"": ""2.5.1"", ""pandas"": ""3.0.3"", ""scipy"": ""1.18.0""}"
policy,revised_priority,first_report_fifo,"{""partition"": ""product_cij""}",cvar90_arrival_min,lower,1414.408482,291.9384928,1427.650294,"[1325.9427660220415, 1501.4961562129374]",-1414.408482,1.818989404e-12,2.546585165e-11,0,40,40,0,0,4.844885195,1,positive means candidate is better,40,4.1.0,test:3000-3039,a7c7a3f7ea63e57f1d98bd42f21c02aa04a69eaa37c824584a2be65f00f2d7e1,"{""numpy"": ""2.0.2"", ""pandas"": ""2.2.2"", ""python-louvain"": ""0.16"", ""scikit-learn"": ""1.6.1"", ""scipy"": ""1.16.3""}","{""additive"": {""calibration_objective"": 0.024220283682757516, ""knn"": 8, ""q"": 0.95}, ""error_model"": ""conservative-v1"", ""product"": {""knn"": 8, ""resolution"": 1.2, ""sigma_geo_m"": 900.0, ""tau_temp_min"": 60.0, ""threshold_quantile"": 0.95, ""track"": ""operational_label_free""}}","{""arrival_equity_gap_min"": ""lower"", ""boat_workload_cv"": ""lower"", ""cvar90_arrival_min"": ""lower"", ""deadline_miss_rate"": ""lower"", ""duplicate_dispatches"": ""lower"", ""fake_dispatches"": ""lower"", ""latent_harm"": ""lower"", ""max_arrival_min"": ""lower"", ""mean_arrival_min"": ""lower"", ""merge_caused_misses"": ""lower"", ""split_trips"": ""lower"", ""total_fleet_workload_min"": ""lower"", ""unique_population_reached_by_deadline_rate"": ""higher"", ""unserved_genuine_incidents"": ""lower""}","{""numpy"": ""2.5.1"", ""pandas"": ""3.0.3"", ""scipy"": ""1.18.0""}"
policy,revised_priority,first_report_fifo,"{""partition"": ""product_cij""}",unique_population_reached_by_deadline_rate,higher,0.1133876391,0.05522222742,0.1091332089,"[0.09682804393784167, 0.13016489688955]",0.1133876391,3.637978807e-12,3.274180926e-11,1,40,39,1,0,2.053297095,0.9975609756,positive means candidate is better,40,4.1.0,test:3000-3039,a7c7a3f7ea63e57f1d98bd42f21c02aa04a69eaa37c824584a2be65f00f2d7e1,"{""numpy"": ""2.0.2"", ""pandas"": ""2.2.2"", ""python-louvain"": ""0.16"", ""scikit-learn"": ""1.6.1"", ""scipy"": ""1.16.3""}","{""additive"": {""calibration_objective"": 0.024220283682757516, ""knn"": 8, ""q"": 0.95}, ""error_model"": ""conservative-v1"", ""product"": {""knn"": 8, ""resolution"": 1.2, ""sigma_geo_m"": 900.0, ""tau_temp_min"": 60.0, ""threshold_quantile"": 0.95, ""track"": ""operational_label_free""}}","{""arrival_equity_gap_min"": ""lower"", ""boat_workload_cv"": ""lower"", ""cvar90_arrival_min"": ""lower"", ""deadline_miss_rate"": ""lower"", ""duplicate_dispatches"": ""lower"", ""fake_dispatches"": ""lower"", ""latent_harm"": ""lower"", ""max_arrival_min"": ""lower"", ""mean_arrival_min"": ""lower"", ""merge_caused_misses"": ""lower"", ""split_trips"": ""lower"", ""total_fleet_workload_min"": ""lower"", ""unique_population_reached_by_deadline_rate"": ""higher"", ""unserved_genuine_incidents"": ""lower""}","{""numpy"": ""2.5.1"", ""pandas"": ""3.0.3"", ""scipy"": ""1.18.0""}"
policy,revised_priority,first_report_fifo,"{""partition"": ""product_cij""}",total_fleet_workload_min,lower,-23.34470472,440.9349619,-82.48085783,"[-155.6321663016666, 112.68303439062502]",23.34470472,0.5717037788,1,367,40,18,22,0,-0.05294364643,-0.1048780488,positive means candidate is better,40,4.1.0,test:3000-3039,a7c7a3f7ea63e57f1d98bd42f21c02aa04a69eaa37c824584a2be65f00f2d7e1,"{""numpy"": ""2.0.2"", ""pandas"": ""2.2.2"", ""python-louvain"": ""0.16"", ""scikit-learn"": ""1.6.1"", ""scipy"": ""1.16.3""}","{""additive"": {""calibration_objective"": 0.024220283682757516, ""knn"": 8, ""q"": 0.95}, ""error_model"": ""conservative-v1"", ""product"": {""knn"": 8, ""resolution"": 1.2, ""sigma_geo_m"": 900.0, ""tau_temp_min"": 60.0, ""threshold_quantile"": 0.95, ""track"": ""operational_label_free""}}","{""arrival_equity_gap_min"": ""lower"", ""boat_workload_cv"": ""lower"", ""cvar90_arrival_min"": ""lower"", ""deadline_miss_rate"": ""lower"", ""duplicate_dispatches"": ""lower"", ""fake_dispatches"": ""lower"", ""latent_harm"": ""lower"", ""max_arrival_min"": ""lower"", ""mean_arrival_min"": ""lower"", ""merge_caused_misses"": ""lower"", ""split_trips"": ""lower"", ""total_fleet_workload_min"": ""lower"", ""unique_population_reached_by_deadline_rate"": ""higher"", ""unserved_genuine_incidents"": ""lower""}","{""numpy"": ""2.5.1"", ""pandas"": ""3.0.3"", ""scipy"": ""1.18.0""}"
policy,revised_priority,first_report_fifo,"{""partition"": ""product_cij""}",boat_workload_cv,lower,-0.00139004726,0.007411062043,-0.0003741459202,"[-0.003623414050254145, 0.0008989394747484567]",0.00139004726,0.1786964157,1,309,40,16,24,0,-0.1875638406,-0.2463414634,positive means candidate is better,40,4.1.0,test:3000-3039,a7c7a3f7ea63e57f1d98bd42f21c02aa04a69eaa37c824584a2be65f00f2d7e1,"{""numpy"": ""2.0.2"", ""pandas"": ""2.2.2"", ""python-louvain"": ""0.16"", ""scikit-learn"": ""1.6.1"", ""scipy"": ""1.16.3""}","{""additive"": {""calibration_objective"": 0.024220283682757516, ""knn"": 8, ""q"": 0.95}, ""error_model"": ""conservative-v1"", ""product"": {""knn"": 8, ""resolution"": 1.2, ""sigma_geo_m"": 900.0, ""tau_temp_min"": 60.0, ""threshold_quantile"": 0.95, ""track"": ""operational_label_free""}}","{""arrival_equity_gap_min"": ""lower"", ""boat_workload_cv"": ""lower"", ""cvar90_arrival_min"": ""lower"", ""deadline_miss_rate"": ""lower"", ""duplicate_dispatches"": ""lower"", ""fake_dispatches"": ""lower"", ""latent_harm"": ""lower"", ""max_arrival_min"": ""lower"", ""mean_arrival_min"": ""lower"", ""merge_caused_misses"": ""lower"", ""split_trips"": ""lower"", ""total_fleet_workload_min"": ""lower"", ""unique_population_reached_by_deadline_rate"": ""higher"", ""unserved_genuine_incidents"": ""lower""}","{""numpy"": ""2.5.1"", ""pandas"": ""3.0.3"", ""scipy"": ""1.18.0""}"
policy,revised_priority,first_report_fifo,"{""partition"": ""product_cij""}",arrival_equity_gap_min,lower,733.8958081,280.3792233,739.2928953,"[648.9166569214458, 818.2281237900874]",-733.8958081,1.818989404e-12,2.546585165e-11,0,40,40,0,0,2.617511381,1,positive means candidate is better,40,4.1.0,test:3000-3039,a7c7a3f7ea63e57f1d98bd42f21c02aa04a69eaa37c824584a2be65f00f2d7e1,"{""numpy"": ""2.0.2"", ""pandas"": ""2.2.2"", ""python-louvain"": ""0.16"", ""scikit-learn"": ""1.6.1"", ""scipy"": ""1.16.3""}","{""additive"": {""calibration_objective"": 0.024220283682757516, ""knn"": 8, ""q"": 0.95}, ""error_model"": ""conservative-v1"", ""product"": {""knn"": 8, ""resolution"": 1.2, ""sigma_geo_m"": 900.0, ""tau_temp_min"": 60.0, ""threshold_quantile"": 0.95, ""track"": ""operational_label_free""}}","{""arrival_equity_gap_min"": ""lower"", ""boat_workload_cv"": ""lower"", ""cvar90_arrival_min"": ""lower"", ""deadline_miss_rate"": ""lower"", ""duplicate_dispatches"": ""lower"", ""fake_dispatches"": ""lower"", ""latent_harm"": ""lower"", ""max_arrival_min"": ""lower"", ""mean_arrival_min"": ""lower"", ""merge_caused_misses"": ""lower"", ""split_trips"": ""lower"", ""total_fleet_workload_min"": ""lower"", ""unique_population_reached_by_deadline_rate"": ""higher"", ""unserved_genuine_incidents"": ""lower""}","{""numpy"": ""2.5.1"", ""pandas"": ""3.0.3"", ""scipy"": ""1.18.0""}"
policy,revised_priority,first_report_fifo,"{""partition"": ""product_cij""}",split_trips,lower,0,0,0,"[0.0, 0.0]",0,1,1,0,40,0,0,40,0,0,positive means candidate is better,40,4.1.0,test:3000-3039,a7c7a3f7ea63e57f1d98bd42f21c02aa04a69eaa37c824584a2be65f00f2d7e1,"{""numpy"": ""2.0.2"", ""pandas"": ""2.2.2"", ""python-louvain"": ""0.16"", ""scikit-learn"": ""1.6.1"", ""scipy"": ""1.16.3""}","{""additive"": {""calibration_objective"": 0.024220283682757516, ""knn"": 8, ""q"": 0.95}, ""error_model"": ""conservative-v1"", ""product"": {""knn"": 8, ""resolution"": 1.2, ""sigma_geo_m"": 900.0, ""tau_temp_min"": 60.0, ""threshold_quantile"": 0.95, ""track"": ""operational_label_free""}}","{""arrival_equity_gap_min"": ""lower"", ""boat_workload_cv"": ""lower"", ""cvar90_arrival_min"": ""lower"", ""deadline_miss_rate"": ""lower"", ""duplicate_dispatches"": ""lower"", ""fake_dispatches"": ""lower"", ""latent_harm"": ""lower"", ""max_arrival_min"": ""lower"", ""mean_arrival_min"": ""lower"", ""merge_caused_misses"": ""lower"", ""split_trips"": ""lower"", ""total_fleet_workload_min"": ""lower"", ""unique_population_reached_by_deadline_rate"": ""higher"", ""unserved_genuine_incidents"": ""lower""}","{""numpy"": ""2.5.1"", ""pandas"": ""3.0.3"", ""scipy"": ""1.18.0""}"
policy,revised_priority,first_report_fifo,"{""partition"": ""product_cij""}",merge_caused_misses,lower,0,0,0,"[0.0, 0.0]",0,1,1,0,40,0,0,40,0,0,positive means candidate is better,40,4.1.0,test:3000-3039,a7c7a3f7ea63e57f1d98bd42f21c02aa04a69eaa37c824584a2be65f00f2d7e1,"{""numpy"": ""2.0.2"", ""pandas"": ""2.2.2"", ""python-louvain"": ""0.16"", ""scikit-learn"": ""1.6.1"", ""scipy"": ""1.16.3""}","{""additive"": {""calibration_objective"": 0.024220283682757516, ""knn"": 8, ""q"": 0.95}, ""error_model"": ""conservative-v1"", ""product"": {""knn"": 8, ""resolution"": 1.2, ""sigma_geo_m"": 900.0, ""tau_temp_min"": 60.0, ""threshold_quantile"": 0.95, ""track"": ""operational_label_free""}}","{""arrival_equity_gap_min"": ""lower"", ""boat_workload_cv"": ""lower"", ""cvar90_arrival_min"": ""lower"", ""deadline_miss_rate"": ""lower"", ""duplicate_dispatches"": ""lower"", ""fake_dispatches"": ""lower"", ""latent_harm"": ""lower"", ""max_arrival_min"": ""lower"", ""mean_arrival_min"": ""lower"", ""merge_caused_misses"": ""lower"", ""split_trips"": ""lower"", ""total_fleet_workload_min"": ""lower"", ""unique_population_reached_by_deadline_rate"": ""higher"", ""unserved_genuine_incidents"": ""lower""}","{""numpy"": ""2.5.1"", ""pandas"": ""3.0.3"", ""scipy"": ""1.18.0""}"
policy,revised_priority,first_report_fifo,"{""partition"": ""product_cij""}",fake_dispatches,lower,0,0,0,"[0.0, 0.0]",0,1,1,0,40,0,0,40,0,0,positive means candidate is better,40,4.1.0,test:3000-3039,a7c7a3f7ea63e57f1d98bd42f21c02aa04a69eaa37c824584a2be65f00f2d7e1,"{""numpy"": ""2.0.2"", ""pandas"": ""2.2.2"", ""python-louvain"": ""0.16"", ""scikit-learn"": ""1.6.1"", ""scipy"": ""1.16.3""}","{""additive"": {""calibration_objective"": 0.024220283682757516, ""knn"": 8, ""q"": 0.95}, ""error_model"": ""conservative-v1"", ""product"": {""knn"": 8, ""resolution"": 1.2, ""sigma_geo_m"": 900.0, ""tau_temp_min"": 60.0, ""threshold_quantile"": 0.95, ""track"": ""operational_label_free""}}","{""arrival_equity_gap_min"": ""lower"", ""boat_workload_cv"": ""lower"", ""cvar90_arrival_min"": ""lower"", ""deadline_miss_rate"": ""lower"", ""duplicate_dispatches"": ""lower"", ""fake_dispatches"": ""lower"", ""latent_harm"": ""lower"", ""max_arrival_min"": ""lower"", ""mean_arrival_min"": ""lower"", ""merge_caused_misses"": ""lower"", ""split_trips"": ""lower"", ""total_fleet_workload_min"": ""lower"", ""unique_population_reached_by_deadline_rate"": ""higher"", ""unserved_genuine_incidents"": ""lower""}","{""numpy"": ""2.5.1"", ""pandas"": ""3.0.3"", ""scipy"": ""1.18.0""}"
policy,revised_priority,first_report_fifo,"{""partition"": ""product_cij""}",duplicate_dispatches,lower,0,0,0,"[0.0, 0.0]",0,1,1,0,40,0,0,40,0,0,positive means candidate is better,40,4.1.0,test:3000-3039,a7c7a3f7ea63e57f1d98bd42f21c02aa04a69eaa37c824584a2be65f00f2d7e1,"{""numpy"": ""2.0.2"", ""pandas"": ""2.2.2"", ""python-louvain"": ""0.16"", ""scikit-learn"": ""1.6.1"", ""scipy"": ""1.16.3""}","{""additive"": {""calibration_objective"": 0.024220283682757516, ""knn"": 8, ""q"": 0.95}, ""error_model"": ""conservative-v1"", ""product"": {""knn"": 8, ""resolution"": 1.2, ""sigma_geo_m"": 900.0, ""tau_temp_min"": 60.0, ""threshold_quantile"": 0.95, ""track"": ""operational_label_free""}}","{""arrival_equity_gap_min"": ""lower"", ""boat_workload_cv"": ""lower"", ""cvar90_arrival_min"": ""lower"", ""deadline_miss_rate"": ""lower"", ""duplicate_dispatches"": ""lower"", ""fake_dispatches"": ""lower"", ""latent_harm"": ""lower"", ""max_arrival_min"": ""lower"", ""mean_arrival_min"": ""lower"", ""merge_caused_misses"": ""lower"", ""split_trips"": ""lower"", ""total_fleet_workload_min"": ""lower"", ""unique_population_reached_by_deadline_rate"": ""higher"", ""unserved_genuine_incidents"": ""lower""}","{""numpy"": ""2.5.1"", ""pandas"": ""3.0.3"", ""scipy"": ""1.18.0""}"
policy,revised_priority,first_report_fifo,"{""partition"": ""product_cij""}",unserved_genuine_incidents,lower,0,0,0,"[0.0, 0.0]",0,1,1,0,40,0,0,40,0,0,positive means candidate is better,40,4.1.0,test:3000-3039,a7c7a3f7ea63e57f1d98bd42f21c02aa04a69eaa37c824584a2be65f00f2d7e1,"{""numpy"": ""2.0.2"", ""pandas"": ""2.2.2"", ""python-louvain"": ""0.16"", ""scikit-learn"": ""1.6.1"", ""scipy"": ""1.16.3""}","{""additive"": {""calibration_objective"": 0.024220283682757516, ""knn"": 8, ""q"": 0.95}, ""error_model"": ""conservative-v1"", ""product"": {""knn"": 8, ""resolution"": 1.2, ""sigma_geo_m"": 900.0, ""tau_temp_min"": 60.0, ""threshold_quantile"": 0.95, ""track"": ""operational_label_free""}}","{""arrival_equity_gap_min"": ""lower"", ""boat_workload_cv"": ""lower"", ""cvar90_arrival_min"": ""lower"", ""deadline_miss_rate"": ""lower"", ""duplicate_dispatches"": ""lower"", ""fake_dispatches"": ""lower"", ""latent_harm"": ""lower"", ""max_arrival_min"": ""lower"", ""mean_arrival_min"": ""lower"", ""merge_caused_misses"": ""lower"", ""split_trips"": ""lower"", ""total_fleet_workload_min"": ""lower"", ""unique_population_reached_by_deadline_rate"": ""higher"", ""unserved_genuine_incidents"": ""lower""}","{""numpy"": ""2.5.1"", ""pandas"": ""3.0.3"", ""scipy"": ""1.18.0""}"
partition,product_cij,oracle,"{""policy"": ""equity_aging""}",latent_harm,lower,-51.24659705,56.17516887,-42.41993431,"[-68.79630132923353, -34.865727552375255]",51.24659705,8.693659765e-07,3.477463906e-06,75,40,9,31,0,-0.9122642278,-0.8170731707,positive means candidate is better,40,4.1.0,test:3000-3039,a7c7a3f7ea63e57f1d98bd42f21c02aa04a69eaa37c824584a2be65f00f2d7e1,"{""numpy"": ""2.0.2"", ""pandas"": ""2.2.2"", ""python-louvain"": ""0.16"", ""scikit-learn"": ""1.6.1"", ""scipy"": ""1.16.3""}","{""additive"": {""calibration_objective"": 0.024220283682757516, ""knn"": 8, ""q"": 0.95}, ""error_model"": ""conservative-v1"", ""product"": {""knn"": 8, ""resolution"": 1.2, ""sigma_geo_m"": 900.0, ""tau_temp_min"": 60.0, ""threshold_quantile"": 0.95, ""track"": ""operational_label_free""}}","{""arrival_equity_gap_min"": ""lower"", ""boat_workload_cv"": ""lower"", ""cvar90_arrival_min"": ""lower"", ""deadline_miss_rate"": ""lower"", ""duplicate_dispatches"": ""lower"", ""fake_dispatches"": ""lower"", ""latent_harm"": ""lower"", ""max_arrival_min"": ""lower"", ""mean_arrival_min"": ""lower"", ""merge_caused_misses"": ""lower"", ""split_trips"": ""lower"", ""total_fleet_workload_min"": ""lower"", ""unique_population_reached_by_deadline_rate"": ""higher"", ""unserved_genuine_incidents"": ""lower""}","{""numpy"": ""2.5.1"", ""pandas"": ""3.0.3"", ""scipy"": ""1.18.0""}"
partition,product_cij,oracle,"{""policy"": ""equity_aging""}",deadline_miss_rate,lower,-0.08177083333,0.09333508612,-0.0625,"[-0.11147135416666668, -0.0546875]",0.08177083333,3.647166758e-06,9.441709892e-06,45,40,5,32,3,-0.8760996184,-0.8719772404,positive means candidate is better,40,4.1.0,test:3000-3039,a7c7a3f7ea63e57f1d98bd42f21c02aa04a69eaa37c824584a2be65f00f2d7e1,"{""numpy"": ""2.0.2"", ""pandas"": ""2.2.2"", ""python-louvain"": ""0.16"", ""scikit-learn"": ""1.6.1"", ""scipy"": ""1.16.3""}","{""additive"": {""calibration_objective"": 0.024220283682757516, ""knn"": 8, ""q"": 0.95}, ""error_model"": ""conservative-v1"", ""product"": {""knn"": 8, ""resolution"": 1.2, ""sigma_geo_m"": 900.0, ""tau_temp_min"": 60.0, ""threshold_quantile"": 0.95, ""track"": ""operational_label_free""}}","{""arrival_equity_gap_min"": ""lower"", ""boat_workload_cv"": ""lower"", ""cvar90_arrival_min"": ""lower"", ""deadline_miss_rate"": ""lower"", ""duplicate_dispatches"": ""lower"", ""fake_dispatches"": ""lower"", ""latent_harm"": ""lower"", ""max_arrival_min"": ""lower"", ""mean_arrival_min"": ""lower"", ""merge_caused_misses"": ""lower"", ""split_trips"": ""lower"", ""total_fleet_workload_min"": ""lower"", ""unique_population_reached_by_deadline_rate"": ""higher"", ""unserved_genuine_incidents"": ""lower""}","{""numpy"": ""2.5.1"", ""pandas"": ""3.0.3"", ""scipy"": ""1.18.0""}"
partition,product_cij,oracle,"{""policy"": ""equity_aging""}",mean_arrival_min,lower,-60.73583061,60.60675852,-51.42474298,"[-79.47642383672499, -42.6682826581479]",60.73583061,8.202732715e-08,4.101366358e-07,53,40,5,35,0,-1.002129665,-0.8707317073,positive means candidate is better,40,4.1.0,test:3000-3039,a7c7a3f7ea63e57f1d98bd42f21c02aa04a69eaa37c824584a2be65f00f2d7e1,"{""numpy"": ""2.0.2"", ""pandas"": ""2.2.2"", ""python-louvain"": ""0.16"", ""scikit-learn"": ""1.6.1"", ""scipy"": ""1.16.3""}","{""additive"": {""calibration_objective"": 0.024220283682757516, ""knn"": 8, ""q"": 0.95}, ""error_model"": ""conservative-v1"", ""product"": {""knn"": 8, ""resolution"": 1.2, ""sigma_geo_m"": 900.0, ""tau_temp_min"": 60.0, ""threshold_quantile"": 0.95, ""track"": ""operational_label_free""}}","{""arrival_equity_gap_min"": ""lower"", ""boat_workload_cv"": ""lower"", ""cvar90_arrival_min"": ""lower"", ""deadline_miss_rate"": ""lower"", ""duplicate_dispatches"": ""lower"", ""fake_dispatches"": ""lower"", ""latent_harm"": ""lower"", ""max_arrival_min"": ""lower"", ""mean_arrival_min"": ""lower"", ""merge_caused_misses"": ""lower"", ""split_trips"": ""lower"", ""total_fleet_workload_min"": ""lower"", ""unique_population_reached_by_deadline_rate"": ""higher"", ""unserved_genuine_incidents"": ""lower""}","{""numpy"": ""2.5.1"", ""pandas"": ""3.0.3"", ""scipy"": ""1.18.0""}"
partition,product_cij,oracle,"{""policy"": ""equity_aging""}",max_arrival_min,lower,-222.8927473,252.3509773,-159.1112855,"[-307.1507399864166, -152.60646911597922]",222.8927473,5.584297469e-10,5.584297469e-09,19,40,4,36,0,-0.8832648467,-0.9536585366,positive means candidate is better,40,4.1.0,test:3000-3039,a7c7a3f7ea63e57f1d98bd42f21c02aa04a69eaa37c824584a2be65f00f2d7e1,"{""numpy"": ""2.0.2"", ""pandas"": ""2.2.2"", ""python-louvain"": ""0.16"", ""scikit-learn"": ""1.6.1"", ""scipy"": ""1.16.3""}","{""additive"": {""calibration_objective"": 0.024220283682757516, ""knn"": 8, ""q"": 0.95}, ""error_model"": ""conservative-v1"", ""product"": {""knn"": 8, ""resolution"": 1.2, ""sigma_geo_m"": 900.0, ""tau_temp_min"": 60.0, ""threshold_quantile"": 0.95, ""track"": ""operational_label_free""}}","{""arrival_equity_gap_min"": ""lower"", ""boat_workload_cv"": ""lower"", ""cvar90_arrival_min"": ""lower"", ""deadline_miss_rate"": ""lower"", ""duplicate_dispatches"": ""lower"", ""fake_dispatches"": ""lower"", ""latent_harm"": ""lower"", ""max_arrival_min"": ""lower"", ""mean_arrival_min"": ""lower"", ""merge_caused_misses"": ""lower"", ""split_trips"": ""lower"", ""total_fleet_workload_min"": ""lower"", ""unique_population_reached_by_deadline_rate"": ""higher"", ""unserved_genuine_incidents"": ""lower""}","{""numpy"": ""2.5.1"", ""pandas"": ""3.0.3"", ""scipy"": ""1.18.0""}"
partition,product_cij,oracle,"{""policy"": ""equity_aging""}",cvar90_arrival_min,lower,-175.2687735,171.090443,-138.4852396,"[-229.35793995422918, -125.85208493645838]",175.2687735,1.644366421e-09,1.315493137e-08,25,40,3,37,0,-1.024421764,-0.9390243902,positive means candidate is better,40,4.1.0,test:3000-3039,a7c7a3f7ea63e57f1d98bd42f21c02aa04a69eaa37c824584a2be65f00f2d7e1,"{""numpy"": ""2.0.2"", ""pandas"": ""2.2.2"", ""python-louvain"": ""0.16"", ""scikit-learn"": ""1.6.1"", ""scipy"": ""1.16.3""}","{""additive"": {""calibration_objective"": 0.024220283682757516, ""knn"": 8, ""q"": 0.95}, ""error_model"": ""conservative-v1"", ""product"": {""knn"": 8, ""resolution"": 1.2, ""sigma_geo_m"": 900.0, ""tau_temp_min"": 60.0, ""threshold_quantile"": 0.95, ""track"": ""operational_label_free""}}","{""arrival_equity_gap_min"": ""lower"", ""boat_workload_cv"": ""lower"", ""cvar90_arrival_min"": ""lower"", ""deadline_miss_rate"": ""lower"", ""duplicate_dispatches"": ""lower"", ""fake_dispatches"": ""lower"", ""latent_harm"": ""lower"", ""max_arrival_min"": ""lower"", ""mean_arrival_min"": ""lower"", ""merge_caused_misses"": ""lower"", ""split_trips"": ""lower"", ""total_fleet_workload_min"": ""lower"", ""unique_population_reached_by_deadline_rate"": ""higher"", ""unserved_genuine_incidents"": ""lower""}","{""numpy"": ""2.5.1"", ""pandas"": ""3.0.3"", ""scipy"": ""1.18.0""}"
partition,product_cij,oracle,"{""policy"": ""equity_aging""}",unique_population_reached_by_deadline_rate,higher,-0.08410612349,0.1001072265,-0.06325031771,"[-0.11644015926219999, -0.054694610490716694]",-0.08410612349,3.147236631e-06,9.441709892e-06,56,40,4,35,1,-0.8401603606,-0.8564102564,positive means candidate is better,40,4.1.0,test:3000-3039,a7c7a3f7ea63e57f1d98bd42f21c02aa04a69eaa37c824584a2be65f00f2d7e1,"{""numpy"": ""2.0.2"", ""pandas"": ""2.2.2"", ""python-louvain"": ""0.16"", ""scikit-learn"": ""1.6.1"", ""scipy"": ""1.16.3""}","{""additive"": {""calibration_objective"": 0.024220283682757516, ""knn"": 8, ""q"": 0.95}, ""error_model"": ""conservative-v1"", ""product"": {""knn"": 8, ""resolution"": 1.2, ""sigma_geo_m"": 900.0, ""tau_temp_min"": 60.0, ""threshold_quantile"": 0.95, ""track"": ""operational_label_free""}}","{""arrival_equity_gap_min"": ""lower"", ""boat_workload_cv"": ""lower"", ""cvar90_arrival_min"": ""lower"", ""deadline_miss_rate"": ""lower"", ""duplicate_dispatches"": ""lower"", ""fake_dispatches"": ""lower"", ""latent_harm"": ""lower"", ""max_arrival_min"": ""lower"", ""mean_arrival_min"": ""lower"", ""merge_caused_misses"": ""lower"", ""split_trips"": ""lower"", ""total_fleet_workload_min"": ""lower"", ""unique_population_reached_by_deadline_rate"": ""higher"", ""unserved_genuine_incidents"": ""lower""}","{""numpy"": ""2.5.1"", ""pandas"": ""3.0.3"", ""scipy"": ""1.18.0""}"
partition,product_cij,oracle,"{""policy"": ""equity_aging""}",total_fleet_workload_min,lower,-6756.359415,538.9932505,-6686.202287,"[-6923.880804479168, -6596.143165046875]",6756.359415,1.818989404e-12,2.546585165e-11,0,40,0,40,0,-12.53514661,-1,positive means candidate is better,40,4.1.0,test:3000-3039,a7c7a3f7ea63e57f1d98bd42f21c02aa04a69eaa37c824584a2be65f00f2d7e1,"{""numpy"": ""2.0.2"", ""pandas"": ""2.2.2"", ""python-louvain"": ""0.16"", ""scikit-learn"": ""1.6.1"", ""scipy"": ""1.16.3""}","{""additive"": {""calibration_objective"": 0.024220283682757516, ""knn"": 8, ""q"": 0.95}, ""error_model"": ""conservative-v1"", ""product"": {""knn"": 8, ""resolution"": 1.2, ""sigma_geo_m"": 900.0, ""tau_temp_min"": 60.0, ""threshold_quantile"": 0.95, ""track"": ""operational_label_free""}}","{""arrival_equity_gap_min"": ""lower"", ""boat_workload_cv"": ""lower"", ""cvar90_arrival_min"": ""lower"", ""deadline_miss_rate"": ""lower"", ""duplicate_dispatches"": ""lower"", ""fake_dispatches"": ""lower"", ""latent_harm"": ""lower"", ""max_arrival_min"": ""lower"", ""mean_arrival_min"": ""lower"", ""merge_caused_misses"": ""lower"", ""split_trips"": ""lower"", ""total_fleet_workload_min"": ""lower"", ""unique_population_reached_by_deadline_rate"": ""higher"", ""unserved_genuine_incidents"": ""lower""}","{""numpy"": ""2.5.1"", ""pandas"": ""3.0.3"", ""scipy"": ""1.18.0""}"
partition,product_cij,oracle,"{""policy"": ""equity_aging""}",boat_workload_cv,lower,0.06443675748,0.02387704924,0.06300666338,"[0.05729808856314584, 0.07198752729399291]",-0.06443675748,1.818989404e-12,2.546585165e-11,0,40,40,0,0,2.698690145,1,positive means candidate is better,40,4.1.0,test:3000-3039,a7c7a3f7ea63e57f1d98bd42f21c02aa04a69eaa37c824584a2be65f00f2d7e1,"{""numpy"": ""2.0.2"", ""pandas"": ""2.2.2"", ""python-louvain"": ""0.16"", ""scikit-learn"": ""1.6.1"", ""scipy"": ""1.16.3""}","{""additive"": {""calibration_objective"": 0.024220283682757516, ""knn"": 8, ""q"": 0.95}, ""error_model"": ""conservative-v1"", ""product"": {""knn"": 8, ""resolution"": 1.2, ""sigma_geo_m"": 900.0, ""tau_temp_min"": 60.0, ""threshold_quantile"": 0.95, ""track"": ""operational_label_free""}}","{""arrival_equity_gap_min"": ""lower"", ""boat_workload_cv"": ""lower"", ""cvar90_arrival_min"": ""lower"", ""deadline_miss_rate"": ""lower"", ""duplicate_dispatches"": ""lower"", ""fake_dispatches"": ""lower"", ""latent_harm"": ""lower"", ""max_arrival_min"": ""lower"", ""mean_arrival_min"": ""lower"", ""merge_caused_misses"": ""lower"", ""split_trips"": ""lower"", ""total_fleet_workload_min"": ""lower"", ""unique_population_reached_by_deadline_rate"": ""higher"", ""unserved_genuine_incidents"": ""lower""}","{""numpy"": ""2.5.1"", ""pandas"": ""3.0.3"", ""scipy"": ""1.18.0""}"
partition,product_cij,oracle,"{""policy"": ""equity_aging""}",arrival_equity_gap_min,lower,-44.87808203,91.93867848,-37.65244193,"[-73.75897364483751, -17.313564542012493]",44.87808203,0.008622652698,0.008622652698,217,40,13,27,0,-0.4881305972,-0.4707317073,positive means candidate is better,40,4.1.0,test:3000-3039,a7c7a3f7ea63e57f1d98bd42f21c02aa04a69eaa37c824584a2be65f00f2d7e1,"{""numpy"": ""2.0.2"", ""pandas"": ""2.2.2"", ""python-louvain"": ""0.16"", ""scikit-learn"": ""1.6.1"", ""scipy"": ""1.16.3""}","{""additive"": {""calibration_objective"": 0.024220283682757516, ""knn"": 8, ""q"": 0.95}, ""error_model"": ""conservative-v1"", ""product"": {""knn"": 8, ""resolution"": 1.2, ""sigma_geo_m"": 900.0, ""tau_temp_min"": 60.0, ""threshold_quantile"": 0.95, ""track"": ""operational_label_free""}}","{""arrival_equity_gap_min"": ""lower"", ""boat_workload_cv"": ""lower"", ""cvar90_arrival_min"": ""lower"", ""deadline_miss_rate"": ""lower"", ""duplicate_dispatches"": ""lower"", ""fake_dispatches"": ""lower"", ""latent_harm"": ""lower"", ""max_arrival_min"": ""lower"", ""mean_arrival_min"": ""lower"", ""merge_caused_misses"": ""lower"", ""split_trips"": ""lower"", ""total_fleet_workload_min"": ""lower"", ""unique_population_reached_by_deadline_rate"": ""higher"", ""unserved_genuine_incidents"": ""lower""}","{""numpy"": ""2.5.1"", ""pandas"": ""3.0.3"", ""scipy"": ""1.18.0""}"
partition,product_cij,oracle,"{""policy"": ""equity_aging""}",split_trips,lower,-2.3,1.264911064,-2,"[-2.725, -1.925]",2.3,2.536302824e-08,1.775411977e-07,0,40,0,40,0,-1.818309655,-1,positive means candidate is better,40,4.1.0,test:3000-3039,a7c7a3f7ea63e57f1d98bd42f21c02aa04a69eaa37c824584a2be65f00f2d7e1,"{""numpy"": ""2.0.2"", ""pandas"": ""2.2.2"", ""python-louvain"": ""0.16"", ""scikit-learn"": ""1.6.1"", ""scipy"": ""1.16.3""}","{""additive"": {""calibration_objective"": 0.024220283682757516, ""knn"": 8, ""q"": 0.95}, ""error_model"": ""conservative-v1"", ""product"": {""knn"": 8, ""resolution"": 1.2, ""sigma_geo_m"": 900.0, ""tau_temp_min"": 60.0, ""threshold_quantile"": 0.95, ""track"": ""operational_label_free""}}","{""arrival_equity_gap_min"": ""lower"", ""boat_workload_cv"": ""lower"", ""cvar90_arrival_min"": ""lower"", ""deadline_miss_rate"": ""lower"", ""duplicate_dispatches"": ""lower"", ""fake_dispatches"": ""lower"", ""latent_harm"": ""lower"", ""max_arrival_min"": ""lower"", ""mean_arrival_min"": ""lower"", ""merge_caused_misses"": ""lower"", ""split_trips"": ""lower"", ""total_fleet_workload_min"": ""lower"", ""unique_population_reached_by_deadline_rate"": ""higher"", ""unserved_genuine_incidents"": ""lower""}","{""numpy"": ""2.5.1"", ""pandas"": ""3.0.3"", ""scipy"": ""1.18.0""}"
partition,product_cij,oracle,"{""policy"": ""equity_aging""}",merge_caused_misses,lower,-1.025,0.158113883,-1,"[-1.075, -1.0]",1.025,4.040854277e-10,4.849025133e-09,0,40,0,40,0,-6.482669203,-1,positive means candidate is better,40,4.1.0,test:3000-3039,a7c7a3f7ea63e57f1d98bd42f21c02aa04a69eaa37c824584a2be65f00f2d7e1,"{""numpy"": ""2.0.2"", ""pandas"": ""2.2.2"", ""python-louvain"": ""0.16"", ""scikit-learn"": ""1.6.1"", ""scipy"": ""1.16.3""}","{""additive"": {""calibration_objective"": 0.024220283682757516, ""knn"": 8, ""q"": 0.95}, ""error_model"": ""conservative-v1"", ""product"": {""knn"": 8, ""resolution"": 1.2, ""sigma_geo_m"": 900.0, ""tau_temp_min"": 60.0, ""threshold_quantile"": 0.95, ""track"": ""operational_label_free""}}","{""arrival_equity_gap_min"": ""lower"", ""boat_workload_cv"": ""lower"", ""cvar90_arrival_min"": ""lower"", ""deadline_miss_rate"": ""lower"", ""duplicate_dispatches"": ""lower"", ""fake_dispatches"": ""lower"", ""latent_harm"": ""lower"", ""max_arrival_min"": ""lower"", ""mean_arrival_min"": ""lower"", ""merge_caused_misses"": ""lower"", ""split_trips"": ""lower"", ""total_fleet_workload_min"": ""lower"", ""unique_population_reached_by_deadline_rate"": ""higher"", ""unserved_genuine_incidents"": ""lower""}","{""numpy"": ""2.5.1"", ""pandas"": ""3.0.3"", ""scipy"": ""1.18.0""}"
partition,product_cij,oracle,"{""policy"": ""equity_aging""}",fake_dispatches,lower,-34.9,0.3038218101,-35,"[-34.975, -34.8]",34.9,1.279801006e-09,1.151820905e-08,0,40,0,40,0,-114.8699627,-1,positive means candidate is better,40,4.1.0,test:3000-3039,a7c7a3f7ea63e57f1d98bd42f21c02aa04a69eaa37c824584a2be65f00f2d7e1,"{""numpy"": ""2.0.2"", ""pandas"": ""2.2.2"", ""python-louvain"": ""0.16"", ""scikit-learn"": ""1.6.1"", ""scipy"": ""1.16.3""}","{""additive"": {""calibration_objective"": 0.024220283682757516, ""knn"": 8, ""q"": 0.95}, ""error_model"": ""conservative-v1"", ""product"": {""knn"": 8, ""resolution"": 1.2, ""sigma_geo_m"": 900.0, ""tau_temp_min"": 60.0, ""threshold_quantile"": 0.95, ""track"": ""operational_label_free""}}","{""arrival_equity_gap_min"": ""lower"", ""boat_workload_cv"": ""lower"", ""cvar90_arrival_min"": ""lower"", ""deadline_miss_rate"": ""lower"", ""duplicate_dispatches"": ""lower"", ""fake_dispatches"": ""lower"", ""latent_harm"": ""lower"", ""max_arrival_min"": ""lower"", ""mean_arrival_min"": ""lower"", ""merge_caused_misses"": ""lower"", ""split_trips"": ""lower"", ""total_fleet_workload_min"": ""lower"", ""unique_population_reached_by_deadline_rate"": ""higher"", ""unserved_genuine_incidents"": ""lower""}","{""numpy"": ""2.5.1"", ""pandas"": ""3.0.3"", ""scipy"": ""1.18.0""}"
partition,product_cij,oracle,"{""policy"": ""equity_aging""}",duplicate_dispatches,lower,-2.3,1.264911064,-2,"[-2.725, -1.925]",2.3,2.536302824e-08,1.775411977e-07,0,40,0,40,0,-1.818309655,-1,positive means candidate is better,40,4.1.0,test:3000-3039,a7c7a3f7ea63e57f1d98bd42f21c02aa04a69eaa37c824584a2be65f00f2d7e1,"{""numpy"": ""2.0.2"", ""pandas"": ""2.2.2"", ""python-louvain"": ""0.16"", ""scikit-learn"": ""1.6.1"", ""scipy"": ""1.16.3""}","{""additive"": {""calibration_objective"": 0.024220283682757516, ""knn"": 8, ""q"": 0.95}, ""error_model"": ""conservative-v1"", ""product"": {""knn"": 8, ""resolution"": 1.2, ""sigma_geo_m"": 900.0, ""tau_temp_min"": 60.0, ""threshold_quantile"": 0.95, ""track"": ""operational_label_free""}}","{""arrival_equity_gap_min"": ""lower"", ""boat_workload_cv"": ""lower"", ""cvar90_arrival_min"": ""lower"", ""deadline_miss_rate"": ""lower"", ""duplicate_dispatches"": ""lower"", ""fake_dispatches"": ""lower"", ""latent_harm"": ""lower"", ""max_arrival_min"": ""lower"", ""mean_arrival_min"": ""lower"", ""merge_caused_misses"": ""lower"", ""split_trips"": ""lower"", ""total_fleet_workload_min"": ""lower"", ""unique_population_reached_by_deadline_rate"": ""higher"", ""unserved_genuine_incidents"": ""lower""}","{""numpy"": ""2.5.1"", ""pandas"": ""3.0.3"", ""scipy"": ""1.18.0""}"
partition,product_cij,oracle,"{""policy"": ""equity_aging""}",unserved_genuine_incidents,lower,-1.025,0.158113883,-1,"[-1.075, -1.0]",1.025,4.040854277e-10,4.849025133e-09,0,40,0,40,0,-6.482669203,-1,positive means candidate is better,40,4.1.0,test:3000-3039,a7c7a3f7ea63e57f1d98bd42f21c02aa04a69eaa37c824584a2be65f00f2d7e1,"{""numpy"": ""2.0.2"", ""pandas"": ""2.2.2"", ""python-louvain"": ""0.16"", ""scikit-learn"": ""1.6.1"", ""scipy"": ""1.16.3""}","{""additive"": {""calibration_objective"": 0.024220283682757516, ""knn"": 8, ""q"": 0.95}, ""error_model"": ""conservative-v1"", ""product"": {""knn"": 8, ""resolution"": 1.2, ""sigma_geo_m"": 900.0, ""tau_temp_min"": 60.0, ""threshold_quantile"": 0.95, ""track"": ""operational_label_free""}}","{""arrival_equity_gap_min"": ""lower"", ""boat_workload_cv"": ""lower"", ""cvar90_arrival_min"": ""lower"", ""deadline_miss_rate"": ""lower"", ""duplicate_dispatches"": ""lower"", ""fake_dispatches"": ""lower"", ""latent_harm"": ""lower"", ""max_arrival_min"": ""lower"", ""mean_arrival_min"": ""lower"", ""merge_caused_misses"": ""lower"", ""split_trips"": ""lower"", ""total_fleet_workload_min"": ""lower"", ""unique_population_reached_by_deadline_rate"": ""higher"", ""unserved_genuine_incidents"": ""lower""}","{""numpy"": ""2.5.1"", ""pandas"": ""3.0.3"", ""scipy"": ""1.18.0""}"
partition,product_cij,additive_cij_matched_density,"{""policy"": ""equity_aging""}",latent_harm,lower,-31.34596808,27.93977243,-32.37248499,"[-39.98836169507916, -22.766574270897916]",31.34596808,7.284143066e-08,8.012557373e-07,52,40,4,36,0,-1.121912076,-0.8731707317,positive means candidate is better,40,4.1.0,test:3000-3039,a7c7a3f7ea63e57f1d98bd42f21c02aa04a69eaa37c824584a2be65f00f2d7e1,"{""numpy"": ""2.0.2"", ""pandas"": ""2.2.2"", ""python-louvain"": ""0.16"", ""scikit-learn"": ""1.6.1"", ""scipy"": ""1.16.3""}","{""additive"": {""calibration_objective"": 0.024220283682757516, ""knn"": 8, ""q"": 0.95}, ""error_model"": ""conservative-v1"", ""product"": {""knn"": 8, ""resolution"": 1.2, ""sigma_geo_m"": 900.0, ""tau_temp_min"": 60.0, ""threshold_quantile"": 0.95, ""track"": ""operational_label_free""}}","{""arrival_equity_gap_min"": ""lower"", ""boat_workload_cv"": ""lower"", ""cvar90_arrival_min"": ""lower"", ""deadline_miss_rate"": ""lower"", ""duplicate_dispatches"": ""lower"", ""fake_dispatches"": ""lower"", ""latent_harm"": ""lower"", ""max_arrival_min"": ""lower"", ""mean_arrival_min"": ""lower"", ""merge_caused_misses"": ""lower"", ""split_trips"": ""lower"", ""total_fleet_workload_min"": ""lower"", ""unique_population_reached_by_deadline_rate"": ""higher"", ""unserved_genuine_incidents"": ""lower""}","{""numpy"": ""2.5.1"", ""pandas"": ""3.0.3"", ""scipy"": ""1.18.0""}"
partition,product_cij,additive_cij_matched_density,"{""policy"": ""equity_aging""}",deadline_miss_rate,lower,-0.009375,0.03888984278,0,"[-0.021875, 0.002083333333333334]",0.009375,0.1194343197,0.4777372788,50,40,6,12,22,-0.2410655155,-0.4152046784,positive means candidate is better,40,4.1.0,test:3000-3039,a7c7a3f7ea63e57f1d98bd42f21c02aa04a69eaa37c824584a2be65f00f2d7e1,"{""numpy"": ""2.0.2"", ""pandas"": ""2.2.2"", ""python-louvain"": ""0.16"", ""scikit-learn"": ""1.6.1"", ""scipy"": ""1.16.3""}","{""additive"": {""calibration_objective"": 0.024220283682757516, ""knn"": 8, ""q"": 0.95}, ""error_model"": ""conservative-v1"", ""product"": {""knn"": 8, ""resolution"": 1.2, ""sigma_geo_m"": 900.0, ""tau_temp_min"": 60.0, ""threshold_quantile"": 0.95, ""track"": ""operational_label_free""}}","{""arrival_equity_gap_min"": ""lower"", ""boat_workload_cv"": ""lower"", ""cvar90_arrival_min"": ""lower"", ""deadline_miss_rate"": ""lower"", ""duplicate_dispatches"": ""lower"", ""fake_dispatches"": ""lower"", ""latent_harm"": ""lower"", ""max_arrival_min"": ""lower"", ""mean_arrival_min"": ""lower"", ""merge_caused_misses"": ""lower"", ""split_trips"": ""lower"", ""total_fleet_workload_min"": ""lower"", ""unique_population_reached_by_deadline_rate"": ""higher"", ""unserved_genuine_incidents"": ""lower""}","{""numpy"": ""2.5.1"", ""pandas"": ""3.0.3"", ""scipy"": ""1.18.0""}"
partition,product_cij,additive_cij_matched_density,"{""policy"": ""equity_aging""}",mean_arrival_min,lower,-32.65128356,28.22731079,-33.05316345,"[-41.266071780145815, -23.973046461958308]",32.65128356,3.062996257e-08,3.981895134e-07,45,40,5,35,0,-1.156726682,-0.8902439024,positive means candidate is better,40,4.1.0,test:3000-3039,a7c7a3f7ea63e57f1d98bd42f21c02aa04a69eaa37c824584a2be65f00f2d7e1,"{""numpy"": ""2.0.2"", ""pandas"": ""2.2.2"", ""python-louvain"": ""0.16"", ""scikit-learn"": ""1.6.1"", ""scipy"": ""1.16.3""}","{""additive"": {""calibration_objective"": 0.024220283682757516, ""knn"": 8, ""q"": 0.95}, ""error_model"": ""conservative-v1"", ""product"": {""knn"": 8, ""resolution"": 1.2, ""sigma_geo_m"": 900.0, ""tau_temp_min"": 60.0, ""threshold_quantile"": 0.95, ""track"": ""operational_label_free""}}","{""arrival_equity_gap_min"": ""lower"", ""boat_workload_cv"": ""lower"", ""cvar90_arrival_min"": ""lower"", ""deadline_miss_rate"": ""lower"", ""duplicate_dispatches"": ""lower"", ""fake_dispatches"": ""lower"", ""latent_harm"": ""lower"", ""max_arrival_min"": ""lower"", ""mean_arrival_min"": ""lower"", ""merge_caused_misses"": ""lower"", ""split_trips"": ""lower"", ""total_fleet_workload_min"": ""lower"", ""unique_population_reached_by_deadline_rate"": ""higher"", ""unserved_genuine_incidents"": ""lower""}","{""numpy"": ""2.5.1"", ""pandas"": ""3.0.3"", ""scipy"": ""1.18.0""}"
partition,product_cij,additive_cij_matched_density,"{""policy"": ""equity_aging""}",max_arrival_min,lower,-88.24878005,108.2095921,-69.3479551,"[-124.00674680231243, -56.75831498570837]",88.24878005,4.299272405e-07,4.299272405e-06,68,40,8,32,0,-0.8155356503,-0.8341463415,positive means candidate is better,40,4.1.0,test:3000-3039,a7c7a3f7ea63e57f1d98bd42f21c02aa04a69eaa37c824584a2be65f00f2d7e1,"{""numpy"": ""2.0.2"", ""pandas"": ""2.2.2"", ""python-louvain"": ""0.16"", ""scikit-learn"": ""1.6.1"", ""scipy"": ""1.16.3""}","{""additive"": {""calibration_objective"": 0.024220283682757516, ""knn"": 8, ""q"": 0.95}, ""error_model"": ""conservative-v1"", ""product"": {""knn"": 8, ""resolution"": 1.2, ""sigma_geo_m"": 900.0, ""tau_temp_min"": 60.0, ""threshold_quantile"": 0.95, ""track"": ""operational_label_free""}}","{""arrival_equity_gap_min"": ""lower"", ""boat_workload_cv"": ""lower"", ""cvar90_arrival_min"": ""lower"", ""deadline_miss_rate"": ""lower"", ""duplicate_dispatches"": ""lower"", ""fake_dispatches"": ""lower"", ""latent_harm"": ""lower"", ""max_arrival_min"": ""lower"", ""mean_arrival_min"": ""lower"", ""merge_caused_misses"": ""lower"", ""split_trips"": ""lower"", ""total_fleet_workload_min"": ""lower"", ""unique_population_reached_by_deadline_rate"": ""higher"", ""unserved_genuine_incidents"": ""lower""}","{""numpy"": ""2.5.1"", ""pandas"": ""3.0.3"", ""scipy"": ""1.18.0""}"
partition,product_cij,additive_cij_matched_density,"{""policy"": ""equity_aging""}",cvar90_arrival_min,lower,-75.83779034,84.32747675,-77.72233508,"[-101.84969867962496, -49.68704568227089]",75.83779034,4.765788617e-07,4.299272405e-06,69,40,5,35,0,-0.8993247902,-0.8317073171,positive means candidate is better,40,4.1.0,test:3000-3039,a7c7a3f7ea63e57f1d98bd42f21c02aa04a69eaa37c824584a2be65f00f2d7e1,"{""numpy"": ""2.0.2"", ""pandas"": ""2.2.2"", ""python-louvain"": ""0.16"", ""scikit-learn"": ""1.6.1"", ""scipy"": ""1.16.3""}","{""additive"": {""calibration_objective"": 0.024220283682757516, ""knn"": 8, ""q"": 0.95}, ""error_model"": ""conservative-v1"", ""product"": {""knn"": 8, ""resolution"": 1.2, ""sigma_geo_m"": 900.0, ""tau_temp_min"": 60.0, ""threshold_quantile"": 0.95, ""track"": ""operational_label_free""}}","{""arrival_equity_gap_min"": ""lower"", ""boat_workload_cv"": ""lower"", ""cvar90_arrival_min"": ""lower"", ""deadline_miss_rate"": ""lower"", ""duplicate_dispatches"": ""lower"", ""fake_dispatches"": ""lower"", ""latent_harm"": ""lower"", ""max_arrival_min"": ""lower"", ""mean_arrival_min"": ""lower"", ""merge_caused_misses"": ""lower"", ""split_trips"": ""lower"", ""total_fleet_workload_min"": ""lower"", ""unique_population_reached_by_deadline_rate"": ""higher"", ""unserved_genuine_incidents"": ""lower""}","{""numpy"": ""2.5.1"", ""pandas"": ""3.0.3"", ""scipy"": ""1.18.0""}"
partition,product_cij,additive_cij_matched_density,"{""policy"": ""equity_aging""}",unique_population_reached_by_deadline_rate,higher,-0.009881449101,0.03358270917,0,"[-0.020473641958679168, 0.00027894517786457865]",-0.009881449101,0.05753285689,0.2876642844,68,40,7,15,18,-0.2942421664,-0.4624505929,positive means candidate is better,40,4.1.0,test:3000-3039,a7c7a3f7ea63e57f1d98bd42f21c02aa04a69eaa37c824584a2be65f00f2d7e1,"{""numpy"": ""2.0.2"", ""pandas"": ""2.2.2"", ""python-louvain"": ""0.16"", ""scikit-learn"": ""1.6.1"", ""scipy"": ""1.16.3""}","{""additive"": {""calibration_objective"": 0.024220283682757516, ""knn"": 8, ""q"": 0.95}, ""error_model"": ""conservative-v1"", ""product"": {""knn"": 8, ""resolution"": 1.2, ""sigma_geo_m"": 900.0, ""tau_temp_min"": 60.0, ""threshold_quantile"": 0.95, ""track"": ""operational_label_free""}}","{""arrival_equity_gap_min"": ""lower"", ""boat_workload_cv"": ""lower"", ""cvar90_arrival_min"": ""lower"", ""deadline_miss_rate"": ""lower"", ""duplicate_dispatches"": ""lower"", ""fake_dispatches"": ""lower"", ""latent_harm"": ""lower"", ""max_arrival_min"": ""lower"", ""mean_arrival_min"": ""lower"", ""merge_caused_misses"": ""lower"", ""split_trips"": ""lower"", ""total_fleet_workload_min"": ""lower"", ""unique_population_reached_by_deadline_rate"": ""higher"", ""unserved_genuine_incidents"": ""lower""}","{""numpy"": ""2.5.1"", ""pandas"": ""3.0.3"", ""scipy"": ""1.18.0""}"
partition,product_cij,additive_cij_matched_density,"{""policy"": ""equity_aging""}",total_fleet_workload_min,lower,-1873.074377,636.1029095,-1922.711195,"[-2069.17958777875, -1677.1300122522916]",1873.074377,1.818989404e-12,2.546585165e-11,0,40,0,40,0,-2.944609038,-1,positive means candidate is better,40,4.1.0,test:3000-3039,a7c7a3f7ea63e57f1d98bd42f21c02aa04a69eaa37c824584a2be65f00f2d7e1,"{""numpy"": ""2.0.2"", ""pandas"": ""2.2.2"", ""python-louvain"": ""0.16"", ""scikit-learn"": ""1.6.1"", ""scipy"": ""1.16.3""}","{""additive"": {""calibration_objective"": 0.024220283682757516, ""knn"": 8, ""q"": 0.95}, ""error_model"": ""conservative-v1"", ""product"": {""knn"": 8, ""resolution"": 1.2, ""sigma_geo_m"": 900.0, ""tau_temp_min"": 60.0, ""threshold_quantile"": 0.95, ""track"": ""operational_label_free""}}","{""arrival_equity_gap_min"": ""lower"", ""boat_workload_cv"": ""lower"", ""cvar90_arrival_min"": ""lower"", ""deadline_miss_rate"": ""lower"", ""duplicate_dispatches"": ""lower"", ""fake_dispatches"": ""lower"", ""latent_harm"": ""lower"", ""max_arrival_min"": ""lower"", ""mean_arrival_min"": ""lower"", ""merge_caused_misses"": ""lower"", ""split_trips"": ""lower"", ""total_fleet_workload_min"": ""lower"", ""unique_population_reached_by_deadline_rate"": ""higher"", ""unserved_genuine_incidents"": ""lower""}","{""numpy"": ""2.5.1"", ""pandas"": ""3.0.3"", ""scipy"": ""1.18.0""}"
partition,product_cij,additive_cij_matched_density,"{""policy"": ""equity_aging""}",boat_workload_cv,lower,0.005859115926,0.008547268068,0.006339306962,"[0.003270047620773147, 0.00844622425070704]",-0.005859115926,0.0001497825288,0.0008986951725,140,40,31,9,0,0.6854957489,0.6585365854,positive means candidate is better,40,4.1.0,test:3000-3039,a7c7a3f7ea63e57f1d98bd42f21c02aa04a69eaa37c824584a2be65f00f2d7e1,"{""numpy"": ""2.0.2"", ""pandas"": ""2.2.2"", ""python-louvain"": ""0.16"", ""scikit-learn"": ""1.6.1"", ""scipy"": ""1.16.3""}","{""additive"": {""calibration_objective"": 0.024220283682757516, ""knn"": 8, ""q"": 0.95}, ""error_model"": ""conservative-v1"", ""product"": {""knn"": 8, ""resolution"": 1.2, ""sigma_geo_m"": 900.0, ""tau_temp_min"": 60.0, ""threshold_quantile"": 0.95, ""track"": ""operational_label_free""}}","{""arrival_equity_gap_min"": ""lower"", ""boat_workload_cv"": ""lower"", ""cvar90_arrival_min"": ""lower"", ""deadline_miss_rate"": ""lower"", ""duplicate_dispatches"": ""lower"", ""fake_dispatches"": ""lower"", ""latent_harm"": ""lower"", ""max_arrival_min"": ""lower"", ""mean_arrival_min"": ""lower"", ""merge_caused_misses"": ""lower"", ""split_trips"": ""lower"", ""total_fleet_workload_min"": ""lower"", ""unique_population_reached_by_deadline_rate"": ""higher"", ""unserved_genuine_incidents"": ""lower""}","{""numpy"": ""2.5.1"", ""pandas"": ""3.0.3"", ""scipy"": ""1.18.0""}"
partition,product_cij,additive_cij_matched_density,"{""policy"": ""equity_aging""}",arrival_equity_gap_min,lower,-15.96357559,73.43217225,-16.7191019,"[-38.36132842513125, 6.244794965231233]",15.96357559,0.1281025809,0.4777372788,296,40,11,29,0,-0.2173921199,-0.2780487805,positive means candidate is better,40,4.1.0,test:3000-3039,a7c7a3f7ea63e57f1d98bd42f21c02aa04a69eaa37c824584a2be65f00f2d7e1,"{""numpy"": ""2.0.2"", ""pandas"": ""2.2.2"", ""python-louvain"": ""0.16"", ""scikit-learn"": ""1.6.1"", ""scipy"": ""1.16.3""}","{""additive"": {""calibration_objective"": 0.024220283682757516, ""knn"": 8, ""q"": 0.95}, ""error_model"": ""conservative-v1"", ""product"": {""knn"": 8, ""resolution"": 1.2, ""sigma_geo_m"": 900.0, ""tau_temp_min"": 60.0, ""threshold_quantile"": 0.95, ""track"": ""operational_label_free""}}","{""arrival_equity_gap_min"": ""lower"", ""boat_workload_cv"": ""lower"", ""cvar90_arrival_min"": ""lower"", ""deadline_miss_rate"": ""lower"", ""duplicate_dispatches"": ""lower"", ""fake_dispatches"": ""lower"", ""latent_harm"": ""lower"", ""max_arrival_min"": ""lower"", ""mean_arrival_min"": ""lower"", ""merge_caused_misses"": ""lower"", ""split_trips"": ""lower"", ""total_fleet_workload_min"": ""lower"", ""unique_population_reached_by_deadline_rate"": ""higher"", ""unserved_genuine_incidents"": ""lower""}","{""numpy"": ""2.5.1"", ""pandas"": ""3.0.3"", ""scipy"": ""1.18.0""}"
partition,product_cij,additive_cij_matched_density,"{""policy"": ""equity_aging""}",split_trips,lower,-1.125,1.158856643,-1,"[-1.5, -0.775]",1.125,6.529374497e-06,5.223499597e-05,36.5,40,2,31,7,-0.9707844428,-0.8698752228,positive means candidate is better,40,4.1.0,test:3000-3039,a7c7a3f7ea63e57f1d98bd42f21c02aa04a69eaa37c824584a2be65f00f2d7e1,"{""numpy"": ""2.0.2"", ""pandas"": ""2.2.2"", ""python-louvain"": ""0.16"", ""scikit-learn"": ""1.6.1"", ""scipy"": ""1.16.3""}","{""additive"": {""calibration_objective"": 0.024220283682757516, ""knn"": 8, ""q"": 0.95}, ""error_model"": ""conservative-v1"", ""product"": {""knn"": 8, ""resolution"": 1.2, ""sigma_geo_m"": 900.0, ""tau_temp_min"": 60.0, ""threshold_quantile"": 0.95, ""track"": ""operational_label_free""}}","{""arrival_equity_gap_min"": ""lower"", ""boat_workload_cv"": ""lower"", ""cvar90_arrival_min"": ""lower"", ""deadline_miss_rate"": ""lower"", ""duplicate_dispatches"": ""lower"", ""fake_dispatches"": ""lower"", ""latent_harm"": ""lower"", ""max_arrival_min"": ""lower"", ""mean_arrival_min"": ""lower"", ""merge_caused_misses"": ""lower"", ""split_trips"": ""lower"", ""total_fleet_workload_min"": ""lower"", ""unique_population_reached_by_deadline_rate"": ""higher"", ""unserved_genuine_incidents"": ""lower""}","{""numpy"": ""2.5.1"", ""pandas"": ""3.0.3"", ""scipy"": ""1.18.0""}"
partition,product_cij,additive_cij_matched_density,"{""policy"": ""equity_aging""}",merge_caused_misses,lower,-0.025,0.158113883,0,"[-0.075, 0.0]",0.025,0.3173105079,0.6346210157,0,40,0,1,39,-0.158113883,-1,positive means candidate is better,40,4.1.0,test:3000-3039,a7c7a3f7ea63e57f1d98bd42f21c02aa04a69eaa37c824584a2be65f00f2d7e1,"{""numpy"": ""2.0.2"", ""pandas"": ""2.2.2"", ""python-louvain"": ""0.16"", ""scikit-learn"": ""1.6.1"", ""scipy"": ""1.16.3""}","{""additive"": {""calibration_objective"": 0.024220283682757516, ""knn"": 8, ""q"": 0.95}, ""error_model"": ""conservative-v1"", ""product"": {""knn"": 8, ""resolution"": 1.2, ""sigma_geo_m"": 900.0, ""tau_temp_min"": 60.0, ""threshold_quantile"": 0.95, ""track"": ""operational_label_free""}}","{""arrival_equity_gap_min"": ""lower"", ""boat_workload_cv"": ""lower"", ""cvar90_arrival_min"": ""lower"", ""deadline_miss_rate"": ""lower"", ""duplicate_dispatches"": ""lower"", ""fake_dispatches"": ""lower"", ""latent_harm"": ""lower"", ""max_arrival_min"": ""lower"", ""mean_arrival_min"": ""lower"", ""merge_caused_misses"": ""lower"", ""split_trips"": ""lower"", ""total_fleet_workload_min"": ""lower"", ""unique_population_reached_by_deadline_rate"": ""higher"", ""unserved_genuine_incidents"": ""lower""}","{""numpy"": ""2.5.1"", ""pandas"": ""3.0.3"", ""scipy"": ""1.18.0""}"
partition,product_cij,additive_cij_matched_density,"{""policy"": ""equity_aging""}",fake_dispatches,lower,-8.275,2.782615446,-8,"[-9.15, -7.45]",8.275,3.328199581e-08,3.993839497e-07,0,40,0,40,0,-2.973820911,-1,positive means candidate is better,40,4.1.0,test:3000-3039,a7c7a3f7ea63e57f1d98bd42f21c02aa04a69eaa37c824584a2be65f00f2d7e1,"{""numpy"": ""2.0.2"", ""pandas"": ""2.2.2"", ""python-louvain"": ""0.16"", ""scikit-learn"": ""1.6.1"", ""scipy"": ""1.16.3""}","{""additive"": {""calibration_objective"": 0.024220283682757516, ""knn"": 8, ""q"": 0.95}, ""error_model"": ""conservative-v1"", ""product"": {""knn"": 8, ""resolution"": 1.2, ""sigma_geo_m"": 900.0, ""tau_temp_min"": 60.0, ""threshold_quantile"": 0.95, ""track"": ""operational_label_free""}}","{""arrival_equity_gap_min"": ""lower"", ""boat_workload_cv"": ""lower"", ""cvar90_arrival_min"": ""lower"", ""deadline_miss_rate"": ""lower"", ""duplicate_dispatches"": ""lower"", ""fake_dispatches"": ""lower"", ""latent_harm"": ""lower"", ""max_arrival_min"": ""lower"", ""mean_arrival_min"": ""lower"", ""merge_caused_misses"": ""lower"", ""split_trips"": ""lower"", ""total_fleet_workload_min"": ""lower"", ""unique_population_reached_by_deadline_rate"": ""higher"", ""unserved_genuine_incidents"": ""lower""}","{""numpy"": ""2.5.1"", ""pandas"": ""3.0.3"", ""scipy"": ""1.18.0""}"
partition,product_cij,additive_cij_matched_density,"{""policy"": ""equity_aging""}",duplicate_dispatches,lower,-1.125,1.158856643,-1,"[-1.5, -0.775]",1.125,6.529374497e-06,5.223499597e-05,36.5,40,2,31,7,-0.9707844428,-0.8698752228,positive means candidate is better,40,4.1.0,test:3000-3039,a7c7a3f7ea63e57f1d98bd42f21c02aa04a69eaa37c824584a2be65f00f2d7e1,"{""numpy"": ""2.0.2"", ""pandas"": ""2.2.2"", ""python-louvain"": ""0.16"", ""scikit-learn"": ""1.6.1"", ""scipy"": ""1.16.3""}","{""additive"": {""calibration_objective"": 0.024220283682757516, ""knn"": 8, ""q"": 0.95}, ""error_model"": ""conservative-v1"", ""product"": {""knn"": 8, ""resolution"": 1.2, ""sigma_geo_m"": 900.0, ""tau_temp_min"": 60.0, ""threshold_quantile"": 0.95, ""track"": ""operational_label_free""}}","{""arrival_equity_gap_min"": ""lower"", ""boat_workload_cv"": ""lower"", ""cvar90_arrival_min"": ""lower"", ""deadline_miss_rate"": ""lower"", ""duplicate_dispatches"": ""lower"", ""fake_dispatches"": ""lower"", ""latent_harm"": ""lower"", ""max_arrival_min"": ""lower"", ""mean_arrival_min"": ""lower"", ""merge_caused_misses"": ""lower"", ""split_trips"": ""lower"", ""total_fleet_workload_min"": ""lower"", ""unique_population_reached_by_deadline_rate"": ""higher"", ""unserved_genuine_incidents"": ""lower""}","{""numpy"": ""2.5.1"", ""pandas"": ""3.0.3"", ""scipy"": ""1.18.0""}"
partition,product_cij,additive_cij_matched_density,"{""policy"": ""equity_aging""}",unserved_genuine_incidents,lower,-0.025,0.158113883,0,"[-0.075, 0.0]",0.025,0.3173105079,0.6346210157,0,40,0,1,39,-0.158113883,-1,positive means candidate is better,40,4.1.0,test:3000-3039,a7c7a3f7ea63e57f1d98bd42f21c02aa04a69eaa37c824584a2be65f00f2d7e1,"{""numpy"": ""2.0.2"", ""pandas"": ""2.2.2"", ""python-louvain"": ""0.16"", ""scikit-learn"": ""1.6.1"", ""scipy"": ""1.16.3""}","{""additive"": {""calibration_objective"": 0.024220283682757516, ""knn"": 8, ""q"": 0.95}, ""error_model"": ""conservative-v1"", ""product"": {""knn"": 8, ""resolution"": 1.2, ""sigma_geo_m"": 900.0, ""tau_temp_min"": 60.0, ""threshold_quantile"": 0.95, ""track"": ""operational_label_free""}}","{""arrival_equity_gap_min"": ""lower"", ""boat_workload_cv"": ""lower"", ""cvar90_arrival_min"": ""lower"", ""deadline_miss_rate"": ""lower"", ""duplicate_dispatches"": ""lower"", ""fake_dispatches"": ""lower"", ""latent_harm"": ""lower"", ""max_arrival_min"": ""lower"", ""mean_arrival_min"": ""lower"", ""merge_caused_misses"": ""lower"", ""split_trips"": ""lower"", ""total_fleet_workload_min"": ""lower"", ""unique_population_reached_by_deadline_rate"": ""higher"", ""unserved_genuine_incidents"": ""lower""}","{""numpy"": ""2.5.1"", ""pandas"": ""3.0.3"", ""scipy"": ""1.18.0""}"
partition,product_cij,oracle,"{""policy"": ""first_report_fifo""}",latent_harm,lower,-814.1932413,178.9111443,-782.3836084,"[-869.4555921761557, -760.343007079565]",814.1932413,1.818989404e-12,2.546585165e-11,0,40,0,40,0,-4.550824626,-1,positive means candidate is better,40,4.1.0,test:3000-3039,a7c7a3f7ea63e57f1d98bd42f21c02aa04a69eaa37c824584a2be65f00f2d7e1,"{""numpy"": ""2.0.2"", ""pandas"": ""2.2.2"", ""python-louvain"": ""0.16"", ""scikit-learn"": ""1.6.1"", ""scipy"": ""1.16.3""}","{""additive"": {""calibration_objective"": 0.024220283682757516, ""knn"": 8, ""q"": 0.95}, ""error_model"": ""conservative-v1"", ""product"": {""knn"": 8, ""resolution"": 1.2, ""sigma_geo_m"": 900.0, ""tau_temp_min"": 60.0, ""threshold_quantile"": 0.95, ""track"": ""operational_label_free""}}","{""arrival_equity_gap_min"": ""lower"", ""boat_workload_cv"": ""lower"", ""cvar90_arrival_min"": ""lower"", ""deadline_miss_rate"": ""lower"", ""duplicate_dispatches"": ""lower"", ""fake_dispatches"": ""lower"", ""latent_harm"": ""lower"", ""max_arrival_min"": ""lower"", ""mean_arrival_min"": ""lower"", ""merge_caused_misses"": ""lower"", ""split_trips"": ""lower"", ""total_fleet_workload_min"": ""lower"", ""unique_population_reached_by_deadline_rate"": ""higher"", ""unserved_genuine_incidents"": ""lower""}","{""numpy"": ""2.5.1"", ""pandas"": ""3.0.3"", ""scipy"": ""1.18.0""}"
partition,product_cij,oracle,"{""policy"": ""first_report_fifo""}",deadline_miss_rate,lower,-0.1307291667,0.08505009155,-0.125,"[-0.15677083333333336, -0.1046875]",0.1307291667,8.878010237e-08,1.328484538e-07,2,40,1,37,2,-1.537084373,-0.9946018893,positive means candidate is better,40,4.1.0,test:3000-3039,a7c7a3f7ea63e57f1d98bd42f21c02aa04a69eaa37c824584a2be65f00f2d7e1,"{""numpy"": ""2.0.2"", ""pandas"": ""2.2.2"", ""python-louvain"": ""0.16"", ""scikit-learn"": ""1.6.1"", ""scipy"": ""1.16.3""}","{""additive"": {""calibration_objective"": 0.024220283682757516, ""knn"": 8, ""q"": 0.95}, ""error_model"": ""conservative-v1"", ""product"": {""knn"": 8, ""resolution"": 1.2, ""sigma_geo_m"": 900.0, ""tau_temp_min"": 60.0, ""threshold_quantile"": 0.95, ""track"": ""operational_label_free""}}","{""arrival_equity_gap_min"": ""lower"", ""boat_workload_cv"": ""lower"", ""cvar90_arrival_min"": ""lower"", ""deadline_miss_rate"": ""lower"", ""duplicate_dispatches"": ""lower"", ""fake_dispatches"": ""lower"", ""latent_harm"": ""lower"", ""max_arrival_min"": ""lower"", ""mean_arrival_min"": ""lower"", ""merge_caused_misses"": ""lower"", ""split_trips"": ""lower"", ""total_fleet_workload_min"": ""lower"", ""unique_population_reached_by_deadline_rate"": ""higher"", ""unserved_genuine_incidents"": ""lower""}","{""numpy"": ""2.5.1"", ""pandas"": ""3.0.3"", ""scipy"": ""1.18.0""}"
partition,product_cij,oracle,"{""policy"": ""first_report_fifo""}",mean_arrival_min,lower,-838.7273705,148.0043589,-801.5852926,"[-885.5737150503085, -793.5880385822459]",838.7273705,1.818989404e-12,2.546585165e-11,0,40,0,40,0,-5.666909927,-1,positive means candidate is better,40,4.1.0,test:3000-3039,a7c7a3f7ea63e57f1d98bd42f21c02aa04a69eaa37c824584a2be65f00f2d7e1,"{""numpy"": ""2.0.2"", ""pandas"": ""2.2.2"", ""python-louvain"": ""0.16"", ""scikit-learn"": ""1.6.1"", ""scipy"": ""1.16.3""}","{""additive"": {""calibration_objective"": 0.024220283682757516, ""knn"": 8, ""q"": 0.95}, ""error_model"": ""conservative-v1"", ""product"": {""knn"": 8, ""resolution"": 1.2, ""sigma_geo_m"": 900.0, ""tau_temp_min"": 60.0, ""threshold_quantile"": 0.95, ""track"": ""operational_label_free""}}","{""arrival_equity_gap_min"": ""lower"", ""boat_workload_cv"": ""lower"", ""cvar90_arrival_min"": ""lower"", ""deadline_miss_rate"": ""lower"", ""duplicate_dispatches"": ""lower"", ""fake_dispatches"": ""lower"", ""latent_harm"": ""lower"", ""max_arrival_min"": ""lower"", ""mean_arrival_min"": ""lower"", ""merge_caused_misses"": ""lower"", ""split_trips"": ""lower"", ""total_fleet_workload_min"": ""lower"", ""unique_population_reached_by_deadline_rate"": ""higher"", ""unserved_genuine_incidents"": ""lower""}","{""numpy"": ""2.5.1"", ""pandas"": ""3.0.3"", ""scipy"": ""1.18.0""}"
partition,product_cij,oracle,"{""policy"": ""first_report_fifo""}",max_arrival_min,lower,-1846.792459,288.159927,-1873.297817,"[-1934.4884763939167, -1759.1900887522709]",1846.792459,1.818989404e-12,2.546585165e-11,0,40,0,40,0,-6.408914934,-1,positive means candidate is better,40,4.1.0,test:3000-3039,a7c7a3f7ea63e57f1d98bd42f21c02aa04a69eaa37c824584a2be65f00f2d7e1,"{""numpy"": ""2.0.2"", ""pandas"": ""2.2.2"", ""python-louvain"": ""0.16"", ""scikit-learn"": ""1.6.1"", ""scipy"": ""1.16.3""}","{""additive"": {""calibration_objective"": 0.024220283682757516, ""knn"": 8, ""q"": 0.95}, ""error_model"": ""conservative-v1"", ""product"": {""knn"": 8, ""resolution"": 1.2, ""sigma_geo_m"": 900.0, ""tau_temp_min"": 60.0, ""threshold_quantile"": 0.95, ""track"": ""operational_label_free""}}","{""arrival_equity_gap_min"": ""lower"", ""boat_workload_cv"": ""lower"", ""cvar90_arrival_min"": ""lower"", ""deadline_miss_rate"": ""lower"", ""duplicate_dispatches"": ""lower"", ""fake_dispatches"": ""lower"", ""latent_harm"": ""lower"", ""max_arrival_min"": ""lower"", ""mean_arrival_min"": ""lower"", ""merge_caused_misses"": ""lower"", ""split_trips"": ""lower"", ""total_fleet_workload_min"": ""lower"", ""unique_population_reached_by_deadline_rate"": ""higher"", ""unserved_genuine_incidents"": ""lower""}","{""numpy"": ""2.5.1"", ""pandas"": ""3.0.3"", ""scipy"": ""1.18.0""}"
partition,product_cij,oracle,"{""policy"": ""first_report_fifo""}",cvar90_arrival_min,lower,-1770.242295,268.7593811,-1818.93693,"[-1851.2252389407709, -1687.9005164174378]",1770.242295,1.818989404e-12,2.546585165e-11,0,40,0,40,0,-6.586718156,-1,positive means candidate is better,40,4.1.0,test:3000-3039,a7c7a3f7ea63e57f1d98bd42f21c02aa04a69eaa37c824584a2be65f00f2d7e1,"{""numpy"": ""2.0.2"", ""pandas"": ""2.2.2"", ""python-louvain"": ""0.16"", ""scikit-learn"": ""1.6.1"", ""scipy"": ""1.16.3""}","{""additive"": {""calibration_objective"": 0.024220283682757516, ""knn"": 8, ""q"": 0.95}, ""error_model"": ""conservative-v1"", ""product"": {""knn"": 8, ""resolution"": 1.2, ""sigma_geo_m"": 900.0, ""tau_temp_min"": 60.0, ""threshold_quantile"": 0.95, ""track"": ""operational_label_free""}}","{""arrival_equity_gap_min"": ""lower"", ""boat_workload_cv"": ""lower"", ""cvar90_arrival_min"": ""lower"", ""deadline_miss_rate"": ""lower"", ""duplicate_dispatches"": ""lower"", ""fake_dispatches"": ""lower"", ""latent_harm"": ""lower"", ""max_arrival_min"": ""lower"", ""mean_arrival_min"": ""lower"", ""merge_caused_misses"": ""lower"", ""split_trips"": ""lower"", ""total_fleet_workload_min"": ""lower"", ""unique_population_reached_by_deadline_rate"": ""higher"", ""unserved_genuine_incidents"": ""lower""}","{""numpy"": ""2.5.1"", ""pandas"": ""3.0.3"", ""scipy"": ""1.18.0""}"
partition,product_cij,oracle,"{""policy"": ""first_report_fifo""}",unique_population_reached_by_deadline_rate,higher,-0.1277558285,0.09040274093,-0.1189364339,"[-0.15621759729616666, -0.10033210456176461]",-0.1277558285,6.642422688e-08,1.328484538e-07,3,40,2,37,1,-1.413185344,-0.9923076923,positive means candidate is better,40,4.1.0,test:3000-3039,a7c7a3f7ea63e57f1d98bd42f21c02aa04a69eaa37c824584a2be65f00f2d7e1,"{""numpy"": ""2.0.2"", ""pandas"": ""2.2.2"", ""python-louvain"": ""0.16"", ""scikit-learn"": ""1.6.1"", ""scipy"": ""1.16.3""}","{""additive"": {""calibration_objective"": 0.024220283682757516, ""knn"": 8, ""q"": 0.95}, ""error_model"": ""conservative-v1"", ""product"": {""knn"": 8, ""resolution"": 1.2, ""sigma_geo_m"": 900.0, ""tau_temp_min"": 60.0, ""threshold_quantile"": 0.95, ""track"": ""operational_label_free""}}","{""arrival_equity_gap_min"": ""lower"", ""boat_workload_cv"": ""lower"", ""cvar90_arrival_min"": ""lower"", ""deadline_miss_rate"": ""lower"", ""duplicate_dispatches"": ""lower"", ""fake_dispatches"": ""lower"", ""latent_harm"": ""lower"", ""max_arrival_min"": ""lower"", ""mean_arrival_min"": ""lower"", ""merge_caused_misses"": ""lower"", ""split_trips"": ""lower"", ""total_fleet_workload_min"": ""lower"", ""unique_population_reached_by_deadline_rate"": ""higher"", ""unserved_genuine_incidents"": ""lower""}","{""numpy"": ""2.5.1"", ""pandas"": ""3.0.3"", ""scipy"": ""1.18.0""}"
partition,product_cij,oracle,"{""policy"": ""first_report_fifo""}",total_fleet_workload_min,lower,-6809.761495,549.7212019,-6814.30149,"[-6978.358273905209, -6639.732352269377]",6809.761495,1.818989404e-12,2.546585165e-11,0,40,0,40,0,-12.38766391,-1,positive means candidate is better,40,4.1.0,test:3000-3039,a7c7a3f7ea63e57f1d98bd42f21c02aa04a69eaa37c824584a2be65f00f2d7e1,"{""numpy"": ""2.0.2"", ""pandas"": ""2.2.2"", ""python-louvain"": ""0.16"", ""scikit-learn"": ""1.6.1"", ""scipy"": ""1.16.3""}","{""additive"": {""calibration_objective"": 0.024220283682757516, ""knn"": 8, ""q"": 0.95}, ""error_model"": ""conservative-v1"", ""product"": {""knn"": 8, ""resolution"": 1.2, ""sigma_geo_m"": 900.0, ""tau_temp_min"": 60.0, ""threshold_quantile"": 0.95, ""track"": ""operational_label_free""}}","{""arrival_equity_gap_min"": ""lower"", ""boat_workload_cv"": ""lower"", ""cvar90_arrival_min"": ""lower"", ""deadline_miss_rate"": ""lower"", ""duplicate_dispatches"": ""lower"", ""fake_dispatches"": ""lower"", ""latent_harm"": ""lower"", ""max_arrival_min"": ""lower"", ""mean_arrival_min"": ""lower"", ""merge_caused_misses"": ""lower"", ""split_trips"": ""lower"", ""total_fleet_workload_min"": ""lower"", ""unique_population_reached_by_deadline_rate"": ""higher"", ""unserved_genuine_incidents"": ""lower""}","{""numpy"": ""2.5.1"", ""pandas"": ""3.0.3"", ""scipy"": ""1.18.0""}"
partition,product_cij,oracle,"{""policy"": ""first_report_fifo""}",boat_workload_cv,lower,0.06181829002,0.02123535105,0.05719906858,"[0.055682339488933995, 0.068471728817021]",-0.06181829002,1.818989404e-12,2.546585165e-11,0,40,40,0,0,2.911102806,1,positive means candidate is better,40,4.1.0,test:3000-3039,a7c7a3f7ea63e57f1d98bd42f21c02aa04a69eaa37c824584a2be65f00f2d7e1,"{""numpy"": ""2.0.2"", ""pandas"": ""2.2.2"", ""python-louvain"": ""0.16"", ""scikit-learn"": ""1.6.1"", ""scipy"": ""1.16.3""}","{""additive"": {""calibration_objective"": 0.024220283682757516, ""knn"": 8, ""q"": 0.95}, ""error_model"": ""conservative-v1"", ""product"": {""knn"": 8, ""resolution"": 1.2, ""sigma_geo_m"": 900.0, ""tau_temp_min"": 60.0, ""threshold_quantile"": 0.95, ""track"": ""operational_label_free""}}","{""arrival_equity_gap_min"": ""lower"", ""boat_workload_cv"": ""lower"", ""cvar90_arrival_min"": ""lower"", ""deadline_miss_rate"": ""lower"", ""duplicate_dispatches"": ""lower"", ""fake_dispatches"": ""lower"", ""latent_harm"": ""lower"", ""max_arrival_min"": ""lower"", ""mean_arrival_min"": ""lower"", ""merge_caused_misses"": ""lower"", ""split_trips"": ""lower"", ""total_fleet_workload_min"": ""lower"", ""unique_population_reached_by_deadline_rate"": ""higher"", ""unserved_genuine_incidents"": ""lower""}","{""numpy"": ""2.5.1"", ""pandas"": ""3.0.3"", ""scipy"": ""1.18.0""}"
partition,product_cij,oracle,"{""policy"": ""first_report_fifo""}",arrival_equity_gap_min,lower,-790.4155422,245.3578549,-800.0582627,"[-864.7152449670834, -715.6761018045667]",790.4155422,1.818989404e-12,2.546585165e-11,0,40,0,40,0,-3.221480488,-1,positive means candidate is better,40,4.1.0,test:3000-3039,a7c7a3f7ea63e57f1d98bd42f21c02aa04a69eaa37c824584a2be65f00f2d7e1,"{""numpy"": ""2.0.2"", ""pandas"": ""2.2.2"", ""python-louvain"": ""0.16"", ""scikit-learn"": ""1.6.1"", ""scipy"": ""1.16.3""}","{""additive"": {""calibration_objective"": 0.024220283682757516, ""knn"": 8, ""q"": 0.95}, ""error_model"": ""conservative-v1"", ""product"": {""knn"": 8, ""resolution"": 1.2, ""sigma_geo_m"": 900.0, ""tau_temp_min"": 60.0, ""threshold_quantile"": 0.95, ""track"": ""operational_label_free""}}","{""arrival_equity_gap_min"": ""lower"", ""boat_workload_cv"": ""lower"", ""cvar90_arrival_min"": ""lower"", ""deadline_miss_rate"": ""lower"", ""duplicate_dispatches"": ""lower"", ""fake_dispatches"": ""lower"", ""latent_harm"": ""lower"", ""max_arrival_min"": ""lower"", ""mean_arrival_min"": ""lower"", ""merge_caused_misses"": ""lower"", ""split_trips"": ""lower"", ""total_fleet_workload_min"": ""lower"", ""unique_population_reached_by_deadline_rate"": ""higher"", ""unserved_genuine_incidents"": ""lower""}","{""numpy"": ""2.5.1"", ""pandas"": ""3.0.3"", ""scipy"": ""1.18.0""}"
partition,product_cij,oracle,"{""policy"": ""first_report_fifo""}",split_trips,lower,-2.3,1.264911064,-2,"[-2.725, -1.925]",2.3,2.536302824e-08,1.01452113e-07,0,40,0,40,0,-1.818309655,-1,positive means candidate is better,40,4.1.0,test:3000-3039,a7c7a3f7ea63e57f1d98bd42f21c02aa04a69eaa37c824584a2be65f00f2d7e1,"{""numpy"": ""2.0.2"", ""pandas"": ""2.2.2"", ""python-louvain"": ""0.16"", ""scikit-learn"": ""1.6.1"", ""scipy"": ""1.16.3""}","{""additive"": {""calibration_objective"": 0.024220283682757516, ""knn"": 8, ""q"": 0.95}, ""error_model"": ""conservative-v1"", ""product"": {""knn"": 8, ""resolution"": 1.2, ""sigma_geo_m"": 900.0, ""tau_temp_min"": 60.0, ""threshold_quantile"": 0.95, ""track"": ""operational_label_free""}}","{""arrival_equity_gap_min"": ""lower"", ""boat_workload_cv"": ""lower"", ""cvar90_arrival_min"": ""lower"", ""deadline_miss_rate"": ""lower"", ""duplicate_dispatches"": ""lower"", ""fake_dispatches"": ""lower"", ""latent_harm"": ""lower"", ""max_arrival_min"": ""lower"", ""mean_arrival_min"": ""lower"", ""merge_caused_misses"": ""lower"", ""split_trips"": ""lower"", ""total_fleet_workload_min"": ""lower"", ""unique_population_reached_by_deadline_rate"": ""higher"", ""unserved_genuine_incidents"": ""lower""}","{""numpy"": ""2.5.1"", ""pandas"": ""3.0.3"", ""scipy"": ""1.18.0""}"
partition,product_cij,oracle,"{""policy"": ""first_report_fifo""}",merge_caused_misses,lower,-1.025,0.158113883,-1,"[-1.075, -1.0]",1.025,4.040854277e-10,2.828597994e-09,0,40,0,40,0,-6.482669203,-1,positive means candidate is better,40,4.1.0,test:3000-3039,a7c7a3f7ea63e57f1d98bd42f21c02aa04a69eaa37c824584a2be65f00f2d7e1,"{""numpy"": ""2.0.2"", ""pandas"": ""2.2.2"", ""python-louvain"": ""0.16"", ""scikit-learn"": ""1.6.1"", ""scipy"": ""1.16.3""}","{""additive"": {""calibration_objective"": 0.024220283682757516, ""knn"": 8, ""q"": 0.95}, ""error_model"": ""conservative-v1"", ""product"": {""knn"": 8, ""resolution"": 1.2, ""sigma_geo_m"": 900.0, ""tau_temp_min"": 60.0, ""threshold_quantile"": 0.95, ""track"": ""operational_label_free""}}","{""arrival_equity_gap_min"": ""lower"", ""boat_workload_cv"": ""lower"", ""cvar90_arrival_min"": ""lower"", ""deadline_miss_rate"": ""lower"", ""duplicate_dispatches"": ""lower"", ""fake_dispatches"": ""lower"", ""latent_harm"": ""lower"", ""max_arrival_min"": ""lower"", ""mean_arrival_min"": ""lower"", ""merge_caused_misses"": ""lower"", ""split_trips"": ""lower"", ""total_fleet_workload_min"": ""lower"", ""unique_population_reached_by_deadline_rate"": ""higher"", ""unserved_genuine_incidents"": ""lower""}","{""numpy"": ""2.5.1"", ""pandas"": ""3.0.3"", ""scipy"": ""1.18.0""}"
partition,product_cij,oracle,"{""policy"": ""first_report_fifo""}",fake_dispatches,lower,-34.9,0.3038218101,-35,"[-34.975, -34.8]",34.9,1.279801006e-09,6.399005029e-09,0,40,0,40,0,-114.8699627,-1,positive means candidate is better,40,4.1.0,test:3000-3039,a7c7a3f7ea63e57f1d98bd42f21c02aa04a69eaa37c824584a2be65f00f2d7e1,"{""numpy"": ""2.0.2"", ""pandas"": ""2.2.2"", ""python-louvain"": ""0.16"", ""scikit-learn"": ""1.6.1"", ""scipy"": ""1.16.3""}","{""additive"": {""calibration_objective"": 0.024220283682757516, ""knn"": 8, ""q"": 0.95}, ""error_model"": ""conservative-v1"", ""product"": {""knn"": 8, ""resolution"": 1.2, ""sigma_geo_m"": 900.0, ""tau_temp_min"": 60.0, ""threshold_quantile"": 0.95, ""track"": ""operational_label_free""}}","{""arrival_equity_gap_min"": ""lower"", ""boat_workload_cv"": ""lower"", ""cvar90_arrival_min"": ""lower"", ""deadline_miss_rate"": ""lower"", ""duplicate_dispatches"": ""lower"", ""fake_dispatches"": ""lower"", ""latent_harm"": ""lower"", ""max_arrival_min"": ""lower"", ""mean_arrival_min"": ""lower"", ""merge_caused_misses"": ""lower"", ""split_trips"": ""lower"", ""total_fleet_workload_min"": ""lower"", ""unique_population_reached_by_deadline_rate"": ""higher"", ""unserved_genuine_incidents"": ""lower""}","{""numpy"": ""2.5.1"", ""pandas"": ""3.0.3"", ""scipy"": ""1.18.0""}"
partition,product_cij,oracle,"{""policy"": ""first_report_fifo""}",duplicate_dispatches,lower,-2.3,1.264911064,-2,"[-2.725, -1.925]",2.3,2.536302824e-08,1.01452113e-07,0,40,0,40,0,-1.818309655,-1,positive means candidate is better,40,4.1.0,test:3000-3039,a7c7a3f7ea63e57f1d98bd42f21c02aa04a69eaa37c824584a2be65f00f2d7e1,"{""numpy"": ""2.0.2"", ""pandas"": ""2.2.2"", ""python-louvain"": ""0.16"", ""scikit-learn"": ""1.6.1"", ""scipy"": ""1.16.3""}","{""additive"": {""calibration_objective"": 0.024220283682757516, ""knn"": 8, ""q"": 0.95}, ""error_model"": ""conservative-v1"", ""product"": {""knn"": 8, ""resolution"": 1.2, ""sigma_geo_m"": 900.0, ""tau_temp_min"": 60.0, ""threshold_quantile"": 0.95, ""track"": ""operational_label_free""}}","{""arrival_equity_gap_min"": ""lower"", ""boat_workload_cv"": ""lower"", ""cvar90_arrival_min"": ""lower"", ""deadline_miss_rate"": ""lower"", ""duplicate_dispatches"": ""lower"", ""fake_dispatches"": ""lower"", ""latent_harm"": ""lower"", ""max_arrival_min"": ""lower"", ""mean_arrival_min"": ""lower"", ""merge_caused_misses"": ""lower"", ""split_trips"": ""lower"", ""total_fleet_workload_min"": ""lower"", ""unique_population_reached_by_deadline_rate"": ""higher"", ""unserved_genuine_incidents"": ""lower""}","{""numpy"": ""2.5.1"", ""pandas"": ""3.0.3"", ""scipy"": ""1.18.0""}"
partition,product_cij,oracle,"{""policy"": ""first_report_fifo""}",unserved_genuine_incidents,lower,-1.025,0.158113883,-1,"[-1.075, -1.0]",1.025,4.040854277e-10,2.828597994e-09,0,40,0,40,0,-6.482669203,-1,positive means candidate is better,40,4.1.0,test:3000-3039,a7c7a3f7ea63e57f1d98bd42f21c02aa04a69eaa37c824584a2be65f00f2d7e1,"{""numpy"": ""2.0.2"", ""pandas"": ""2.2.2"", ""python-louvain"": ""0.16"", ""scikit-learn"": ""1.6.1"", ""scipy"": ""1.16.3""}","{""additive"": {""calibration_objective"": 0.024220283682757516, ""knn"": 8, ""q"": 0.95}, ""error_model"": ""conservative-v1"", ""product"": {""knn"": 8, ""resolution"": 1.2, ""sigma_geo_m"": 900.0, ""tau_temp_min"": 60.0, ""threshold_quantile"": 0.95, ""track"": ""operational_label_free""}}","{""arrival_equity_gap_min"": ""lower"", ""boat_workload_cv"": ""lower"", ""cvar90_arrival_min"": ""lower"", ""deadline_miss_rate"": ""lower"", ""duplicate_dispatches"": ""lower"", ""fake_dispatches"": ""lower"", ""latent_harm"": ""lower"", ""max_arrival_min"": ""lower"", ""mean_arrival_min"": ""lower"", ""merge_caused_misses"": ""lower"", ""split_trips"": ""lower"", ""total_fleet_workload_min"": ""lower"", ""unique_population_reached_by_deadline_rate"": ""higher"", ""unserved_genuine_incidents"": ""lower""}","{""numpy"": ""2.5.1"", ""pandas"": ""3.0.3"", ""scipy"": ""1.18.0""}"
partition,product_cij,additive_cij_matched_density,"{""policy"": ""first_report_fifo""}",latent_harm,lower,-222.1677603,117.3129771,-208.0369659,"[-259.35355714306246, -186.75281877408335]",222.1677603,3.637978807e-12,3.637978807e-11,1,40,1,39,0,-1.893803787,-0.9975609756,positive means candidate is better,40,4.1.0,test:3000-3039,a7c7a3f7ea63e57f1d98bd42f21c02aa04a69eaa37c824584a2be65f00f2d7e1,"{""numpy"": ""2.0.2"", ""pandas"": ""2.2.2"", ""python-louvain"": ""0.16"", ""scikit-learn"": ""1.6.1"", ""scipy"": ""1.16.3""}","{""additive"": {""calibration_objective"": 0.024220283682757516, ""knn"": 8, ""q"": 0.95}, ""error_model"": ""conservative-v1"", ""product"": {""knn"": 8, ""resolution"": 1.2, ""sigma_geo_m"": 900.0, ""tau_temp_min"": 60.0, ""threshold_quantile"": 0.95, ""track"": ""operational_label_free""}}","{""arrival_equity_gap_min"": ""lower"", ""boat_workload_cv"": ""lower"", ""cvar90_arrival_min"": ""lower"", ""deadline_miss_rate"": ""lower"", ""duplicate_dispatches"": ""lower"", ""fake_dispatches"": ""lower"", ""latent_harm"": ""lower"", ""max_arrival_min"": ""lower"", ""mean_arrival_min"": ""lower"", ""merge_caused_misses"": ""lower"", ""split_trips"": ""lower"", ""total_fleet_workload_min"": ""lower"", ""unique_population_reached_by_deadline_rate"": ""higher"", ""unserved_genuine_incidents"": ""lower""}","{""numpy"": ""2.5.1"", ""pandas"": ""3.0.3"", ""scipy"": ""1.18.0""}"
partition,product_cij,additive_cij_matched_density,"{""policy"": ""first_report_fifo""}",deadline_miss_rate,lower,-0.0109375,0.02495878904,0,"[-0.019270833333333327, -0.0041666666666666605]",0.0109375,0.01238892278,0.03890209417,10,40,2,11,27,-0.4382223826,-0.7802197802,positive means candidate is better,40,4.1.0,test:3000-3039,a7c7a3f7ea63e57f1d98bd42f21c02aa04a69eaa37c824584a2be65f00f2d7e1,"{""numpy"": ""2.0.2"", ""pandas"": ""2.2.2"", ""python-louvain"": ""0.16"", ""scikit-learn"": ""1.6.1"", ""scipy"": ""1.16.3""}","{""additive"": {""calibration_objective"": 0.024220283682757516, ""knn"": 8, ""q"": 0.95}, ""error_model"": ""conservative-v1"", ""product"": {""knn"": 8, ""resolution"": 1.2, ""sigma_geo_m"": 900.0, ""tau_temp_min"": 60.0, ""threshold_quantile"": 0.95, ""track"": ""operational_label_free""}}","{""arrival_equity_gap_min"": ""lower"", ""boat_workload_cv"": ""lower"", ""cvar90_arrival_min"": ""lower"", ""deadline_miss_rate"": ""lower"", ""duplicate_dispatches"": ""lower"", ""fake_dispatches"": ""lower"", ""latent_harm"": ""lower"", ""max_arrival_min"": ""lower"", ""mean_arrival_min"": ""lower"", ""merge_caused_misses"": ""lower"", ""split_trips"": ""lower"", ""total_fleet_workload_min"": ""lower"", ""unique_population_reached_by_deadline_rate"": ""higher"", ""unserved_genuine_incidents"": ""lower""}","{""numpy"": ""2.5.1"", ""pandas"": ""3.0.3"", ""scipy"": ""1.18.0""}"
partition,product_cij,additive_cij_matched_density,"{""policy"": ""first_report_fifo""}",mean_arrival_min,lower,-230.042815,124.2008098,-218.3116469,"[-269.6034187563542, -193.6881746413959]",230.042815,3.637978807e-12,3.637978807e-11,1,40,1,39,0,-1.852184502,-0.9975609756,positive means candidate is better,40,4.1.0,test:3000-3039,a7c7a3f7ea63e57f1d98bd42f21c02aa04a69eaa37c824584a2be65f00f2d7e1,"{""numpy"": ""2.0.2"", ""pandas"": ""2.2.2"", ""python-louvain"": ""0.16"", ""scikit-learn"": ""1.6.1"", ""scipy"": ""1.16.3""}","{""additive"": {""calibration_objective"": 0.024220283682757516, ""knn"": 8, ""q"": 0.95}, ""error_model"": ""conservative-v1"", ""product"": {""knn"": 8, ""resolution"": 1.2, ""sigma_geo_m"": 900.0, ""tau_temp_min"": 60.0, ""threshold_quantile"": 0.95, ""track"": ""operational_label_free""}}","{""arrival_equity_gap_min"": ""lower"", ""boat_workload_cv"": ""lower"", ""cvar90_arrival_min"": ""lower"", ""deadline_miss_rate"": ""lower"", ""duplicate_dispatches"": ""lower"", ""fake_dispatches"": ""lower"", ""latent_harm"": ""lower"", ""max_arrival_min"": ""lower"", ""mean_arrival_min"": ""lower"", ""merge_caused_misses"": ""lower"", ""split_trips"": ""lower"", ""total_fleet_workload_min"": ""lower"", ""unique_population_reached_by_deadline_rate"": ""higher"", ""unserved_genuine_incidents"": ""lower""}","{""numpy"": ""2.5.1"", ""pandas"": ""3.0.3"", ""scipy"": ""1.18.0""}"
partition,product_cij,additive_cij_matched_density,"{""policy"": ""first_report_fifo""}",max_arrival_min,lower,-572.0034398,230.4488326,-526.1828698,"[-645.4626297816874, -503.71645369006245]",572.0034398,1.818989404e-12,2.546585165e-11,0,40,0,40,0,-2.482127739,-1,positive means candidate is better,40,4.1.0,test:3000-3039,a7c7a3f7ea63e57f1d98bd42f21c02aa04a69eaa37c824584a2be65f00f2d7e1,"{""numpy"": ""2.0.2"", ""pandas"": ""2.2.2"", ""python-louvain"": ""0.16"", ""scikit-learn"": ""1.6.1"", ""scipy"": ""1.16.3""}","{""additive"": {""calibration_objective"": 0.024220283682757516, ""knn"": 8, ""q"": 0.95}, ""error_model"": ""conservative-v1"", ""product"": {""knn"": 8, ""resolution"": 1.2, ""sigma_geo_m"": 900.0, ""tau_temp_min"": 60.0, ""threshold_quantile"": 0.95, ""track"": ""operational_label_free""}}","{""arrival_equity_gap_min"": ""lower"", ""boat_workload_cv"": ""lower"", ""cvar90_arrival_min"": ""lower"", ""deadline_miss_rate"": ""lower"", ""duplicate_dispatches"": ""lower"", ""fake_dispatches"": ""lower"", ""latent_harm"": ""lower"", ""max_arrival_min"": ""lower"", ""mean_arrival_min"": ""lower"", ""merge_caused_misses"": ""lower"", ""split_trips"": ""lower"", ""total_fleet_workload_min"": ""lower"", ""unique_population_reached_by_deadline_rate"": ""higher"", ""unserved_genuine_incidents"": ""lower""}","{""numpy"": ""2.5.1"", ""pandas"": ""3.0.3"", ""scipy"": ""1.18.0""}"
partition,product_cij,additive_cij_matched_density,"{""policy"": ""first_report_fifo""}",cvar90_arrival_min,lower,-542.6497963,231.1412727,-508.3186258,"[-614.8841641506876, -473.4907868939792]",542.6497963,1.818989404e-12,2.546585165e-11,0,40,0,40,0,-2.347697535,-1,positive means candidate is better,40,4.1.0,test:3000-3039,a7c7a3f7ea63e57f1d98bd42f21c02aa04a69eaa37c824584a2be65f00f2d7e1,"{""numpy"": ""2.0.2"", ""pandas"": ""2.2.2"", ""python-louvain"": ""0.16"", ""scikit-learn"": ""1.6.1"", ""scipy"": ""1.16.3""}","{""additive"": {""calibration_objective"": 0.024220283682757516, ""knn"": 8, ""q"": 0.95}, ""error_model"": ""conservative-v1"", ""product"": {""knn"": 8, ""resolution"": 1.2, ""sigma_geo_m"": 900.0, ""tau_temp_min"": 60.0, ""threshold_quantile"": 0.95, ""track"": ""operational_label_free""}}","{""arrival_equity_gap_min"": ""lower"", ""boat_workload_cv"": ""lower"", ""cvar90_arrival_min"": ""lower"", ""deadline_miss_rate"": ""lower"", ""duplicate_dispatches"": ""lower"", ""fake_dispatches"": ""lower"", ""latent_harm"": ""lower"", ""max_arrival_min"": ""lower"", ""mean_arrival_min"": ""lower"", ""merge_caused_misses"": ""lower"", ""split_trips"": ""lower"", ""total_fleet_workload_min"": ""lower"", ""unique_population_reached_by_deadline_rate"": ""higher"", ""unserved_genuine_incidents"": ""lower""}","{""numpy"": ""2.5.1"", ""pandas"": ""3.0.3"", ""scipy"": ""1.18.0""}"
partition,product_cij,additive_cij_matched_density,"{""policy"": ""first_report_fifo""}",unique_population_reached_by_deadline_rate,higher,-0.01090686448,0.02552528962,0,"[-0.01909084602790208, -0.003744636540031252]",-0.01090686448,0.009725523542,0.03890209417,18,40,4,12,24,-0.4272964044,-0.7352941176,positive means candidate is better,40,4.1.0,test:3000-3039,a7c7a3f7ea63e57f1d98bd42f21c02aa04a69eaa37c824584a2be65f00f2d7e1,"{""numpy"": ""2.0.2"", ""pandas"": ""2.2.2"", ""python-louvain"": ""0.16"", ""scikit-learn"": ""1.6.1"", ""scipy"": ""1.16.3""}","{""additive"": {""calibration_objective"": 0.024220283682757516, ""knn"": 8, ""q"": 0.95}, ""error_model"": ""conservative-v1"", ""product"": {""knn"": 8, ""resolution"": 1.2, ""sigma_geo_m"": 900.0, ""tau_temp_min"": 60.0, ""threshold_quantile"": 0.95, ""track"": ""operational_label_free""}}","{""arrival_equity_gap_min"": ""lower"", ""boat_workload_cv"": ""lower"", ""cvar90_arrival_min"": ""lower"", ""deadline_miss_rate"": ""lower"", ""duplicate_dispatches"": ""lower"", ""fake_dispatches"": ""lower"", ""latent_harm"": ""lower"", ""max_arrival_min"": ""lower"", ""mean_arrival_min"": ""lower"", ""merge_caused_misses"": ""lower"", ""split_trips"": ""lower"", ""total_fleet_workload_min"": ""lower"", ""unique_population_reached_by_deadline_rate"": ""higher"", ""unserved_genuine_incidents"": ""lower""}","{""numpy"": ""2.5.1"", ""pandas"": ""3.0.3"", ""scipy"": ""1.18.0""}"
partition,product_cij,additive_cij_matched_density,"{""policy"": ""first_report_fifo""}",total_fleet_workload_min,lower,-1826.257756,583.4277408,-1853.113596,"[-2014.3144306166664, -1651.722971939583]",1826.257756,1.818989404e-12,2.546585165e-11,0,40,0,40,0,-3.130220982,-1,positive means candidate is better,40,4.1.0,test:3000-3039,a7c7a3f7ea63e57f1d98bd42f21c02aa04a69eaa37c824584a2be65f00f2d7e1,"{""numpy"": ""2.0.2"", ""pandas"": ""2.2.2"", ""python-louvain"": ""0.16"", ""scikit-learn"": ""1.6.1"", ""scipy"": ""1.16.3""}","{""additive"": {""calibration_objective"": 0.024220283682757516, ""knn"": 8, ""q"": 0.95}, ""error_model"": ""conservative-v1"", ""product"": {""knn"": 8, ""resolution"": 1.2, ""sigma_geo_m"": 900.0, ""tau_temp_min"": 60.0, ""threshold_quantile"": 0.95, ""track"": ""operational_label_free""}}","{""arrival_equity_gap_min"": ""lower"", ""boat_workload_cv"": ""lower"", ""cvar90_arrival_min"": ""lower"", ""deadline_miss_rate"": ""lower"", ""duplicate_dispatches"": ""lower"", ""fake_dispatches"": ""lower"", ""latent_harm"": ""lower"", ""max_arrival_min"": ""lower"", ""mean_arrival_min"": ""lower"", ""merge_caused_misses"": ""lower"", ""split_trips"": ""lower"", ""total_fleet_workload_min"": ""lower"", ""unique_population_reached_by_deadline_rate"": ""higher"", ""unserved_genuine_incidents"": ""lower""}","{""numpy"": ""2.5.1"", ""pandas"": ""3.0.3"", ""scipy"": ""1.18.0""}"
partition,product_cij,additive_cij_matched_density,"{""policy"": ""first_report_fifo""}",boat_workload_cv,lower,0.003414483795,0.00718886651,0.003405661487,"[0.0012683943832212416, 0.005613721049901728]",-0.003414483795,0.006955192886,0.03477596443,212,40,27,13,0,0.4749683124,0.4829268293,positive means candidate is better,40,4.1.0,test:3000-3039,a7c7a3f7ea63e57f1d98bd42f21c02aa04a69eaa37c824584a2be65f00f2d7e1,"{""numpy"": ""2.0.2"", ""pandas"": ""2.2.2"", ""python-louvain"": ""0.16"", ""scikit-learn"": ""1.6.1"", ""scipy"": ""1.16.3""}","{""additive"": {""calibration_objective"": 0.024220283682757516, ""knn"": 8, ""q"": 0.95}, ""error_model"": ""conservative-v1"", ""product"": {""knn"": 8, ""resolution"": 1.2, ""sigma_geo_m"": 900.0, ""tau_temp_min"": 60.0, ""threshold_quantile"": 0.95, ""track"": ""operational_label_free""}}","{""arrival_equity_gap_min"": ""lower"", ""boat_workload_cv"": ""lower"", ""cvar90_arrival_min"": ""lower"", ""deadline_miss_rate"": ""lower"", ""duplicate_dispatches"": ""lower"", ""fake_dispatches"": ""lower"", ""latent_harm"": ""lower"", ""max_arrival_min"": ""lower"", ""mean_arrival_min"": ""lower"", ""merge_caused_misses"": ""lower"", ""split_trips"": ""lower"", ""total_fleet_workload_min"": ""lower"", ""unique_population_reached_by_deadline_rate"": ""higher"", ""unserved_genuine_incidents"": ""lower""}","{""numpy"": ""2.5.1"", ""pandas"": ""3.0.3"", ""scipy"": ""1.18.0""}"
partition,product_cij,additive_cij_matched_density,"{""policy"": ""first_report_fifo""}",arrival_equity_gap_min,lower,-243.9380352,133.5498281,-251.00674,"[-286.50393562295835, -205.36845042139583]",243.9380352,1.818989404e-12,2.546585165e-11,0,40,0,40,0,-1.826569444,-1,positive means candidate is better,40,4.1.0,test:3000-3039,a7c7a3f7ea63e57f1d98bd42f21c02aa04a69eaa37c824584a2be65f00f2d7e1,"{""numpy"": ""2.0.2"", ""pandas"": ""2.2.2"", ""python-louvain"": ""0.16"", ""scikit-learn"": ""1.6.1"", ""scipy"": ""1.16.3""}","{""additive"": {""calibration_objective"": 0.024220283682757516, ""knn"": 8, ""q"": 0.95}, ""error_model"": ""conservative-v1"", ""product"": {""knn"": 8, ""resolution"": 1.2, ""sigma_geo_m"": 900.0, ""tau_temp_min"": 60.0, ""threshold_quantile"": 0.95, ""track"": ""operational_label_free""}}","{""arrival_equity_gap_min"": ""lower"", ""boat_workload_cv"": ""lower"", ""cvar90_arrival_min"": ""lower"", ""deadline_miss_rate"": ""lower"", ""duplicate_dispatches"": ""lower"", ""fake_dispatches"": ""lower"", ""latent_harm"": ""lower"", ""max_arrival_min"": ""lower"", ""mean_arrival_min"": ""lower"", ""merge_caused_misses"": ""lower"", ""split_trips"": ""lower"", ""total_fleet_workload_min"": ""lower"", ""unique_population_reached_by_deadline_rate"": ""higher"", ""unserved_genuine_incidents"": ""lower""}","{""numpy"": ""2.5.1"", ""pandas"": ""3.0.3"", ""scipy"": ""1.18.0""}"
partition,product_cij,additive_cij_matched_density,"{""policy"": ""first_report_fifo""}",split_trips,lower,-1.125,1.158856643,-1,"[-1.5, -0.775]",1.125,6.529374497e-06,4.570562148e-05,36.5,40,2,31,7,-0.9707844428,-0.8698752228,positive means candidate is better,40,4.1.0,test:3000-3039,a7c7a3f7ea63e57f1d98bd42f21c02aa04a69eaa37c824584a2be65f00f2d7e1,"{""numpy"": ""2.0.2"", ""pandas"": ""2.2.2"", ""python-louvain"": ""0.16"", ""scikit-learn"": ""1.6.1"", ""scipy"": ""1.16.3""}","{""additive"": {""calibration_objective"": 0.024220283682757516, ""knn"": 8, ""q"": 0.95}, ""error_model"": ""conservative-v1"", ""product"": {""knn"": 8, ""resolution"": 1.2, ""sigma_geo_m"": 900.0, ""tau_temp_min"": 60.0, ""threshold_quantile"": 0.95, ""track"": ""operational_label_free""}}","{""arrival_equity_gap_min"": ""lower"", ""boat_workload_cv"": ""lower"", ""cvar90_arrival_min"": ""lower"", ""deadline_miss_rate"": ""lower"", ""duplicate_dispatches"": ""lower"", ""fake_dispatches"": ""lower"", ""latent_harm"": ""lower"", ""max_arrival_min"": ""lower"", ""mean_arrival_min"": ""lower"", ""merge_caused_misses"": ""lower"", ""split_trips"": ""lower"", ""total_fleet_workload_min"": ""lower"", ""unique_population_reached_by_deadline_rate"": ""higher"", ""unserved_genuine_incidents"": ""lower""}","{""numpy"": ""2.5.1"", ""pandas"": ""3.0.3"", ""scipy"": ""1.18.0""}"
partition,product_cij,additive_cij_matched_density,"{""policy"": ""first_report_fifo""}",merge_caused_misses,lower,-0.025,0.158113883,0,"[-0.075, 0.0]",0.025,0.3173105079,0.6346210157,0,40,0,1,39,-0.158113883,-1,positive means candidate is better,40,4.1.0,test:3000-3039,a7c7a3f7ea63e57f1d98bd42f21c02aa04a69eaa37c824584a2be65f00f2d7e1,"{""numpy"": ""2.0.2"", ""pandas"": ""2.2.2"", ""python-louvain"": ""0.16"", ""scikit-learn"": ""1.6.1"", ""scipy"": ""1.16.3""}","{""additive"": {""calibration_objective"": 0.024220283682757516, ""knn"": 8, ""q"": 0.95}, ""error_model"": ""conservative-v1"", ""product"": {""knn"": 8, ""resolution"": 1.2, ""sigma_geo_m"": 900.0, ""tau_temp_min"": 60.0, ""threshold_quantile"": 0.95, ""track"": ""operational_label_free""}}","{""arrival_equity_gap_min"": ""lower"", ""boat_workload_cv"": ""lower"", ""cvar90_arrival_min"": ""lower"", ""deadline_miss_rate"": ""lower"", ""duplicate_dispatches"": ""lower"", ""fake_dispatches"": ""lower"", ""latent_harm"": ""lower"", ""max_arrival_min"": ""lower"", ""mean_arrival_min"": ""lower"", ""merge_caused_misses"": ""lower"", ""split_trips"": ""lower"", ""total_fleet_workload_min"": ""lower"", ""unique_population_reached_by_deadline_rate"": ""higher"", ""unserved_genuine_incidents"": ""lower""}","{""numpy"": ""2.5.1"", ""pandas"": ""3.0.3"", ""scipy"": ""1.18.0""}"
partition,product_cij,additive_cij_matched_density,"{""policy"": ""first_report_fifo""}",fake_dispatches,lower,-8.275,2.782615446,-8,"[-9.15, -7.45]",8.275,3.328199581e-08,2.662559664e-07,0,40,0,40,0,-2.973820911,-1,positive means candidate is better,40,4.1.0,test:3000-3039,a7c7a3f7ea63e57f1d98bd42f21c02aa04a69eaa37c824584a2be65f00f2d7e1,"{""numpy"": ""2.0.2"", ""pandas"": ""2.2.2"", ""python-louvain"": ""0.16"", ""scikit-learn"": ""1.6.1"", ""scipy"": ""1.16.3""}","{""additive"": {""calibration_objective"": 0.024220283682757516, ""knn"": 8, ""q"": 0.95}, ""error_model"": ""conservative-v1"", ""product"": {""knn"": 8, ""resolution"": 1.2, ""sigma_geo_m"": 900.0, ""tau_temp_min"": 60.0, ""threshold_quantile"": 0.95, ""track"": ""operational_label_free""}}","{""arrival_equity_gap_min"": ""lower"", ""boat_workload_cv"": ""lower"", ""cvar90_arrival_min"": ""lower"", ""deadline_miss_rate"": ""lower"", ""duplicate_dispatches"": ""lower"", ""fake_dispatches"": ""lower"", ""latent_harm"": ""lower"", ""max_arrival_min"": ""lower"", ""mean_arrival_min"": ""lower"", ""merge_caused_misses"": ""lower"", ""split_trips"": ""lower"", ""total_fleet_workload_min"": ""lower"", ""unique_population_reached_by_deadline_rate"": ""higher"", ""unserved_genuine_incidents"": ""lower""}","{""numpy"": ""2.5.1"", ""pandas"": ""3.0.3"", ""scipy"": ""1.18.0""}"
partition,product_cij,additive_cij_matched_density,"{""policy"": ""first_report_fifo""}",duplicate_dispatches,lower,-1.125,1.158856643,-1,"[-1.5, -0.775]",1.125,6.529374497e-06,4.570562148e-05,36.5,40,2,31,7,-0.9707844428,-0.8698752228,positive means candidate is better,40,4.1.0,test:3000-3039,a7c7a3f7ea63e57f1d98bd42f21c02aa04a69eaa37c824584a2be65f00f2d7e1,"{""numpy"": ""2.0.2"", ""pandas"": ""2.2.2"", ""python-louvain"": ""0.16"", ""scikit-learn"": ""1.6.1"", ""scipy"": ""1.16.3""}","{""additive"": {""calibration_objective"": 0.024220283682757516, ""knn"": 8, ""q"": 0.95}, ""error_model"": ""conservative-v1"", ""product"": {""knn"": 8, ""resolution"": 1.2, ""sigma_geo_m"": 900.0, ""tau_temp_min"": 60.0, ""threshold_quantile"": 0.95, ""track"": ""operational_label_free""}}","{""arrival_equity_gap_min"": ""lower"", ""boat_workload_cv"": ""lower"", ""cvar90_arrival_min"": ""lower"", ""deadline_miss_rate"": ""lower"", ""duplicate_dispatches"": ""lower"", ""fake_dispatches"": ""lower"", ""latent_harm"": ""lower"", ""max_arrival_min"": ""lower"", ""mean_arrival_min"": ""lower"", ""merge_caused_misses"": ""lower"", ""split_trips"": ""lower"", ""total_fleet_workload_min"": ""lower"", ""unique_population_reached_by_deadline_rate"": ""higher"", ""unserved_genuine_incidents"": ""lower""}","{""numpy"": ""2.5.1"", ""pandas"": ""3.0.3"", ""scipy"": ""1.18.0""}"
partition,product_cij,additive_cij_matched_density,"{""policy"": ""first_report_fifo""}",unserved_genuine_incidents,lower,-0.025,0.158113883,0,"[-0.075, 0.0]",0.025,0.3173105079,0.6346210157,0,40,0,1,39,-0.158113883,-1,positive means candidate is better,40,4.1.0,test:3000-3039,a7c7a3f7ea63e57f1d98bd42f21c02aa04a69eaa37c824584a2be65f00f2d7e1,"{""numpy"": ""2.0.2"", ""pandas"": ""2.2.2"", ""python-louvain"": ""0.16"", ""scikit-learn"": ""1.6.1"", ""scipy"": ""1.16.3""}","{""additive"": {""calibration_objective"": 0.024220283682757516, ""knn"": 8, ""q"": 0.95}, ""error_model"": ""conservative-v1"", ""product"": {""knn"": 8, ""resolution"": 1.2, ""sigma_geo_m"": 900.0, ""tau_temp_min"": 60.0, ""threshold_quantile"": 0.95, ""track"": ""operational_label_free""}}","{""arrival_equity_gap_min"": ""lower"", ""boat_workload_cv"": ""lower"", ""cvar90_arrival_min"": ""lower"", ""deadline_miss_rate"": ""lower"", ""duplicate_dispatches"": ""lower"", ""fake_dispatches"": ""lower"", ""latent_harm"": ""lower"", ""max_arrival_min"": ""lower"", ""mean_arrival_min"": ""lower"", ""merge_caused_misses"": ""lower"", ""split_trips"": ""lower"", ""total_fleet_workload_min"": ""lower"", ""unique_population_reached_by_deadline_rate"": ""higher"", ""unserved_genuine_incidents"": ""lower""}","{""numpy"": ""2.5.1"", ""pandas"": ""3.0.3"", ""scipy"": ""1.18.0""}"
partition,product_cij,oracle,"{""policy"": ""legacy_priority""}",latent_harm,lower,-18.78904253,51.75585079,-14.6287222,"[-35.032556182239574, -3.28488406204168]",18.78904253,0.04080139504,0.08160279009,258,40,14,26,0,-0.3630322416,-0.3707317073,positive means candidate is better,40,4.1.0,test:3000-3039,a7c7a3f7ea63e57f1d98bd42f21c02aa04a69eaa37c824584a2be65f00f2d7e1,"{""numpy"": ""2.0.2"", ""pandas"": ""2.2.2"", ""python-louvain"": ""0.16"", ""scikit-learn"": ""1.6.1"", ""scipy"": ""1.16.3""}","{""additive"": {""calibration_objective"": 0.024220283682757516, ""knn"": 8, ""q"": 0.95}, ""error_model"": ""conservative-v1"", ""product"": {""knn"": 8, ""resolution"": 1.2, ""sigma_geo_m"": 900.0, ""tau_temp_min"": 60.0, ""threshold_quantile"": 0.95, ""track"": ""operational_label_free""}}","{""arrival_equity_gap_min"": ""lower"", ""boat_workload_cv"": ""lower"", ""cvar90_arrival_min"": ""lower"", ""deadline_miss_rate"": ""lower"", ""duplicate_dispatches"": ""lower"", ""fake_dispatches"": ""lower"", ""latent_harm"": ""lower"", ""max_arrival_min"": ""lower"", ""mean_arrival_min"": ""lower"", ""merge_caused_misses"": ""lower"", ""split_trips"": ""lower"", ""total_fleet_workload_min"": ""lower"", ""unique_population_reached_by_deadline_rate"": ""higher"", ""unserved_genuine_incidents"": ""lower""}","{""numpy"": ""2.5.1"", ""pandas"": ""3.0.3"", ""scipy"": ""1.18.0""}"
partition,product_cij,oracle,"{""policy"": ""legacy_priority""}",deadline_miss_rate,lower,-0.04635416667,0.06925521762,-0.04166666667,"[-0.06770833333333333, -0.025520833333333333]",0.04635416667,0.0003192294086,0.001596147043,72,40,7,25,8,-0.6693238179,-0.7272727273,positive means candidate is better,40,4.1.0,test:3000-3039,a7c7a3f7ea63e57f1d98bd42f21c02aa04a69eaa37c824584a2be65f00f2d7e1,"{""numpy"": ""2.0.2"", ""pandas"": ""2.2.2"", ""python-louvain"": ""0.16"", ""scikit-learn"": ""1.6.1"", ""scipy"": ""1.16.3""}","{""additive"": {""calibration_objective"": 0.024220283682757516, ""knn"": 8, ""q"": 0.95}, ""error_model"": ""conservative-v1"", ""product"": {""knn"": 8, ""resolution"": 1.2, ""sigma_geo_m"": 900.0, ""tau_temp_min"": 60.0, ""threshold_quantile"": 0.95, ""track"": ""operational_label_free""}}","{""arrival_equity_gap_min"": ""lower"", ""boat_workload_cv"": ""lower"", ""cvar90_arrival_min"": ""lower"", ""deadline_miss_rate"": ""lower"", ""duplicate_dispatches"": ""lower"", ""fake_dispatches"": ""lower"", ""latent_harm"": ""lower"", ""max_arrival_min"": ""lower"", ""mean_arrival_min"": ""lower"", ""merge_caused_misses"": ""lower"", ""split_trips"": ""lower"", ""total_fleet_workload_min"": ""lower"", ""unique_population_reached_by_deadline_rate"": ""higher"", ""unserved_genuine_incidents"": ""lower""}","{""numpy"": ""2.5.1"", ""pandas"": ""3.0.3"", ""scipy"": ""1.18.0""}"
partition,product_cij,oracle,"{""policy"": ""legacy_priority""}",mean_arrival_min,lower,-28.29465665,60.15449552,-12.53889527,"[-47.82473380454166, -10.695668796375006]",28.29465665,0.01019742316,0.03059226947,221,40,14,26,0,-0.4703664524,-0.4609756098,positive means candidate is better,40,4.1.0,test:3000-3039,a7c7a3f7ea63e57f1d98bd42f21c02aa04a69eaa37c824584a2be65f00f2d7e1,"{""numpy"": ""2.0.2"", ""pandas"": ""2.2.2"", ""python-louvain"": ""0.16"", ""scikit-learn"": ""1.6.1"", ""scipy"": ""1.16.3""}","{""additive"": {""calibration_objective"": 0.024220283682757516, ""knn"": 8, ""q"": 0.95}, ""error_model"": ""conservative-v1"", ""product"": {""knn"": 8, ""resolution"": 1.2, ""sigma_geo_m"": 900.0, ""tau_temp_min"": 60.0, ""threshold_quantile"": 0.95, ""track"": ""operational_label_free""}}","{""arrival_equity_gap_min"": ""lower"", ""boat_workload_cv"": ""lower"", ""cvar90_arrival_min"": ""lower"", ""deadline_miss_rate"": ""lower"", ""duplicate_dispatches"": ""lower"", ""fake_dispatches"": ""lower"", ""latent_harm"": ""lower"", ""max_arrival_min"": ""lower"", ""mean_arrival_min"": ""lower"", ""merge_caused_misses"": ""lower"", ""split_trips"": ""lower"", ""total_fleet_workload_min"": ""lower"", ""unique_population_reached_by_deadline_rate"": ""higher"", ""unserved_genuine_incidents"": ""lower""}","{""numpy"": ""2.5.1"", ""pandas"": ""3.0.3"", ""scipy"": ""1.18.0""}"
partition,product_cij,oracle,"{""policy"": ""legacy_priority""}",max_arrival_min,lower,-71.23468858,109.4716386,-81.6111682,"[-105.40810205627085, -39.383653110062546]",71.23468858,0.0001315457594,0.0007892745562,138,40,9,31,0,-0.6507136413,-0.6634146341,positive means candidate is better,40,4.1.0,test:3000-3039,a7c7a3f7ea63e57f1d98bd42f21c02aa04a69eaa37c824584a2be65f00f2d7e1,"{""numpy"": ""2.0.2"", ""pandas"": ""2.2.2"", ""python-louvain"": ""0.16"", ""scikit-learn"": ""1.6.1"", ""scipy"": ""1.16.3""}","{""additive"": {""calibration_objective"": 0.024220283682757516, ""knn"": 8, ""q"": 0.95}, ""error_model"": ""conservative-v1"", ""product"": {""knn"": 8, ""resolution"": 1.2, ""sigma_geo_m"": 900.0, ""tau_temp_min"": 60.0, ""threshold_quantile"": 0.95, ""track"": ""operational_label_free""}}","{""arrival_equity_gap_min"": ""lower"", ""boat_workload_cv"": ""lower"", ""cvar90_arrival_min"": ""lower"", ""deadline_miss_rate"": ""lower"", ""duplicate_dispatches"": ""lower"", ""fake_dispatches"": ""lower"", ""latent_harm"": ""lower"", ""max_arrival_min"": ""lower"", ""mean_arrival_min"": ""lower"", ""merge_caused_misses"": ""lower"", ""split_trips"": ""lower"", ""total_fleet_workload_min"": ""lower"", ""unique_population_reached_by_deadline_rate"": ""higher"", ""unserved_genuine_incidents"": ""lower""}","{""numpy"": ""2.5.1"", ""pandas"": ""3.0.3"", ""scipy"": ""1.18.0""}"
partition,product_cij,oracle,"{""policy"": ""legacy_priority""}",cvar90_arrival_min,lower,-69.3839571,101.1435565,-62.51530488,"[-101.4950914360625, -40.48747545981247]",69.3839571,6.268265497e-05,0.0004387785848,127,40,11,29,0,-0.6859948326,-0.6902439024,positive means candidate is better,40,4.1.0,test:3000-3039,a7c7a3f7ea63e57f1d98bd42f21c02aa04a69eaa37c824584a2be65f00f2d7e1,"{""numpy"": ""2.0.2"", ""pandas"": ""2.2.2"", ""python-louvain"": ""0.16"", ""scikit-learn"": ""1.6.1"", ""scipy"": ""1.16.3""}","{""additive"": {""calibration_objective"": 0.024220283682757516, ""knn"": 8, ""q"": 0.95}, ""error_model"": ""conservative-v1"", ""product"": {""knn"": 8, ""resolution"": 1.2, ""sigma_geo_m"": 900.0, ""tau_temp_min"": 60.0, ""threshold_quantile"": 0.95, ""track"": ""operational_label_free""}}","{""arrival_equity_gap_min"": ""lower"", ""boat_workload_cv"": ""lower"", ""cvar90_arrival_min"": ""lower"", ""deadline_miss_rate"": ""lower"", ""duplicate_dispatches"": ""lower"", ""fake_dispatches"": ""lower"", ""latent_harm"": ""lower"", ""max_arrival_min"": ""lower"", ""mean_arrival_min"": ""lower"", ""merge_caused_misses"": ""lower"", ""split_trips"": ""lower"", ""total_fleet_workload_min"": ""lower"", ""unique_population_reached_by_deadline_rate"": ""higher"", ""unserved_genuine_incidents"": ""lower""}","{""numpy"": ""2.5.1"", ""pandas"": ""3.0.3"", ""scipy"": ""1.18.0""}"
partition,product_cij,oracle,"{""policy"": ""legacy_priority""}",unique_population_reached_by_deadline_rate,higher,-0.04039644481,0.06314786083,-0.02786758118,"[-0.06026582913429584, -0.021287747154827088]",-0.04039644481,0.0006285761916,0.002514304766,145,40,10,29,1,-0.6397120073,-0.6282051282,positive means candidate is better,40,4.1.0,test:3000-3039,a7c7a3f7ea63e57f1d98bd42f21c02aa04a69eaa37c824584a2be65f00f2d7e1,"{""numpy"": ""2.0.2"", ""pandas"": ""2.2.2"", ""python-louvain"": ""0.16"", ""scikit-learn"": ""1.6.1"", ""scipy"": ""1.16.3""}","{""additive"": {""calibration_objective"": 0.024220283682757516, ""knn"": 8, ""q"": 0.95}, ""error_model"": ""conservative-v1"", ""product"": {""knn"": 8, ""resolution"": 1.2, ""sigma_geo_m"": 900.0, ""tau_temp_min"": 60.0, ""threshold_quantile"": 0.95, ""track"": ""operational_label_free""}}","{""arrival_equity_gap_min"": ""lower"", ""boat_workload_cv"": ""lower"", ""cvar90_arrival_min"": ""lower"", ""deadline_miss_rate"": ""lower"", ""duplicate_dispatches"": ""lower"", ""fake_dispatches"": ""lower"", ""latent_harm"": ""lower"", ""max_arrival_min"": ""lower"", ""mean_arrival_min"": ""lower"", ""merge_caused_misses"": ""lower"", ""split_trips"": ""lower"", ""total_fleet_workload_min"": ""lower"", ""unique_population_reached_by_deadline_rate"": ""higher"", ""unserved_genuine_incidents"": ""lower""}","{""numpy"": ""2.5.1"", ""pandas"": ""3.0.3"", ""scipy"": ""1.18.0""}"
partition,product_cij,oracle,"{""policy"": ""legacy_priority""}",total_fleet_workload_min,lower,-6749.782652,547.9436258,-6737.762826,"[-6921.5438516495815, -6590.513920438751]",6749.782652,1.818989404e-12,2.546585165e-11,0,40,0,40,0,-12.31838885,-1,positive means candidate is better,40,4.1.0,test:3000-3039,a7c7a3f7ea63e57f1d98bd42f21c02aa04a69eaa37c824584a2be65f00f2d7e1,"{""numpy"": ""2.0.2"", ""pandas"": ""2.2.2"", ""python-louvain"": ""0.16"", ""scikit-learn"": ""1.6.1"", ""scipy"": ""1.16.3""}","{""additive"": {""calibration_objective"": 0.024220283682757516, ""knn"": 8, ""q"": 0.95}, ""error_model"": ""conservative-v1"", ""product"": {""knn"": 8, ""resolution"": 1.2, ""sigma_geo_m"": 900.0, ""tau_temp_min"": 60.0, ""threshold_quantile"": 0.95, ""track"": ""operational_label_free""}}","{""arrival_equity_gap_min"": ""lower"", ""boat_workload_cv"": ""lower"", ""cvar90_arrival_min"": ""lower"", ""deadline_miss_rate"": ""lower"", ""duplicate_dispatches"": ""lower"", ""fake_dispatches"": ""lower"", ""latent_harm"": ""lower"", ""max_arrival_min"": ""lower"", ""mean_arrival_min"": ""lower"", ""merge_caused_misses"": ""lower"", ""split_trips"": ""lower"", ""total_fleet_workload_min"": ""lower"", ""unique_population_reached_by_deadline_rate"": ""higher"", ""unserved_genuine_incidents"": ""lower""}","{""numpy"": ""2.5.1"", ""pandas"": ""3.0.3"", ""scipy"": ""1.18.0""}"
partition,product_cij,oracle,"{""policy"": ""legacy_priority""}",boat_workload_cv,lower,0.06733106076,0.02402550709,0.06530286807,"[0.05978678063877286, 0.07461642662217971]",-0.06733106076,1.818989404e-12,2.546585165e-11,0,40,40,0,0,2.802482399,1,positive means candidate is better,40,4.1.0,test:3000-3039,a7c7a3f7ea63e57f1d98bd42f21c02aa04a69eaa37c824584a2be65f00f2d7e1,"{""numpy"": ""2.0.2"", ""pandas"": ""2.2.2"", ""python-louvain"": ""0.16"", ""scikit-learn"": ""1.6.1"", ""scipy"": ""1.16.3""}","{""additive"": {""calibration_objective"": 0.024220283682757516, ""knn"": 8, ""q"": 0.95}, ""error_model"": ""conservative-v1"", ""product"": {""knn"": 8, ""resolution"": 1.2, ""sigma_geo_m"": 900.0, ""tau_temp_min"": 60.0, ""threshold_quantile"": 0.95, ""track"": ""operational_label_free""}}","{""arrival_equity_gap_min"": ""lower"", ""boat_workload_cv"": ""lower"", ""cvar90_arrival_min"": ""lower"", ""deadline_miss_rate"": ""lower"", ""duplicate_dispatches"": ""lower"", ""fake_dispatches"": ""lower"", ""latent_harm"": ""lower"", ""max_arrival_min"": ""lower"", ""mean_arrival_min"": ""lower"", ""merge_caused_misses"": ""lower"", ""split_trips"": ""lower"", ""total_fleet_workload_min"": ""lower"", ""unique_population_reached_by_deadline_rate"": ""higher"", ""unserved_genuine_incidents"": ""lower""}","{""numpy"": ""2.5.1"", ""pandas"": ""3.0.3"", ""scipy"": ""1.18.0""}"
partition,product_cij,oracle,"{""policy"": ""legacy_priority""}",arrival_equity_gap_min,lower,-10.62903941,78.64096492,-17.27688635,"[-34.37265541441875, 13.529398690999955]",10.62903941,0.2886578498,0.2886578498,330,40,14,26,0,-0.1351590665,-0.1951219512,positive means candidate is better,40,4.1.0,test:3000-3039,a7c7a3f7ea63e57f1d98bd42f21c02aa04a69eaa37c824584a2be65f00f2d7e1,"{""numpy"": ""2.0.2"", ""pandas"": ""2.2.2"", ""python-louvain"": ""0.16"", ""scikit-learn"": ""1.6.1"", ""scipy"": ""1.16.3""}","{""additive"": {""calibration_objective"": 0.024220283682757516, ""knn"": 8, ""q"": 0.95}, ""error_model"": ""conservative-v1"", ""product"": {""knn"": 8, ""resolution"": 1.2, ""sigma_geo_m"": 900.0, ""tau_temp_min"": 60.0, ""threshold_quantile"": 0.95, ""track"": ""operational_label_free""}}","{""arrival_equity_gap_min"": ""lower"", ""boat_workload_cv"": ""lower"", ""cvar90_arrival_min"": ""lower"", ""deadline_miss_rate"": ""lower"", ""duplicate_dispatches"": ""lower"", ""fake_dispatches"": ""lower"", ""latent_harm"": ""lower"", ""max_arrival_min"": ""lower"", ""mean_arrival_min"": ""lower"", ""merge_caused_misses"": ""lower"", ""split_trips"": ""lower"", ""total_fleet_workload_min"": ""lower"", ""unique_population_reached_by_deadline_rate"": ""higher"", ""unserved_genuine_incidents"": ""lower""}","{""numpy"": ""2.5.1"", ""pandas"": ""3.0.3"", ""scipy"": ""1.18.0""}"
partition,product_cij,oracle,"{""policy"": ""legacy_priority""}",split_trips,lower,-2.3,1.264911064,-2,"[-2.725, -1.925]",2.3,2.536302824e-08,2.282672542e-07,0,40,0,40,0,-1.818309655,-1,positive means candidate is better,40,4.1.0,test:3000-3039,a7c7a3f7ea63e57f1d98bd42f21c02aa04a69eaa37c824584a2be65f00f2d7e1,"{""numpy"": ""2.0.2"", ""pandas"": ""2.2.2"", ""python-louvain"": ""0.16"", ""scikit-learn"": ""1.6.1"", ""scipy"": ""1.16.3""}","{""additive"": {""calibration_objective"": 0.024220283682757516, ""knn"": 8, ""q"": 0.95}, ""error_model"": ""conservative-v1"", ""product"": {""knn"": 8, ""resolution"": 1.2, ""sigma_geo_m"": 900.0, ""tau_temp_min"": 60.0, ""threshold_quantile"": 0.95, ""track"": ""operational_label_free""}}","{""arrival_equity_gap_min"": ""lower"", ""boat_workload_cv"": ""lower"", ""cvar90_arrival_min"": ""lower"", ""deadline_miss_rate"": ""lower"", ""duplicate_dispatches"": ""lower"", ""fake_dispatches"": ""lower"", ""latent_harm"": ""lower"", ""max_arrival_min"": ""lower"", ""mean_arrival_min"": ""lower"", ""merge_caused_misses"": ""lower"", ""split_trips"": ""lower"", ""total_fleet_workload_min"": ""lower"", ""unique_population_reached_by_deadline_rate"": ""higher"", ""unserved_genuine_incidents"": ""lower""}","{""numpy"": ""2.5.1"", ""pandas"": ""3.0.3"", ""scipy"": ""1.18.0""}"
partition,product_cij,oracle,"{""policy"": ""legacy_priority""}",merge_caused_misses,lower,-1.025,0.158113883,-1,"[-1.075, -1.0]",1.025,4.040854277e-10,4.849025133e-09,0,40,0,40,0,-6.482669203,-1,positive means candidate is better,40,4.1.0,test:3000-3039,a7c7a3f7ea63e57f1d98bd42f21c02aa04a69eaa37c824584a2be65f00f2d7e1,"{""numpy"": ""2.0.2"", ""pandas"": ""2.2.2"", ""python-louvain"": ""0.16"", ""scikit-learn"": ""1.6.1"", ""scipy"": ""1.16.3""}","{""additive"": {""calibration_objective"": 0.024220283682757516, ""knn"": 8, ""q"": 0.95}, ""error_model"": ""conservative-v1"", ""product"": {""knn"": 8, ""resolution"": 1.2, ""sigma_geo_m"": 900.0, ""tau_temp_min"": 60.0, ""threshold_quantile"": 0.95, ""track"": ""operational_label_free""}}","{""arrival_equity_gap_min"": ""lower"", ""boat_workload_cv"": ""lower"", ""cvar90_arrival_min"": ""lower"", ""deadline_miss_rate"": ""lower"", ""duplicate_dispatches"": ""lower"", ""fake_dispatches"": ""lower"", ""latent_harm"": ""lower"", ""max_arrival_min"": ""lower"", ""mean_arrival_min"": ""lower"", ""merge_caused_misses"": ""lower"", ""split_trips"": ""lower"", ""total_fleet_workload_min"": ""lower"", ""unique_population_reached_by_deadline_rate"": ""higher"", ""unserved_genuine_incidents"": ""lower""}","{""numpy"": ""2.5.1"", ""pandas"": ""3.0.3"", ""scipy"": ""1.18.0""}"
partition,product_cij,oracle,"{""policy"": ""legacy_priority""}",fake_dispatches,lower,-34.9,0.3038218101,-35,"[-34.975, -34.8]",34.9,1.279801006e-09,1.279801006e-08,0,40,0,40,0,-114.8699627,-1,positive means candidate is better,40,4.1.0,test:3000-3039,a7c7a3f7ea63e57f1d98bd42f21c02aa04a69eaa37c824584a2be65f00f2d7e1,"{""numpy"": ""2.0.2"", ""pandas"": ""2.2.2"", ""python-louvain"": ""0.16"", ""scikit-learn"": ""1.6.1"", ""scipy"": ""1.16.3""}","{""additive"": {""calibration_objective"": 0.024220283682757516, ""knn"": 8, ""q"": 0.95}, ""error_model"": ""conservative-v1"", ""product"": {""knn"": 8, ""resolution"": 1.2, ""sigma_geo_m"": 900.0, ""tau_temp_min"": 60.0, ""threshold_quantile"": 0.95, ""track"": ""operational_label_free""}}","{""arrival_equity_gap_min"": ""lower"", ""boat_workload_cv"": ""lower"", ""cvar90_arrival_min"": ""lower"", ""deadline_miss_rate"": ""lower"", ""duplicate_dispatches"": ""lower"", ""fake_dispatches"": ""lower"", ""latent_harm"": ""lower"", ""max_arrival_min"": ""lower"", ""mean_arrival_min"": ""lower"", ""merge_caused_misses"": ""lower"", ""split_trips"": ""lower"", ""total_fleet_workload_min"": ""lower"", ""unique_population_reached_by_deadline_rate"": ""higher"", ""unserved_genuine_incidents"": ""lower""}","{""numpy"": ""2.5.1"", ""pandas"": ""3.0.3"", ""scipy"": ""1.18.0""}"
partition,product_cij,oracle,"{""policy"": ""legacy_priority""}",duplicate_dispatches,lower,-2.3,1.264911064,-2,"[-2.725, -1.925]",2.3,2.536302824e-08,2.282672542e-07,0,40,0,40,0,-1.818309655,-1,positive means candidate is better,40,4.1.0,test:3000-3039,a7c7a3f7ea63e57f1d98bd42f21c02aa04a69eaa37c824584a2be65f00f2d7e1,"{""numpy"": ""2.0.2"", ""pandas"": ""2.2.2"", ""python-louvain"": ""0.16"", ""scikit-learn"": ""1.6.1"", ""scipy"": ""1.16.3""}","{""additive"": {""calibration_objective"": 0.024220283682757516, ""knn"": 8, ""q"": 0.95}, ""error_model"": ""conservative-v1"", ""product"": {""knn"": 8, ""resolution"": 1.2, ""sigma_geo_m"": 900.0, ""tau_temp_min"": 60.0, ""threshold_quantile"": 0.95, ""track"": ""operational_label_free""}}","{""arrival_equity_gap_min"": ""lower"", ""boat_workload_cv"": ""lower"", ""cvar90_arrival_min"": ""lower"", ""deadline_miss_rate"": ""lower"", ""duplicate_dispatches"": ""lower"", ""fake_dispatches"": ""lower"", ""latent_harm"": ""lower"", ""max_arrival_min"": ""lower"", ""mean_arrival_min"": ""lower"", ""merge_caused_misses"": ""lower"", ""split_trips"": ""lower"", ""total_fleet_workload_min"": ""lower"", ""unique_population_reached_by_deadline_rate"": ""higher"", ""unserved_genuine_incidents"": ""lower""}","{""numpy"": ""2.5.1"", ""pandas"": ""3.0.3"", ""scipy"": ""1.18.0""}"
partition,product_cij,oracle,"{""policy"": ""legacy_priority""}",unserved_genuine_incidents,lower,-1.025,0.158113883,-1,"[-1.075, -1.0]",1.025,4.040854277e-10,4.849025133e-09,0,40,0,40,0,-6.482669203,-1,positive means candidate is better,40,4.1.0,test:3000-3039,a7c7a3f7ea63e57f1d98bd42f21c02aa04a69eaa37c824584a2be65f00f2d7e1,"{""numpy"": ""2.0.2"", ""pandas"": ""2.2.2"", ""python-louvain"": ""0.16"", ""scikit-learn"": ""1.6.1"", ""scipy"": ""1.16.3""}","{""additive"": {""calibration_objective"": 0.024220283682757516, ""knn"": 8, ""q"": 0.95}, ""error_model"": ""conservative-v1"", ""product"": {""knn"": 8, ""resolution"": 1.2, ""sigma_geo_m"": 900.0, ""tau_temp_min"": 60.0, ""threshold_quantile"": 0.95, ""track"": ""operational_label_free""}}","{""arrival_equity_gap_min"": ""lower"", ""boat_workload_cv"": ""lower"", ""cvar90_arrival_min"": ""lower"", ""deadline_miss_rate"": ""lower"", ""duplicate_dispatches"": ""lower"", ""fake_dispatches"": ""lower"", ""latent_harm"": ""lower"", ""max_arrival_min"": ""lower"", ""mean_arrival_min"": ""lower"", ""merge_caused_misses"": ""lower"", ""split_trips"": ""lower"", ""total_fleet_workload_min"": ""lower"", ""unique_population_reached_by_deadline_rate"": ""higher"", ""unserved_genuine_incidents"": ""lower""}","{""numpy"": ""2.5.1"", ""pandas"": ""3.0.3"", ""scipy"": ""1.18.0""}"
partition,product_cij,additive_cij_matched_density,"{""policy"": ""legacy_priority""}",latent_harm,lower,-19.34699567,27.77111369,-15.21367109,"[-27.774908450216667, -10.838030117925003]",19.34699567,0.0001232092891,0.001079662161,137,40,9,31,0,-0.6966589777,-0.6658536585,positive means candidate is better,40,4.1.0,test:3000-3039,a7c7a3f7ea63e57f1d98bd42f21c02aa04a69eaa37c824584a2be65f00f2d7e1,"{""numpy"": ""2.0.2"", ""pandas"": ""2.2.2"", ""python-louvain"": ""0.16"", ""scikit-learn"": ""1.6.1"", ""scipy"": ""1.16.3""}","{""additive"": {""calibration_objective"": 0.024220283682757516, ""knn"": 8, ""q"": 0.95}, ""error_model"": ""conservative-v1"", ""product"": {""knn"": 8, ""resolution"": 1.2, ""sigma_geo_m"": 900.0, ""tau_temp_min"": 60.0, ""threshold_quantile"": 0.95, ""track"": ""operational_label_free""}}","{""arrival_equity_gap_min"": ""lower"", ""boat_workload_cv"": ""lower"", ""cvar90_arrival_min"": ""lower"", ""deadline_miss_rate"": ""lower"", ""duplicate_dispatches"": ""lower"", ""fake_dispatches"": ""lower"", ""latent_harm"": ""lower"", ""max_arrival_min"": ""lower"", ""mean_arrival_min"": ""lower"", ""merge_caused_misses"": ""lower"", ""split_trips"": ""lower"", ""total_fleet_workload_min"": ""lower"", ""unique_population_reached_by_deadline_rate"": ""higher"", ""unserved_genuine_incidents"": ""lower""}","{""numpy"": ""2.5.1"", ""pandas"": ""3.0.3"", ""scipy"": ""1.18.0""}"
partition,product_cij,additive_cij_matched_density,"{""policy"": ""legacy_priority""}",deadline_miss_rate,lower,-0.01354166667,0.03760964502,-0.01041666667,"[-0.02447916666666668, -0.0015625000000000083]",0.01354166667,0.01571280985,0.07856404925,89,40,7,20,13,-0.3600583483,-0.5291005291,positive means candidate is better,40,4.1.0,test:3000-3039,a7c7a3f7ea63e57f1d98bd42f21c02aa04a69eaa37c824584a2be65f00f2d7e1,"{""numpy"": ""2.0.2"", ""pandas"": ""2.2.2"", ""python-louvain"": ""0.16"", ""scikit-learn"": ""1.6.1"", ""scipy"": ""1.16.3""}","{""additive"": {""calibration_objective"": 0.024220283682757516, ""knn"": 8, ""q"": 0.95}, ""error_model"": ""conservative-v1"", ""product"": {""knn"": 8, ""resolution"": 1.2, ""sigma_geo_m"": 900.0, ""tau_temp_min"": 60.0, ""threshold_quantile"": 0.95, ""track"": ""operational_label_free""}}","{""arrival_equity_gap_min"": ""lower"", ""boat_workload_cv"": ""lower"", ""cvar90_arrival_min"": ""lower"", ""deadline_miss_rate"": ""lower"", ""duplicate_dispatches"": ""lower"", ""fake_dispatches"": ""lower"", ""latent_harm"": ""lower"", ""max_arrival_min"": ""lower"", ""mean_arrival_min"": ""lower"", ""merge_caused_misses"": ""lower"", ""split_trips"": ""lower"", ""total_fleet_workload_min"": ""lower"", ""unique_population_reached_by_deadline_rate"": ""higher"", ""unserved_genuine_incidents"": ""lower""}","{""numpy"": ""2.5.1"", ""pandas"": ""3.0.3"", ""scipy"": ""1.18.0""}"
partition,product_cij,additive_cij_matched_density,"{""policy"": ""legacy_priority""}",mean_arrival_min,lower,-20.7462781,29.79891302,-16.75827742,"[-29.602611230354157, -11.552296655791675]",20.7462781,0.0001079662161,0.001079662161,135,40,9,31,0,-0.6962092237,-0.6707317073,positive means candidate is better,40,4.1.0,test:3000-3039,a7c7a3f7ea63e57f1d98bd42f21c02aa04a69eaa37c824584a2be65f00f2d7e1,"{""numpy"": ""2.0.2"", ""pandas"": ""2.2.2"", ""python-louvain"": ""0.16"", ""scikit-learn"": ""1.6.1"", ""scipy"": ""1.16.3""}","{""additive"": {""calibration_objective"": 0.024220283682757516, ""knn"": 8, ""q"": 0.95}, ""error_model"": ""conservative-v1"", ""product"": {""knn"": 8, ""resolution"": 1.2, ""sigma_geo_m"": 900.0, ""tau_temp_min"": 60.0, ""threshold_quantile"": 0.95, ""track"": ""operational_label_free""}}","{""arrival_equity_gap_min"": ""lower"", ""boat_workload_cv"": ""lower"", ""cvar90_arrival_min"": ""lower"", ""deadline_miss_rate"": ""lower"", ""duplicate_dispatches"": ""lower"", ""fake_dispatches"": ""lower"", ""latent_harm"": ""lower"", ""max_arrival_min"": ""lower"", ""mean_arrival_min"": ""lower"", ""merge_caused_misses"": ""lower"", ""split_trips"": ""lower"", ""total_fleet_workload_min"": ""lower"", ""unique_population_reached_by_deadline_rate"": ""higher"", ""unserved_genuine_incidents"": ""lower""}","{""numpy"": ""2.5.1"", ""pandas"": ""3.0.3"", ""scipy"": ""1.18.0""}"
partition,product_cij,additive_cij_matched_density,"{""policy"": ""legacy_priority""}",max_arrival_min,lower,-39.70527475,155.5179138,-37.39021897,"[-82.34751124237499, 12.238174745729182]",39.70527475,0.005096850997,0.03058110598,205,40,11,29,0,-0.2553099754,-0.5,positive means candidate is better,40,4.1.0,test:3000-3039,a7c7a3f7ea63e57f1d98bd42f21c02aa04a69eaa37c824584a2be65f00f2d7e1,"{""numpy"": ""2.0.2"", ""pandas"": ""2.2.2"", ""python-louvain"": ""0.16"", ""scikit-learn"": ""1.6.1"", ""scipy"": ""1.16.3""}","{""additive"": {""calibration_objective"": 0.024220283682757516, ""knn"": 8, ""q"": 0.95}, ""error_model"": ""conservative-v1"", ""product"": {""knn"": 8, ""resolution"": 1.2, ""sigma_geo_m"": 900.0, ""tau_temp_min"": 60.0, ""threshold_quantile"": 0.95, ""track"": ""operational_label_free""}}","{""arrival_equity_gap_min"": ""lower"", ""boat_workload_cv"": ""lower"", ""cvar90_arrival_min"": ""lower"", ""deadline_miss_rate"": ""lower"", ""duplicate_dispatches"": ""lower"", ""fake_dispatches"": ""lower"", ""latent_harm"": ""lower"", ""max_arrival_min"": ""lower"", ""mean_arrival_min"": ""lower"", ""merge_caused_misses"": ""lower"", ""split_trips"": ""lower"", ""total_fleet_workload_min"": ""lower"", ""unique_population_reached_by_deadline_rate"": ""higher"", ""unserved_genuine_incidents"": ""lower""}","{""numpy"": ""2.5.1"", ""pandas"": ""3.0.3"", ""scipy"": ""1.18.0""}"
partition,product_cij,additive_cij_matched_density,"{""policy"": ""legacy_priority""}",cvar90_arrival_min,lower,-53.75319996,102.916985,-46.26230247,"[-84.32400712897915, -21.112289698541698]",53.75319996,0.0002192015145,0.001534410601,146,40,9,31,0,-0.5222966839,-0.643902439,positive means candidate is better,40,4.1.0,test:3000-3039,a7c7a3f7ea63e57f1d98bd42f21c02aa04a69eaa37c824584a2be65f00f2d7e1,"{""numpy"": ""2.0.2"", ""pandas"": ""2.2.2"", ""python-louvain"": ""0.16"", ""scikit-learn"": ""1.6.1"", ""scipy"": ""1.16.3""}","{""additive"": {""calibration_objective"": 0.024220283682757516, ""knn"": 8, ""q"": 0.95}, ""error_model"": ""conservative-v1"", ""product"": {""knn"": 8, ""resolution"": 1.2, ""sigma_geo_m"": 900.0, ""tau_temp_min"": 60.0, ""threshold_quantile"": 0.95, ""track"": ""operational_label_free""}}","{""arrival_equity_gap_min"": ""lower"", ""boat_workload_cv"": ""lower"", ""cvar90_arrival_min"": ""lower"", ""deadline_miss_rate"": ""lower"", ""duplicate_dispatches"": ""lower"", ""fake_dispatches"": ""lower"", ""latent_harm"": ""lower"", ""max_arrival_min"": ""lower"", ""mean_arrival_min"": ""lower"", ""merge_caused_misses"": ""lower"", ""split_trips"": ""lower"", ""total_fleet_workload_min"": ""lower"", ""unique_population_reached_by_deadline_rate"": ""higher"", ""unserved_genuine_incidents"": ""lower""}","{""numpy"": ""2.5.1"", ""pandas"": ""3.0.3"", ""scipy"": ""1.18.0""}"
partition,product_cij,additive_cij_matched_density,"{""policy"": ""legacy_priority""}",unique_population_reached_by_deadline_rate,higher,-0.01391525306,0.03637697973,-0.007685211947,"[-0.02512560055757708, -0.002889870397008338]",-0.01391525306,0.01942008481,0.07856404925,139,40,11,21,8,-0.3825290929,-0.4734848485,positive means candidate is better,40,4.1.0,test:3000-3039,a7c7a3f7ea63e57f1d98bd42f21c02aa04a69eaa37c824584a2be65f00f2d7e1,"{""numpy"": ""2.0.2"", ""pandas"": ""2.2.2"", ""python-louvain"": ""0.16"", ""scikit-learn"": ""1.6.1"", ""scipy"": ""1.16.3""}","{""additive"": {""calibration_objective"": 0.024220283682757516, ""knn"": 8, ""q"": 0.95}, ""error_model"": ""conservative-v1"", ""product"": {""knn"": 8, ""resolution"": 1.2, ""sigma_geo_m"": 900.0, ""tau_temp_min"": 60.0, ""threshold_quantile"": 0.95, ""track"": ""operational_label_free""}}","{""arrival_equity_gap_min"": ""lower"", ""boat_workload_cv"": ""lower"", ""cvar90_arrival_min"": ""lower"", ""deadline_miss_rate"": ""lower"", ""duplicate_dispatches"": ""lower"", ""fake_dispatches"": ""lower"", ""latent_harm"": ""lower"", ""max_arrival_min"": ""lower"", ""mean_arrival_min"": ""lower"", ""merge_caused_misses"": ""lower"", ""split_trips"": ""lower"", ""total_fleet_workload_min"": ""lower"", ""unique_population_reached_by_deadline_rate"": ""higher"", ""unserved_genuine_incidents"": ""lower""}","{""numpy"": ""2.5.1"", ""pandas"": ""3.0.3"", ""scipy"": ""1.18.0""}"
partition,product_cij,additive_cij_matched_density,"{""policy"": ""legacy_priority""}",total_fleet_workload_min,lower,-1964.232936,664.705308,-2017.104875,"[-2166.6043277431245, -1761.0195426658336]",1964.232936,1.818989404e-12,2.546585165e-11,0,40,0,40,0,-2.955043254,-1,positive means candidate is better,40,4.1.0,test:3000-3039,a7c7a3f7ea63e57f1d98bd42f21c02aa04a69eaa37c824584a2be65f00f2d7e1,"{""numpy"": ""2.0.2"", ""pandas"": ""2.2.2"", ""python-louvain"": ""0.16"", ""scikit-learn"": ""1.6.1"", ""scipy"": ""1.16.3""}","{""additive"": {""calibration_objective"": 0.024220283682757516, ""knn"": 8, ""q"": 0.95}, ""error_model"": ""conservative-v1"", ""product"": {""knn"": 8, ""resolution"": 1.2, ""sigma_geo_m"": 900.0, ""tau_temp_min"": 60.0, ""threshold_quantile"": 0.95, ""track"": ""operational_label_free""}}","{""arrival_equity_gap_min"": ""lower"", ""boat_workload_cv"": ""lower"", ""cvar90_arrival_min"": ""lower"", ""deadline_miss_rate"": ""lower"", ""duplicate_dispatches"": ""lower"", ""fake_dispatches"": ""lower"", ""latent_harm"": ""lower"", ""max_arrival_min"": ""lower"", ""mean_arrival_min"": ""lower"", ""merge_caused_misses"": ""lower"", ""split_trips"": ""lower"", ""total_fleet_workload_min"": ""lower"", ""unique_population_reached_by_deadline_rate"": ""higher"", ""unserved_genuine_incidents"": ""lower""}","{""numpy"": ""2.5.1"", ""pandas"": ""3.0.3"", ""scipy"": ""1.18.0""}"
partition,product_cij,additive_cij_matched_density,"{""policy"": ""legacy_priority""}",boat_workload_cv,lower,0.006319567797,0.008798454068,0.007795244923,"[0.003568083516992708, 0.008980139784079624]",-0.006319567797,0.0001079662161,0.001079662161,135,40,33,7,0,0.7182588837,0.6707317073,positive means candidate is better,40,4.1.0,test:3000-3039,a7c7a3f7ea63e57f1d98bd42f21c02aa04a69eaa37c824584a2be65f00f2d7e1,"{""numpy"": ""2.0.2"", ""pandas"": ""2.2.2"", ""python-louvain"": ""0.16"", ""scikit-learn"": ""1.6.1"", ""scipy"": ""1.16.3""}","{""additive"": {""calibration_objective"": 0.024220283682757516, ""knn"": 8, ""q"": 0.95}, ""error_model"": ""conservative-v1"", ""product"": {""knn"": 8, ""resolution"": 1.2, ""sigma_geo_m"": 900.0, ""tau_temp_min"": 60.0, ""threshold_quantile"": 0.95, ""track"": ""operational_label_free""}}","{""arrival_equity_gap_min"": ""lower"", ""boat_workload_cv"": ""lower"", ""cvar90_arrival_min"": ""lower"", ""deadline_miss_rate"": ""lower"", ""duplicate_dispatches"": ""lower"", ""fake_dispatches"": ""lower"", ""latent_harm"": ""lower"", ""max_arrival_min"": ""lower"", ""mean_arrival_min"": ""lower"", ""merge_caused_misses"": ""lower"", ""split_trips"": ""lower"", ""total_fleet_workload_min"": ""lower"", ""unique_population_reached_by_deadline_rate"": ""higher"", ""unserved_genuine_incidents"": ""lower""}","{""numpy"": ""2.5.1"", ""pandas"": ""3.0.3"", ""scipy"": ""1.18.0""}"
partition,product_cij,additive_cij_matched_density,"{""policy"": ""legacy_priority""}",arrival_equity_gap_min,lower,-9.489847277,65.21707957,-12.48930753,"[-28.671878409377076, 10.824747826902081]",9.489847277,0.1921959504,0.5765878513,312,40,16,24,0,-0.1455116871,-0.2390243902,positive means candidate is better,40,4.1.0,test:3000-3039,a7c7a3f7ea63e57f1d98bd42f21c02aa04a69eaa37c824584a2be65f00f2d7e1,"{""numpy"": ""2.0.2"", ""pandas"": ""2.2.2"", ""python-louvain"": ""0.16"", ""scikit-learn"": ""1.6.1"", ""scipy"": ""1.16.3""}","{""additive"": {""calibration_objective"": 0.024220283682757516, ""knn"": 8, ""q"": 0.95}, ""error_model"": ""conservative-v1"", ""product"": {""knn"": 8, ""resolution"": 1.2, ""sigma_geo_m"": 900.0, ""tau_temp_min"": 60.0, ""threshold_quantile"": 0.95, ""track"": ""operational_label_free""}}","{""arrival_equity_gap_min"": ""lower"", ""boat_workload_cv"": ""lower"", ""cvar90_arrival_min"": ""lower"", ""deadline_miss_rate"": ""lower"", ""duplicate_dispatches"": ""lower"", ""fake_dispatches"": ""lower"", ""latent_harm"": ""lower"", ""max_arrival_min"": ""lower"", ""mean_arrival_min"": ""lower"", ""merge_caused_misses"": ""lower"", ""split_trips"": ""lower"", ""total_fleet_workload_min"": ""lower"", ""unique_population_reached_by_deadline_rate"": ""higher"", ""unserved_genuine_incidents"": ""lower""}","{""numpy"": ""2.5.1"", ""pandas"": ""3.0.3"", ""scipy"": ""1.18.0""}"
partition,product_cij,additive_cij_matched_density,"{""policy"": ""legacy_priority""}",split_trips,lower,-1.125,1.158856643,-1,"[-1.5, -0.775]",1.125,6.529374497e-06,7.835249396e-05,36.5,40,2,31,7,-0.9707844428,-0.8698752228,positive means candidate is better,40,4.1.0,test:3000-3039,a7c7a3f7ea63e57f1d98bd42f21c02aa04a69eaa37c824584a2be65f00f2d7e1,"{""numpy"": ""2.0.2"", ""pandas"": ""2.2.2"", ""python-louvain"": ""0.16"", ""scikit-learn"": ""1.6.1"", ""scipy"": ""1.16.3""}","{""additive"": {""calibration_objective"": 0.024220283682757516, ""knn"": 8, ""q"": 0.95}, ""error_model"": ""conservative-v1"", ""product"": {""knn"": 8, ""resolution"": 1.2, ""sigma_geo_m"": 900.0, ""tau_temp_min"": 60.0, ""threshold_quantile"": 0.95, ""track"": ""operational_label_free""}}","{""arrival_equity_gap_min"": ""lower"", ""boat_workload_cv"": ""lower"", ""cvar90_arrival_min"": ""lower"", ""deadline_miss_rate"": ""lower"", ""duplicate_dispatches"": ""lower"", ""fake_dispatches"": ""lower"", ""latent_harm"": ""lower"", ""max_arrival_min"": ""lower"", ""mean_arrival_min"": ""lower"", ""merge_caused_misses"": ""lower"", ""split_trips"": ""lower"", ""total_fleet_workload_min"": ""lower"", ""unique_population_reached_by_deadline_rate"": ""higher"", ""unserved_genuine_incidents"": ""lower""}","{""numpy"": ""2.5.1"", ""pandas"": ""3.0.3"", ""scipy"": ""1.18.0""}"
partition,product_cij,additive_cij_matched_density,"{""policy"": ""legacy_priority""}",merge_caused_misses,lower,-0.025,0.158113883,0,"[-0.075, 0.0]",0.025,0.3173105079,0.6346210157,0,40,0,1,39,-0.158113883,-1,positive means candidate is better,40,4.1.0,test:3000-3039,a7c7a3f7ea63e57f1d98bd42f21c02aa04a69eaa37c824584a2be65f00f2d7e1,"{""numpy"": ""2.0.2"", ""pandas"": ""2.2.2"", ""python-louvain"": ""0.16"", ""scikit-learn"": ""1.6.1"", ""scipy"": ""1.16.3""}","{""additive"": {""calibration_objective"": 0.024220283682757516, ""knn"": 8, ""q"": 0.95}, ""error_model"": ""conservative-v1"", ""product"": {""knn"": 8, ""resolution"": 1.2, ""sigma_geo_m"": 900.0, ""tau_temp_min"": 60.0, ""threshold_quantile"": 0.95, ""track"": ""operational_label_free""}}","{""arrival_equity_gap_min"": ""lower"", ""boat_workload_cv"": ""lower"", ""cvar90_arrival_min"": ""lower"", ""deadline_miss_rate"": ""lower"", ""duplicate_dispatches"": ""lower"", ""fake_dispatches"": ""lower"", ""latent_harm"": ""lower"", ""max_arrival_min"": ""lower"", ""mean_arrival_min"": ""lower"", ""merge_caused_misses"": ""lower"", ""split_trips"": ""lower"", ""total_fleet_workload_min"": ""lower"", ""unique_population_reached_by_deadline_rate"": ""higher"", ""unserved_genuine_incidents"": ""lower""}","{""numpy"": ""2.5.1"", ""pandas"": ""3.0.3"", ""scipy"": ""1.18.0""}"
partition,product_cij,additive_cij_matched_density,"{""policy"": ""legacy_priority""}",fake_dispatches,lower,-8.275,2.782615446,-8,"[-9.15, -7.45]",8.275,3.328199581e-08,4.326659455e-07,0,40,0,40,0,-2.973820911,-1,positive means candidate is better,40,4.1.0,test:3000-3039,a7c7a3f7ea63e57f1d98bd42f21c02aa04a69eaa37c824584a2be65f00f2d7e1,"{""numpy"": ""2.0.2"", ""pandas"": ""2.2.2"", ""python-louvain"": ""0.16"", ""scikit-learn"": ""1.6.1"", ""scipy"": ""1.16.3""}","{""additive"": {""calibration_objective"": 0.024220283682757516, ""knn"": 8, ""q"": 0.95}, ""error_model"": ""conservative-v1"", ""product"": {""knn"": 8, ""resolution"": 1.2, ""sigma_geo_m"": 900.0, ""tau_temp_min"": 60.0, ""threshold_quantile"": 0.95, ""track"": ""operational_label_free""}}","{""arrival_equity_gap_min"": ""lower"", ""boat_workload_cv"": ""lower"", ""cvar90_arrival_min"": ""lower"", ""deadline_miss_rate"": ""lower"", ""duplicate_dispatches"": ""lower"", ""fake_dispatches"": ""lower"", ""latent_harm"": ""lower"", ""max_arrival_min"": ""lower"", ""mean_arrival_min"": ""lower"", ""merge_caused_misses"": ""lower"", ""split_trips"": ""lower"", ""total_fleet_workload_min"": ""lower"", ""unique_population_reached_by_deadline_rate"": ""higher"", ""unserved_genuine_incidents"": ""lower""}","{""numpy"": ""2.5.1"", ""pandas"": ""3.0.3"", ""scipy"": ""1.18.0""}"
partition,product_cij,additive_cij_matched_density,"{""policy"": ""legacy_priority""}",duplicate_dispatches,lower,-1.125,1.158856643,-1,"[-1.5, -0.775]",1.125,6.529374497e-06,7.835249396e-05,36.5,40,2,31,7,-0.9707844428,-0.8698752228,positive means candidate is better,40,4.1.0,test:3000-3039,a7c7a3f7ea63e57f1d98bd42f21c02aa04a69eaa37c824584a2be65f00f2d7e1,"{""numpy"": ""2.0.2"", ""pandas"": ""2.2.2"", ""python-louvain"": ""0.16"", ""scikit-learn"": ""1.6.1"", ""scipy"": ""1.16.3""}","{""additive"": {""calibration_objective"": 0.024220283682757516, ""knn"": 8, ""q"": 0.95}, ""error_model"": ""conservative-v1"", ""product"": {""knn"": 8, ""resolution"": 1.2, ""sigma_geo_m"": 900.0, ""tau_temp_min"": 60.0, ""threshold_quantile"": 0.95, ""track"": ""operational_label_free""}}","{""arrival_equity_gap_min"": ""lower"", ""boat_workload_cv"": ""lower"", ""cvar90_arrival_min"": ""lower"", ""deadline_miss_rate"": ""lower"", ""duplicate_dispatches"": ""lower"", ""fake_dispatches"": ""lower"", ""latent_harm"": ""lower"", ""max_arrival_min"": ""lower"", ""mean_arrival_min"": ""lower"", ""merge_caused_misses"": ""lower"", ""split_trips"": ""lower"", ""total_fleet_workload_min"": ""lower"", ""unique_population_reached_by_deadline_rate"": ""higher"", ""unserved_genuine_incidents"": ""lower""}","{""numpy"": ""2.5.1"", ""pandas"": ""3.0.3"", ""scipy"": ""1.18.0""}"
partition,product_cij,additive_cij_matched_density,"{""policy"": ""legacy_priority""}",unserved_genuine_incidents,lower,-0.025,0.158113883,0,"[-0.075, 0.0]",0.025,0.3173105079,0.6346210157,0,40,0,1,39,-0.158113883,-1,positive means candidate is better,40,4.1.0,test:3000-3039,a7c7a3f7ea63e57f1d98bd42f21c02aa04a69eaa37c824584a2be65f00f2d7e1,"{""numpy"": ""2.0.2"", ""pandas"": ""2.2.2"", ""python-louvain"": ""0.16"", ""scikit-learn"": ""1.6.1"", ""scipy"": ""1.16.3""}","{""additive"": {""calibration_objective"": 0.024220283682757516, ""knn"": 8, ""q"": 0.95}, ""error_model"": ""conservative-v1"", ""product"": {""knn"": 8, ""resolution"": 1.2, ""sigma_geo_m"": 900.0, ""tau_temp_min"": 60.0, ""threshold_quantile"": 0.95, ""track"": ""operational_label_free""}}","{""arrival_equity_gap_min"": ""lower"", ""boat_workload_cv"": ""lower"", ""cvar90_arrival_min"": ""lower"", ""deadline_miss_rate"": ""lower"", ""duplicate_dispatches"": ""lower"", ""fake_dispatches"": ""lower"", ""latent_harm"": ""lower"", ""max_arrival_min"": ""lower"", ""mean_arrival_min"": ""lower"", ""merge_caused_misses"": ""lower"", ""split_trips"": ""lower"", ""total_fleet_workload_min"": ""lower"", ""unique_population_reached_by_deadline_rate"": ""higher"", ""unserved_genuine_incidents"": ""lower""}","{""numpy"": ""2.5.1"", ""pandas"": ""3.0.3"", ""scipy"": ""1.18.0""}"
partition,product_cij,oracle,"{""policy"": ""nearest_first""}",latent_harm,lower,-199.0280675,65.77326125,-198.0826386,"[-219.54697815082582, -178.62463545153003]",199.0280675,1.818989404e-12,2.546585165e-11,0,40,0,40,0,-3.025972313,-1,positive means candidate is better,40,4.1.0,test:3000-3039,a7c7a3f7ea63e57f1d98bd42f21c02aa04a69eaa37c824584a2be65f00f2d7e1,"{""numpy"": ""2.0.2"", ""pandas"": ""2.2.2"", ""python-louvain"": ""0.16"", ""scikit-learn"": ""1.6.1"", ""scipy"": ""1.16.3""}","{""additive"": {""calibration_objective"": 0.024220283682757516, ""knn"": 8, ""q"": 0.95}, ""error_model"": ""conservative-v1"", ""product"": {""knn"": 8, ""resolution"": 1.2, ""sigma_geo_m"": 900.0, ""tau_temp_min"": 60.0, ""threshold_quantile"": 0.95, ""track"": ""operational_label_free""}}","{""arrival_equity_gap_min"": ""lower"", ""boat_workload_cv"": ""lower"", ""cvar90_arrival_min"": ""lower"", ""deadline_miss_rate"": ""lower"", ""duplicate_dispatches"": ""lower"", ""fake_dispatches"": ""lower"", ""latent_harm"": ""lower"", ""max_arrival_min"": ""lower"", ""mean_arrival_min"": ""lower"", ""merge_caused_misses"": ""lower"", ""split_trips"": ""lower"", ""total_fleet_workload_min"": ""lower"", ""unique_population_reached_by_deadline_rate"": ""higher"", ""unserved_genuine_incidents"": ""lower""}","{""numpy"": ""2.5.1"", ""pandas"": ""3.0.3"", ""scipy"": ""1.18.0""}"
partition,product_cij,oracle,"{""policy"": ""nearest_first""}",deadline_miss_rate,lower,-0.07916666667,0.1214964856,-0.0625,"[-0.1171875, -0.04166666666666667]",0.07916666667,0.0002843576317,0.0005687152634,120.5,40,8,30,2,-0.651596351,-0.6747638327,positive means candidate is better,40,4.1.0,test:3000-3039,a7c7a3f7ea63e57f1d98bd42f21c02aa04a69eaa37c824584a2be65f00f2d7e1,"{""numpy"": ""2.0.2"", ""pandas"": ""2.2.2"", ""python-louvain"": ""0.16"", ""scikit-learn"": ""1.6.1"", ""scipy"": ""1.16.3""}","{""additive"": {""calibration_objective"": 0.024220283682757516, ""knn"": 8, ""q"": 0.95}, ""error_model"": ""conservative-v1"", ""product"": {""knn"": 8, ""resolution"": 1.2, ""sigma_geo_m"": 900.0, ""tau_temp_min"": 60.0, ""threshold_quantile"": 0.95, ""track"": ""operational_label_free""}}","{""arrival_equity_gap_min"": ""lower"", ""boat_workload_cv"": ""lower"", ""cvar90_arrival_min"": ""lower"", ""deadline_miss_rate"": ""lower"", ""duplicate_dispatches"": ""lower"", ""fake_dispatches"": ""lower"", ""latent_harm"": ""lower"", ""max_arrival_min"": ""lower"", ""mean_arrival_min"": ""lower"", ""merge_caused_misses"": ""lower"", ""split_trips"": ""lower"", ""total_fleet_workload_min"": ""lower"", ""unique_population_reached_by_deadline_rate"": ""higher"", ""unserved_genuine_incidents"": ""lower""}","{""numpy"": ""2.5.1"", ""pandas"": ""3.0.3"", ""scipy"": ""1.18.0""}"
partition,product_cij,oracle,"{""policy"": ""nearest_first""}",mean_arrival_min,lower,-207.3954245,68.37709935,-205.4939715,"[-228.43073040578955, -186.63352790197087]",207.3954245,1.818989404e-12,2.546585165e-11,0,40,0,40,0,-3.03311235,-1,positive means candidate is better,40,4.1.0,test:3000-3039,a7c7a3f7ea63e57f1d98bd42f21c02aa04a69eaa37c824584a2be65f00f2d7e1,"{""numpy"": ""2.0.2"", ""pandas"": ""2.2.2"", ""python-louvain"": ""0.16"", ""scikit-learn"": ""1.6.1"", ""scipy"": ""1.16.3""}","{""additive"": {""calibration_objective"": 0.024220283682757516, ""knn"": 8, ""q"": 0.95}, ""error_model"": ""conservative-v1"", ""product"": {""knn"": 8, ""resolution"": 1.2, ""sigma_geo_m"": 900.0, ""tau_temp_min"": 60.0, ""threshold_quantile"": 0.95, ""track"": ""operational_label_free""}}","{""arrival_equity_gap_min"": ""lower"", ""boat_workload_cv"": ""lower"", ""cvar90_arrival_min"": ""lower"", ""deadline_miss_rate"": ""lower"", ""duplicate_dispatches"": ""lower"", ""fake_dispatches"": ""lower"", ""latent_harm"": ""lower"", ""max_arrival_min"": ""lower"", ""mean_arrival_min"": ""lower"", ""merge_caused_misses"": ""lower"", ""split_trips"": ""lower"", ""total_fleet_workload_min"": ""lower"", ""unique_population_reached_by_deadline_rate"": ""higher"", ""unserved_genuine_incidents"": ""lower""}","{""numpy"": ""2.5.1"", ""pandas"": ""3.0.3"", ""scipy"": ""1.18.0""}"
partition,product_cij,oracle,"{""policy"": ""nearest_first""}",max_arrival_min,lower,-528.4639501,142.5797948,-515.29752,"[-572.277923066375, -485.0546621261459]",528.4639501,1.818989404e-12,2.546585165e-11,0,40,0,40,0,-3.706443475,-1,positive means candidate is better,40,4.1.0,test:3000-3039,a7c7a3f7ea63e57f1d98bd42f21c02aa04a69eaa37c824584a2be65f00f2d7e1,"{""numpy"": ""2.0.2"", ""pandas"": ""2.2.2"", ""python-louvain"": ""0.16"", ""scikit-learn"": ""1.6.1"", ""scipy"": ""1.16.3""}","{""additive"": {""calibration_objective"": 0.024220283682757516, ""knn"": 8, ""q"": 0.95}, ""error_model"": ""conservative-v1"", ""product"": {""knn"": 8, ""resolution"": 1.2, ""sigma_geo_m"": 900.0, ""tau_temp_min"": 60.0, ""threshold_quantile"": 0.95, ""track"": ""operational_label_free""}}","{""arrival_equity_gap_min"": ""lower"", ""boat_workload_cv"": ""lower"", ""cvar90_arrival_min"": ""lower"", ""deadline_miss_rate"": ""lower"", ""duplicate_dispatches"": ""lower"", ""fake_dispatches"": ""lower"", ""latent_harm"": ""lower"", ""max_arrival_min"": ""lower"", ""mean_arrival_min"": ""lower"", ""merge_caused_misses"": ""lower"", ""split_trips"": ""lower"", ""total_fleet_workload_min"": ""lower"", ""unique_population_reached_by_deadline_rate"": ""higher"", ""unserved_genuine_incidents"": ""lower""}","{""numpy"": ""2.5.1"", ""pandas"": ""3.0.3"", ""scipy"": ""1.18.0""}"
partition,product_cij,oracle,"{""policy"": ""nearest_first""}",cvar90_arrival_min,lower,-512.6557836,136.4407832,-517.7812532,"[-554.5028851341875, -469.98852236231255]",512.6557836,1.818989404e-12,2.546585165e-11,0,40,0,40,0,-3.75735005,-1,positive means candidate is better,40,4.1.0,test:3000-3039,a7c7a3f7ea63e57f1d98bd42f21c02aa04a69eaa37c824584a2be65f00f2d7e1,"{""numpy"": ""2.0.2"", ""pandas"": ""2.2.2"", ""python-louvain"": ""0.16"", ""scikit-learn"": ""1.6.1"", ""scipy"": ""1.16.3""}","{""additive"": {""calibration_objective"": 0.024220283682757516, ""knn"": 8, ""q"": 0.95}, ""error_model"": ""conservative-v1"", ""product"": {""knn"": 8, ""resolution"": 1.2, ""sigma_geo_m"": 900.0, ""tau_temp_min"": 60.0, ""threshold_quantile"": 0.95, ""track"": ""operational_label_free""}}","{""arrival_equity_gap_min"": ""lower"", ""boat_workload_cv"": ""lower"", ""cvar90_arrival_min"": ""lower"", ""deadline_miss_rate"": ""lower"", ""duplicate_dispatches"": ""lower"", ""fake_dispatches"": ""lower"", ""latent_harm"": ""lower"", ""max_arrival_min"": ""lower"", ""mean_arrival_min"": ""lower"", ""merge_caused_misses"": ""lower"", ""split_trips"": ""lower"", ""total_fleet_workload_min"": ""lower"", ""unique_population_reached_by_deadline_rate"": ""higher"", ""unserved_genuine_incidents"": ""lower""}","{""numpy"": ""2.5.1"", ""pandas"": ""3.0.3"", ""scipy"": ""1.18.0""}"
partition,product_cij,oracle,"{""policy"": ""nearest_first""}",unique_population_reached_by_deadline_rate,higher,-0.07806878878,0.1261831916,-0.07459894825,"[-0.11721969426815625, -0.03918246137933749]",-0.07806878878,0.0003790976079,0.0005687152634,155,40,9,31,0,-0.6186940413,-0.6219512195,positive means candidate is better,40,4.1.0,test:3000-3039,a7c7a3f7ea63e57f1d98bd42f21c02aa04a69eaa37c824584a2be65f00f2d7e1,"{""numpy"": ""2.0.2"", ""pandas"": ""2.2.2"", ""python-louvain"": ""0.16"", ""scikit-learn"": ""1.6.1"", ""scipy"": ""1.16.3""}","{""additive"": {""calibration_objective"": 0.024220283682757516, ""knn"": 8, ""q"": 0.95}, ""error_model"": ""conservative-v1"", ""product"": {""knn"": 8, ""resolution"": 1.2, ""sigma_geo_m"": 900.0, ""tau_temp_min"": 60.0, ""threshold_quantile"": 0.95, ""track"": ""operational_label_free""}}","{""arrival_equity_gap_min"": ""lower"", ""boat_workload_cv"": ""lower"", ""cvar90_arrival_min"": ""lower"", ""deadline_miss_rate"": ""lower"", ""duplicate_dispatches"": ""lower"", ""fake_dispatches"": ""lower"", ""latent_harm"": ""lower"", ""max_arrival_min"": ""lower"", ""mean_arrival_min"": ""lower"", ""merge_caused_misses"": ""lower"", ""split_trips"": ""lower"", ""total_fleet_workload_min"": ""lower"", ""unique_population_reached_by_deadline_rate"": ""higher"", ""unserved_genuine_incidents"": ""lower""}","{""numpy"": ""2.5.1"", ""pandas"": ""3.0.3"", ""scipy"": ""1.18.0""}"
partition,product_cij,oracle,"{""policy"": ""nearest_first""}",total_fleet_workload_min,lower,-1936.48918,246.8997679,-1924.11805,"[-2013.30804607625, -1864.3562908545832]",1936.48918,1.818989404e-12,2.546585165e-11,0,40,0,40,0,-7.843219931,-1,positive means candidate is better,40,4.1.0,test:3000-3039,a7c7a3f7ea63e57f1d98bd42f21c02aa04a69eaa37c824584a2be65f00f2d7e1,"{""numpy"": ""2.0.2"", ""pandas"": ""2.2.2"", ""python-louvain"": ""0.16"", ""scikit-learn"": ""1.6.1"", ""scipy"": ""1.16.3""}","{""additive"": {""calibration_objective"": 0.024220283682757516, ""knn"": 8, ""q"": 0.95}, ""error_model"": ""conservative-v1"", ""product"": {""knn"": 8, ""resolution"": 1.2, ""sigma_geo_m"": 900.0, ""tau_temp_min"": 60.0, ""threshold_quantile"": 0.95, ""track"": ""operational_label_free""}}","{""arrival_equity_gap_min"": ""lower"", ""boat_workload_cv"": ""lower"", ""cvar90_arrival_min"": ""lower"", ""deadline_miss_rate"": ""lower"", ""duplicate_dispatches"": ""lower"", ""fake_dispatches"": ""lower"", ""latent_harm"": ""lower"", ""max_arrival_min"": ""lower"", ""mean_arrival_min"": ""lower"", ""merge_caused_misses"": ""lower"", ""split_trips"": ""lower"", ""total_fleet_workload_min"": ""lower"", ""unique_population_reached_by_deadline_rate"": ""higher"", ""unserved_genuine_incidents"": ""lower""}","{""numpy"": ""2.5.1"", ""pandas"": ""3.0.3"", ""scipy"": ""1.18.0""}"
partition,product_cij,oracle,"{""policy"": ""nearest_first""}",boat_workload_cv,lower,0.05386008809,0.0388791407,0.0525730543,"[0.04232687600869898, 0.06546855164515848]",-0.05386008809,4.602043191e-10,3.232683422e-09,18,40,37,3,0,1.385320949,0.956097561,positive means candidate is better,40,4.1.0,test:3000-3039,a7c7a3f7ea63e57f1d98bd42f21c02aa04a69eaa37c824584a2be65f00f2d7e1,"{""numpy"": ""2.0.2"", ""pandas"": ""2.2.2"", ""python-louvain"": ""0.16"", ""scikit-learn"": ""1.6.1"", ""scipy"": ""1.16.3""}","{""additive"": {""calibration_objective"": 0.024220283682757516, ""knn"": 8, ""q"": 0.95}, ""error_model"": ""conservative-v1"", ""product"": {""knn"": 8, ""resolution"": 1.2, ""sigma_geo_m"": 900.0, ""tau_temp_min"": 60.0, ""threshold_quantile"": 0.95, ""track"": ""operational_label_free""}}","{""arrival_equity_gap_min"": ""lower"", ""boat_workload_cv"": ""lower"", ""cvar90_arrival_min"": ""lower"", ""deadline_miss_rate"": ""lower"", ""duplicate_dispatches"": ""lower"", ""fake_dispatches"": ""lower"", ""latent_harm"": ""lower"", ""max_arrival_min"": ""lower"", ""mean_arrival_min"": ""lower"", ""merge_caused_misses"": ""lower"", ""split_trips"": ""lower"", ""total_fleet_workload_min"": ""lower"", ""unique_population_reached_by_deadline_rate"": ""higher"", ""unserved_genuine_incidents"": ""lower""}","{""numpy"": ""2.5.1"", ""pandas"": ""3.0.3"", ""scipy"": ""1.18.0""}"
partition,product_cij,oracle,"{""policy"": ""nearest_first""}",arrival_equity_gap_min,lower,-388.7607109,156.4489457,-384.8930595,"[-437.10065049583335, -340.21986581434794]",388.7607109,1.818989404e-12,2.546585165e-11,0,40,0,40,0,-2.484904639,-1,positive means candidate is better,40,4.1.0,test:3000-3039,a7c7a3f7ea63e57f1d98bd42f21c02aa04a69eaa37c824584a2be65f00f2d7e1,"{""numpy"": ""2.0.2"", ""pandas"": ""2.2.2"", ""python-louvain"": ""0.16"", ""scikit-learn"": ""1.6.1"", ""scipy"": ""1.16.3""}","{""additive"": {""calibration_objective"": 0.024220283682757516, ""knn"": 8, ""q"": 0.95}, ""error_model"": ""conservative-v1"", ""product"": {""knn"": 8, ""resolution"": 1.2, ""sigma_geo_m"": 900.0, ""tau_temp_min"": 60.0, ""threshold_quantile"": 0.95, ""track"": ""operational_label_free""}}","{""arrival_equity_gap_min"": ""lower"", ""boat_workload_cv"": ""lower"", ""cvar90_arrival_min"": ""lower"", ""deadline_miss_rate"": ""lower"", ""duplicate_dispatches"": ""lower"", ""fake_dispatches"": ""lower"", ""latent_harm"": ""lower"", ""max_arrival_min"": ""lower"", ""mean_arrival_min"": ""lower"", ""merge_caused_misses"": ""lower"", ""split_trips"": ""lower"", ""total_fleet_workload_min"": ""lower"", ""unique_population_reached_by_deadline_rate"": ""higher"", ""unserved_genuine_incidents"": ""lower""}","{""numpy"": ""2.5.1"", ""pandas"": ""3.0.3"", ""scipy"": ""1.18.0""}"
partition,product_cij,oracle,"{""policy"": ""nearest_first""}",split_trips,lower,-2.3,1.264911064,-2,"[-2.725, -1.925]",2.3,2.536302824e-08,1.01452113e-07,0,40,0,40,0,-1.818309655,-1,positive means candidate is better,40,4.1.0,test:3000-3039,a7c7a3f7ea63e57f1d98bd42f21c02aa04a69eaa37c824584a2be65f00f2d7e1,"{""numpy"": ""2.0.2"", ""pandas"": ""2.2.2"", ""python-louvain"": ""0.16"", ""scikit-learn"": ""1.6.1"", ""scipy"": ""1.16.3""}","{""additive"": {""calibration_objective"": 0.024220283682757516, ""knn"": 8, ""q"": 0.95}, ""error_model"": ""conservative-v1"", ""product"": {""knn"": 8, ""resolution"": 1.2, ""sigma_geo_m"": 900.0, ""tau_temp_min"": 60.0, ""threshold_quantile"": 0.95, ""track"": ""operational_label_free""}}","{""arrival_equity_gap_min"": ""lower"", ""boat_workload_cv"": ""lower"", ""cvar90_arrival_min"": ""lower"", ""deadline_miss_rate"": ""lower"", ""duplicate_dispatches"": ""lower"", ""fake_dispatches"": ""lower"", ""latent_harm"": ""lower"", ""max_arrival_min"": ""lower"", ""mean_arrival_min"": ""lower"", ""merge_caused_misses"": ""lower"", ""split_trips"": ""lower"", ""total_fleet_workload_min"": ""lower"", ""unique_population_reached_by_deadline_rate"": ""higher"", ""unserved_genuine_incidents"": ""lower""}","{""numpy"": ""2.5.1"", ""pandas"": ""3.0.3"", ""scipy"": ""1.18.0""}"
partition,product_cij,oracle,"{""policy"": ""nearest_first""}",merge_caused_misses,lower,-1.025,0.158113883,-1,"[-1.075, -1.0]",1.025,4.040854277e-10,3.232683422e-09,0,40,0,40,0,-6.482669203,-1,positive means candidate is better,40,4.1.0,test:3000-3039,a7c7a3f7ea63e57f1d98bd42f21c02aa04a69eaa37c824584a2be65f00f2d7e1,"{""numpy"": ""2.0.2"", ""pandas"": ""2.2.2"", ""python-louvain"": ""0.16"", ""scikit-learn"": ""1.6.1"", ""scipy"": ""1.16.3""}","{""additive"": {""calibration_objective"": 0.024220283682757516, ""knn"": 8, ""q"": 0.95}, ""error_model"": ""conservative-v1"", ""product"": {""knn"": 8, ""resolution"": 1.2, ""sigma_geo_m"": 900.0, ""tau_temp_min"": 60.0, ""threshold_quantile"": 0.95, ""track"": ""operational_label_free""}}","{""arrival_equity_gap_min"": ""lower"", ""boat_workload_cv"": ""lower"", ""cvar90_arrival_min"": ""lower"", ""deadline_miss_rate"": ""lower"", ""duplicate_dispatches"": ""lower"", ""fake_dispatches"": ""lower"", ""latent_harm"": ""lower"", ""max_arrival_min"": ""lower"", ""mean_arrival_min"": ""lower"", ""merge_caused_misses"": ""lower"", ""split_trips"": ""lower"", ""total_fleet_workload_min"": ""lower"", ""unique_population_reached_by_deadline_rate"": ""higher"", ""unserved_genuine_incidents"": ""lower""}","{""numpy"": ""2.5.1"", ""pandas"": ""3.0.3"", ""scipy"": ""1.18.0""}"
partition,product_cij,oracle,"{""policy"": ""nearest_first""}",fake_dispatches,lower,-34.9,0.3038218101,-35,"[-34.975, -34.8]",34.9,1.279801006e-09,6.399005029e-09,0,40,0,40,0,-114.8699627,-1,positive means candidate is better,40,4.1.0,test:3000-3039,a7c7a3f7ea63e57f1d98bd42f21c02aa04a69eaa37c824584a2be65f00f2d7e1,"{""numpy"": ""2.0.2"", ""pandas"": ""2.2.2"", ""python-louvain"": ""0.16"", ""scikit-learn"": ""1.6.1"", ""scipy"": ""1.16.3""}","{""additive"": {""calibration_objective"": 0.024220283682757516, ""knn"": 8, ""q"": 0.95}, ""error_model"": ""conservative-v1"", ""product"": {""knn"": 8, ""resolution"": 1.2, ""sigma_geo_m"": 900.0, ""tau_temp_min"": 60.0, ""threshold_quantile"": 0.95, ""track"": ""operational_label_free""}}","{""arrival_equity_gap_min"": ""lower"", ""boat_workload_cv"": ""lower"", ""cvar90_arrival_min"": ""lower"", ""deadline_miss_rate"": ""lower"", ""duplicate_dispatches"": ""lower"", ""fake_dispatches"": ""lower"", ""latent_harm"": ""lower"", ""max_arrival_min"": ""lower"", ""mean_arrival_min"": ""lower"", ""merge_caused_misses"": ""lower"", ""split_trips"": ""lower"", ""total_fleet_workload_min"": ""lower"", ""unique_population_reached_by_deadline_rate"": ""higher"", ""unserved_genuine_incidents"": ""lower""}","{""numpy"": ""2.5.1"", ""pandas"": ""3.0.3"", ""scipy"": ""1.18.0""}"
partition,product_cij,oracle,"{""policy"": ""nearest_first""}",duplicate_dispatches,lower,-2.3,1.264911064,-2,"[-2.725, -1.925]",2.3,2.536302824e-08,1.01452113e-07,0,40,0,40,0,-1.818309655,-1,positive means candidate is better,40,4.1.0,test:3000-3039,a7c7a3f7ea63e57f1d98bd42f21c02aa04a69eaa37c824584a2be65f00f2d7e1,"{""numpy"": ""2.0.2"", ""pandas"": ""2.2.2"", ""python-louvain"": ""0.16"", ""scikit-learn"": ""1.6.1"", ""scipy"": ""1.16.3""}","{""additive"": {""calibration_objective"": 0.024220283682757516, ""knn"": 8, ""q"": 0.95}, ""error_model"": ""conservative-v1"", ""product"": {""knn"": 8, ""resolution"": 1.2, ""sigma_geo_m"": 900.0, ""tau_temp_min"": 60.0, ""threshold_quantile"": 0.95, ""track"": ""operational_label_free""}}","{""arrival_equity_gap_min"": ""lower"", ""boat_workload_cv"": ""lower"", ""cvar90_arrival_min"": ""lower"", ""deadline_miss_rate"": ""lower"", ""duplicate_dispatches"": ""lower"", ""fake_dispatches"": ""lower"", ""latent_harm"": ""lower"", ""max_arrival_min"": ""lower"", ""mean_arrival_min"": ""lower"", ""merge_caused_misses"": ""lower"", ""split_trips"": ""lower"", ""total_fleet_workload_min"": ""lower"", ""unique_population_reached_by_deadline_rate"": ""higher"", ""unserved_genuine_incidents"": ""lower""}","{""numpy"": ""2.5.1"", ""pandas"": ""3.0.3"", ""scipy"": ""1.18.0""}"
partition,product_cij,oracle,"{""policy"": ""nearest_first""}",unserved_genuine_incidents,lower,-1.025,0.158113883,-1,"[-1.075, -1.0]",1.025,4.040854277e-10,3.232683422e-09,0,40,0,40,0,-6.482669203,-1,positive means candidate is better,40,4.1.0,test:3000-3039,a7c7a3f7ea63e57f1d98bd42f21c02aa04a69eaa37c824584a2be65f00f2d7e1,"{""numpy"": ""2.0.2"", ""pandas"": ""2.2.2"", ""python-louvain"": ""0.16"", ""scikit-learn"": ""1.6.1"", ""scipy"": ""1.16.3""}","{""additive"": {""calibration_objective"": 0.024220283682757516, ""knn"": 8, ""q"": 0.95}, ""error_model"": ""conservative-v1"", ""product"": {""knn"": 8, ""resolution"": 1.2, ""sigma_geo_m"": 900.0, ""tau_temp_min"": 60.0, ""threshold_quantile"": 0.95, ""track"": ""operational_label_free""}}","{""arrival_equity_gap_min"": ""lower"", ""boat_workload_cv"": ""lower"", ""cvar90_arrival_min"": ""lower"", ""deadline_miss_rate"": ""lower"", ""duplicate_dispatches"": ""lower"", ""fake_dispatches"": ""lower"", ""latent_harm"": ""lower"", ""max_arrival_min"": ""lower"", ""mean_arrival_min"": ""lower"", ""merge_caused_misses"": ""lower"", ""split_trips"": ""lower"", ""total_fleet_workload_min"": ""lower"", ""unique_population_reached_by_deadline_rate"": ""higher"", ""unserved_genuine_incidents"": ""lower""}","{""numpy"": ""2.5.1"", ""pandas"": ""3.0.3"", ""scipy"": ""1.18.0""}"
partition,product_cij,additive_cij_matched_density,"{""policy"": ""nearest_first""}",latent_harm,lower,-50.67818607,62.25979111,-47.82178718,"[-68.87371183728958, -30.7996102990021]",50.67818607,3.488779839e-06,3.514092168e-05,90,40,5,35,0,-0.8139793785,-0.7804878049,positive means candidate is better,40,4.1.0,test:3000-3039,a7c7a3f7ea63e57f1d98bd42f21c02aa04a69eaa37c824584a2be65f00f2d7e1,"{""numpy"": ""2.0.2"", ""pandas"": ""2.2.2"", ""python-louvain"": ""0.16"", ""scikit-learn"": ""1.6.1"", ""scipy"": ""1.16.3""}","{""additive"": {""calibration_objective"": 0.024220283682757516, ""knn"": 8, ""q"": 0.95}, ""error_model"": ""conservative-v1"", ""product"": {""knn"": 8, ""resolution"": 1.2, ""sigma_geo_m"": 900.0, ""tau_temp_min"": 60.0, ""threshold_quantile"": 0.95, ""track"": ""operational_label_free""}}","{""arrival_equity_gap_min"": ""lower"", ""boat_workload_cv"": ""lower"", ""cvar90_arrival_min"": ""lower"", ""deadline_miss_rate"": ""lower"", ""duplicate_dispatches"": ""lower"", ""fake_dispatches"": ""lower"", ""latent_harm"": ""lower"", ""max_arrival_min"": ""lower"", ""mean_arrival_min"": ""lower"", ""merge_caused_misses"": ""lower"", ""split_trips"": ""lower"", ""total_fleet_workload_min"": ""lower"", ""unique_population_reached_by_deadline_rate"": ""higher"", ""unserved_genuine_incidents"": ""lower""}","{""numpy"": ""2.5.1"", ""pandas"": ""3.0.3"", ""scipy"": ""1.18.0""}"
partition,product_cij,additive_cij_matched_density,"{""policy"": ""nearest_first""}",deadline_miss_rate,lower,-0.007291666667,0.06614210022,-0.01041666667,"[-0.027083333333333338, 0.012499999999999997]",0.007291666667,0.609767269,1,252,40,13,20,7,-0.1102424423,-0.1016042781,positive means candidate is better,40,4.1.0,test:3000-3039,a7c7a3f7ea63e57f1d98bd42f21c02aa04a69eaa37c824584a2be65f00f2d7e1,"{""numpy"": ""2.0.2"", ""pandas"": ""2.2.2"", ""python-louvain"": ""0.16"", ""scikit-learn"": ""1.6.1"", ""scipy"": ""1.16.3""}","{""additive"": {""calibration_objective"": 0.024220283682757516, ""knn"": 8, ""q"": 0.95}, ""error_model"": ""conservative-v1"", ""product"": {""knn"": 8, ""resolution"": 1.2, ""sigma_geo_m"": 900.0, ""tau_temp_min"": 60.0, ""threshold_quantile"": 0.95, ""track"": ""operational_label_free""}}","{""arrival_equity_gap_min"": ""lower"", ""boat_workload_cv"": ""lower"", ""cvar90_arrival_min"": ""lower"", ""deadline_miss_rate"": ""lower"", ""duplicate_dispatches"": ""lower"", ""fake_dispatches"": ""lower"", ""latent_harm"": ""lower"", ""max_arrival_min"": ""lower"", ""mean_arrival_min"": ""lower"", ""merge_caused_misses"": ""lower"", ""split_trips"": ""lower"", ""total_fleet_workload_min"": ""lower"", ""unique_population_reached_by_deadline_rate"": ""higher"", ""unserved_genuine_incidents"": ""lower""}","{""numpy"": ""2.5.1"", ""pandas"": ""3.0.3"", ""scipy"": ""1.18.0""}"
partition,product_cij,additive_cij_matched_density,"{""policy"": ""nearest_first""}",mean_arrival_min,lower,-49.95068459,65.94107052,-45.30510793,"[-69.52731036471668, -28.98210972963959]",49.95068459,9.59746103e-06,6.718222721e-05,102,40,7,33,0,-0.7575049085,-0.7512195122,positive means candidate is better,40,4.1.0,test:3000-3039,a7c7a3f7ea63e57f1d98bd42f21c02aa04a69eaa37c824584a2be65f00f2d7e1,"{""numpy"": ""2.0.2"", ""pandas"": ""2.2.2"", ""python-louvain"": ""0.16"", ""scikit-learn"": ""1.6.1"", ""scipy"": ""1.16.3""}","{""additive"": {""calibration_objective"": 0.024220283682757516, ""knn"": 8, ""q"": 0.95}, ""error_model"": ""conservative-v1"", ""product"": {""knn"": 8, ""resolution"": 1.2, ""sigma_geo_m"": 900.0, ""tau_temp_min"": 60.0, ""threshold_quantile"": 0.95, ""track"": ""operational_label_free""}}","{""arrival_equity_gap_min"": ""lower"", ""boat_workload_cv"": ""lower"", ""cvar90_arrival_min"": ""lower"", ""deadline_miss_rate"": ""lower"", ""duplicate_dispatches"": ""lower"", ""fake_dispatches"": ""lower"", ""latent_harm"": ""lower"", ""max_arrival_min"": ""lower"", ""mean_arrival_min"": ""lower"", ""merge_caused_misses"": ""lower"", ""split_trips"": ""lower"", ""total_fleet_workload_min"": ""lower"", ""unique_population_reached_by_deadline_rate"": ""higher"", ""unserved_genuine_incidents"": ""lower""}","{""numpy"": ""2.5.1"", ""pandas"": ""3.0.3"", ""scipy"": ""1.18.0""}"
partition,product_cij,additive_cij_matched_density,"{""policy"": ""nearest_first""}",max_arrival_min,lower,-136.7757007,164.9375963,-116.4024019,"[-187.09920501308335, -86.02099976933339]",136.7757007,3.194629244e-06,3.514092168e-05,89,40,6,34,0,-0.829257269,-0.7829268293,positive means candidate is better,40,4.1.0,test:3000-3039,a7c7a3f7ea63e57f1d98bd42f21c02aa04a69eaa37c824584a2be65f00f2d7e1,"{""numpy"": ""2.0.2"", ""pandas"": ""2.2.2"", ""python-louvain"": ""0.16"", ""scikit-learn"": ""1.6.1"", ""scipy"": ""1.16.3""}","{""additive"": {""calibration_objective"": 0.024220283682757516, ""knn"": 8, ""q"": 0.95}, ""error_model"": ""conservative-v1"", ""product"": {""knn"": 8, ""resolution"": 1.2, ""sigma_geo_m"": 900.0, ""tau_temp_min"": 60.0, ""threshold_quantile"": 0.95, ""track"": ""operational_label_free""}}","{""arrival_equity_gap_min"": ""lower"", ""boat_workload_cv"": ""lower"", ""cvar90_arrival_min"": ""lower"", ""deadline_miss_rate"": ""lower"", ""duplicate_dispatches"": ""lower"", ""fake_dispatches"": ""lower"", ""latent_harm"": ""lower"", ""max_arrival_min"": ""lower"", ""mean_arrival_min"": ""lower"", ""merge_caused_misses"": ""lower"", ""split_trips"": ""lower"", ""total_fleet_workload_min"": ""lower"", ""unique_population_reached_by_deadline_rate"": ""higher"", ""unserved_genuine_incidents"": ""lower""}","{""numpy"": ""2.5.1"", ""pandas"": ""3.0.3"", ""scipy"": ""1.18.0""}"
partition,product_cij,additive_cij_matched_density,"{""policy"": ""nearest_first""}",cvar90_arrival_min,lower,-135.9448015,161.3474334,-127.7089475,"[-184.6710369048333, -86.31486716164594]",135.9448015,2.037499144e-06,2.444998972e-05,84,40,5,35,0,-0.8425594299,-0.7951219512,positive means candidate is better,40,4.1.0,test:3000-3039,a7c7a3f7ea63e57f1d98bd42f21c02aa04a69eaa37c824584a2be65f00f2d7e1,"{""numpy"": ""2.0.2"", ""pandas"": ""2.2.2"", ""python-louvain"": ""0.16"", ""scikit-learn"": ""1.6.1"", ""scipy"": ""1.16.3""}","{""additive"": {""calibration_objective"": 0.024220283682757516, ""knn"": 8, ""q"": 0.95}, ""error_model"": ""conservative-v1"", ""product"": {""knn"": 8, ""resolution"": 1.2, ""sigma_geo_m"": 900.0, ""tau_temp_min"": 60.0, ""threshold_quantile"": 0.95, ""track"": ""operational_label_free""}}","{""arrival_equity_gap_min"": ""lower"", ""boat_workload_cv"": ""lower"", ""cvar90_arrival_min"": ""lower"", ""deadline_miss_rate"": ""lower"", ""duplicate_dispatches"": ""lower"", ""fake_dispatches"": ""lower"", ""latent_harm"": ""lower"", ""max_arrival_min"": ""lower"", ""mean_arrival_min"": ""lower"", ""merge_caused_misses"": ""lower"", ""split_trips"": ""lower"", ""total_fleet_workload_min"": ""lower"", ""unique_population_reached_by_deadline_rate"": ""higher"", ""unserved_genuine_incidents"": ""lower""}","{""numpy"": ""2.5.1"", ""pandas"": ""3.0.3"", ""scipy"": ""1.18.0""}"
partition,product_cij,additive_cij_matched_density,"{""policy"": ""nearest_first""}",unique_population_reached_by_deadline_rate,higher,-0.005608890505,0.07126120298,-0.00150998665,"[-0.027513887934333316, 0.0161717964191729]",-0.005608890505,0.5865547889,1,333,40,17,21,2,-0.07870889446,-0.1012145749,positive means candidate is better,40,4.1.0,test:3000-3039,a7c7a3f7ea63e57f1d98bd42f21c02aa04a69eaa37c824584a2be65f00f2d7e1,"{""numpy"": ""2.0.2"", ""pandas"": ""2.2.2"", ""python-louvain"": ""0.16"", ""scikit-learn"": ""1.6.1"", ""scipy"": ""1.16.3""}","{""additive"": {""calibration_objective"": 0.024220283682757516, ""knn"": 8, ""q"": 0.95}, ""error_model"": ""conservative-v1"", ""product"": {""knn"": 8, ""resolution"": 1.2, ""sigma_geo_m"": 900.0, ""tau_temp_min"": 60.0, ""threshold_quantile"": 0.95, ""track"": ""operational_label_free""}}","{""arrival_equity_gap_min"": ""lower"", ""boat_workload_cv"": ""lower"", ""cvar90_arrival_min"": ""lower"", ""deadline_miss_rate"": ""lower"", ""duplicate_dispatches"": ""lower"", ""fake_dispatches"": ""lower"", ""latent_harm"": ""lower"", ""max_arrival_min"": ""lower"", ""mean_arrival_min"": ""lower"", ""merge_caused_misses"": ""lower"", ""split_trips"": ""lower"", ""total_fleet_workload_min"": ""lower"", ""unique_population_reached_by_deadline_rate"": ""higher"", ""unserved_genuine_incidents"": ""lower""}","{""numpy"": ""2.5.1"", ""pandas"": ""3.0.3"", ""scipy"": ""1.18.0""}"
partition,product_cij,additive_cij_matched_density,"{""policy"": ""nearest_first""}",total_fleet_workload_min,lower,-447.2881667,235.0274154,-496.5939422,"[-519.1848441635416, -374.0553124664584]",447.2881667,1.818989404e-12,2.546585165e-11,0,40,0,40,0,-1.90313188,-1,positive means candidate is better,40,4.1.0,test:3000-3039,a7c7a3f7ea63e57f1d98bd42f21c02aa04a69eaa37c824584a2be65f00f2d7e1,"{""numpy"": ""2.0.2"", ""pandas"": ""2.2.2"", ""python-louvain"": ""0.16"", ""scikit-learn"": ""1.6.1"", ""scipy"": ""1.16.3""}","{""additive"": {""calibration_objective"": 0.024220283682757516, ""knn"": 8, ""q"": 0.95}, ""error_model"": ""conservative-v1"", ""product"": {""knn"": 8, ""resolution"": 1.2, ""sigma_geo_m"": 900.0, ""tau_temp_min"": 60.0, ""threshold_quantile"": 0.95, ""track"": ""operational_label_free""}}","{""arrival_equity_gap_min"": ""lower"", ""boat_workload_cv"": ""lower"", ""cvar90_arrival_min"": ""lower"", ""deadline_miss_rate"": ""lower"", ""duplicate_dispatches"": ""lower"", ""fake_dispatches"": ""lower"", ""latent_harm"": ""lower"", ""max_arrival_min"": ""lower"", ""mean_arrival_min"": ""lower"", ""merge_caused_misses"": ""lower"", ""split_trips"": ""lower"", ""total_fleet_workload_min"": ""lower"", ""unique_population_reached_by_deadline_rate"": ""higher"", ""unserved_genuine_incidents"": ""lower""}","{""numpy"": ""2.5.1"", ""pandas"": ""3.0.3"", ""scipy"": ""1.18.0""}"
partition,product_cij,additive_cij_matched_density,"{""policy"": ""nearest_first""}",boat_workload_cv,lower,0.003715149253,0.02569173849,0.0006572368817,"[-0.004096914008030314, 0.011843070121320494]",-0.003715149253,0.4598136733,1,354,40,21,19,0,0.1446048213,0.1365853659,positive means candidate is better,40,4.1.0,test:3000-3039,a7c7a3f7ea63e57f1d98bd42f21c02aa04a69eaa37c824584a2be65f00f2d7e1,"{""numpy"": ""2.0.2"", ""pandas"": ""2.2.2"", ""python-louvain"": ""0.16"", ""scikit-learn"": ""1.6.1"", ""scipy"": ""1.16.3""}","{""additive"": {""calibration_objective"": 0.024220283682757516, ""knn"": 8, ""q"": 0.95}, ""error_model"": ""conservative-v1"", ""product"": {""knn"": 8, ""resolution"": 1.2, ""sigma_geo_m"": 900.0, ""tau_temp_min"": 60.0, ""threshold_quantile"": 0.95, ""track"": ""operational_label_free""}}","{""arrival_equity_gap_min"": ""lower"", ""boat_workload_cv"": ""lower"", ""cvar90_arrival_min"": ""lower"", ""deadline_miss_rate"": ""lower"", ""duplicate_dispatches"": ""lower"", ""fake_dispatches"": ""lower"", ""latent_harm"": ""lower"", ""max_arrival_min"": ""lower"", ""mean_arrival_min"": ""lower"", ""merge_caused_misses"": ""lower"", ""split_trips"": ""lower"", ""total_fleet_workload_min"": ""lower"", ""unique_population_reached_by_deadline_rate"": ""higher"", ""unserved_genuine_incidents"": ""lower""}","{""numpy"": ""2.5.1"", ""pandas"": ""3.0.3"", ""scipy"": ""1.18.0""}"
partition,product_cij,additive_cij_matched_density,"{""policy"": ""nearest_first""}",arrival_equity_gap_min,lower,-101.2373348,176.527388,-86.10093287,"[-156.39230190688332, -48.437401197508365]",101.2373348,0.0007553515716,0.004532109429,167,40,12,28,0,-0.5734936426,-0.5926829268,positive means candidate is better,40,4.1.0,test:3000-3039,a7c7a3f7ea63e57f1d98bd42f21c02aa04a69eaa37c824584a2be65f00f2d7e1,"{""numpy"": ""2.0.2"", ""pandas"": ""2.2.2"", ""python-louvain"": ""0.16"", ""scikit-learn"": ""1.6.1"", ""scipy"": ""1.16.3""}","{""additive"": {""calibration_objective"": 0.024220283682757516, ""knn"": 8, ""q"": 0.95}, ""error_model"": ""conservative-v1"", ""product"": {""knn"": 8, ""resolution"": 1.2, ""sigma_geo_m"": 900.0, ""tau_temp_min"": 60.0, ""threshold_quantile"": 0.95, ""track"": ""operational_label_free""}}","{""arrival_equity_gap_min"": ""lower"", ""boat_workload_cv"": ""lower"", ""cvar90_arrival_min"": ""lower"", ""deadline_miss_rate"": ""lower"", ""duplicate_dispatches"": ""lower"", ""fake_dispatches"": ""lower"", ""latent_harm"": ""lower"", ""max_arrival_min"": ""lower"", ""mean_arrival_min"": ""lower"", ""merge_caused_misses"": ""lower"", ""split_trips"": ""lower"", ""total_fleet_workload_min"": ""lower"", ""unique_population_reached_by_deadline_rate"": ""higher"", ""unserved_genuine_incidents"": ""lower""}","{""numpy"": ""2.5.1"", ""pandas"": ""3.0.3"", ""scipy"": ""1.18.0""}"
partition,product_cij,additive_cij_matched_density,"{""policy"": ""nearest_first""}",split_trips,lower,-1.125,1.158856643,-1,"[-1.5, -0.775]",1.125,6.529374497e-06,5.876437047e-05,36.5,40,2,31,7,-0.9707844428,-0.8698752228,positive means candidate is better,40,4.1.0,test:3000-3039,a7c7a3f7ea63e57f1d98bd42f21c02aa04a69eaa37c824584a2be65f00f2d7e1,"{""numpy"": ""2.0.2"", ""pandas"": ""2.2.2"", ""python-louvain"": ""0.16"", ""scikit-learn"": ""1.6.1"", ""scipy"": ""1.16.3""}","{""additive"": {""calibration_objective"": 0.024220283682757516, ""knn"": 8, ""q"": 0.95}, ""error_model"": ""conservative-v1"", ""product"": {""knn"": 8, ""resolution"": 1.2, ""sigma_geo_m"": 900.0, ""tau_temp_min"": 60.0, ""threshold_quantile"": 0.95, ""track"": ""operational_label_free""}}","{""arrival_equity_gap_min"": ""lower"", ""boat_workload_cv"": ""lower"", ""cvar90_arrival_min"": ""lower"", ""deadline_miss_rate"": ""lower"", ""duplicate_dispatches"": ""lower"", ""fake_dispatches"": ""lower"", ""latent_harm"": ""lower"", ""max_arrival_min"": ""lower"", ""mean_arrival_min"": ""lower"", ""merge_caused_misses"": ""lower"", ""split_trips"": ""lower"", ""total_fleet_workload_min"": ""lower"", ""unique_population_reached_by_deadline_rate"": ""higher"", ""unserved_genuine_incidents"": ""lower""}","{""numpy"": ""2.5.1"", ""pandas"": ""3.0.3"", ""scipy"": ""1.18.0""}"
partition,product_cij,additive_cij_matched_density,"{""policy"": ""nearest_first""}",merge_caused_misses,lower,-0.025,0.158113883,0,"[-0.075, 0.0]",0.025,0.3173105079,1,0,40,0,1,39,-0.158113883,-1,positive means candidate is better,40,4.1.0,test:3000-3039,a7c7a3f7ea63e57f1d98bd42f21c02aa04a69eaa37c824584a2be65f00f2d7e1,"{""numpy"": ""2.0.2"", ""pandas"": ""2.2.2"", ""python-louvain"": ""0.16"", ""scikit-learn"": ""1.6.1"", ""scipy"": ""1.16.3""}","{""additive"": {""calibration_objective"": 0.024220283682757516, ""knn"": 8, ""q"": 0.95}, ""error_model"": ""conservative-v1"", ""product"": {""knn"": 8, ""resolution"": 1.2, ""sigma_geo_m"": 900.0, ""tau_temp_min"": 60.0, ""threshold_quantile"": 0.95, ""track"": ""operational_label_free""}}","{""arrival_equity_gap_min"": ""lower"", ""boat_workload_cv"": ""lower"", ""cvar90_arrival_min"": ""lower"", ""deadline_miss_rate"": ""lower"", ""duplicate_dispatches"": ""lower"", ""fake_dispatches"": ""lower"", ""latent_harm"": ""lower"", ""max_arrival_min"": ""lower"", ""mean_arrival_min"": ""lower"", ""merge_caused_misses"": ""lower"", ""split_trips"": ""lower"", ""total_fleet_workload_min"": ""lower"", ""unique_population_reached_by_deadline_rate"": ""higher"", ""unserved_genuine_incidents"": ""lower""}","{""numpy"": ""2.5.1"", ""pandas"": ""3.0.3"", ""scipy"": ""1.18.0""}"
partition,product_cij,additive_cij_matched_density,"{""policy"": ""nearest_first""}",fake_dispatches,lower,-8.275,2.782615446,-8,"[-9.15, -7.45]",8.275,3.328199581e-08,4.326659455e-07,0,40,0,40,0,-2.973820911,-1,positive means candidate is better,40,4.1.0,test:3000-3039,a7c7a3f7ea63e57f1d98bd42f21c02aa04a69eaa37c824584a2be65f00f2d7e1,"{""numpy"": ""2.0.2"", ""pandas"": ""2.2.2"", ""python-louvain"": ""0.16"", ""scikit-learn"": ""1.6.1"", ""scipy"": ""1.16.3""}","{""additive"": {""calibration_objective"": 0.024220283682757516, ""knn"": 8, ""q"": 0.95}, ""error_model"": ""conservative-v1"", ""product"": {""knn"": 8, ""resolution"": 1.2, ""sigma_geo_m"": 900.0, ""tau_temp_min"": 60.0, ""threshold_quantile"": 0.95, ""track"": ""operational_label_free""}}","{""arrival_equity_gap_min"": ""lower"", ""boat_workload_cv"": ""lower"", ""cvar90_arrival_min"": ""lower"", ""deadline_miss_rate"": ""lower"", ""duplicate_dispatches"": ""lower"", ""fake_dispatches"": ""lower"", ""latent_harm"": ""lower"", ""max_arrival_min"": ""lower"", ""mean_arrival_min"": ""lower"", ""merge_caused_misses"": ""lower"", ""split_trips"": ""lower"", ""total_fleet_workload_min"": ""lower"", ""unique_population_reached_by_deadline_rate"": ""higher"", ""unserved_genuine_incidents"": ""lower""}","{""numpy"": ""2.5.1"", ""pandas"": ""3.0.3"", ""scipy"": ""1.18.0""}"
partition,product_cij,additive_cij_matched_density,"{""policy"": ""nearest_first""}",duplicate_dispatches,lower,-1.125,1.158856643,-1,"[-1.5, -0.775]",1.125,6.529374497e-06,5.876437047e-05,36.5,40,2,31,7,-0.9707844428,-0.8698752228,positive means candidate is better,40,4.1.0,test:3000-3039,a7c7a3f7ea63e57f1d98bd42f21c02aa04a69eaa37c824584a2be65f00f2d7e1,"{""numpy"": ""2.0.2"", ""pandas"": ""2.2.2"", ""python-louvain"": ""0.16"", ""scikit-learn"": ""1.6.1"", ""scipy"": ""1.16.3""}","{""additive"": {""calibration_objective"": 0.024220283682757516, ""knn"": 8, ""q"": 0.95}, ""error_model"": ""conservative-v1"", ""product"": {""knn"": 8, ""resolution"": 1.2, ""sigma_geo_m"": 900.0, ""tau_temp_min"": 60.0, ""threshold_quantile"": 0.95, ""track"": ""operational_label_free""}}","{""arrival_equity_gap_min"": ""lower"", ""boat_workload_cv"": ""lower"", ""cvar90_arrival_min"": ""lower"", ""deadline_miss_rate"": ""lower"", ""duplicate_dispatches"": ""lower"", ""fake_dispatches"": ""lower"", ""latent_harm"": ""lower"", ""max_arrival_min"": ""lower"", ""mean_arrival_min"": ""lower"", ""merge_caused_misses"": ""lower"", ""split_trips"": ""lower"", ""total_fleet_workload_min"": ""lower"", ""unique_population_reached_by_deadline_rate"": ""higher"", ""unserved_genuine_incidents"": ""lower""}","{""numpy"": ""2.5.1"", ""pandas"": ""3.0.3"", ""scipy"": ""1.18.0""}"
partition,product_cij,additive_cij_matched_density,"{""policy"": ""nearest_first""}",unserved_genuine_incidents,lower,-0.025,0.158113883,0,"[-0.075, 0.0]",0.025,0.3173105079,1,0,40,0,1,39,-0.158113883,-1,positive means candidate is better,40,4.1.0,test:3000-3039,a7c7a3f7ea63e57f1d98bd42f21c02aa04a69eaa37c824584a2be65f00f2d7e1,"{""numpy"": ""2.0.2"", ""pandas"": ""2.2.2"", ""python-louvain"": ""0.16"", ""scikit-learn"": ""1.6.1"", ""scipy"": ""1.16.3""}","{""additive"": {""calibration_objective"": 0.024220283682757516, ""knn"": 8, ""q"": 0.95}, ""error_model"": ""conservative-v1"", ""product"": {""knn"": 8, ""resolution"": 1.2, ""sigma_geo_m"": 900.0, ""tau_temp_min"": 60.0, ""threshold_quantile"": 0.95, ""track"": ""operational_label_free""}}","{""arrival_equity_gap_min"": ""lower"", ""boat_workload_cv"": ""lower"", ""cvar90_arrival_min"": ""lower"", ""deadline_miss_rate"": ""lower"", ""duplicate_dispatches"": ""lower"", ""fake_dispatches"": ""lower"", ""latent_harm"": ""lower"", ""max_arrival_min"": ""lower"", ""mean_arrival_min"": ""lower"", ""merge_caused_misses"": ""lower"", ""split_trips"": ""lower"", ""total_fleet_workload_min"": ""lower"", ""unique_population_reached_by_deadline_rate"": ""higher"", ""unserved_genuine_incidents"": ""lower""}","{""numpy"": ""2.5.1"", ""pandas"": ""3.0.3"", ""scipy"": ""1.18.0""}"
partition,product_cij,oracle,"{""policy"": ""revised_priority""}",latent_harm,lower,-36.68563657,61.13147509,-27.45690165,"[-55.889941298104176, -18.5322182658427]",36.68563657,0.0005080382052,0.002032152821,160,40,10,30,0,-0.6001104425,-0.6097560976,positive means candidate is better,40,4.1.0,test:3000-3039,a7c7a3f7ea63e57f1d98bd42f21c02aa04a69eaa37c824584a2be65f00f2d7e1,"{""numpy"": ""2.0.2"", ""pandas"": ""2.2.2"", ""python-louvain"": ""0.16"", ""scikit-learn"": ""1.6.1"", ""scipy"": ""1.16.3""}","{""additive"": {""calibration_objective"": 0.024220283682757516, ""knn"": 8, ""q"": 0.95}, ""error_model"": ""conservative-v1"", ""product"": {""knn"": 8, ""resolution"": 1.2, ""sigma_geo_m"": 900.0, ""tau_temp_min"": 60.0, ""threshold_quantile"": 0.95, ""track"": ""operational_label_free""}}","{""arrival_equity_gap_min"": ""lower"", ""boat_workload_cv"": ""lower"", ""cvar90_arrival_min"": ""lower"", ""deadline_miss_rate"": ""lower"", ""duplicate_dispatches"": ""lower"", ""fake_dispatches"": ""lower"", ""latent_harm"": ""lower"", ""max_arrival_min"": ""lower"", ""mean_arrival_min"": ""lower"", ""merge_caused_misses"": ""lower"", ""split_trips"": ""lower"", ""total_fleet_workload_min"": ""lower"", ""unique_population_reached_by_deadline_rate"": ""higher"", ""unserved_genuine_incidents"": ""lower""}","{""numpy"": ""2.5.1"", ""pandas"": ""3.0.3"", ""scipy"": ""1.18.0""}"
partition,product_cij,oracle,"{""policy"": ""revised_priority""}",deadline_miss_rate,lower,-0.05208333333,0.08926536195,-0.04166666667,"[-0.07970052083333334, -0.02447916666666666]",0.05208333333,0.001000167262,0.003000501785,114.5,40,9,26,5,-0.5834663323,-0.6365079365,positive means candidate is better,40,4.1.0,test:3000-3039,a7c7a3f7ea63e57f1d98bd42f21c02aa04a69eaa37c824584a2be65f00f2d7e1,"{""numpy"": ""2.0.2"", ""pandas"": ""2.2.2"", ""python-louvain"": ""0.16"", ""scikit-learn"": ""1.6.1"", ""scipy"": ""1.16.3""}","{""additive"": {""calibration_objective"": 0.024220283682757516, ""knn"": 8, ""q"": 0.95}, ""error_model"": ""conservative-v1"", ""product"": {""knn"": 8, ""resolution"": 1.2, ""sigma_geo_m"": 900.0, ""tau_temp_min"": 60.0, ""threshold_quantile"": 0.95, ""track"": ""operational_label_free""}}","{""arrival_equity_gap_min"": ""lower"", ""boat_workload_cv"": ""lower"", ""cvar90_arrival_min"": ""lower"", ""deadline_miss_rate"": ""lower"", ""duplicate_dispatches"": ""lower"", ""fake_dispatches"": ""lower"", ""latent_harm"": ""lower"", ""max_arrival_min"": ""lower"", ""mean_arrival_min"": ""lower"", ""merge_caused_misses"": ""lower"", ""split_trips"": ""lower"", ""total_fleet_workload_min"": ""lower"", ""unique_population_reached_by_deadline_rate"": ""higher"", ""unserved_genuine_incidents"": ""lower""}","{""numpy"": ""2.5.1"", ""pandas"": ""3.0.3"", ""scipy"": ""1.18.0""}"
partition,product_cij,oracle,"{""policy"": ""revised_priority""}",mean_arrival_min,lower,-43.20372516,68.76952595,-31.37386298,"[-65.15220619521251, -23.11462830300002]",43.20372516,0.00017029843,0.0008514921501,142,40,9,31,0,-0.6282393917,-0.6536585366,positive means candidate is better,40,4.1.0,test:3000-3039,a7c7a3f7ea63e57f1d98bd42f21c02aa04a69eaa37c824584a2be65f00f2d7e1,"{""numpy"": ""2.0.2"", ""pandas"": ""2.2.2"", ""python-louvain"": ""0.16"", ""scikit-learn"": ""1.6.1"", ""scipy"": ""1.16.3""}","{""additive"": {""calibration_objective"": 0.024220283682757516, ""knn"": 8, ""q"": 0.95}, ""error_model"": ""conservative-v1"", ""product"": {""knn"": 8, ""resolution"": 1.2, ""sigma_geo_m"": 900.0, ""tau_temp_min"": 60.0, ""threshold_quantile"": 0.95, ""track"": ""operational_label_free""}}","{""arrival_equity_gap_min"": ""lower"", ""boat_workload_cv"": ""lower"", ""cvar90_arrival_min"": ""lower"", ""deadline_miss_rate"": ""lower"", ""duplicate_dispatches"": ""lower"", ""fake_dispatches"": ""lower"", ""latent_harm"": ""lower"", ""max_arrival_min"": ""lower"", ""mean_arrival_min"": ""lower"", ""merge_caused_misses"": ""lower"", ""split_trips"": ""lower"", ""total_fleet_workload_min"": ""lower"", ""unique_population_reached_by_deadline_rate"": ""higher"", ""unserved_genuine_incidents"": ""lower""}","{""numpy"": ""2.5.1"", ""pandas"": ""3.0.3"", ""scipy"": ""1.18.0""}"
partition,product_cij,oracle,"{""policy"": ""revised_priority""}",max_arrival_min,lower,-191.3355049,206.5953576,-89.13222895,"[-258.750970967, -131.84734955285418]",191.3355049,1.818989404e-11,2.182787284e-10,5,40,1,39,0,-0.926136517,-0.987804878,positive means candidate is better,40,4.1.0,test:3000-3039,a7c7a3f7ea63e57f1d98bd42f21c02aa04a69eaa37c824584a2be65f00f2d7e1,"{""numpy"": ""2.0.2"", ""pandas"": ""2.2.2"", ""python-louvain"": ""0.16"", ""scikit-learn"": ""1.6.1"", ""scipy"": ""1.16.3""}","{""additive"": {""calibration_objective"": 0.024220283682757516, ""knn"": 8, ""q"": 0.95}, ""error_model"": ""conservative-v1"", ""product"": {""knn"": 8, ""resolution"": 1.2, ""sigma_geo_m"": 900.0, ""tau_temp_min"": 60.0, ""threshold_quantile"": 0.95, ""track"": ""operational_label_free""}}","{""arrival_equity_gap_min"": ""lower"", ""boat_workload_cv"": ""lower"", ""cvar90_arrival_min"": ""lower"", ""deadline_miss_rate"": ""lower"", ""duplicate_dispatches"": ""lower"", ""fake_dispatches"": ""lower"", ""latent_harm"": ""lower"", ""max_arrival_min"": ""lower"", ""mean_arrival_min"": ""lower"", ""merge_caused_misses"": ""lower"", ""split_trips"": ""lower"", ""total_fleet_workload_min"": ""lower"", ""unique_population_reached_by_deadline_rate"": ""higher"", ""unserved_genuine_incidents"": ""lower""}","{""numpy"": ""2.5.1"", ""pandas"": ""3.0.3"", ""scipy"": ""1.18.0""}"
partition,product_cij,oracle,"{""policy"": ""revised_priority""}",cvar90_arrival_min,lower,-150.7949873,147.0328943,-83.8851743,"[-197.29116575925002, -108.62410330495835]",150.7949873,1.273292582e-10,1.400621841e-09,12,40,4,36,0,-1.025586744,-0.9707317073,positive means candidate is better,40,4.1.0,test:3000-3039,a7c7a3f7ea63e57f1d98bd42f21c02aa04a69eaa37c824584a2be65f00f2d7e1,"{""numpy"": ""2.0.2"", ""pandas"": ""2.2.2"", ""python-louvain"": ""0.16"", ""scikit-learn"": ""1.6.1"", ""scipy"": ""1.16.3""}","{""additive"": {""calibration_objective"": 0.024220283682757516, ""knn"": 8, ""q"": 0.95}, ""error_model"": ""conservative-v1"", ""product"": {""knn"": 8, ""resolution"": 1.2, ""sigma_geo_m"": 900.0, ""tau_temp_min"": 60.0, ""threshold_quantile"": 0.95, ""track"": ""operational_label_free""}}","{""arrival_equity_gap_min"": ""lower"", ""boat_workload_cv"": ""lower"", ""cvar90_arrival_min"": ""lower"", ""deadline_miss_rate"": ""lower"", ""duplicate_dispatches"": ""lower"", ""fake_dispatches"": ""lower"", ""latent_harm"": ""lower"", ""max_arrival_min"": ""lower"", ""mean_arrival_min"": ""lower"", ""merge_caused_misses"": ""lower"", ""split_trips"": ""lower"", ""total_fleet_workload_min"": ""lower"", ""unique_population_reached_by_deadline_rate"": ""higher"", ""unserved_genuine_incidents"": ""lower""}","{""numpy"": ""2.5.1"", ""pandas"": ""3.0.3"", ""scipy"": ""1.18.0""}"
partition,product_cij,oracle,"{""policy"": ""revised_priority""}",unique_population_reached_by_deadline_rate,higher,-0.05072310044,0.09671130709,-0.04216962692,"[-0.08076713665703543, -0.020684249657454173]",-0.05072310044,0.002908094388,0.005816188775,193,40,13,27,0,-0.5244795254,-0.5292682927,positive means candidate is better,40,4.1.0,test:3000-3039,a7c7a3f7ea63e57f1d98bd42f21c02aa04a69eaa37c824584a2be65f00f2d7e1,"{""numpy"": ""2.0.2"", ""pandas"": ""2.2.2"", ""python-louvain"": ""0.16"", ""scikit-learn"": ""1.6.1"", ""scipy"": ""1.16.3""}","{""additive"": {""calibration_objective"": 0.024220283682757516, ""knn"": 8, ""q"": 0.95}, ""error_model"": ""conservative-v1"", ""product"": {""knn"": 8, ""resolution"": 1.2, ""sigma_geo_m"": 900.0, ""tau_temp_min"": 60.0, ""threshold_quantile"": 0.95, ""track"": ""operational_label_free""}}","{""arrival_equity_gap_min"": ""lower"", ""boat_workload_cv"": ""lower"", ""cvar90_arrival_min"": ""lower"", ""deadline_miss_rate"": ""lower"", ""duplicate_dispatches"": ""lower"", ""fake_dispatches"": ""lower"", ""latent_harm"": ""lower"", ""max_arrival_min"": ""lower"", ""mean_arrival_min"": ""lower"", ""merge_caused_misses"": ""lower"", ""split_trips"": ""lower"", ""total_fleet_workload_min"": ""lower"", ""unique_population_reached_by_deadline_rate"": ""higher"", ""unserved_genuine_incidents"": ""lower""}","{""numpy"": ""2.5.1"", ""pandas"": ""3.0.3"", ""scipy"": ""1.18.0""}"
partition,product_cij,oracle,"{""policy"": ""revised_priority""}",total_fleet_workload_min,lower,-6556.644182,512.6326746,-6466.9098,"[-6718.216154107084, -6405.136243887083]",6556.644182,1.818989404e-12,2.546585165e-11,0,40,0,40,0,-12.79014099,-1,positive means candidate is better,40,4.1.0,test:3000-3039,a7c7a3f7ea63e57f1d98bd42f21c02aa04a69eaa37c824584a2be65f00f2d7e1,"{""numpy"": ""2.0.2"", ""pandas"": ""2.2.2"", ""python-louvain"": ""0.16"", ""scikit-learn"": ""1.6.1"", ""scipy"": ""1.16.3""}","{""additive"": {""calibration_objective"": 0.024220283682757516, ""knn"": 8, ""q"": 0.95}, ""error_model"": ""conservative-v1"", ""product"": {""knn"": 8, ""resolution"": 1.2, ""sigma_geo_m"": 900.0, ""tau_temp_min"": 60.0, ""threshold_quantile"": 0.95, ""track"": ""operational_label_free""}}","{""arrival_equity_gap_min"": ""lower"", ""boat_workload_cv"": ""lower"", ""cvar90_arrival_min"": ""lower"", ""deadline_miss_rate"": ""lower"", ""duplicate_dispatches"": ""lower"", ""fake_dispatches"": ""lower"", ""latent_harm"": ""lower"", ""max_arrival_min"": ""lower"", ""mean_arrival_min"": ""lower"", ""merge_caused_misses"": ""lower"", ""split_trips"": ""lower"", ""total_fleet_workload_min"": ""lower"", ""unique_population_reached_by_deadline_rate"": ""higher"", ""unserved_genuine_incidents"": ""lower""}","{""numpy"": ""2.5.1"", ""pandas"": ""3.0.3"", ""scipy"": ""1.18.0""}"
partition,product_cij,oracle,"{""policy"": ""revised_priority""}",boat_workload_cv,lower,0.0671298309,0.02444401251,0.06627304045,"[0.05963162079433338, 0.07436931882103567]",-0.0671298309,1.818989404e-12,2.546585165e-11,0,40,40,0,0,2.746268881,1,positive means candidate is better,40,4.1.0,test:3000-3039,a7c7a3f7ea63e57f1d98bd42f21c02aa04a69eaa37c824584a2be65f00f2d7e1,"{""numpy"": ""2.0.2"", ""pandas"": ""2.2.2"", ""python-louvain"": ""0.16"", ""scikit-learn"": ""1.6.1"", ""scipy"": ""1.16.3""}","{""additive"": {""calibration_objective"": 0.024220283682757516, ""knn"": 8, ""q"": 0.95}, ""error_model"": ""conservative-v1"", ""product"": {""knn"": 8, ""resolution"": 1.2, ""sigma_geo_m"": 900.0, ""tau_temp_min"": 60.0, ""threshold_quantile"": 0.95, ""track"": ""operational_label_free""}}","{""arrival_equity_gap_min"": ""lower"", ""boat_workload_cv"": ""lower"", ""cvar90_arrival_min"": ""lower"", ""deadline_miss_rate"": ""lower"", ""duplicate_dispatches"": ""lower"", ""fake_dispatches"": ""lower"", ""latent_harm"": ""lower"", ""max_arrival_min"": ""lower"", ""mean_arrival_min"": ""lower"", ""merge_caused_misses"": ""lower"", ""split_trips"": ""lower"", ""total_fleet_workload_min"": ""lower"", ""unique_population_reached_by_deadline_rate"": ""higher"", ""unserved_genuine_incidents"": ""lower""}","{""numpy"": ""2.5.1"", ""pandas"": ""3.0.3"", ""scipy"": ""1.18.0""}"
partition,product_cij,oracle,"{""policy"": ""revised_priority""}",arrival_equity_gap_min,lower,-26.03668385,91.07141794,-16.32640992,"[-54.27751455144581, 1.5534962225479132]",26.03668385,0.1058129653,0.1058129653,289,40,18,22,0,-0.2858930325,-0.2951219512,positive means candidate is better,40,4.1.0,test:3000-3039,a7c7a3f7ea63e57f1d98bd42f21c02aa04a69eaa37c824584a2be65f00f2d7e1,"{""numpy"": ""2.0.2"", ""pandas"": ""2.2.2"", ""python-louvain"": ""0.16"", ""scikit-learn"": ""1.6.1"", ""scipy"": ""1.16.3""}","{""additive"": {""calibration_objective"": 0.024220283682757516, ""knn"": 8, ""q"": 0.95}, ""error_model"": ""conservative-v1"", ""product"": {""knn"": 8, ""resolution"": 1.2, ""sigma_geo_m"": 900.0, ""tau_temp_min"": 60.0, ""threshold_quantile"": 0.95, ""track"": ""operational_label_free""}}","{""arrival_equity_gap_min"": ""lower"", ""boat_workload_cv"": ""lower"", ""cvar90_arrival_min"": ""lower"", ""deadline_miss_rate"": ""lower"", ""duplicate_dispatches"": ""lower"", ""fake_dispatches"": ""lower"", ""latent_harm"": ""lower"", ""max_arrival_min"": ""lower"", ""mean_arrival_min"": ""lower"", ""merge_caused_misses"": ""lower"", ""split_trips"": ""lower"", ""total_fleet_workload_min"": ""lower"", ""unique_population_reached_by_deadline_rate"": ""higher"", ""unserved_genuine_incidents"": ""lower""}","{""numpy"": ""2.5.1"", ""pandas"": ""3.0.3"", ""scipy"": ""1.18.0""}"
partition,product_cij,oracle,"{""policy"": ""revised_priority""}",split_trips,lower,-2.3,1.264911064,-2,"[-2.725, -1.925]",2.3,2.536302824e-08,1.775411977e-07,0,40,0,40,0,-1.818309655,-1,positive means candidate is better,40,4.1.0,test:3000-3039,a7c7a3f7ea63e57f1d98bd42f21c02aa04a69eaa37c824584a2be65f00f2d7e1,"{""numpy"": ""2.0.2"", ""pandas"": ""2.2.2"", ""python-louvain"": ""0.16"", ""scikit-learn"": ""1.6.1"", ""scipy"": ""1.16.3""}","{""additive"": {""calibration_objective"": 0.024220283682757516, ""knn"": 8, ""q"": 0.95}, ""error_model"": ""conservative-v1"", ""product"": {""knn"": 8, ""resolution"": 1.2, ""sigma_geo_m"": 900.0, ""tau_temp_min"": 60.0, ""threshold_quantile"": 0.95, ""track"": ""operational_label_free""}}","{""arrival_equity_gap_min"": ""lower"", ""boat_workload_cv"": ""lower"", ""cvar90_arrival_min"": ""lower"", ""deadline_miss_rate"": ""lower"", ""duplicate_dispatches"": ""lower"", ""fake_dispatches"": ""lower"", ""latent_harm"": ""lower"", ""max_arrival_min"": ""lower"", ""mean_arrival_min"": ""lower"", ""merge_caused_misses"": ""lower"", ""split_trips"": ""lower"", ""total_fleet_workload_min"": ""lower"", ""unique_population_reached_by_deadline_rate"": ""higher"", ""unserved_genuine_incidents"": ""lower""}","{""numpy"": ""2.5.1"", ""pandas"": ""3.0.3"", ""scipy"": ""1.18.0""}"
partition,product_cij,oracle,"{""policy"": ""revised_priority""}",merge_caused_misses,lower,-1.025,0.158113883,-1,"[-1.075, -1.0]",1.025,4.040854277e-10,4.040854277e-09,0,40,0,40,0,-6.482669203,-1,positive means candidate is better,40,4.1.0,test:3000-3039,a7c7a3f7ea63e57f1d98bd42f21c02aa04a69eaa37c824584a2be65f00f2d7e1,"{""numpy"": ""2.0.2"", ""pandas"": ""2.2.2"", ""python-louvain"": ""0.16"", ""scikit-learn"": ""1.6.1"", ""scipy"": ""1.16.3""}","{""additive"": {""calibration_objective"": 0.024220283682757516, ""knn"": 8, ""q"": 0.95}, ""error_model"": ""conservative-v1"", ""product"": {""knn"": 8, ""resolution"": 1.2, ""sigma_geo_m"": 900.0, ""tau_temp_min"": 60.0, ""threshold_quantile"": 0.95, ""track"": ""operational_label_free""}}","{""arrival_equity_gap_min"": ""lower"", ""boat_workload_cv"": ""lower"", ""cvar90_arrival_min"": ""lower"", ""deadline_miss_rate"": ""lower"", ""duplicate_dispatches"": ""lower"", ""fake_dispatches"": ""lower"", ""latent_harm"": ""lower"", ""max_arrival_min"": ""lower"", ""mean_arrival_min"": ""lower"", ""merge_caused_misses"": ""lower"", ""split_trips"": ""lower"", ""total_fleet_workload_min"": ""lower"", ""unique_population_reached_by_deadline_rate"": ""higher"", ""unserved_genuine_incidents"": ""lower""}","{""numpy"": ""2.5.1"", ""pandas"": ""3.0.3"", ""scipy"": ""1.18.0""}"
partition,product_cij,oracle,"{""policy"": ""revised_priority""}",fake_dispatches,lower,-34.9,0.3038218101,-35,"[-34.975, -34.8]",34.9,1.279801006e-09,1.023840805e-08,0,40,0,40,0,-114.8699627,-1,positive means candidate is better,40,4.1.0,test:3000-3039,a7c7a3f7ea63e57f1d98bd42f21c02aa04a69eaa37c824584a2be65f00f2d7e1,"{""numpy"": ""2.0.2"", ""pandas"": ""2.2.2"", ""python-louvain"": ""0.16"", ""scikit-learn"": ""1.6.1"", ""scipy"": ""1.16.3""}","{""additive"": {""calibration_objective"": 0.024220283682757516, ""knn"": 8, ""q"": 0.95}, ""error_model"": ""conservative-v1"", ""product"": {""knn"": 8, ""resolution"": 1.2, ""sigma_geo_m"": 900.0, ""tau_temp_min"": 60.0, ""threshold_quantile"": 0.95, ""track"": ""operational_label_free""}}","{""arrival_equity_gap_min"": ""lower"", ""boat_workload_cv"": ""lower"", ""cvar90_arrival_min"": ""lower"", ""deadline_miss_rate"": ""lower"", ""duplicate_dispatches"": ""lower"", ""fake_dispatches"": ""lower"", ""latent_harm"": ""lower"", ""max_arrival_min"": ""lower"", ""mean_arrival_min"": ""lower"", ""merge_caused_misses"": ""lower"", ""split_trips"": ""lower"", ""total_fleet_workload_min"": ""lower"", ""unique_population_reached_by_deadline_rate"": ""higher"", ""unserved_genuine_incidents"": ""lower""}","{""numpy"": ""2.5.1"", ""pandas"": ""3.0.3"", ""scipy"": ""1.18.0""}"
partition,product_cij,oracle,"{""policy"": ""revised_priority""}",duplicate_dispatches,lower,-2.3,1.264911064,-2,"[-2.725, -1.925]",2.3,2.536302824e-08,1.775411977e-07,0,40,0,40,0,-1.818309655,-1,positive means candidate is better,40,4.1.0,test:3000-3039,a7c7a3f7ea63e57f1d98bd42f21c02aa04a69eaa37c824584a2be65f00f2d7e1,"{""numpy"": ""2.0.2"", ""pandas"": ""2.2.2"", ""python-louvain"": ""0.16"", ""scikit-learn"": ""1.6.1"", ""scipy"": ""1.16.3""}","{""additive"": {""calibration_objective"": 0.024220283682757516, ""knn"": 8, ""q"": 0.95}, ""error_model"": ""conservative-v1"", ""product"": {""knn"": 8, ""resolution"": 1.2, ""sigma_geo_m"": 900.0, ""tau_temp_min"": 60.0, ""threshold_quantile"": 0.95, ""track"": ""operational_label_free""}}","{""arrival_equity_gap_min"": ""lower"", ""boat_workload_cv"": ""lower"", ""cvar90_arrival_min"": ""lower"", ""deadline_miss_rate"": ""lower"", ""duplicate_dispatches"": ""lower"", ""fake_dispatches"": ""lower"", ""latent_harm"": ""lower"", ""max_arrival_min"": ""lower"", ""mean_arrival_min"": ""lower"", ""merge_caused_misses"": ""lower"", ""split_trips"": ""lower"", ""total_fleet_workload_min"": ""lower"", ""unique_population_reached_by_deadline_rate"": ""higher"", ""unserved_genuine_incidents"": ""lower""}","{""numpy"": ""2.5.1"", ""pandas"": ""3.0.3"", ""scipy"": ""1.18.0""}"
partition,product_cij,oracle,"{""policy"": ""revised_priority""}",unserved_genuine_incidents,lower,-1.025,0.158113883,-1,"[-1.075, -1.0]",1.025,4.040854277e-10,4.040854277e-09,0,40,0,40,0,-6.482669203,-1,positive means candidate is better,40,4.1.0,test:3000-3039,a7c7a3f7ea63e57f1d98bd42f21c02aa04a69eaa37c824584a2be65f00f2d7e1,"{""numpy"": ""2.0.2"", ""pandas"": ""2.2.2"", ""python-louvain"": ""0.16"", ""scikit-learn"": ""1.6.1"", ""scipy"": ""1.16.3""}","{""additive"": {""calibration_objective"": 0.024220283682757516, ""knn"": 8, ""q"": 0.95}, ""error_model"": ""conservative-v1"", ""product"": {""knn"": 8, ""resolution"": 1.2, ""sigma_geo_m"": 900.0, ""tau_temp_min"": 60.0, ""threshold_quantile"": 0.95, ""track"": ""operational_label_free""}}","{""arrival_equity_gap_min"": ""lower"", ""boat_workload_cv"": ""lower"", ""cvar90_arrival_min"": ""lower"", ""deadline_miss_rate"": ""lower"", ""duplicate_dispatches"": ""lower"", ""fake_dispatches"": ""lower"", ""latent_harm"": ""lower"", ""max_arrival_min"": ""lower"", ""mean_arrival_min"": ""lower"", ""merge_caused_misses"": ""lower"", ""split_trips"": ""lower"", ""total_fleet_workload_min"": ""lower"", ""unique_population_reached_by_deadline_rate"": ""higher"", ""unserved_genuine_incidents"": ""lower""}","{""numpy"": ""2.5.1"", ""pandas"": ""3.0.3"", ""scipy"": ""1.18.0""}"
partition,product_cij,additive_cij_matched_density,"{""policy"": ""revised_priority""}",latent_harm,lower,-18.3357465,32.04576393,-19.67831485,"[-27.70401548320418, -8.315990230652114]",18.3357465,2.104776468e-05,0.0001683821174,112,40,4,36,0,-0.5721737995,-0.7268292683,positive means candidate is better,40,4.1.0,test:3000-3039,a7c7a3f7ea63e57f1d98bd42f21c02aa04a69eaa37c824584a2be65f00f2d7e1,"{""numpy"": ""2.0.2"", ""pandas"": ""2.2.2"", ""python-louvain"": ""0.16"", ""scikit-learn"": ""1.6.1"", ""scipy"": ""1.16.3""}","{""additive"": {""calibration_objective"": 0.024220283682757516, ""knn"": 8, ""q"": 0.95}, ""error_model"": ""conservative-v1"", ""product"": {""knn"": 8, ""resolution"": 1.2, ""sigma_geo_m"": 900.0, ""tau_temp_min"": 60.0, ""threshold_quantile"": 0.95, ""track"": ""operational_label_free""}}","{""arrival_equity_gap_min"": ""lower"", ""boat_workload_cv"": ""lower"", ""cvar90_arrival_min"": ""lower"", ""deadline_miss_rate"": ""lower"", ""duplicate_dispatches"": ""lower"", ""fake_dispatches"": ""lower"", ""latent_harm"": ""lower"", ""max_arrival_min"": ""lower"", ""mean_arrival_min"": ""lower"", ""merge_caused_misses"": ""lower"", ""split_trips"": ""lower"", ""total_fleet_workload_min"": ""lower"", ""unique_population_reached_by_deadline_rate"": ""higher"", ""unserved_genuine_incidents"": ""lower""}","{""numpy"": ""2.5.1"", ""pandas"": ""3.0.3"", ""scipy"": ""1.18.0""}"
partition,product_cij,additive_cij_matched_density,"{""policy"": ""revised_priority""}",deadline_miss_rate,lower,-0.0109375,0.04573793004,0,"[-0.02447916666666667, 0.0036458333333333343]",0.0109375,0.01903210365,0.0761284146,84,40,7,19,14,-0.2391341276,-0.5213675214,positive means candidate is better,40,4.1.0,test:3000-3039,a7c7a3f7ea63e57f1d98bd42f21c02aa04a69eaa37c824584a2be65f00f2d7e1,"{""numpy"": ""2.0.2"", ""pandas"": ""2.2.2"", ""python-louvain"": ""0.16"", ""scikit-learn"": ""1.6.1"", ""scipy"": ""1.16.3""}","{""additive"": {""calibration_objective"": 0.024220283682757516, ""knn"": 8, ""q"": 0.95}, ""error_model"": ""conservative-v1"", ""product"": {""knn"": 8, ""resolution"": 1.2, ""sigma_geo_m"": 900.0, ""tau_temp_min"": 60.0, ""threshold_quantile"": 0.95, ""track"": ""operational_label_free""}}","{""arrival_equity_gap_min"": ""lower"", ""boat_workload_cv"": ""lower"", ""cvar90_arrival_min"": ""lower"", ""deadline_miss_rate"": ""lower"", ""duplicate_dispatches"": ""lower"", ""fake_dispatches"": ""lower"", ""latent_harm"": ""lower"", ""max_arrival_min"": ""lower"", ""mean_arrival_min"": ""lower"", ""merge_caused_misses"": ""lower"", ""split_trips"": ""lower"", ""total_fleet_workload_min"": ""lower"", ""unique_population_reached_by_deadline_rate"": ""higher"", ""unserved_genuine_incidents"": ""lower""}","{""numpy"": ""2.5.1"", ""pandas"": ""3.0.3"", ""scipy"": ""1.18.0""}"
partition,product_cij,additive_cij_matched_density,"{""policy"": ""revised_priority""}",mean_arrival_min,lower,-19.61952646,32.96341747,-20.84213447,"[-29.36113858093749, -9.210132051729165]",19.61952646,1.805902866e-05,0.000162531258,110,40,4,36,0,-0.5951909106,-0.7317073171,positive means candidate is better,40,4.1.0,test:3000-3039,a7c7a3f7ea63e57f1d98bd42f21c02aa04a69eaa37c824584a2be65f00f2d7e1,"{""numpy"": ""2.0.2"", ""pandas"": ""2.2.2"", ""python-louvain"": ""0.16"", ""scikit-learn"": ""1.6.1"", ""scipy"": ""1.16.3""}","{""additive"": {""calibration_objective"": 0.024220283682757516, ""knn"": 8, ""q"": 0.95}, ""error_model"": ""conservative-v1"", ""product"": {""knn"": 8, ""resolution"": 1.2, ""sigma_geo_m"": 900.0, ""tau_temp_min"": 60.0, ""threshold_quantile"": 0.95, ""track"": ""operational_label_free""}}","{""arrival_equity_gap_min"": ""lower"", ""boat_workload_cv"": ""lower"", ""cvar90_arrival_min"": ""lower"", ""deadline_miss_rate"": ""lower"", ""duplicate_dispatches"": ""lower"", ""fake_dispatches"": ""lower"", ""latent_harm"": ""lower"", ""max_arrival_min"": ""lower"", ""mean_arrival_min"": ""lower"", ""merge_caused_misses"": ""lower"", ""split_trips"": ""lower"", ""total_fleet_workload_min"": ""lower"", ""unique_population_reached_by_deadline_rate"": ""higher"", ""unserved_genuine_incidents"": ""lower""}","{""numpy"": ""2.5.1"", ""pandas"": ""3.0.3"", ""scipy"": ""1.18.0""}"
partition,product_cij,additive_cij_matched_density,"{""policy"": ""revised_priority""}",max_arrival_min,lower,-79.86357009,164.0655648,-63.80445287,"[-132.29178205060418, -33.18687761152088]",79.86357009,0.0004022172452,0.002413303471,156,40,7,33,0,-0.4867783814,-0.6195121951,positive means candidate is better,40,4.1.0,test:3000-3039,a7c7a3f7ea63e57f1d98bd42f21c02aa04a69eaa37c824584a2be65f00f2d7e1,"{""numpy"": ""2.0.2"", ""pandas"": ""2.2.2"", ""python-louvain"": ""0.16"", ""scikit-learn"": ""1.6.1"", ""scipy"": ""1.16.3""}","{""additive"": {""calibration_objective"": 0.024220283682757516, ""knn"": 8, ""q"": 0.95}, ""error_model"": ""conservative-v1"", ""product"": {""knn"": 8, ""resolution"": 1.2, ""sigma_geo_m"": 900.0, ""tau_temp_min"": 60.0, ""threshold_quantile"": 0.95, ""track"": ""operational_label_free""}}","{""arrival_equity_gap_min"": ""lower"", ""boat_workload_cv"": ""lower"", ""cvar90_arrival_min"": ""lower"", ""deadline_miss_rate"": ""lower"", ""duplicate_dispatches"": ""lower"", ""fake_dispatches"": ""lower"", ""latent_harm"": ""lower"", ""max_arrival_min"": ""lower"", ""mean_arrival_min"": ""lower"", ""merge_caused_misses"": ""lower"", ""split_trips"": ""lower"", ""total_fleet_workload_min"": ""lower"", ""unique_population_reached_by_deadline_rate"": ""higher"", ""unserved_genuine_incidents"": ""lower""}","{""numpy"": ""2.5.1"", ""pandas"": ""3.0.3"", ""scipy"": ""1.18.0""}"
partition,product_cij,additive_cij_matched_density,"{""policy"": ""revised_priority""}",cvar90_arrival_min,lower,-65.22883795,117.4523269,-73.01560318,"[-100.69226740956248, -29.555903078875026]",65.22883795,2.104776468e-05,0.0001683821174,112,40,6,34,0,-0.5553643737,-0.7268292683,positive means candidate is better,40,4.1.0,test:3000-3039,a7c7a3f7ea63e57f1d98bd42f21c02aa04a69eaa37c824584a2be65f00f2d7e1,"{""numpy"": ""2.0.2"", ""pandas"": ""2.2.2"", ""python-louvain"": ""0.16"", ""scikit-learn"": ""1.6.1"", ""scipy"": ""1.16.3""}","{""additive"": {""calibration_objective"": 0.024220283682757516, ""knn"": 8, ""q"": 0.95}, ""error_model"": ""conservative-v1"", ""product"": {""knn"": 8, ""resolution"": 1.2, ""sigma_geo_m"": 900.0, ""tau_temp_min"": 60.0, ""threshold_quantile"": 0.95, ""track"": ""operational_label_free""}}","{""arrival_equity_gap_min"": ""lower"", ""boat_workload_cv"": ""lower"", ""cvar90_arrival_min"": ""lower"", ""deadline_miss_rate"": ""lower"", ""duplicate_dispatches"": ""lower"", ""fake_dispatches"": ""lower"", ""latent_harm"": ""lower"", ""max_arrival_min"": ""lower"", ""mean_arrival_min"": ""lower"", ""merge_caused_misses"": ""lower"", ""split_trips"": ""lower"", ""total_fleet_workload_min"": ""lower"", ""unique_population_reached_by_deadline_rate"": ""higher"", ""unserved_genuine_incidents"": ""lower""}","{""numpy"": ""2.5.1"", ""pandas"": ""3.0.3"", ""scipy"": ""1.18.0""}"
partition,product_cij,additive_cij_matched_density,"{""policy"": ""revised_priority""}",unique_population_reached_by_deadline_rate,higher,-0.01150365388,0.04594469962,-0.008828950067,"[-0.025113935258291663, 0.0030291656750874962]",-0.01150365388,0.02522096899,0.0761284146,114,40,8,21,11,-0.2503804351,-0.475862069,positive means candidate is better,40,4.1.0,test:3000-3039,a7c7a3f7ea63e57f1d98bd42f21c02aa04a69eaa37c824584a2be65f00f2d7e1,"{""numpy"": ""2.0.2"", ""pandas"": ""2.2.2"", ""python-louvain"": ""0.16"", ""scikit-learn"": ""1.6.1"", ""scipy"": ""1.16.3""}","{""additive"": {""calibration_objective"": 0.024220283682757516, ""knn"": 8, ""q"": 0.95}, ""error_model"": ""conservative-v1"", ""product"": {""knn"": 8, ""resolution"": 1.2, ""sigma_geo_m"": 900.0, ""tau_temp_min"": 60.0, ""threshold_quantile"": 0.95, ""track"": ""operational_label_free""}}","{""arrival_equity_gap_min"": ""lower"", ""boat_workload_cv"": ""lower"", ""cvar90_arrival_min"": ""lower"", ""deadline_miss_rate"": ""lower"", ""duplicate_dispatches"": ""lower"", ""fake_dispatches"": ""lower"", ""latent_harm"": ""lower"", ""max_arrival_min"": ""lower"", ""mean_arrival_min"": ""lower"", ""merge_caused_misses"": ""lower"", ""split_trips"": ""lower"", ""total_fleet_workload_min"": ""lower"", ""unique_population_reached_by_deadline_rate"": ""higher"", ""unserved_genuine_incidents"": ""lower""}","{""numpy"": ""2.5.1"", ""pandas"": ""3.0.3"", ""scipy"": ""1.18.0""}"
partition,product_cij,additive_cij_matched_density,"{""policy"": ""revised_priority""}",total_fleet_workload_min,lower,-1797.064171,620.3571453,-1861.31477,"[-1987.2031141208333, -1606.2199081010417]",1797.064171,1.818989404e-12,2.546585165e-11,0,40,0,40,0,-2.896821911,-1,positive means candidate is better,40,4.1.0,test:3000-3039,a7c7a3f7ea63e57f1d98bd42f21c02aa04a69eaa37c824584a2be65f00f2d7e1,"{""numpy"": ""2.0.2"", ""pandas"": ""2.2.2"", ""python-louvain"": ""0.16"", ""scikit-learn"": ""1.6.1"", ""scipy"": ""1.16.3""}","{""additive"": {""calibration_objective"": 0.024220283682757516, ""knn"": 8, ""q"": 0.95}, ""error_model"": ""conservative-v1"", ""product"": {""knn"": 8, ""resolution"": 1.2, ""sigma_geo_m"": 900.0, ""tau_temp_min"": 60.0, ""threshold_quantile"": 0.95, ""track"": ""operational_label_free""}}","{""arrival_equity_gap_min"": ""lower"", ""boat_workload_cv"": ""lower"", ""cvar90_arrival_min"": ""lower"", ""deadline_miss_rate"": ""lower"", ""duplicate_dispatches"": ""lower"", ""fake_dispatches"": ""lower"", ""latent_harm"": ""lower"", ""max_arrival_min"": ""lower"", ""mean_arrival_min"": ""lower"", ""merge_caused_misses"": ""lower"", ""split_trips"": ""lower"", ""total_fleet_workload_min"": ""lower"", ""unique_population_reached_by_deadline_rate"": ""higher"", ""unserved_genuine_incidents"": ""lower""}","{""numpy"": ""2.5.1"", ""pandas"": ""3.0.3"", ""scipy"": ""1.18.0""}"
partition,product_cij,additive_cij_matched_density,"{""policy"": ""revised_priority""}",boat_workload_cv,lower,0.007352593221,0.009174769577,0.006076619008,"[0.004577562334139, 0.010117211166167539]",-0.007352593221,5.84515692e-06,7.014188304e-05,96,40,33,7,0,0.8013926845,0.7658536585,positive means candidate is better,40,4.1.0,test:3000-3039,a7c7a3f7ea63e57f1d98bd42f21c02aa04a69eaa37c824584a2be65f00f2d7e1,"{""numpy"": ""2.0.2"", ""pandas"": ""2.2.2"", ""python-louvain"": ""0.16"", ""scikit-learn"": ""1.6.1"", ""scipy"": ""1.16.3""}","{""additive"": {""calibration_objective"": 0.024220283682757516, ""knn"": 8, ""q"": 0.95}, ""error_model"": ""conservative-v1"", ""product"": {""knn"": 8, ""resolution"": 1.2, ""sigma_geo_m"": 900.0, ""tau_temp_min"": 60.0, ""threshold_quantile"": 0.95, ""track"": ""operational_label_free""}}","{""arrival_equity_gap_min"": ""lower"", ""boat_workload_cv"": ""lower"", ""cvar90_arrival_min"": ""lower"", ""deadline_miss_rate"": ""lower"", ""duplicate_dispatches"": ""lower"", ""fake_dispatches"": ""lower"", ""latent_harm"": ""lower"", ""max_arrival_min"": ""lower"", ""mean_arrival_min"": ""lower"", ""merge_caused_misses"": ""lower"", ""split_trips"": ""lower"", ""total_fleet_workload_min"": ""lower"", ""unique_population_reached_by_deadline_rate"": ""higher"", ""unserved_genuine_incidents"": ""lower""}","{""numpy"": ""2.5.1"", ""pandas"": ""3.0.3"", ""scipy"": ""1.18.0""}"
partition,product_cij,additive_cij_matched_density,"{""policy"": ""revised_priority""}",arrival_equity_gap_min,lower,-25.51645565,61.63970259,-21.0649444,"[-44.17996347802917, -6.835496601360429]",25.51645565,0.00352048356,0.0176024178,197,40,9,31,0,-0.4139613686,-0.5195121951,positive means candidate is better,40,4.1.0,test:3000-3039,a7c7a3f7ea63e57f1d98bd42f21c02aa04a69eaa37c824584a2be65f00f2d7e1,"{""numpy"": ""2.0.2"", ""pandas"": ""2.2.2"", ""python-louvain"": ""0.16"", ""scikit-learn"": ""1.6.1"", ""scipy"": ""1.16.3""}","{""additive"": {""calibration_objective"": 0.024220283682757516, ""knn"": 8, ""q"": 0.95}, ""error_model"": ""conservative-v1"", ""product"": {""knn"": 8, ""resolution"": 1.2, ""sigma_geo_m"": 900.0, ""tau_temp_min"": 60.0, ""threshold_quantile"": 0.95, ""track"": ""operational_label_free""}}","{""arrival_equity_gap_min"": ""lower"", ""boat_workload_cv"": ""lower"", ""cvar90_arrival_min"": ""lower"", ""deadline_miss_rate"": ""lower"", ""duplicate_dispatches"": ""lower"", ""fake_dispatches"": ""lower"", ""latent_harm"": ""lower"", ""max_arrival_min"": ""lower"", ""mean_arrival_min"": ""lower"", ""merge_caused_misses"": ""lower"", ""split_trips"": ""lower"", ""total_fleet_workload_min"": ""lower"", ""unique_population_reached_by_deadline_rate"": ""higher"", ""unserved_genuine_incidents"": ""lower""}","{""numpy"": ""2.5.1"", ""pandas"": ""3.0.3"", ""scipy"": ""1.18.0""}"
partition,product_cij,additive_cij_matched_density,"{""policy"": ""revised_priority""}",split_trips,lower,-1.125,1.158856643,-1,"[-1.5, -0.775]",1.125,6.529374497e-06,7.182311946e-05,36.5,40,2,31,7,-0.9707844428,-0.8698752228,positive means candidate is better,40,4.1.0,test:3000-3039,a7c7a3f7ea63e57f1d98bd42f21c02aa04a69eaa37c824584a2be65f00f2d7e1,"{""numpy"": ""2.0.2"", ""pandas"": ""2.2.2"", ""python-louvain"": ""0.16"", ""scikit-learn"": ""1.6.1"", ""scipy"": ""1.16.3""}","{""additive"": {""calibration_objective"": 0.024220283682757516, ""knn"": 8, ""q"": 0.95}, ""error_model"": ""conservative-v1"", ""product"": {""knn"": 8, ""resolution"": 1.2, ""sigma_geo_m"": 900.0, ""tau_temp_min"": 60.0, ""threshold_quantile"": 0.95, ""track"": ""operational_label_free""}}","{""arrival_equity_gap_min"": ""lower"", ""boat_workload_cv"": ""lower"", ""cvar90_arrival_min"": ""lower"", ""deadline_miss_rate"": ""lower"", ""duplicate_dispatches"": ""lower"", ""fake_dispatches"": ""lower"", ""latent_harm"": ""lower"", ""max_arrival_min"": ""lower"", ""mean_arrival_min"": ""lower"", ""merge_caused_misses"": ""lower"", ""split_trips"": ""lower"", ""total_fleet_workload_min"": ""lower"", ""unique_population_reached_by_deadline_rate"": ""higher"", ""unserved_genuine_incidents"": ""lower""}","{""numpy"": ""2.5.1"", ""pandas"": ""3.0.3"", ""scipy"": ""1.18.0""}"
partition,product_cij,additive_cij_matched_density,"{""policy"": ""revised_priority""}",merge_caused_misses,lower,-0.025,0.158113883,0,"[-0.075, 0.0]",0.025,0.3173105079,0.6346210157,0,40,0,1,39,-0.158113883,-1,positive means candidate is better,40,4.1.0,test:3000-3039,a7c7a3f7ea63e57f1d98bd42f21c02aa04a69eaa37c824584a2be65f00f2d7e1,"{""numpy"": ""2.0.2"", ""pandas"": ""2.2.2"", ""python-louvain"": ""0.16"", ""scikit-learn"": ""1.6.1"", ""scipy"": ""1.16.3""}","{""additive"": {""calibration_objective"": 0.024220283682757516, ""knn"": 8, ""q"": 0.95}, ""error_model"": ""conservative-v1"", ""product"": {""knn"": 8, ""resolution"": 1.2, ""sigma_geo_m"": 900.0, ""tau_temp_min"": 60.0, ""threshold_quantile"": 0.95, ""track"": ""operational_label_free""}}","{""arrival_equity_gap_min"": ""lower"", ""boat_workload_cv"": ""lower"", ""cvar90_arrival_min"": ""lower"", ""deadline_miss_rate"": ""lower"", ""duplicate_dispatches"": ""lower"", ""fake_dispatches"": ""lower"", ""latent_harm"": ""lower"", ""max_arrival_min"": ""lower"", ""mean_arrival_min"": ""lower"", ""merge_caused_misses"": ""lower"", ""split_trips"": ""lower"", ""total_fleet_workload_min"": ""lower"", ""unique_population_reached_by_deadline_rate"": ""higher"", ""unserved_genuine_incidents"": ""lower""}","{""numpy"": ""2.5.1"", ""pandas"": ""3.0.3"", ""scipy"": ""1.18.0""}"
partition,product_cij,additive_cij_matched_density,"{""policy"": ""revised_priority""}",fake_dispatches,lower,-8.275,2.782615446,-8,"[-9.15, -7.45]",8.275,3.328199581e-08,4.326659455e-07,0,40,0,40,0,-2.973820911,-1,positive means candidate is better,40,4.1.0,test:3000-3039,a7c7a3f7ea63e57f1d98bd42f21c02aa04a69eaa37c824584a2be65f00f2d7e1,"{""numpy"": ""2.0.2"", ""pandas"": ""2.2.2"", ""python-louvain"": ""0.16"", ""scikit-learn"": ""1.6.1"", ""scipy"": ""1.16.3""}","{""additive"": {""calibration_objective"": 0.024220283682757516, ""knn"": 8, ""q"": 0.95}, ""error_model"": ""conservative-v1"", ""product"": {""knn"": 8, ""resolution"": 1.2, ""sigma_geo_m"": 900.0, ""tau_temp_min"": 60.0, ""threshold_quantile"": 0.95, ""track"": ""operational_label_free""}}","{""arrival_equity_gap_min"": ""lower"", ""boat_workload_cv"": ""lower"", ""cvar90_arrival_min"": ""lower"", ""deadline_miss_rate"": ""lower"", ""duplicate_dispatches"": ""lower"", ""fake_dispatches"": ""lower"", ""latent_harm"": ""lower"", ""max_arrival_min"": ""lower"", ""mean_arrival_min"": ""lower"", ""merge_caused_misses"": ""lower"", ""split_trips"": ""lower"", ""total_fleet_workload_min"": ""lower"", ""unique_population_reached_by_deadline_rate"": ""higher"", ""unserved_genuine_incidents"": ""lower""}","{""numpy"": ""2.5.1"", ""pandas"": ""3.0.3"", ""scipy"": ""1.18.0""}"
partition,product_cij,additive_cij_matched_density,"{""policy"": ""revised_priority""}",duplicate_dispatches,lower,-1.125,1.158856643,-1,"[-1.5, -0.775]",1.125,6.529374497e-06,7.182311946e-05,36.5,40,2,31,7,-0.9707844428,-0.8698752228,positive means candidate is better,40,4.1.0,test:3000-3039,a7c7a3f7ea63e57f1d98bd42f21c02aa04a69eaa37c824584a2be65f00f2d7e1,"{""numpy"": ""2.0.2"", ""pandas"": ""2.2.2"", ""python-louvain"": ""0.16"", ""scikit-learn"": ""1.6.1"", ""scipy"": ""1.16.3""}","{""additive"": {""calibration_objective"": 0.024220283682757516, ""knn"": 8, ""q"": 0.95}, ""error_model"": ""conservative-v1"", ""product"": {""knn"": 8, ""resolution"": 1.2, ""sigma_geo_m"": 900.0, ""tau_temp_min"": 60.0, ""threshold_quantile"": 0.95, ""track"": ""operational_label_free""}}","{""arrival_equity_gap_min"": ""lower"", ""boat_workload_cv"": ""lower"", ""cvar90_arrival_min"": ""lower"", ""deadline_miss_rate"": ""lower"", ""duplicate_dispatches"": ""lower"", ""fake_dispatches"": ""lower"", ""latent_harm"": ""lower"", ""max_arrival_min"": ""lower"", ""mean_arrival_min"": ""lower"", ""merge_caused_misses"": ""lower"", ""split_trips"": ""lower"", ""total_fleet_workload_min"": ""lower"", ""unique_population_reached_by_deadline_rate"": ""higher"", ""unserved_genuine_incidents"": ""lower""}","{""numpy"": ""2.5.1"", ""pandas"": ""3.0.3"", ""scipy"": ""1.18.0""}"
partition,product_cij,additive_cij_matched_density,"{""policy"": ""revised_priority""}",unserved_genuine_incidents,lower,-0.025,0.158113883,0,"[-0.075, 0.0]",0.025,0.3173105079,0.6346210157,0,40,0,1,39,-0.158113883,-1,positive means candidate is better,40,4.1.0,test:3000-3039,a7c7a3f7ea63e57f1d98bd42f21c02aa04a69eaa37c824584a2be65f00f2d7e1,"{""numpy"": ""2.0.2"", ""pandas"": ""2.2.2"", ""python-louvain"": ""0.16"", ""scikit-learn"": ""1.6.1"", ""scipy"": ""1.16.3""}","{""additive"": {""calibration_objective"": 0.024220283682757516, ""knn"": 8, ""q"": 0.95}, ""error_model"": ""conservative-v1"", ""product"": {""knn"": 8, ""resolution"": 1.2, ""sigma_geo_m"": 900.0, ""tau_temp_min"": 60.0, ""threshold_quantile"": 0.95, ""track"": ""operational_label_free""}}","{""arrival_equity_gap_min"": ""lower"", ""boat_workload_cv"": ""lower"", ""cvar90_arrival_min"": ""lower"", ""deadline_miss_rate"": ""lower"", ""duplicate_dispatches"": ""lower"", ""fake_dispatches"": ""lower"", ""latent_harm"": ""lower"", ""max_arrival_min"": ""lower"", ""mean_arrival_min"": ""lower"", ""merge_caused_misses"": ""lower"", ""split_trips"": ""lower"", ""total_fleet_workload_min"": ""lower"", ""unique_population_reached_by_deadline_rate"": ""higher"", ""unserved_genuine_incidents"": ""lower""}","{""numpy"": ""2.5.1"", ""pandas"": ""3.0.3"", ""scipy"": ""1.18.0""}"
partition,product_cij,oracle,"{""policy"": ""workload_smoothing""}",latent_harm,lower,-46.07089502,63.28749334,-36.94829367,"[-65.37116187716207, -27.206898901372913]",46.07089502,7.708757948e-05,0.0002312627385,130,40,11,29,0,-0.7279620757,-0.6829268293,positive means candidate is better,40,4.1.0,test:3000-3039,a7c7a3f7ea63e57f1d98bd42f21c02aa04a69eaa37c824584a2be65f00f2d7e1,"{""numpy"": ""2.0.2"", ""pandas"": ""2.2.2"", ""python-louvain"": ""0.16"", ""scikit-learn"": ""1.6.1"", ""scipy"": ""1.16.3""}","{""additive"": {""calibration_objective"": 0.024220283682757516, ""knn"": 8, ""q"": 0.95}, ""error_model"": ""conservative-v1"", ""product"": {""knn"": 8, ""resolution"": 1.2, ""sigma_geo_m"": 900.0, ""tau_temp_min"": 60.0, ""threshold_quantile"": 0.95, ""track"": ""operational_label_free""}}","{""arrival_equity_gap_min"": ""lower"", ""boat_workload_cv"": ""lower"", ""cvar90_arrival_min"": ""lower"", ""deadline_miss_rate"": ""lower"", ""duplicate_dispatches"": ""lower"", ""fake_dispatches"": ""lower"", ""latent_harm"": ""lower"", ""max_arrival_min"": ""lower"", ""mean_arrival_min"": ""lower"", ""merge_caused_misses"": ""lower"", ""split_trips"": ""lower"", ""total_fleet_workload_min"": ""lower"", ""unique_population_reached_by_deadline_rate"": ""higher"", ""unserved_genuine_incidents"": ""lower""}","{""numpy"": ""2.5.1"", ""pandas"": ""3.0.3"", ""scipy"": ""1.18.0""}"
partition,product_cij,oracle,"{""policy"": ""workload_smoothing""}",deadline_miss_rate,lower,-0.071875,0.09482115982,-0.0625,"[-0.1015625, -0.04270833333333332]",0.071875,3.975908065e-05,0.0001590363226,96,40,10,29,1,-0.7580059149,-0.7538461538,positive means candidate is better,40,4.1.0,test:3000-3039,a7c7a3f7ea63e57f1d98bd42f21c02aa04a69eaa37c824584a2be65f00f2d7e1,"{""numpy"": ""2.0.2"", ""pandas"": ""2.2.2"", ""python-louvain"": ""0.16"", ""scikit-learn"": ""1.6.1"", ""scipy"": ""1.16.3""}","{""additive"": {""calibration_objective"": 0.024220283682757516, ""knn"": 8, ""q"": 0.95}, ""error_model"": ""conservative-v1"", ""product"": {""knn"": 8, ""resolution"": 1.2, ""sigma_geo_m"": 900.0, ""tau_temp_min"": 60.0, ""threshold_quantile"": 0.95, ""track"": ""operational_label_free""}}","{""arrival_equity_gap_min"": ""lower"", ""boat_workload_cv"": ""lower"", ""cvar90_arrival_min"": ""lower"", ""deadline_miss_rate"": ""lower"", ""duplicate_dispatches"": ""lower"", ""fake_dispatches"": ""lower"", ""latent_harm"": ""lower"", ""max_arrival_min"": ""lower"", ""mean_arrival_min"": ""lower"", ""merge_caused_misses"": ""lower"", ""split_trips"": ""lower"", ""total_fleet_workload_min"": ""lower"", ""unique_population_reached_by_deadline_rate"": ""higher"", ""unserved_genuine_incidents"": ""lower""}","{""numpy"": ""2.5.1"", ""pandas"": ""3.0.3"", ""scipy"": ""1.18.0""}"
partition,product_cij,oracle,"{""policy"": ""workload_smoothing""}",mean_arrival_min,lower,-55.75434474,71.54583434,-49.59719653,"[-78.32888305827082, -34.49565667481458]",55.75434474,7.50813706e-06,3.75406853e-05,99,40,9,31,0,-0.7792814949,-0.7585365854,positive means candidate is better,40,4.1.0,test:3000-3039,a7c7a3f7ea63e57f1d98bd42f21c02aa04a69eaa37c824584a2be65f00f2d7e1,"{""numpy"": ""2.0.2"", ""pandas"": ""2.2.2"", ""python-louvain"": ""0.16"", ""scikit-learn"": ""1.6.1"", ""scipy"": ""1.16.3""}","{""additive"": {""calibration_objective"": 0.024220283682757516, ""knn"": 8, ""q"": 0.95}, ""error_model"": ""conservative-v1"", ""product"": {""knn"": 8, ""resolution"": 1.2, ""sigma_geo_m"": 900.0, ""tau_temp_min"": 60.0, ""threshold_quantile"": 0.95, ""track"": ""operational_label_free""}}","{""arrival_equity_gap_min"": ""lower"", ""boat_workload_cv"": ""lower"", ""cvar90_arrival_min"": ""lower"", ""deadline_miss_rate"": ""lower"", ""duplicate_dispatches"": ""lower"", ""fake_dispatches"": ""lower"", ""latent_harm"": ""lower"", ""max_arrival_min"": ""lower"", ""mean_arrival_min"": ""lower"", ""merge_caused_misses"": ""lower"", ""split_trips"": ""lower"", ""total_fleet_workload_min"": ""lower"", ""unique_population_reached_by_deadline_rate"": ""higher"", ""unserved_genuine_incidents"": ""lower""}","{""numpy"": ""2.5.1"", ""pandas"": ""3.0.3"", ""scipy"": ""1.18.0""}"
partition,product_cij,oracle,"{""policy"": ""workload_smoothing""}",max_arrival_min,lower,-200.0955764,250.0946136,-161.607342,"[-280.7716365685208, -127.04647316216669]",200.0955764,3.194629244e-06,1.916777546e-05,89,40,10,30,0,-0.8000795118,-0.7829268293,positive means candidate is better,40,4.1.0,test:3000-3039,a7c7a3f7ea63e57f1d98bd42f21c02aa04a69eaa37c824584a2be65f00f2d7e1,"{""numpy"": ""2.0.2"", ""pandas"": ""2.2.2"", ""python-louvain"": ""0.16"", ""scikit-learn"": ""1.6.1"", ""scipy"": ""1.16.3""}","{""additive"": {""calibration_objective"": 0.024220283682757516, ""knn"": 8, ""q"": 0.95}, ""error_model"": ""conservative-v1"", ""product"": {""knn"": 8, ""resolution"": 1.2, ""sigma_geo_m"": 900.0, ""tau_temp_min"": 60.0, ""threshold_quantile"": 0.95, ""track"": ""operational_label_free""}}","{""arrival_equity_gap_min"": ""lower"", ""boat_workload_cv"": ""lower"", ""cvar90_arrival_min"": ""lower"", ""deadline_miss_rate"": ""lower"", ""duplicate_dispatches"": ""lower"", ""fake_dispatches"": ""lower"", ""latent_harm"": ""lower"", ""max_arrival_min"": ""lower"", ""mean_arrival_min"": ""lower"", ""merge_caused_misses"": ""lower"", ""split_trips"": ""lower"", ""total_fleet_workload_min"": ""lower"", ""unique_population_reached_by_deadline_rate"": ""higher"", ""unserved_genuine_incidents"": ""lower""}","{""numpy"": ""2.5.1"", ""pandas"": ""3.0.3"", ""scipy"": ""1.18.0""}"
partition,product_cij,oracle,"{""policy"": ""workload_smoothing""}",cvar90_arrival_min,lower,-162.8195396,167.9091581,-134.6090774,"[-215.5683286306875, -112.64254207066669]",162.8195396,2.822944225e-07,1.976060958e-06,64,40,6,34,0,-0.9696882612,-0.843902439,positive means candidate is better,40,4.1.0,test:3000-3039,a7c7a3f7ea63e57f1d98bd42f21c02aa04a69eaa37c824584a2be65f00f2d7e1,"{""numpy"": ""2.0.2"", ""pandas"": ""2.2.2"", ""python-louvain"": ""0.16"", ""scikit-learn"": ""1.6.1"", ""scipy"": ""1.16.3""}","{""additive"": {""calibration_objective"": 0.024220283682757516, ""knn"": 8, ""q"": 0.95}, ""error_model"": ""conservative-v1"", ""product"": {""knn"": 8, ""resolution"": 1.2, ""sigma_geo_m"": 900.0, ""tau_temp_min"": 60.0, ""threshold_quantile"": 0.95, ""track"": ""operational_label_free""}}","{""arrival_equity_gap_min"": ""lower"", ""boat_workload_cv"": ""lower"", ""cvar90_arrival_min"": ""lower"", ""deadline_miss_rate"": ""lower"", ""duplicate_dispatches"": ""lower"", ""fake_dispatches"": ""lower"", ""latent_harm"": ""lower"", ""max_arrival_min"": ""lower"", ""mean_arrival_min"": ""lower"", ""merge_caused_misses"": ""lower"", ""split_trips"": ""lower"", ""total_fleet_workload_min"": ""lower"", ""unique_population_reached_by_deadline_rate"": ""higher"", ""unserved_genuine_incidents"": ""lower""}","{""numpy"": ""2.5.1"", ""pandas"": ""3.0.3"", ""scipy"": ""1.18.0""}"
partition,product_cij,oracle,"{""policy"": ""workload_smoothing""}",unique_population_reached_by_deadline_rate,higher,-0.07006887365,0.09953271308,-0.06648184648,"[-0.10182539956739789, -0.03874576649156877]",-0.07006887365,9.883085425e-05,0.0002312627385,111,40,9,30,1,-0.7039783352,-0.7153846154,positive means candidate is better,40,4.1.0,test:3000-3039,a7c7a3f7ea63e57f1d98bd42f21c02aa04a69eaa37c824584a2be65f00f2d7e1,"{""numpy"": ""2.0.2"", ""pandas"": ""2.2.2"", ""python-louvain"": ""0.16"", ""scikit-learn"": ""1.6.1"", ""scipy"": ""1.16.3""}","{""additive"": {""calibration_objective"": 0.024220283682757516, ""knn"": 8, ""q"": 0.95}, ""error_model"": ""conservative-v1"", ""product"": {""knn"": 8, ""resolution"": 1.2, ""sigma_geo_m"": 900.0, ""tau_temp_min"": 60.0, ""threshold_quantile"": 0.95, ""track"": ""operational_label_free""}}","{""arrival_equity_gap_min"": ""lower"", ""boat_workload_cv"": ""lower"", ""cvar90_arrival_min"": ""lower"", ""deadline_miss_rate"": ""lower"", ""duplicate_dispatches"": ""lower"", ""fake_dispatches"": ""lower"", ""latent_harm"": ""lower"", ""max_arrival_min"": ""lower"", ""mean_arrival_min"": ""lower"", ""merge_caused_misses"": ""lower"", ""split_trips"": ""lower"", ""total_fleet_workload_min"": ""lower"", ""unique_population_reached_by_deadline_rate"": ""higher"", ""unserved_genuine_incidents"": ""lower""}","{""numpy"": ""2.5.1"", ""pandas"": ""3.0.3"", ""scipy"": ""1.18.0""}"
partition,product_cij,oracle,"{""policy"": ""workload_smoothing""}",total_fleet_workload_min,lower,-6783.300463,525.8071799,-6840.360231,"[-6943.10038251, -6624.869714840001]",6783.300463,1.818989404e-12,2.546585165e-11,0,40,0,40,0,-12.90073761,-1,positive means candidate is better,40,4.1.0,test:3000-3039,a7c7a3f7ea63e57f1d98bd42f21c02aa04a69eaa37c824584a2be65f00f2d7e1,"{""numpy"": ""2.0.2"", ""pandas"": ""2.2.2"", ""python-louvain"": ""0.16"", ""scikit-learn"": ""1.6.1"", ""scipy"": ""1.16.3""}","{""additive"": {""calibration_objective"": 0.024220283682757516, ""knn"": 8, ""q"": 0.95}, ""error_model"": ""conservative-v1"", ""product"": {""knn"": 8, ""resolution"": 1.2, ""sigma_geo_m"": 900.0, ""tau_temp_min"": 60.0, ""threshold_quantile"": 0.95, ""track"": ""operational_label_free""}}","{""arrival_equity_gap_min"": ""lower"", ""boat_workload_cv"": ""lower"", ""cvar90_arrival_min"": ""lower"", ""deadline_miss_rate"": ""lower"", ""duplicate_dispatches"": ""lower"", ""fake_dispatches"": ""lower"", ""latent_harm"": ""lower"", ""max_arrival_min"": ""lower"", ""mean_arrival_min"": ""lower"", ""merge_caused_misses"": ""lower"", ""split_trips"": ""lower"", ""total_fleet_workload_min"": ""lower"", ""unique_population_reached_by_deadline_rate"": ""higher"", ""unserved_genuine_incidents"": ""lower""}","{""numpy"": ""2.5.1"", ""pandas"": ""3.0.3"", ""scipy"": ""1.18.0""}"
partition,product_cij,oracle,"{""policy"": ""workload_smoothing""}",boat_workload_cv,lower,0.07795768659,0.03115438312,0.08051292346,"[0.06842190000635667, 0.08793504889773729]",-0.07795768659,1.818989404e-12,2.546585165e-11,0,40,40,0,0,2.502302366,1,positive means candidate is better,40,4.1.0,test:3000-3039,a7c7a3f7ea63e57f1d98bd42f21c02aa04a69eaa37c824584a2be65f00f2d7e1,"{""numpy"": ""2.0.2"", ""pandas"": ""2.2.2"", ""python-louvain"": ""0.16"", ""scikit-learn"": ""1.6.1"", ""scipy"": ""1.16.3""}","{""additive"": {""calibration_objective"": 0.024220283682757516, ""knn"": 8, ""q"": 0.95}, ""error_model"": ""conservative-v1"", ""product"": {""knn"": 8, ""resolution"": 1.2, ""sigma_geo_m"": 900.0, ""tau_temp_min"": 60.0, ""threshold_quantile"": 0.95, ""track"": ""operational_label_free""}}","{""arrival_equity_gap_min"": ""lower"", ""boat_workload_cv"": ""lower"", ""cvar90_arrival_min"": ""lower"", ""deadline_miss_rate"": ""lower"", ""duplicate_dispatches"": ""lower"", ""fake_dispatches"": ""lower"", ""latent_harm"": ""lower"", ""max_arrival_min"": ""lower"", ""mean_arrival_min"": ""lower"", ""merge_caused_misses"": ""lower"", ""split_trips"": ""lower"", ""total_fleet_workload_min"": ""lower"", ""unique_population_reached_by_deadline_rate"": ""higher"", ""unserved_genuine_incidents"": ""lower""}","{""numpy"": ""2.5.1"", ""pandas"": ""3.0.3"", ""scipy"": ""1.18.0""}"
partition,product_cij,oracle,"{""policy"": ""workload_smoothing""}",arrival_equity_gap_min,lower,-11.57543714,104.1336027,-15.03240183,"[-42.68820797827085, 20.66030845028954]",11.57543714,0.2765956516,0.2765956516,328,40,17,23,0,-0.1111594801,-0.2,positive means candidate is better,40,4.1.0,test:3000-3039,a7c7a3f7ea63e57f1d98bd42f21c02aa04a69eaa37c824584a2be65f00f2d7e1,"{""numpy"": ""2.0.2"", ""pandas"": ""2.2.2"", ""python-louvain"": ""0.16"", ""scikit-learn"": ""1.6.1"", ""scipy"": ""1.16.3""}","{""additive"": {""calibration_objective"": 0.024220283682757516, ""knn"": 8, ""q"": 0.95}, ""error_model"": ""conservative-v1"", ""product"": {""knn"": 8, ""resolution"": 1.2, ""sigma_geo_m"": 900.0, ""tau_temp_min"": 60.0, ""threshold_quantile"": 0.95, ""track"": ""operational_label_free""}}","{""arrival_equity_gap_min"": ""lower"", ""boat_workload_cv"": ""lower"", ""cvar90_arrival_min"": ""lower"", ""deadline_miss_rate"": ""lower"", ""duplicate_dispatches"": ""lower"", ""fake_dispatches"": ""lower"", ""latent_harm"": ""lower"", ""max_arrival_min"": ""lower"", ""mean_arrival_min"": ""lower"", ""merge_caused_misses"": ""lower"", ""split_trips"": ""lower"", ""total_fleet_workload_min"": ""lower"", ""unique_population_reached_by_deadline_rate"": ""higher"", ""unserved_genuine_incidents"": ""lower""}","{""numpy"": ""2.5.1"", ""pandas"": ""3.0.3"", ""scipy"": ""1.18.0""}"
partition,product_cij,oracle,"{""policy"": ""workload_smoothing""}",split_trips,lower,-2.3,1.264911064,-2,"[-2.725, -1.925]",2.3,2.536302824e-08,2.282672542e-07,0,40,0,40,0,-1.818309655,-1,positive means candidate is better,40,4.1.0,test:3000-3039,a7c7a3f7ea63e57f1d98bd42f21c02aa04a69eaa37c824584a2be65f00f2d7e1,"{""numpy"": ""2.0.2"", ""pandas"": ""2.2.2"", ""python-louvain"": ""0.16"", ""scikit-learn"": ""1.6.1"", ""scipy"": ""1.16.3""}","{""additive"": {""calibration_objective"": 0.024220283682757516, ""knn"": 8, ""q"": 0.95}, ""error_model"": ""conservative-v1"", ""product"": {""knn"": 8, ""resolution"": 1.2, ""sigma_geo_m"": 900.0, ""tau_temp_min"": 60.0, ""threshold_quantile"": 0.95, ""track"": ""operational_label_free""}}","{""arrival_equity_gap_min"": ""lower"", ""boat_workload_cv"": ""lower"", ""cvar90_arrival_min"": ""lower"", ""deadline_miss_rate"": ""lower"", ""duplicate_dispatches"": ""lower"", ""fake_dispatches"": ""lower"", ""latent_harm"": ""lower"", ""max_arrival_min"": ""lower"", ""mean_arrival_min"": ""lower"", ""merge_caused_misses"": ""lower"", ""split_trips"": ""lower"", ""total_fleet_workload_min"": ""lower"", ""unique_population_reached_by_deadline_rate"": ""higher"", ""unserved_genuine_incidents"": ""lower""}","{""numpy"": ""2.5.1"", ""pandas"": ""3.0.3"", ""scipy"": ""1.18.0""}"
partition,product_cij,oracle,"{""policy"": ""workload_smoothing""}",merge_caused_misses,lower,-1.025,0.158113883,-1,"[-1.075, -1.0]",1.025,4.040854277e-10,4.849025133e-09,0,40,0,40,0,-6.482669203,-1,positive means candidate is better,40,4.1.0,test:3000-3039,a7c7a3f7ea63e57f1d98bd42f21c02aa04a69eaa37c824584a2be65f00f2d7e1,"{""numpy"": ""2.0.2"", ""pandas"": ""2.2.2"", ""python-louvain"": ""0.16"", ""scikit-learn"": ""1.6.1"", ""scipy"": ""1.16.3""}","{""additive"": {""calibration_objective"": 0.024220283682757516, ""knn"": 8, ""q"": 0.95}, ""error_model"": ""conservative-v1"", ""product"": {""knn"": 8, ""resolution"": 1.2, ""sigma_geo_m"": 900.0, ""tau_temp_min"": 60.0, ""threshold_quantile"": 0.95, ""track"": ""operational_label_free""}}","{""arrival_equity_gap_min"": ""lower"", ""boat_workload_cv"": ""lower"", ""cvar90_arrival_min"": ""lower"", ""deadline_miss_rate"": ""lower"", ""duplicate_dispatches"": ""lower"", ""fake_dispatches"": ""lower"", ""latent_harm"": ""lower"", ""max_arrival_min"": ""lower"", ""mean_arrival_min"": ""lower"", ""merge_caused_misses"": ""lower"", ""split_trips"": ""lower"", ""total_fleet_workload_min"": ""lower"", ""unique_population_reached_by_deadline_rate"": ""higher"", ""unserved_genuine_incidents"": ""lower""}","{""numpy"": ""2.5.1"", ""pandas"": ""3.0.3"", ""scipy"": ""1.18.0""}"
partition,product_cij,oracle,"{""policy"": ""workload_smoothing""}",fake_dispatches,lower,-34.9,0.3038218101,-35,"[-34.975, -34.8]",34.9,1.279801006e-09,1.279801006e-08,0,40,0,40,0,-114.8699627,-1,positive means candidate is better,40,4.1.0,test:3000-3039,a7c7a3f7ea63e57f1d98bd42f21c02aa04a69eaa37c824584a2be65f00f2d7e1,"{""numpy"": ""2.0.2"", ""pandas"": ""2.2.2"", ""python-louvain"": ""0.16"", ""scikit-learn"": ""1.6.1"", ""scipy"": ""1.16.3""}","{""additive"": {""calibration_objective"": 0.024220283682757516, ""knn"": 8, ""q"": 0.95}, ""error_model"": ""conservative-v1"", ""product"": {""knn"": 8, ""resolution"": 1.2, ""sigma_geo_m"": 900.0, ""tau_temp_min"": 60.0, ""threshold_quantile"": 0.95, ""track"": ""operational_label_free""}}","{""arrival_equity_gap_min"": ""lower"", ""boat_workload_cv"": ""lower"", ""cvar90_arrival_min"": ""lower"", ""deadline_miss_rate"": ""lower"", ""duplicate_dispatches"": ""lower"", ""fake_dispatches"": ""lower"", ""latent_harm"": ""lower"", ""max_arrival_min"": ""lower"", ""mean_arrival_min"": ""lower"", ""merge_caused_misses"": ""lower"", ""split_trips"": ""lower"", ""total_fleet_workload_min"": ""lower"", ""unique_population_reached_by_deadline_rate"": ""higher"", ""unserved_genuine_incidents"": ""lower""}","{""numpy"": ""2.5.1"", ""pandas"": ""3.0.3"", ""scipy"": ""1.18.0""}"
partition,product_cij,oracle,"{""policy"": ""workload_smoothing""}",duplicate_dispatches,lower,-2.3,1.264911064,-2,"[-2.725, -1.925]",2.3,2.536302824e-08,2.282672542e-07,0,40,0,40,0,-1.818309655,-1,positive means candidate is better,40,4.1.0,test:3000-3039,a7c7a3f7ea63e57f1d98bd42f21c02aa04a69eaa37c824584a2be65f00f2d7e1,"{""numpy"": ""2.0.2"", ""pandas"": ""2.2.2"", ""python-louvain"": ""0.16"", ""scikit-learn"": ""1.6.1"", ""scipy"": ""1.16.3""}","{""additive"": {""calibration_objective"": 0.024220283682757516, ""knn"": 8, ""q"": 0.95}, ""error_model"": ""conservative-v1"", ""product"": {""knn"": 8, ""resolution"": 1.2, ""sigma_geo_m"": 900.0, ""tau_temp_min"": 60.0, ""threshold_quantile"": 0.95, ""track"": ""operational_label_free""}}","{""arrival_equity_gap_min"": ""lower"", ""boat_workload_cv"": ""lower"", ""cvar90_arrival_min"": ""lower"", ""deadline_miss_rate"": ""lower"", ""duplicate_dispatches"": ""lower"", ""fake_dispatches"": ""lower"", ""latent_harm"": ""lower"", ""max_arrival_min"": ""lower"", ""mean_arrival_min"": ""lower"", ""merge_caused_misses"": ""lower"", ""split_trips"": ""lower"", ""total_fleet_workload_min"": ""lower"", ""unique_population_reached_by_deadline_rate"": ""higher"", ""unserved_genuine_incidents"": ""lower""}","{""numpy"": ""2.5.1"", ""pandas"": ""3.0.3"", ""scipy"": ""1.18.0""}"
partition,product_cij,oracle,"{""policy"": ""workload_smoothing""}",unserved_genuine_incidents,lower,-1.025,0.158113883,-1,"[-1.075, -1.0]",1.025,4.040854277e-10,4.849025133e-09,0,40,0,40,0,-6.482669203,-1,positive means candidate is better,40,4.1.0,test:3000-3039,a7c7a3f7ea63e57f1d98bd42f21c02aa04a69eaa37c824584a2be65f00f2d7e1,"{""numpy"": ""2.0.2"", ""pandas"": ""2.2.2"", ""python-louvain"": ""0.16"", ""scikit-learn"": ""1.6.1"", ""scipy"": ""1.16.3""}","{""additive"": {""calibration_objective"": 0.024220283682757516, ""knn"": 8, ""q"": 0.95}, ""error_model"": ""conservative-v1"", ""product"": {""knn"": 8, ""resolution"": 1.2, ""sigma_geo_m"": 900.0, ""tau_temp_min"": 60.0, ""threshold_quantile"": 0.95, ""track"": ""operational_label_free""}}","{""arrival_equity_gap_min"": ""lower"", ""boat_workload_cv"": ""lower"", ""cvar90_arrival_min"": ""lower"", ""deadline_miss_rate"": ""lower"", ""duplicate_dispatches"": ""lower"", ""fake_dispatches"": ""lower"", ""latent_harm"": ""lower"", ""max_arrival_min"": ""lower"", ""mean_arrival_min"": ""lower"", ""merge_caused_misses"": ""lower"", ""split_trips"": ""lower"", ""total_fleet_workload_min"": ""lower"", ""unique_population_reached_by_deadline_rate"": ""higher"", ""unserved_genuine_incidents"": ""lower""}","{""numpy"": ""2.5.1"", ""pandas"": ""3.0.3"", ""scipy"": ""1.18.0""}"
partition,product_cij,additive_cij_matched_density,"{""policy"": ""workload_smoothing""}",latent_harm,lower,-18.24319963,28.01295186,-16.27317433,"[-27.061074893864586, -9.649744320629187]",18.24319963,5.449729542e-05,0.0004904756588,125,40,7,33,0,-0.6512416012,-0.6951219512,positive means candidate is better,40,4.1.0,test:3000-3039,a7c7a3f7ea63e57f1d98bd42f21c02aa04a69eaa37c824584a2be65f00f2d7e1,"{""numpy"": ""2.0.2"", ""pandas"": ""2.2.2"", ""python-louvain"": ""0.16"", ""scikit-learn"": ""1.6.1"", ""scipy"": ""1.16.3""}","{""additive"": {""calibration_objective"": 0.024220283682757516, ""knn"": 8, ""q"": 0.95}, ""error_model"": ""conservative-v1"", ""product"": {""knn"": 8, ""resolution"": 1.2, ""sigma_geo_m"": 900.0, ""tau_temp_min"": 60.0, ""threshold_quantile"": 0.95, ""track"": ""operational_label_free""}}","{""arrival_equity_gap_min"": ""lower"", ""boat_workload_cv"": ""lower"", ""cvar90_arrival_min"": ""lower"", ""deadline_miss_rate"": ""lower"", ""duplicate_dispatches"": ""lower"", ""fake_dispatches"": ""lower"", ""latent_harm"": ""lower"", ""max_arrival_min"": ""lower"", ""mean_arrival_min"": ""lower"", ""merge_caused_misses"": ""lower"", ""split_trips"": ""lower"", ""total_fleet_workload_min"": ""lower"", ""unique_population_reached_by_deadline_rate"": ""higher"", ""unserved_genuine_incidents"": ""lower""}","{""numpy"": ""2.5.1"", ""pandas"": ""3.0.3"", ""scipy"": ""1.18.0""}"
partition,product_cij,additive_cij_matched_density,"{""policy"": ""workload_smoothing""}",deadline_miss_rate,lower,-0.01041666667,0.03623827053,0,"[-0.02239583333333333, 5.551115123125783e-18]",0.01041666667,0.06318002057,0.1895400617,49,40,6,13,21,-0.2874493323,-0.4842105263,positive means candidate is better,40,4.1.0,test:3000-3039,a7c7a3f7ea63e57f1d98bd42f21c02aa04a69eaa37c824584a2be65f00f2d7e1,"{""numpy"": ""2.0.2"", ""pandas"": ""2.2.2"", ""python-louvain"": ""0.16"", ""scikit-learn"": ""1.6.1"", ""scipy"": ""1.16.3""}","{""additive"": {""calibration_objective"": 0.024220283682757516, ""knn"": 8, ""q"": 0.95}, ""error_model"": ""conservative-v1"", ""product"": {""knn"": 8, ""resolution"": 1.2, ""sigma_geo_m"": 900.0, ""tau_temp_min"": 60.0, ""threshold_quantile"": 0.95, ""track"": ""operational_label_free""}}","{""arrival_equity_gap_min"": ""lower"", ""boat_workload_cv"": ""lower"", ""cvar90_arrival_min"": ""lower"", ""deadline_miss_rate"": ""lower"", ""duplicate_dispatches"": ""lower"", ""fake_dispatches"": ""lower"", ""latent_harm"": ""lower"", ""max_arrival_min"": ""lower"", ""mean_arrival_min"": ""lower"", ""merge_caused_misses"": ""lower"", ""split_trips"": ""lower"", ""total_fleet_workload_min"": ""lower"", ""unique_population_reached_by_deadline_rate"": ""higher"", ""unserved_genuine_incidents"": ""lower""}","{""numpy"": ""2.5.1"", ""pandas"": ""3.0.3"", ""scipy"": ""1.18.0""}"
partition,product_cij,additive_cij_matched_density,"{""policy"": ""workload_smoothing""}",mean_arrival_min,lower,-19.88334288,27.05066671,-20.2773404,"[-28.543472257208325, -11.712636914895812]",19.88334288,1.127460564e-05,0.0001127460564,104,40,7,33,0,-0.7350407697,-0.7463414634,positive means candidate is better,40,4.1.0,test:3000-3039,a7c7a3f7ea63e57f1d98bd42f21c02aa04a69eaa37c824584a2be65f00f2d7e1,"{""numpy"": ""2.0.2"", ""pandas"": ""2.2.2"", ""python-louvain"": ""0.16"", ""scikit-learn"": ""1.6.1"", ""scipy"": ""1.16.3""}","{""additive"": {""calibration_objective"": 0.024220283682757516, ""knn"": 8, ""q"": 0.95}, ""error_model"": ""conservative-v1"", ""product"": {""knn"": 8, ""resolution"": 1.2, ""sigma_geo_m"": 900.0, ""tau_temp_min"": 60.0, ""threshold_quantile"": 0.95, ""track"": ""operational_label_free""}}","{""arrival_equity_gap_min"": ""lower"", ""boat_workload_cv"": ""lower"", ""cvar90_arrival_min"": ""lower"", ""deadline_miss_rate"": ""lower"", ""duplicate_dispatches"": ""lower"", ""fake_dispatches"": ""lower"", ""latent_harm"": ""lower"", ""max_arrival_min"": ""lower"", ""mean_arrival_min"": ""lower"", ""merge_caused_misses"": ""lower"", ""split_trips"": ""lower"", ""total_fleet_workload_min"": ""lower"", ""unique_population_reached_by_deadline_rate"": ""higher"", ""unserved_genuine_incidents"": ""lower""}","{""numpy"": ""2.5.1"", ""pandas"": ""3.0.3"", ""scipy"": ""1.18.0""}"
partition,product_cij,additive_cij_matched_density,"{""policy"": ""workload_smoothing""}",max_arrival_min,lower,-70.00619274,139.732712,-68.42074668,"[-117.1419360530417, -31.385264083000035]",70.00619274,0.0007553515716,0.004532109429,167,40,12,28,0,-0.5010007446,-0.5926829268,positive means candidate is better,40,4.1.0,test:3000-3039,a7c7a3f7ea63e57f1d98bd42f21c02aa04a69eaa37c824584a2be65f00f2d7e1,"{""numpy"": ""2.0.2"", ""pandas"": ""2.2.2"", ""python-louvain"": ""0.16"", ""scikit-learn"": ""1.6.1"", ""scipy"": ""1.16.3""}","{""additive"": {""calibration_objective"": 0.024220283682757516, ""knn"": 8, ""q"": 0.95}, ""error_model"": ""conservative-v1"", ""product"": {""knn"": 8, ""resolution"": 1.2, ""sigma_geo_m"": 900.0, ""tau_temp_min"": 60.0, ""threshold_quantile"": 0.95, ""track"": ""operational_label_free""}}","{""arrival_equity_gap_min"": ""lower"", ""boat_workload_cv"": ""lower"", ""cvar90_arrival_min"": ""lower"", ""deadline_miss_rate"": ""lower"", ""duplicate_dispatches"": ""lower"", ""fake_dispatches"": ""lower"", ""latent_harm"": ""lower"", ""max_arrival_min"": ""lower"", ""mean_arrival_min"": ""lower"", ""merge_caused_misses"": ""lower"", ""split_trips"": ""lower"", ""total_fleet_workload_min"": ""lower"", ""unique_population_reached_by_deadline_rate"": ""higher"", ""unserved_genuine_incidents"": ""lower""}","{""numpy"": ""2.5.1"", ""pandas"": ""3.0.3"", ""scipy"": ""1.18.0""}"
partition,product_cij,additive_cij_matched_density,"{""policy"": ""workload_smoothing""}",cvar90_arrival_min,lower,-58.88094578,94.84605063,-65.14585845,"[-89.43529274875003, -31.281653749770896]",58.88094578,6.268265497e-05,0.0005014612398,127,40,7,33,0,-0.6208054567,-0.6902439024,positive means candidate is better,40,4.1.0,test:3000-3039,a7c7a3f7ea63e57f1d98bd42f21c02aa04a69eaa37c824584a2be65f00f2d7e1,"{""numpy"": ""2.0.2"", ""pandas"": ""2.2.2"", ""python-louvain"": ""0.16"", ""scikit-learn"": ""1.6.1"", ""scipy"": ""1.16.3""}","{""additive"": {""calibration_objective"": 0.024220283682757516, ""knn"": 8, ""q"": 0.95}, ""error_model"": ""conservative-v1"", ""product"": {""knn"": 8, ""resolution"": 1.2, ""sigma_geo_m"": 900.0, ""tau_temp_min"": 60.0, ""threshold_quantile"": 0.95, ""track"": ""operational_label_free""}}","{""arrival_equity_gap_min"": ""lower"", ""boat_workload_cv"": ""lower"", ""cvar90_arrival_min"": ""lower"", ""deadline_miss_rate"": ""lower"", ""duplicate_dispatches"": ""lower"", ""fake_dispatches"": ""lower"", ""latent_harm"": ""lower"", ""max_arrival_min"": ""lower"", ""mean_arrival_min"": ""lower"", ""merge_caused_misses"": ""lower"", ""split_trips"": ""lower"", ""total_fleet_workload_min"": ""lower"", ""unique_population_reached_by_deadline_rate"": ""higher"", ""unserved_genuine_incidents"": ""lower""}","{""numpy"": ""2.5.1"", ""pandas"": ""3.0.3"", ""scipy"": ""1.18.0""}"
partition,product_cij,additive_cij_matched_density,"{""policy"": ""workload_smoothing""}",unique_population_reached_by_deadline_rate,higher,-0.0131333815,0.03638092579,0,"[-0.025134641576964583, -0.0026503787168770904]",-0.0131333815,0.03845841808,0.1538336723,94,40,9,17,14,-0.3609963523,-0.4643874644,positive means candidate is better,40,4.1.0,test:3000-3039,a7c7a3f7ea63e57f1d98bd42f21c02aa04a69eaa37c824584a2be65f00f2d7e1,"{""numpy"": ""2.0.2"", ""pandas"": ""2.2.2"", ""python-louvain"": ""0.16"", ""scikit-learn"": ""1.6.1"", ""scipy"": ""1.16.3""}","{""additive"": {""calibration_objective"": 0.024220283682757516, ""knn"": 8, ""q"": 0.95}, ""error_model"": ""conservative-v1"", ""product"": {""knn"": 8, ""resolution"": 1.2, ""sigma_geo_m"": 900.0, ""tau_temp_min"": 60.0, ""threshold_quantile"": 0.95, ""track"": ""operational_label_free""}}","{""arrival_equity_gap_min"": ""lower"", ""boat_workload_cv"": ""lower"", ""cvar90_arrival_min"": ""lower"", ""deadline_miss_rate"": ""lower"", ""duplicate_dispatches"": ""lower"", ""fake_dispatches"": ""lower"", ""latent_harm"": ""lower"", ""max_arrival_min"": ""lower"", ""mean_arrival_min"": ""lower"", ""merge_caused_misses"": ""lower"", ""split_trips"": ""lower"", ""total_fleet_workload_min"": ""lower"", ""unique_population_reached_by_deadline_rate"": ""higher"", ""unserved_genuine_incidents"": ""lower""}","{""numpy"": ""2.5.1"", ""pandas"": ""3.0.3"", ""scipy"": ""1.18.0""}"
partition,product_cij,additive_cij_matched_density,"{""policy"": ""workload_smoothing""}",total_fleet_workload_min,lower,-1929.087768,631.6578032,-1917.333538,"[-2124.740379287709, -1741.6433574125]",1929.087768,1.818989404e-12,2.546585165e-11,0,40,0,40,0,-3.054007657,-1,positive means candidate is better,40,4.1.0,test:3000-3039,a7c7a3f7ea63e57f1d98bd42f21c02aa04a69eaa37c824584a2be65f00f2d7e1,"{""numpy"": ""2.0.2"", ""pandas"": ""2.2.2"", ""python-louvain"": ""0.16"", ""scikit-learn"": ""1.6.1"", ""scipy"": ""1.16.3""}","{""additive"": {""calibration_objective"": 0.024220283682757516, ""knn"": 8, ""q"": 0.95}, ""error_model"": ""conservative-v1"", ""product"": {""knn"": 8, ""resolution"": 1.2, ""sigma_geo_m"": 900.0, ""tau_temp_min"": 60.0, ""threshold_quantile"": 0.95, ""track"": ""operational_label_free""}}","{""arrival_equity_gap_min"": ""lower"", ""boat_workload_cv"": ""lower"", ""cvar90_arrival_min"": ""lower"", ""deadline_miss_rate"": ""lower"", ""duplicate_dispatches"": ""lower"", ""fake_dispatches"": ""lower"", ""latent_harm"": ""lower"", ""max_arrival_min"": ""lower"", ""mean_arrival_min"": ""lower"", ""merge_caused_misses"": ""lower"", ""split_trips"": ""lower"", ""total_fleet_workload_min"": ""lower"", ""unique_population_reached_by_deadline_rate"": ""higher"", ""unserved_genuine_incidents"": ""lower""}","{""numpy"": ""2.5.1"", ""pandas"": ""3.0.3"", ""scipy"": ""1.18.0""}"
partition,product_cij,additive_cij_matched_density,"{""policy"": ""workload_smoothing""}",boat_workload_cv,lower,0.006609950631,0.01065273216,0.007457315726,"[0.0033813781373394367, 0.009915951926015833]",-0.006609950631,0.0004794529414,0.00335617059,159,40,32,8,0,0.6204934593,0.612195122,positive means candidate is better,40,4.1.0,test:3000-3039,a7c7a3f7ea63e57f1d98bd42f21c02aa04a69eaa37c824584a2be65f00f2d7e1,"{""numpy"": ""2.0.2"", ""pandas"": ""2.2.2"", ""python-louvain"": ""0.16"", ""scikit-learn"": ""1.6.1"", ""scipy"": ""1.16.3""}","{""additive"": {""calibration_objective"": 0.024220283682757516, ""knn"": 8, ""q"": 0.95}, ""error_model"": ""conservative-v1"", ""product"": {""knn"": 8, ""resolution"": 1.2, ""sigma_geo_m"": 900.0, ""tau_temp_min"": 60.0, ""threshold_quantile"": 0.95, ""track"": ""operational_label_free""}}","{""arrival_equity_gap_min"": ""lower"", ""boat_workload_cv"": ""lower"", ""cvar90_arrival_min"": ""lower"", ""deadline_miss_rate"": ""lower"", ""duplicate_dispatches"": ""lower"", ""fake_dispatches"": ""lower"", ""latent_harm"": ""lower"", ""max_arrival_min"": ""lower"", ""mean_arrival_min"": ""lower"", ""merge_caused_misses"": ""lower"", ""split_trips"": ""lower"", ""total_fleet_workload_min"": ""lower"", ""unique_population_reached_by_deadline_rate"": ""higher"", ""unserved_genuine_incidents"": ""lower""}","{""numpy"": ""2.5.1"", ""pandas"": ""3.0.3"", ""scipy"": ""1.18.0""}"
partition,product_cij,additive_cij_matched_density,"{""policy"": ""workload_smoothing""}",arrival_equity_gap_min,lower,-19.0127875,56.50488638,-20.66211787,"[-36.32988094717084, -1.5066333703625419]",19.0127875,0.02783626613,0.1391813306,247,40,17,23,0,-0.3364804129,-0.3975609756,positive means candidate is better,40,4.1.0,test:3000-3039,a7c7a3f7ea63e57f1d98bd42f21c02aa04a69eaa37c824584a2be65f00f2d7e1,"{""numpy"": ""2.0.2"", ""pandas"": ""2.2.2"", ""python-louvain"": ""0.16"", ""scikit-learn"": ""1.6.1"", ""scipy"": ""1.16.3""}","{""additive"": {""calibration_objective"": 0.024220283682757516, ""knn"": 8, ""q"": 0.95}, ""error_model"": ""conservative-v1"", ""product"": {""knn"": 8, ""resolution"": 1.2, ""sigma_geo_m"": 900.0, ""tau_temp_min"": 60.0, ""threshold_quantile"": 0.95, ""track"": ""operational_label_free""}}","{""arrival_equity_gap_min"": ""lower"", ""boat_workload_cv"": ""lower"", ""cvar90_arrival_min"": ""lower"", ""deadline_miss_rate"": ""lower"", ""duplicate_dispatches"": ""lower"", ""fake_dispatches"": ""lower"", ""latent_harm"": ""lower"", ""max_arrival_min"": ""lower"", ""mean_arrival_min"": ""lower"", ""merge_caused_misses"": ""lower"", ""split_trips"": ""lower"", ""total_fleet_workload_min"": ""lower"", ""unique_population_reached_by_deadline_rate"": ""higher"", ""unserved_genuine_incidents"": ""lower""}","{""numpy"": ""2.5.1"", ""pandas"": ""3.0.3"", ""scipy"": ""1.18.0""}"
partition,product_cij,additive_cij_matched_density,"{""policy"": ""workload_smoothing""}",split_trips,lower,-1.125,1.158856643,-1,"[-1.5, -0.775]",1.125,6.529374497e-06,7.835249396e-05,36.5,40,2,31,7,-0.9707844428,-0.8698752228,positive means candidate is better,40,4.1.0,test:3000-3039,a7c7a3f7ea63e57f1d98bd42f21c02aa04a69eaa37c824584a2be65f00f2d7e1,"{""numpy"": ""2.0.2"", ""pandas"": ""2.2.2"", ""python-louvain"": ""0.16"", ""scikit-learn"": ""1.6.1"", ""scipy"": ""1.16.3""}","{""additive"": {""calibration_objective"": 0.024220283682757516, ""knn"": 8, ""q"": 0.95}, ""error_model"": ""conservative-v1"", ""product"": {""knn"": 8, ""resolution"": 1.2, ""sigma_geo_m"": 900.0, ""tau_temp_min"": 60.0, ""threshold_quantile"": 0.95, ""track"": ""operational_label_free""}}","{""arrival_equity_gap_min"": ""lower"", ""boat_workload_cv"": ""lower"", ""cvar90_arrival_min"": ""lower"", ""deadline_miss_rate"": ""lower"", ""duplicate_dispatches"": ""lower"", ""fake_dispatches"": ""lower"", ""latent_harm"": ""lower"", ""max_arrival_min"": ""lower"", ""mean_arrival_min"": ""lower"", ""merge_caused_misses"": ""lower"", ""split_trips"": ""lower"", ""total_fleet_workload_min"": ""lower"", ""unique_population_reached_by_deadline_rate"": ""higher"", ""unserved_genuine_incidents"": ""lower""}","{""numpy"": ""2.5.1"", ""pandas"": ""3.0.3"", ""scipy"": ""1.18.0""}"
partition,product_cij,additive_cij_matched_density,"{""policy"": ""workload_smoothing""}",merge_caused_misses,lower,-0.025,0.158113883,0,"[-0.075, 0.0]",0.025,0.3173105079,0.6346210157,0,40,0,1,39,-0.158113883,-1,positive means candidate is better,40,4.1.0,test:3000-3039,a7c7a3f7ea63e57f1d98bd42f21c02aa04a69eaa37c824584a2be65f00f2d7e1,"{""numpy"": ""2.0.2"", ""pandas"": ""2.2.2"", ""python-louvain"": ""0.16"", ""scikit-learn"": ""1.6.1"", ""scipy"": ""1.16.3""}","{""additive"": {""calibration_objective"": 0.024220283682757516, ""knn"": 8, ""q"": 0.95}, ""error_model"": ""conservative-v1"", ""product"": {""knn"": 8, ""resolution"": 1.2, ""sigma_geo_m"": 900.0, ""tau_temp_min"": 60.0, ""threshold_quantile"": 0.95, ""track"": ""operational_label_free""}}","{""arrival_equity_gap_min"": ""lower"", ""boat_workload_cv"": ""lower"", ""cvar90_arrival_min"": ""lower"", ""deadline_miss_rate"": ""lower"", ""duplicate_dispatches"": ""lower"", ""fake_dispatches"": ""lower"", ""latent_harm"": ""lower"", ""max_arrival_min"": ""lower"", ""mean_arrival_min"": ""lower"", ""merge_caused_misses"": ""lower"", ""split_trips"": ""lower"", ""total_fleet_workload_min"": ""lower"", ""unique_population_reached_by_deadline_rate"": ""higher"", ""unserved_genuine_incidents"": ""lower""}","{""numpy"": ""2.5.1"", ""pandas"": ""3.0.3"", ""scipy"": ""1.18.0""}"
partition,product_cij,additive_cij_matched_density,"{""policy"": ""workload_smoothing""}",fake_dispatches,lower,-8.275,2.782615446,-8,"[-9.15, -7.45]",8.275,3.328199581e-08,4.326659455e-07,0,40,0,40,0,-2.973820911,-1,positive means candidate is better,40,4.1.0,test:3000-3039,a7c7a3f7ea63e57f1d98bd42f21c02aa04a69eaa37c824584a2be65f00f2d7e1,"{""numpy"": ""2.0.2"", ""pandas"": ""2.2.2"", ""python-louvain"": ""0.16"", ""scikit-learn"": ""1.6.1"", ""scipy"": ""1.16.3""}","{""additive"": {""calibration_objective"": 0.024220283682757516, ""knn"": 8, ""q"": 0.95}, ""error_model"": ""conservative-v1"", ""product"": {""knn"": 8, ""resolution"": 1.2, ""sigma_geo_m"": 900.0, ""tau_temp_min"": 60.0, ""threshold_quantile"": 0.95, ""track"": ""operational_label_free""}}","{""arrival_equity_gap_min"": ""lower"", ""boat_workload_cv"": ""lower"", ""cvar90_arrival_min"": ""lower"", ""deadline_miss_rate"": ""lower"", ""duplicate_dispatches"": ""lower"", ""fake_dispatches"": ""lower"", ""latent_harm"": ""lower"", ""max_arrival_min"": ""lower"", ""mean_arrival_min"": ""lower"", ""merge_caused_misses"": ""lower"", ""split_trips"": ""lower"", ""total_fleet_workload_min"": ""lower"", ""unique_population_reached_by_deadline_rate"": ""higher"", ""unserved_genuine_incidents"": ""lower""}","{""numpy"": ""2.5.1"", ""pandas"": ""3.0.3"", ""scipy"": ""1.18.0""}"
partition,product_cij,additive_cij_matched_density,"{""policy"": ""workload_smoothing""}",duplicate_dispatches,lower,-1.125,1.158856643,-1,"[-1.5, -0.775]",1.125,6.529374497e-06,7.835249396e-05,36.5,40,2,31,7,-0.9707844428,-0.8698752228,positive means candidate is better,40,4.1.0,test:3000-3039,a7c7a3f7ea63e57f1d98bd42f21c02aa04a69eaa37c824584a2be65f00f2d7e1,"{""numpy"": ""2.0.2"", ""pandas"": ""2.2.2"", ""python-louvain"": ""0.16"", ""scikit-learn"": ""1.6.1"", ""scipy"": ""1.16.3""}","{""additive"": {""calibration_objective"": 0.024220283682757516, ""knn"": 8, ""q"": 0.95}, ""error_model"": ""conservative-v1"", ""product"": {""knn"": 8, ""resolution"": 1.2, ""sigma_geo_m"": 900.0, ""tau_temp_min"": 60.0, ""threshold_quantile"": 0.95, ""track"": ""operational_label_free""}}","{""arrival_equity_gap_min"": ""lower"", ""boat_workload_cv"": ""lower"", ""cvar90_arrival_min"": ""lower"", ""deadline_miss_rate"": ""lower"", ""duplicate_dispatches"": ""lower"", ""fake_dispatches"": ""lower"", ""latent_harm"": ""lower"", ""max_arrival_min"": ""lower"", ""mean_arrival_min"": ""lower"", ""merge_caused_misses"": ""lower"", ""split_trips"": ""lower"", ""total_fleet_workload_min"": ""lower"", ""unique_population_reached_by_deadline_rate"": ""higher"", ""unserved_genuine_incidents"": ""lower""}","{""numpy"": ""2.5.1"", ""pandas"": ""3.0.3"", ""scipy"": ""1.18.0""}"
partition,product_cij,additive_cij_matched_density,"{""policy"": ""workload_smoothing""}",unserved_genuine_incidents,lower,-0.025,0.158113883,0,"[-0.075, 0.0]",0.025,0.3173105079,0.6346210157,0,40,0,1,39,-0.158113883,-1,positive means candidate is better,40,4.1.0,test:3000-3039,a7c7a3f7ea63e57f1d98bd42f21c02aa04a69eaa37c824584a2be65f00f2d7e1,"{""numpy"": ""2.0.2"", ""pandas"": ""2.2.2"", ""python-louvain"": ""0.16"", ""scikit-learn"": ""1.6.1"", ""scipy"": ""1.16.3""}","{""additive"": {""calibration_objective"": 0.024220283682757516, ""knn"": 8, ""q"": 0.95}, ""error_model"": ""conservative-v1"", ""product"": {""knn"": 8, ""resolution"": 1.2, ""sigma_geo_m"": 900.0, ""tau_temp_min"": 60.0, ""threshold_quantile"": 0.95, ""track"": ""operational_label_free""}}","{""arrival_equity_gap_min"": ""lower"", ""boat_workload_cv"": ""lower"", ""cvar90_arrival_min"": ""lower"", ""deadline_miss_rate"": ""lower"", ""duplicate_dispatches"": ""lower"", ""fake_dispatches"": ""lower"", ""latent_harm"": ""lower"", ""max_arrival_min"": ""lower"", ""mean_arrival_min"": ""lower"", ""merge_caused_misses"": ""lower"", ""split_trips"": ""lower"", ""total_fleet_workload_min"": ""lower"", ""unique_population_reached_by_deadline_rate"": ""higher"", ""unserved_genuine_incidents"": ""lower""}","{""numpy"": ""2.5.1"", ""pandas"": ""3.0.3"", ""scipy"": ""1.18.0""}"
