run_id,scenario,method,runtime_changed,result_changed_fields,tiny_numeric_fields_le_1e-10,max_abs_result_delta,ari_primary,ari_v2,ari_v2_minus_primary
run_041,baseline,additive_cij_louvain,True,,,0,0.8294589574997709,0.8294589574997709,0
run_041,baseline,additive_cij_louvain_matched_density,True,,,0,0.8294589574997709,0.8294589574997709,0
run_041,baseline,geo_time_dbscan,True,,,0,0.673897305575186,0.673897305575186,0
run_041,baseline,product_cij_leiden,True,,,0,0.8294589574997709,0.8294589574997709,0
run_041,baseline,product_cij_louvain,True,,,0,0.8294589574997709,0.8294589574997709,0
run_041,exact_transport_copy_2x,additive_cij_louvain,True,mean_degree;n_edges;retained_edge_fraction,,2,0.787786152251445,0.787786152251445,0
run_041,exact_transport_copy_2x,additive_cij_louvain_matched_density,True,ari_all;ari_original;mean_degree;n_edges;nmi_all;nmi_original;pair_f1_all;pair_f1_original;retained_edge_fraction,,4,0.8026847346658154,0.7877496594094388,-0.014935075256376606
run_041,exact_transport_copy_2x,geo_time_dbscan,True,,,0,0.673897305575186,0.673897305575186,0
run_041,exact_transport_copy_2x,product_cij_leiden,True,,,0,0.8067701034822884,0.8067701034822884,0
run_041,exact_transport_copy_2x,product_cij_louvain,True,,nmi_all;nmi_original,0,0.8019342639877877,0.8019342639877877,0
run_041,exact_transport_copy_5x,additive_cij_louvain,True,mean_degree;n_edges;retained_edge_fraction,nmi_all;nmi_original,25,0.28562063396606807,0.28562063396606807,0
run_041,exact_transport_copy_5x,additive_cij_louvain_matched_density,True,mean_degree;n_edges;retained_edge_fraction,nmi_all,7,0.2971261613459836,0.2971261613459836,0
run_041,exact_transport_copy_5x,geo_time_dbscan,True,,,0,0.673897305575186,0.673897305575186,0
run_041,exact_transport_copy_5x,product_cij_leiden,True,mean_degree;n_edges;retained_edge_fraction,,3,0.2891453703140963,0.2891453703140963,0
run_041,exact_transport_copy_5x,product_cij_louvain,True,mean_degree;n_edges;retained_edge_fraction,nmi_all;nmi_original,3,0.2891453703140963,0.2891453703140963,0
run_041,gps_noise_100m,additive_cij_louvain,True,,,0,0.8183026521782093,0.8183026521782093,0
run_041,gps_noise_100m,additive_cij_louvain_matched_density,True,,,0,0.8183026521782093,0.8183026521782093,0
run_041,gps_noise_100m,geo_time_dbscan,True,,,0,0.673897305575186,0.673897305575186,0
run_041,gps_noise_100m,product_cij_leiden,True,,,0,0.8183026521782093,0.8183026521782093,0
run_041,gps_noise_100m,product_cij_louvain,True,,,0,0.8183026521782093,0.8183026521782093,0
run_041,gps_noise_300m,additive_cij_louvain,True,,,0,0.772378067059038,0.772378067059038,0
run_041,gps_noise_300m,additive_cij_louvain_matched_density,True,,,0,0.7292521280577575,0.7292521280577575,0
run_041,gps_noise_300m,geo_time_dbscan,True,,,0,0.5672786259422422,0.5672786259422422,0
run_041,gps_noise_300m,product_cij_leiden,True,,,0,0.7753853459658873,0.7753853459658873,0
run_041,gps_noise_300m,product_cij_louvain,True,,,0,0.7170173915508801,0.7170173915508801,0
run_041,time_noise_15min,additive_cij_louvain,True,,,0,0.7980322137963769,0.7980322137963769,0
run_041,time_noise_15min,additive_cij_louvain_matched_density,True,,threshold,0,0.7980322137963769,0.7980322137963769,0
run_041,time_noise_15min,geo_time_dbscan,True,,,0,0.673897305575186,0.673897305575186,0
run_041,time_noise_15min,product_cij_leiden,True,,,0,0.7980322137963769,0.7980322137963769,0
run_041,time_noise_15min,product_cij_louvain,True,,,0,0.7980322137963769,0.7980322137963769,0
run_041,time_noise_60min,additive_cij_louvain,True,,,0,0.7960298892106372,0.7960298892106372,0
run_041,time_noise_60min,additive_cij_louvain_matched_density,True,,,0,0.7405797443756105,0.7405797443756105,0
run_041,time_noise_60min,geo_time_dbscan,True,,,0,0.6152104617615141,0.6152104617615141,0
run_041,time_noise_60min,product_cij_leiden,True,,,0,0.7980322137963769,0.7980322137963769,0
run_041,time_noise_60min,product_cij_louvain,True,,,0,0.7980322137963769,0.7980322137963769,0
run_042,baseline,additive_cij_louvain,True,,,0,0.8276450356552721,0.8276450356552721,0
run_042,baseline,additive_cij_louvain_matched_density,True,,,0,0.8317346088836916,0.8317346088836916,0
run_042,baseline,geo_time_dbscan,True,,,0,0.38305410007805085,0.38305410007805085,0
run_042,baseline,product_cij_leiden,True,,,0,0.8444345102449343,0.8444345102449343,0
run_042,baseline,product_cij_louvain,True,,,0,0.8444345102449343,0.8444345102449343,0
run_042,exact_transport_copy_2x,additive_cij_louvain,True,ari_all;ari_original;fake_only_destinations_all;fake_only_destinations_original;false_destination_rate_all;false_destination_rate_original;mean_degree;n_clusters_all;n_clusters_original;n_edges;nmi_all;nmi_original;pair_f1_all;pair_f1_original;retained_edge_fraction,,4,0.8326398642711385,0.794710481962518,-0.037929382308620418
run_042,exact_transport_copy_2x,additive_cij_louvain_matched_density,True,ari_all;ari_original;false_destination_rate_all;false_destination_rate_original;mean_degree;n_clusters_all;n_clusters_original;n_edges;nmi_all;nmi_original;pair_f1_all;pair_f1_original;retained_edge_fraction,,2,0.7468916757758022,0.7461985468295667,-0.00069312894623552168
run_042,exact_transport_copy_2x,geo_time_dbscan,True,,,0,0.38305410007805085,0.38305410007805085,0
run_042,exact_transport_copy_2x,product_cij_leiden,True,mean_degree;n_edges;retained_edge_fraction,nmi_original,1,0.8333335716773004,0.8333335716773004,0
run_042,exact_transport_copy_2x,product_cij_louvain,True,mean_degree;n_edges;retained_edge_fraction,nmi_all;nmi_original,1,0.8411180018208735,0.8411180018208735,0
run_042,exact_transport_copy_5x,additive_cij_louvain,True,mean_degree;n_edges;retained_edge_fraction,,6,0.289690260674103,0.289690260674103,0
run_042,exact_transport_copy_5x,additive_cij_louvain_matched_density,True,mean_degree;n_edges;retained_edge_fraction,,2,0.26529478957314573,0.26529478957314573,0
run_042,exact_transport_copy_5x,geo_time_dbscan,True,,,0,0.38305410007805085,0.38305410007805085,0
run_042,exact_transport_copy_5x,product_cij_leiden,True,mean_degree;n_edges;retained_edge_fraction,,1,0.2882184749608997,0.2882184749608997,0
run_042,exact_transport_copy_5x,product_cij_louvain,True,mean_degree;n_edges;retained_edge_fraction,nmi_all,1,0.2882184749608997,0.2882184749608997,0
run_042,gps_noise_100m,additive_cij_louvain,True,,,0,0.8102054929963696,0.8102054929963696,0
run_042,gps_noise_100m,additive_cij_louvain_matched_density,True,,,0,0.8167201585994671,0.8167201585994671,0
run_042,gps_noise_100m,geo_time_dbscan,True,,,0,0.38305410007805085,0.38305410007805085,0
run_042,gps_noise_100m,product_cij_leiden,True,,,0,0.819795532042256,0.819795532042256,0
run_042,gps_noise_100m,product_cij_louvain,True,,,0,0.819795532042256,0.819795532042256,0
run_042,gps_noise_300m,additive_cij_louvain,True,,,0,0.7234615464280536,0.7234615464280536,0
run_042,gps_noise_300m,additive_cij_louvain_matched_density,True,,,0,0.6591223073888945,0.6591223073888945,0
run_042,gps_noise_300m,geo_time_dbscan,True,,,0,0.354350823619385,0.354350823619385,0
run_042,gps_noise_300m,product_cij_leiden,True,,,0,0.802405142054059,0.802405142054059,0
run_042,gps_noise_300m,product_cij_louvain,True,,,0,0.7493059780467045,0.7493059780467045,0
run_042,time_noise_15min,additive_cij_louvain,True,,,0,0.8056696939639658,0.8056696939639658,0
run_042,time_noise_15min,additive_cij_louvain_matched_density,True,,,0,0.7455640539322546,0.7455640539322546,0
run_042,time_noise_15min,geo_time_dbscan,True,,,0,0.38305410007805085,0.38305410007805085,0
run_042,time_noise_15min,product_cij_leiden,True,,,0,0.7828930638663347,0.7828930638663347,0
run_042,time_noise_15min,product_cij_louvain,True,,,0,0.7828930638663347,0.7828930638663347,0
run_042,time_noise_60min,additive_cij_louvain,True,,,0,0.7647287230358502,0.7647287230358502,0
run_042,time_noise_60min,additive_cij_louvain_matched_density,True,,,0,0.7018601871676138,0.7018601871676138,0
run_042,time_noise_60min,geo_time_dbscan,True,,,0,0.3277049423317343,0.3277049423317343,0
run_042,time_noise_60min,product_cij_leiden,True,,,0,0.7447902913441702,0.7447902913441702,0
run_042,time_noise_60min,product_cij_louvain,True,,,0,0.747476100591667,0.747476100591667,0
run_043,baseline,additive_cij_louvain,True,,,0,0.9211675476901862,0.9211675476901862,0
run_043,baseline,additive_cij_louvain_matched_density,True,,,0,0.8792186836518047,0.8792186836518047,0
run_043,baseline,geo_time_dbscan,True,,,0,0.517048997407371,0.517048997407371,0
run_043,baseline,product_cij_leiden,True,,,0,0.9211675476901862,0.9211675476901862,0
run_043,baseline,product_cij_louvain,True,,,0,0.9211675476901862,0.9211675476901862,0
run_043,exact_transport_copy_2x,additive_cij_louvain,True,mean_degree;n_edges;retained_edge_fraction,nmi_all;nmi_original,2,0.9670180020520474,0.9670180020520474,0
run_043,exact_transport_copy_2x,additive_cij_louvain_matched_density,True,mean_degree;n_edges;retained_edge_fraction,,3,0.9749202404959761,0.9749202404959761,0
run_043,exact_transport_copy_2x,geo_time_dbscan,True,,,0,0.517048997407371,0.517048997407371,0
run_043,exact_transport_copy_2x,product_cij_leiden,True,ari_all;ari_original;mean_degree;n_edges;nmi_all;nmi_original;pair_f1_all;pair_f1_original;retained_edge_fraction,threshold,2,0.8960412454245795,0.8918980324442223,-0.0041432129803572471
run_043,exact_transport_copy_2x,product_cij_louvain,True,mean_degree;n_edges;retained_edge_fraction,nmi_original;threshold,2,0.9670180020520474,0.9670180020520474,0
run_043,exact_transport_copy_5x,additive_cij_louvain,True,mean_degree;n_edges;retained_edge_fraction,nmi_all,5,0.2719061727888785,0.2719061727888785,0
run_043,exact_transport_copy_5x,additive_cij_louvain_matched_density,True,mean_degree;n_edges;retained_edge_fraction,nmi_all;nmi_original,3,0.27365214805090915,0.27365214805090915,0
run_043,exact_transport_copy_5x,geo_time_dbscan,True,,,0,0.517048997407371,0.517048997407371,0
run_043,exact_transport_copy_5x,product_cij_leiden,True,mean_degree;n_edges;retained_edge_fraction,,2,0.27125232034623153,0.27125232034623153,0
run_043,exact_transport_copy_5x,product_cij_louvain,True,mean_degree;n_edges;retained_edge_fraction,,2,0.27125232034623153,0.27125232034623153,0
run_043,gps_noise_100m,additive_cij_louvain,True,,,0,0.9081958723451835,0.9081958723451835,0
run_043,gps_noise_100m,additive_cij_louvain_matched_density,True,,,0,0.8411721412021262,0.8411721412021262,0
run_043,gps_noise_100m,geo_time_dbscan,True,,,0,0.517048997407371,0.517048997407371,0
run_043,gps_noise_100m,product_cij_leiden,True,,,0,0.8737248586641565,0.8737248586641565,0
run_043,gps_noise_100m,product_cij_louvain,True,,,0,0.8737248586641565,0.8737248586641565,0
run_043,gps_noise_300m,additive_cij_louvain,True,,,0,0.7889193636862315,0.7889193636862315,0
run_043,gps_noise_300m,additive_cij_louvain_matched_density,True,,,0,0.8411721412021262,0.8411721412021262,0
run_043,gps_noise_300m,geo_time_dbscan,True,,,0,0.29064834998449846,0.29064834998449846,0
run_043,gps_noise_300m,product_cij_leiden,True,,,0,0.7889193636862315,0.7889193636862315,0
run_043,gps_noise_300m,product_cij_louvain,True,,,0,0.7889193636862315,0.7889193636862315,0
run_043,time_noise_15min,additive_cij_louvain,True,,,0,0.8401769307075602,0.8401769307075602,0
run_043,time_noise_15min,additive_cij_louvain_matched_density,True,,,0,0.8401769307075602,0.8401769307075602,0
run_043,time_noise_15min,geo_time_dbscan,True,,,0,0.517048997407371,0.517048997407371,0
run_043,time_noise_15min,product_cij_leiden,True,,threshold,0,0.8401769307075602,0.8401769307075602,0
run_043,time_noise_15min,product_cij_louvain,True,,threshold,0,0.8401769307075602,0.8401769307075602,0
run_043,time_noise_60min,additive_cij_louvain,True,,,0,0.7763410335199887,0.7763410335199887,0
run_043,time_noise_60min,additive_cij_louvain_matched_density,True,,,0,0.7379590856559654,0.7379590856559654,0
run_043,time_noise_60min,geo_time_dbscan,True,,,0,0.5032974036929422,0.5032974036929422,0
run_043,time_noise_60min,product_cij_leiden,True,,threshold,0,0.7553845922072183,0.7553845922072183,0
run_043,time_noise_60min,product_cij_louvain,True,,threshold,0,0.746960223426712,0.746960223426712,0
run_044,baseline,additive_cij_louvain,True,,,0,0.9179332271238128,0.9179332271238128,0
run_044,baseline,additive_cij_louvain_matched_density,True,,,0,0.852915423992359,0.852915423992359,0
run_044,baseline,geo_time_dbscan,True,,,0,0.6332131631970316,0.6332131631970316,0
run_044,baseline,product_cij_leiden,True,,,0,0.9102039278001224,0.9102039278001224,0
run_044,baseline,product_cij_louvain,True,,,0,0.9102039278001224,0.9102039278001224,0
run_044,exact_transport_copy_2x,additive_cij_louvain,True,mean_degree;n_edges;retained_edge_fraction,,1,0.9430703491796013,0.9430703491796013,0
run_044,exact_transport_copy_2x,additive_cij_louvain_matched_density,True,ari_all;ari_original;mean_degree;n_edges;nmi_all;nmi_original;pair_f1_all;pair_f1_original;retained_edge_fraction,,3,0.8822675370487866,0.8871629605968547,0.0048954235480681563
run_044,exact_transport_copy_2x,geo_time_dbscan,True,,,0,0.6332131631970316,0.6332131631970316,0
run_044,exact_transport_copy_2x,product_cij_leiden,True,mean_degree;n_edges;retained_edge_fraction,,1,0.9380518248984631,0.9380518248984631,0
run_044,exact_transport_copy_2x,product_cij_louvain,True,ari_all;ari_original;mean_degree;n_edges;nmi_all;nmi_original;pair_f1_all;pair_f1_original;retained_edge_fraction,,1,0.9327366104222753,0.9380518248984631,0.0053152144761877684
run_044,exact_transport_copy_5x,additive_cij_louvain,True,mean_degree;n_edges;retained_edge_fraction,nmi_all,7,0.25585926903988476,0.25585926903988476,0
run_044,exact_transport_copy_5x,additive_cij_louvain_matched_density,True,mean_degree;n_edges;retained_edge_fraction,nmi_all;nmi_original,10,0.260219775902336,0.260219775902336,0
run_044,exact_transport_copy_5x,geo_time_dbscan,True,,,0,0.6332131631970316,0.6332131631970316,0
run_044,exact_transport_copy_5x,product_cij_leiden,True,mean_degree;n_edges;retained_edge_fraction,nmi_original,12,0.25769192667203655,0.25769192667203655,0
run_044,exact_transport_copy_5x,product_cij_louvain,True,mean_degree;n_edges;retained_edge_fraction,nmi_all;nmi_original,12,0.25769192667203655,0.25769192667203655,0
run_044,gps_noise_100m,additive_cij_louvain,True,,,0,0.908222440748825,0.908222440748825,0
run_044,gps_noise_100m,additive_cij_louvain_matched_density,True,,,0,0.8853244218435932,0.8853244218435932,0
run_044,gps_noise_100m,geo_time_dbscan,True,,,0,0.6332131631970316,0.6332131631970316,0
run_044,gps_noise_100m,product_cij_leiden,True,,,0,0.9232204217038058,0.9232204217038058,0
run_044,gps_noise_100m,product_cij_louvain,True,,,0,0.9232204217038058,0.9232204217038058,0
run_044,gps_noise_300m,additive_cij_louvain,True,,,0,0.6866612279904253,0.6866612279904253,0
run_044,gps_noise_300m,additive_cij_louvain_matched_density,True,,,0,0.8205835363626524,0.8205835363626524,0
run_044,gps_noise_300m,geo_time_dbscan,True,,,0,0.5470151275814544,0.5470151275814544,0
run_044,gps_noise_300m,product_cij_leiden,True,,,0,0.7880033535918387,0.7880033535918387,0
run_044,gps_noise_300m,product_cij_louvain,True,,,0,0.782929854447461,0.782929854447461,0
run_044,time_noise_15min,additive_cij_louvain,True,,,0,0.829210305063396,0.829210305063396,0
run_044,time_noise_15min,additive_cij_louvain_matched_density,True,,,0,0.8261201311574016,0.8261201311574016,0
run_044,time_noise_15min,geo_time_dbscan,True,,,0,0.5561163192413625,0.5561163192413625,0
run_044,time_noise_15min,product_cij_leiden,True,,,0,0.8056089252643703,0.8056089252643703,0
run_044,time_noise_15min,product_cij_louvain,True,,,0,0.8156188101333729,0.8156188101333729,0
run_044,time_noise_60min,additive_cij_louvain,True,,,0,0.6668030213867853,0.6668030213867853,0
run_044,time_noise_60min,additive_cij_louvain_matched_density,True,,,0,0.6170486975530368,0.6170486975530368,0
run_044,time_noise_60min,geo_time_dbscan,True,,,0,0.530755380097251,0.530755380097251,0
run_044,time_noise_60min,product_cij_leiden,True,,threshold,0,0.6861256861209832,0.6861256861209832,0
run_044,time_noise_60min,product_cij_louvain,True,,threshold,0,0.6130252562142886,0.6130252562142886,0
run_045,baseline,additive_cij_louvain,True,,,0,1.0,1.0,0
run_045,baseline,additive_cij_louvain_matched_density,True,,,0,0.9544018668824331,0.9544018668824331,0
run_045,baseline,geo_time_dbscan,True,,,0,0.5895950107577622,0.5895950107577622,0
run_045,baseline,product_cij_leiden,True,,,0,0.9544018668824331,0.9544018668824331,0
run_045,baseline,product_cij_louvain,True,,,0,0.9544018668824331,0.9544018668824331,0
run_045,exact_transport_copy_2x,additive_cij_louvain,True,mean_degree;n_edges;retained_edge_fraction,,1,1.0,1.0,0
run_045,exact_transport_copy_2x,additive_cij_louvain_matched_density,True,mean_degree;n_edges;retained_edge_fraction,,3,0.984088514590902,0.984088514590902,0
run_045,exact_transport_copy_2x,geo_time_dbscan,True,,,0,0.5895950107577622,0.5895950107577622,0
run_045,exact_transport_copy_2x,product_cij_leiden,True,mean_degree;n_edges;retained_edge_fraction,,2,1.0,1.0,0
run_045,exact_transport_copy_2x,product_cij_louvain,True,mean_degree;n_edges;retained_edge_fraction,,2,1.0,1.0,0
run_045,exact_transport_copy_5x,additive_cij_louvain,True,mean_degree;n_edges;retained_edge_fraction,threshold,4,0.3068961731500185,0.3068961731500185,0
run_045,exact_transport_copy_5x,additive_cij_louvain_matched_density,True,mean_degree;n_edges;retained_edge_fraction,,5,0.33055627321812403,0.33055627321812403,0
run_045,exact_transport_copy_5x,geo_time_dbscan,True,,,0,0.5895950107577622,0.5895950107577622,0
run_045,exact_transport_copy_5x,product_cij_leiden,True,mean_degree;n_edges;retained_edge_fraction,,1,0.3144645520643517,0.3144645520643517,0
run_045,exact_transport_copy_5x,product_cij_louvain,True,mean_degree;n_edges;retained_edge_fraction,,1,0.3144645520643517,0.3144645520643517,0
run_045,gps_noise_100m,additive_cij_louvain,True,,,0,1.0,1.0,0
run_045,gps_noise_100m,additive_cij_louvain_matched_density,True,,,0,0.9126789200521019,0.9126789200521019,0
run_045,gps_noise_100m,geo_time_dbscan,True,,,0,0.5895950107577622,0.5895950107577622,0
run_045,gps_noise_100m,product_cij_leiden,True,,,0,0.9544018668824331,0.9544018668824331,0
run_045,gps_noise_100m,product_cij_louvain,True,,,0,0.9544018668824331,0.9544018668824331,0
run_045,gps_noise_300m,additive_cij_louvain,True,,,0,0.7387782062273639,0.7387782062273639,0
run_045,gps_noise_300m,additive_cij_louvain_matched_density,True,,,0,0.7802319291714537,0.7802319291714537,0
run_045,gps_noise_300m,geo_time_dbscan,True,,,0,0.40556465462774033,0.40556465462774033,0
run_045,gps_noise_300m,product_cij_leiden,True,,,0,0.7515385396843178,0.7515385396843178,0
run_045,gps_noise_300m,product_cij_louvain,True,,,0,0.7515385396843178,0.7515385396843178,0
run_045,time_noise_15min,additive_cij_louvain,True,,,0,0.8855757565462207,0.8855757565462207,0
run_045,time_noise_15min,additive_cij_louvain_matched_density,True,,,0,0.8303594522850172,0.8303594522850172,0
run_045,time_noise_15min,geo_time_dbscan,True,,,0,0.5895950107577622,0.5895950107577622,0
run_045,time_noise_15min,product_cij_leiden,True,,,0,0.9381411508921552,0.9381411508921552,0
run_045,time_noise_15min,product_cij_louvain,True,,,0,0.8855757565462207,0.8855757565462207,0
run_045,time_noise_60min,additive_cij_louvain,True,,,0,0.7217191508403389,0.7217191508403389,0
run_045,time_noise_60min,additive_cij_louvain_matched_density,True,,,0,0.6174761434515615,0.6174761434515615,0
run_045,time_noise_60min,geo_time_dbscan,True,,,0,0.5892050193613595,0.5892050193613595,0
run_045,time_noise_60min,product_cij_leiden,True,,,0,0.6925024662318999,0.6925024662318999,0
run_045,time_noise_60min,product_cij_louvain,True,,,0,0.6716355436454416,0.6716355436454416,0
run_046,baseline,additive_cij_louvain,True,,,0,0.958985525745653,0.958985525745653,0
run_046,baseline,additive_cij_louvain_matched_density,True,,,0,0.958985525745653,0.958985525745653,0
run_046,baseline,geo_time_dbscan,True,,,0,0.6154099833107326,0.6154099833107326,0
run_046,baseline,product_cij_leiden,True,,,0,0.958985525745653,0.958985525745653,0
run_046,baseline,product_cij_louvain,True,,,0,0.958985525745653,0.958985525745653,0
run_046,exact_transport_copy_2x,additive_cij_louvain,True,mean_degree;n_edges;retained_edge_fraction,,1,0.9497298336233015,0.9497298336233015,0
run_046,exact_transport_copy_2x,additive_cij_louvain_matched_density,True,mean_degree;n_edges;retained_edge_fraction,,3,0.9497298336233015,0.9497298336233015,0
run_046,exact_transport_copy_2x,geo_time_dbscan,True,,,0,0.6154099833107326,0.6154099833107326,0
run_046,exact_transport_copy_2x,product_cij_leiden,True,mean_degree;n_edges;retained_edge_fraction,,2,0.9804330090396357,0.9804330090396357,0
run_046,exact_transport_copy_2x,product_cij_louvain,True,mean_degree;n_edges;retained_edge_fraction,,2,0.9804330090396357,0.9804330090396357,0
run_046,exact_transport_copy_5x,additive_cij_louvain,True,mean_degree;n_edges;retained_edge_fraction,nmi_all,2,0.340960080592878,0.340960080592878,0
run_046,exact_transport_copy_5x,additive_cij_louvain_matched_density,True,mean_degree;n_edges;retained_edge_fraction,nmi_all,9,0.31839512385484775,0.31839512385484775,0
run_046,exact_transport_copy_5x,geo_time_dbscan,True,,,0,0.6154099833107326,0.6154099833107326,0
run_046,exact_transport_copy_5x,product_cij_leiden,True,mean_degree;n_edges;retained_edge_fraction,,5,0.3253495529134407,0.3253495529134407,0
run_046,exact_transport_copy_5x,product_cij_louvain,True,mean_degree;n_edges;retained_edge_fraction,nmi_original,5,0.3253495529134407,0.3253495529134407,0
run_046,gps_noise_100m,additive_cij_louvain,True,,,0,0.9497084422833602,0.9497084422833602,0
run_046,gps_noise_100m,additive_cij_louvain_matched_density,True,,,0,0.958985525745653,0.958985525745653,0
run_046,gps_noise_100m,geo_time_dbscan,True,,,0,0.5300366404396794,0.5300366404396794,0
run_046,gps_noise_100m,product_cij_leiden,True,,,0,0.9497298336233015,0.9497298336233015,0
run_046,gps_noise_100m,product_cij_louvain,True,,,0,0.9497298336233015,0.9497298336233015,0
run_046,gps_noise_300m,additive_cij_louvain,True,,,0,0.8166675741357092,0.8166675741357092,0
run_046,gps_noise_300m,additive_cij_louvain_matched_density,True,,,0,0.8913594268831543,0.8913594268831543,0
run_046,gps_noise_300m,geo_time_dbscan,True,,,0,0.46821602859692785,0.46821602859692785,0
run_046,gps_noise_300m,product_cij_leiden,True,,,0,0.8754351595467024,0.8754351595467024,0
run_046,gps_noise_300m,product_cij_louvain,True,,,0,0.8203744293591545,0.8203744293591545,0
run_046,time_noise_15min,additive_cij_louvain,True,,,0,0.8273739787868847,0.8273739787868847,0
run_046,time_noise_15min,additive_cij_louvain_matched_density,True,,,0,0.900143132794729,0.900143132794729,0
run_046,time_noise_15min,geo_time_dbscan,True,,,0,0.5490051609760429,0.5490051609760429,0
run_046,time_noise_15min,product_cij_leiden,True,,,0,0.900143132794729,0.900143132794729,0
run_046,time_noise_15min,product_cij_louvain,True,,,0,0.900143132794729,0.900143132794729,0
run_046,time_noise_60min,additive_cij_louvain,True,,,0,0.7056244041062374,0.7056244041062374,0
run_046,time_noise_60min,additive_cij_louvain_matched_density,True,,,0,0.685889605751857,0.685889605751857,0
run_046,time_noise_60min,geo_time_dbscan,True,,,0,0.4616292495420935,0.4616292495420935,0
run_046,time_noise_60min,product_cij_leiden,True,,,0,0.670606169281345,0.670606169281345,0
run_046,time_noise_60min,product_cij_louvain,True,,,0,0.6596640135666753,0.6596640135666753,0
run_047,baseline,additive_cij_louvain,True,,,0,0.9520646011110475,0.9520646011110475,0
run_047,baseline,additive_cij_louvain_matched_density,True,,,0,0.9161045677984611,0.9161045677984611,0
run_047,baseline,geo_time_dbscan,True,,,0,0.566505865739295,0.566505865739295,0
run_047,baseline,product_cij_leiden,True,,,0,0.9520646011110475,0.9520646011110475,0
run_047,baseline,product_cij_louvain,True,,,0,0.9520646011110475,0.9520646011110475,0
run_047,exact_transport_copy_2x,additive_cij_louvain,True,mean_degree;n_edges;retained_edge_fraction,,4,0.9520646011110475,0.9520646011110475,0
run_047,exact_transport_copy_2x,additive_cij_louvain_matched_density,True,,,0,0.9435668197172273,0.9435668197172273,0
run_047,exact_transport_copy_2x,geo_time_dbscan,True,,,0,0.566505865739295,0.566505865739295,0
run_047,exact_transport_copy_2x,product_cij_leiden,True,mean_degree;n_edges;retained_edge_fraction,,3,0.9530399363143488,0.9530399363143488,0
run_047,exact_transport_copy_2x,product_cij_louvain,True,mean_degree;n_edges;retained_edge_fraction,,3,0.9454202977664168,0.9454202977664168,0
run_047,exact_transport_copy_5x,additive_cij_louvain,True,mean_degree;n_edges;retained_edge_fraction,,7,0.2675409256711558,0.2675409256711558,0
run_047,exact_transport_copy_5x,additive_cij_louvain_matched_density,True,mean_degree;n_edges;retained_edge_fraction,nmi_original,1,0.24166027761853123,0.24166027761853123,0
run_047,exact_transport_copy_5x,geo_time_dbscan,True,,,0,0.566505865739295,0.566505865739295,0
run_047,exact_transport_copy_5x,product_cij_leiden,True,mean_degree;n_edges;retained_edge_fraction,,1,0.26593310272978593,0.26593310272978593,0
run_047,exact_transport_copy_5x,product_cij_louvain,True,mean_degree;n_edges;retained_edge_fraction,nmi_original,1,0.26593310272978593,0.26593310272978593,0
run_047,gps_noise_100m,additive_cij_louvain,True,,,0,0.8592496774654743,0.8592496774654743,0
run_047,gps_noise_100m,additive_cij_louvain_matched_density,True,,,0,0.8592496774654743,0.8592496774654743,0
run_047,gps_noise_100m,geo_time_dbscan,True,,,0,0.566505865739295,0.566505865739295,0
run_047,gps_noise_100m,product_cij_leiden,True,,,0,0.9161045677984611,0.9161045677984611,0
run_047,gps_noise_100m,product_cij_louvain,True,,,0,0.9161045677984611,0.9161045677984611,0
run_047,gps_noise_300m,additive_cij_louvain,True,,,0,0.6634801947390462,0.6634801947390462,0
run_047,gps_noise_300m,additive_cij_louvain_matched_density,True,,,0,0.6988197863146807,0.6988197863146807,0
run_047,gps_noise_300m,geo_time_dbscan,True,,,0,0.387529684732053,0.387529684732053,0
run_047,gps_noise_300m,product_cij_leiden,True,,threshold,0,0.7047230479181976,0.7047230479181976,0
run_047,gps_noise_300m,product_cij_louvain,True,,threshold,0,0.7047230479181976,0.7047230479181976,0
run_047,time_noise_15min,additive_cij_louvain,True,,,0,0.9461346446757801,0.9461346446757801,0
run_047,time_noise_15min,additive_cij_louvain_matched_density,True,,,0,0.8633489710074225,0.8633489710074225,0
run_047,time_noise_15min,geo_time_dbscan,True,,,0,0.566505865739295,0.566505865739295,0
run_047,time_noise_15min,product_cij_leiden,True,,,0,0.9381556061026385,0.9381556061026385,0
run_047,time_noise_15min,product_cij_louvain,True,,,0,0.9381556061026385,0.9381556061026385,0
run_047,time_noise_60min,additive_cij_louvain,True,,,0,0.6801119392884396,0.6801119392884396,0
run_047,time_noise_60min,additive_cij_louvain_matched_density,True,,,0,0.547405304009466,0.547405304009466,0
run_047,time_noise_60min,geo_time_dbscan,True,,,0,0.4615021556027643,0.4615021556027643,0
run_047,time_noise_60min,product_cij_leiden,True,,,0,0.6801119392884396,0.6801119392884396,0
run_047,time_noise_60min,product_cij_louvain,True,,,0,0.621620649798815,0.621620649798815,0
run_048,baseline,additive_cij_louvain,True,,,0,0.9299373948521447,0.9299373948521447,0
run_048,baseline,additive_cij_louvain_matched_density,True,,,0,0.9299373948521447,0.9299373948521447,0
run_048,baseline,geo_time_dbscan,True,,,0,0.6677195147806101,0.6677195147806101,0
run_048,baseline,product_cij_leiden,True,,,0,0.9299373948521447,0.9299373948521447,0
run_048,baseline,product_cij_louvain,True,,,0,0.9299373948521447,0.9299373948521447,0
run_048,exact_transport_copy_2x,additive_cij_louvain,True,ari_all;ari_original;false_destination_rate_all;false_destination_rate_original;mean_degree;n_clusters_all;n_clusters_original;n_edges;nmi_all;nmi_original;pair_f1_all;pair_f1_original;retained_edge_fraction,,2,0.9035921589234791,0.9299373948521447,0.026345235928665556
run_048,exact_transport_copy_2x,additive_cij_louvain_matched_density,True,mean_degree;n_edges;retained_edge_fraction,,6,0.9035921589234791,0.9035921589234791,0
run_048,exact_transport_copy_2x,geo_time_dbscan,True,,,0,0.6677195147806101,0.6677195147806101,0
run_048,exact_transport_copy_2x,product_cij_leiden,True,mean_degree;n_edges;retained_edge_fraction,,4,0.9035921589234791,0.9035921589234791,0
run_048,exact_transport_copy_2x,product_cij_louvain,True,mean_degree;n_edges;retained_edge_fraction,,4,0.9035921589234791,0.9035921589234791,0
run_048,exact_transport_copy_5x,additive_cij_louvain,True,mean_degree;n_edges;retained_edge_fraction,nmi_all,12,0.292253822482931,0.292253822482931,0
run_048,exact_transport_copy_5x,additive_cij_louvain_matched_density,True,mean_degree;n_edges;retained_edge_fraction,,2,0.2843494434120889,0.2843494434120889,0
run_048,exact_transport_copy_5x,geo_time_dbscan,True,,,0,0.6677195147806101,0.6677195147806101,0
run_048,exact_transport_copy_5x,product_cij_leiden,True,mean_degree;n_edges;retained_edge_fraction,,10,0.29420121209150835,0.29420121209150835,0
run_048,exact_transport_copy_5x,product_cij_louvain,True,mean_degree;n_edges;retained_edge_fraction,nmi_original,10,0.29420121209150835,0.29420121209150835,0
run_048,gps_noise_100m,additive_cij_louvain,True,,,0,0.9276308044505669,0.9276308044505669,0
run_048,gps_noise_100m,additive_cij_louvain_matched_density,True,,,0,0.8335814385996412,0.8335814385996412,0
run_048,gps_noise_100m,geo_time_dbscan,True,,,0,0.6151447552068554,0.6151447552068554,0
run_048,gps_noise_100m,product_cij_leiden,True,,,0,0.8832031893528034,0.8832031893528034,0
run_048,gps_noise_100m,product_cij_louvain,True,,,0,0.8832031893528034,0.8832031893528034,0
run_048,gps_noise_300m,additive_cij_louvain,True,,,0,0.7957315126728932,0.7957315126728932,0
run_048,gps_noise_300m,additive_cij_louvain_matched_density,True,,,0,0.8233399200067927,0.8233399200067927,0
run_048,gps_noise_300m,geo_time_dbscan,True,,,0,0.5466861249800588,0.5466861249800588,0
run_048,gps_noise_300m,product_cij_leiden,True,,,0,0.8123234963031241,0.8123234963031241,0
run_048,gps_noise_300m,product_cij_louvain,True,,,0,0.8053537472588437,0.8053537472588437,0
run_048,time_noise_15min,additive_cij_louvain,True,,,0,0.9299373948521447,0.9299373948521447,0
run_048,time_noise_15min,additive_cij_louvain_matched_density,True,,,0,0.8758075135681451,0.8758075135681451,0
run_048,time_noise_15min,geo_time_dbscan,True,,,0,0.6677195147806101,0.6677195147806101,0
run_048,time_noise_15min,product_cij_leiden,True,,,0,0.9228818391787694,0.9228818391787694,0
run_048,time_noise_15min,product_cij_louvain,True,,,0,0.9228818391787694,0.9228818391787694,0
run_048,time_noise_60min,additive_cij_louvain,True,,,0,0.763585170347407,0.763585170347407,0
run_048,time_noise_60min,additive_cij_louvain_matched_density,True,,,0,0.7598844634247901,0.7598844634247901,0
run_048,time_noise_60min,geo_time_dbscan,True,,,0,0.6395955898276986,0.6395955898276986,0
run_048,time_noise_60min,product_cij_leiden,True,,,0,0.767379508878018,0.767379508878018,0
run_048,time_noise_60min,product_cij_louvain,True,,,0,0.767379508878018,0.767379508878018,0
run_049,baseline,additive_cij_louvain,True,,,0,0.8955575203413979,0.8955575203413979,0
run_049,baseline,additive_cij_louvain_matched_density,True,,,0,0.9152353367167841,0.9152353367167841,0
run_049,baseline,geo_time_dbscan,True,,,0,0.5762983162147557,0.5762983162147557,0
run_049,baseline,product_cij_leiden,True,,,0,0.9328946415674542,0.9328946415674542,0
run_049,baseline,product_cij_louvain,True,,,0,0.9328946415674542,0.9328946415674542,0
run_049,exact_transport_copy_2x,additive_cij_louvain,True,mean_degree;n_edges;retained_edge_fraction,,1,0.8743488924432793,0.8743488924432793,0
run_049,exact_transport_copy_2x,additive_cij_louvain_matched_density,True,ari_all;ari_original;mean_degree;n_edges;nmi_all;nmi_original;pair_f1_all;pair_f1_original;retained_edge_fraction,,3,0.954302168461657,0.9401895395305349,-0.014112628931122195
run_049,exact_transport_copy_2x,geo_time_dbscan,True,,,0,0.5762983162147557,0.5762983162147557,0
run_049,exact_transport_copy_2x,product_cij_leiden,True,mean_degree;n_edges;retained_edge_fraction,,5,0.954302168461657,0.954302168461657,0
run_049,exact_transport_copy_2x,product_cij_louvain,True,ari_all;ari_original;mean_degree;n_edges;nmi_all;nmi_original;pair_f1_all;pair_f1_original;retained_edge_fraction,,5,0.954302168461657,0.9593487065469255,0.0050465380852684483
run_049,exact_transport_copy_5x,additive_cij_louvain,True,mean_degree;n_edges;retained_edge_fraction,nmi_all;nmi_original,4,0.28199295496222015,0.28199295496222015,0
run_049,exact_transport_copy_5x,additive_cij_louvain_matched_density,True,mean_degree;n_edges;retained_edge_fraction,,7,0.28541547678242596,0.28541547678242596,0
run_049,exact_transport_copy_5x,geo_time_dbscan,True,,,0,0.5762983162147557,0.5762983162147557,0
run_049,exact_transport_copy_5x,product_cij_leiden,True,mean_degree;n_edges;retained_edge_fraction,,9,0.30462511148296895,0.30462511148296895,0
run_049,exact_transport_copy_5x,product_cij_louvain,True,mean_degree;n_edges;retained_edge_fraction,,9,0.30462511148296895,0.30462511148296895,0
run_049,gps_noise_100m,additive_cij_louvain,True,,,0,0.9014886030113985,0.9014886030113985,0
run_049,gps_noise_100m,additive_cij_louvain_matched_density,True,,,0,0.9152353367167841,0.9152353367167841,0
run_049,gps_noise_100m,geo_time_dbscan,True,,,0,0.5762983162147557,0.5762983162147557,0
run_049,gps_noise_100m,product_cij_leiden,True,,,0,0.9239176161351059,0.9239176161351059,0
run_049,gps_noise_100m,product_cij_louvain,True,,,0,0.9239176161351059,0.9239176161351059,0
run_049,gps_noise_300m,additive_cij_louvain,True,,threshold,0,0.8425223916196882,0.8425223916196882,0
run_049,gps_noise_300m,additive_cij_louvain_matched_density,True,,,0,0.8491450721253104,0.8491450721253104,0
run_049,gps_noise_300m,geo_time_dbscan,True,,,0,0.4739144392617925,0.4739144392617925,0
run_049,gps_noise_300m,product_cij_leiden,True,,,0,0.79439468847154,0.79439468847154,0
run_049,gps_noise_300m,product_cij_louvain,True,,,0,0.79439468847154,0.79439468847154,0
run_049,time_noise_15min,additive_cij_louvain,True,,,0,0.8971410118485387,0.8971410118485387,0
run_049,time_noise_15min,additive_cij_louvain_matched_density,True,,,0,0.8201957116538234,0.8201957116538234,0
run_049,time_noise_15min,geo_time_dbscan,True,,,0,0.5762983162147557,0.5762983162147557,0
run_049,time_noise_15min,product_cij_leiden,True,,,0,0.9048978172058072,0.9048978172058072,0
run_049,time_noise_15min,product_cij_louvain,True,,,0,0.9121799421383227,0.9121799421383227,0
run_049,time_noise_60min,additive_cij_louvain,True,,,0,0.7047439461914354,0.7047439461914354,0
run_049,time_noise_60min,additive_cij_louvain_matched_density,True,,,0,0.6775196995561653,0.6775196995561653,0
run_049,time_noise_60min,geo_time_dbscan,True,,,0,0.5167589172430153,0.5167589172430153,0
run_049,time_noise_60min,product_cij_leiden,True,,,0,0.6791307102529437,0.6791307102529437,0
run_049,time_noise_60min,product_cij_louvain,True,,,0,0.6791307102529437,0.6791307102529437,0
run_050,baseline,additive_cij_louvain,True,,,0,0.9095936168536743,0.9095936168536743,0
run_050,baseline,additive_cij_louvain_matched_density,True,,,0,0.9037265359415235,0.9037265359415235,0
run_050,baseline,geo_time_dbscan,True,,,0,0.37944857061369014,0.37944857061369014,0
run_050,baseline,product_cij_leiden,True,,,0,0.9037265359415235,0.9037265359415235,0
run_050,baseline,product_cij_louvain,True,,,0,0.9037265359415235,0.9037265359415235,0
run_050,exact_transport_copy_2x,additive_cij_louvain,True,mean_degree;n_edges;retained_edge_fraction,,3,0.9720323627086064,0.9720323627086064,0
run_050,exact_transport_copy_2x,additive_cij_louvain_matched_density,True,,,0,0.9720323627086064,0.9720323627086064,0
run_050,exact_transport_copy_2x,geo_time_dbscan,True,,,0,0.37944857061369014,0.37944857061369014,0
run_050,exact_transport_copy_2x,product_cij_leiden,True,mean_degree;n_edges;retained_edge_fraction,,1,0.9720323627086064,0.9720323627086064,0
run_050,exact_transport_copy_2x,product_cij_louvain,True,mean_degree;n_edges;retained_edge_fraction,,1,0.9720323627086064,0.9720323627086064,0
run_050,exact_transport_copy_5x,additive_cij_louvain,True,mean_degree;n_edges;retained_edge_fraction,,4,0.3049376575711321,0.3049376575711321,0
run_050,exact_transport_copy_5x,additive_cij_louvain_matched_density,True,mean_degree;n_edges;retained_edge_fraction,,4,0.32340351072948315,0.32340351072948315,0
run_050,exact_transport_copy_5x,geo_time_dbscan,True,,,0,0.37944857061369014,0.37944857061369014,0
run_050,exact_transport_copy_5x,product_cij_leiden,True,mean_degree;n_edges;retained_edge_fraction,nmi_all,4,0.3056819552494865,0.3056819552494865,0
run_050,exact_transport_copy_5x,product_cij_louvain,True,mean_degree;n_edges;retained_edge_fraction,nmi_all;nmi_original,4,0.3056819552494865,0.3056819552494865,0
run_050,gps_noise_100m,additive_cij_louvain,True,,,0,0.9095936168536743,0.9095936168536743,0
run_050,gps_noise_100m,additive_cij_louvain_matched_density,True,,,0,0.785650460278261,0.785650460278261,0
run_050,gps_noise_100m,geo_time_dbscan,True,,,0,0.30675045374302906,0.30675045374302906,0
run_050,gps_noise_100m,product_cij_leiden,True,,,0,0.9095936168536743,0.9095936168536743,0
run_050,gps_noise_100m,product_cij_louvain,True,,,0,0.9095936168536743,0.9095936168536743,0
run_050,gps_noise_300m,additive_cij_louvain,True,,,0,0.7035956046762629,0.7035956046762629,0
run_050,gps_noise_300m,additive_cij_louvain_matched_density,True,,threshold,0,0.7213090504117847,0.7213090504117847,0
run_050,gps_noise_300m,geo_time_dbscan,True,,,0,0.30675045374302906,0.30675045374302906,0
run_050,gps_noise_300m,product_cij_leiden,True,,,0,0.7213090504117847,0.7213090504117847,0
run_050,gps_noise_300m,product_cij_louvain,True,,,0,0.7213090504117847,0.7213090504117847,0
run_050,time_noise_15min,additive_cij_louvain,True,,,0,0.9008161322630026,0.9008161322630026,0
run_050,time_noise_15min,additive_cij_louvain_matched_density,True,,,0,0.7335025691265948,0.7335025691265948,0
run_050,time_noise_15min,geo_time_dbscan,True,,,0,0.37944857061369014,0.37944857061369014,0
run_050,time_noise_15min,product_cij_leiden,True,,,0,0.9008161322630026,0.9008161322630026,0
run_050,time_noise_15min,product_cij_louvain,True,,,0,0.8216092625807041,0.8216092625807041,0
run_050,time_noise_60min,additive_cij_louvain,True,,,0,0.7309288832276429,0.7309288832276429,0
run_050,time_noise_60min,additive_cij_louvain_matched_density,True,,threshold,0,0.7149047968689913,0.7149047968689913,0
run_050,time_noise_60min,geo_time_dbscan,True,,,0,0.3647946573727241,0.3647946573727241,0
run_050,time_noise_60min,product_cij_leiden,True,,threshold,0,0.7309288832276429,0.7309288832276429,0
run_050,time_noise_60min,product_cij_louvain,True,,threshold,0,0.7309288832276429,0.7309288832276429,0
run_051,baseline,additive_cij_louvain,True,,,0,0.8887315528086317,0.8887315528086317,0
run_051,baseline,additive_cij_louvain_matched_density,True,,,0,0.8887315528086317,0.8887315528086317,0
run_051,baseline,geo_time_dbscan,True,,,0,0.5717990507781595,0.5717990507781595,0
run_051,baseline,product_cij_leiden,True,,,0,0.8887315528086317,0.8887315528086317,0
run_051,baseline,product_cij_louvain,True,,,0,0.8887315528086317,0.8887315528086317,0
run_051,exact_transport_copy_2x,additive_cij_louvain,True,mean_degree;n_edges;retained_edge_fraction,nmi_original,2,0.9018336649649809,0.9018336649649809,0
run_051,exact_transport_copy_2x,additive_cij_louvain_matched_density,True,mean_degree;n_edges;retained_edge_fraction,,3,0.9018336649649809,0.9018336649649809,0
run_051,exact_transport_copy_2x,geo_time_dbscan,True,,,0,0.5717990507781595,0.5717990507781595,0
run_051,exact_transport_copy_2x,product_cij_leiden,True,mean_degree;n_edges;retained_edge_fraction,threshold,1,0.9018336649649809,0.9018336649649809,0
run_051,exact_transport_copy_2x,product_cij_louvain,True,mean_degree;n_edges;retained_edge_fraction,threshold,1,0.9018336649649809,0.9018336649649809,0
run_051,exact_transport_copy_5x,additive_cij_louvain,True,mean_degree;n_edges;retained_edge_fraction,nmi_original,3,0.29713345924129897,0.29713345924129897,0
run_051,exact_transport_copy_5x,additive_cij_louvain_matched_density,True,mean_degree;n_edges;retained_edge_fraction,nmi_all;nmi_original,15,0.2844151373623988,0.2844151373623988,0
run_051,exact_transport_copy_5x,geo_time_dbscan,True,,,0,0.5717990507781595,0.5717990507781595,0
run_051,exact_transport_copy_5x,product_cij_leiden,True,mean_degree;n_edges;retained_edge_fraction,,10,0.29961872343154256,0.29961872343154256,0
run_051,exact_transport_copy_5x,product_cij_louvain,True,mean_degree;n_edges;retained_edge_fraction,nmi_all,10,0.29961872343154256,0.29961872343154256,0
run_051,gps_noise_100m,additive_cij_louvain,True,,,0,0.8887315528086317,0.8887315528086317,0
run_051,gps_noise_100m,additive_cij_louvain_matched_density,True,,,0,0.8637335666613536,0.8637335666613536,0
run_051,gps_noise_100m,geo_time_dbscan,True,,,0,0.42565509788147377,0.42565509788147377,0
run_051,gps_noise_100m,product_cij_leiden,True,,,0,0.8887315528086317,0.8887315528086317,0
run_051,gps_noise_100m,product_cij_louvain,True,,,0,0.8637335666613536,0.8637335666613536,0
run_051,gps_noise_300m,additive_cij_louvain,True,,,0,0.8044446317050573,0.8044446317050573,0
run_051,gps_noise_300m,additive_cij_louvain_matched_density,True,,,0,0.8044446317050573,0.8044446317050573,0
run_051,gps_noise_300m,geo_time_dbscan,True,,,0,0.42565509788147377,0.42565509788147377,0
run_051,gps_noise_300m,product_cij_leiden,True,,,0,0.8044446317050573,0.8044446317050573,0
run_051,gps_noise_300m,product_cij_louvain,True,,,0,0.7074272272398284,0.7074272272398284,0
run_051,time_noise_15min,additive_cij_louvain,True,,,0,0.9146524812148988,0.9146524812148988,0
run_051,time_noise_15min,additive_cij_louvain_matched_density,True,,,0,0.8415102045675409,0.8415102045675409,0
run_051,time_noise_15min,geo_time_dbscan,True,,,0,0.5717990507781595,0.5717990507781595,0
run_051,time_noise_15min,product_cij_leiden,True,,threshold,0,0.9089458953123684,0.9089458953123684,0
run_051,time_noise_15min,product_cij_louvain,True,,threshold,0,0.8806364652118962,0.8806364652118962,0
run_051,time_noise_60min,additive_cij_louvain,True,,,0,0.7420516078275757,0.7420516078275757,0
run_051,time_noise_60min,additive_cij_louvain_matched_density,True,,,0,0.6237515275570049,0.6237515275570049,0
run_051,time_noise_60min,geo_time_dbscan,True,,,0,0.5649696628071249,0.5649696628071249,0
run_051,time_noise_60min,product_cij_leiden,True,,,0,0.7107805903107716,0.7107805903107716,0
run_051,time_noise_60min,product_cij_louvain,True,,,0,0.7107805903107716,0.7107805903107716,0
run_052,baseline,additive_cij_louvain,True,,,0,0.8859134029759288,0.8859134029759288,0
run_052,baseline,additive_cij_louvain_matched_density,True,,,0,0.9540579545405947,0.9540579545405947,0
run_052,baseline,geo_time_dbscan,True,,,0,0.28416826164922865,0.28416826164922865,0
run_052,baseline,product_cij_leiden,True,,,0,0.9540579545405947,0.9540579545405947,0
run_052,baseline,product_cij_louvain,True,,,0,0.8859134029759288,0.8859134029759288,0
run_052,exact_transport_copy_2x,additive_cij_louvain,True,mean_degree;n_edges;retained_edge_fraction,nmi_all;nmi_original,1,0.9152955147675298,0.9152955147675298,0
run_052,exact_transport_copy_2x,additive_cij_louvain_matched_density,True,ari_all;ari_original;mean_degree;n_edges;nmi_all;nmi_original;pair_f1_all;pair_f1_original;retained_edge_fraction,,5,0.9092848563628985,0.8988701533946931,-0.010414702968205347
run_052,exact_transport_copy_2x,geo_time_dbscan,True,,,0,0.28416826164922865,0.28416826164922865,0
run_052,exact_transport_copy_2x,product_cij_leiden,True,,,0,0.9066558360504567,0.9066558360504567,0
run_052,exact_transport_copy_2x,product_cij_louvain,True,,nmi_all;nmi_original,0,0.9152955147675298,0.9152955147675298,0
run_052,exact_transport_copy_5x,additive_cij_louvain,True,mean_degree;n_edges;retained_edge_fraction,nmi_all;nmi_original,4,0.281285747772779,0.281285747772779,0
run_052,exact_transport_copy_5x,additive_cij_louvain_matched_density,True,mean_degree;n_edges;retained_edge_fraction,nmi_all,3,0.27505389918597883,0.27505389918597883,0
run_052,exact_transport_copy_5x,geo_time_dbscan,True,,,0,0.28416826164922865,0.28416826164922865,0
run_052,exact_transport_copy_5x,product_cij_leiden,True,mean_degree;n_edges;retained_edge_fraction,,1,0.27705611738622304,0.27705611738622304,0
run_052,exact_transport_copy_5x,product_cij_louvain,True,mean_degree;n_edges;retained_edge_fraction,nmi_original,1,0.27705611738622304,0.27705611738622304,0
run_052,gps_noise_100m,additive_cij_louvain,True,,,0,0.9617148900319599,0.9617148900319599,0
run_052,gps_noise_100m,additive_cij_louvain_matched_density,True,,threshold,0,0.9540579545405947,0.9540579545405947,0
run_052,gps_noise_100m,geo_time_dbscan,True,,,0,0.28416826164922865,0.28416826164922865,0
run_052,gps_noise_100m,product_cij_leiden,True,,,0,0.9540579545405947,0.9540579545405947,0
run_052,gps_noise_100m,product_cij_louvain,True,,,0,0.8859134029759288,0.8859134029759288,0
run_052,gps_noise_300m,additive_cij_louvain,True,,,0,0.7346563641868227,0.7346563641868227,0
run_052,gps_noise_300m,additive_cij_louvain_matched_density,True,,,0,0.8326305381273625,0.8326305381273625,0
run_052,gps_noise_300m,geo_time_dbscan,True,,,0,0.19873108059342465,0.19873108059342465,0
run_052,gps_noise_300m,product_cij_leiden,True,,threshold,0,0.7443944926370097,0.7443944926370097,0
run_052,gps_noise_300m,product_cij_louvain,True,,threshold,0,0.7487531377194196,0.7487531377194196,0
run_052,time_noise_15min,additive_cij_louvain,True,,,0,0.8845205556404184,0.8845205556404184,0
run_052,time_noise_15min,additive_cij_louvain_matched_density,True,,,0,0.8241742111928545,0.8241742111928545,0
run_052,time_noise_15min,geo_time_dbscan,True,,,0,0.18900572304482727,0.18900572304482727,0
run_052,time_noise_15min,product_cij_leiden,True,,,0,0.8241742111928545,0.8241742111928545,0
run_052,time_noise_15min,product_cij_louvain,True,,,0,0.8655957056967877,0.8655957056967877,0
run_052,time_noise_60min,additive_cij_louvain,True,,,0,0.7380867161512776,0.7380867161512776,0
run_052,time_noise_60min,additive_cij_louvain_matched_density,True,,,0,0.7288924038009832,0.7288924038009832,0
run_052,time_noise_60min,geo_time_dbscan,True,,,0,0.18651775023009048,0.18651775023009048,0
run_052,time_noise_60min,product_cij_leiden,True,,,0,0.7380867161512776,0.7380867161512776,0
run_052,time_noise_60min,product_cij_louvain,True,,,0,0.6771823011362158,0.6771823011362158,0
run_053,baseline,additive_cij_louvain,True,,,0,0.9188506031830171,0.9188506031830171,0
run_053,baseline,additive_cij_louvain_matched_density,True,,,0,0.9188506031830171,0.9188506031830171,0
run_053,baseline,geo_time_dbscan,True,,,0,0.541826309688106,0.541826309688106,0
run_053,baseline,product_cij_leiden,True,,,0,0.9188506031830171,0.9188506031830171,0
run_053,baseline,product_cij_louvain,True,,,0,0.9188506031830171,0.9188506031830171,0
run_053,exact_transport_copy_2x,additive_cij_louvain,True,mean_degree;n_edges;retained_edge_fraction,nmi_all,1,0.9086734338250342,0.9086734338250342,0
run_053,exact_transport_copy_2x,additive_cij_louvain_matched_density,True,,,0,0.9086734338250342,0.9086734338250342,0
run_053,exact_transport_copy_2x,geo_time_dbscan,True,,,0,0.541826309688106,0.541826309688106,0
run_053,exact_transport_copy_2x,product_cij_leiden,True,ari_all;ari_original;mean_degree;n_edges;nmi_all;nmi_original;pair_f1_all;pair_f1_original;retained_edge_fraction,,5,0.9246606166796553,0.9383810427687568,0.013720426089101512
run_053,exact_transport_copy_2x,product_cij_louvain,True,mean_degree;n_edges;retained_edge_fraction,nmi_all;nmi_original,5,0.9086734338250342,0.9086734338250342,0
run_053,exact_transport_copy_5x,additive_cij_louvain,True,mean_degree;n_edges;retained_edge_fraction,,6,0.3035818010123452,0.3035818010123452,0
run_053,exact_transport_copy_5x,additive_cij_louvain_matched_density,True,mean_degree;n_edges;retained_edge_fraction,,10,0.3012956329232673,0.3012956329232673,0
run_053,exact_transport_copy_5x,geo_time_dbscan,True,,,0,0.541826309688106,0.541826309688106,0
run_053,exact_transport_copy_5x,product_cij_leiden,True,mean_degree;n_edges;retained_edge_fraction,nmi_original,1,0.30146756917940015,0.30146756917940015,0
run_053,exact_transport_copy_5x,product_cij_louvain,True,mean_degree;n_edges;retained_edge_fraction,nmi_all,1,0.30146756917940015,0.30146756917940015,0
run_053,gps_noise_100m,additive_cij_louvain,True,,threshold,0,0.841894525466736,0.841894525466736,0
run_053,gps_noise_100m,additive_cij_louvain_matched_density,True,,threshold,0,0.9139051732566988,0.9139051732566988,0
run_053,gps_noise_100m,geo_time_dbscan,True,,,0,0.541826309688106,0.541826309688106,0
run_053,gps_noise_100m,product_cij_leiden,True,,,0,0.841894525466736,0.841894525466736,0
run_053,gps_noise_100m,product_cij_louvain,True,,,0,0.9139051732566988,0.9139051732566988,0
run_053,gps_noise_300m,additive_cij_louvain,True,,,0,0.8079819744809476,0.8079819744809476,0
run_053,gps_noise_300m,additive_cij_louvain_matched_density,True,,,0,0.8079819744809476,0.8079819744809476,0
run_053,gps_noise_300m,geo_time_dbscan,True,,,0,0.4623649009122768,0.4623649009122768,0
run_053,gps_noise_300m,product_cij_leiden,True,,,0,0.8079819744809476,0.8079819744809476,0
run_053,gps_noise_300m,product_cij_louvain,True,,,0,0.8079819744809476,0.8079819744809476,0
run_053,time_noise_15min,additive_cij_louvain,True,,,0,0.8435969342222028,0.8435969342222028,0
run_053,time_noise_15min,additive_cij_louvain_matched_density,True,,,0,0.8435969342222028,0.8435969342222028,0
run_053,time_noise_15min,geo_time_dbscan,True,,,0,0.541826309688106,0.541826309688106,0
run_053,time_noise_15min,product_cij_leiden,True,,,0,0.9064059672494224,0.9064059672494224,0
run_053,time_noise_15min,product_cij_louvain,True,,,0,0.8435969342222028,0.8435969342222028,0
run_053,time_noise_60min,additive_cij_louvain,True,,,0,0.8061897010760412,0.8061897010760412,0
run_053,time_noise_60min,additive_cij_louvain_matched_density,True,,,0,0.7808915221729215,0.7808915221729215,0
run_053,time_noise_60min,geo_time_dbscan,True,,,0,0.5288418081068403,0.5288418081068403,0
run_053,time_noise_60min,product_cij_leiden,True,,,0,0.8061897010760412,0.8061897010760412,0
run_053,time_noise_60min,product_cij_louvain,True,,,0,0.8061897010760412,0.8061897010760412,0
run_054,baseline,additive_cij_louvain,True,,,0,1.0,1.0,0
run_054,baseline,additive_cij_louvain_matched_density,True,,,0,0.9863211504829489,0.9863211504829489,0
run_054,baseline,geo_time_dbscan,True,,,0,0.5070953821961397,0.5070953821961397,0
run_054,baseline,product_cij_leiden,True,,,0,1.0,1.0,0
run_054,baseline,product_cij_louvain,True,,,0,1.0,1.0,0
run_054,exact_transport_copy_2x,additive_cij_louvain,True,mean_degree;n_edges;retained_edge_fraction,,3,1.0,1.0,0
run_054,exact_transport_copy_2x,additive_cij_louvain_matched_density,True,mean_degree;n_edges;retained_edge_fraction,,2,1.0,1.0,0
run_054,exact_transport_copy_2x,geo_time_dbscan,True,,,0,0.5070953821961397,0.5070953821961397,0
run_054,exact_transport_copy_2x,product_cij_leiden,True,mean_degree;n_edges;retained_edge_fraction,,2,1.0,1.0,0
run_054,exact_transport_copy_2x,product_cij_louvain,True,mean_degree;n_edges;retained_edge_fraction,,2,1.0,1.0,0
run_054,exact_transport_copy_5x,additive_cij_louvain,True,mean_degree;n_edges;retained_edge_fraction,,19,0.30983958928262145,0.30983958928262145,0
run_054,exact_transport_copy_5x,additive_cij_louvain_matched_density,True,mean_degree;n_edges;retained_edge_fraction,nmi_all;nmi_original,9,0.30023481411483444,0.30023481411483444,0
run_054,exact_transport_copy_5x,geo_time_dbscan,True,,,0,0.5070953821961397,0.5070953821961397,0
run_054,exact_transport_copy_5x,product_cij_leiden,True,mean_degree;n_edges;retained_edge_fraction,,9,0.30023481411483444,0.30023481411483444,0
run_054,exact_transport_copy_5x,product_cij_louvain,True,mean_degree;n_edges;retained_edge_fraction,nmi_original,9,0.30023481411483444,0.30023481411483444,0
run_054,gps_noise_100m,additive_cij_louvain,True,,,0,0.982153352893992,0.982153352893992,0
run_054,gps_noise_100m,additive_cij_louvain_matched_density,True,,,0,0.9863211504829489,0.9863211504829489,0
run_054,gps_noise_100m,geo_time_dbscan,True,,,0,0.4104488107785978,0.4104488107785978,0
run_054,gps_noise_100m,product_cij_leiden,True,,,0,0.9863211504829489,0.9863211504829489,0
run_054,gps_noise_100m,product_cij_louvain,True,,,0,0.9863211504829489,0.9863211504829489,0
run_054,gps_noise_300m,additive_cij_louvain,True,,,0,0.8252053280433246,0.8252053280433246,0
run_054,gps_noise_300m,additive_cij_louvain_matched_density,True,,,0,0.9254301858636865,0.9254301858636865,0
run_054,gps_noise_300m,geo_time_dbscan,True,,,0,0.4104488107785978,0.4104488107785978,0
run_054,gps_noise_300m,product_cij_leiden,True,,,0,0.878468762843551,0.878468762843551,0
run_054,gps_noise_300m,product_cij_louvain,True,,,0,0.878468762843551,0.878468762843551,0
run_054,time_noise_15min,additive_cij_louvain,True,,,0,1.0,1.0,0
run_054,time_noise_15min,additive_cij_louvain_matched_density,True,,,0,1.0,1.0,0
run_054,time_noise_15min,geo_time_dbscan,True,,,0,0.5070953821961397,0.5070953821961397,0
run_054,time_noise_15min,product_cij_leiden,True,,,0,1.0,1.0,0
run_054,time_noise_15min,product_cij_louvain,True,,,0,1.0,1.0,0
run_054,time_noise_60min,additive_cij_louvain,True,,,0,0.902034572884753,0.902034572884753,0
run_054,time_noise_60min,additive_cij_louvain_matched_density,True,,,0,0.7201659260493266,0.7201659260493266,0
run_054,time_noise_60min,geo_time_dbscan,True,,,0,0.48695428794037443,0.48695428794037443,0
run_054,time_noise_60min,product_cij_leiden,True,,,0,0.8460095991120767,0.8460095991120767,0
run_054,time_noise_60min,product_cij_louvain,True,,,0,0.8943851799613453,0.8943851799613453,0
run_055,baseline,additive_cij_louvain,True,,,0,0.9476260493292702,0.9476260493292702,0
run_055,baseline,additive_cij_louvain_matched_density,True,,,0,0.9476260493292702,0.9476260493292702,0
run_055,baseline,geo_time_dbscan,True,,,0,0.4091461608426834,0.4091461608426834,0
run_055,baseline,product_cij_leiden,True,,,0,0.9476260493292702,0.9476260493292702,0
run_055,baseline,product_cij_louvain,True,,,0,0.9476260493292702,0.9476260493292702,0
run_055,exact_transport_copy_2x,additive_cij_louvain,True,mean_degree;n_edges;retained_edge_fraction,,1,0.9828695108612864,0.9828695108612864,0
run_055,exact_transport_copy_2x,additive_cij_louvain_matched_density,True,mean_degree;n_edges;retained_edge_fraction,,5,0.9525585273348278,0.9525585273348278,0
run_055,exact_transport_copy_2x,geo_time_dbscan,True,,,0,0.4091461608426834,0.4091461608426834,0
run_055,exact_transport_copy_2x,product_cij_leiden,True,ari_all;ari_original;false_destination_rate_all;false_destination_rate_original;mean_degree;n_clusters_all;n_clusters_original;n_edges;nmi_all;nmi_original;pair_f1_all;pair_f1_original;retained_edge_fraction,,3,0.9476260493292702,0.9649254646620881,0.017299415332817869
run_055,exact_transport_copy_2x,product_cij_louvain,True,mean_degree;n_edges;retained_edge_fraction,,3,0.9417563369283738,0.9417563369283738,0
run_055,exact_transport_copy_5x,additive_cij_louvain,True,mean_degree;n_edges;retained_edge_fraction,nmi_all,1,0.2765958088193766,0.2765958088193766,0
run_055,exact_transport_copy_5x,additive_cij_louvain_matched_density,True,mean_degree;n_edges;retained_edge_fraction,nmi_original,13,0.2714587862199011,0.2714587862199011,0
run_055,exact_transport_copy_5x,geo_time_dbscan,True,,,0,0.4091461608426834,0.4091461608426834,0
run_055,exact_transport_copy_5x,product_cij_leiden,True,mean_degree;n_edges;retained_edge_fraction,,7,0.2771648504926639,0.2771648504926639,0
run_055,exact_transport_copy_5x,product_cij_louvain,True,mean_degree;n_edges;retained_edge_fraction,,7,0.2771648504926639,0.2771648504926639,0
run_055,gps_noise_100m,additive_cij_louvain,True,,,0,0.9074833784696824,0.9074833784696824,0
run_055,gps_noise_100m,additive_cij_louvain_matched_density,True,,,0,0.9476260493292702,0.9476260493292702,0
run_055,gps_noise_100m,geo_time_dbscan,True,,,0,0.4091461608426834,0.4091461608426834,0
run_055,gps_noise_100m,product_cij_leiden,True,,,0,0.9476260493292702,0.9476260493292702,0
run_055,gps_noise_100m,product_cij_louvain,True,,,0,0.9476260493292702,0.9476260493292702,0
run_055,gps_noise_300m,additive_cij_louvain,True,,,0,0.8284328102342637,0.8284328102342637,0
run_055,gps_noise_300m,additive_cij_louvain_matched_density,True,,,0,0.7924020748900443,0.7924020748900443,0
run_055,gps_noise_300m,geo_time_dbscan,True,,,0,0.34859795269062477,0.34859795269062477,0
run_055,gps_noise_300m,product_cij_leiden,True,,,0,0.8331741483666092,0.8331741483666092,0
run_055,gps_noise_300m,product_cij_louvain,True,,,0,0.8288179217713361,0.8288179217713361,0
run_055,time_noise_15min,additive_cij_louvain,True,,,0,0.9052830828052422,0.9052830828052422,0
run_055,time_noise_15min,additive_cij_louvain_matched_density,True,,threshold,0,0.9020370691179409,0.9020370691179409,0
run_055,time_noise_15min,geo_time_dbscan,True,,,0,0.4091461608426834,0.4091461608426834,0
run_055,time_noise_15min,product_cij_leiden,True,,,0,0.9133160193751699,0.9133160193751699,0
run_055,time_noise_15min,product_cij_louvain,True,,,0,0.9020370691179409,0.9020370691179409,0
run_055,time_noise_60min,additive_cij_louvain,True,,,0,0.7096320866354396,0.7096320866354396,0
run_055,time_noise_60min,additive_cij_louvain_matched_density,True,,,0,0.7058987570655703,0.7058987570655703,0
run_055,time_noise_60min,geo_time_dbscan,True,,,0,0.3969520896424781,0.3969520896424781,0
run_055,time_noise_60min,product_cij_leiden,True,,,0,0.7786853867910758,0.7786853867910758,0
run_055,time_noise_60min,product_cij_louvain,True,,,0,0.7096320866354396,0.7096320866354396,0
run_056,baseline,additive_cij_louvain,True,,,0,1.0,1.0,0
run_056,baseline,additive_cij_louvain_matched_density,True,,,0,1.0,1.0,0
run_056,baseline,geo_time_dbscan,True,,,0,0.4661182432504759,0.4661182432504759,0
run_056,baseline,product_cij_leiden,True,,,0,1.0,1.0,0
run_056,baseline,product_cij_louvain,True,,,0,1.0,1.0,0
run_056,exact_transport_copy_2x,additive_cij_louvain,True,mean_degree;n_edges;retained_edge_fraction,,1,1.0,1.0,0
run_056,exact_transport_copy_2x,additive_cij_louvain_matched_density,True,mean_degree;n_edges;retained_edge_fraction,nmi_all;nmi_original,1,1.0,1.0,0
run_056,exact_transport_copy_2x,geo_time_dbscan,True,,,0,0.4661182432504759,0.4661182432504759,0
run_056,exact_transport_copy_2x,product_cij_leiden,True,mean_degree;n_edges;retained_edge_fraction,,2,1.0,1.0,0
run_056,exact_transport_copy_2x,product_cij_louvain,True,mean_degree;n_edges;retained_edge_fraction,,2,1.0,1.0,0
run_056,exact_transport_copy_5x,additive_cij_louvain,True,mean_degree;n_edges;retained_edge_fraction,nmi_all;nmi_original,16,0.3222693966554836,0.3222693966554836,0
run_056,exact_transport_copy_5x,additive_cij_louvain_matched_density,True,mean_degree;n_edges;retained_edge_fraction,nmi_all,2,0.3106443714846965,0.3106443714846965,0
run_056,exact_transport_copy_5x,geo_time_dbscan,True,,,0,0.4661182432504759,0.4661182432504759,0
run_056,exact_transport_copy_5x,product_cij_leiden,True,mean_degree;n_edges;retained_edge_fraction,,2,0.3210677076400947,0.3210677076400947,0
run_056,exact_transport_copy_5x,product_cij_louvain,True,mean_degree;n_edges;retained_edge_fraction,nmi_all,2,0.3210677076400947,0.3210677076400947,0
run_056,gps_noise_100m,additive_cij_louvain,True,,,0,1.0,1.0,0
run_056,gps_noise_100m,additive_cij_louvain_matched_density,True,,,0,1.0,1.0,0
run_056,gps_noise_100m,geo_time_dbscan,True,,,0,0.27837906908296106,0.27837906908296106,0
run_056,gps_noise_100m,product_cij_leiden,True,,,0,1.0,1.0,0
run_056,gps_noise_100m,product_cij_louvain,True,,,0,1.0,1.0,0
run_056,gps_noise_300m,additive_cij_louvain,True,,,0,0.8798974143442592,0.8798974143442592,0
run_056,gps_noise_300m,additive_cij_louvain_matched_density,True,,,0,0.8994032691273686,0.8994032691273686,0
run_056,gps_noise_300m,geo_time_dbscan,True,,,0,0.27837906908296106,0.27837906908296106,0
run_056,gps_noise_300m,product_cij_leiden,True,,,0,0.8929871466574566,0.8929871466574566,0
run_056,gps_noise_300m,product_cij_louvain,True,,,0,0.8913147404480127,0.8913147404480127,0
run_056,time_noise_15min,additive_cij_louvain,True,,,0,0.9910157181183888,0.9910157181183888,0
run_056,time_noise_15min,additive_cij_louvain_matched_density,True,,,0,0.975010951457672,0.975010951457672,0
run_056,time_noise_15min,geo_time_dbscan,True,,,0,0.39701678312554134,0.39701678312554134,0
run_056,time_noise_15min,product_cij_leiden,True,,,0,0.9910157181183888,0.9910157181183888,0
run_056,time_noise_15min,product_cij_louvain,True,,,0,0.9910157181183888,0.9910157181183888,0
run_056,time_noise_60min,additive_cij_louvain,True,,,0,0.8085313329187954,0.8085313329187954,0
run_056,time_noise_60min,additive_cij_louvain_matched_density,True,,,0,0.8735787074976169,0.8735787074976169,0
run_056,time_noise_60min,geo_time_dbscan,True,,,0,0.3828952929280141,0.3828952929280141,0
run_056,time_noise_60min,product_cij_leiden,True,,,0,0.9028251792355563,0.9028251792355563,0
run_056,time_noise_60min,product_cij_louvain,True,,,0,0.9028251792355563,0.9028251792355563,0
run_057,baseline,additive_cij_louvain,True,,,0,0.870825959154839,0.870825959154839,0
run_057,baseline,additive_cij_louvain_matched_density,True,,,0,0.8238617644648895,0.8238617644648895,0
run_057,baseline,geo_time_dbscan,True,,,0,0.5007535264722627,0.5007535264722627,0
run_057,baseline,product_cij_leiden,True,,,0,0.8669515241511113,0.8669515241511113,0
run_057,baseline,product_cij_louvain,True,,,0,0.870825959154839,0.870825959154839,0
run_057,exact_transport_copy_2x,additive_cij_louvain,True,,,0,0.870825959154839,0.870825959154839,0
run_057,exact_transport_copy_2x,additive_cij_louvain_matched_density,True,ari_all;ari_original;nmi_all;nmi_original;pair_f1_all;pair_f1_original,,0.0053855534652708092,0.8517895675325746,0.8464040140673038,-0.0053855534652708092
run_057,exact_transport_copy_2x,geo_time_dbscan,True,,,0,0.5007535264722627,0.5007535264722627,0
run_057,exact_transport_copy_2x,product_cij_leiden,True,ari_all;ari_original;mean_degree;n_edges;nmi_all;nmi_original;pair_f1_all;pair_f1_original;retained_edge_fraction,,4,0.8699629702650717,0.8424373019710073,-0.027525668294064443
run_057,exact_transport_copy_2x,product_cij_louvain,True,ari_all;ari_original;false_destination_rate_all;false_destination_rate_original;mean_degree;n_clusters_all;n_clusters_original;n_edges;nmi_all;nmi_original;pair_f1_all;pair_f1_original;retained_edge_fraction,,4,0.8707448809385517,0.870825959154839,8.107821628722256e-05
run_057,exact_transport_copy_5x,additive_cij_louvain,True,mean_degree;n_edges;retained_edge_fraction,nmi_all;nmi_original,13,0.2690548559778434,0.2690548559778434,0
run_057,exact_transport_copy_5x,additive_cij_louvain_matched_density,True,mean_degree;n_edges;retained_edge_fraction,nmi_all,3,0.2558690161924767,0.2558690161924767,0
run_057,exact_transport_copy_5x,geo_time_dbscan,True,,,0,0.5007535264722627,0.5007535264722627,0
run_057,exact_transport_copy_5x,product_cij_leiden,True,mean_degree;n_edges;retained_edge_fraction,,8,0.2693689067185304,0.2693689067185304,0
run_057,exact_transport_copy_5x,product_cij_louvain,True,mean_degree;n_edges;retained_edge_fraction,,8,0.2693689067185304,0.2693689067185304,0
run_057,gps_noise_100m,additive_cij_louvain,True,,,0,0.7866090695808677,0.7866090695808677,0
run_057,gps_noise_100m,additive_cij_louvain_matched_density,True,,,0,0.7788405837316453,0.7788405837316453,0
run_057,gps_noise_100m,geo_time_dbscan,True,,,0,0.4909056344889232,0.4909056344889232,0
run_057,gps_noise_100m,product_cij_leiden,True,,,0,0.8448392129122774,0.8448392129122774,0
run_057,gps_noise_100m,product_cij_louvain,True,,,0,0.7788405837316453,0.7788405837316453,0
run_057,gps_noise_300m,additive_cij_louvain,True,,,0,0.6744424338314043,0.6744424338314043,0
run_057,gps_noise_300m,additive_cij_louvain_matched_density,True,,,0,0.665700491260905,0.665700491260905,0
run_057,gps_noise_300m,geo_time_dbscan,True,,,0,0.39692357964812486,0.39692357964812486,0
run_057,gps_noise_300m,product_cij_leiden,True,,,0,0.7337090035828077,0.7337090035828077,0
run_057,gps_noise_300m,product_cij_louvain,True,,,0,0.6744424338314043,0.6744424338314043,0
run_057,time_noise_15min,additive_cij_louvain,True,,,0,0.8035247063485612,0.8035247063485612,0
run_057,time_noise_15min,additive_cij_louvain_matched_density,True,,threshold,0,0.7646505773341371,0.7646505773341371,0
run_057,time_noise_15min,geo_time_dbscan,True,,,0,0.4662127536771294,0.4662127536771294,0
run_057,time_noise_15min,product_cij_leiden,True,,,0,0.8035247063485612,0.8035247063485612,0
run_057,time_noise_15min,product_cij_louvain,True,,,0,0.8035247063485612,0.8035247063485612,0
run_057,time_noise_60min,additive_cij_louvain,True,,,0,0.7701140792482191,0.7701140792482191,0
run_057,time_noise_60min,additive_cij_louvain_matched_density,True,,,0,0.689636965421038,0.689636965421038,0
run_057,time_noise_60min,geo_time_dbscan,True,,,0,0.37166902618161396,0.37166902618161396,0
run_057,time_noise_60min,product_cij_leiden,True,,,0,0.7313985617232166,0.7313985617232166,0
run_057,time_noise_60min,product_cij_louvain,True,,,0,0.6819363253571152,0.6819363253571152,0
run_058,baseline,additive_cij_louvain,True,,,0,0.9935666036614257,0.9935666036614257,0
run_058,baseline,additive_cij_louvain_matched_density,True,,,0,0.818210513043819,0.818210513043819,0
run_058,baseline,geo_time_dbscan,True,,,0,0.5440753228339987,0.5440753228339987,0
run_058,baseline,product_cij_leiden,True,,,0,0.9528484797338597,0.9528484797338597,0
run_058,baseline,product_cij_louvain,True,,,0,0.9131269886503514,0.9131269886503514,0
run_058,exact_transport_copy_2x,additive_cij_louvain,True,mean_degree;n_edges;retained_edge_fraction,,1,1.0,1.0,0
run_058,exact_transport_copy_2x,additive_cij_louvain_matched_density,True,ari_all;ari_original;mean_degree;n_edges;nmi_all;nmi_original;pair_f1_all;pair_f1_original;retained_edge_fraction,,2,0.9043358166320129,0.9349227131112663,0.030586896479253389
run_058,exact_transport_copy_2x,geo_time_dbscan,True,,,0,0.5440753228339987,0.5440753228339987,0
run_058,exact_transport_copy_2x,product_cij_leiden,True,mean_degree;n_edges;retained_edge_fraction,,1,1.0,1.0,0
run_058,exact_transport_copy_2x,product_cij_louvain,True,mean_degree;n_edges;retained_edge_fraction,nmi_all,1,0.9835275793149431,0.9835275793149431,0
run_058,exact_transport_copy_5x,additive_cij_louvain,True,mean_degree;n_edges;retained_edge_fraction,threshold,5,0.25747718969271055,0.25747718969271055,0
run_058,exact_transport_copy_5x,additive_cij_louvain_matched_density,True,mean_degree;n_edges;retained_edge_fraction,nmi_all,13,0.2487286031240643,0.2487286031240643,0
run_058,exact_transport_copy_5x,geo_time_dbscan,True,,,0,0.5440753228339987,0.5440753228339987,0
run_058,exact_transport_copy_5x,product_cij_leiden,True,mean_degree;n_edges;retained_edge_fraction,,15,0.2590083464546518,0.2590083464546518,0
run_058,exact_transport_copy_5x,product_cij_louvain,True,mean_degree;n_edges;retained_edge_fraction,nmi_all;nmi_original,15,0.2590083464546518,0.2590083464546518,0
run_058,gps_noise_100m,additive_cij_louvain,True,,,0,0.9182711782427899,0.9182711782427899,0
run_058,gps_noise_100m,additive_cij_louvain_matched_density,True,,,0,0.8230313241660483,0.8230313241660483,0
run_058,gps_noise_100m,geo_time_dbscan,True,,,0,0.5440753228339987,0.5440753228339987,0
run_058,gps_noise_100m,product_cij_leiden,True,,,0,0.9101052452363665,0.9101052452363665,0
run_058,gps_noise_100m,product_cij_louvain,True,,,0,0.9101052452363665,0.9101052452363665,0
run_058,gps_noise_300m,additive_cij_louvain,True,,,0,0.7177357396476866,0.7177357396476866,0
run_058,gps_noise_300m,additive_cij_louvain_matched_density,True,,,0,0.7611616693183035,0.7611616693183035,0
run_058,gps_noise_300m,geo_time_dbscan,True,,,0,0.16779646866987785,0.16779646866987785,0
run_058,gps_noise_300m,product_cij_leiden,True,,threshold,0,0.7356463913170728,0.7356463913170728,0
run_058,gps_noise_300m,product_cij_louvain,True,,threshold,0,0.7356463913170728,0.7356463913170728,0
run_058,time_noise_15min,additive_cij_louvain,True,,threshold,0,0.862781491666128,0.862781491666128,0
run_058,time_noise_15min,additive_cij_louvain_matched_density,True,,,0,0.8103808113741131,0.8103808113741131,0
run_058,time_noise_15min,geo_time_dbscan,True,,,0,0.5440753228339987,0.5440753228339987,0
run_058,time_noise_15min,product_cij_leiden,True,,,0,0.8173841037175954,0.8173841037175954,0
run_058,time_noise_15min,product_cij_louvain,True,,,0,0.8230313241660483,0.8230313241660483,0
run_058,time_noise_60min,additive_cij_louvain,True,,,0,0.7920403130368552,0.7920403130368552,0
run_058,time_noise_60min,additive_cij_louvain_matched_density,True,,,0,0.7310867595598834,0.7310867595598834,0
run_058,time_noise_60min,geo_time_dbscan,True,,,0,0.3510246879159363,0.3510246879159363,0
run_058,time_noise_60min,product_cij_leiden,True,,,0,0.7746914221606395,0.7746914221606395,0
run_058,time_noise_60min,product_cij_louvain,True,,,0,0.7310867595598834,0.7310867595598834,0
run_059,baseline,additive_cij_louvain,True,,,0,0.9211388565085833,0.9211388565085833,0
run_059,baseline,additive_cij_louvain_matched_density,True,,,0,0.8384930226304015,0.8384930226304015,0
run_059,baseline,geo_time_dbscan,True,,,0,0.5445061772527443,0.5445061772527443,0
run_059,baseline,product_cij_leiden,True,,,0,0.8384930226304015,0.8384930226304015,0
run_059,baseline,product_cij_louvain,True,,,0,0.8384930226304015,0.8384930226304015,0
run_059,exact_transport_copy_2x,additive_cij_louvain,True,ari_all;ari_original;mean_degree;n_edges;nmi_all;nmi_original;pair_f1_all;pair_f1_original;retained_edge_fraction,,2,0.9735031162986149,0.9652649395614198,-0.0082381767371950687
run_059,exact_transport_copy_2x,additive_cij_louvain_matched_density,True,mean_degree;n_edges;retained_edge_fraction,,1,0.917073012880507,0.917073012880507,0
run_059,exact_transport_copy_2x,geo_time_dbscan,True,,,0,0.5445061772527443,0.5445061772527443,0
run_059,exact_transport_copy_2x,product_cij_leiden,True,ari_all;ari_original;fake_only_destinations_all;fake_only_destinations_original;false_destination_rate_all;false_destination_rate_original;mean_degree;n_clusters_all;n_clusters_original;n_edges;nmi_all;nmi_original;pair_f1_all;pair_f1_original;retained_edge_fraction,,4.2105263157894743,0.9449963655624308,0.9530024813799755,0.0080061158175446234
run_059,exact_transport_copy_2x,product_cij_louvain,True,mean_degree;n_edges;retained_edge_fraction,,3,0.9449963655624308,0.9449963655624308,0
run_059,exact_transport_copy_5x,additive_cij_louvain,True,mean_degree;n_edges;retained_edge_fraction,,1,0.3813168822640965,0.3813168822640965,0
run_059,exact_transport_copy_5x,additive_cij_louvain_matched_density,True,mean_degree;n_edges;retained_edge_fraction,,27,0.36998115930649944,0.36998115930649944,0
run_059,exact_transport_copy_5x,geo_time_dbscan,True,,,0,0.5445061772527443,0.5445061772527443,0
run_059,exact_transport_copy_5x,product_cij_leiden,True,mean_degree;n_edges;retained_edge_fraction,nmi_original,1,0.3774750383047637,0.3774750383047637,0
run_059,exact_transport_copy_5x,product_cij_louvain,True,mean_degree;n_edges;retained_edge_fraction,nmi_original,1,0.3774750383047637,0.3774750383047637,0
run_059,gps_noise_100m,additive_cij_louvain,True,,,0,0.8674884585446189,0.8674884585446189,0
run_059,gps_noise_100m,additive_cij_louvain_matched_density,True,,,0,0.8384930226304015,0.8384930226304015,0
run_059,gps_noise_100m,geo_time_dbscan,True,,,0,0.5445061772527443,0.5445061772527443,0
run_059,gps_noise_100m,product_cij_leiden,True,,,0,0.8384930226304015,0.8384930226304015,0
run_059,gps_noise_100m,product_cij_louvain,True,,,0,0.8384930226304015,0.8384930226304015,0
run_059,gps_noise_300m,additive_cij_louvain,True,,,0,0.7986162397547091,0.7986162397547091,0
run_059,gps_noise_300m,additive_cij_louvain_matched_density,True,,,0,0.8006133296373382,0.8006133296373382,0
run_059,gps_noise_300m,geo_time_dbscan,True,,,0,0.5445061772527443,0.5445061772527443,0
run_059,gps_noise_300m,product_cij_leiden,True,,,0,0.8006133296373382,0.8006133296373382,0
run_059,gps_noise_300m,product_cij_louvain,True,,,0,0.8006133296373382,0.8006133296373382,0
run_059,time_noise_15min,additive_cij_louvain,True,,,0,0.865402446451326,0.865402446451326,0
run_059,time_noise_15min,additive_cij_louvain_matched_density,True,,,0,0.8384930226304015,0.8384930226304015,0
run_059,time_noise_15min,geo_time_dbscan,True,,,0,0.5445061772527443,0.5445061772527443,0
run_059,time_noise_15min,product_cij_leiden,True,,,0,0.8384930226304015,0.8384930226304015,0
run_059,time_noise_15min,product_cij_louvain,True,,,0,0.8384930226304015,0.8384930226304015,0
run_059,time_noise_60min,additive_cij_louvain,True,,,0,0.7547762990942679,0.7547762990942679,0
run_059,time_noise_60min,additive_cij_louvain_matched_density,True,,,0,0.7547762990942679,0.7547762990942679,0
run_059,time_noise_60min,geo_time_dbscan,True,,,0,0.3972350556601145,0.3972350556601145,0
run_059,time_noise_60min,product_cij_leiden,True,,,0,0.7547762990942679,0.7547762990942679,0
run_059,time_noise_60min,product_cij_louvain,True,,,0,0.7547762990942679,0.7547762990942679,0
run_060,baseline,additive_cij_louvain,True,,threshold,0,0.8703957608343902,0.8703957608343902,0
run_060,baseline,additive_cij_louvain_matched_density,True,,,0,0.8217196336019621,0.8217196336019621,0
run_060,baseline,geo_time_dbscan,True,,,0,0.3275119103952805,0.3275119103952805,0
run_060,baseline,product_cij_leiden,True,,,0,0.8217196336019621,0.8217196336019621,0
run_060,baseline,product_cij_louvain,True,,,0,0.7485058779646941,0.7485058779646941,0
run_060,exact_transport_copy_2x,additive_cij_louvain,True,ari_all;ari_original;mean_degree;n_edges;nmi_all;nmi_original;pair_f1_all;pair_f1_original;retained_edge_fraction,,3,0.8160002125663548,0.817784209183158,0.001783996616803174
run_060,exact_transport_copy_2x,additive_cij_louvain_matched_density,True,ari_all;ari_original;mean_degree;n_edges;nmi_all;nmi_original;pair_f1_all;pair_f1_original;retained_edge_fraction,,2,0.8177416829978125,0.8233779188729066,0.0056362358750940977
run_060,exact_transport_copy_2x,geo_time_dbscan,True,,,0,0.3275119103952805,0.3275119103952805,0
run_060,exact_transport_copy_2x,product_cij_leiden,True,mean_degree;n_edges;retained_edge_fraction,,4,0.8167361120544171,0.8167361120544171,0
run_060,exact_transport_copy_2x,product_cij_louvain,True,mean_degree;n_edges;retained_edge_fraction,,4,0.8160002125663548,0.8160002125663548,0
run_060,exact_transport_copy_5x,additive_cij_louvain,True,mean_degree;n_edges;retained_edge_fraction,nmi_original,4,0.28824482914626415,0.28824482914626415,0
run_060,exact_transport_copy_5x,additive_cij_louvain_matched_density,True,mean_degree;n_edges;retained_edge_fraction,,3,0.2631157904063668,0.2631157904063668,0
run_060,exact_transport_copy_5x,geo_time_dbscan,True,,,0,0.3275119103952805,0.3275119103952805,0
run_060,exact_transport_copy_5x,product_cij_leiden,True,mean_degree;n_edges;retained_edge_fraction,nmi_all,4,0.28642672650428075,0.28642672650428075,0
run_060,exact_transport_copy_5x,product_cij_louvain,True,mean_degree;n_edges;retained_edge_fraction,nmi_all;nmi_original,4,0.28642672650428075,0.28642672650428075,0
run_060,gps_noise_100m,additive_cij_louvain,True,,,0,0.7009636645927693,0.7009636645927693,0
run_060,gps_noise_100m,additive_cij_louvain_matched_density,True,,,0,0.7896795446801659,0.7896795446801659,0
run_060,gps_noise_100m,geo_time_dbscan,True,,,0,0.3275119103952805,0.3275119103952805,0
run_060,gps_noise_100m,product_cij_leiden,True,,threshold,0,0.825683878412752,0.825683878412752,0
run_060,gps_noise_100m,product_cij_louvain,True,,threshold,0,0.7812426209710608,0.7812426209710608,0
run_060,gps_noise_300m,additive_cij_louvain,True,,,0,0.6693245642944059,0.6693245642944059,0
run_060,gps_noise_300m,additive_cij_louvain_matched_density,True,,,0,0.717685788471911,0.717685788471911,0
run_060,gps_noise_300m,geo_time_dbscan,True,,,0,0.23128499549159715,0.23128499549159715,0
run_060,gps_noise_300m,product_cij_leiden,True,,,0,0.7174637102704183,0.7174637102704183,0
run_060,gps_noise_300m,product_cij_louvain,True,,,0,0.6960226594675741,0.6960226594675741,0
run_060,time_noise_15min,additive_cij_louvain,True,,,0,0.818011398358792,0.818011398358792,0
run_060,time_noise_15min,additive_cij_louvain_matched_density,True,,,0,0.8228651090100627,0.8228651090100627,0
run_060,time_noise_15min,geo_time_dbscan,True,,,0,0.3275119103952805,0.3275119103952805,0
run_060,time_noise_15min,product_cij_leiden,True,,,0,0.8134613045978367,0.8134613045978367,0
run_060,time_noise_15min,product_cij_louvain,True,,,0,0.7485058779646941,0.7485058779646941,0
run_060,time_noise_60min,additive_cij_louvain,True,,,0,0.7227729418871288,0.7227729418871288,0
run_060,time_noise_60min,additive_cij_louvain_matched_density,True,,,0,0.6797286990037631,0.6797286990037631,0
run_060,time_noise_60min,geo_time_dbscan,True,,,0,0.3257791353889438,0.3257791353889438,0
run_060,time_noise_60min,product_cij_leiden,True,,,0,0.7145522942537683,0.7145522942537683,0
run_060,time_noise_60min,product_cij_louvain,True,,,0,0.7084057621052079,0.7084057621052079,0
run_061,baseline,additive_cij_louvain,True,,,0,0.9005855335643331,0.9005855335643331,0
run_061,baseline,additive_cij_louvain_matched_density,True,,,0,0.905920900001141,0.905920900001141,0
run_061,baseline,geo_time_dbscan,True,,,0,0.5147114666797676,0.5147114666797676,0
run_061,baseline,product_cij_leiden,True,,,0,0.905920900001141,0.905920900001141,0
run_061,baseline,product_cij_louvain,True,,,0,0.905920900001141,0.905920900001141,0
run_061,exact_transport_copy_2x,additive_cij_louvain,True,mean_degree;n_edges;retained_edge_fraction,,1,0.9354706983598763,0.9354706983598763,0
run_061,exact_transport_copy_2x,additive_cij_louvain_matched_density,True,mean_degree;n_edges;retained_edge_fraction,,3,0.8909859341966364,0.8909859341966364,0
run_061,exact_transport_copy_2x,geo_time_dbscan,True,,,0,0.5147114666797676,0.5147114666797676,0
run_061,exact_transport_copy_2x,product_cij_leiden,True,mean_degree;n_edges;retained_edge_fraction,,1,0.8864906346006021,0.8864906346006021,0
run_061,exact_transport_copy_2x,product_cij_louvain,True,ari_all;ari_original;false_destination_rate_all;false_destination_rate_original;mean_degree;n_clusters_all;n_clusters_original;n_edges;nmi_all;nmi_original;pair_f1_all;pair_f1_original;retained_edge_fraction,,1.0526315789473699,0.8909859341966364,0.9258262704593732,0.034840336262736749
run_061,exact_transport_copy_5x,additive_cij_louvain,True,mean_degree;n_edges;retained_edge_fraction,nmi_all,5,0.3341264033710943,0.3341264033710943,0
run_061,exact_transport_copy_5x,additive_cij_louvain_matched_density,True,mean_degree;n_edges;retained_edge_fraction,nmi_all;nmi_original,4,0.3081608732714529,0.3081608732714529,0
run_061,exact_transport_copy_5x,geo_time_dbscan,True,,,0,0.5147114666797676,0.5147114666797676,0
run_061,exact_transport_copy_5x,product_cij_leiden,True,mean_degree;n_edges;retained_edge_fraction,threshold,5,0.312500965262701,0.312500965262701,0
run_061,exact_transport_copy_5x,product_cij_louvain,True,mean_degree;n_edges;retained_edge_fraction,threshold,5,0.312500965262701,0.312500965262701,0
run_061,gps_noise_100m,additive_cij_louvain,True,,,0,0.905920900001141,0.905920900001141,0
run_061,gps_noise_100m,additive_cij_louvain_matched_density,True,,,0,0.905920900001141,0.905920900001141,0
run_061,gps_noise_100m,geo_time_dbscan,True,,,0,0.5147114666797676,0.5147114666797676,0
run_061,gps_noise_100m,product_cij_leiden,True,,,0,0.905920900001141,0.905920900001141,0
run_061,gps_noise_100m,product_cij_louvain,True,,,0,0.905920900001141,0.905920900001141,0
run_061,gps_noise_300m,additive_cij_louvain,True,,,0,0.8408196154644731,0.8408196154644731,0
run_061,gps_noise_300m,additive_cij_louvain_matched_density,True,,,0,0.8711470626013594,0.8711470626013594,0
run_061,gps_noise_300m,geo_time_dbscan,True,,,0,0.26859089641625694,0.26859089641625694,0
run_061,gps_noise_300m,product_cij_leiden,True,,,0,0.8711470626013594,0.8711470626013594,0
run_061,gps_noise_300m,product_cij_louvain,True,,,0,0.8711470626013594,0.8711470626013594,0
run_061,time_noise_15min,additive_cij_louvain,True,,,0,0.905920900001141,0.905920900001141,0
run_061,time_noise_15min,additive_cij_louvain_matched_density,True,,,0,0.905920900001141,0.905920900001141,0
run_061,time_noise_15min,geo_time_dbscan,True,,,0,0.5147114666797676,0.5147114666797676,0
run_061,time_noise_15min,product_cij_leiden,True,,,0,0.905920900001141,0.905920900001141,0
run_061,time_noise_15min,product_cij_louvain,True,,,0,0.905920900001141,0.905920900001141,0
run_061,time_noise_60min,additive_cij_louvain,True,,,0,0.7851114679700311,0.7851114679700311,0
run_061,time_noise_60min,additive_cij_louvain_matched_density,True,,,0,0.7501057175822416,0.7501057175822416,0
run_061,time_noise_60min,geo_time_dbscan,True,,,0,0.4599997020848643,0.4599997020848643,0
run_061,time_noise_60min,product_cij_leiden,True,,threshold,0,0.7367101192861872,0.7367101192861872,0
run_061,time_noise_60min,product_cij_louvain,True,,threshold,0,0.7367101192861872,0.7367101192861872,0
run_062,baseline,additive_cij_louvain,True,,,0,0.8648817294738383,0.8648817294738383,0
run_062,baseline,additive_cij_louvain_matched_density,True,,,0,0.8582913777007202,0.8582913777007202,0
run_062,baseline,geo_time_dbscan,True,,,0,0.5090414437194622,0.5090414437194622,0
run_062,baseline,product_cij_leiden,True,,,0,0.8648817294738383,0.8648817294738383,0
run_062,baseline,product_cij_louvain,True,,,0,0.8648817294738383,0.8648817294738383,0
run_062,exact_transport_copy_2x,additive_cij_louvain,True,mean_degree;n_edges;retained_edge_fraction,,1,0.9313758141871956,0.9313758141871956,0
run_062,exact_transport_copy_2x,additive_cij_louvain_matched_density,True,mean_degree;n_edges;retained_edge_fraction,nmi_all;nmi_original,8,0.9086976016913146,0.9086976016913146,0
run_062,exact_transport_copy_2x,geo_time_dbscan,True,,,0,0.5090414437194622,0.5090414437194622,0
run_062,exact_transport_copy_2x,product_cij_leiden,True,ari_all;ari_original;mean_degree;n_edges;nmi_all;nmi_original;pair_f1_all;pair_f1_original;retained_edge_fraction,,2,0.9217695631009534,0.9009710934758695,-0.020798469625083915
run_062,exact_transport_copy_2x,product_cij_louvain,True,mean_degree;n_edges;retained_edge_fraction,,2,0.9009710934758695,0.9009710934758695,0
run_062,exact_transport_copy_5x,additive_cij_louvain,True,mean_degree;n_edges;retained_edge_fraction,nmi_all,12,0.29381067363496,0.29381067363496,0
run_062,exact_transport_copy_5x,additive_cij_louvain_matched_density,True,mean_degree;n_edges;retained_edge_fraction,,9,0.283769109051763,0.283769109051763,0
run_062,exact_transport_copy_5x,geo_time_dbscan,True,,,0,0.5090414437194622,0.5090414437194622,0
run_062,exact_transport_copy_5x,product_cij_leiden,True,mean_degree;n_edges;retained_edge_fraction,nmi_all,12,0.28211805770444726,0.28211805770444726,0
run_062,exact_transport_copy_5x,product_cij_louvain,True,mean_degree;n_edges;retained_edge_fraction,,12,0.28211805770444726,0.28211805770444726,0
run_062,gps_noise_100m,additive_cij_louvain,True,,,0,0.8566081074269689,0.8566081074269689,0
run_062,gps_noise_100m,additive_cij_louvain_matched_density,True,,,0,0.8648817294738383,0.8648817294738383,0
run_062,gps_noise_100m,geo_time_dbscan,True,,,0,0.5090414437194622,0.5090414437194622,0
run_062,gps_noise_100m,product_cij_leiden,True,,,0,0.8438919421883967,0.8438919421883967,0
run_062,gps_noise_100m,product_cij_louvain,True,,,0,0.8438919421883967,0.8438919421883967,0
run_062,gps_noise_300m,additive_cij_louvain,True,,,0,0.7239489831623273,0.7239489831623273,0
run_062,gps_noise_300m,additive_cij_louvain_matched_density,True,,,0,0.8530128284220434,0.8530128284220434,0
run_062,gps_noise_300m,geo_time_dbscan,True,,,0,0.24554418449377688,0.24554418449377688,0
run_062,gps_noise_300m,product_cij_leiden,True,,,0,0.7177002038367314,0.7177002038367314,0
run_062,gps_noise_300m,product_cij_louvain,True,,,0,0.7223512642049147,0.7223512642049147,0
run_062,time_noise_15min,additive_cij_louvain,True,,,0,0.817376304413021,0.817376304413021,0
run_062,time_noise_15min,additive_cij_louvain_matched_density,True,,,0,0.817376304413021,0.817376304413021,0
run_062,time_noise_15min,geo_time_dbscan,True,,,0,0.4745997269687663,0.4745997269687663,0
run_062,time_noise_15min,product_cij_leiden,True,,,0,0.817376304413021,0.817376304413021,0
run_062,time_noise_15min,product_cij_louvain,True,,,0,0.817376304413021,0.817376304413021,0
run_062,time_noise_60min,additive_cij_louvain,True,,,0,0.7588157757184414,0.7588157757184414,0
run_062,time_noise_60min,additive_cij_louvain_matched_density,True,,threshold,0,0.6929698777962563,0.6929698777962563,0
run_062,time_noise_60min,geo_time_dbscan,True,,,0,0.47279434652135854,0.47279434652135854,0
run_062,time_noise_60min,product_cij_leiden,True,,,0,0.7221472131310653,0.7221472131310653,0
run_062,time_noise_60min,product_cij_louvain,True,,,0,0.6995868048499627,0.6995868048499627,0
run_063,baseline,additive_cij_louvain,True,,,0,0.9554454358396606,0.9554454358396606,0
run_063,baseline,additive_cij_louvain_matched_density,True,,,0,0.9051341393800368,0.9051341393800368,0
run_063,baseline,geo_time_dbscan,True,,,0,0.44285795909689285,0.44285795909689285,0
run_063,baseline,product_cij_leiden,True,,,0,0.9940189348862535,0.9940189348862535,0
run_063,baseline,product_cij_louvain,True,,,0,0.9051341393800368,0.9051341393800368,0
run_063,exact_transport_copy_2x,additive_cij_louvain,True,mean_degree;n_edges;retained_edge_fraction,,3,0.9875349901237496,0.9875349901237496,0
run_063,exact_transport_copy_2x,additive_cij_louvain_matched_density,True,ari_all;ari_original;false_destination_rate_all;false_destination_rate_original;mean_degree;n_clusters_all;n_clusters_original;n_edges;nmi_all;nmi_original;pair_f1_all;pair_f1_original;retained_edge_fraction,,3,0.9875349901237496,0.9398463897120289,-0.047688600411720627
run_063,exact_transport_copy_2x,geo_time_dbscan,True,,,0,0.44285795909689285,0.44285795909689285,0
run_063,exact_transport_copy_2x,product_cij_leiden,True,mean_degree;n_edges;retained_edge_fraction,,3,0.9875349901237496,0.9875349901237496,0
run_063,exact_transport_copy_2x,product_cij_louvain,True,mean_degree;n_edges;retained_edge_fraction,,3,0.9875349901237496,0.9875349901237496,0
run_063,exact_transport_copy_5x,additive_cij_louvain,True,mean_degree;n_edges;retained_edge_fraction,nmi_original,7,0.24413291769020842,0.24413291769020842,0
run_063,exact_transport_copy_5x,additive_cij_louvain_matched_density,True,mean_degree;n_edges;retained_edge_fraction,,1,0.24847099951082388,0.24847099951082388,0
run_063,exact_transport_copy_5x,geo_time_dbscan,True,,,0,0.44285795909689285,0.44285795909689285,0
run_063,exact_transport_copy_5x,product_cij_leiden,True,mean_degree;n_edges;retained_edge_fraction,nmi_original,3,0.24316620531235392,0.24316620531235392,0
run_063,exact_transport_copy_5x,product_cij_louvain,True,mean_degree;n_edges;retained_edge_fraction,,3,0.24316620531235392,0.24316620531235392,0
run_063,gps_noise_100m,additive_cij_louvain,True,,,0,0.9012857012046657,0.9012857012046657,0
run_063,gps_noise_100m,additive_cij_louvain_matched_density,True,,,0,0.8660175805116481,0.8660175805116481,0
run_063,gps_noise_100m,geo_time_dbscan,True,,,0,0.3618063153684883,0.3618063153684883,0
run_063,gps_noise_100m,product_cij_leiden,True,,,0,0.9398463897120289,0.9398463897120289,0
run_063,gps_noise_100m,product_cij_louvain,True,,,0,0.9051341393800368,0.9051341393800368,0
run_063,gps_noise_300m,additive_cij_louvain,True,,,0,0.6535019947140583,0.6535019947140583,0
run_063,gps_noise_300m,additive_cij_louvain_matched_density,True,,,0,0.7815584346013781,0.7815584346013781,0
run_063,gps_noise_300m,geo_time_dbscan,True,,,0,0.3618063153684883,0.3618063153684883,0
run_063,gps_noise_300m,product_cij_leiden,True,,,0,0.8305510913540162,0.8305510913540162,0
run_063,gps_noise_300m,product_cij_louvain,True,,,0,0.8305510913540162,0.8305510913540162,0
run_063,time_noise_15min,additive_cij_louvain,True,,,0,0.9554454358396606,0.9554454358396606,0
run_063,time_noise_15min,additive_cij_louvain_matched_density,True,,,0,0.9428299634715607,0.9428299634715607,0
run_063,time_noise_15min,geo_time_dbscan,True,,,0,0.44285795909689285,0.44285795909689285,0
run_063,time_noise_15min,product_cij_leiden,True,,,0,0.9554454358396606,0.9554454358396606,0
run_063,time_noise_15min,product_cij_louvain,True,,,0,0.9554454358396606,0.9554454358396606,0
run_063,time_noise_60min,additive_cij_louvain,True,,,0,0.7481611802727512,0.7481611802727512,0
run_063,time_noise_60min,additive_cij_louvain_matched_density,True,,,0,0.7470153638031105,0.7470153638031105,0
run_063,time_noise_60min,geo_time_dbscan,True,,,0,0.4486184603981747,0.4486184603981747,0
run_063,time_noise_60min,product_cij_leiden,True,,,0,0.8073031741078671,0.8073031741078671,0
run_063,time_noise_60min,product_cij_louvain,True,,,0,0.768437142644957,0.768437142644957,0
run_064,baseline,additive_cij_louvain,True,,,0,1.0,1.0,0
run_064,baseline,additive_cij_louvain_matched_density,True,,,0,0.9252329574132913,0.9252329574132913,0
run_064,baseline,geo_time_dbscan,True,,,0,0.3971029308595347,0.3971029308595347,0
run_064,baseline,product_cij_leiden,True,,,0,0.9252329574132913,0.9252329574132913,0
run_064,baseline,product_cij_louvain,True,,,0,0.9252329574132913,0.9252329574132913,0
run_064,exact_transport_copy_2x,additive_cij_louvain,True,fake_only_destinations_all;fake_only_destinations_original;false_destination_rate_all;false_destination_rate_original;n_clusters_all;n_clusters_original,,4.0476190476190474,0.9585965093597765,0.9585965093597765,0
run_064,exact_transport_copy_2x,additive_cij_louvain_matched_density,True,ari_all;ari_original;fake_only_destinations_all;fake_only_destinations_original;false_destination_rate_all;false_destination_rate_original;mean_degree;n_clusters_all;n_clusters_original;n_edges;nmi_all;nmi_original;pair_f1_all;pair_f1_original;retained_edge_fraction,,3.2581453634085218,0.8911815588752581,0.9270347797827289,0.035853220907470784
run_064,exact_transport_copy_2x,geo_time_dbscan,True,,,0,0.3971029308595347,0.3971029308595347,0
run_064,exact_transport_copy_2x,product_cij_leiden,True,mean_degree;n_edges;retained_edge_fraction,,5,0.9585965093597765,0.9585965093597765,0
run_064,exact_transport_copy_2x,product_cij_louvain,True,mean_degree;n_edges;retained_edge_fraction,,5,0.9585965093597765,0.9585965093597765,0
run_064,exact_transport_copy_5x,additive_cij_louvain,True,mean_degree;n_edges;retained_edge_fraction,,2,0.2688559094927442,0.2688559094927442,0
run_064,exact_transport_copy_5x,additive_cij_louvain_matched_density,True,mean_degree;n_edges;retained_edge_fraction,nmi_all,3,0.24772179377431328,0.24772179377431328,0
run_064,exact_transport_copy_5x,geo_time_dbscan,True,,,0,0.3971029308595347,0.3971029308595347,0
run_064,exact_transport_copy_5x,product_cij_leiden,True,mean_degree;n_edges;retained_edge_fraction,threshold,10,0.2693928802365,0.2693928802365,0
run_064,exact_transport_copy_5x,product_cij_louvain,True,mean_degree;n_edges;retained_edge_fraction,nmi_original;threshold,10,0.2693928802365,0.2693928802365,0
run_064,gps_noise_100m,additive_cij_louvain,True,,threshold,0,0.9191944449201296,0.9191944449201296,0
run_064,gps_noise_100m,additive_cij_louvain_matched_density,True,,,0,0.8531944986664702,0.8531944986664702,0
run_064,gps_noise_100m,geo_time_dbscan,True,,,0,0.3971029308595347,0.3971029308595347,0
run_064,gps_noise_100m,product_cij_leiden,True,,,0,0.9252329574132913,0.9252329574132913,0
run_064,gps_noise_100m,product_cij_louvain,True,,,0,0.9252329574132913,0.9252329574132913,0
run_064,gps_noise_300m,additive_cij_louvain,True,,,0,0.735386304324734,0.735386304324734,0
run_064,gps_noise_300m,additive_cij_louvain_matched_density,True,,,0,0.7965251873923122,0.7965251873923122,0
run_064,gps_noise_300m,geo_time_dbscan,True,,,0,0.240666622947432,0.240666622947432,0
run_064,gps_noise_300m,product_cij_leiden,True,,,0,0.7740728016194763,0.7740728016194763,0
run_064,gps_noise_300m,product_cij_louvain,True,,,0,0.7613122502265142,0.7613122502265142,0
run_064,time_noise_15min,additive_cij_louvain,True,,,0,0.9252329574132913,0.9252329574132913,0
run_064,time_noise_15min,additive_cij_louvain_matched_density,True,,,0,0.8603901282029566,0.8603901282029566,0
run_064,time_noise_15min,geo_time_dbscan,True,,,0,0.3971029308595347,0.3971029308595347,0
run_064,time_noise_15min,product_cij_leiden,True,,,0,0.9252329574132913,0.9252329574132913,0
run_064,time_noise_15min,product_cij_louvain,True,,,0,0.9252329574132913,0.9252329574132913,0
run_064,time_noise_60min,additive_cij_louvain,True,,,0,0.7287476577892668,0.7287476577892668,0
run_064,time_noise_60min,additive_cij_louvain_matched_density,True,,,0,0.6424005563776906,0.6424005563776906,0
run_064,time_noise_60min,geo_time_dbscan,True,,,0,0.3653511569353109,0.3653511569353109,0
run_064,time_noise_60min,product_cij_leiden,True,,,0,0.770939944494921,0.770939944494921,0
run_064,time_noise_60min,product_cij_louvain,True,,,0,0.7337489445723556,0.7337489445723556,0
run_065,baseline,additive_cij_louvain,True,,,0,0.9917908581655712,0.9917908581655712,0
run_065,baseline,additive_cij_louvain_matched_density,True,,,0,1.0,1.0,0
run_065,baseline,geo_time_dbscan,True,,,0,0.5863965482856232,0.5863965482856232,0
run_065,baseline,product_cij_leiden,True,,,0,1.0,1.0,0
run_065,baseline,product_cij_louvain,True,,,0,1.0,1.0,0
run_065,exact_transport_copy_2x,additive_cij_louvain,True,,,0,0.9917908581655712,0.9917908581655712,0
run_065,exact_transport_copy_2x,additive_cij_louvain_matched_density,True,mean_degree;n_edges;retained_edge_fraction,,1,1.0,1.0,0
run_065,exact_transport_copy_2x,geo_time_dbscan,True,,,0,0.5863965482856232,0.5863965482856232,0
run_065,exact_transport_copy_2x,product_cij_leiden,True,,,0,1.0,1.0,0
run_065,exact_transport_copy_2x,product_cij_louvain,True,,,0,1.0,1.0,0
run_065,exact_transport_copy_5x,additive_cij_louvain,True,mean_degree;n_edges;retained_edge_fraction,,7,0.3234875686108901,0.3234875686108901,0
run_065,exact_transport_copy_5x,additive_cij_louvain_matched_density,True,mean_degree;n_edges;retained_edge_fraction,,12,0.3295201286231772,0.3295201286231772,0
run_065,exact_transport_copy_5x,geo_time_dbscan,True,,,0,0.5863965482856232,0.5863965482856232,0
run_065,exact_transport_copy_5x,product_cij_leiden,True,mean_degree;n_edges;retained_edge_fraction,,2,0.32409262441876807,0.32409262441876807,0
run_065,exact_transport_copy_5x,product_cij_louvain,True,mean_degree;n_edges;retained_edge_fraction,,2,0.32409262441876807,0.32409262441876807,0
run_065,gps_noise_100m,additive_cij_louvain,True,,,0,0.9956685505608791,0.9956685505608791,0
run_065,gps_noise_100m,additive_cij_louvain_matched_density,True,,,0,1.0,1.0,0
run_065,gps_noise_100m,geo_time_dbscan,True,,,0,0.5863965482856232,0.5863965482856232,0
run_065,gps_noise_100m,product_cij_leiden,True,,,0,1.0,1.0,0
run_065,gps_noise_100m,product_cij_louvain,True,,,0,1.0,1.0,0
run_065,gps_noise_300m,additive_cij_louvain,True,,,0,0.7673909098649726,0.7673909098649726,0
run_065,gps_noise_300m,additive_cij_louvain_matched_density,True,,,0,0.9097999097605857,0.9097999097605857,0
run_065,gps_noise_300m,geo_time_dbscan,True,,,0,0.42211146580186304,0.42211146580186304,0
run_065,gps_noise_300m,product_cij_leiden,True,,,0,0.8870923958524094,0.8870923958524094,0
run_065,gps_noise_300m,product_cij_louvain,True,,,0,0.8280413757655295,0.8280413757655295,0
run_065,time_noise_15min,additive_cij_louvain,True,,,0,1.0,1.0,0
run_065,time_noise_15min,additive_cij_louvain_matched_density,True,,,0,0.9719350007677492,0.9719350007677492,0
run_065,time_noise_15min,geo_time_dbscan,True,,,0,0.5863965482856232,0.5863965482856232,0
run_065,time_noise_15min,product_cij_leiden,True,,,0,0.9374375792176475,0.9374375792176475,0
run_065,time_noise_15min,product_cij_louvain,True,,,0,1.0,1.0,0
run_065,time_noise_60min,additive_cij_louvain,True,,,0,0.8452523490397259,0.8452523490397259,0
run_065,time_noise_60min,additive_cij_louvain_matched_density,True,,,0,0.786164849774707,0.786164849774707,0
run_065,time_noise_60min,geo_time_dbscan,True,,,0,0.5510797266723949,0.5510797266723949,0
run_065,time_noise_60min,product_cij_leiden,True,,,0,0.8452523490397259,0.8452523490397259,0
run_065,time_noise_60min,product_cij_louvain,True,,,0,0.8452523490397259,0.8452523490397259,0
run_066,baseline,additive_cij_louvain,True,,,0,0.8006453127539565,0.8006453127539565,0
run_066,baseline,additive_cij_louvain_matched_density,True,,,0,0.8006453127539565,0.8006453127539565,0
run_066,baseline,geo_time_dbscan,True,,,0,0.6251279854335461,0.6251279854335461,0
run_066,baseline,product_cij_leiden,True,,,0,0.8006453127539565,0.8006453127539565,0
run_066,baseline,product_cij_louvain,True,,,0,0.8006453127539565,0.8006453127539565,0
run_066,exact_transport_copy_2x,additive_cij_louvain,True,mean_degree;n_edges;retained_edge_fraction,,2,0.8389600454331375,0.8389600454331375,0
run_066,exact_transport_copy_2x,additive_cij_louvain_matched_density,True,,,0,0.8503113749019289,0.8503113749019289,0
run_066,exact_transport_copy_2x,geo_time_dbscan,True,,,0,0.6251279854335461,0.6251279854335461,0
run_066,exact_transport_copy_2x,product_cij_leiden,True,mean_degree;n_edges;retained_edge_fraction,,1,0.8580843726767887,0.8580843726767887,0
run_066,exact_transport_copy_2x,product_cij_louvain,True,ari_all;ari_original;mean_degree;n_edges;nmi_all;nmi_original;pair_f1_all;pair_f1_original;retained_edge_fraction,,1,0.851473860281695,0.8580843726767887,0.0066105123950936928
run_066,exact_transport_copy_5x,additive_cij_louvain,True,mean_degree;n_edges;retained_edge_fraction,nmi_all,5,0.30389167166545894,0.30389167166545894,0
run_066,exact_transport_copy_5x,additive_cij_louvain_matched_density,True,mean_degree;n_edges;retained_edge_fraction,nmi_all;nmi_original,1,0.2807010859082023,0.2807010859082023,0
run_066,exact_transport_copy_5x,geo_time_dbscan,True,,,0,0.6251279854335461,0.6251279854335461,0
run_066,exact_transport_copy_5x,product_cij_leiden,True,mean_degree;n_edges;retained_edge_fraction,,4,0.29271316947703124,0.29271316947703124,0
run_066,exact_transport_copy_5x,product_cij_louvain,True,mean_degree;n_edges;retained_edge_fraction,nmi_all,4,0.29271316947703124,0.29271316947703124,0
run_066,gps_noise_100m,additive_cij_louvain,True,,,0,0.8006453127539565,0.8006453127539565,0
run_066,gps_noise_100m,additive_cij_louvain_matched_density,True,,,0,0.7942202305830907,0.7942202305830907,0
run_066,gps_noise_100m,geo_time_dbscan,True,,,0,0.6251279854335461,0.6251279854335461,0
run_066,gps_noise_100m,product_cij_leiden,True,,,0,0.8573967775288124,0.8573967775288124,0
run_066,gps_noise_100m,product_cij_louvain,True,,,0,0.8006453127539565,0.8006453127539565,0
run_066,gps_noise_300m,additive_cij_louvain,True,,,0,0.7498877023018423,0.7498877023018423,0
run_066,gps_noise_300m,additive_cij_louvain_matched_density,True,,,0,0.7566283166052177,0.7566283166052177,0
run_066,gps_noise_300m,geo_time_dbscan,True,,,0,0.45293808511041195,0.45293808511041195,0
run_066,gps_noise_300m,product_cij_leiden,True,,,0,0.776330964977078,0.776330964977078,0
run_066,gps_noise_300m,product_cij_louvain,True,,,0,0.776330964977078,0.776330964977078,0
run_066,time_noise_15min,additive_cij_louvain,True,,,0,0.7566283166052177,0.7566283166052177,0
run_066,time_noise_15min,additive_cij_louvain_matched_density,True,,,0,0.8006453127539565,0.8006453127539565,0
run_066,time_noise_15min,geo_time_dbscan,True,,,0,0.5584451453771279,0.5584451453771279,0
run_066,time_noise_15min,product_cij_leiden,True,,,0,0.7942202305830907,0.7942202305830907,0
run_066,time_noise_15min,product_cij_louvain,True,,,0,0.7566283166052177,0.7566283166052177,0
run_066,time_noise_60min,additive_cij_louvain,True,,,0,0.7566283166052177,0.7566283166052177,0
run_066,time_noise_60min,additive_cij_louvain_matched_density,True,,,0,0.7209202199957793,0.7209202199957793,0
run_066,time_noise_60min,geo_time_dbscan,True,,,0,0.45818762165540006,0.45818762165540006,0
run_066,time_noise_60min,product_cij_leiden,True,,,0,0.7566283166052177,0.7566283166052177,0
run_066,time_noise_60min,product_cij_louvain,True,,,0,0.727029146201289,0.727029146201289,0
run_067,baseline,additive_cij_louvain,True,,,0,0.9492248575525465,0.9492248575525465,0
run_067,baseline,additive_cij_louvain_matched_density,True,,,0,0.9492248575525465,0.9492248575525465,0
run_067,baseline,geo_time_dbscan,True,,,0,0.6132425434688182,0.6132425434688182,0
run_067,baseline,product_cij_leiden,True,,,0,0.9492248575525465,0.9492248575525465,0
run_067,baseline,product_cij_louvain,True,,,0,0.9492248575525465,0.9492248575525465,0
run_067,exact_transport_copy_2x,additive_cij_louvain,True,mean_degree;n_edges;retained_edge_fraction,nmi_all;nmi_original,3,0.9696520014749952,0.9696520014749952,0
run_067,exact_transport_copy_2x,additive_cij_louvain_matched_density,True,,,0,0.9696520014749952,0.9696520014749952,0
run_067,exact_transport_copy_2x,geo_time_dbscan,True,,,0,0.6132425434688182,0.6132425434688182,0
run_067,exact_transport_copy_2x,product_cij_leiden,True,ari_all;ari_original;false_destination_rate_all;false_destination_rate_original;mean_degree;n_clusters_all;n_clusters_original;n_edges;nmi_all;nmi_original;pair_f1_all;pair_f1_original;retained_edge_fraction,,1.1904761904761898,0.9805483061716945,0.9492248575525465,-0.031323448619148042
run_067,exact_transport_copy_2x,product_cij_louvain,True,mean_degree;n_edges;retained_edge_fraction,,1,0.9696520014749952,0.9696520014749952,0
run_067,exact_transport_copy_5x,additive_cij_louvain,True,mean_degree;n_edges;retained_edge_fraction,nmi_all;nmi_original,8,0.31150797404053227,0.31150797404053227,0
run_067,exact_transport_copy_5x,additive_cij_louvain_matched_density,True,mean_degree;n_edges;retained_edge_fraction,nmi_all;nmi_original,5,0.3097220381043841,0.3097220381043841,0
run_067,exact_transport_copy_5x,geo_time_dbscan,True,,,0,0.6132425434688182,0.6132425434688182,0
run_067,exact_transport_copy_5x,product_cij_leiden,True,mean_degree;n_edges;retained_edge_fraction,,9,0.3162535776606051,0.3162535776606051,0
run_067,exact_transport_copy_5x,product_cij_louvain,True,mean_degree;n_edges;retained_edge_fraction,,9,0.3162535776606051,0.3162535776606051,0
run_067,gps_noise_100m,additive_cij_louvain,True,,,0,0.9428440137600698,0.9428440137600698,0
run_067,gps_noise_100m,additive_cij_louvain_matched_density,True,,,0,0.9050880189836673,0.9050880189836673,0
run_067,gps_noise_100m,geo_time_dbscan,True,,,0,0.6132425434688182,0.6132425434688182,0
run_067,gps_noise_100m,product_cij_leiden,True,,,0,0.9050880189836673,0.9050880189836673,0
run_067,gps_noise_100m,product_cij_louvain,True,,,0,0.9050880189836673,0.9050880189836673,0
run_067,gps_noise_300m,additive_cij_louvain,True,,,0,0.8669325613658456,0.8669325613658456,0
run_067,gps_noise_300m,additive_cij_louvain_matched_density,True,,,0,0.8998832783736239,0.8998832783736239,0
run_067,gps_noise_300m,geo_time_dbscan,True,,,0,0.45207560556302784,0.45207560556302784,0
run_067,gps_noise_300m,product_cij_leiden,True,,,0,0.9050880189836673,0.9050880189836673,0
run_067,gps_noise_300m,product_cij_louvain,True,,,0,0.9050880189836673,0.9050880189836673,0
run_067,time_noise_15min,additive_cij_louvain,True,,,0,0.8934492095460803,0.8934492095460803,0
run_067,time_noise_15min,additive_cij_louvain_matched_density,True,,,0,0.8826888279694285,0.8826888279694285,0
run_067,time_noise_15min,geo_time_dbscan,True,,,0,0.6132425434688182,0.6132425434688182,0
run_067,time_noise_15min,product_cij_leiden,True,,,0,0.8934492095460803,0.8934492095460803,0
run_067,time_noise_15min,product_cij_louvain,True,,,0,0.8934492095460803,0.8934492095460803,0
run_067,time_noise_60min,additive_cij_louvain,True,,,0,0.8255290068935205,0.8255290068935205,0
run_067,time_noise_60min,additive_cij_louvain_matched_density,True,,,0,0.7636496601028345,0.7636496601028345,0
run_067,time_noise_60min,geo_time_dbscan,True,,,0,0.6015029156229283,0.6015029156229283,0
run_067,time_noise_60min,product_cij_leiden,True,,,0,0.8180754102750815,0.8180754102750815,0
run_067,time_noise_60min,product_cij_louvain,True,,,0,0.8180754102750815,0.8180754102750815,0
run_068,baseline,additive_cij_louvain,True,,,0,1.0,1.0,0
run_068,baseline,additive_cij_louvain_matched_density,True,,,0,1.0,1.0,0
run_068,baseline,geo_time_dbscan,True,,,0,0.8207455804672323,0.8207455804672323,0
run_068,baseline,product_cij_leiden,True,,,0,1.0,1.0,0
run_068,baseline,product_cij_louvain,True,,,0,1.0,1.0,0
run_068,exact_transport_copy_2x,additive_cij_louvain,True,,nmi_all,0,0.9797597576387995,0.9797597576387995,0
run_068,exact_transport_copy_2x,additive_cij_louvain_matched_density,True,mean_degree;n_edges;retained_edge_fraction,,4,1.0,1.0,0
run_068,exact_transport_copy_2x,geo_time_dbscan,True,,,0,0.8207455804672323,0.8207455804672323,0
run_068,exact_transport_copy_2x,product_cij_leiden,True,mean_degree;n_edges;retained_edge_fraction,,1,0.9554599237271418,0.9554599237271418,0
run_068,exact_transport_copy_2x,product_cij_louvain,True,ari_all;ari_original;false_destination_rate_all;false_destination_rate_original;mean_degree;n_clusters_all;n_clusters_original;n_edges;nmi_all;nmi_original;pair_f1_all;pair_f1_original;retained_edge_fraction,,1,0.9554599237271418,0.9797597576387995,0.024299833911657687
run_068,exact_transport_copy_5x,additive_cij_louvain,True,mean_degree;n_edges;retained_edge_fraction,nmi_original,3,0.26595755077218647,0.26595755077218647,0
run_068,exact_transport_copy_5x,additive_cij_louvain_matched_density,True,mean_degree;n_edges;retained_edge_fraction,nmi_all;nmi_original;threshold,14,0.27130444993537733,0.27130444993537733,0
run_068,exact_transport_copy_5x,geo_time_dbscan,True,,,0,0.8207455804672323,0.8207455804672323,0
run_068,exact_transport_copy_5x,product_cij_leiden,True,mean_degree;n_edges;retained_edge_fraction,,10,0.27897420084824703,0.27897420084824703,0
run_068,exact_transport_copy_5x,product_cij_louvain,True,mean_degree;n_edges;retained_edge_fraction,,10,0.27897420084824703,0.27897420084824703,0
run_068,gps_noise_100m,additive_cij_louvain,True,,,0,1.0,1.0,0
run_068,gps_noise_100m,additive_cij_louvain_matched_density,True,,,0,1.0,1.0,0
run_068,gps_noise_100m,geo_time_dbscan,True,,,0,0.6491054352638127,0.6491054352638127,0
run_068,gps_noise_100m,product_cij_leiden,True,,,0,1.0,1.0,0
run_068,gps_noise_100m,product_cij_louvain,True,,,0,1.0,1.0,0
run_068,gps_noise_300m,additive_cij_louvain,True,,,0,0.9626748845423954,0.9626748845423954,0
run_068,gps_noise_300m,additive_cij_louvain_matched_density,True,,,0,0.9051598296045773,0.9051598296045773,0
run_068,gps_noise_300m,geo_time_dbscan,True,,,0,0.6491054352638127,0.6491054352638127,0
run_068,gps_noise_300m,product_cij_leiden,True,,,0,0.955942747520366,0.955942747520366,0
run_068,gps_noise_300m,product_cij_louvain,True,,,0,0.9626748845423954,0.9626748845423954,0
run_068,time_noise_15min,additive_cij_louvain,True,,,0,1.0,1.0,0
run_068,time_noise_15min,additive_cij_louvain_matched_density,True,,,0,1.0,1.0,0
run_068,time_noise_15min,geo_time_dbscan,True,,,0,0.636568072104607,0.636568072104607,0
run_068,time_noise_15min,product_cij_leiden,True,,,0,1.0,1.0,0
run_068,time_noise_15min,product_cij_louvain,True,,,0,1.0,1.0,0
run_068,time_noise_60min,additive_cij_louvain,True,,,0,1.0,1.0,0
run_068,time_noise_60min,additive_cij_louvain_matched_density,True,,threshold,0,0.879064798767639,0.879064798767639,0
run_068,time_noise_60min,geo_time_dbscan,True,,,0,0.6303714343956,0.6303714343956,0
run_068,time_noise_60min,product_cij_leiden,True,,,0,1.0,1.0,0
run_068,time_noise_60min,product_cij_louvain,True,,,0,1.0,1.0,0
run_069,baseline,additive_cij_louvain,True,,,0,0.8322359599609418,0.8322359599609418,0
run_069,baseline,additive_cij_louvain_matched_density,True,,,0,0.8248456174307377,0.8248456174307377,0
run_069,baseline,geo_time_dbscan,True,,,0,0.5598603550466976,0.5598603550466976,0
run_069,baseline,product_cij_leiden,True,,,0,0.8248456174307377,0.8248456174307377,0
run_069,baseline,product_cij_louvain,True,,,0,0.7793940724951806,0.7793940724951806,0
run_069,exact_transport_copy_2x,additive_cij_louvain,True,mean_degree;n_edges;retained_edge_fraction,threshold,3,0.8968048513061232,0.8968048513061232,0
run_069,exact_transport_copy_2x,additive_cij_louvain_matched_density,True,ari_all;ari_original;mean_degree;n_edges;nmi_all;nmi_original;pair_f1_all;pair_f1_original;retained_edge_fraction,,3,0.8861015705434876,0.893796290295573,0.007694719752085355
run_069,exact_transport_copy_2x,geo_time_dbscan,True,,,0,0.5598603550466976,0.5598603550466976,0
run_069,exact_transport_copy_2x,product_cij_leiden,True,ari_all;ari_original;nmi_all;nmi_original;pair_f1_all;pair_f1_original,,0.0036299023818699983,0.9019909472021743,0.9020570410422778,6.6093840103476076e-05
run_069,exact_transport_copy_2x,product_cij_louvain,True,,,0,0.8970998116363952,0.8970998116363952,0
run_069,exact_transport_copy_5x,additive_cij_louvain,True,mean_degree;n_edges;retained_edge_fraction,,12,0.2824232662820916,0.2824232662820916,0
run_069,exact_transport_copy_5x,additive_cij_louvain_matched_density,True,mean_degree;n_edges;retained_edge_fraction,nmi_all;nmi_original,7,0.26719617378940386,0.26719617378940386,0
run_069,exact_transport_copy_5x,geo_time_dbscan,True,,,0,0.5598603550466976,0.5598603550466976,0
run_069,exact_transport_copy_5x,product_cij_leiden,True,mean_degree;n_edges;retained_edge_fraction,nmi_original;threshold,1,0.2824232662820916,0.2824232662820916,0
run_069,exact_transport_copy_5x,product_cij_louvain,True,mean_degree;n_edges;retained_edge_fraction,nmi_all;threshold,1,0.2824232662820916,0.2824232662820916,0
run_069,gps_noise_100m,additive_cij_louvain,True,,,0,0.8248456174307377,0.8248456174307377,0
run_069,gps_noise_100m,additive_cij_louvain_matched_density,True,,,0,0.7793940724951806,0.7793940724951806,0
run_069,gps_noise_100m,geo_time_dbscan,True,,,0,0.5598603550466976,0.5598603550466976,0
run_069,gps_noise_100m,product_cij_leiden,True,,,0,0.8248456174307377,0.8248456174307377,0
run_069,gps_noise_100m,product_cij_louvain,True,,,0,0.8248456174307377,0.8248456174307377,0
run_069,gps_noise_300m,additive_cij_louvain,True,,,0,0.7470801764291273,0.7470801764291273,0
run_069,gps_noise_300m,additive_cij_louvain_matched_density,True,,,0,0.7657081414945411,0.7657081414945411,0
run_069,gps_noise_300m,geo_time_dbscan,True,,,0,0.25104843104707014,0.25104843104707014,0
run_069,gps_noise_300m,product_cij_leiden,True,,,0,0.7602857671542976,0.7602857671542976,0
run_069,gps_noise_300m,product_cij_louvain,True,,,0,0.7602857671542976,0.7602857671542976,0
run_069,time_noise_15min,additive_cij_louvain,True,,,0,0.7793940724951806,0.7793940724951806,0
run_069,time_noise_15min,additive_cij_louvain_matched_density,True,,,0,0.7793940724951806,0.7793940724951806,0
run_069,time_noise_15min,geo_time_dbscan,True,,,0,0.5598603550466976,0.5598603550466976,0
run_069,time_noise_15min,product_cij_leiden,True,,,0,0.8616693793101993,0.8616693793101993,0
run_069,time_noise_15min,product_cij_louvain,True,,,0,0.7793940724951806,0.7793940724951806,0
run_069,time_noise_60min,additive_cij_louvain,True,,,0,0.7340591649655669,0.7340591649655669,0
run_069,time_noise_60min,additive_cij_louvain_matched_density,True,,,0,0.7330984981501965,0.7330984981501965,0
run_069,time_noise_60min,geo_time_dbscan,True,,,0,0.547195397994207,0.547195397994207,0
run_069,time_noise_60min,product_cij_leiden,True,,,0,0.7287101562969724,0.7287101562969724,0
run_069,time_noise_60min,product_cij_louvain,True,,,0,0.7260207551837858,0.7260207551837858,0
run_070,baseline,additive_cij_louvain,True,,,0,1.0,1.0,0
run_070,baseline,additive_cij_louvain_matched_density,True,,,0,0.9873721343740686,0.9873721343740686,0
run_070,baseline,geo_time_dbscan,True,,,0,0.41115479771278396,0.41115479771278396,0
run_070,baseline,product_cij_leiden,True,,threshold,0,0.9934720173028903,0.9934720173028903,0
run_070,baseline,product_cij_louvain,True,,threshold,0,0.9934720173028903,0.9934720173028903,0
run_070,exact_transport_copy_2x,additive_cij_louvain,True,mean_degree;n_edges;retained_edge_fraction,,2,1.0,1.0,0
run_070,exact_transport_copy_2x,additive_cij_louvain_matched_density,True,ari_all;ari_original;false_destination_rate_all;false_destination_rate_original;mean_degree;n_clusters_all;n_clusters_original;n_edges;nmi_all;nmi_original;pair_f1_all;pair_f1_original;retained_edge_fraction,,6,0.912720750539574,0.8816226614642583,-0.031098089075315749
run_070,exact_transport_copy_2x,geo_time_dbscan,True,,,0,0.41115479771278396,0.41115479771278396,0
run_070,exact_transport_copy_2x,product_cij_leiden,True,mean_degree;n_edges;retained_edge_fraction,,2,0.9320119058861654,0.9320119058861654,0
run_070,exact_transport_copy_2x,product_cij_louvain,True,mean_degree;n_edges;retained_edge_fraction,,2,0.9320119058861654,0.9320119058861654,0
run_070,exact_transport_copy_5x,additive_cij_louvain,True,mean_degree;n_edges;retained_edge_fraction,nmi_all,8,0.3321975249188959,0.3321975249188959,0
run_070,exact_transport_copy_5x,additive_cij_louvain_matched_density,True,mean_degree;n_edges;retained_edge_fraction,,20,0.30609087021750003,0.30609087021750003,0
run_070,exact_transport_copy_5x,geo_time_dbscan,True,,,0,0.41115479771278396,0.41115479771278396,0
run_070,exact_transport_copy_5x,product_cij_leiden,True,mean_degree;n_edges;retained_edge_fraction,,11,0.3163023967255166,0.3163023967255166,0
run_070,exact_transport_copy_5x,product_cij_louvain,True,mean_degree;n_edges;retained_edge_fraction,,11,0.3163023967255166,0.3163023967255166,0
run_070,gps_noise_100m,additive_cij_louvain,True,,,0,0.9493019938490054,0.9493019938490054,0
run_070,gps_noise_100m,additive_cij_louvain_matched_density,True,,,0,0.9873721343740686,0.9873721343740686,0
run_070,gps_noise_100m,geo_time_dbscan,True,,,0,0.26044794172151947,0.26044794172151947,0
run_070,gps_noise_100m,product_cij_leiden,True,,,0,0.9934815697772745,0.9934815697772745,0
run_070,gps_noise_100m,product_cij_louvain,True,,,0,0.9934815697772745,0.9934815697772745,0
run_070,gps_noise_300m,additive_cij_louvain,True,,,0,0.7223719096320157,0.7223719096320157,0
run_070,gps_noise_300m,additive_cij_louvain_matched_density,True,,,0,0.8489925266850048,0.8489925266850048,0
run_070,gps_noise_300m,geo_time_dbscan,True,,,0,0.2619309751156182,0.2619309751156182,0
run_070,gps_noise_300m,product_cij_leiden,True,,,0,0.8126430783880699,0.8126430783880699,0
run_070,gps_noise_300m,product_cij_louvain,True,,,0,0.8289521697842951,0.8289521697842951,0
run_070,time_noise_15min,additive_cij_louvain,True,,,0,0.9932503094175194,0.9932503094175194,0
run_070,time_noise_15min,additive_cij_louvain_matched_density,True,,,0,0.9340864126674769,0.9340864126674769,0
run_070,time_noise_15min,geo_time_dbscan,True,,,0,0.41115479771278396,0.41115479771278396,0
run_070,time_noise_15min,product_cij_leiden,True,,,0,0.9932503094175194,0.9932503094175194,0
run_070,time_noise_15min,product_cij_louvain,True,,,0,0.9427439090614073,0.9427439090614073,0
run_070,time_noise_60min,additive_cij_louvain,True,,,0,0.7322944872930115,0.7322944872930115,0
run_070,time_noise_60min,additive_cij_louvain_matched_density,True,,,0,0.6492895284641144,0.6492895284641144,0
run_070,time_noise_60min,geo_time_dbscan,True,,,0,0.41090949522652725,0.41090949522652725,0
run_070,time_noise_60min,product_cij_leiden,True,,,0,0.7898656655459628,0.7898656655459628,0
run_070,time_noise_60min,product_cij_louvain,True,,,0,0.7898656655459628,0.7898656655459628,0
run_071,baseline,additive_cij_louvain,True,,,0,0.7994233540183128,0.7994233540183128,0
run_071,baseline,additive_cij_louvain_matched_density,True,,threshold,0,0.7703788514426887,0.7703788514426887,0
run_071,baseline,geo_time_dbscan,True,,,0,0.2655686483123772,0.2655686483123772,0
run_071,baseline,product_cij_leiden,True,,,0,0.8190331225721891,0.8190331225721891,0
run_071,baseline,product_cij_louvain,True,,,0,0.8190331225721891,0.8190331225721891,0
run_071,exact_transport_copy_2x,additive_cij_louvain,True,mean_degree;n_edges;retained_edge_fraction,nmi_all,2,0.8474803265066719,0.8474803265066719,0
run_071,exact_transport_copy_2x,additive_cij_louvain_matched_density,True,ari_all;ari_original;mean_degree;n_edges;nmi_all;nmi_original;pair_f1_all;pair_f1_original;retained_edge_fraction,,4,0.8154913772095314,0.8222629715142651,0.0067715943047337301
run_071,exact_transport_copy_2x,geo_time_dbscan,True,,,0,0.2655686483123772,0.2655686483123772,0
run_071,exact_transport_copy_2x,product_cij_leiden,True,mean_degree;n_edges;retained_edge_fraction,,1,0.8383673911378396,0.8383673911378396,0
run_071,exact_transport_copy_2x,product_cij_louvain,True,mean_degree;n_edges;retained_edge_fraction,,1,0.8383673911378396,0.8383673911378396,0
run_071,exact_transport_copy_5x,additive_cij_louvain,True,mean_degree;n_edges;retained_edge_fraction,,12,0.2984484871150127,0.2984484871150127,0
run_071,exact_transport_copy_5x,additive_cij_louvain_matched_density,True,mean_degree;n_edges;retained_edge_fraction,nmi_original;threshold,6,0.2957790419762732,0.2957790419762732,0
run_071,exact_transport_copy_5x,geo_time_dbscan,True,,,0,0.2655686483123772,0.2655686483123772,0
run_071,exact_transport_copy_5x,product_cij_leiden,True,mean_degree;n_edges;retained_edge_fraction,nmi_original,13,0.2930188693678483,0.2930188693678483,0
run_071,exact_transport_copy_5x,product_cij_louvain,True,mean_degree;n_edges;retained_edge_fraction,nmi_all,13,0.2930188693678483,0.2930188693678483,0
run_071,gps_noise_100m,additive_cij_louvain,True,,,0,0.8139696569035832,0.8139696569035832,0
run_071,gps_noise_100m,additive_cij_louvain_matched_density,True,,,0,0.7997660047456648,0.7997660047456648,0
run_071,gps_noise_100m,geo_time_dbscan,True,,,0,0.2655686483123772,0.2655686483123772,0
run_071,gps_noise_100m,product_cij_leiden,True,,,0,0.8017981818647785,0.8017981818647785,0
run_071,gps_noise_100m,product_cij_louvain,True,,,0,0.7569847705729318,0.7569847705729318,0
run_071,gps_noise_300m,additive_cij_louvain,True,,,0,0.6753736679213393,0.6753736679213393,0
run_071,gps_noise_300m,additive_cij_louvain_matched_density,True,,,0,0.6969023358326855,0.6969023358326855,0
run_071,gps_noise_300m,geo_time_dbscan,True,,,0,0.2655686483123772,0.2655686483123772,0
run_071,gps_noise_300m,product_cij_leiden,True,,,0,0.7053387960954068,0.7053387960954068,0
run_071,gps_noise_300m,product_cij_louvain,True,,,0,0.7053387960954068,0.7053387960954068,0
run_071,time_noise_15min,additive_cij_louvain,True,,,0,0.8179449435730842,0.8179449435730842,0
run_071,time_noise_15min,additive_cij_louvain_matched_density,True,,,0,0.7702183024180891,0.7702183024180891,0
run_071,time_noise_15min,geo_time_dbscan,True,,,0,0.2655686483123772,0.2655686483123772,0
run_071,time_noise_15min,product_cij_leiden,True,,threshold,0,0.8046954844068076,0.8046954844068076,0
run_071,time_noise_15min,product_cij_louvain,True,,threshold,0,0.8115032790987347,0.8115032790987347,0
run_071,time_noise_60min,additive_cij_louvain,True,,,0,0.6480465389900544,0.6480465389900544,0
run_071,time_noise_60min,additive_cij_louvain_matched_density,True,,,0,0.621773615065986,0.621773615065986,0
run_071,time_noise_60min,geo_time_dbscan,True,,,0,0.27642816120296054,0.27642816120296054,0
run_071,time_noise_60min,product_cij_leiden,True,,,0,0.6293197671518856,0.6293197671518856,0
run_071,time_noise_60min,product_cij_louvain,True,,,0,0.6339710067813425,0.6339710067813425,0
run_072,baseline,additive_cij_louvain,True,,,0,0.9494068632853278,0.9494068632853278,0
run_072,baseline,additive_cij_louvain_matched_density,True,,,0,0.957279289587924,0.957279289587924,0
run_072,baseline,geo_time_dbscan,True,,,0,0.4717331102600387,0.4717331102600387,0
run_072,baseline,product_cij_leiden,True,,,0,0.957279289587924,0.957279289587924,0
run_072,baseline,product_cij_louvain,True,,,0,0.957279289587924,0.957279289587924,0
run_072,exact_transport_copy_2x,additive_cij_louvain,True,mean_degree;n_edges;retained_edge_fraction,,1,0.9759287371879339,0.9759287371879339,0
run_072,exact_transport_copy_2x,additive_cij_louvain_matched_density,True,mean_degree;n_edges;retained_edge_fraction,,1,0.9258427943323027,0.9258427943323027,0
run_072,exact_transport_copy_2x,geo_time_dbscan,True,,,0,0.4717331102600387,0.4717331102600387,0
run_072,exact_transport_copy_2x,product_cij_leiden,True,ari_all;ari_original;fake_only_destinations_all;fake_only_destinations_original;false_destination_rate_all;false_destination_rate_original;mean_degree;n_edges;nmi_all;nmi_original;pair_f1_all;pair_f1_original;retained_edge_fraction,,4.761904761904761,0.9695380882026922,0.9465336232041213,-0.023004464998570895
run_072,exact_transport_copy_2x,product_cij_louvain,True,fake_only_destinations_all;fake_only_destinations_original;false_destination_rate_all;false_destination_rate_original;mean_degree;n_clusters_all;n_clusters_original;n_edges;retained_edge_fraction,nmi_all;nmi_original,4.0476190476190474,0.9759287371879339,0.9759287371879339,0
run_072,exact_transport_copy_5x,additive_cij_louvain,True,mean_degree;n_edges;retained_edge_fraction,,6,0.34354781551085256,0.34354781551085256,0
run_072,exact_transport_copy_5x,additive_cij_louvain_matched_density,True,mean_degree;n_edges;retained_edge_fraction,,7,0.3431914138816642,0.3431914138816642,0
run_072,exact_transport_copy_5x,geo_time_dbscan,True,,,0,0.4717331102600387,0.4717331102600387,0
run_072,exact_transport_copy_5x,product_cij_leiden,True,mean_degree;n_edges;retained_edge_fraction,,20,0.35093661867326365,0.35093661867326365,0
run_072,exact_transport_copy_5x,product_cij_louvain,True,mean_degree;n_edges;retained_edge_fraction,,20,0.35093661867326365,0.35093661867326365,0
run_072,gps_noise_100m,additive_cij_louvain,True,,,0,0.957279289587924,0.957279289587924,0
run_072,gps_noise_100m,additive_cij_louvain_matched_density,True,,,0,0.8994377941207156,0.8994377941207156,0
run_072,gps_noise_100m,geo_time_dbscan,True,,,0,0.4717331102600387,0.4717331102600387,0
run_072,gps_noise_100m,product_cij_leiden,True,,,0,0.957279289587924,0.957279289587924,0
run_072,gps_noise_100m,product_cij_louvain,True,,,0,0.957279289587924,0.957279289587924,0
run_072,gps_noise_300m,additive_cij_louvain,True,,,0,0.759448626596908,0.759448626596908,0
run_072,gps_noise_300m,additive_cij_louvain_matched_density,True,,,0,0.8050433924996862,0.8050433924996862,0
run_072,gps_noise_300m,geo_time_dbscan,True,,,0,0.4717331102600387,0.4717331102600387,0
run_072,gps_noise_300m,product_cij_leiden,True,,,0,0.7538757083858508,0.7538757083858508,0
run_072,gps_noise_300m,product_cij_louvain,True,,,0,0.7626298287699967,0.7626298287699967,0
run_072,time_noise_15min,additive_cij_louvain,True,,,0,0.9535929172959177,0.9535929172959177,0
run_072,time_noise_15min,additive_cij_louvain_matched_density,True,,,0,0.8338399871491627,0.8338399871491627,0
run_072,time_noise_15min,geo_time_dbscan,True,,,0,0.4717331102600387,0.4717331102600387,0
run_072,time_noise_15min,product_cij_leiden,True,,,0,0.957279289587924,0.957279289587924,0
run_072,time_noise_15min,product_cij_louvain,True,,,0,0.8844641907183803,0.8844641907183803,0
run_072,time_noise_60min,additive_cij_louvain,True,,,0,0.7018226715827721,0.7018226715827721,0
run_072,time_noise_60min,additive_cij_louvain_matched_density,True,,,0,0.625561873330693,0.625561873330693,0
run_072,time_noise_60min,geo_time_dbscan,True,,,0,0.5001130675910338,0.5001130675910338,0
run_072,time_noise_60min,product_cij_leiden,True,,,0,0.6960773519736125,0.6960773519736125,0
run_072,time_noise_60min,product_cij_louvain,True,,,0,0.6459782256110891,0.6459782256110891,0
run_073,baseline,additive_cij_louvain,True,,,0,0.9750332398278776,0.9750332398278776,0
run_073,baseline,additive_cij_louvain_matched_density,True,,,0,0.918638892406723,0.918638892406723,0
run_073,baseline,geo_time_dbscan,True,,,0,0.3124206148102695,0.3124206148102695,0
run_073,baseline,product_cij_leiden,True,,,0,0.966968250069191,0.966968250069191,0
run_073,baseline,product_cij_louvain,True,,,0,0.966968250069191,0.966968250069191,0
run_073,exact_transport_copy_2x,additive_cij_louvain,True,mean_degree;n_edges;retained_edge_fraction,,7,0.9826708255632429,0.9826708255632429,0
run_073,exact_transport_copy_2x,additive_cij_louvain_matched_density,True,mean_degree;n_edges;retained_edge_fraction,nmi_all;nmi_original,3,0.957919825593008,0.957919825593008,0
run_073,exact_transport_copy_2x,geo_time_dbscan,True,,,0,0.3124206148102695,0.3124206148102695,0
run_073,exact_transport_copy_2x,product_cij_leiden,True,ari_all;ari_original;false_destination_rate_all;false_destination_rate_original;mean_degree;n_clusters_all;n_clusters_original;n_edges;nmi_all;nmi_original;pair_f1_all;pair_f1_original;retained_edge_fraction,,4,0.9571450754587828,0.9738235131016708,0.016678437642888011
run_073,exact_transport_copy_2x,product_cij_louvain,True,ari_all;ari_original;mean_degree;n_edges;nmi_all;nmi_original;pair_f1_all;pair_f1_original;retained_edge_fraction,,4,0.9738235131016708,0.9679716268168507,-0.0058518862848201403
run_073,exact_transport_copy_5x,additive_cij_louvain,True,mean_degree;n_edges;retained_edge_fraction,nmi_original;threshold,12,0.28675609175931416,0.28675609175931416,0
run_073,exact_transport_copy_5x,additive_cij_louvain_matched_density,True,mean_degree;n_edges;retained_edge_fraction,nmi_all;nmi_original,3,0.2872970292880089,0.2872970292880089,0
run_073,exact_transport_copy_5x,geo_time_dbscan,True,,,0,0.3124206148102695,0.3124206148102695,0
run_073,exact_transport_copy_5x,product_cij_leiden,True,mean_degree;n_edges;retained_edge_fraction,,8,0.2943006714455091,0.2943006714455091,0
run_073,exact_transport_copy_5x,product_cij_louvain,True,mean_degree;n_edges;retained_edge_fraction,,8,0.2943006714455091,0.2943006714455091,0
run_073,gps_noise_100m,additive_cij_louvain,True,,,0,0.9834841250345955,0.9834841250345955,0
run_073,gps_noise_100m,additive_cij_louvain_matched_density,True,,,0,0.9259583598899771,0.9259583598899771,0
run_073,gps_noise_100m,geo_time_dbscan,True,,,0,0.2956460205358835,0.2956460205358835,0
run_073,gps_noise_100m,product_cij_leiden,True,,threshold,0,0.966968250069191,0.966968250069191,0
run_073,gps_noise_100m,product_cij_louvain,True,,threshold,0,0.966968250069191,0.966968250069191,0
run_073,gps_noise_300m,additive_cij_louvain,True,,,0,0.7817663682590961,0.7817663682590961,0
run_073,gps_noise_300m,additive_cij_louvain_matched_density,True,,threshold,0,0.878200372360383,0.878200372360383,0
run_073,gps_noise_300m,geo_time_dbscan,True,,,0,0.3005979488871978,0.3005979488871978,0
run_073,gps_noise_300m,product_cij_leiden,True,,,0,0.8829071560670133,0.8829071560670133,0
run_073,gps_noise_300m,product_cij_louvain,True,,,0,0.8812501282950213,0.8812501282950213,0
run_073,time_noise_15min,additive_cij_louvain,True,,,0,0.9132845810751912,0.9132845810751912,0
run_073,time_noise_15min,additive_cij_louvain_matched_density,True,,,0,0.8130149395769863,0.8130149395769863,0
run_073,time_noise_15min,geo_time_dbscan,True,,,0,0.2956460205358835,0.2956460205358835,0
run_073,time_noise_15min,product_cij_leiden,True,,,0,0.90327234832698,0.90327234832698,0
run_073,time_noise_15min,product_cij_louvain,True,,,0,0.9132845810751912,0.9132845810751912,0
run_073,time_noise_60min,additive_cij_louvain,True,,,0,0.8110537835748277,0.8110537835748277,0
run_073,time_noise_60min,additive_cij_louvain_matched_density,True,,,0,0.651437154426588,0.651437154426588,0
run_073,time_noise_60min,geo_time_dbscan,True,,,0,0.29188530240933647,0.29188530240933647,0
run_073,time_noise_60min,product_cij_leiden,True,,,0,0.7620592927632794,0.7620592927632794,0
run_073,time_noise_60min,product_cij_louvain,True,,,0,0.7583190891165836,0.7583190891165836,0
run_074,baseline,additive_cij_louvain,True,,,0,0.9042773568767202,0.9042773568767202,0
run_074,baseline,additive_cij_louvain_matched_density,True,,threshold,0,0.9042773568767202,0.9042773568767202,0
run_074,baseline,geo_time_dbscan,True,,,0,0.40671388002260334,0.40671388002260334,0
run_074,baseline,product_cij_leiden,True,,,0,0.8960765752994349,0.8960765752994349,0
run_074,baseline,product_cij_louvain,True,,,0,0.8369079740207875,0.8369079740207875,0
run_074,exact_transport_copy_2x,additive_cij_louvain,True,mean_degree;n_edges;retained_edge_fraction,,3,0.9270290847396865,0.9270290847396865,0
run_074,exact_transport_copy_2x,additive_cij_louvain_matched_density,True,mean_degree;n_edges;retained_edge_fraction,,1,0.9103248503336194,0.9103248503336194,0
run_074,exact_transport_copy_2x,geo_time_dbscan,True,,,0,0.40671388002260334,0.40671388002260334,0
run_074,exact_transport_copy_2x,product_cij_leiden,True,ari_all;ari_original;mean_degree;n_edges;nmi_all;nmi_original;pair_f1_all;pair_f1_original;retained_edge_fraction,,4,0.9113972230190944,0.8883254451739291,-0.023071777845165342
run_074,exact_transport_copy_2x,product_cij_louvain,True,ari_all;ari_original;mean_degree;n_edges;nmi_all;nmi_original;pair_f1_all;pair_f1_original;retained_edge_fraction,,4,0.9392620600835065,0.9270290847396865,-0.012232975343820063
run_074,exact_transport_copy_5x,additive_cij_louvain,True,mean_degree;n_edges;retained_edge_fraction,nmi_all,16,0.34288482118237007,0.34288482118237007,0
run_074,exact_transport_copy_5x,additive_cij_louvain_matched_density,True,mean_degree;n_edges;retained_edge_fraction,,16,0.3276494113594156,0.3276494113594156,0
run_074,exact_transport_copy_5x,geo_time_dbscan,True,,,0,0.40671388002260334,0.40671388002260334,0
run_074,exact_transport_copy_5x,product_cij_leiden,True,mean_degree;n_edges;retained_edge_fraction,,9,0.343234791870764,0.343234791870764,0
run_074,exact_transport_copy_5x,product_cij_louvain,True,mean_degree;n_edges;retained_edge_fraction,nmi_all;nmi_original,9,0.343234791870764,0.343234791870764,0
run_074,gps_noise_100m,additive_cij_louvain,True,,,0,0.8369079740207875,0.8369079740207875,0
run_074,gps_noise_100m,additive_cij_louvain_matched_density,True,,,0,0.8369079740207875,0.8369079740207875,0
run_074,gps_noise_100m,geo_time_dbscan,True,,,0,0.40671388002260334,0.40671388002260334,0
run_074,gps_noise_100m,product_cij_leiden,True,,,0,0.9042773568767202,0.9042773568767202,0
run_074,gps_noise_100m,product_cij_louvain,True,,,0,0.8369079740207875,0.8369079740207875,0
run_074,gps_noise_300m,additive_cij_louvain,True,,,0,0.7741979273672954,0.7741979273672954,0
run_074,gps_noise_300m,additive_cij_louvain_matched_density,True,,,0,0.8308156616309077,0.8308156616309077,0
run_074,gps_noise_300m,geo_time_dbscan,True,,,0,0.40671388002260334,0.40671388002260334,0
run_074,gps_noise_300m,product_cij_leiden,True,,,0,0.7985469694393731,0.7985469694393731,0
run_074,gps_noise_300m,product_cij_louvain,True,,,0,0.7985469694393731,0.7985469694393731,0
run_074,time_noise_15min,additive_cij_louvain,True,,,0,0.8297481934494734,0.8297481934494734,0
run_074,time_noise_15min,additive_cij_louvain_matched_density,True,,,0,0.901103908653641,0.901103908653641,0
run_074,time_noise_15min,geo_time_dbscan,True,,,0,0.3964926651825638,0.3964926651825638,0
run_074,time_noise_15min,product_cij_leiden,True,,,0,0.9092394055032788,0.9092394055032788,0
run_074,time_noise_15min,product_cij_louvain,True,,,0,0.8297481934494734,0.8297481934494734,0
run_074,time_noise_60min,additive_cij_louvain,True,,,0,0.8120269189440916,0.8120269189440916,0
run_074,time_noise_60min,additive_cij_louvain_matched_density,True,,,0,0.7747175026355211,0.7747175026355211,0
run_074,time_noise_60min,geo_time_dbscan,True,,,0,0.40131811731174427,0.40131811731174427,0
run_074,time_noise_60min,product_cij_leiden,True,,,0,0.779434976954443,0.779434976954443,0
run_074,time_noise_60min,product_cij_louvain,True,,,0,0.779434976954443,0.779434976954443,0
run_075,baseline,additive_cij_louvain,True,,,0,0.9145777318949153,0.9145777318949153,0
run_075,baseline,additive_cij_louvain_matched_density,True,,,0,0.9145777318949153,0.9145777318949153,0
run_075,baseline,geo_time_dbscan,True,,,0,0.6175149816533386,0.6175149816533386,0
run_075,baseline,product_cij_leiden,True,,,0,0.9145777318949153,0.9145777318949153,0
run_075,baseline,product_cij_louvain,True,,,0,0.9145777318949153,0.9145777318949153,0
run_075,exact_transport_copy_2x,additive_cij_louvain,True,mean_degree;n_edges;retained_edge_fraction,,3,0.9743160028053973,0.9743160028053973,0
run_075,exact_transport_copy_2x,additive_cij_louvain_matched_density,True,ari_all;ari_original;mean_degree;n_edges;nmi_all;nmi_original;pair_f1_all;pair_f1_original;retained_edge_fraction,,4,0.9317011625791808,0.9743160028053973,0.042614840226216533
run_075,exact_transport_copy_2x,geo_time_dbscan,True,,,0,0.6175149816533386,0.6175149816533386,0
run_075,exact_transport_copy_2x,product_cij_leiden,True,mean_degree;n_edges;retained_edge_fraction,,1,0.9743160028053973,0.9743160028053973,0
run_075,exact_transport_copy_2x,product_cij_louvain,True,mean_degree;n_edges;retained_edge_fraction,,1,0.9743160028053973,0.9743160028053973,0
run_075,exact_transport_copy_5x,additive_cij_louvain,True,mean_degree;n_edges;retained_edge_fraction,nmi_original,14,0.3022507482262843,0.3022507482262843,0
run_075,exact_transport_copy_5x,additive_cij_louvain_matched_density,True,,,0,0.2944502625284919,0.2944502625284919,0
run_075,exact_transport_copy_5x,geo_time_dbscan,True,,,0,0.6175149816533386,0.6175149816533386,0
run_075,exact_transport_copy_5x,product_cij_leiden,True,mean_degree;n_edges;retained_edge_fraction,,15,0.29805867410068254,0.29805867410068254,0
run_075,exact_transport_copy_5x,product_cij_louvain,True,mean_degree;n_edges;retained_edge_fraction,,15,0.29805867410068254,0.29805867410068254,0
run_075,gps_noise_100m,additive_cij_louvain,True,,,0,0.9145777318949153,0.9145777318949153,0
run_075,gps_noise_100m,additive_cij_louvain_matched_density,True,,,0,0.9145777318949153,0.9145777318949153,0
run_075,gps_noise_100m,geo_time_dbscan,True,,,0,0.5200088338808995,0.5200088338808995,0
run_075,gps_noise_100m,product_cij_leiden,True,,,0,0.9145777318949153,0.9145777318949153,0
run_075,gps_noise_100m,product_cij_louvain,True,,,0,0.9145777318949153,0.9145777318949153,0
run_075,gps_noise_300m,additive_cij_louvain,True,,,0,0.7991161030243099,0.7991161030243099,0
run_075,gps_noise_300m,additive_cij_louvain_matched_density,True,,,0,0.8534525168921313,0.8534525168921313,0
run_075,gps_noise_300m,geo_time_dbscan,True,,,0,0.4878984328912517,0.4878984328912517,0
run_075,gps_noise_300m,product_cij_leiden,True,,,0,0.7041867450281402,0.7041867450281402,0
run_075,gps_noise_300m,product_cij_louvain,True,,,0,0.7041867450281402,0.7041867450281402,0
run_075,time_noise_15min,additive_cij_louvain,True,,,0,0.8733579638928355,0.8733579638928355,0
run_075,time_noise_15min,additive_cij_louvain_matched_density,True,,,0,0.8733579638928355,0.8733579638928355,0
run_075,time_noise_15min,geo_time_dbscan,True,,,0,0.6175149816533386,0.6175149816533386,0
run_075,time_noise_15min,product_cij_leiden,True,,,0,0.9058028557319595,0.9058028557319595,0
run_075,time_noise_15min,product_cij_louvain,True,,,0,0.8733579638928355,0.8733579638928355,0
run_075,time_noise_60min,additive_cij_louvain,True,,,0,0.7898305547441669,0.7898305547441669,0
run_075,time_noise_60min,additive_cij_louvain_matched_density,True,,,0,0.7814217865195272,0.7814217865195272,0
run_075,time_noise_60min,geo_time_dbscan,True,,,0,0.5166819312847653,0.5166819312847653,0
run_075,time_noise_60min,product_cij_leiden,True,,,0,0.7814217865195272,0.7814217865195272,0
run_075,time_noise_60min,product_cij_louvain,True,,,0,0.7755651453927777,0.7755651453927777,0
run_076,baseline,additive_cij_louvain,True,,,0,0.7618270711654612,0.7618270711654612,0
run_076,baseline,additive_cij_louvain_matched_density,True,,,0,0.7682668868995,0.7682668868995,0
run_076,baseline,geo_time_dbscan,True,,,0,0.3080368881296079,0.3080368881296079,0
run_076,baseline,product_cij_leiden,True,,,0,0.789508695619889,0.789508695619889,0
run_076,baseline,product_cij_louvain,True,,,0,0.789508695619889,0.789508695619889,0
run_076,exact_transport_copy_2x,additive_cij_louvain,True,ari_all;ari_original;false_destination_rate_all;false_destination_rate_original;mean_degree;n_clusters_all;n_clusters_original;n_edges;nmi_all;nmi_original;pair_f1_all;pair_f1_original;retained_edge_fraction,,1,0.8613543452196808,0.819038459038979,-0.042315886180701812
run_076,exact_transport_copy_2x,additive_cij_louvain_matched_density,True,ari_all;ari_original;mean_degree;n_edges;nmi_all;nmi_original;pair_f1_all;pair_f1_original;retained_edge_fraction,,2,0.8466056169698969,0.8573382179962016,0.010732601026304689
run_076,exact_transport_copy_2x,geo_time_dbscan,True,,,0,0.3080368881296079,0.3080368881296079,0
run_076,exact_transport_copy_2x,product_cij_leiden,True,mean_degree;n_edges;retained_edge_fraction,,1,0.8507370026783972,0.8507370026783972,0
run_076,exact_transport_copy_2x,product_cij_louvain,True,ari_all;ari_original;mean_degree;n_edges;nmi_all;nmi_original;pair_f1_all;pair_f1_original;retained_edge_fraction,,1,0.806889000319201,0.8507370026783972,0.043848002359196281
run_076,exact_transport_copy_5x,additive_cij_louvain,True,mean_degree;n_edges;retained_edge_fraction,,5,0.278792859930174,0.278792859930174,0
run_076,exact_transport_copy_5x,additive_cij_louvain_matched_density,True,mean_degree;n_edges;retained_edge_fraction,nmi_original;threshold,10,0.30974186914426655,0.30974186914426655,0
run_076,exact_transport_copy_5x,geo_time_dbscan,True,,,0,0.3080368881296079,0.3080368881296079,0
run_076,exact_transport_copy_5x,product_cij_leiden,True,mean_degree;n_edges;retained_edge_fraction,,6,0.28810527988789,0.28810527988789,0
run_076,exact_transport_copy_5x,product_cij_louvain,True,mean_degree;n_edges;retained_edge_fraction,,6,0.28810527988789,0.28810527988789,0
run_076,gps_noise_100m,additive_cij_louvain,True,,,0,0.7618270711654612,0.7618270711654612,0
run_076,gps_noise_100m,additive_cij_louvain_matched_density,True,,,0,0.7468029853351955,0.7468029853351955,0
run_076,gps_noise_100m,geo_time_dbscan,True,,,0,0.3080368881296079,0.3080368881296079,0
run_076,gps_noise_100m,product_cij_leiden,True,,,0,0.789508695619889,0.789508695619889,0
run_076,gps_noise_100m,product_cij_louvain,True,,,0,0.7618270711654612,0.7618270711654612,0
run_076,gps_noise_300m,additive_cij_louvain,True,,,0,0.6729501096840634,0.6729501096840634,0
run_076,gps_noise_300m,additive_cij_louvain_matched_density,True,,,0,0.6874087694633491,0.6874087694633491,0
run_076,gps_noise_300m,geo_time_dbscan,True,,,0,0.3080368881296079,0.3080368881296079,0
run_076,gps_noise_300m,product_cij_leiden,True,,threshold,0,0.6923593866547275,0.6923593866547275,0
run_076,gps_noise_300m,product_cij_louvain,True,,threshold,0,0.6923593866547275,0.6923593866547275,0
run_076,time_noise_15min,additive_cij_louvain,True,,,0,0.7590028551016166,0.7590028551016166,0
run_076,time_noise_15min,additive_cij_louvain_matched_density,True,,,0,0.7236954710592721,0.7236954710592721,0
run_076,time_noise_15min,geo_time_dbscan,True,,,0,0.38685799259379994,0.38685799259379994,0
run_076,time_noise_15min,product_cij_leiden,True,,,0,0.7618270711654612,0.7618270711654612,0
run_076,time_noise_15min,product_cij_louvain,True,,,0,0.7618270711654612,0.7618270711654612,0
run_076,time_noise_60min,additive_cij_louvain,True,,,0,0.6518208705924216,0.6518208705924216,0
run_076,time_noise_60min,additive_cij_louvain_matched_density,True,,,0,0.6138222379745035,0.6138222379745035,0
run_076,time_noise_60min,geo_time_dbscan,True,,,0,0.34778399118745884,0.34778399118745884,0
run_076,time_noise_60min,product_cij_leiden,True,,,0,0.6523961057363904,0.6523961057363904,0
run_076,time_noise_60min,product_cij_louvain,True,,,0,0.6516870526608521,0.6516870526608521,0
run_077,baseline,additive_cij_louvain,True,,,0,0.8987857164995143,0.8987857164995143,0
run_077,baseline,additive_cij_louvain_matched_density,True,,,0,0.804773595533706,0.804773595533706,0
run_077,baseline,geo_time_dbscan,True,,,0,0.26824398971343144,0.26824398971343144,0
run_077,baseline,product_cij_leiden,True,,,0,0.8987857164995143,0.8987857164995143,0
run_077,baseline,product_cij_louvain,True,,,0,0.8987857164995143,0.8987857164995143,0
run_077,exact_transport_copy_2x,additive_cij_louvain,True,,,0,0.8652153859146512,0.8652153859146512,0
run_077,exact_transport_copy_2x,additive_cij_louvain_matched_density,True,ari_all;ari_original;false_destination_rate_all;false_destination_rate_original;n_clusters_all;n_clusters_original;nmi_all;nmi_original;pair_f1_all;pair_f1_original,,1,0.8850027383661264,0.8715110629761783,-0.01349167538994811
run_077,exact_transport_copy_2x,geo_time_dbscan,True,,,0,0.26824398971343144,0.26824398971343144,0
run_077,exact_transport_copy_2x,product_cij_leiden,True,,,0,0.9366163348960035,0.9366163348960035,0
run_077,exact_transport_copy_2x,product_cij_louvain,True,,,0,0.9446059147321214,0.9446059147321214,0
run_077,exact_transport_copy_5x,additive_cij_louvain,True,,nmi_all;nmi_original,0,0.3337826070780865,0.3337826070780865,0
run_077,exact_transport_copy_5x,additive_cij_louvain_matched_density,True,mean_degree;n_edges;retained_edge_fraction,nmi_original,3,0.3324213144014975,0.3324213144014975,0
run_077,exact_transport_copy_5x,geo_time_dbscan,True,,,0,0.26824398971343144,0.26824398971343144,0
run_077,exact_transport_copy_5x,product_cij_leiden,True,mean_degree;n_edges;retained_edge_fraction,,4,0.3337826070780865,0.3337826070780865,0
run_077,exact_transport_copy_5x,product_cij_louvain,True,mean_degree;n_edges;retained_edge_fraction,,4,0.3337826070780865,0.3337826070780865,0
run_077,gps_noise_100m,additive_cij_louvain,True,,,0,0.875960665051449,0.875960665051449,0
run_077,gps_noise_100m,additive_cij_louvain_matched_density,True,,,0,0.7841311679995603,0.7841311679995603,0
run_077,gps_noise_100m,geo_time_dbscan,True,,,0,0.26824398971343144,0.26824398971343144,0
run_077,gps_noise_100m,product_cij_leiden,True,,,0,0.875960665051449,0.875960665051449,0
run_077,gps_noise_100m,product_cij_louvain,True,,,0,0.875960665051449,0.875960665051449,0
run_077,gps_noise_300m,additive_cij_louvain,True,,,0,0.5483039039812163,0.5483039039812163,0
run_077,gps_noise_300m,additive_cij_louvain_matched_density,True,,,0,0.5283707686491053,0.5283707686491053,0
run_077,gps_noise_300m,geo_time_dbscan,True,,,0,0.24858069180135492,0.24858069180135492,0
run_077,gps_noise_300m,product_cij_leiden,True,,,0,0.5919666996745573,0.5919666996745573,0
run_077,gps_noise_300m,product_cij_louvain,True,,,0,0.6113010309943437,0.6113010309943437,0
run_077,time_noise_15min,additive_cij_louvain,True,,,0,0.7492547221867796,0.7492547221867796,0
run_077,time_noise_15min,additive_cij_louvain_matched_density,True,,,0,0.7321460760951943,0.7321460760951943,0
run_077,time_noise_15min,geo_time_dbscan,True,,,0,0.26824398971343144,0.26824398971343144,0
run_077,time_noise_15min,product_cij_leiden,True,,,0,0.7416369401094349,0.7416369401094349,0
run_077,time_noise_15min,product_cij_louvain,True,,,0,0.7416369401094349,0.7416369401094349,0
run_077,time_noise_60min,additive_cij_louvain,True,,threshold,0,0.6172380842467646,0.6172380842467646,0
run_077,time_noise_60min,additive_cij_louvain_matched_density,True,,,0,0.5271490309288065,0.5271490309288065,0
run_077,time_noise_60min,geo_time_dbscan,True,,,0,0.2704970959521006,0.2704970959521006,0
run_077,time_noise_60min,product_cij_leiden,True,,,0,0.6602067595224139,0.6602067595224139,0
run_077,time_noise_60min,product_cij_louvain,True,,,0,0.6202871562510281,0.6202871562510281,0
run_078,baseline,additive_cij_louvain,True,,,0,0.875352651775798,0.875352651775798,0
run_078,baseline,additive_cij_louvain_matched_density,True,,,0,0.835582707564569,0.835582707564569,0
run_078,baseline,geo_time_dbscan,True,,,0,0.4445668254080824,0.4445668254080824,0
run_078,baseline,product_cij_leiden,True,,threshold,0,0.8785362876515552,0.8785362876515552,0
run_078,baseline,product_cij_louvain,True,,threshold,0,0.8785362876515552,0.8785362876515552,0
run_078,exact_transport_copy_2x,additive_cij_louvain,True,mean_degree;n_edges;retained_edge_fraction,nmi_all;nmi_original,3,0.8990097205599951,0.8990097205599951,0
run_078,exact_transport_copy_2x,additive_cij_louvain_matched_density,True,mean_degree;n_edges;retained_edge_fraction,nmi_all;nmi_original,1,0.915451403062047,0.915451403062047,0
run_078,exact_transport_copy_2x,geo_time_dbscan,True,,,0,0.4445668254080824,0.4445668254080824,0
run_078,exact_transport_copy_2x,product_cij_leiden,True,ari_all;ari_original;nmi_all;nmi_original;pair_f1_all;pair_f1_original,,0.020257647418673974,0.9092915615351304,0.8890339141164564,-0.020257647418673974
run_078,exact_transport_copy_2x,product_cij_louvain,True,,,0,0.915451403062047,0.915451403062047,0
run_078,exact_transport_copy_5x,additive_cij_louvain,True,,,0,0.31461465334528077,0.31461465334528077,0
run_078,exact_transport_copy_5x,additive_cij_louvain_matched_density,True,,nmi_all;threshold,0,0.29426829500566476,0.29426829500566476,0
run_078,exact_transport_copy_5x,geo_time_dbscan,True,,,0,0.4445668254080824,0.4445668254080824,0
run_078,exact_transport_copy_5x,product_cij_leiden,True,mean_degree;n_edges;retained_edge_fraction,,14,0.3053581522341775,0.3053581522341775,0
run_078,exact_transport_copy_5x,product_cij_louvain,True,mean_degree;n_edges;retained_edge_fraction,nmi_original,14,0.3053581522341775,0.3053581522341775,0
run_078,gps_noise_100m,additive_cij_louvain,True,,,0,0.875352651775798,0.875352651775798,0
run_078,gps_noise_100m,additive_cij_louvain_matched_density,True,,,0,0.8330849318623589,0.8330849318623589,0
run_078,gps_noise_100m,geo_time_dbscan,True,,,0,0.4445668254080824,0.4445668254080824,0
run_078,gps_noise_100m,product_cij_leiden,True,,,0,0.835582707564569,0.835582707564569,0
run_078,gps_noise_100m,product_cij_louvain,True,,,0,0.835582707564569,0.835582707564569,0
run_078,gps_noise_300m,additive_cij_louvain,True,,,0,0.817738901003301,0.817738901003301,0
run_078,gps_noise_300m,additive_cij_louvain_matched_density,True,,,0,0.8330849318623589,0.8330849318623589,0
run_078,gps_noise_300m,geo_time_dbscan,True,,,0,0.2805222295739189,0.2805222295739189,0
run_078,gps_noise_300m,product_cij_leiden,True,,,0,0.8311027714136351,0.8311027714136351,0
run_078,gps_noise_300m,product_cij_louvain,True,,,0,0.8311027714136351,0.8311027714136351,0
run_078,time_noise_15min,additive_cij_louvain,True,,,0,0.875352651775798,0.875352651775798,0
run_078,time_noise_15min,additive_cij_louvain_matched_density,True,,,0,0.835582707564569,0.835582707564569,0
run_078,time_noise_15min,geo_time_dbscan,True,,,0,0.4445668254080824,0.4445668254080824,0
run_078,time_noise_15min,product_cij_leiden,True,,,0,0.8785362876515552,0.8785362876515552,0
run_078,time_noise_15min,product_cij_louvain,True,,,0,0.8785362876515552,0.8785362876515552,0
run_078,time_noise_60min,additive_cij_louvain,True,,,0,0.8136764606050543,0.8136764606050543,0
run_078,time_noise_60min,additive_cij_louvain_matched_density,True,,,0,0.7414770744876629,0.7414770744876629,0
run_078,time_noise_60min,geo_time_dbscan,True,,,0,0.3422437245147002,0.3422437245147002,0
run_078,time_noise_60min,product_cij_leiden,True,,,0,0.8063070650834439,0.8063070650834439,0
run_078,time_noise_60min,product_cij_louvain,True,,,0,0.8063070650834439,0.8063070650834439,0
run_079,baseline,additive_cij_louvain,True,,,0,0.9539689010183219,0.9539689010183219,0
run_079,baseline,additive_cij_louvain_matched_density,True,,threshold,0,0.9096990826746708,0.9096990826746708,0
run_079,baseline,geo_time_dbscan,True,,,0,0.6016385539259882,0.6016385539259882,0
run_079,baseline,product_cij_leiden,True,,,0,0.9539689010183219,0.9539689010183219,0
run_079,baseline,product_cij_louvain,True,,,0,0.9539689010183219,0.9539689010183219,0
run_079,exact_transport_copy_2x,additive_cij_louvain,True,mean_degree;n_edges;retained_edge_fraction,,1,0.9774505467304385,0.9774505467304385,0
run_079,exact_transport_copy_2x,additive_cij_louvain_matched_density,True,mean_degree;n_edges;retained_edge_fraction,,3,0.9774505467304385,0.9774505467304385,0
run_079,exact_transport_copy_2x,geo_time_dbscan,True,,,0,0.6016385539259882,0.6016385539259882,0
run_079,exact_transport_copy_2x,product_cij_leiden,True,mean_degree;n_edges;retained_edge_fraction,,1,0.9706949817056858,0.9706949817056858,0
run_079,exact_transport_copy_2x,product_cij_louvain,True,mean_degree;n_edges;retained_edge_fraction,nmi_all,1,0.9706949817056858,0.9706949817056858,0
run_079,exact_transport_copy_5x,additive_cij_louvain,True,mean_degree;n_edges;retained_edge_fraction,,5,0.265266680743284,0.265266680743284,0
run_079,exact_transport_copy_5x,additive_cij_louvain_matched_density,True,mean_degree;n_edges;retained_edge_fraction,,11,0.25994151304720126,0.25994151304720126,0
run_079,exact_transport_copy_5x,geo_time_dbscan,True,,,0,0.6016385539259882,0.6016385539259882,0
run_079,exact_transport_copy_5x,product_cij_leiden,True,,,0,0.265266680743284,0.265266680743284,0
run_079,exact_transport_copy_5x,product_cij_louvain,True,,,0,0.265266680743284,0.265266680743284,0
run_079,gps_noise_100m,additive_cij_louvain,True,,,0,0.975118510673197,0.975118510673197,0
run_079,gps_noise_100m,additive_cij_louvain_matched_density,True,,,0,0.9539689010183219,0.9539689010183219,0
run_079,gps_noise_100m,geo_time_dbscan,True,,,0,0.5693787551657116,0.5693787551657116,0
run_079,gps_noise_100m,product_cij_leiden,True,,,0,0.9539689010183219,0.9539689010183219,0
run_079,gps_noise_100m,product_cij_louvain,True,,,0,0.9539689010183219,0.9539689010183219,0
run_079,gps_noise_300m,additive_cij_louvain,True,,,0,0.8309358451448247,0.8309358451448247,0
run_079,gps_noise_300m,additive_cij_louvain_matched_density,True,,,0,0.8411462965079876,0.8411462965079876,0
run_079,gps_noise_300m,geo_time_dbscan,True,,,0,0.3720265571946873,0.3720265571946873,0
run_079,gps_noise_300m,product_cij_leiden,True,,,0,0.8309358451448247,0.8309358451448247,0
run_079,gps_noise_300m,product_cij_louvain,True,,,0,0.8239611927378189,0.8239611927378189,0
run_079,time_noise_15min,additive_cij_louvain,True,,,0,0.9539689010183219,0.9539689010183219,0
run_079,time_noise_15min,additive_cij_louvain_matched_density,True,,,0,0.9539689010183219,0.9539689010183219,0
run_079,time_noise_15min,geo_time_dbscan,True,,,0,0.5478187388900303,0.5478187388900303,0
run_079,time_noise_15min,product_cij_leiden,True,,threshold,0,0.9539689010183219,0.9539689010183219,0
run_079,time_noise_15min,product_cij_louvain,True,,threshold,0,0.9539689010183219,0.9539689010183219,0
run_079,time_noise_60min,additive_cij_louvain,True,,,0,0.8466930221937911,0.8466930221937911,0
run_079,time_noise_60min,additive_cij_louvain_matched_density,True,,,0,0.7738569897978751,0.7738569897978751,0
run_079,time_noise_60min,geo_time_dbscan,True,,,0,0.5197696303811397,0.5197696303811397,0
run_079,time_noise_60min,product_cij_leiden,True,,,0,0.8466930221937911,0.8466930221937911,0
run_079,time_noise_60min,product_cij_louvain,True,,,0,0.7738569897978751,0.7738569897978751,0
run_080,baseline,additive_cij_louvain,True,,,0,0.9956922722156056,0.9956922722156056,0
run_080,baseline,additive_cij_louvain_matched_density,True,,,0,0.983505048342215,0.983505048342215,0
run_080,baseline,geo_time_dbscan,True,,,0,0.43664705879470367,0.43664705879470367,0
run_080,baseline,product_cij_leiden,True,,,0,1.0,1.0,0
run_080,baseline,product_cij_louvain,True,,,0,1.0,1.0,0
run_080,exact_transport_copy_2x,additive_cij_louvain,True,mean_degree;n_edges;retained_edge_fraction,,1,0.9956922722156056,0.9956922722156056,0
run_080,exact_transport_copy_2x,additive_cij_louvain_matched_density,True,mean_degree;n_edges;retained_edge_fraction,,1,0.983505048342215,0.983505048342215,0
run_080,exact_transport_copy_2x,geo_time_dbscan,True,,,0,0.43664705879470367,0.43664705879470367,0
run_080,exact_transport_copy_2x,product_cij_leiden,True,mean_degree;n_edges;retained_edge_fraction,,3,1.0,1.0,0
run_080,exact_transport_copy_2x,product_cij_louvain,True,ari_all;ari_original;fake_only_destinations_all;fake_only_destinations_original;false_destination_rate_all;false_destination_rate_original;mean_degree;n_clusters_all;n_clusters_original;n_edges;nmi_all;nmi_original;pair_f1_all;pair_f1_original;retained_edge_fraction,,4.2105263157894743,0.9909943463495832,1.0,0.0090056536504168339
run_080,exact_transport_copy_5x,additive_cij_louvain,True,mean_degree;n_edges;retained_edge_fraction,nmi_all,11,0.2729388901004797,0.2729388901004797,0
run_080,exact_transport_copy_5x,additive_cij_louvain_matched_density,True,mean_degree;n_edges;retained_edge_fraction,,2,0.3086159508443144,0.3086159508443144,0
run_080,exact_transport_copy_5x,geo_time_dbscan,True,,,0,0.43664705879470367,0.43664705879470367,0
run_080,exact_transport_copy_5x,product_cij_leiden,True,mean_degree;n_edges;retained_edge_fraction,,6,0.28149032454568523,0.28149032454568523,0
run_080,exact_transport_copy_5x,product_cij_louvain,True,mean_degree;n_edges;retained_edge_fraction,nmi_original,6,0.28149032454568523,0.28149032454568523,0
run_080,gps_noise_100m,additive_cij_louvain,True,,,0,0.9436572485826917,0.9436572485826917,0
run_080,gps_noise_100m,additive_cij_louvain_matched_density,True,,,0,0.9749268794106369,0.9749268794106369,0
run_080,gps_noise_100m,geo_time_dbscan,True,,,0,0.43664705879470367,0.43664705879470367,0
run_080,gps_noise_100m,product_cij_leiden,True,,,0,0.9828335413240961,0.9828335413240961,0
run_080,gps_noise_100m,product_cij_louvain,True,,,0,0.9828335413240961,0.9828335413240961,0
run_080,gps_noise_300m,additive_cij_louvain,True,,,0,0.8000800877506654,0.8000800877506654,0
run_080,gps_noise_300m,additive_cij_louvain_matched_density,True,,,0,0.7987090361019865,0.7987090361019865,0
run_080,gps_noise_300m,geo_time_dbscan,True,,,0,0.2757489413090272,0.2757489413090272,0
run_080,gps_noise_300m,product_cij_leiden,True,,,0,0.8019980798385363,0.8019980798385363,0
run_080,gps_noise_300m,product_cij_louvain,True,,,0,0.8019980798385363,0.8019980798385363,0
run_080,time_noise_15min,additive_cij_louvain,True,,,0,0.9594093534495565,0.9594093534495565,0
run_080,time_noise_15min,additive_cij_louvain_matched_density,True,,,0,0.9554080140124445,0.9554080140124445,0
run_080,time_noise_15min,geo_time_dbscan,True,,,0,0.5782412544177623,0.5782412544177623,0
run_080,time_noise_15min,product_cij_leiden,True,,,0,0.9515636416879226,0.9515636416879226,0
run_080,time_noise_15min,product_cij_louvain,True,,,0,0.9515636416879226,0.9515636416879226,0
run_080,time_noise_60min,additive_cij_louvain,True,,,0,0.919526596246949,0.919526596246949,0
run_080,time_noise_60min,additive_cij_louvain_matched_density,True,,,0,0.7334686079233332,0.7334686079233332,0
run_080,time_noise_60min,geo_time_dbscan,True,,,0,0.31192471379876613,0.31192471379876613,0
run_080,time_noise_60min,product_cij_leiden,True,,,0,0.86471916134827,0.86471916134827,0
run_080,time_noise_60min,product_cij_louvain,True,,,0,0.86471916134827,0.86471916134827,0
