ari_all,ari_original,contaminated_destinations_all,contaminated_destinations_original,fake_absorption_rate_all,fake_absorption_rate_original,fake_only_destinations_all,fake_only_destinations_original,fake_rejection_rate_all,fake_rejection_rate_original,false_destination_rate_all,false_destination_rate_original,genuine_rejection_rate_all,genuine_rejection_rate_original,mean_degree,method,n_clusters_all,n_clusters_original,n_edges,n_evaluated_reports,n_original_reports,n_unassigned_all,n_unassigned_original,nmi_all,nmi_original,pair_f1_all,pair_f1_original,retained_edge_fraction,run_id,runtime_seconds,scenario,seed,threshold
0.8294589574997709,0.8294589574997709,0,0,0.0,0.0,3,3,0.0,0.0,17.647058823529413,17.647058823529413,0.0,0.0,9.918238993710691,product_cij_louvain,17,17,1577.0,318,318,0,0,0.949653808836539,0.949653808836539,0.8415094339622642,0.8415094339622642,0.031287820169434356,run_041,0.04747655400001349,baseline,41,0.26384137499722815
0.8294589574997709,0.8294589574997709,0,0,0.0,0.0,3,3,0.0,0.0,17.647058823529413,17.647058823529413,0.0,0.0,9.528301886792454,additive_cij_louvain,17,17,1515.0,318,318,0,0,0.949653808836539,0.949653808836539,0.8415094339622642,0.8415094339622642,0.03005773465865127,run_041,0.05317422799998894,baseline,41,1.545533950366735
0.8294589574997709,0.8294589574997709,0,0,0.0,0.0,3,3,0.0,0.0,17.647058823529413,17.647058823529413,0.0,0.0,9.924528301886792,additive_cij_louvain_matched_density,17,17,1578.0,318,318,0,0,0.949653808836539,0.949653808836539,0.8415094339622642,0.8415094339622642,0.03130766025831796,run_041,0.04048421800007418,baseline,41,0.7399289869848306
0.8294589574997709,0.8294589574997709,0,0,0.0,0.0,3,3,0.0,0.0,17.647058823529413,17.647058823529413,0.0,0.0,9.918238993710691,product_cij_leiden,17,17,1577.0,318,318,0,0,0.949653808836539,0.949653808836539,0.8415094339622642,0.8415094339622642,0.031287820169434356,run_041,0.032108725999933085,baseline,41,0.26384137499722815
0.673897305575186,0.673897305575186,0,0,0.0,0.0,3,3,0.0,0.0,21.428571428571427,21.428571428571427,0.0,0.0,,geo_time_dbscan,14,14,,318,318,0,0,0.9024048249284098,0.9024048249284098,0.7003218702354734,0.7003218702354734,,run_041,0.0047538320000057865,baseline,41,1.0
0.8073023448615826,0.8019342639877877,0,0,0.0,0.0,3,3,0.0,0.0,15.0,15.0,0.0,0.0,10.4937106918239,product_cij_louvain,20,20,3337.0,636,318,0,0,0.9295281510155006,0.9295281510155008,0.8201843110811418,0.8148148148148149,0.016525528648541572,run_041,0.19555863200002932,exact_transport_copy_2x,41,0.2898258229785218
0.7936223728524534,0.787786152251445,0,0,0.0,0.0,3,3,0.0,0.0,15.0,15.0,0.0,0.0,10.421383647798741,additive_cij_louvain,20,20,3314.0,636,318,0,0,0.9297994636463502,0.9297994636463502,0.8072453861927547,0.8014084507042254,0.016411627791809043,run_041,0.20891512299999704,exact_transport_copy_2x,41,1.554383909897301
0.8083643034710268,0.8026847346658154,0,0,0.0,0.0,3,3,0.0,0.0,14.285714285714286,14.285714285714286,0.0,0.0,10.452830188679245,additive_cij_louvain_matched_density,21,21,3324.0,636,318,0,0,0.9214533494516094,0.9214533494516094,0.820494531621493,0.8148148148148148,0.016461149903431883,run_041,0.22022735700011253,exact_transport_copy_2x,41,0.7461626976004626
0.8123518677283232,0.8067701034822884,0,0,0.0,0.0,3,3,0.0,0.0,14.285714285714286,14.285714285714286,0.0,0.0,10.4937106918239,product_cij_leiden,21,21,3337.0,636,318,0,0,0.9224200656030042,0.9224200656030042,0.82418893129771,0.8186069406842236,0.016525528648541572,run_041,0.13695098000016515,exact_transport_copy_2x,41,0.2898258229785218
0.6801909415231524,0.673897305575186,0,0,0.0,0.0,3,3,0.0,0.0,21.428571428571427,21.428571428571427,0.0,0.0,,geo_time_dbscan,14,14,,636,318,0,0,0.9024048249284098,0.9024048249284098,0.7067307692307692,0.7003218702354734,,run_041,0.015044781000142393,exact_transport_copy_2x,41,1.0
0.34044874415172416,0.2891453703140963,0,0,0.0,0.0,18,18,0.0,0.0,20.0,20.0,0.0,0.0,10.181132075471698,product_cij_louvain,90,90,8094.0,1590,318,0,0,0.7625419241532815,0.7625419241532815,0.3575542755870625,0.30455635491606714,0.00640725744208414,run_041,0.8060700450000695,exact_transport_copy_5x,41,0.3059673281610682
0.33734600455989827,0.28562063396606807,0,0,0.0,0.0,18,18,0.0,0.0,20.0,20.0,0.0,0.0,10.19496855345912,additive_cij_louvain,90,90,8105.0,1590,318,0,0,0.7622865888108786,0.7622865888108786,0.35430095576794846,0.3008423586040915,0.006415965106015808,run_041,0.7575663249999707,exact_transport_copy_5x,41,1.5600902985571496
0.3474545208467854,0.2971261613459836,0,0,0.0,0.0,18,18,0.0,0.0,20.454545454545453,20.454545454545453,0.0,0.0,10.231446540880503,additive_cij_louvain_matched_density,88,88,8134.0,1590,318,0,0,0.7636876679106628,0.7636876679106627,0.3649282156460592,0.31299524564183834,0.006438921674562934,run_041,0.7448046560000421,exact_transport_copy_5x,41,0.7502416993434349
0.34044874415172416,0.2891453703140963,0,0,0.0,0.0,18,18,0.0,0.0,20.0,20.0,0.0,0.0,10.181132075471698,product_cij_leiden,90,90,8094.0,1590,318,0,0,0.7625419241532814,0.7625419241532814,0.3575542755870625,0.30455635491606714,0.00640725744208414,run_041,0.6247017630000755,exact_transport_copy_5x,41,0.3059673281610682
0.6838406212970212,0.673897305575186,0,0,0.0,0.0,3,3,0.0,0.0,21.428571428571427,21.428571428571427,0.0,0.0,,geo_time_dbscan,14,14,,1590,318,0,0,0.9024048249284098,0.9024048249284098,0.7104461976626183,0.7003218702354734,,run_041,0.08628602399994634,exact_transport_copy_5x,41,1.0
0.8183026521782093,0.8183026521782093,0,0,0.0,0.0,3,3,0.0,0.0,17.647058823529413,17.647058823529413,0.0,0.0,9.949685534591195,product_cij_louvain,17,17,1582.0,318,318,0,0,0.9459241588466424,0.9459241588466424,0.8311742582532387,0.8311742582532387,0.03138702061385235,run_041,0.04496738200009531,gps_noise_100m,41,0.2484473163350464
0.8183026521782093,0.8183026521782093,0,0,0.0,0.0,3,3,0.0,0.0,17.647058823529413,17.647058823529413,0.0,0.0,9.534591194968554,additive_cij_louvain,17,17,1516.0,318,318,0,0,0.9459241588466424,0.9459241588466424,0.8311742582532387,0.8311742582532387,0.03007757474753487,run_041,0.04830141399997956,gps_noise_100m,41,1.51005323541309
0.8183026521782093,0.8183026521782093,0,0,0.0,0.0,3,3,0.0,0.0,17.647058823529413,17.647058823529413,0.0,0.0,9.968553459119496,additive_cij_louvain_matched_density,17,17,1585.0,318,318,0,0,0.9459241588466425,0.9459241588466425,0.8311742582532387,0.8311742582532387,0.031446540880503145,run_041,0.05267992100016272,gps_noise_100m,41,0.7383929583795349
0.8183026521782093,0.8183026521782093,0,0,0.0,0.0,3,3,0.0,0.0,17.647058823529413,17.647058823529413,0.0,0.0,9.949685534591195,product_cij_leiden,17,17,1582.0,318,318,0,0,0.9459241588466424,0.9459241588466424,0.8311742582532387,0.8311742582532387,0.03138702061385235,run_041,0.030600792999848636,gps_noise_100m,41,0.2484473163350464
0.673897305575186,0.673897305575186,0,0,0.0,0.0,3,3,0.0,0.0,21.428571428571427,21.428571428571427,0.0,0.0,,geo_time_dbscan,14,14,,318,318,0,0,0.9024048249284098,0.9024048249284098,0.7003218702354734,0.7003218702354734,,run_041,0.0055266419999497884,gps_noise_100m,41,1.0
0.7170173915508801,0.7170173915508801,0,0,0.0,0.0,3,3,0.0,0.0,20.0,20.0,0.0,0.0,10.025157232704403,product_cij_louvain,15,15,1594.0,318,318,0,0,0.9146293516297239,0.9146293516297239,0.7390593789722172,0.7390593789722172,0.03162510168045553,run_041,0.06207296399998086,gps_noise_300m,41,0.1862264350048631
0.772378067059038,0.772378067059038,0,0,0.0,0.0,3,3,0.0,0.0,17.647058823529413,17.647058823529413,0.0,0.0,9.584905660377359,additive_cij_louvain,17,17,1524.0,318,318,0,0,0.9252520040786077,0.9252520040786077,0.7892147215115135,0.7892147215115135,0.030236295458603655,run_041,0.0557921049999095,gps_noise_300m,41,1.2627873209095581
0.7292521280577575,0.7292521280577575,0,0,0.0,0.0,3,3,0.0,0.0,20.0,20.0,0.0,0.0,10.150943396226415,additive_cij_louvain_matched_density,15,15,1614.0,318,318,0,0,0.9125887204172105,0.9125887204172105,0.7498586239396796,0.7498586239396796,0.03202190345812749,run_041,0.04407573499997852,gps_noise_300m,41,0.7241405341019074
0.7753853459658873,0.7753853459658873,0,0,0.0,0.0,3,3,0.0,0.0,18.75,18.75,0.0,0.0,10.025157232704403,product_cij_leiden,16,16,1594.0,318,318,0,0,0.922378218764624,0.922378218764624,0.791624313884936,0.791624313884936,0.03162510168045553,run_041,0.03278833600006692,gps_noise_300m,41,0.1862264350048631
0.5672786259422422,0.5672786259422422,0,0,0.0,0.0,3,3,0.0,0.0,23.076923076923077,23.076923076923077,0.0,0.0,,geo_time_dbscan,13,13,,318,318,0,0,0.8670170281467564,0.8670170281467564,0.6049165935030728,0.6049165935030728,,run_041,0.005036279000023569,gps_noise_300m,41,1.0
0.7980322137963769,0.7980322137963769,0,0,0.0,0.0,3,3,0.0,0.0,18.75,18.75,0.0,0.0,9.930817610062894,product_cij_louvain,16,16,1579.0,318,318,0,0,0.9450892510976641,0.9450892510976641,0.8129793510324484,0.8129793510324484,0.03132750034720155,run_041,0.048220806000017546,time_noise_15min,41,0.24849351270803793
0.7980322137963769,0.7980322137963769,0,0,0.0,0.0,3,3,0.0,0.0,18.75,18.75,0.0,0.0,9.358490566037736,additive_cij_louvain,16,16,1488.0,318,318,0,0,0.9450892510976641,0.9450892510976641,0.8129793510324484,0.8129793510324484,0.029522052258794118,run_041,0.045610011000007944,time_noise_15min,41,1.5161782845910896
0.7980322137963769,0.7980322137963769,0,0,0.0,0.0,3,3,0.0,0.0,18.75,18.75,0.0,0.0,9.9874213836478,additive_cij_louvain_matched_density,16,16,1588.0,318,318,0,0,0.9450892510976641,0.9450892510976641,0.8129793510324484,0.8129793510324484,0.03150606114715394,run_041,0.05701152100004947,time_noise_15min,41,0.7236332602876346
0.7980322137963769,0.7980322137963769,0,0,0.0,0.0,3,3,0.0,0.0,18.75,18.75,0.0,0.0,9.930817610062894,product_cij_leiden,16,16,1579.0,318,318,0,0,0.9450892510976641,0.9450892510976641,0.8129793510324484,0.8129793510324484,0.03132750034720155,run_041,0.035973408000018026,time_noise_15min,41,0.24849351270803793
0.673897305575186,0.673897305575186,0,0,0.0,0.0,3,3,0.0,0.0,21.428571428571427,21.428571428571427,0.0,0.0,,geo_time_dbscan,14,14,,318,318,0,0,0.9024048249284098,0.9024048249284098,0.7003218702354734,0.7003218702354734,,run_041,0.005678824000142413,time_noise_15min,41,1.0
0.7980322137963769,0.7980322137963769,0,0,0.0,0.0,3,3,0.0,0.0,18.75,18.75,0.0,0.0,9.89937106918239,product_cij_louvain,16,16,1574.0,318,318,0,0,0.9450892510976641,0.9450892510976641,0.8129793510324484,0.8129793510324484,0.031228299902783564,run_041,0.04391591200010225,time_noise_60min,41,0.18455612629708915
0.7960298892106372,0.7960298892106372,0,0,0.0,0.0,3,3,0.0,0.0,17.647058823529413,17.647058823529413,0.0,0.0,9.38993710691824,additive_cij_louvain,17,17,1493.0,318,318,0,0,0.942883284821984,0.942883284821984,0.811108922592082,0.811108922592082,0.02962125270321211,run_041,0.044582871000102386,time_noise_60min,41,1.3587996296666978
0.7405797443756105,0.7405797443756105,0,0,0.0,0.0,3,3,0.0,0.0,20.0,20.0,0.0,0.0,9.9937106918239,additive_cij_louvain_matched_density,15,15,1589.0,318,318,0,0,0.9260114102326589,0.9260114102326589,0.7606255749770009,0.7606255749770009,0.03152590123603754,run_041,0.04542616100002306,time_noise_60min,41,0.6718453472962033
0.7980322137963769,0.7980322137963769,0,0,0.0,0.0,3,3,0.0,0.0,18.75,18.75,0.0,0.0,9.89937106918239,product_cij_leiden,16,16,1574.0,318,318,0,0,0.9450892510976641,0.9450892510976641,0.8129793510324484,0.8129793510324484,0.031228299902783564,run_041,0.032017523000149595,time_noise_60min,41,0.18455612629708915
0.6152104617615141,0.6152104617615141,0,0,0.0,0.0,3,3,6.666666666666667,6.666666666666667,23.076923076923077,23.076923076923077,1.550387596899225,1.550387596899225,,geo_time_dbscan,13,13,,318,318,8,8,0.8687175874441584,0.8687175874441584,0.6474587245063127,0.6474587245063127,,run_041,0.0045888040001500485,time_noise_60min,41,1.0
0.8444345102449343,0.8444345102449343,0,0,0.0,0.0,2,2,0.0,0.0,12.5,12.5,0.0,0.0,9.778523489932885,product_cij_louvain,16,16,1457.0,298,298,0,0,0.9586006007273327,0.9586006007273327,0.8556227327690447,0.8556227327690447,0.03292432151492554,run_042,0.03779099899998073,baseline,42,0.3445746213221754
0.8276450356552721,0.8276450356552721,0,0,0.0,0.0,2,2,0.0,0.0,10.0,10.0,0.0,0.0,8.006711409395972,additive_cij_louvain,20,20,1193.0,298,298,0,0,0.946619878080072,0.946619878080072,0.8399117430742828,0.8399117430742828,0.026958624274060514,run_042,0.03758438499994554,baseline,42,1.6254945019925966
0.8317346088836916,0.8317346088836916,0,0,0.0,0.0,2,2,0.0,0.0,12.5,12.5,0.0,0.0,9.697986577181208,additive_cij_louvain_matched_density,16,16,1445.0,298,298,0,0,0.9520410663612681,0.9520410663612681,0.8439000960614793,0.8439000960614793,0.032653153458522585,run_042,0.04100218500002484,baseline,42,0.8146507270984551
0.8444345102449343,0.8444345102449343,0,0,0.0,0.0,2,2,0.0,0.0,12.5,12.5,0.0,0.0,9.778523489932885,product_cij_leiden,16,16,1457.0,298,298,0,0,0.9586006007273327,0.9586006007273327,0.8556227327690447,0.8556227327690447,0.03292432151492554,run_042,0.029068402999882892,baseline,42,0.3445746213221754
0.38305410007805085,0.38305410007805085,0,0,0.0,0.0,2,2,0.0,0.0,20.0,20.0,0.0,0.0,,geo_time_dbscan,10,10,,298,298,0,0,0.786868381768883,0.786868381768883,0.44375311100049775,0.44375311100049775,,run_042,0.004547166999827823,baseline,42,1.0
0.8458623388444598,0.8411180018208735,0,0,0.0,0.0,4,4,0.0,0.0,20.0,20.0,0.0,0.0,10.201342281879194,product_cij_louvain,20,20,3040.0,596,298,0,0,0.9418948797346157,0.9418948797346157,0.8560321715817694,0.8512877319302132,0.017145113078788562,run_042,0.10658832700005405,exact_transport_copy_2x,42,0.3572958000053008
0.8376735130826245,0.8326398642711385,0,0,0.0,0.0,3,3,0.0,0.0,13.043478260869565,13.043478260869565,0.0,0.0,9.550335570469798,additive_cij_louvain,23,23,2846.0,596,298,0,0,0.9315327033064076,0.9315327033064076,0.8483130904183536,0.8432794199665365,0.01605098415205008,run_042,0.1079050329999518,exact_transport_copy_2x,42,1.6339278354127955
0.7539886811024213,0.7468916757758022,0,0,0.0,0.0,4,4,0.0,0.0,21.05263157894737,21.05263157894737,0.0,0.0,10.191275167785236,additive_cij_louvain_matched_density,19,19,3037.0,596,298,0,0,0.9128956265151644,0.9128956265151644,0.7711178553363682,0.7640156453715776,0.017128193559302916,run_042,0.12003965100007008,exact_transport_copy_2x,42,0.820090761552849
0.8383232652185424,0.8333335716773004,0,0,0.0,0.0,4,4,0.0,0.0,20.0,20.0,0.0,0.0,10.201342281879194,product_cij_leiden,20,20,3040.0,596,298,0,0,0.9390788724929929,0.9390788724929928,0.8489653319000269,0.843975569128262,0.017145113078788562,run_042,0.08560944700002437,exact_transport_copy_2x,42,0.3572958000053008
0.3903392121745519,0.38305410007805085,0,0,0.0,0.0,2,2,0.0,0.0,20.0,20.0,0.0,0.0,,geo_time_dbscan,10,10,,596,298,0,0,0.7868683817688832,0.786868381768883,0.4518700183936235,0.44375311100049775,,run_042,0.010563526999931128,exact_transport_copy_2x,42,1.0
0.3435436240239238,0.2882184749608997,0,0,0.0,0.0,17,17,0.0,0.0,18.681318681318682,18.681318681318682,0.0,0.0,10.03758389261745,product_cij_louvain,91,91,7478.0,1490,298,0,0,0.7709659778330582,0.7709659778330586,0.36005868645896266,0.3027738598965679,0.006741157751925755,run_042,0.4342266159999326,exact_transport_copy_5x,42,0.3670900761051913
0.3446012074944971,0.289690260674103,0,0,0.0,0.0,17,17,0.0,0.0,18.27956989247312,18.27956989247312,0.0,0.0,9.977181208053691,additive_cij_louvain,93,93,7433.0,1490,298,0,0,0.7702605213859943,0.7702605213859945,0.3614830072090629,0.3046728971962617,0.00670059181199039,run_042,0.4503746759999103,exact_transport_copy_5x,42,1.6401951094442597
0.32295803329666034,0.26529478957314573,0,0,0.0,0.0,19,19,0.0,0.0,19.791666666666668,19.791666666666668,0.0,0.0,9.934228187919462,additive_cij_louvain_matched_density,96,96,7401.0,1490,298,0,0,0.7630989143336045,0.7630989143336047,0.33926080892608085,0.2794676806083651,0.0066717449213696866,run_042,0.4513202129999172,exact_transport_copy_5x,42,0.8233092710473631
0.3435436240239238,0.2882184749608997,0,0,0.0,0.0,17,17,0.0,0.0,18.681318681318682,18.681318681318682,0.0,0.0,10.03758389261745,product_cij_leiden,91,91,7478.0,1490,298,0,0,0.7709659778330583,0.7709659778330584,0.36005868645896266,0.3027738598965679,0.006741157751925755,run_042,0.34614964699994744,exact_transport_copy_5x,42,0.3670900761051913
0.39461394831449553,0.38305410007805085,0,0,0.0,0.0,2,2,0.0,0.0,20.0,20.0,0.0,0.0,,geo_time_dbscan,10,10,,1490,298,0,0,0.7868683817688829,0.786868381768883,0.45662744335310707,0.44375311100049775,,run_042,0.045938767000052394,exact_transport_copy_5x,42,1.0
0.819795532042256,0.819795532042256,0,0,0.0,0.0,2,2,0.0,0.0,12.5,12.5,0.0,0.0,9.912751677852349,product_cij_louvain,16,16,1477.0,298,298,0,0,0.9477261184908085,0.9477261184908085,0.8328963051251489,0.8328963051251489,0.033376268275597136,run_042,0.054935536999892065,gps_noise_100m,42,0.33115345355192444
0.8102054929963696,0.8102054929963696,0,0,0.0,0.0,2,2,0.0,0.0,11.11111111111111,11.11111111111111,0.0,0.0,8.06711409395973,additive_cij_louvain,18,18,1202.0,298,298,0,0,0.9410326103037818,0.9410326103037818,0.8239250540475619,0.8239250540475619,0.027162000316362733,run_042,0.04179111700000249,gps_noise_100m,42,1.596861506214621
0.8167201585994671,0.8167201585994671,0,0,0.0,0.0,2,2,0.0,0.0,12.5,12.5,0.0,0.0,9.832214765100671,additive_cij_louvain_matched_density,16,16,1465.0,298,298,0,0,0.9424532017833422,0.9424532017833422,0.8299711815561961,0.8299711815561961,0.03310510021919418,run_042,0.04346542000007503,gps_noise_100m,42,0.8121283114556814
0.819795532042256,0.819795532042256,0,0,0.0,0.0,2,2,0.0,0.0,12.5,12.5,0.0,0.0,9.912751677852349,product_cij_leiden,16,16,1477.0,298,298,0,0,0.9477261184908082,0.9477261184908082,0.8328963051251489,0.8328963051251489,0.033376268275597136,run_042,0.029437266999821077,gps_noise_100m,42,0.33115345355192444
0.38305410007805085,0.38305410007805085,0,0,0.0,0.0,2,2,0.0,0.0,20.0,20.0,0.0,0.0,,geo_time_dbscan,10,10,,298,298,0,0,0.786868381768883,0.786868381768883,0.44375311100049775,0.44375311100049775,,run_042,0.004775903000108883,gps_noise_100m,42,1.0
0.7493059780467045,0.7493059780467045,0,0,0.0,0.0,2,2,0.0,0.0,14.285714285714286,14.285714285714286,0.0,0.0,10.073825503355705,product_cij_louvain,14,14,1501.0,298,298,0,0,0.9110894648481859,0.9110894648481859,0.7684444444444445,0.7684444444444445,0.033918604388403044,run_042,0.044815978999849904,gps_noise_300m,42,0.2682046875863908
0.7234615464280536,0.7234615464280536,0,0,0.0,0.0,2,2,0.0,0.0,13.333333333333334,13.333333333333334,0.0,0.0,8.651006711409396,additive_cij_louvain,15,15,1289.0,298,298,0,0,0.900102076642224,0.900102076642224,0.744988143996551,0.744988143996551,0.029127968725284163,run_042,0.04008880400010639,gps_noise_300m,42,1.4046500090946936
0.6591223073888945,0.6591223073888945,0,0,0.0,0.0,2,2,0.0,0.0,15.384615384615385,15.384615384615385,0.0,0.0,9.973154362416107,additive_cij_louvain_matched_density,13,13,1486.0,298,298,0,0,0.8922805982092653,0.8922805982092653,0.6871694417238001,0.6871694417238001,0.03357964431789935,run_042,0.04083687000002101,gps_noise_300m,42,0.795555463992891
0.802405142054059,0.802405142054059,0,0,0.0,0.0,2,2,0.0,0.0,13.333333333333334,13.333333333333334,0.0,0.0,10.073825503355705,product_cij_leiden,15,15,1501.0,298,298,0,0,0.929298580732277,0.929298580732277,0.816848083293895,0.816848083293895,0.033918604388403044,run_042,0.03045972800009622,gps_noise_300m,42,0.2682046875863908
0.354350823619385,0.354350823619385,0,0,0.0,0.0,2,2,0.0,0.0,25.0,25.0,0.0,0.0,,geo_time_dbscan,8,8,,298,298,0,0,0.7373366776904381,0.7373366776904381,0.41888875836955247,0.41888875836955247,,run_042,0.004604405999998562,gps_noise_300m,42,1.0
0.7828930638663347,0.7828930638663347,0,0,0.0,0.0,3,3,0.0,0.0,20.0,20.0,0.0,0.0,9.74496644295302,product_cij_louvain,15,15,1452.0,298,298,0,0,0.9346745263353804,0.9346745263353804,0.799372338040798,0.799372338040798,0.03281133482475764,run_042,0.038899789999959467,time_noise_15min,42,0.33513440413732787
0.8056696939639658,0.8056696939639658,0,0,0.0,0.0,3,3,0.0,0.0,17.647058823529413,17.647058823529413,0.0,0.0,8.268456375838927,additive_cij_louvain,17,17,1232.0,298,298,0,0,0.9455252635969705,0.9455252635969705,0.8200972447325771,0.8200972447325771,0.02783992045737012,run_042,0.048112462000062806,time_noise_15min,42,1.5928344195771607
0.7455640539322546,0.7455640539322546,0,0,0.0,0.0,2,2,0.0,0.0,14.285714285714286,14.285714285714286,0.0,0.0,9.718120805369127,additive_cij_louvain_matched_density,14,14,1448.0,298,298,0,0,0.9180423179502324,0.9180423179502324,0.7651448639157155,0.7651448639157155,0.032720945472623324,run_042,0.04318561800005227,time_noise_15min,42,0.7973751624068672
0.7828930638663347,0.7828930638663347,0,0,0.0,0.0,3,3,0.0,0.0,20.0,20.0,0.0,0.0,9.74496644295302,product_cij_leiden,15,15,1452.0,298,298,0,0,0.9346745263353804,0.9346745263353804,0.799372338040798,0.799372338040798,0.03281133482475764,run_042,0.029676752999876044,time_noise_15min,42,0.33513440413732787
0.38305410007805085,0.38305410007805085,0,0,0.0,0.0,2,2,0.0,0.0,20.0,20.0,0.0,0.0,,geo_time_dbscan,10,10,,298,298,0,0,0.786868381768883,0.786868381768883,0.44375311100049775,0.44375311100049775,,run_042,0.004889945000059015,time_noise_15min,42,1.0
0.747476100591667,0.747476100591667,0,0,0.0,0.0,3,3,0.0,0.0,18.75,18.75,0.0,0.0,9.825503355704697,product_cij_louvain,16,16,1464.0,298,298,0,0,0.9044272529281693,0.9044272529281693,0.765358993338268,0.765358993338268,0.0330825028811606,run_042,0.03916446699986409,time_noise_60min,42,0.25800441575586475
0.7647287230358502,0.7647287230358502,0,0,0.0,0.0,3,3,0.0,0.0,16.666666666666668,16.666666666666668,0.0,0.0,8.429530201342281,additive_cij_louvain,18,18,1256.0,298,298,0,0,0.9184080014234401,0.9184080014234401,0.782350251486054,0.782350251486054,0.028382256570176033,run_042,0.037228415000072346,time_noise_60min,42,1.4309031397679903
0.7018601871676138,0.7018601871676138,0,0,0.0,0.0,3,3,0.0,0.0,20.0,20.0,0.0,0.0,9.812080536912752,additive_cij_louvain_matched_density,15,15,1462.0,298,298,0,0,0.8730679793700173,0.8730679793700173,0.7234348764691773,0.7234348764691773,0.03303730820509344,run_042,0.0430346120001559,time_noise_60min,42,0.7421290179370419
0.7447902913441702,0.7447902913441702,0,0,0.0,0.0,3,3,0.0,0.0,18.75,18.75,0.0,0.0,9.825503355704697,product_cij_leiden,16,16,1464.0,298,298,0,0,0.8997703904014202,0.8997703904014202,0.7628458498023715,0.7628458498023715,0.0330825028811606,run_042,0.029055042999971192,time_noise_60min,42,0.25800441575586475
0.3277049423317343,0.3277049423317343,0,0,0.0,0.0,2,2,0.0,0.0,22.22222222222222,22.22222222222222,1.2605042016806722,1.2605042016806722,,geo_time_dbscan,9,9,,298,298,3,3,0.7302709077538238,0.7302709077538238,0.3956393368158074,0.3956393368158074,,run_042,0.004774782999902527,time_noise_60min,42,1.0
0.9211675476901862,0.9211675476901862,0,0,0.0,0.0,3,3,0.0,0.0,16.666666666666668,16.666666666666668,0.0,0.0,9.813084112149532,product_cij_louvain,18,18,1575.0,321,321,0,0,0.9777623393841383,0.9777623393841383,0.9265681866837936,0.9265681866837936,0.03066588785046729,run_043,0.0460726539999996,baseline,43,0.33003735382103694
0.9211675476901862,0.9211675476901862,0,0,0.0,0.0,3,3,0.0,0.0,16.666666666666668,16.666666666666668,0.0,0.0,9.29595015576324,additive_cij_louvain,18,18,1492.0,321,321,0,0,0.9777623393841384,0.9777623393841384,0.9265681866837936,0.9265681866837936,0.029049844236760124,run_043,0.05040624100001878,baseline,43,1.5968910347087348
0.8792186836518047,0.8792186836518047,0,0,0.0,0.0,2,2,0.0,0.0,12.5,12.5,0.0,0.0,9.813084112149532,additive_cij_louvain_matched_density,16,16,1575.0,321,321,0,0,0.9632101996457682,0.9632101996457682,0.8877948717948718,0.8877948717948718,0.03066588785046729,run_043,0.05139427900007831,baseline,43,0.7652727103769017
0.9211675476901862,0.9211675476901862,0,0,0.0,0.0,3,3,0.0,0.0,16.666666666666668,16.666666666666668,0.0,0.0,9.813084112149532,product_cij_leiden,18,18,1575.0,321,321,0,0,0.9777623393841384,0.9777623393841384,0.9265681866837936,0.9265681866837936,0.03066588785046729,run_043,0.03218183100011629,baseline,43,0.33003735382103694
0.517048997407371,0.517048997407371,0,0,0.0,0.0,2,2,0.0,0.0,18.181818181818183,18.181818181818183,0.0,0.0,,geo_time_dbscan,11,11,,321,321,0,0,0.8433354940360084,0.8433354940360084,0.5615801704105344,0.5615801704105344,,run_043,0.004870887999913975,baseline,43,1.0
0.9679043326614273,0.9670180020520474,0,0,0.0,0.0,3,3,0.0,0.0,15.789473684210526,15.789473684210526,0.0,0.0,10.18380062305296,product_cij_louvain,19,19,3269.0,642,321,0,0,0.9832248933884598,0.98322489338846,0.9700473516132585,0.9691609977324264,0.01588736446654128,run_043,0.11519824800006973,exact_transport_copy_2x,43,0.34178384301744424
0.9679043326614273,0.9670180020520474,0,0,0.0,0.0,3,3,0.0,0.0,15.789473684210526,15.789473684210526,0.0,0.0,10.146417445482866,additive_cij_louvain,19,19,3257.0,642,321,0,0,0.98322489338846,0.98322489338846,0.9700473516132585,0.9691609977324264,0.01582904437672834,run_043,0.12214916499988249,exact_transport_copy_2x,43,1.6067605566004954
0.9755972525782658,0.9749202404959761,0,0,0.0,0.0,3,3,0.0,0.0,15.789473684210526,15.789473684210526,0.0,0.0,10.177570093457945,additive_cij_louvain_matched_density,19,19,3267.0,642,321,0,0,0.9858949882079904,0.9858949882079904,0.9772199491319252,0.976542928717832,0.015877644451572456,run_043,0.11969585600013488,exact_transport_copy_2x,43,0.7699921664866611
0.8989770167707958,0.8960412454245795,0,0,0.0,0.0,3,3,0.0,0.0,15.0,15.0,0.0,0.0,10.18380062305296,product_cij_leiden,20,20,3269.0,642,321,0,0,0.9599030196370758,0.9599030196370757,0.9054100819010267,0.9024738344433872,0.01588736446654128,run_043,0.09067871499996727,exact_transport_copy_2x,43,0.34178384301744424
0.5239466678720585,0.517048997407371,0,0,0.0,0.0,2,2,0.0,0.0,18.181818181818183,18.181818181818183,0.0,0.0,,geo_time_dbscan,11,11,,642,321,0,0,0.8433354940360084,0.8433354940360084,0.5688440297086269,0.5615801704105344,,run_043,0.011955533999980616,exact_transport_copy_2x,43,1.0
0.3233943813266272,0.27125232034623153,0,0,0.0,0.0,19,19,0.0,0.0,19.387755102040817,19.387755102040817,0.0,0.0,10.04361370716511,product_cij_louvain,98,98,8060.0,1605,321,0,0,0.7714884354469022,0.7714884354469024,0.3390887986070807,0.2849293563579278,0.00626160455558922,run_043,0.5058521309999833,exact_transport_copy_5x,43,0.3532144713906985
0.3239831494751482,0.2719061727888785,0,0,0.0,0.0,19,19,0.0,0.0,19.387755102040817,19.387755102040817,0.0,0.0,10.049844236760125,additive_cij_louvain,98,98,8065.0,1605,321,0,0,0.77163151069407,0.7716315106940702,0.33969105808978173,0.28560219693997646,0.006265488925660926,run_043,0.5160206139998991,exact_transport_copy_5x,43,1.6126108985554308
0.32562250081731886,0.27365214805090915,0,0,0.0,0.0,19,19,0.0,0.0,19.19191919191919,19.19191919191919,0.0,0.0,10.02367601246106,additive_cij_louvain_matched_density,99,99,8044.0,1605,321,0,0,0.7720298989224281,0.7720298989224286,0.3412652350551364,0.28728414442700156,0.006249174571359762,run_043,0.47818394699993405,exact_transport_copy_5x,43,0.7729138440001211
0.3233943813266272,0.27125232034623153,0,0,0.0,0.0,19,19,0.0,0.0,19.387755102040817,19.387755102040817,0.0,0.0,10.04361370716511,product_cij_leiden,98,98,8060.0,1605,321,0,0,0.7714884354469024,0.7714884354469026,0.3390887986070807,0.2849293563579278,0.00626160455558922,run_043,0.39382912100018075,exact_transport_copy_5x,43,0.3532144713906985
0.5279791970714225,0.517048997407371,0,0,0.0,0.0,2,2,0.0,0.0,18.181818181818183,18.181818181818183,0.0,0.0,,geo_time_dbscan,11,11,,1605,321,0,0,0.8433354940360084,0.8433354940360084,0.5730879468999849,0.5615801704105344,,run_043,0.05623585200009984,exact_transport_copy_5x,43,1.0
0.8737248586641565,0.8737248586641565,0,0,0.0,0.0,2,2,0.0,0.0,12.5,12.5,0.0,0.0,9.906542056074766,product_cij_louvain,16,16,1590.0,321,321,0,0,0.9583458902522574,0.9583458902522574,0.8826792685432505,0.8826792685432505,0.030957943925233645,run_043,0.04741557699981058,gps_noise_100m,43,0.32169605765229575
0.9081958723451835,0.9081958723451835,0,0,0.0,0.0,3,3,0.0,0.0,16.666666666666668,16.666666666666668,0.0,0.0,9.5202492211838,additive_cij_louvain,18,18,1528.0,321,321,0,0,0.9673319725882542,0.9673319725882542,0.9144933732364258,0.9144933732364258,0.029750778816199377,run_043,0.04806173099996158,gps_noise_100m,43,1.550365155212389
0.8411721412021262,0.8411721412021262,0,0,0.0,0.0,2,2,0.0,0.0,13.333333333333334,13.333333333333334,0.0,0.0,9.90031152647975,additive_cij_louvain_matched_density,15,15,1589.0,321,321,0,0,0.9486798013493216,0.9486798013493216,0.852807881773399,0.852807881773399,0.03093847352024922,run_043,0.04151726400004918,gps_noise_100m,43,0.7603570519484922
0.8737248586641565,0.8737248586641565,0,0,0.0,0.0,3,3,0.0,0.0,17.647058823529413,17.647058823529413,0.0,0.0,9.906542056074766,product_cij_leiden,17,17,1590.0,321,321,0,0,0.9583458902522574,0.9583458902522574,0.8826792685432505,0.8826792685432505,0.030957943925233645,run_043,0.03268822900008672,gps_noise_100m,43,0.32169605765229575
0.517048997407371,0.517048997407371,0,0,0.0,0.0,2,2,0.0,0.0,18.181818181818183,18.181818181818183,0.0,0.0,,geo_time_dbscan,11,11,,321,321,0,0,0.8433354940360084,0.8433354940360084,0.5615801704105344,0.5615801704105344,,run_043,0.005175640000061321,gps_noise_100m,43,1.0
0.7889193636862315,0.7889193636862315,0,0,0.0,0.0,2,2,0.0,0.0,14.285714285714286,14.285714285714286,0.0,0.0,10.031152647975079,product_cij_louvain,14,14,1610.0,321,321,0,0,0.927681887042272,0.927681887042272,0.8048964218455743,0.8048964218455743,0.031347352024922115,run_043,0.04821752199995899,gps_noise_300m,43,0.2598631968686445
0.7889193636862315,0.7889193636862315,0,0,0.0,0.0,2,2,0.0,0.0,14.285714285714286,14.285714285714286,0.0,0.0,9.495327102803738,additive_cij_louvain,14,14,1524.0,321,321,0,0,0.927681887042272,0.927681887042272,0.8048964218455743,0.8048964218455743,0.02967289719626168,run_043,0.041964588000155345,gps_noise_300m,43,1.341935914345711
0.8411721412021262,0.8411721412021262,0,0,0.0,0.0,2,2,0.0,0.0,13.333333333333334,13.333333333333334,0.0,0.0,10.018691588785046,additive_cij_louvain_matched_density,15,15,1608.0,321,321,0,0,0.9486798013493216,0.9486798013493216,0.852807881773399,0.852807881773399,0.03130841121495327,run_043,0.05477131600014218,gps_noise_300m,43,0.7429706987065174
0.7889193636862315,0.7889193636862315,0,0,0.0,0.0,2,2,0.0,0.0,14.285714285714286,14.285714285714286,0.0,0.0,10.031152647975079,product_cij_leiden,14,14,1610.0,321,321,0,0,0.9276818870422722,0.9276818870422722,0.8048964218455743,0.8048964218455743,0.031347352024922115,run_043,0.03475620900007925,gps_noise_300m,43,0.2598631968686445
0.29064834998449846,0.29064834998449846,0,0,0.0,0.0,2,2,0.0,0.0,25.0,25.0,0.0,0.0,,geo_time_dbscan,8,8,,321,321,0,0,0.690471283813685,0.690471283813685,0.3649941265312972,0.3649941265312972,,run_043,0.005192557000100351,gps_noise_300m,43,1.0
0.8401769307075602,0.8401769307075602,0,0,0.0,0.0,3,3,0.0,0.0,18.75,18.75,0.0,0.0,9.906542056074766,product_cij_louvain,16,16,1590.0,321,321,0,0,0.9525819910806499,0.9525819910806499,0.8519388954171563,0.8519388954171563,0.030957943925233645,run_043,0.04038702299999386,time_noise_15min,43,0.3367934260852163
0.8401769307075602,0.8401769307075602,0,0,0.0,0.0,3,3,0.0,0.0,18.75,18.75,0.0,0.0,9.36448598130841,additive_cij_louvain,16,16,1503.0,321,321,0,0,0.9525819910806499,0.9525819910806499,0.8519388954171563,0.8519388954171563,0.029264018691588786,run_043,0.045109405999937735,time_noise_15min,43,1.5437351333307217
0.8401769307075602,0.8401769307075602,0,0,0.0,0.0,2,2,0.0,0.0,13.333333333333334,13.333333333333334,0.0,0.0,9.993769470404985,additive_cij_louvain_matched_density,15,15,1604.0,321,321,0,0,0.9525819910806499,0.9525819910806499,0.8519388954171563,0.8519388954171563,0.031230529595015575,run_043,0.04821523500004332,time_noise_15min,43,0.751144075093761
0.8401769307075602,0.8401769307075602,0,0,0.0,0.0,3,3,0.0,0.0,18.75,18.75,0.0,0.0,9.906542056074766,product_cij_leiden,16,16,1590.0,321,321,0,0,0.9525819910806499,0.9525819910806499,0.8519388954171563,0.8519388954171563,0.030957943925233645,run_043,0.03755507799996849,time_noise_15min,43,0.3367934260852163
0.517048997407371,0.517048997407371,0,0,0.0,0.0,2,2,0.0,0.0,18.181818181818183,18.181818181818183,0.0,0.0,,geo_time_dbscan,11,11,,321,321,0,0,0.8433354940360084,0.8433354940360084,0.5615801704105344,0.5615801704105344,,run_043,0.005508421000058661,time_noise_15min,43,1.0
0.746960223426712,0.746960223426712,0,0,0.0,0.0,3,3,0.0,0.0,21.428571428571427,21.428571428571427,0.0,0.0,9.88785046728972,product_cij_louvain,14,14,1587.0,321,321,0,0,0.9056142411686118,0.9056142411686118,0.7666786873422287,0.7666786873422287,0.030899532710280373,run_043,0.048986854000077074,time_noise_60min,43,0.27793743241954844
0.7763410335199887,0.7763410335199887,0,0,0.0,0.0,2,2,0.0,0.0,13.333333333333334,13.333333333333334,0.0,0.0,9.246105919003115,additive_cij_louvain,15,15,1484.0,321,321,0,0,0.9189794816942586,0.9189794816942586,0.7933295859096872,0.7933295859096872,0.028894080996884734,run_043,0.05540655400000105,time_noise_60min,43,1.3863343272934119
0.7379590856559654,0.7379590856559654,0,0,0.0,0.0,3,3,0.0,0.0,21.428571428571427,21.428571428571427,0.0,0.0,9.925233644859814,additive_cij_louvain_matched_density,14,14,1593.0,321,321,0,0,0.8992570536814293,0.8992570536814293,0.7584097859327217,0.7584097859327217,0.031016355140186917,run_043,0.044886387999895305,time_noise_60min,43,0.7147170149018859
0.7553845922072183,0.7553845922072183,0,0,0.0,0.0,3,3,0.0,0.0,21.428571428571427,21.428571428571427,0.0,0.0,9.88785046728972,product_cij_leiden,14,14,1587.0,321,321,0,0,0.9098269456782034,0.9098269456782034,0.7744265847932094,0.7744265847932094,0.030899532710280373,run_043,0.03168429699985609,time_noise_60min,43,0.27793743241954844
0.5032974036929422,0.5032974036929422,0,0,0.0,0.0,2,2,0.0,0.0,16.666666666666668,16.666666666666668,2.2988505747126435,2.2988505747126435,,geo_time_dbscan,12,12,,321,321,6,6,0.8233512403461216,0.8233512403461216,0.5488681757656457,0.5488681757656457,,run_043,0.00496820199987269,time_noise_60min,43,1.0
0.9102039278001224,0.9102039278001224,0,0,0.0,0.0,3,3,0.0,0.0,16.666666666666668,16.666666666666668,0.0,0.0,9.8698224852071,product_cij_louvain,18,18,1668.0,338,338,0,0,0.9682958498579078,0.9682958498579078,0.9160728424386381,0.9160728424386381,0.029287307077765876,run_044,0.05051256299998386,baseline,44,0.40169695667358385
0.9179332271238128,0.9179332271238128,0,0,0.0,0.0,3,3,0.0,0.0,16.666666666666668,16.666666666666668,0.0,0.0,9.846153846153847,additive_cij_louvain,18,18,1664.0,338,338,0,0,0.9735179666358579,0.9735179666358579,0.9232903865213082,0.9232903865213082,0.029217073727459485,run_044,0.05695934900018074,baseline,44,1.523415793419698
0.852915423992359,0.852915423992359,0,0,0.0,0.0,3,3,0.0,0.0,17.647058823529413,17.647058823529413,0.0,0.0,9.810650887573965,additive_cij_louvain_matched_density,17,17,1658.0,338,338,0,0,0.9555844750528626,0.9555844750528626,0.8630720770798591,0.8630720770798591,0.029111723701999895,run_044,0.05066797399990719,baseline,44,0.7930586371992308
0.9102039278001224,0.9102039278001224,0,0,0.0,0.0,3,3,0.0,0.0,16.666666666666668,16.666666666666668,0.0,0.0,9.8698224852071,product_cij_leiden,18,18,1668.0,338,338,0,0,0.9682958498579078,0.9682958498579078,0.9160728424386381,0.9160728424386381,0.029287307077765876,run_044,0.03414623100002245,baseline,44,0.40169695667358385
0.6332131631970316,0.6332131631970316,0,0,0.0,0.0,3,3,0.0,0.0,21.428571428571427,21.428571428571427,0.0,0.0,,geo_time_dbscan,14,14,,338,338,0,0,0.8946363349874599,0.8946363349874599,0.6634023503077784,0.6634023503077784,,run_044,0.007141481999951793,baseline,44,1.0
0.9346053464532433,0.9327366104222753,0,0,0.0,0.0,3,3,0.0,0.0,14.285714285714286,14.285714285714286,0.0,0.0,10.233727810650887,product_cij_louvain,21,21,3459.0,676,338,0,0,0.9682129339944843,0.9682129339944843,0.9385890352741182,0.9367199474490913,0.015161078238001315,run_044,0.22851401299999452,exact_transport_copy_2x,44,0.41251015941417984
0.9446491446716165,0.9430703491796013,0,0,0.0,0.0,3,3,0.0,0.0,14.285714285714286,14.285714285714286,0.0,0.0,10.224852071005918,additive_cij_louvain,21,21,3456.0,676,338,0,0,0.9742486268864582,0.974248626886458,0.9480271531607977,0.9464480874316941,0.01514792899408284,run_044,0.2503228079999644,exact_transport_copy_2x,44,1.5329970900649548
0.8852723556171864,0.8822675370487866,0,0,0.0,0.0,3,3,0.0,0.0,15.789473684210526,15.789473684210526,0.0,0.0,10.233727810650887,additive_cij_louvain_matched_density,19,19,3459.0,676,338,0,0,0.9576079747269851,0.9576079747269851,0.8928361138370953,0.8898305084745763,0.015161078238001315,run_044,0.23447205499996926,exact_transport_copy_2x,44,0.7969155458841275
0.9397740550842537,0.9380518248984631,0,0,0.0,0.0,3,3,0.0,0.0,14.285714285714286,14.285714285714286,0.0,0.0,10.233727810650887,product_cij_leiden,21,21,3459.0,676,338,0,0,0.9700852622232826,0.9700852622232826,0.9434403572187965,0.941717791411043,0.015161078238001315,run_044,0.14795556500007478,exact_transport_copy_2x,44,0.41251015941417984
0.6394813954567317,0.6332131631970316,0,0,0.0,0.0,3,3,0.0,0.0,21.428571428571427,21.428571428571427,0.0,0.0,,geo_time_dbscan,14,14,,676,338,0,0,0.8946363349874599,0.8946363349874599,0.6698229724166324,0.6634023503077784,,run_044,0.01760204600009274,exact_transport_copy_2x,44,1.0
0.310231291108468,0.25769192667203655,0,0,0.0,0.0,16,16,0.0,0.0,15.384615384615385,15.384615384615385,0.0,0.0,10.040236686390532,product_cij_louvain,104,104,8484.0,1690,338,0,0,0.7636160272203563,0.7636160272203562,0.32490586336740185,0.2703488372093023,0.005944485900764081,run_044,0.8186128489999192,exact_transport_copy_5x,44,0.41847852437883454
0.30857983606170886,0.25585926903988476,0,0,0.0,0.0,16,16,0.0,0.0,15.384615384615385,15.384615384615385,0.0,0.0,10.035502958579881,additive_cij_louvain,104,104,8480.0,1690,338,0,0,0.7633110704341348,0.7633110704341348,0.3232146462946759,0.2684612586395052,0.00594168321999993,run_044,0.8527338669998699,exact_transport_copy_5x,44,1.5403450037680595
0.31242720844124305,0.260219775902336,0,0,0.0,0.0,17,17,0.0,0.0,16.50485436893204,16.50485436893204,0.0,0.0,10.049704142011834,additive_cij_louvain_matched_density,103,103,8492.0,1690,338,0,0,0.7633249377367377,0.7633249377367379,0.3272776027351344,0.27308946034045634,0.0059500912622923825,run_044,0.8772785389999171,exact_transport_copy_5x,44,0.7988730214783045
0.310231291108468,0.25769192667203655,0,0,0.0,0.0,16,16,0.0,0.0,15.384615384615385,15.384615384615385,0.0,0.0,10.040236686390532,product_cij_leiden,104,104,8484.0,1690,338,0,0,0.7636160272203563,0.7636160272203562,0.32490586336740185,0.2703488372093023,0.005944485900764081,run_044,0.6528641410000091,exact_transport_copy_5x,44,0.41847852437883454
0.6431301111323438,0.6332131631970316,0,0,0.0,0.0,3,3,0.0,0.0,21.428571428571427,21.428571428571427,0.0,0.0,,geo_time_dbscan,14,14,,1690,338,0,0,0.8946363349874599,0.8946363349874599,0.6735591012699447,0.6634023503077784,,run_044,0.06574079200004235,exact_transport_copy_5x,44,1.0
0.9232204217038058,0.9232204217038058,0,0,0.0,0.0,3,3,0.0,0.0,16.666666666666668,16.666666666666668,0.0,0.0,9.928994082840237,product_cij_louvain,18,18,1678.0,338,338,0,0,0.9759060772760869,0.9759060772760869,0.928231562252181,0.928231562252181,0.02946289045353186,run_044,0.05486960000007457,gps_noise_100m,44,0.3784110875264649
0.908222440748825,0.908222440748825,0,0,0.0,0.0,3,3,0.0,0.0,16.666666666666668,16.666666666666668,0.0,0.0,9.8698224852071,additive_cij_louvain,18,18,1668.0,338,338,0,0,0.9673154642760978,0.9673154642760978,0.9142292490118578,0.9142292490118578,0.029287307077765876,run_044,0.05181646300002285,gps_noise_100m,44,1.4837213795486712
0.8853244218435932,0.8853244218435932,0,0,0.0,0.0,3,3,0.0,0.0,17.647058823529413,17.647058823529413,0.0,0.0,9.828402366863905,additive_cij_louvain_matched_density,17,17,1661.0,338,338,0,0,0.9645650443501995,0.9645650443501995,0.8931008339651251,0.8931008339651251,0.02916439871472969,run_044,0.05327662800004873,gps_noise_100m,44,0.7865277690386588
0.9232204217038058,0.9232204217038058,0,0,0.0,0.0,3,3,0.0,0.0,16.666666666666668,16.666666666666668,0.0,0.0,9.928994082840237,product_cij_leiden,18,18,1678.0,338,338,0,0,0.9759060772760869,0.9759060772760869,0.928231562252181,0.928231562252181,0.02946289045353186,run_044,0.033010590000003504,gps_noise_100m,44,0.3784110875264649
0.6332131631970316,0.6332131631970316,0,0,0.0,0.0,3,3,0.0,0.0,21.428571428571427,21.428571428571427,0.0,0.0,,geo_time_dbscan,14,14,,338,338,0,0,0.8946363349874599,0.8946363349874599,0.6634023503077784,0.6634023503077784,,run_044,0.0050485159999880125,gps_noise_100m,44,1.0
0.782929854447461,0.782929854447461,0,0,0.0,0.0,3,3,0.0,0.0,20.0,20.0,0.0,0.0,10.017751479289942,product_cij_louvain,15,15,1693.0,338,338,0,0,0.9216701676139015,0.9216701676139015,0.7987616099071208,0.7987616099071208,0.029726265517180835,run_044,0.053423928000029264,gps_noise_300m,44,0.27504649528865543
0.6866612279904253,0.6866612279904253,0,0,0.0,0.0,3,3,0.0,0.0,21.428571428571427,21.428571428571427,0.0,0.0,9.733727810650887,additive_cij_louvain,14,14,1645.0,338,338,0,0,0.8958561682500519,0.8958561682500519,0.7112740604949588,0.7112740604949588,0.02888346531350412,run_044,0.04912802800004101,gps_noise_300m,44,1.2765562296548492
0.8205835363626524,0.8205835363626524,0,0,0.0,0.0,3,3,0.0,0.0,18.75,18.75,0.0,0.0,10.059171597633137,additive_cij_louvain_matched_density,16,16,1700.0,338,338,0,0,0.941329978167727,0.941329978167727,0.8333629735016895,0.8333629735016895,0.02984917388021702,run_044,0.05083146200013289,gps_noise_300m,44,0.7508854629389795
0.7880033535918387,0.7880033535918387,0,0,0.0,0.0,3,3,0.0,0.0,20.0,20.0,0.0,0.0,10.017751479289942,product_cij_leiden,15,15,1693.0,338,338,0,0,0.9268318354702951,0.9268318354702951,0.8034979423868313,0.8034979423868313,0.029726265517180835,run_044,0.03529249400003209,gps_noise_300m,44,0.27504649528865543
0.5470151275814544,0.5470151275814544,0,0,0.0,0.0,3,3,0.0,0.0,25.0,25.0,0.0,0.0,,geo_time_dbscan,12,12,,338,338,0,0,0.8505710117956717,0.8505710117956717,0.5864457086322038,0.5864457086322038,,run_044,0.005506629999899815,gps_noise_300m,44,1.0
0.8156188101333729,0.8156188101333729,0,0,0.0,0.0,3,3,0.0,0.0,18.75,18.75,0.0,0.0,9.911242603550296,product_cij_louvain,16,16,1675.0,338,338,0,0,0.9405413302841295,0.9405413302841295,0.8287841191066998,0.8287841191066998,0.029410215440802065,run_044,0.0547372070000165,time_noise_15min,44,0.396030769140372
0.829210305063396,0.829210305063396,0,0,0.0,0.0,3,3,0.0,0.0,17.647058823529413,17.647058823529413,0.0,0.0,9.751479289940828,additive_cij_louvain,17,17,1648.0,338,338,0,0,0.9493693280723879,0.9493693280723879,0.841354723707665,0.841354723707665,0.02893614032623391,run_044,0.05535456300003716,time_noise_15min,44,1.49249681041622
0.8261201311574016,0.8261201311574016,0,0,0.0,0.0,3,3,0.0,0.0,18.75,18.75,0.0,0.0,9.875739644970414,additive_cij_louvain_matched_density,16,16,1669.0,338,338,0,0,0.9465105926450673,0.9465105926450673,0.8385148338958963,0.8385148338958963,0.029304865415342475,run_044,0.05936896900016109,time_noise_15min,44,0.769458255538837
0.8056089252643703,0.8056089252643703,0,0,0.0,0.0,3,3,0.0,0.0,18.75,18.75,0.0,0.0,9.911242603550296,product_cij_leiden,16,16,1675.0,338,338,0,0,0.9364786015964107,0.9364786015964107,0.819515644334453,0.819515644334453,0.029410215440802065,run_044,0.033786902999963786,time_noise_15min,44,0.396030769140372
0.5561163192413625,0.5561163192413625,0,0,0.0,0.0,3,3,0.0,0.0,25.0,25.0,0.0,0.0,,geo_time_dbscan,12,12,,338,338,0,0,0.8494770602409968,0.8494770602409968,0.5945336008024071,0.5945336008024071,,run_044,0.0053010120000180905,time_noise_15min,44,1.0
0.6130252562142886,0.6130252562142886,0,0,0.0,0.0,3,3,0.0,0.0,21.428571428571427,21.428571428571427,0.0,0.0,9.804733727810651,product_cij_louvain,14,14,1657.0,338,338,0,0,0.8485269281765837,0.8485269281765837,0.6436434926858694,0.6436434926858694,0.029094165364423295,run_044,0.05289587599986589,time_noise_60min,44,0.3144623756734519
0.6668030213867853,0.6668030213867853,0,0,0.0,0.0,3,3,0.0,0.0,20.0,20.0,0.0,0.0,9.502958579881657,additive_cij_louvain,15,15,1606.0,338,338,0,0,0.8621306880173694,0.8621306880173694,0.6913286950619378,0.6913286950619378,0.028198690148016785,run_044,0.05527511900004356,time_noise_60min,44,1.3740497913553071
0.6170486975530368,0.6170486975530368,0,0,0.0,0.0,3,3,0.0,0.0,21.428571428571427,21.428571428571427,0.0,0.0,9.822485207100591,additive_cij_louvain_matched_density,14,14,1660.0,338,338,0,0,0.8495896389563513,0.8495896389563513,0.647246244879381,0.647246244879381,0.02914684037715309,run_044,0.047596706999911476,time_noise_60min,44,0.7109970602772959
0.6861256861209832,0.6861256861209832,0,0,0.0,0.0,3,3,0.0,0.0,20.0,20.0,0.0,0.0,9.804733727810651,product_cij_leiden,15,15,1657.0,338,338,0,0,0.8712233270971556,0.8712233270971556,0.7090690896622664,0.7090690896622664,0.029094165364423295,run_044,0.03741472599995177,time_noise_60min,44,0.3144623756734519
0.530755380097251,0.530755380097251,0,0,0.0,0.0,3,3,0.0,0.0,27.272727272727273,27.272727272727273,0.7194244604316546,0.7194244604316546,,geo_time_dbscan,11,11,,338,338,2,2,0.8271259688955065,0.8271259688955065,0.5716379626236716,0.5716379626236716,,run_044,0.005143425999904139,time_noise_60min,44,1.0
0.9544018668824331,0.9544018668824331,0,0,0.0,0.0,3,3,0.0,0.0,16.666666666666668,16.666666666666668,0.0,0.0,9.903030303030302,product_cij_louvain,18,18,1634.0,330,330,0,0,0.9803947034699819,0.9803947034699819,0.9574380165289256,0.9574380165289256,0.030100396057842867,run_045,0.051646159000029,baseline,45,0.346729333291352
1.0,1.0,0,0,0.0,0.0,3,3,0.0,0.0,15.789473684210526,15.789473684210526,0.0,0.0,9.751515151515152,additive_cij_louvain,19,19,1609.0,330,330,0,0,1.0,1.0,1.0,1.0,0.029639863682416875,run_045,0.05190268600017589,baseline,45,1.5069422135688444
0.9544018668824331,0.9544018668824331,0,0,0.0,0.0,3,3,0.0,0.0,16.666666666666668,16.666666666666668,0.0,0.0,9.933333333333334,additive_cij_louvain_matched_density,18,18,1639.0,330,330,0,0,0.9803947034699819,0.9803947034699819,0.9574380165289256,0.9574380165289256,0.030192502532928066,run_045,0.05447439699992174,baseline,45,0.7747431846014177
0.9544018668824331,0.9544018668824331,0,0,0.0,0.0,3,3,0.0,0.0,16.666666666666668,16.666666666666668,0.0,0.0,9.903030303030302,product_cij_leiden,18,18,1634.0,330,330,0,0,0.9803947034699819,0.9803947034699819,0.9574380165289256,0.9574380165289256,0.030100396057842867,run_045,0.045817453999916324,baseline,45,0.346729333291352
0.5895950107577622,0.5895950107577622,0,0,0.0,0.0,3,3,0.0,0.0,25.0,25.0,0.0,0.0,,geo_time_dbscan,12,12,,330,330,0,0,0.8572024925356643,0.8572024925356643,0.6260985352862849,0.6260985352862849,,run_045,0.006674600999986069,baseline,45,1.0
1.0,1.0,0,0,0.0,0.0,3,3,0.0,0.0,15.789473684210526,15.789473684210526,0.0,0.0,10.348484848484848,product_cij_louvain,19,19,3415.0,660,330,0,0,1.0,1.0,1.0,1.0,0.015703315399825262,run_045,0.13764357700006258,exact_transport_copy_2x,45,0.3566663845018986
1.0,1.0,0,0,0.0,0.0,3,3,0.0,0.0,15.789473684210526,15.789473684210526,0.0,0.0,10.318181818181818,additive_cij_louvain,19,19,3405.0,660,330,0,0,1.0,1.0,1.0,1.0,0.01565733204579942,run_045,0.1371421650001139,exact_transport_copy_2x,45,1.5207354025360285
0.9845036682425016,0.984088514590902,0,0,0.0,0.0,3,3,0.0,0.0,15.789473684210526,15.789473684210526,0.0,0.0,10.357575757575757,additive_cij_louvain_matched_density,19,19,3418.0,660,330,0,0,0.9912443277164631,0.9912443277164631,0.9855342012812564,0.9851190476190476,0.015717110406033016,run_045,0.14063567199991667,exact_transport_copy_2x,45,0.7787220823676828
1.0,1.0,0,0,0.0,0.0,3,3,0.0,0.0,15.789473684210526,15.789473684210526,0.0,0.0,10.348484848484848,product_cij_leiden,19,19,3415.0,660,330,0,0,1.0,1.0,1.0,1.0,0.015703315399825262,run_045,0.09354852100000244,exact_transport_copy_2x,45,0.3566663845018986
0.5959796227240776,0.5895950107577622,0,0,0.0,0.0,3,3,0.0,0.0,25.0,25.0,0.0,0.0,,geo_time_dbscan,12,12,,660,330,0,0,0.8572024925356643,0.8572024925356643,0.6327011118378025,0.6260985352862849,,run_045,0.011477114999934201,exact_transport_copy_2x,45,1.0
0.36062874450812915,0.3144645520643517,0,0,0.0,0.0,19,19,0.0,0.0,20.0,20.0,0.0,0.0,10.16,product_cij_louvain,95,95,8382.0,1650,330,0,0,0.7850545833758481,0.785054583375848,0.37689768976897686,0.3290689410092395,0.006161309884778653,run_045,0.524302390999992,exact_transport_copy_5x,45,0.3635186581240333
0.3537654254980918,0.3068961731500185,0,0,0.0,0.0,19,19,0.0,0.0,19.587628865979383,19.587628865979383,0.0,0.0,10.115151515151515,additive_cij_louvain,97,97,8345.0,1650,330,0,0,0.782164853883689,0.7821648538836888,0.3699038780245277,0.32131381649410923,0.006134112501607954,run_045,0.518951806999894,exact_transport_copy_5x,45,1.5268385156079507
0.37523518556424595,0.33055627321812403,0,0,0.0,0.0,19,19,0.0,0.0,20.87912087912088,20.87912087912088,0.0,0.0,10.231515151515152,additive_cij_louvain_matched_density,91,91,8441.0,1650,330,0,0,0.791060401083334,0.791060401083334,0.3917593198168738,0.3455313159746657,0.00620467868496977,run_045,0.5354521039998872,exact_transport_copy_5x,45,0.7815036195028224
0.36062874450812915,0.3144645520643517,0,0,0.0,0.0,19,19,0.0,0.0,20.0,20.0,0.0,0.0,10.16,product_cij_leiden,95,95,8382.0,1650,330,0,0,0.785054583375848,0.785054583375848,0.37689768976897686,0.3290689410092395,0.006161309884778653,run_045,0.4255432480001673,exact_transport_copy_5x,45,0.3635186581240333
0.5997049436113344,0.5895950107577622,0,0,0.0,0.0,3,3,0.0,0.0,25.0,25.0,0.0,0.0,,geo_time_dbscan,12,12,,1650,330,0,0,0.8572024925356645,0.8572024925356643,0.6365519026663214,0.6260985352862849,,run_045,0.05771748100005425,exact_transport_copy_5x,45,1.0
0.9544018668824331,0.9544018668824331,0,0,0.0,0.0,3,3,0.0,0.0,16.666666666666668,16.666666666666668,0.0,0.0,9.89090909090909,product_cij_louvain,18,18,1632.0,330,330,0,0,0.9803947034699819,0.9803947034699819,0.9574380165289256,0.9574380165289256,0.030063553467808788,run_045,0.41404386199997134,gps_noise_100m,45,0.3363983735835016
1.0,1.0,0,0,0.0,0.0,3,3,0.0,0.0,15.789473684210526,15.789473684210526,0.0,0.0,9.73939393939394,additive_cij_louvain,19,19,1607.0,330,330,0,0,1.0,1.0,1.0,1.0,0.029603021092382796,run_045,0.04588232399987646,gps_noise_100m,45,1.4706888999360253
0.9126789200521019,0.9126789200521019,0,0,0.0,0.0,3,3,0.0,0.0,16.666666666666668,16.666666666666668,0.0,0.0,9.921212121212122,additive_cij_louvain_matched_density,18,18,1637.0,330,330,0,0,0.9734531476589409,0.9734531476589409,0.9187153053132435,0.9187153053132435,0.030155659942893986,run_045,0.04774214400003984,gps_noise_100m,45,0.7721574007638929
0.9544018668824331,0.9544018668824331,0,0,0.0,0.0,3,3,0.0,0.0,16.666666666666668,16.666666666666668,0.0,0.0,9.89090909090909,product_cij_leiden,18,18,1632.0,330,330,0,0,0.9803947034699819,0.9803947034699819,0.9574380165289256,0.9574380165289256,0.030063553467808788,run_045,0.03429640800004563,gps_noise_100m,45,0.3363983735835016
0.5895950107577622,0.5895950107577622,0,0,0.0,0.0,3,3,0.0,0.0,25.0,25.0,0.0,0.0,,geo_time_dbscan,12,12,,330,330,0,0,0.8572024925356643,0.8572024925356643,0.6260985352862849,0.6260985352862849,,run_045,0.0070927389999724255,gps_noise_100m,45,1.0
0.7515385396843178,0.7515385396843178,0,0,0.0,0.0,3,3,0.0,0.0,20.0,20.0,0.0,0.0,10.224242424242425,product_cij_louvain,15,15,1687.0,330,330,0,0,0.9161057111664798,0.9161057111664798,0.7710803139088329,0.7710803139088329,0.03107672469374597,run_045,0.05156099299983907,gps_noise_300m,45,0.25052577161822526
0.7387782062273639,0.7387782062273639,0,0,0.0,0.0,3,3,0.0,0.0,20.0,20.0,0.0,0.0,9.812121212121212,additive_cij_louvain,15,15,1619.0,330,330,0,0,0.9050746890097497,0.9050746890097497,0.7592902577837295,0.7592902577837295,0.029824076632587272,run_045,0.055914214999802425,gps_noise_300m,45,1.2801469773988172
0.7802319291714537,0.7802319291714537,0,0,0.0,0.0,3,3,0.0,0.0,20.0,20.0,0.0,0.0,10.296969696969697,additive_cij_louvain_matched_density,15,15,1699.0,330,330,0,0,0.926507111439518,0.926507111439518,0.7971787373129193,0.7971787373129193,0.03129778023395045,run_045,0.054497437000009086,gps_noise_300m,45,0.7409256606384542
0.7515385396843178,0.7515385396843178,0,0,0.0,0.0,3,3,0.0,0.0,20.0,20.0,0.0,0.0,10.224242424242425,product_cij_leiden,15,15,1687.0,330,330,0,0,0.9161057111664798,0.9161057111664798,0.7710803139088329,0.7710803139088329,0.03107672469374597,run_045,0.03510956799982523,gps_noise_300m,45,0.25052577161822526
0.40556465462774033,0.40556465462774033,0,0,0.0,0.0,3,3,0.0,0.0,30.0,30.0,0.37037037037037035,0.37037037037037035,,geo_time_dbscan,10,10,,330,330,1,1,0.7682953053425186,0.7682953053425186,0.4645763048223855,0.4645763048223855,,run_045,0.005072070999858624,gps_noise_300m,45,1.0
0.8855757565462207,0.8855757565462207,0,0,0.0,0.0,3,3,0.0,0.0,17.647058823529413,17.647058823529413,0.0,0.0,9.836363636363636,product_cij_louvain,17,17,1623.0,330,330,0,0,0.9602344245047302,0.9602344245047302,0.8936825885978428,0.8936825885978428,0.02989776181265543,run_045,0.048171596999964095,time_noise_15min,45,0.3374985619458076
0.8855757565462207,0.8855757565462207,0,0,0.0,0.0,3,3,0.0,0.0,17.647058823529413,17.647058823529413,0.0,0.0,9.527272727272727,additive_cij_louvain,17,17,1572.0,330,330,0,0,0.9602344245047301,0.9602344245047301,0.8936825885978428,0.8936825885978428,0.028958275766786404,run_045,0.05050469200000407,time_noise_15min,45,1.4691881195131011
0.8303594522850172,0.8303594522850172,0,0,0.0,0.0,3,3,0.0,0.0,17.647058823529413,17.647058823529413,0.0,0.0,9.866666666666667,additive_cij_louvain_matched_density,17,17,1628.0,330,330,0,0,0.9392610038518359,0.9392610038518359,0.8426756352765322,0.8426756352765322,0.02998986828774063,run_045,0.04766608299996733,time_noise_15min,45,0.7495677365292803
0.9381411508921552,0.9381411508921552,0,0,0.0,0.0,3,3,0.0,0.0,16.666666666666668,16.666666666666668,0.0,0.0,9.836363636363636,product_cij_leiden,18,18,1623.0,330,330,0,0,0.9678495013808701,0.9678495013808701,0.9422680412371135,0.9422680412371135,0.02989776181265543,run_045,0.032808713999884276,time_noise_15min,45,0.3374985619458076
0.5895950107577622,0.5895950107577622,0,0,0.0,0.0,3,3,0.0,0.0,25.0,25.0,0.0,0.0,,geo_time_dbscan,12,12,,330,330,0,0,0.8572024925356643,0.8572024925356643,0.6260985352862849,0.6260985352862849,,run_045,0.005118683000091551,time_noise_15min,45,1.0
0.6716355436454416,0.6716355436454416,0,0,0.0,0.0,3,3,0.0,0.0,21.428571428571427,21.428571428571427,0.0,0.0,9.733333333333333,product_cij_louvain,14,14,1606.0,330,330,0,0,0.9031609131410998,0.9031609131410998,0.6992861392028554,0.6992861392028554,0.029584599797365756,run_045,0.04191064299993741,time_noise_60min,45,0.264371732669022
0.7217191508403389,0.7217191508403389,0,0,0.0,0.0,3,3,0.0,0.0,20.0,20.0,0.0,0.0,9.333333333333334,additive_cij_louvain,15,15,1540.0,330,330,0,0,0.9238662409545023,0.9238662409545023,0.744340668038626,0.744340668038626,0.028368794326241134,run_045,0.050788250000096014,time_noise_60min,45,1.3519656008007908
0.6174761434515615,0.6174761434515615,0,0,0.0,0.0,3,3,0.0,0.0,23.076923076923077,23.076923076923077,0.0,0.0,9.806060606060607,additive_cij_louvain_matched_density,13,13,1618.0,330,330,0,0,0.8773157616001486,0.8773157616001486,0.6508859357696567,0.6508859357696567,0.029805655337570233,run_045,0.04665745199986304,time_noise_60min,45,0.6936472515318022
0.6925024662318999,0.6925024662318999,0,0,0.0,0.0,3,3,0.0,0.0,20.0,20.0,0.0,0.0,9.733333333333333,product_cij_leiden,15,15,1606.0,330,330,0,0,0.8863758113334578,0.8863758113334578,0.7162695011143495,0.7162695011143495,0.029584599797365756,run_045,0.03332196800010934,time_noise_60min,45,0.264371732669022
0.5892050193613595,0.5892050193613595,0,0,0.0,0.0,3,3,0.0,0.0,25.0,25.0,0.7407407407407407,0.7407407407407407,,geo_time_dbscan,12,12,,330,330,2,2,0.8532246526523428,0.8532246526523428,0.6257043198282801,0.6257043198282801,,run_045,0.005602675999853091,time_noise_60min,45,1.0
0.958985525745653,0.958985525745653,0,0,0.0,0.0,3,3,0.0,0.0,16.666666666666668,16.666666666666668,0.0,0.0,9.79874213836478,product_cij_louvain,18,18,1558.0,318,318,0,0,0.9832591530530629,0.9832591530530629,0.9616963064295485,0.9616963064295485,0.030910858480645995,run_046,0.045069190000049275,baseline,46,0.42709678398278234
0.958985525745653,0.958985525745653,0,0,0.0,0.0,3,3,0.0,0.0,16.666666666666668,16.666666666666668,0.0,0.0,9.672955974842766,additive_cij_louvain,18,18,1538.0,318,318,0,0,0.9832591530530629,0.9832591530530629,0.9616963064295485,0.9616963064295485,0.03051405670297403,run_046,0.04085309600009168,baseline,46,1.5272829176786067
0.958985525745653,0.958985525745653,0,0,0.0,0.0,3,3,0.0,0.0,16.666666666666668,16.666666666666668,0.0,0.0,9.81132075471698,additive_cij_louvain_matched_density,18,18,1560.0,318,318,0,0,0.9832591530530631,0.9832591530530631,0.9616963064295485,0.9616963064295485,0.030950538658413188,run_046,0.04176789000007375,baseline,46,0.7528457511929936
0.958985525745653,0.958985525745653,0,0,0.0,0.0,3,3,0.0,0.0,16.666666666666668,16.666666666666668,0.0,0.0,9.79874213836478,product_cij_leiden,18,18,1558.0,318,318,0,0,0.9832591530530631,0.9832591530530631,0.9616963064295485,0.9616963064295485,0.030910858480645995,run_046,0.03192948199989587,baseline,46,0.42709678398278234
0.6154099833107326,0.6154099833107326,0,0,0.0,0.0,3,3,0.0,0.0,23.076923076923077,23.076923076923077,0.0,0.0,,geo_time_dbscan,13,13,,318,318,0,0,0.8769447662726177,0.8769447662726177,0.6487968321657022,0.6487968321657022,,run_046,0.004787413000030938,baseline,46,1.0
0.980971166212337,0.9804330090396357,0,0,0.0,0.0,3,3,0.0,0.0,15.789473684210526,15.789473684210526,0.0,0.0,10.49685534591195,product_cij_louvain,19,19,3338.0,636,318,0,0,0.9886556460290941,0.9886556460290941,0.9822282980177717,0.9816901408450704,0.016530480859703857,run_046,0.1434363220000705,exact_transport_copy_2x,46,0.44910380199321365
0.9510703951044117,0.9497298336233015,0,0,0.0,0.0,3,3,0.0,0.0,16.666666666666668,16.666666666666668,0.0,0.0,10.459119496855346,additive_cij_louvain,18,18,3326.0,636,318,0,0,0.9775613911322119,0.9775613911322119,0.9543945096302855,0.9530537830446674,0.016471054325756452,run_046,0.12954652400003397,exact_transport_copy_2x,46,1.5426339950300232
0.9510703951044117,0.9497298336233015,0,0,0.0,0.0,3,3,0.0,0.0,16.666666666666668,16.666666666666668,0.0,0.0,10.50943396226415,additive_cij_louvain_matched_density,18,18,3342.0,636,318,0,0,0.9775613911322119,0.9775613911322119,0.9543945096302855,0.9530537830446674,0.016550289704352995,run_046,0.13861779900003057,exact_transport_copy_2x,46,0.7577337689259678
0.980971166212337,0.9804330090396357,0,0,0.0,0.0,3,3,0.0,0.0,15.789473684210526,15.789473684210526,0.0,0.0,10.49685534591195,product_cij_leiden,19,19,3338.0,636,318,0,0,0.9886556460290941,0.9886556460290941,0.9822282980177717,0.9816901408450704,0.016530480859703857,run_046,0.10310787999992499,exact_transport_copy_2x,46,0.44910380199321365
0.6219890736639403,0.6154099833107326,0,0,0.0,0.0,3,3,0.0,0.0,23.076923076923077,23.076923076923077,0.0,0.0,,geo_time_dbscan,13,13,,636,318,0,0,0.8769447662726177,0.8769447662726177,0.655563853622106,0.6487968321657022,,run_046,0.01087274399992566,exact_transport_copy_2x,46,1.0
0.37261133262125146,0.3253495529134407,0,0,0.0,0.0,17,17,0.0,0.0,18.88888888888889,18.88888888888889,0.0,0.0,10.18616352201258,product_cij_louvain,90,90,8098.0,1590,318,0,0,0.7832427842934161,0.7832427842934161,0.38931571767071155,0.34044203179526944,0.006410423865332019,run_046,0.46574408800006495,exact_transport_copy_5x,46,0.4599240724699272
0.38672765295351924,0.340960080592878,0,0,0.0,0.0,17,17,0.0,0.0,19.10112359550562,19.10112359550562,0.0,0.0,10.20377358490566,additive_cij_louvain,89,89,8112.0,1590,318,0,0,0.7855771346756537,0.7855771346756536,0.403643609450612,0.35637480798771115,0.006421506346699597,run_046,0.5517770929998278,exact_transport_copy_5x,46,1.5504054365103943
0.3663285038323323,0.31839512385484775,0,0,0.0,0.0,16,16,0.0,0.0,17.582417582417584,17.582417582417584,0.0,0.0,10.178616352201258,additive_cij_louvain_matched_density,91,91,8092.0,1590,318,0,0,0.7803695945126957,0.7803695945126957,0.38292964244521344,0.3333333333333333,0.0064056742304602,run_046,0.4945237700001144,exact_transport_copy_5x,46,0.7601517695497806
0.37261133262125146,0.3253495529134407,0,0,0.0,0.0,17,17,0.0,0.0,18.88888888888889,18.88888888888889,0.0,0.0,10.18616352201258,product_cij_leiden,90,90,8098.0,1590,318,0,0,0.7832427842934162,0.7832427842934162,0.38931571767071155,0.34044203179526944,0.006410423865332019,run_046,0.4040832660000433,exact_transport_copy_5x,46,0.4599240724699272
0.6258177834495239,0.6154099833107326,0,0,0.0,0.0,3,3,0.0,0.0,23.076923076923077,23.076923076923077,0.0,0.0,,geo_time_dbscan,13,13,,1590,318,0,0,0.8769447662726177,0.8769447662726177,0.6595003248479121,0.6487968321657022,,run_046,0.05395377800005008,exact_transport_copy_5x,46,1.0
0.9497298336233015,0.9497298336233015,0,0,0.0,0.0,3,3,0.0,0.0,16.666666666666668,16.666666666666668,0.0,0.0,10.0125786163522,product_cij_louvain,18,18,1592.0,318,318,0,0,0.9775613911322119,0.9775613911322119,0.9530537830446674,0.9530537830446674,0.03158542150268833,run_046,0.04982733800011374,gps_noise_100m,46,0.4101587460819482
0.9497084422833602,0.9497084422833602,0,0,0.0,0.0,3,3,0.0,0.0,16.666666666666668,16.666666666666668,0.0,0.0,9.861635220125786,additive_cij_louvain,18,18,1568.0,318,318,0,0,0.9794764674130766,0.9794764674130766,0.9530323757409942,0.9530323757409942,0.031109259369481976,run_046,0.04876463599998715,gps_noise_100m,46,1.4772026824488074
0.958985525745653,0.958985525745653,0,0,0.0,0.0,3,3,0.0,0.0,16.666666666666668,16.666666666666668,0.0,0.0,9.89308176100629,additive_cij_louvain_matched_density,18,18,1573.0,318,318,0,0,0.9832591530530629,0.9832591530530629,0.9616963064295485,0.9616963064295485,0.031208459813899966,run_046,0.04834922500003813,gps_noise_100m,46,0.7478080387634415
0.9497298336233015,0.9497298336233015,0,0,0.0,0.0,3,3,0.0,0.0,16.666666666666668,16.666666666666668,0.0,0.0,10.0125786163522,product_cij_leiden,18,18,1592.0,318,318,0,0,0.9775613911322119,0.9775613911322119,0.9530537830446674,0.9530537830446674,0.03158542150268833,run_046,0.033051525000018955,gps_noise_100m,46,0.4101587460819482
0.5300366404396794,0.5300366404396794,0,0,0.0,0.0,3,3,0.0,0.0,25.0,25.0,0.0,0.0,,geo_time_dbscan,12,12,,318,318,0,0,0.8416100491305208,0.8416100491305208,0.5731198708462263,0.5731198708462263,,run_046,0.004792413000132001,gps_noise_100m,46,1.0
0.8203744293591545,0.8203744293591545,0,0,0.0,0.0,3,3,0.0,0.0,18.75,18.75,0.0,0.0,10.031446540880504,product_cij_louvain,16,16,1595.0,318,318,0,0,0.9455926213393858,0.9455926213393858,0.8337605994872807,0.8337605994872807,0.03164494176933913,run_046,0.05008274000010715,gps_noise_300m,46,0.2911242335499376
0.8166675741357092,0.8166675741357092,0,0,0.0,0.0,3,3,0.0,0.0,17.647058823529413,17.647058823529413,0.0,0.0,9.672955974842766,additive_cij_louvain,17,17,1538.0,318,318,0,0,0.9429650500665894,0.9429650500665894,0.8303006329113924,0.8303006329113924,0.03051405670297403,run_046,0.05103254100004051,gps_noise_300m,46,1.2464953388542908
0.8913594268831543,0.8913594268831543,0,0,0.0,0.0,3,3,0.0,0.0,17.647058823529413,17.647058823529413,0.0,0.0,10.20754716981132,additive_cij_louvain_matched_density,17,17,1623.0,318,318,0,0,0.9632576786932028,0.9632576786932028,0.8989247311827957,0.8989247311827957,0.032200464258079875,run_046,0.04731868300018505,gps_noise_300m,46,0.7337510299897294
0.8754351595467024,0.8754351595467024,0,0,0.0,0.0,3,3,0.0,0.0,17.647058823529413,17.647058823529413,0.0,0.0,10.031446540880504,product_cij_leiden,17,17,1595.0,318,318,0,0,0.9519486835069987,0.9519486835069987,0.8841109438830358,0.8841109438830358,0.03164494176933913,run_046,0.033558465999931286,gps_noise_300m,46,0.2911242335499376
0.46821602859692785,0.46821602859692785,0,0,0.0,0.0,3,3,0.0,0.0,30.0,30.0,0.3875968992248062,0.3875968992248062,,geo_time_dbscan,10,10,,318,318,1,1,0.7933948029580393,0.7933948029580393,0.5187001839362354,0.5187001839362354,,run_046,0.0049682410001423705,gps_noise_300m,46,1.0
0.900143132794729,0.900143132794729,0,0,0.0,0.0,3,3,0.0,0.0,17.647058823529413,17.647058823529413,0.0,0.0,9.855345911949685,product_cij_louvain,17,17,1567.0,318,318,0,0,0.9671004811038759,0.9671004811038759,0.9070967741935485,0.9070967741935485,0.031089419280598378,run_046,0.05231681899999785,time_noise_15min,46,0.42627005140747565
0.8273739787868847,0.8273739787868847,0,0,0.0,0.0,3,3,0.0,0.0,18.75,18.75,0.0,0.0,9.729559748427674,additive_cij_louvain,16,16,1547.0,318,318,0,0,0.9513047744942597,0.9513047744942597,0.8402366863905326,0.8402366863905326,0.030692617502926414,run_046,0.04475523099995371,time_noise_15min,46,1.492318546466029
0.900143132794729,0.900143132794729,0,0,0.0,0.0,3,3,0.0,0.0,17.647058823529413,17.647058823529413,0.0,0.0,9.855345911949685,additive_cij_louvain_matched_density,17,17,1567.0,318,318,0,0,0.9671004811038759,0.9671004811038759,0.9070967741935485,0.9070967741935485,0.031089419280598378,run_046,0.046756614000059926,time_noise_15min,46,0.7352444137405985
0.900143132794729,0.900143132794729,0,0,0.0,0.0,3,3,0.0,0.0,17.647058823529413,17.647058823529413,0.0,0.0,9.855345911949685,product_cij_leiden,17,17,1567.0,318,318,0,0,0.9671004811038759,0.9671004811038759,0.9070967741935485,0.9070967741935485,0.031089419280598378,run_046,0.03301823499987222,time_noise_15min,46,0.42627005140747565
0.5490051609760429,0.5490051609760429,0,0,0.0,0.0,3,3,0.0,0.0,25.0,25.0,0.0,0.0,,geo_time_dbscan,12,12,,318,318,0,0,0.8457912779773965,0.8457912779773965,0.5898643035170313,0.5898643035170313,,run_046,0.007087774999945395,time_noise_15min,46,1.0
0.6596640135666753,0.6596640135666753,0,0,0.0,0.0,3,3,0.0,0.0,18.75,18.75,0.0,0.0,9.647798742138365,product_cij_louvain,16,16,1534.0,318,318,0,0,0.8739832833162507,0.8739832833162507,0.6853715170278638,0.6853715170278638,0.030434696347439637,run_046,0.04629671700013205,time_noise_60min,46,0.34977343154809
0.7056244041062374,0.7056244041062374,0,0,0.0,0.0,3,3,0.0,0.0,18.75,18.75,0.0,0.0,9.40880503144654,additive_cij_louvain,16,16,1496.0,318,318,0,0,0.8888871414196559,0.8888871414196559,0.7282341831916903,0.7282341831916903,0.029680772969862906,run_046,0.04429700900004718,time_noise_60min,46,1.3714469487791172
0.685889605751857,0.685889605751857,0,0,0.0,0.0,3,3,0.0,0.0,20.0,20.0,0.0,0.0,9.943396226415095,additive_cij_louvain_matched_density,15,15,1581.0,318,318,0,0,0.8708511788259368,0.8708511788259368,0.7096898478135234,0.7096898478135234,0.03136718052496875,run_046,0.045996677999937674,time_noise_60min,46,0.6963101467189512
0.670606169281345,0.670606169281345,0,0,0.0,0.0,3,3,0.0,0.0,18.75,18.75,0.0,0.0,9.647798742138365,product_cij_leiden,16,16,1534.0,318,318,0,0,0.8801133564271685,0.8801133564271685,0.6954668733049205,0.6954668733049205,0.030434696347439637,run_046,0.03321658700019725,time_noise_60min,46,0.34977343154809
0.4616292495420935,0.4616292495420935,0,0,0.0,0.0,3,3,1.6666666666666667,1.6666666666666667,27.272727272727273,27.272727272727273,1.937984496124031,1.937984496124031,,geo_time_dbscan,11,11,,318,318,6,6,0.7934734299698473,0.7934734299698473,0.5124465677646467,0.5124465677646467,,run_046,0.004885862000037378,time_noise_60min,46,1.0
0.9520646011110475,0.9520646011110475,0,0,0.0,0.0,3,3,0.0,0.0,16.666666666666668,16.666666666666668,0.0,0.0,10.18235294117647,product_cij_louvain,18,18,1731.0,340,340,0,0,0.986398752230065,0.986398752230065,0.955223880597015,0.955223880597015,0.030036439354502863,run_047,0.08450272999994013,baseline,47,0.34291585865744784
0.9520646011110475,0.9520646011110475,0,0,0.0,0.0,3,3,0.0,0.0,16.666666666666668,16.666666666666668,0.0,0.0,9.941176470588236,additive_cij_louvain,18,18,1690.0,340,340,0,0,0.986398752230065,0.986398752230065,0.955223880597015,0.955223880597015,0.029325004338018393,run_047,0.09245122199990874,baseline,47,1.5196719325445667
0.9161045677984611,0.9161045677984611,0,0,0.0,0.0,3,3,0.0,0.0,17.647058823529413,17.647058823529413,0.0,0.0,10.2,additive_cij_louvain_matched_density,17,17,1734.0,340,340,0,0,0.9736811011873853,0.9736811011873853,0.9218106995884773,0.9218106995884773,0.03008849557522124,run_047,0.10151953899980981,baseline,47,0.7736870977613526
0.9520646011110475,0.9520646011110475,0,0,0.0,0.0,3,3,0.0,0.0,16.666666666666668,16.666666666666668,0.0,0.0,10.18235294117647,product_cij_leiden,18,18,1731.0,340,340,0,0,0.986398752230065,0.986398752230065,0.955223880597015,0.955223880597015,0.030036439354502863,run_047,0.05854131499995674,baseline,47,0.34291585865744784
0.566505865739295,0.566505865739295,0,0,0.0,0.0,3,3,0.0,0.0,27.272727272727273,27.272727272727273,0.0,0.0,,geo_time_dbscan,11,11,,340,340,0,0,0.8384646712623735,0.8384646712623735,0.6046625766871165,0.6046625766871165,,run_047,0.007362156999988656,baseline,47,1.0
0.9468391961935214,0.9454202977664168,0,0,0.0,0.0,3,3,0.0,0.0,15.789473684210526,15.789473684210526,0.0,0.0,10.588235294117647,product_cij_louvain,19,19,3600.0,680,340,0,0,0.9687391339492792,0.9687391339492792,0.9502674856350307,0.9488485836560017,0.0155938664125444,run_047,0.29440444800002297,exact_transport_copy_2x,47,0.351500112340408
0.9532472469681802,0.9520646011110475,0,0,0.0,0.0,3,3,0.0,0.0,16.666666666666668,16.666666666666668,0.0,0.0,10.547058823529412,additive_cij_louvain,18,18,3586.0,680,340,0,0,0.986398752230065,0.986398752230065,0.9564068692206077,0.955223880597015,0.015533223598717838,run_047,0.21502258200007418,exact_transport_copy_2x,47,1.5306639348787427
0.9449588364148586,0.9435668197172273,0,0,0.0,0.0,3,3,0.0,0.0,16.666666666666668,16.666666666666668,0.0,0.0,10.558823529411764,additive_cij_louvain_matched_density,18,18,3590.0,680,340,0,0,0.9810556804215523,0.9810556804215523,0.948679245283019,0.9472868217054264,0.015550550116953998,run_047,0.22193974900005742,exact_transport_copy_2x,47,0.7787631141248849
0.9542604900397694,0.9530399363143488,0,0,0.0,0.0,3,3,0.0,0.0,15.789473684210526,15.789473684210526,0.0,0.0,10.588235294117647,product_cij_leiden,19,19,3600.0,680,340,0,0,0.9738034437915596,0.9738034437915596,0.9572107765451665,0.9559902200488998,0.0155938664125444,run_047,0.15610191499990833,exact_transport_copy_2x,47,0.351500112340408
0.5729339355024485,0.566505865739295,0,0,0.0,0.0,3,3,0.0,0.0,27.272727272727273,27.272727272727273,0.0,0.0,,geo_time_dbscan,11,11,,680,340,0,0,0.8384646712623733,0.8384646712623735,0.6113389626055489,0.6046625766871165,,run_047,0.016940338000040356,exact_transport_copy_2x,47,1.0
0.31586092663900406,0.26593310272978593,0,0,0.0,0.0,18,18,0.0,0.0,17.647058823529413,17.647058823529413,0.0,0.0,10.078823529411764,product_cij_louvain,102,102,8567.0,1700,340,0,0,0.7628856255376689,0.762885625537669,0.33140655105973027,0.2795847750865052,0.005932209258041062,run_047,0.8670502709999255,exact_transport_copy_5x,47,0.35770686537712293
0.31729743705004326,0.2675409256711558,0,0,0.0,0.0,18,18,0.0,0.0,17.821782178217823,17.821782178217823,0.0,0.0,10.107058823529412,additive_cij_louvain,101,101,8591.0,1700,340,0,0,0.7634588356625276,0.7634588356625278,0.3329057087876844,0.281271596406358,0.00594882803032926,run_047,0.5575185669999883,exact_transport_copy_5x,47,1.538004153487574
0.29387220140856213,0.24166027761853123,0,0,0.0,0.0,18,18,0.0,0.0,17.142857142857142,17.142857142857142,0.0,0.0,10.024705882352942,additive_cij_louvain_matched_density,105,105,8521.0,1700,340,0,0,0.7537207174514664,0.7537207174514664,0.30894308943089427,0.2546474921080323,0.005900356611155351,run_047,0.5375663729998905,exact_transport_copy_5x,47,0.7815786655696234
0.31586092663900406,0.26593310272978593,0,0,0.0,0.0,18,18,0.0,0.0,17.647058823529413,17.647058823529413,0.0,0.0,10.078823529411764,product_cij_leiden,102,102,8567.0,1700,340,0,0,0.7628856255376689,0.7628856255376689,0.33140655105973027,0.2795847750865052,0.005932209258041062,run_047,0.43936946899998475,exact_transport_copy_5x,47,0.35770686537712293
0.5766894049938422,0.566505865739295,0,0,0.0,0.0,3,3,0.0,0.0,27.272727272727273,27.272727272727273,0.0,0.0,,geo_time_dbscan,11,11,,1700,340,0,0,0.8384646712623733,0.8384646712623735,0.6152376403152615,0.6046625766871165,,run_047,0.05994142200006536,exact_transport_copy_5x,47,1.0
0.9161045677984611,0.9161045677984611,0,0,0.0,0.0,3,3,0.0,0.0,17.647058823529413,17.647058823529413,0.0,0.0,10.311764705882354,product_cij_louvain,17,17,1753.0,340,340,0,0,0.9736811011873853,0.9736811011873853,0.9218106995884773,0.9218106995884773,0.030418184973104286,run_047,0.08203952399981063,gps_noise_100m,47,0.3369047001953137
0.8592496774654743,0.8592496774654743,0,0,0.0,0.0,3,3,0.0,0.0,18.75,18.75,0.0,0.0,10.052941176470588,additive_cij_louvain,16,16,1709.0,340,340,0,0,0.9563016690644974,0.9563016690644974,0.8692891162462515,0.8692891162462515,0.02965469373590144,run_047,0.09223678100011057,gps_noise_100m,47,1.4820332777046827
0.8592496774654743,0.8592496774654743,0,0,0.0,0.0,3,3,0.0,0.0,18.75,18.75,0.0,0.0,10.311764705882354,additive_cij_louvain_matched_density,16,16,1753.0,340,340,0,0,0.9563016690644974,0.9563016690644974,0.8692891162462515,0.8692891162462515,0.030418184973104286,run_047,0.08363564499995846,gps_noise_100m,47,0.7695255255416444
0.9161045677984611,0.9161045677984611,0,0,0.0,0.0,3,3,0.0,0.0,17.647058823529413,17.647058823529413,0.0,0.0,10.311764705882354,product_cij_leiden,17,17,1753.0,340,340,0,0,0.9736811011873853,0.9736811011873853,0.9218106995884773,0.9218106995884773,0.030418184973104286,run_047,0.055171510000036506,gps_noise_100m,47,0.3369047001953137
0.566505865739295,0.566505865739295,0,0,0.0,0.0,3,3,0.0,0.0,27.272727272727273,27.272727272727273,0.0,0.0,,geo_time_dbscan,11,11,,340,340,0,0,0.8384646712623735,0.8384646712623735,0.6046625766871165,0.6046625766871165,,run_047,0.0071940689999792085,gps_noise_100m,47,1.0
0.7047230479181976,0.7047230479181976,0,0,0.0,0.0,3,3,0.0,0.0,23.076923076923077,23.076923076923077,0.0,0.0,10.411764705882353,product_cij_louvain,13,13,1770.0,340,340,0,0,0.8946588881564781,0.8946588881564781,0.7283271375464684,0.7283271375464684,0.03071317022384175,run_047,0.08139534599990839,gps_noise_300m,47,0.2497896604690391
0.6634801947390462,0.6634801947390462,0,0,0.0,0.0,3,3,0.0,0.0,21.428571428571427,21.428571428571427,0.0,0.0,10.005882352941176,additive_cij_louvain,14,14,1701.0,340,340,0,0,0.8760433747639013,0.8760433747639013,0.6907932831499711,0.6907932831499711,0.029515877147319104,run_047,0.10214924799993241,gps_noise_300m,47,1.27453414120769
0.6988197863146807,0.6988197863146807,0,0,0.0,0.0,3,3,0.0,0.0,23.076923076923077,23.076923076923077,0.0,0.0,10.370588235294118,additive_cij_louvain_matched_density,13,13,1763.0,340,340,0,0,0.8889206894703179,0.8889206894703179,0.7229308810442006,0.7229308810442006,0.030591705708832205,run_047,0.08502949700005047,gps_noise_300m,47,0.7326260236700776
0.7047230479181976,0.7047230479181976,0,0,0.0,0.0,3,3,0.0,0.0,23.076923076923077,23.076923076923077,0.0,0.0,10.411764705882353,product_cij_leiden,13,13,1770.0,340,340,0,0,0.8946588881564781,0.8946588881564781,0.7283271375464684,0.7283271375464684,0.03071317022384175,run_047,0.06438038199985385,gps_noise_300m,47,0.2497896604690391
0.387529684732053,0.387529684732053,0,0,0.0,0.0,3,3,0.0,0.0,30.0,30.0,0.0,0.0,,geo_time_dbscan,10,10,,340,340,0,0,0.7693841527689189,0.7693841527689189,0.4475118053033055,0.4475118053033055,,run_047,0.008632194000028903,gps_noise_300m,47,1.0
0.9381556061026385,0.9381556061026385,0,0,0.0,0.0,3,3,0.0,0.0,16.666666666666668,16.666666666666668,0.0,0.0,10.24705882352941,product_cij_louvain,18,18,1742.0,340,340,0,0,0.9763019781013307,0.9763019781013307,0.942244543171721,0.942244543171721,0.030227312163803574,run_047,0.11573813400013933,time_noise_15min,47,0.34256489742509805
0.9461346446757801,0.9461346446757801,0,0,0.0,0.0,3,3,0.0,0.0,16.666666666666668,16.666666666666668,0.0,0.0,10.035294117647059,additive_cij_louvain,18,18,1706.0,340,340,0,0,0.9815553413510008,0.9815553413510008,0.94969040247678,0.94969040247678,0.029602637515183064,run_047,0.0848403770000914,time_noise_15min,47,1.5011151198438222
0.8633489710074225,0.8633489710074225,0,0,0.0,0.0,3,3,0.0,0.0,18.75,18.75,0.0,0.0,10.270588235294118,additive_cij_louvain_matched_density,16,16,1746.0,340,340,0,0,0.9490878800349855,0.9490878800349855,0.8729559748427672,0.8729559748427672,0.030296720458094742,run_047,0.09367913500000213,time_noise_15min,47,0.7582677625770553
0.9381556061026385,0.9381556061026385,0,0,0.0,0.0,3,3,0.0,0.0,16.666666666666668,16.666666666666668,0.0,0.0,10.24705882352941,product_cij_leiden,18,18,1742.0,340,340,0,0,0.9763019781013309,0.9763019781013309,0.942244543171721,0.942244543171721,0.030227312163803574,run_047,0.057501855000055,time_noise_15min,47,0.34256489742509805
0.566505865739295,0.566505865739295,0,0,0.0,0.0,3,3,0.0,0.0,27.272727272727273,27.272727272727273,0.0,0.0,,geo_time_dbscan,11,11,,340,340,0,0,0.8384646712623735,0.8384646712623735,0.6046625766871165,0.6046625766871165,,run_047,0.007802231999903597,time_noise_15min,47,1.0
0.621620649798815,0.621620649798815,0,0,0.0,0.0,3,3,0.0,0.0,25.0,25.0,0.0,0.0,9.923529411764706,product_cij_louvain,12,12,1687.0,340,340,0,0,0.866983613906866,0.866983613906866,0.6537543114884585,0.6537543114884585,0.029272948117300017,run_047,0.08162915900015832,time_noise_60min,47,0.28954808795609216
0.6801119392884396,0.6801119392884396,0,0,0.0,0.0,3,3,0.0,0.0,23.076923076923077,23.076923076923077,0.0,0.0,9.570588235294117,additive_cij_louvain,13,13,1627.0,340,340,0,0,0.8922589014605716,0.8922589014605716,0.70621954714818,0.70621954714818,0.0282318237029325,run_047,0.08903052599998773,time_noise_60min,47,1.3768871474986606
0.547405304009466,0.547405304009466,0,0,0.0,0.0,3,3,0.0,0.0,27.272727272727273,27.272727272727273,0.0,0.0,9.929411764705883,additive_cij_louvain_matched_density,11,11,1688.0,340,340,0,0,0.8177746599086632,0.8177746599086632,0.5870374968959523,0.5870374968959523,0.02929030019087281,run_047,0.09669857300013973,time_noise_60min,47,0.7103228920788549
0.6801119392884396,0.6801119392884396,0,0,0.0,0.0,3,3,0.0,0.0,23.076923076923077,23.076923076923077,0.0,0.0,9.923529411764706,product_cij_leiden,13,13,1687.0,340,340,0,0,0.8922589014605716,0.8922589014605716,0.70621954714818,0.70621954714818,0.029272948117300017,run_047,0.05507496300015191,time_noise_60min,47,0.28954808795609216
0.4615021556027643,0.4615021556027643,0,0,0.0,0.0,3,3,0.0,0.0,33.333333333333336,33.333333333333336,0.7142857142857143,0.7142857142857143,,geo_time_dbscan,9,9,,340,340,2,2,0.7667417507651381,0.7667417507651381,0.5119496855345912,0.5119496855345912,,run_047,0.008248232999903848,time_noise_60min,47,1.0
0.9299373948521447,0.9299373948521447,0,0,0.0,0.0,3,3,0.0,0.0,16.666666666666668,16.666666666666668,0.0,0.0,9.525525525525525,product_cij_louvain,18,18,1586.0,333,333,0,0,0.9831260600415627,0.9831260600415627,0.934575653230707,0.934575653230707,0.028691341944353993,run_048,0.041439359000150944,baseline,48,0.570886350613414
0.9299373948521447,0.9299373948521447,0,0,0.0,0.0,3,3,0.0,0.0,16.666666666666668,16.666666666666668,0.0,0.0,9.213213213213214,additive_cij_louvain,18,18,1534.0,333,333,0,0,0.9831260600415627,0.9831260600415627,0.934575653230707,0.934575653230707,0.027750642208473533,run_048,0.051892589000090084,baseline,48,1.5905763700365014
0.9299373948521447,0.9299373948521447,0,0,0.0,0.0,2,2,0.0,0.0,11.764705882352942,11.764705882352942,0.0,0.0,9.867867867867869,additive_cij_louvain_matched_density,17,17,1643.0,333,333,0,0,0.9831260600415627,0.9831260600415627,0.934575653230707,0.934575653230707,0.029722493577915263,run_048,0.045619754000199464,baseline,48,0.7321906205641407
0.9299373948521447,0.9299373948521447,0,0,0.0,0.0,3,3,0.0,0.0,16.666666666666668,16.666666666666668,0.0,0.0,9.525525525525525,product_cij_leiden,18,18,1586.0,333,333,0,0,0.9831260600415627,0.9831260600415627,0.934575653230707,0.934575653230707,0.028691341944353993,run_048,0.03402173299991773,baseline,48,0.570886350613414
0.6677195147806101,0.6677195147806101,0,0,0.0,0.0,2,2,0.0,0.0,15.384615384615385,15.384615384615385,0.0,0.0,,geo_time_dbscan,13,13,,333,333,0,0,0.9014893447448008,0.9014893447448008,0.6946702800361337,0.6946702800361337,,run_048,0.005435787999886088,baseline,48,1.0
0.9060718281183234,0.9035921589234791,0,0,0.0,0.0,3,3,0.0,0.0,15.789473684210526,15.789473684210526,0.0,0.0,10.354354354354355,product_cij_louvain,19,19,3448.0,666,333,0,0,0.9737982843332863,0.9737982843332863,0.9123249017434244,0.9098445595854922,0.015570457675720833,run_048,0.14874262999978782,exact_transport_copy_2x,48,0.5810914630937369
0.9060718281183234,0.9035921589234791,0,0,0.0,0.0,3,3,0.0,0.0,15.789473684210526,15.789473684210526,0.0,0.0,10.258258258258259,additive_cij_louvain,19,19,3416.0,666,333,0,0,0.9737982843332863,0.9737982843332863,0.9123249017434244,0.9098445595854922,0.01542595226805753,run_048,0.13698884200016437,exact_transport_copy_2x,48,1.6003975489086977
0.9060718281183234,0.9035921589234791,0,0,0.0,0.0,3,3,0.0,0.0,15.789473684210526,15.789473684210526,0.0,0.0,10.384384384384385,additive_cij_louvain_matched_density,19,19,3458.0,666,333,0,0,0.9737982843332863,0.9737982843332863,0.9123249017434244,0.9098445595854922,0.015615615615615615,run_048,0.13182274099995084,exact_transport_copy_2x,48,0.7365789996996348
0.9060718281183234,0.9035921589234791,0,0,0.0,0.0,3,3,0.0,0.0,15.789473684210526,15.789473684210526,0.0,0.0,10.354354354354355,product_cij_leiden,19,19,3448.0,666,333,0,0,0.9737982843332861,0.9737982843332863,0.9123249017434244,0.9098445595854922,0.015570457675720833,run_048,0.1103747330000715,exact_transport_copy_2x,48,0.5810914630937369
0.673752583780645,0.6677195147806101,0,0,0.0,0.0,2,2,0.0,0.0,15.384615384615385,15.384615384615385,0.0,0.0,,geo_time_dbscan,13,13,,666,333,0,0,0.9014893447448009,0.9014893447448008,0.7008187652135428,0.6946702800361337,,run_048,0.011989008000000467,exact_transport_copy_2x,48,1.0
0.3434490733088626,0.29420121209150835,0,0,0.0,0.0,19,19,0.0,0.0,19.587628865979383,19.587628865979383,0.0,0.0,10.148948948948949,product_cij_louvain,97,97,8449.0,1665,333,0,0,0.7715106274974906,0.7715106274974907,0.3591820206519538,0.3081967213114754,0.006099127974127974,run_048,0.5410735909999858,exact_transport_copy_5x,48,0.5869057372771644
0.34166999230086464,0.292253822482931,0,0,0.0,0.0,19,19,0.0,0.0,19.587628865979383,19.587628865979383,0.0,0.0,10.130930930930932,additive_cij_louvain,97,97,8434.0,1665,333,0,0,0.7710424243282189,0.771042424328219,0.3573985277233741,0.30623405030987966,0.0060882998382998385,run_048,0.5429751490000854,exact_transport_copy_5x,48,1.6043423730341848
0.334350340939482,0.2843494434120889,0,0,0.0,0.0,18,18,0.0,0.0,18.0,18.0,0.0,0.0,10.086486486486486,additive_cij_louvain_matched_density,100,100,8397.0,1665,333,0,0,0.7637084330598439,0.7637084330598439,0.35020612286274244,0.2984312294782926,0.006061590436590437,run_048,0.48915482400002475,exact_transport_copy_5x,48,0.7394450873949683
0.3434490733088626,0.29420121209150835,0,0,0.0,0.0,19,19,0.0,0.0,19.587628865979383,19.587628865979383,0.0,0.0,10.148948948948949,product_cij_leiden,97,97,8449.0,1665,333,0,0,0.7715106274974907,0.7715106274974907,0.3591820206519538,0.3081967213114754,0.006099127974127974,run_048,0.4359743059999346,exact_transport_copy_5x,48,0.5869057372771644
0.677258200735235,0.6677195147806101,0,0,0.0,0.0,2,2,0.0,0.0,15.384615384615385,15.384615384615385,0.0,0.0,,geo_time_dbscan,13,13,,1665,333,0,0,0.9014893447448009,0.9014893447448008,0.7043904145530873,0.6946702800361337,,run_048,0.056937779999998384,exact_transport_copy_5x,48,1.0
0.8832031893528034,0.8832031893528034,0,0,0.0,0.0,2,2,0.0,0.0,12.5,12.5,0.0,0.0,9.651651651651651,product_cij_louvain,16,16,1607.0,333,333,0,0,0.9681101609626124,0.9681101609626124,0.8912497585474212,0.8912497585474212,0.029071239914613408,run_048,0.045139085999835515,gps_noise_100m,48,0.5475404620748996
0.9276308044505669,0.9276308044505669,0,0,0.0,0.0,2,2,0.0,0.0,11.11111111111111,11.11111111111111,0.0,0.0,9.33933933933934,additive_cij_louvain,18,18,1555.0,333,333,0,0,0.980898368375558,0.980898368375558,0.9324132332047899,0.9324132332047899,0.02813054017873295,run_048,0.04528235400016456,gps_noise_100m,48,1.5558546293953612
0.8335814385996412,0.8335814385996412,0,0,0.0,0.0,2,2,0.0,0.0,13.333333333333334,13.333333333333334,0.0,0.0,9.921921921921921,additive_cij_louvain_matched_density,15,15,1652.0,333,333,0,0,0.9514999043346554,0.9514999043346554,0.845519516217702,0.845519516217702,0.02988530699374073,run_048,0.052883375999954296,gps_noise_100m,48,0.7297567049710272
0.8832031893528034,0.8832031893528034,0,0,0.0,0.0,2,2,0.0,0.0,12.5,12.5,0.0,0.0,9.651651651651651,product_cij_leiden,16,16,1607.0,333,333,0,0,0.9681101609626124,0.9681101609626124,0.8912497585474212,0.8912497585474212,0.029071239914613408,run_048,0.03472390299998551,gps_noise_100m,48,0.5475404620748996
0.6151447552068554,0.6151447552068554,0,0,0.0,0.0,2,2,0.0,0.0,16.666666666666668,16.666666666666668,0.0,0.0,,geo_time_dbscan,12,12,,333,333,0,0,0.8788990981414628,0.8788990981414628,0.647488071849565,0.647488071849565,,run_048,0.005158375000064552,gps_noise_100m,48,1.0
0.8053537472588437,0.8053537472588437,0,0,0.0,0.0,2,2,0.0,0.0,13.333333333333334,13.333333333333334,0.0,0.0,9.873873873873874,product_cij_louvain,15,15,1644.0,333,333,0,0,0.9358114041631427,0.9358114041631427,0.8194040697674418,0.8194040697674418,0.029740583957451428,run_048,0.053037636999988536,gps_noise_300m,48,0.37623149502386005
0.7957315126728932,0.7957315126728932,0,0,0.0,0.0,2,2,0.0,0.0,13.333333333333334,13.333333333333334,0.0,0.0,9.615615615615615,additive_cij_louvain,15,15,1601.0,333,333,0,0,0.932426112826038,0.932426112826038,0.8105072463768115,0.8105072463768115,0.028962697637396433,run_048,0.05155998300006104,gps_noise_300m,48,1.3020855970191954
0.8233399200067927,0.8233399200067927,0,0,0.0,0.0,2,2,0.0,0.0,13.333333333333334,13.333333333333334,0.0,0.0,10.132132132132131,additive_cij_louvain_matched_density,15,15,1687.0,333,333,0,0,0.9436955949810211,0.9436955949810211,0.8359475918066064,0.8359475918066064,0.030518470277506423,run_048,0.06127503700008674,gps_noise_300m,48,0.7202957215813807
0.8123234963031241,0.8123234963031241,0,0,0.0,0.0,2,2,0.0,0.0,13.333333333333334,13.333333333333334,0.0,0.0,9.873873873873874,product_cij_leiden,15,15,1644.0,333,333,0,0,0.9338946942468884,0.9338946942468884,0.82566765578635,0.82566765578635,0.029740583957451428,run_048,0.033274394000045504,gps_noise_300m,48,0.37623149502386005
0.5466861249800588,0.5466861249800588,0,0,0.0,0.0,2,2,0.0,0.0,18.181818181818183,18.181818181818183,0.0,0.0,,geo_time_dbscan,11,11,,333,333,0,0,0.8500313172720795,0.8500313172720795,0.5865005720096605,0.5865005720096605,,run_048,0.004889505999926769,gps_noise_300m,48,1.0
0.9228818391787694,0.9228818391787694,0,0,0.0,0.0,2,2,0.0,0.0,11.764705882352942,11.764705882352942,0.0,0.0,9.651651651651651,product_cij_louvain,17,17,1607.0,333,333,0,0,0.9779536216101541,0.9779536216101541,0.9279935275080906,0.9279935275080906,0.029071239914613408,run_048,0.042519567999988794,time_noise_15min,48,0.5101331586862565
0.9299373948521447,0.9299373948521447,0,0,0.0,0.0,2,2,0.0,0.0,11.764705882352942,11.764705882352942,0.0,0.0,9.411411411411411,additive_cij_louvain,17,17,1567.0,333,333,0,0,0.9831260600415627,0.9831260600415627,0.934575653230707,0.934575653230707,0.0283476247331669,run_048,0.046406940999986546,time_noise_15min,48,1.530340022433788
0.8758075135681451,0.8758075135681451,0,0,0.0,0.0,2,2,0.0,0.0,12.5,12.5,0.0,0.0,9.861861861861861,additive_cij_louvain_matched_density,16,16,1642.0,333,333,0,0,0.9669994832767614,0.9669994832767614,0.8844163312248419,0.8844163312248419,0.029704403198379102,run_048,0.0493913780001094,time_noise_15min,48,0.7111748946228369
0.9228818391787694,0.9228818391787694,0,0,0.0,0.0,2,2,0.0,0.0,11.764705882352942,11.764705882352942,0.0,0.0,9.651651651651651,product_cij_leiden,17,17,1607.0,333,333,0,0,0.9779536216101543,0.9779536216101543,0.9279935275080906,0.9279935275080906,0.029071239914613408,run_048,0.032593210999948496,time_noise_15min,48,0.5101331586862565
0.6677195147806101,0.6677195147806101,0,0,0.0,0.0,2,2,0.0,0.0,15.384615384615385,15.384615384615385,0.0,0.0,,geo_time_dbscan,13,13,,333,333,0,0,0.9014893447448008,0.9014893447448008,0.6946702800361337,0.6946702800361337,,run_048,0.005064660000016374,time_noise_15min,48,1.0
0.767379508878018,0.767379508878018,0,0,0.0,0.0,2,2,0.0,0.0,13.333333333333334,13.333333333333334,0.0,0.0,9.57957957957958,product_cij_louvain,15,15,1595.0,333,333,0,0,0.9292271611727736,0.9292271611727736,0.7848837209302325,0.7848837209302325,0.028854155360179455,run_048,0.047166275000108726,time_noise_60min,48,0.3783210804685645
0.763585170347407,0.763585170347407,0,0,0.0,0.0,2,2,0.0,0.0,12.5,12.5,0.0,0.0,9.405405405405405,additive_cij_louvain,16,16,1566.0,333,333,0,0,0.9266850014967114,0.9266850014967114,0.7813411078717202,0.7813411078717202,0.02832953435363074,run_048,0.06438125599993327,time_noise_60min,48,1.3782016245764046
0.7598844634247901,0.7598844634247901,0,0,0.0,0.0,2,2,0.0,0.0,14.285714285714286,14.285714285714286,0.0,0.0,10.0,additive_cij_louvain_matched_density,14,14,1665.0,333,333,0,0,0.9253313506374417,0.9253313506374417,0.7780047667688116,0.7780047667688116,0.030120481927710843,run_048,0.044612068000105864,time_noise_60min,48,0.6655249444951379
0.767379508878018,0.767379508878018,0,0,0.0,0.0,2,2,0.0,0.0,13.333333333333334,13.333333333333334,0.0,0.0,9.57957957957958,product_cij_leiden,15,15,1595.0,333,333,0,0,0.9292271611727736,0.9292271611727736,0.7848837209302325,0.7848837209302325,0.028854155360179455,run_048,0.03328853599987269,time_noise_60min,48,0.3783210804685645
0.6395955898276986,0.6395955898276986,0,0,0.0,0.0,2,2,0.0,0.0,13.333333333333334,13.333333333333334,2.197802197802198,2.197802197802198,,geo_time_dbscan,15,15,,333,333,6,6,0.8730543313441204,0.8730543313441204,0.6695747001090513,0.6695747001090513,,run_048,0.004955497000082687,time_noise_60min,48,1.0
0.9328946415674542,0.9328946415674542,0,0,0.0,0.0,2,2,0.0,0.0,11.764705882352942,11.764705882352942,0.0,0.0,9.951367781155016,product_cij_louvain,17,17,1637.0,329,329,0,0,0.9833564779013255,0.9833564779013255,0.9373970345963756,0.9373970345963756,0.030339535918155535,run_049,0.04851121599995167,baseline,49,0.31799759309212017
0.8955575203413979,0.8955575203413979,0,0,0.0,0.0,2,2,0.0,0.0,7.142857142857143,7.142857142857143,0.0,0.0,7.148936170212766,additive_cij_louvain,28,28,1176.0,329,329,0,0,0.9569232851302782,0.9569232851302782,0.902361199744735,0.902361199744735,0.021795537104307212,run_049,0.040336498999977266,baseline,49,1.671195973407763
0.9152353367167841,0.9152353367167841,0,0,0.0,0.0,2,2,0.0,0.0,11.764705882352942,11.764705882352942,0.0,0.0,9.927051671732523,additive_cij_louvain_matched_density,17,17,1633.0,329,329,0,0,0.9722783499708709,0.9722783499708709,0.9209225700164745,0.9209225700164745,0.03026540143820891,run_049,0.05158200699997906,baseline,49,0.758287138491831
0.9328946415674542,0.9328946415674542,0,0,0.0,0.0,3,3,0.0,0.0,16.666666666666668,16.666666666666668,0.0,0.0,9.951367781155016,product_cij_leiden,18,18,1637.0,329,329,0,0,0.9833564779013253,0.9833564779013253,0.9373970345963756,0.9373970345963756,0.030339535918155535,run_049,0.034101709999958985,baseline,49,0.31799759309212017
0.5762983162147557,0.5762983162147557,0,0,0.0,0.0,1,1,0.0,0.0,10.0,10.0,0.0,0.0,,geo_time_dbscan,10,10,,329,329,0,0,0.8553893988557342,0.8553893988557342,0.6133944212370301,0.6133944212370301,,run_049,0.005206488999874637,baseline,49,1.0
0.9555230541195974,0.954302168461657,0,0,0.0,0.0,3,3,0.0,0.0,15.789473684210526,15.789473684210526,0.0,0.0,10.458966565349543,product_cij_louvain,19,19,3441.0,658,329,0,0,0.9819086840423574,0.9819086840423572,0.9584261321455086,0.9572052401746725,0.015919279399314375,run_049,0.14418871499992747,exact_transport_copy_2x,49,0.33135233562724414
0.8779567410236329,0.8743488924432793,0,0,0.0,0.0,3,3,0.0,0.0,9.090909090909092,9.090909090909092,0.0,0.0,9.322188449848024,additive_cij_louvain,33,33,3067.0,658,329,0,0,0.9420379792368402,0.9420379792368402,0.8853705595278628,0.8817607117771014,0.014189023515750418,run_049,0.13660361300003387,exact_transport_copy_2x,49,1.681830799260347
0.9555230541195974,0.954302168461657,0,0,0.0,0.0,3,3,0.0,0.0,15.789473684210526,15.789473684210526,0.0,0.0,10.425531914893616,additive_cij_louvain_matched_density,19,19,3430.0,658,329,0,0,0.9819086840423574,0.9819086840423572,0.9584261321455086,0.9572052401746725,0.015868389520386023,run_049,0.14817953000010675,exact_transport_copy_2x,49,0.7651772104787024
0.9555230541195974,0.954302168461657,0,0,0.0,0.0,3,3,0.0,0.0,15.789473684210526,15.789473684210526,0.0,0.0,10.458966565349543,product_cij_leiden,19,19,3441.0,658,329,0,0,0.9819086840423574,0.9819086840423572,0.9584261321455086,0.9572052401746725,0.015919279399314375,run_049,0.0959500010001193,exact_transport_copy_2x,49,0.33135233562724414
0.5829392806715853,0.5762983162147557,0,0,0.0,0.0,1,1,0.0,0.0,10.0,10.0,0.0,0.0,,geo_time_dbscan,10,10,,658,329,0,0,0.8553893988557343,0.8553893988557342,0.6202766196810271,0.6133944212370301,,run_049,0.01185228500003177,exact_transport_copy_2x,49,1.0
0.3529191692599501,0.30462511148296895,0,0,0.0,0.0,18,18,0.0,0.0,18.94736842105263,18.94736842105263,0.0,0.0,10.149544072948329,product_cij_louvain,95,95,8348.0,1645,329,0,0,0.7779243509198404,0.7779243509198404,0.3688591703056769,0.31885125184094254,0.006173688608849348,run_049,0.5238728859999355,exact_transport_copy_5x,49,0.3395579657537843
0.33247784784555384,0.28199295496222015,0,0,0.0,0.0,17,17,0.0,0.0,16.19047619047619,16.19047619047619,0.0,0.0,9.897872340425533,additive_cij_louvain,105,105,8141.0,1645,329,0,0,0.7679969077952936,0.7679969077952938,0.34800635754267156,0.2956326987681971,0.006020603613397526,run_049,0.6204347000000325,exact_transport_copy_5x,49,1.6875840042681616
0.33552533526004996,0.28541547678242596,0,0,0.0,0.0,19,19,0.0,0.0,19.387755102040817,19.387755102040817,0.0,0.0,10.093617021276597,additive_cij_louvain_matched_density,98,98,8302.0,1645,329,0,0,0.7717205688848549,0.7717205688848549,0.3511818620356971,0.29921845924823226,0.006139669720971165,run_049,0.7958433629999035,exact_transport_copy_5x,49,0.7694248565146726
0.3529191692599501,0.30462511148296895,0,0,0.0,0.0,18,18,0.0,0.0,18.94736842105263,18.94736842105263,0.0,0.0,10.149544072948329,product_cij_leiden,95,95,8348.0,1645,329,0,0,0.7779243509198404,0.7779243509198404,0.3688591703056769,0.31885125184094254,0.006173688608849348,run_049,0.637290043999883,exact_transport_copy_5x,49,0.3395579657537843
0.5868134086701413,0.5762983162147557,0,0,0.0,0.0,1,1,0.0,0.0,10.0,10.0,0.0,0.0,,geo_time_dbscan,10,10,,1645,329,0,0,0.8553893988557343,0.8553893988557342,0.6242895681097929,0.6133944212370301,,run_049,0.07332194600007824,exact_transport_copy_5x,49,1.0
0.9239176161351059,0.9239176161351059,0,0,0.0,0.0,2,2,0.0,0.0,11.764705882352942,11.764705882352942,0.0,0.0,10.036474164133738,product_cij_louvain,17,17,1651.0,329,329,0,0,0.9777837510444909,0.9777837510444909,0.92902694918741,0.92902694918741,0.030599006597968714,run_049,0.048602233999872624,gps_noise_100m,49,0.30679114623964976
0.9014886030113985,0.9014886030113985,0,0,0.0,0.0,2,2,0.0,0.0,7.6923076923076925,7.6923076923076925,0.0,0.0,7.313069908814589,additive_cij_louvain,26,26,1203.0,329,329,0,0,0.9598266287980077,0.9598266287980077,0.9079365079365079,0.9079365079365079,0.02229594484394692,run_049,0.054517349999969156,gps_noise_100m,49,1.6365240163246537
0.9152353367167841,0.9152353367167841,0,0,0.0,0.0,2,2,0.0,0.0,11.764705882352942,11.764705882352942,0.0,0.0,9.993920972644377,additive_cij_louvain_matched_density,17,17,1644.0,329,329,0,0,0.9722783499708709,0.9722783499708709,0.9209225700164745,0.9209225700164745,0.030469271258062126,run_049,0.04453807400000187,gps_noise_100m,49,0.7562800058965566
0.9239176161351059,0.9239176161351059,0,0,0.0,0.0,2,2,0.0,0.0,11.764705882352942,11.764705882352942,0.0,0.0,10.036474164133738,product_cij_leiden,17,17,1651.0,329,329,0,0,0.9777837510444906,0.9777837510444906,0.92902694918741,0.92902694918741,0.030599006597968714,run_049,0.033994695000046704,gps_noise_100m,49,0.30679114623964976
0.5762983162147557,0.5762983162147557,0,0,0.0,0.0,1,1,0.0,0.0,10.0,10.0,0.0,0.0,,geo_time_dbscan,10,10,,329,329,0,0,0.8553893988557342,0.8553893988557342,0.6133944212370301,0.6133944212370301,,run_049,0.004969565999999759,gps_noise_100m,49,1.0
0.79439468847154,0.79439468847154,0,0,0.0,0.0,1,1,0.0,0.0,7.142857142857143,7.142857142857143,0.0,0.0,10.243161094224924,product_cij_louvain,14,14,1685.0,329,329,0,0,0.9360098179242506,0.9360098179242506,0.8097209720972097,0.8097209720972097,0.03122914967751501,run_049,0.06494675299995833,gps_noise_300m,49,0.22916293387483092
0.8425223916196882,0.8425223916196882,0,0,0.0,0.0,1,1,0.0,0.0,5.555555555555555,5.555555555555555,0.0,0.0,8.200607902735563,additive_cij_louvain,18,18,1349.0,329,329,0,0,0.9558469631938638,0.9558469631938638,0.8537564519212387,0.8537564519212387,0.025001853361998665,run_049,0.049449244000015824,gps_noise_300m,49,1.4405917562199326
0.8491450721253104,0.8491450721253104,0,0,0.0,0.0,1,1,0.0,0.0,6.666666666666667,6.666666666666667,0.0,0.0,10.170212765957446,additive_cij_louvain_matched_density,15,15,1673.0,329,329,0,0,0.9626645429889007,0.9626645429889007,0.860003778575477,0.860003778575477,0.03100674623767514,run_049,0.050449888999992254,gps_noise_300m,49,0.7351139495583364
0.79439468847154,0.79439468847154,0,0,0.0,0.0,1,1,0.0,0.0,7.142857142857143,7.142857142857143,0.0,0.0,10.243161094224924,product_cij_leiden,14,14,1685.0,329,329,0,0,0.9360098179242505,0.9360098179242505,0.8097209720972097,0.8097209720972097,0.03122914967751501,run_049,0.03653891799990561,gps_noise_300m,49,0.22916293387483092
0.4739144392617925,0.4739144392617925,0,0,0.0,0.0,1,1,0.0,0.0,12.5,12.5,0.0,0.0,,geo_time_dbscan,8,8,,329,329,0,0,0.7942048295218458,0.7942048295218458,0.5229779411764706,0.5229779411764706,,run_049,0.005058763999841176,gps_noise_300m,49,1.0
0.9121799421383227,0.9121799421383227,0,0,0.0,0.0,2,2,0.0,0.0,11.764705882352942,11.764705882352942,0.0,0.0,10.042553191489361,product_cij_louvain,17,17,1652.0,329,329,0,0,0.9652440403507365,0.9652440403507365,0.9180463576158939,0.9180463576158939,0.03061754021795537,run_049,0.04286976399998821,time_noise_15min,49,0.313528707023093
0.8971410118485387,0.8971410118485387,0,0,0.0,0.0,3,3,0.0,0.0,12.5,12.5,0.0,0.0,7.5683890577507595,additive_cij_louvain,24,24,1245.0,329,329,0,0,0.94329450118479,0.94329450118479,0.9035283608753907,0.9035283608753907,0.023074356883386462,run_049,0.05334416300001976,time_noise_15min,49,1.6283983099162906
0.8201957116538234,0.8201957116538234,0,0,0.0,0.0,2,2,0.0,0.0,12.5,12.5,0.0,0.0,9.969604863221884,additive_cij_louvain_matched_density,16,16,1640.0,329,329,0,0,0.938333029713343,0.938333029713343,0.8331123318810381,0.8331123318810381,0.030395136778115502,run_049,0.04740267500005757,time_noise_15min,49,0.7635381892599327
0.9048978172058072,0.9048978172058072,0,0,0.0,0.0,3,3,0.0,0.0,16.666666666666668,16.666666666666668,0.0,0.0,10.042553191489361,product_cij_leiden,18,18,1652.0,329,329,0,0,0.9618395180711176,0.9618395180711176,0.9112670243499793,0.9112670243499793,0.03061754021795537,run_049,0.034210311000151705,time_noise_15min,49,0.313528707023093
0.5762983162147557,0.5762983162147557,0,0,0.0,0.0,1,1,0.0,0.0,10.0,10.0,0.0,0.0,,geo_time_dbscan,10,10,,329,329,0,0,0.8553893988557342,0.8553893988557342,0.6133944212370301,0.6133944212370301,,run_049,0.005554486999926667,time_noise_15min,49,1.0
0.6791307102529437,0.6791307102529437,0,0,0.0,0.0,3,3,0.0,0.0,20.0,20.0,0.0,0.0,9.890577507598785,product_cij_louvain,15,15,1627.0,329,329,0,0,0.8853530480239804,0.8853530480239804,0.7042957042957043,0.7042957042957043,0.030154199718288976,run_049,0.05046292099996208,time_noise_60min,49,0.25893518500212886
0.7047439461914354,0.7047439461914354,0,0,0.0,0.0,3,3,0.0,0.0,16.666666666666668,16.666666666666668,0.0,0.0,7.914893617021277,additive_cij_louvain,18,18,1302.0,329,329,0,0,0.8978274709744253,0.8978274709744253,0.7272092210967517,0.7272092210967517,0.024130773222625843,run_049,0.040249126000162505,time_noise_60min,49,1.4769934024718965
0.6775196995561653,0.6775196995561653,0,0,0.0,0.0,3,3,0.0,0.0,20.0,20.0,0.0,0.0,9.969604863221884,additive_cij_louvain_matched_density,15,15,1640.0,329,329,0,0,0.8809041774583454,0.8809041774583454,0.7027568922305764,0.7027568922305764,0.030395136778115502,run_049,0.05326962799995272,time_noise_60min,49,0.7320064429698774
0.6791307102529437,0.6791307102529437,0,0,0.0,0.0,3,3,0.0,0.0,20.0,20.0,0.0,0.0,9.890577507598785,product_cij_leiden,15,15,1627.0,329,329,0,0,0.8853530480239802,0.8853530480239802,0.7042957042957043,0.7042957042957043,0.030154199718288976,run_049,0.0333148050001455,time_noise_60min,49,0.25893518500212886
0.5167589172430153,0.5167589172430153,0,0,0.0,0.0,1,1,0.0,0.0,11.11111111111111,11.11111111111111,2.6022304832713754,2.6022304832713754,,geo_time_dbscan,9,9,,329,329,7,7,0.8074582904406719,0.8074582904406719,0.560580536477906,0.560580536477906,,run_049,0.004982342999937828,time_noise_60min,49,1.0
0.9037265359415235,0.9037265359415235,0,0,0.0,0.0,3,3,0.0,0.0,17.647058823529413,17.647058823529413,0.0,0.0,9.841584158415841,product_cij_louvain,17,17,1491.0,303,303,0,0,0.9677514118815911,0.9677514118815911,0.9102659706686552,0.9102659706686552,0.03258802701462199,run_050,0.08962216500003706,baseline,50,0.2983592337322963
0.9095936168536743,0.9095936168536743,0,0,0.0,0.0,3,3,0.0,0.0,17.647058823529413,17.647058823529413,0.0,0.0,9.650165016501651,additive_cij_louvain,17,17,1462.0,303,303,0,0,0.973060306736006,0.973060306736006,0.9157345264727814,0.9157345264727814,0.03195418879636308,run_050,0.116677510000045,baseline,50,1.5006999977102198
0.9037265359415235,0.9037265359415235,0,0,0.0,0.0,3,3,0.0,0.0,17.647058823529413,17.647058823529413,0.0,0.0,9.894389438943895,additive_cij_louvain_matched_density,17,17,1499.0,303,303,0,0,0.9677514118815911,0.9677514118815911,0.9102659706686552,0.9102659706686552,0.03276287893690031,run_050,0.0752229710001302,baseline,50,0.7764555457367122
0.9037265359415235,0.9037265359415235,0,0,0.0,0.0,3,3,0.0,0.0,17.647058823529413,17.647058823529413,0.0,0.0,9.841584158415841,product_cij_leiden,17,17,1491.0,303,303,0,0,0.9677514118815909,0.9677514118815909,0.9102659706686552,0.9102659706686552,0.03258802701462199,run_050,0.04458228499993311,baseline,50,0.2983592337322963
0.37944857061369014,0.37944857061369014,0,0,0.0,0.0,3,3,0.0,0.0,27.272727272727273,27.272727272727273,0.0,0.0,,geo_time_dbscan,11,11,,303,303,0,0,0.7823375246632795,0.7823375246632795,0.44009078963086845,0.44009078963086845,,run_050,0.00638588200013146,baseline,50,1.0
0.9728466319638019,0.9720323627086064,0,0,0.0,0.0,3,3,0.0,0.0,16.666666666666668,16.666666666666668,0.0,0.0,10.343234323432343,product_cij_louvain,18,18,3134.0,606,303,0,0,0.9895568323110779,0.9895568323110779,0.974644640799078,0.9738302934179223,0.01709625508005346,run_050,0.18918598600021141,exact_transport_copy_2x,50,0.3068231482643336
0.9728466319638019,0.9720323627086064,0,0,0.0,0.0,3,3,0.0,0.0,16.666666666666668,16.666666666666668,0.0,0.0,10.35973597359736,additive_cij_louvain,18,18,3139.0,606,303,0,0,0.9895568323110779,0.9895568323110779,0.974644640799078,0.9738302934179223,0.01712353053487167,run_050,0.24065904700000829,exact_transport_copy_2x,50,1.5180012615113374
0.9728466319638019,0.9720323627086064,0,0,0.0,0.0,3,3,0.0,0.0,16.666666666666668,16.666666666666668,0.0,0.0,10.346534653465346,additive_cij_louvain_matched_density,18,18,3135.0,606,303,0,0,0.9895568323110779,0.9895568323110779,0.974644640799078,0.9738302934179223,0.017101710171017102,run_050,0.16047525299995868,exact_transport_copy_2x,50,0.7799225300959705
0.9728466319638019,0.9720323627086064,0,0,0.0,0.0,3,3,0.0,0.0,16.666666666666668,16.666666666666668,0.0,0.0,10.343234323432343,product_cij_leiden,18,18,3134.0,606,303,0,0,0.9895568323110777,0.9895568323110777,0.974644640799078,0.9738302934179223,0.01709625508005346,run_050,0.08360054800004946,exact_transport_copy_2x,50,0.3068231482643336
0.3866288259735401,0.37944857061369014,0,0,0.0,0.0,3,3,0.0,0.0,27.272727272727273,27.272727272727273,0.0,0.0,,geo_time_dbscan,11,11,,606,303,0,0,0.7823375246632794,0.7823375246632795,0.44810126582278476,0.44009078963086845,,run_050,0.010365192000108436,exact_transport_copy_2x,50,1.0
0.3589102225700841,0.3056819552494865,0,0,0.0,0.0,16,16,0.0,0.0,17.391304347826086,17.391304347826086,0.0,0.0,10.055445544554455,product_cij_louvain,92,92,7617.0,1515,303,0,0,0.7803266776941058,0.7803266776941057,0.37510414930844854,0.3200362647325476,0.006641641707103339,run_050,0.7560260389998348,exact_transport_copy_5x,50,0.31320619378621267
0.3582446074238025,0.3049376575711321,0,0,0.0,0.0,16,16,0.0,0.0,17.391304347826086,17.391304347826086,0.0,0.0,10.056765676567657,additive_cij_louvain,92,92,7618.0,1515,303,0,0,0.7801701179632582,0.7801701179632582,0.3744269400683504,0.31927437641723355,0.006642513656913908,run_050,0.7974900240001261,exact_transport_copy_5x,50,1.528444094380935
0.3749801534303278,0.32340351072948315,0,0,0.0,0.0,18,18,0.0,0.0,19.148936170212767,19.148936170212767,0.0,0.0,10.01980198019802,additive_cij_louvain_matched_density,94,94,7590.0,1515,303,0,0,0.783663144615723,0.783663144615723,0.3911530815109344,0.33783783783783783,0.006618099062217979,run_050,0.6031682660000115,exact_transport_copy_5x,50,0.7816734118936215
0.3589102225700841,0.3056819552494865,0,0,0.0,0.0,16,16,0.0,0.0,17.391304347826086,17.391304347826086,0.0,0.0,10.055445544554455,product_cij_leiden,92,92,7617.0,1515,303,0,0,0.7803266776941058,0.7803266776941058,0.37510414930844854,0.3200362647325476,0.006641641707103339,run_050,0.5063307049999821,exact_transport_copy_5x,50,0.31320619378621267
0.3908439331074766,0.37944857061369014,0,0,0.0,0.0,3,3,0.0,0.0,27.272727272727273,27.272727272727273,0.0,0.0,,geo_time_dbscan,11,11,,1515,303,0,0,0.7823375246632794,0.7823375246632795,0.4527984682560067,0.44009078963086845,,run_050,0.05478963699988526,exact_transport_copy_5x,50,1.0
0.9095936168536743,0.9095936168536743,0,0,0.0,0.0,3,3,0.0,0.0,17.647058823529413,17.647058823529413,0.0,0.0,9.92079207920792,product_cij_louvain,17,17,1503.0,303,303,0,0,0.9730603067360061,0.9730603067360061,0.9157345264727814,0.9157345264727814,0.03285030489803947,run_050,0.09708311200006392,gps_noise_100m,50,0.2947163196293584
0.9095936168536743,0.9095936168536743,0,0,0.0,0.0,3,3,0.0,0.0,17.647058823529413,17.647058823529413,0.0,0.0,9.636963696369637,additive_cij_louvain,17,17,1460.0,303,303,0,0,0.9730603067360061,0.9730603067360061,0.9157345264727814,0.9157345264727814,0.0319104758157935,run_050,0.0740337309998722,gps_noise_100m,50,1.4678936500718098
0.785650460278261,0.785650460278261,0,0,0.0,0.0,3,3,0.0,0.0,20.0,20.0,0.0,0.0,9.907590759075907,additive_cij_louvain_matched_density,15,15,1501.0,303,303,0,0,0.9364693483197448,0.9364693483197448,0.801741022850925,0.801741022850925,0.032806591917469895,run_050,0.06361091299982036,gps_noise_100m,50,0.774697066836016
0.9095936168536743,0.9095936168536743,0,0,0.0,0.0,3,3,0.0,0.0,17.647058823529413,17.647058823529413,0.0,0.0,9.92079207920792,product_cij_leiden,17,17,1503.0,303,303,0,0,0.973060306736006,0.973060306736006,0.9157345264727814,0.9157345264727814,0.03285030489803947,run_050,0.04682149800009938,gps_noise_100m,50,0.2947163196293584
0.30675045374302906,0.30675045374302906,0,0,0.0,0.0,3,3,0.0,0.0,30.0,30.0,0.0,0.0,,geo_time_dbscan,10,10,,303,303,0,0,0.7318750092826537,0.7318750092826537,0.377227114478804,0.377227114478804,,run_050,0.006819332999839389,gps_noise_100m,50,1.0
0.7213090504117847,0.7213090504117847,0,0,0.0,0.0,3,3,0.0,0.0,21.428571428571427,21.428571428571427,0.0,0.0,10.05940594059406,product_cij_louvain,14,14,1524.0,303,303,0,0,0.9089301963017289,0.9089301963017289,0.7431248726828275,0.7431248726828275,0.03330929119402006,run_050,0.0711037569999462,gps_noise_300m,50,0.2408443410354311
0.7035956046762629,0.7035956046762629,0,0,0.0,0.0,3,3,0.0,0.0,18.75,18.75,0.0,0.0,9.504950495049505,additive_cij_louvain,16,16,1440.0,303,303,0,0,0.8924695808896185,0.8924695808896185,0.726674886970818,0.726674886970818,0.0314733460100977,run_050,0.06934704899981625,gps_noise_300m,50,1.2737241316432044
0.7213090504117847,0.7213090504117847,0,0,0.0,0.0,3,3,0.0,0.0,21.428571428571427,21.428571428571427,0.0,0.0,10.198019801980198,additive_cij_louvain_matched_density,14,14,1545.0,303,303,0,0,0.9089301963017289,0.9089301963017289,0.7431248726828275,0.7431248726828275,0.03376827749000066,run_050,0.07153007400006572,gps_noise_300m,50,0.7538028067143283
0.7213090504117847,0.7213090504117847,0,0,0.0,0.0,3,3,0.0,0.0,21.428571428571427,21.428571428571427,0.0,0.0,10.05940594059406,product_cij_leiden,14,14,1524.0,303,303,0,0,0.9089301963017289,0.9089301963017289,0.7431248726828275,0.7431248726828275,0.03330929119402006,run_050,0.046925411000074746,gps_noise_300m,50,0.2408443410354311
0.30675045374302906,0.30675045374302906,0,0,0.0,0.0,3,3,0.0,0.0,30.0,30.0,0.0,0.0,,geo_time_dbscan,10,10,,303,303,0,0,0.7318750092826537,0.7318750092826537,0.377227114478804,0.377227114478804,,run_050,0.007138966000184155,gps_noise_300m,50,1.0
0.8216092625807041,0.8216092625807041,0,0,0.0,0.0,3,3,0.0,0.0,18.75,18.75,0.0,0.0,9.914191419141915,product_cij_louvain,16,16,1502.0,303,303,0,0,0.9472963247696317,0.9472963247696317,0.8345521023765997,0.8345521023765997,0.03282844840775468,run_050,0.07029736100002992,time_noise_15min,50,0.2887433354982987
0.9008161322630026,0.9008161322630026,0,0,0.0,0.0,3,3,0.0,0.0,17.647058823529413,17.647058823529413,0.0,0.0,9.689768976897689,additive_cij_louvain,17,17,1468.0,303,303,0,0,0.9671474634915733,0.9671474634915733,0.9075546719681907,0.9075546719681907,0.03208532773807182,run_050,0.07343933699985428,time_noise_15min,50,1.47532708596393
0.7335025691265948,0.7335025691265948,0,0,0.0,0.0,3,3,0.0,0.0,21.428571428571427,21.428571428571427,0.0,0.0,9.947194719471947,additive_cij_louvain_matched_density,14,14,1507.0,303,303,0,0,0.9160674318818293,0.9160674318818293,0.7542997542997543,0.7542997542997543,0.032937730859178636,run_050,0.07282164700018257,time_noise_15min,50,0.7542723432974708
0.9008161322630026,0.9008161322630026,0,0,0.0,0.0,3,3,0.0,0.0,17.647058823529413,17.647058823529413,0.0,0.0,9.914191419141915,product_cij_leiden,17,17,1502.0,303,303,0,0,0.9671474634915733,0.9671474634915733,0.9075546719681907,0.9075546719681907,0.03282844840775468,run_050,0.04832473199985543,time_noise_15min,50,0.2887433354982987
0.37944857061369014,0.37944857061369014,0,0,0.0,0.0,3,3,0.0,0.0,27.272727272727273,27.272727272727273,0.0,0.0,,geo_time_dbscan,11,11,,303,303,0,0,0.7823375246632795,0.7823375246632795,0.44009078963086845,0.44009078963086845,,run_050,0.007016696999926353,time_noise_15min,50,1.0
0.7309288832276429,0.7309288832276429,0,0,0.0,0.0,3,3,0.0,0.0,21.428571428571427,21.428571428571427,0.0,0.0,10.085808580858085,product_cij_louvain,14,14,1528.0,303,303,0,0,0.9108776540521903,0.9108776540521903,0.7518982146521651,0.7518982146521651,0.033396717155159225,run_050,0.07547925500011843,time_noise_60min,50,0.259268352189556
0.7309288832276429,0.7309288832276429,0,0,0.0,0.0,3,3,0.0,0.0,21.428571428571427,21.428571428571427,0.0,0.0,9.636963696369637,additive_cij_louvain,14,14,1460.0,303,303,0,0,0.9108776540521903,0.9108776540521903,0.7518982146521651,0.7518982146521651,0.0319104758157935,run_050,0.0695265389999804,time_noise_60min,50,1.3527352732582596
0.7149047968689913,0.7149047968689913,0,0,0.0,0.0,3,3,0.0,0.0,21.428571428571427,21.428571428571427,0.0,0.0,10.191419141914192,additive_cij_louvain_matched_density,14,14,1544.0,303,303,0,0,0.8958428668293145,0.8958428668293145,0.7371229222245024,0.7371229222245024,0.033746420999715865,run_050,0.07683131599992521,time_noise_60min,50,0.7051779247386946
0.7309288832276429,0.7309288832276429,0,0,0.0,0.0,3,3,0.0,0.0,21.428571428571427,21.428571428571427,0.0,0.0,10.085808580858085,product_cij_leiden,14,14,1528.0,303,303,0,0,0.9108776540521903,0.9108776540521903,0.7518982146521651,0.7518982146521651,0.033396717155159225,run_050,0.04729527500012409,time_noise_60min,50,0.259268352189556
0.3647946573727241,0.3647946573727241,0,0,0.0,0.0,3,3,0.0,0.0,23.076923076923077,23.076923076923077,0.823045267489712,0.823045267489712,,geo_time_dbscan,13,13,,303,303,2,2,0.7683195717947889,0.7683195717947889,0.4264507422402159,0.4264507422402159,,run_050,0.00636307299987493,time_noise_60min,50,1.0
0.8887315528086317,0.8887315528086317,0,0,0.0,0.0,3,3,0.0,0.0,17.647058823529413,17.647058823529413,0.0,0.0,9.925465838509316,product_cij_louvain,17,17,1598.0,322,322,0,0,0.9687780573722128,0.9687780573722128,0.8966774716369529,0.8966774716369529,0.030920454325574196,run_051,0.04720170400014467,baseline,51,0.27391348133558335
0.8887315528086317,0.8887315528086317,0,0,0.0,0.0,3,3,0.0,0.0,17.647058823529413,17.647058823529413,0.0,0.0,9.540372670807454,additive_cij_louvain,17,17,1536.0,322,322,0,0,0.9687780573722128,0.9687780573722128,0.8966774716369529,0.8966774716369529,0.02972078713647182,run_051,0.05005576100006692,baseline,51,1.5478928473910265
0.8887315528086317,0.8887315528086317,0,0,0.0,0.0,3,3,0.0,0.0,17.647058823529413,17.647058823529413,0.0,0.0,9.950310559006212,additive_cij_louvain_matched_density,17,17,1602.0,322,322,0,0,0.9687780573722128,0.9687780573722128,0.8966774716369529,0.8966774716369529,0.030997852208742092,run_051,0.04670470800010662,baseline,51,0.7966299388761139
0.8887315528086317,0.8887315528086317,0,0,0.0,0.0,3,3,0.0,0.0,17.647058823529413,17.647058823529413,0.0,0.0,9.925465838509316,product_cij_leiden,17,17,1598.0,322,322,0,0,0.9687780573722128,0.9687780573722128,0.8966774716369529,0.8966774716369529,0.030920454325574196,run_051,0.036310503000095196,baseline,51,0.27391348133558335
0.5717990507781595,0.5717990507781595,0,0,0.0,0.0,3,3,0.0,0.0,25.0,25.0,0.0,0.0,,geo_time_dbscan,12,12,,322,322,0,0,0.8526567933301176,0.8526567933301176,0.6103143960286818,0.6103143960286818,,run_051,0.005262257999902431,baseline,51,1.0
0.9042975887335635,0.9018336649649809,0,0,0.0,0.0,3,3,0.0,0.0,16.666666666666668,16.666666666666668,0.0,0.0,10.360248447204969,product_cij_louvain,18,18,3336.0,644,322,0,0,0.965175954541847,0.9651759545418472,0.9110562075355157,0.908590774439272,0.016112361504206793,run_051,0.13623730199992679,exact_transport_copy_2x,51,0.28184879168008425
0.9042975887335635,0.9018336649649809,0,0,0.0,0.0,3,3,0.0,0.0,16.666666666666668,16.666666666666668,0.0,0.0,10.29503105590062,additive_cij_louvain,18,18,3315.0,644,322,0,0,0.965175954541847,0.9651759545418472,0.9110562075355157,0.908590774439272,0.016010934768119163,run_051,0.13211075899994285,exact_transport_copy_2x,51,1.561004505551523
0.9042975887335635,0.9018336649649809,0,0,0.0,0.0,3,3,0.0,0.0,16.666666666666668,16.666666666666668,0.0,0.0,10.341614906832298,additive_cij_louvain_matched_density,18,18,3330.0,644,322,0,0,0.965175954541847,0.9651759545418472,0.9110562075355157,0.908590774439272,0.016083382436753186,run_051,0.1630363290000787,exact_transport_copy_2x,51,0.8005975203533696
0.9042975887335635,0.9018336649649809,0,0,0.0,0.0,3,3,0.0,0.0,16.666666666666668,16.666666666666668,0.0,0.0,10.360248447204969,product_cij_leiden,18,18,3336.0,644,322,0,0,0.965175954541847,0.9651759545418472,0.9110562075355157,0.908590774439272,0.016112361504206793,run_051,0.11328387599996859,exact_transport_copy_2x,51,0.28184879168008425
0.578458706060028,0.5717990507781595,0,0,0.0,0.0,3,3,0.0,0.0,25.0,25.0,0.0,0.0,,geo_time_dbscan,12,12,,644,322,0,0,0.8526567933301176,0.8526567933301176,0.6172287687931735,0.6103143960286818,,run_051,0.01169538899989675,exact_transport_copy_2x,51,1.0
0.34809883102670713,0.29961872343154256,0,0,0.0,0.0,20,20,0.0,0.0,21.27659574468085,21.27659574468085,0.0,0.0,10.130434782608695,product_cij_louvain,94,94,8155.0,1610,322,0,0,0.77325864945529,0.7732586494552901,0.3648185695308676,0.31459826480573366,0.006296106142081228,run_051,0.8195655549998264,exact_transport_copy_5x,51,0.2864836119483583
0.34585182768413697,0.29713345924129897,0,0,0.0,0.0,19,19,0.0,0.0,20.43010752688172,20.43010752688172,0.0,0.0,10.15527950310559,additive_cij_louvain,93,93,8175.0,1610,322,0,0,0.772812966681266,0.7728129666812661,0.36252888048729254,0.31205137891953155,0.00631154723623716,run_051,0.5475599829999283,exact_transport_copy_5x,51,1.5677000654547517
0.3344231891261166,0.2844151373623988,0,0,0.0,0.0,19,19,0.0,0.0,19.791666666666668,19.791666666666668,0.0,0.0,10.081987577639751,additive_cij_louvain_matched_density,96,96,8116.0,1610,322,0,0,0.7676774123374677,0.7676774123374678,0.35077314128362636,0.29889439573008003,0.006265996008477161,run_051,0.5522825769999145,exact_transport_copy_5x,51,0.8027870789617575
0.34809883102670713,0.29961872343154256,0,0,0.0,0.0,20,20,0.0,0.0,21.27659574468085,21.27659574468085,0.0,0.0,10.130434782608695,product_cij_leiden,94,94,8155.0,1610,322,0,0,0.77325864945529,0.7732586494552901,0.3648185695308676,0.31459826480573366,0.006296106142081228,run_051,0.3975481510001373,exact_transport_copy_5x,51,0.2864836119483583
0.5823441868849586,0.5717990507781595,0,0,0.0,0.0,3,3,0.0,0.0,25.0,25.0,0.0,0.0,,geo_time_dbscan,12,12,,1610,322,0,0,0.8526567933301176,0.8526567933301176,0.6212608555805725,0.6103143960286818,,run_051,0.059109141999897474,exact_transport_copy_5x,51,1.0
0.8637335666613536,0.8637335666613536,0,0,0.0,0.0,3,3,0.0,0.0,18.75,18.75,0.0,0.0,10.055900621118013,product_cij_louvain,16,16,1619.0,322,322,0,0,0.9569169635887406,0.9569169635887406,0.8736675878405054,0.8736675878405054,0.03132679321220565,run_051,0.046361094999838315,gps_noise_100m,51,0.2562732249218387
0.8887315528086317,0.8887315528086317,0,0,0.0,0.0,3,3,0.0,0.0,17.647058823529413,17.647058823529413,0.0,0.0,9.559006211180124,additive_cij_louvain,17,17,1539.0,322,322,0,0,0.9687780573722128,0.9687780573722128,0.8966774716369529,0.8966774716369529,0.029778835548847738,run_051,0.05253525500006617,gps_noise_100m,51,1.5059351314015168
0.8637335666613536,0.8637335666613536,0,0,0.0,0.0,3,3,0.0,0.0,18.75,18.75,0.0,0.0,9.956521739130435,additive_cij_louvain_matched_density,16,16,1603.0,322,322,0,0,0.9569169635887406,0.9569169635887406,0.8736675878405054,0.8736675878405054,0.031017201679534066,run_051,0.04556522699999732,gps_noise_100m,51,0.7915932284219162
0.8887315528086317,0.8887315528086317,0,0,0.0,0.0,3,3,0.0,0.0,17.647058823529413,17.647058823529413,0.0,0.0,10.055900621118013,product_cij_leiden,17,17,1619.0,322,322,0,0,0.9687780573722128,0.9687780573722128,0.8966774716369529,0.8966774716369529,0.03132679321220565,run_051,0.031585960000029445,gps_noise_100m,51,0.2562732249218387
0.42565509788147377,0.42565509788147377,0,0,0.0,0.0,3,3,0.0,0.0,30.0,30.0,0.0,0.0,,geo_time_dbscan,10,10,,322,322,0,0,0.7793028990651025,0.7793028990651025,0.48208256181243875,0.48208256181243875,,run_051,0.005240626000158954,gps_noise_100m,51,1.0
0.7074272272398284,0.7074272272398284,0,0,0.0,0.0,3,3,0.0,0.0,21.428571428571427,21.428571428571427,0.0,0.0,10.006211180124224,product_cij_louvain,14,14,1611.0,322,322,0,0,0.9108424071638305,0.9108424071638305,0.7314493472153364,0.7314493472153364,0.031171997445869855,run_051,0.0496105700001408,gps_noise_300m,51,0.18697022118511555
0.8044446317050573,0.8044446317050573,0,0,0.0,0.0,3,3,0.0,0.0,20.0,20.0,0.0,0.0,9.602484472049689,additive_cij_louvain,15,15,1546.0,322,322,0,0,0.9306858229372682,0.9306858229372682,0.8192090395480225,0.8192090395480225,0.029914281844391558,run_051,0.055535909000127504,gps_noise_300m,51,1.286915779954553
0.8044446317050573,0.8044446317050573,0,0,0.0,0.0,3,3,0.0,0.0,20.0,20.0,0.0,0.0,10.093167701863354,additive_cij_louvain_matched_density,15,15,1625.0,322,322,0,0,0.9306858229372682,0.9306858229372682,0.8192090395480225,0.8192090395480225,0.03144289003695749,run_051,0.049741172000040024,gps_noise_300m,51,0.7628218121006126
0.8044446317050573,0.8044446317050573,0,0,0.0,0.0,3,3,0.0,0.0,20.0,20.0,0.0,0.0,10.006211180124224,product_cij_leiden,15,15,1611.0,322,322,0,0,0.9306858229372682,0.9306858229372682,0.8192090395480225,0.8192090395480225,0.031171997445869855,run_051,0.04359036699997887,gps_noise_300m,51,0.18697022118511555
0.42565509788147377,0.42565509788147377,0,0,0.0,0.0,3,3,0.0,0.0,30.0,30.0,0.0,0.0,,geo_time_dbscan,10,10,,322,322,0,0,0.7793028990651025,0.7793028990651025,0.48208256181243875,0.48208256181243875,,run_051,0.007715051000104722,gps_noise_300m,51,1.0
0.8806364652118962,0.8806364652118962,0,0,0.0,0.0,3,3,0.0,0.0,17.647058823529413,17.647058823529413,0.0,0.0,9.993788819875776,product_cij_louvain,17,17,1609.0,322,322,0,0,0.9630831309119945,0.9630831309119945,0.8891590678824722,0.8891590678824722,0.03113329850428591,run_051,0.05377122100003362,time_noise_15min,51,0.27065601622209173
0.9146524812148988,0.9146524812148988,0,0,0.0,0.0,3,3,0.0,0.0,16.666666666666668,16.666666666666668,0.0,0.0,9.714285714285714,additive_cij_louvain,18,18,1564.0,322,322,0,0,0.9721100339015614,0.9721100339015614,0.9205479452054794,0.9205479452054794,0.030262572318647086,run_051,0.04271489100005965,time_noise_15min,51,1.5083216982041932
0.8415102045675409,0.8415102045675409,0,0,0.0,0.0,3,3,0.0,0.0,18.75,18.75,0.0,0.0,10.0,additive_cij_louvain_matched_density,16,16,1610.0,322,322,0,0,0.9479297027406446,0.9479297027406446,0.8531985222632704,0.8531985222632704,0.03115264797507788,run_051,0.04769278900016616,time_noise_15min,51,0.769627799736383
0.9089458953123684,0.9089458953123684,0,0,0.0,0.0,3,3,0.0,0.0,16.666666666666668,16.666666666666668,0.0,0.0,9.993788819875776,product_cij_leiden,18,18,1609.0,322,322,0,0,0.9689244429623839,0.9689244429623839,0.9152471083070453,0.9152471083070453,0.03113329850428591,run_051,0.032982883000158836,time_noise_15min,51,0.27065601622209173
0.5717990507781595,0.5717990507781595,0,0,0.0,0.0,3,3,0.0,0.0,25.0,25.0,0.0,0.0,,geo_time_dbscan,12,12,,322,322,0,0,0.8526567933301176,0.8526567933301176,0.6103143960286818,0.6103143960286818,,run_051,0.005076586999848587,time_noise_15min,51,1.0
0.7107805903107716,0.7107805903107716,0,0,0.0,0.0,3,3,0.0,0.0,21.428571428571427,21.428571428571427,0.0,0.0,9.79503105590062,product_cij_louvain,14,14,1577.0,322,322,0,0,0.8818884057384754,0.8818884057384754,0.7336842105263157,0.7336842105263157,0.030514115438942745,run_051,0.04877989900001012,time_noise_60min,51,0.2458685143419703
0.7420516078275757,0.7420516078275757,0,0,0.0,0.0,3,3,0.0,0.0,21.428571428571427,21.428571428571427,0.0,0.0,9.099378881987578,additive_cij_louvain,14,14,1465.0,322,322,0,0,0.9155071950817437,0.9155071950817437,0.7627089436498362,0.7627089436498362,0.028346974710241675,run_051,0.042719463999901564,time_noise_60min,51,1.3910045244970022
0.6237515275570049,0.6237515275570049,0,0,0.0,0.0,3,3,0.0,0.0,23.076923076923077,23.076923076923077,0.0,0.0,9.906832298136646,additive_cij_louvain_matched_density,13,13,1595.0,322,322,0,0,0.8298436712131925,0.8298436712131925,0.6539845758354756,0.6539845758354756,0.030862405913198273,run_051,0.07022552000012183,time_noise_60min,51,0.7229209973264085
0.7107805903107716,0.7107805903107716,0,0,0.0,0.0,3,3,0.0,0.0,21.428571428571427,21.428571428571427,0.0,0.0,9.79503105590062,product_cij_leiden,14,14,1577.0,322,322,0,0,0.8818884057384754,0.8818884057384754,0.7336842105263157,0.7336842105263157,0.030514115438942745,run_051,0.03323344700015696,time_noise_60min,51,0.2458685143419703
0.5649696628071249,0.5649696628071249,0,0,0.0,0.0,3,3,1.6666666666666667,1.6666666666666667,25.0,25.0,1.9083969465648856,1.9083969465648856,,geo_time_dbscan,12,12,,322,322,6,6,0.8440549192443512,0.8440549192443512,0.6031436917512867,0.6031436917512867,,run_051,0.005094902000109869,time_noise_60min,51,1.0
0.8859134029759288,0.8859134029759288,0,0,0.0,0.0,3,3,0.0,0.0,17.647058823529413,17.647058823529413,0.0,0.0,9.982808022922637,product_cij_louvain,17,17,1742.0,349,349,0,0,0.9648074293599387,0.9648074293599387,0.8939750925614272,0.8939750925614272,0.028686229950927115,run_052,0.06084563999979764,baseline,52,0.461052530475435
0.8859134029759288,0.8859134029759288,0,0,0.0,0.0,3,3,0.0,0.0,17.647058823529413,17.647058823529413,0.0,0.0,9.82808022922636,additive_cij_louvain,17,17,1715.0,349,349,0,0,0.9648074293599387,0.9648074293599387,0.8939750925614272,0.8939750925614272,0.028241609854098737,run_052,0.06609152400005769,baseline,52,1.5364820866861468
0.9540579545405947,0.9540579545405947,0,0,0.0,0.0,3,3,0.0,0.0,16.666666666666668,16.666666666666668,0.0,0.0,9.959885386819485,additive_cij_louvain_matched_density,18,18,1738.0,349,349,0,0,0.9825470120660165,0.9825470120660165,0.9571171171171172,0.9571171171171172,0.02862036030695254,run_052,0.06393516699995416,baseline,52,0.7760258655590473
0.9540579545405947,0.9540579545405947,0,0,0.0,0.0,3,3,0.0,0.0,16.666666666666668,16.666666666666668,0.0,0.0,9.982808022922637,product_cij_leiden,18,18,1742.0,349,349,0,0,0.9825470120660164,0.9825470120660164,0.9571171171171172,0.9571171171171172,0.028686229950927115,run_052,0.04036507399996481,baseline,52,0.461052530475435
0.28416826164922865,0.28416826164922865,0,0,0.0,0.0,3,3,0.0,0.0,27.272727272727273,27.272727272727273,0.0,0.0,,geo_time_dbscan,11,11,,349,349,0,0,0.7443061187696876,0.7443061187696876,0.3595369497913582,0.3595369497913582,,run_052,0.00528550399985761,baseline,52,1.0
0.9173747017027545,0.9152955147675298,0,0,0.0,0.0,3,3,0.0,0.0,15.789473684210526,15.789473684210526,0.0,0.0,10.315186246418339,product_cij_louvain,19,19,3600.0,698,349,0,0,0.9708717827003336,0.9708717827003336,0.9228325011348162,0.9207533097147119,0.014799406379366338,run_052,0.27415801300003295,exact_transport_copy_2x,52,0.47830968072852126
0.9173747017027545,0.9152955147675298,0,0,0.0,0.0,3,3,0.0,0.0,15.789473684210526,15.789473684210526,0.0,0.0,10.340974212034384,additive_cij_louvain,19,19,3609.0,698,349,0,0,0.9708717827003335,0.9708717827003335,0.9228325011348162,0.9207533097147119,0.014836404895314754,run_052,0.26431230599996525,exact_transport_copy_2x,52,1.5465761646079483
0.9115124496601827,0.9092848563628985,0,0,0.0,0.0,3,3,0.0,0.0,15.789473684210526,15.789473684210526,0.0,0.0,10.306590257879655,additive_cij_louvain_matched_density,19,19,3597.0,698,349,0,0,0.9661385737763939,0.9661385737763937,0.9173553719008264,0.915127774668905,0.014787073540716867,run_052,0.22080962899985934,exact_transport_copy_2x,52,0.7789308846452554
0.9089435349558166,0.9066558360504567,0,0,0.0,0.0,3,3,0.0,0.0,15.789473684210526,15.789473684210526,0.0,0.0,10.315186246418339,product_cij_leiden,19,19,3600.0,698,349,0,0,0.965948894962789,0.965948894962789,0.9149669114314204,0.9126792031279092,0.014799406379366338,run_052,0.15553798800010554,exact_transport_copy_2x,52,0.47830968072852126
0.289271913672029,0.28416826164922865,0,0,0.0,0.0,3,3,0.0,0.0,27.272727272727273,27.272727272727273,0.0,0.0,,geo_time_dbscan,11,11,,698,349,0,0,0.7443061187696876,0.7443061187696876,0.3657057157140477,0.3595369497913582,,run_052,0.016313697999976284,exact_transport_copy_2x,52,1.0
0.3239426284727686,0.27705611738622304,0,0,0.0,0.0,20,20,0.0,0.0,19.801980198019802,19.801980198019802,0.0,0.0,10.153581661891117,product_cij_louvain,101,101,8859.0,1745,349,0,0,0.7710232368343435,0.7710232368343435,0.3395105725825612,0.29081632653061223,0.0058220078336531636,run_052,0.8593578709999292,exact_transport_copy_5x,52,0.48903474394989477
0.3277908940828725,0.281285747772779,0,0,0.0,0.0,20,20,0.0,0.0,20.0,20.0,0.0,0.0,10.17191977077364,additive_cij_louvain,100,100,8875.0,1745,349,0,0,0.772472621668837,0.7724726216688371,0.3434463142924864,0.29516539440203565,0.005832522804342683,run_052,0.9546228699998665,exact_transport_copy_5x,52,1.5529510177135863
0.322137983236423,0.27505389918597883,0,0,0.0,0.0,20,20,0.0,0.0,19.801980198019802,19.801980198019802,0.0,0.0,10.148997134670488,additive_cij_louvain_matched_density,101,101,8855.0,1745,349,0,0,0.769789961768271,0.7697899617682712,0.33763607161977277,0.2887256467582242,0.005819379090980784,run_052,0.9966298710000956,exact_transport_copy_5x,52,0.7807341381969195
0.3239426284727686,0.27705611738622304,0,0,0.0,0.0,20,20,0.0,0.0,19.801980198019802,19.801980198019802,0.0,0.0,10.153581661891117,product_cij_leiden,101,101,8859.0,1745,349,0,0,0.7710232368343435,0.7710232368343435,0.3395105725825612,0.29081632653061223,0.0058220078336531636,run_052,0.5041979140000876,exact_transport_copy_5x,52,0.48903474394989477
0.29229097121736836,0.28416826164922865,0,0,0.0,0.0,3,3,0.0,0.0,27.272727272727273,27.272727272727273,0.0,0.0,,geo_time_dbscan,11,11,,1745,349,0,0,0.7443061187696876,0.7443061187696876,0.3693502637648119,0.3595369497913582,,run_052,0.06359064399998715,exact_transport_copy_5x,52,1.0
0.8859134029759288,0.8859134029759288,0,0,0.0,0.0,3,3,0.0,0.0,17.647058823529413,17.647058823529413,0.0,0.0,9.977077363896848,product_cij_louvain,17,17,1741.0,349,349,0,0,0.9648074293599387,0.9648074293599387,0.8939750925614272,0.8939750925614272,0.02866976253993347,run_052,0.05455004899999949,gps_noise_100m,52,0.44722975270497034
0.9617148900319599,0.9617148900319599,0,0,0.0,0.0,3,3,0.0,0.0,16.666666666666668,16.666666666666668,0.0,0.0,9.82808022922636,additive_cij_louvain,18,18,1715.0,349,349,0,0,0.9876657488594723,0.9876657488594723,0.9642599277978339,0.9642599277978339,0.028241609854098737,run_052,0.055983552000043346,gps_noise_100m,52,1.5061324380780527
0.9540579545405947,0.9540579545405947,0,0,0.0,0.0,3,3,0.0,0.0,16.666666666666668,16.666666666666668,0.0,0.0,9.97134670487106,additive_cij_louvain_matched_density,18,18,1740.0,349,349,0,0,0.9825470120660165,0.9825470120660165,0.9571171171171172,0.9571171171171172,0.02865329512893983,run_052,0.05709494299981088,gps_noise_100m,52,0.7781898342829602
0.9540579545405947,0.9540579545405947,0,0,0.0,0.0,3,3,0.0,0.0,16.666666666666668,16.666666666666668,0.0,0.0,9.977077363896848,product_cij_leiden,18,18,1741.0,349,349,0,0,0.9825470120660164,0.9825470120660164,0.9571171171171172,0.9571171171171172,0.02866976253993347,run_052,0.03915023600006862,gps_noise_100m,52,0.44722975270497034
0.28416826164922865,0.28416826164922865,0,0,0.0,0.0,3,3,0.0,0.0,27.272727272727273,27.272727272727273,0.0,0.0,,geo_time_dbscan,11,11,,349,349,0,0,0.7443061187696876,0.7443061187696876,0.3595369497913582,0.3595369497913582,,run_052,0.005526976000055583,gps_noise_100m,52,1.0
0.7487531377194196,0.7487531377194196,0,0,0.0,0.0,3,3,0.0,0.0,21.428571428571427,21.428571428571427,0.0,0.0,10.005730659025788,product_cij_louvain,14,14,1746.0,349,349,0,0,0.9030384140707007,0.9030384140707007,0.7683249926405652,0.7683249926405652,0.02875209959490169,run_052,0.05931891399995948,gps_noise_300m,52,0.34906618400244943
0.7346563641868227,0.7346563641868227,0,0,0.0,0.0,3,3,0.0,0.0,21.428571428571427,21.428571428571427,0.0,0.0,9.839541547277937,additive_cij_louvain,14,14,1717.0,349,349,0,0,0.8902839903205347,0.8902839903205347,0.7553066037735848,0.7553066037735848,0.028274544676086026,run_052,0.04999767899994367,gps_noise_300m,52,1.3030384629035798
0.8326305381273625,0.8326305381273625,0,0,0.0,0.0,3,3,0.0,0.0,18.75,18.75,0.0,0.0,10.137535816618911,additive_cij_louvain_matched_density,16,16,1769.0,349,349,0,0,0.943552770276552,0.943552770276552,0.8449214995193849,0.8449214995193849,0.02913085004775549,run_052,0.05788730100016437,gps_noise_300m,52,0.7638555258288968
0.7443944926370097,0.7443944926370097,0,0,0.0,0.0,3,3,0.0,0.0,21.428571428571427,21.428571428571427,0.0,0.0,10.005730659025788,product_cij_leiden,14,14,1746.0,349,349,0,0,0.9042441515872368,0.9042441515872368,0.7643963753288512,0.7643963753288512,0.02875209959490169,run_052,0.041312553999887314,gps_noise_300m,52,0.34906618400244943
0.19873108059342465,0.19873108059342465,0,0,0.0,0.0,3,3,0.0,0.0,33.333333333333336,33.333333333333336,0.0,0.0,,geo_time_dbscan,9,9,,349,349,0,0,0.6368028101755933,0.6368028101755933,0.2868341924398626,0.2868341924398626,,run_052,0.0076477529999010585,gps_noise_300m,52,1.0
0.8655957056967877,0.8655957056967877,0,0,0.0,0.0,3,3,0.0,0.0,17.647058823529413,17.647058823529413,0.0,0.0,10.005730659025788,product_cij_louvain,17,17,1746.0,349,349,0,0,0.9534407751582552,0.9534407751582552,0.8751462477018218,0.8751462477018218,0.02875209959490169,run_052,0.04684182599999076,time_noise_15min,52,0.43314753656554883
0.8845205556404184,0.8845205556404184,0,0,0.0,0.0,3,3,0.0,0.0,17.647058823529413,17.647058823529413,0.0,0.0,9.82808022922636,additive_cij_louvain,17,17,1715.0,349,349,0,0,0.9643534757196754,0.9643534757196754,0.8926952141057934,0.8926952141057934,0.028241609854098737,run_052,0.05597994999993716,time_noise_15min,52,1.491453343920154
0.8241742111928545,0.8241742111928545,0,0,0.0,0.0,3,3,0.0,0.0,18.75,18.75,0.0,0.0,10.034383954154729,additive_cij_louvain_matched_density,16,16,1751.0,349,349,0,0,0.9458957519308454,0.9458957519308454,0.8372459429651804,0.8372459429651804,0.028834436649869906,run_052,0.05018889699999818,time_noise_15min,52,0.7586246020358506
0.8241742111928545,0.8241742111928545,0,0,0.0,0.0,3,3,0.0,0.0,18.75,18.75,0.0,0.0,10.005730659025788,product_cij_leiden,16,16,1746.0,349,349,0,0,0.9458957519308453,0.9458957519308453,0.8372459429651804,0.8372459429651804,0.02875209959490169,run_052,0.037459967000131655,time_noise_15min,52,0.43314753656554883
0.18900572304482727,0.18900572304482727,0,0,0.0,0.0,3,3,0.0,0.0,37.5,37.5,0.0,0.0,,geo_time_dbscan,8,8,,349,349,0,0,0.6031669074177679,0.6031669074177679,0.27860644622926883,0.27860644622926883,,run_052,0.005411307000031229,time_noise_15min,52,1.0
0.6771823011362158,0.6771823011362158,0,0,0.0,0.0,3,3,0.0,0.0,21.428571428571427,21.428571428571427,0.0,0.0,9.988538681948423,product_cij_louvain,14,14,1743.0,349,349,0,0,0.8784433182014473,0.8784433182014473,0.7029098651525905,0.7029098651525905,0.02870269736192076,run_052,0.050149489999967045,time_noise_60min,52,0.33917762904873067
0.7380867161512776,0.7380867161512776,0,0,0.0,0.0,3,3,0.0,0.0,20.0,20.0,0.0,0.0,9.822349570200574,additive_cij_louvain,15,15,1714.0,349,349,0,0,0.9060446786738698,0.9060446786738698,0.7580325871783159,0.7580325871783159,0.028225142443105096,run_052,0.05911913600016305,time_noise_60min,52,1.3592018163862436
0.7288924038009832,0.7288924038009832,0,0,0.0,0.0,3,3,0.0,0.0,20.0,20.0,0.0,0.0,10.091690544412607,additive_cij_louvain_matched_density,15,15,1761.0,349,349,0,0,0.8941731998477981,0.8941731998477981,0.7495038925354908,0.7495038925354908,0.028999110759806344,run_052,0.05574667100017905,time_noise_60min,52,0.7250622833531687
0.7380867161512776,0.7380867161512776,0,0,0.0,0.0,3,3,0.0,0.0,20.0,20.0,0.0,0.0,9.988538681948423,product_cij_leiden,15,15,1743.0,349,349,0,0,0.9060446786738698,0.9060446786738698,0.7580325871783159,0.7580325871783159,0.02870269736192076,run_052,0.06396615299991026,time_noise_60min,52,0.33917762904873067
0.18651775023009048,0.18651775023009048,0,0,0.0,0.0,3,3,5.0,5.0,37.5,37.5,0.6920415224913494,0.6920415224913494,,geo_time_dbscan,8,8,,349,349,5,5,0.5991589131737193,0.5991589131737193,0.2763461135554159,0.2763461135554159,,run_052,0.00892611900007978,time_noise_60min,52,1.0
0.9188506031830171,0.9188506031830171,0,0,0.0,0.0,3,3,0.0,0.0,17.647058823529413,17.647058823529413,0.0,0.0,9.914754098360655,product_cij_louvain,17,17,1512.0,305,305,0,0,0.9694167656392371,0.9694167656392371,0.9244508810041033,0.9244508810041033,0.03261432269197584,run_053,0.03491323299999749,baseline,53,0.3457961594055171
0.9188506031830171,0.9188506031830171,0,0,0.0,0.0,3,3,0.0,0.0,17.647058823529413,17.647058823529413,0.0,0.0,9.567213114754098,additive_cij_louvain,17,17,1459.0,305,305,0,0,0.9694167656392371,0.9694167656392371,0.9244508810041033,0.9244508810041033,0.031471095772217426,run_053,0.03675413500013747,baseline,53,1.5457531185014595
0.9188506031830171,0.9188506031830171,0,0,0.0,0.0,3,3,0.0,0.0,17.647058823529413,17.647058823529413,0.0,0.0,9.901639344262295,additive_cij_louvain_matched_density,17,17,1510.0,305,305,0,0,0.9694167656392371,0.9694167656392371,0.9244508810041033,0.9244508810041033,0.032571182053494394,run_053,0.034046394000142755,baseline,53,0.8123596470850092
0.9188506031830171,0.9188506031830171,0,0,0.0,0.0,3,3,0.0,0.0,17.647058823529413,17.647058823529413,0.0,0.0,9.914754098360655,product_cij_leiden,17,17,1512.0,305,305,0,0,0.9694167656392371,0.9694167656392371,0.9244508810041033,0.9244508810041033,0.03261432269197584,run_053,0.03081796700007544,baseline,53,0.3457961594055171
0.541826309688106,0.541826309688106,0,0,0.0,0.0,3,3,0.0,0.0,23.076923076923077,23.076923076923077,0.0,0.0,,geo_time_dbscan,13,13,,305,305,0,0,0.8674806037329537,0.8674806037329537,0.5838733986435569,0.5838733986435569,,run_053,0.005000992000077531,baseline,53,1.0
0.9111961833664153,0.9086734338250342,0,0,0.0,0.0,3,3,0.0,0.0,16.666666666666668,16.666666666666668,0.0,0.0,10.38688524590164,product_cij_louvain,18,18,3168.0,610,305,0,0,0.950729857033227,0.950729857033227,0.9173214069865828,0.914798206278027,0.017055640797868046,run_053,0.13173591300005683,exact_transport_copy_2x,53,0.35372168335771653
0.9111961833664153,0.9086734338250342,0,0,0.0,0.0,3,3,0.0,0.0,16.666666666666668,16.666666666666668,0.0,0.0,10.39672131147541,additive_cij_louvain,18,18,3171.0,610,305,0,0,0.9507298570332268,0.9507298570332268,0.9173214069865828,0.914798206278027,0.017071791972866027,run_053,0.12498355599996103,exact_transport_copy_2x,53,1.5554749800140395
0.9111961833664153,0.9086734338250342,0,0,0.0,0.0,3,3,0.0,0.0,16.666666666666668,16.666666666666668,0.0,0.0,10.340983606557376,additive_cij_louvain_matched_density,18,18,3154.0,610,305,0,0,0.9507298570332268,0.9507298570332268,0.9173214069865828,0.914798206278027,0.016980268647877467,run_053,0.12066572999992786,exact_transport_copy_2x,53,0.8159084070619675
0.9267428327038806,0.9246606166796553,0,0,0.0,0.0,3,3,0.0,0.0,16.666666666666668,16.666666666666668,0.0,0.0,10.38688524590164,product_cij_leiden,18,18,3168.0,610,305,0,0,0.9638658410247353,0.9638658410247353,0.9317934453984762,0.9297108673978065,0.017055640797868046,run_053,0.09230246399988573,exact_transport_copy_2x,53,0.35372168335771653
0.5490372304469798,0.541826309688106,0,0,0.0,0.0,3,3,0.0,0.0,23.076923076923077,23.076923076923077,0.0,0.0,,geo_time_dbscan,13,13,,610,305,0,0,0.8674806037329538,0.8674806037329537,0.591416944136145,0.5838733986435569,,run_053,0.010336505999930523,exact_transport_copy_2x,53,1.0
0.3526773853722858,0.30146756917940015,0,0,0.0,0.0,18,18,0.0,0.0,20.454545454545453,20.454545454545453,0.0,0.0,10.145573770491803,product_cij_louvain,88,88,7736.0,1525,305,0,0,0.7749943348293525,0.7749943348293525,0.3697545526524149,0.3167381974248927,0.006657200636805645,run_053,0.4571806579999702,exact_transport_copy_5x,53,0.3586783267718756
0.35457766555700443,0.3035818010123452,0,0,0.0,0.0,18,18,0.0,0.0,20.454545454545453,20.454545454545453,0.0,0.0,10.152131147540983,additive_cij_louvain,88,88,7741.0,1525,305,0,0,0.7752298275188142,0.7752298275188142,0.3716884143930407,0.31890270038576934,0.006661503377651564,run_053,0.4520496659999935,exact_transport_copy_5x,53,1.560372460608053
0.35249832346660426,0.3012956329232673,0,0,0.0,0.0,18,18,0.0,0.0,20.454545454545453,20.454545454545453,0.0,0.0,10.149508196721312,additive_cij_louvain_matched_density,88,88,7739.0,1525,305,0,0,0.7749118328349711,0.7749118328349712,0.369608231104076,0.3166023166023166,0.006659782281313196,run_053,0.47295994499995686,exact_transport_copy_5x,53,0.8176801539588132
0.3526773853722858,0.30146756917940015,0,0,0.0,0.0,18,18,0.0,0.0,20.454545454545453,20.454545454545453,0.0,0.0,10.145573770491803,product_cij_leiden,88,88,7736.0,1525,305,0,0,0.7749943348293524,0.7749943348293529,0.3697545526524149,0.3167381974248927,0.006657200636805645,run_053,0.37746015400011856,exact_transport_copy_5x,53,0.3586783267718756
0.5532421954664368,0.541826309688106,0,0,0.0,0.0,3,3,0.0,0.0,23.076923076923077,23.076923076923077,0.0,0.0,,geo_time_dbscan,13,13,,1525,305,0,0,0.8674806037329535,0.8674806037329537,0.5958132045088567,0.5838733986435569,,run_053,0.05006884099998388,exact_transport_copy_5x,53,1.0
0.9139051732566988,0.9139051732566988,0,0,0.0,0.0,3,3,0.0,0.0,17.647058823529413,17.647058823529413,0.0,0.0,9.960655737704919,product_cij_louvain,17,17,1519.0,305,305,0,0,0.9643094626182813,0.9643094626182813,0.9198454852728151,0.9198454852728151,0.03276531492666091,run_053,0.04052834000003713,gps_noise_100m,53,0.33232600134870793
0.841894525466736,0.841894525466736,0,0,0.0,0.0,3,3,0.0,0.0,18.75,18.75,0.0,0.0,9.495081967213114,additive_cij_louvain,16,16,1448.0,305,305,0,0,0.9444359315242883,0.9444359315242883,0.853494623655914,0.853494623655914,0.031233822260569456,run_053,0.03865431099984562,gps_noise_100m,53,1.505892874918081
0.9139051732566988,0.9139051732566988,0,0,0.0,0.0,3,3,0.0,0.0,17.647058823529413,17.647058823529413,0.0,0.0,9.934426229508198,additive_cij_louvain_matched_density,17,17,1515.0,305,305,0,0,0.9643094626182813,0.9643094626182813,0.9198454852728151,0.9198454852728151,0.032679033649698014,run_053,0.04493612800001756,gps_noise_100m,53,0.8073555891012154
0.841894525466736,0.841894525466736,0,0,0.0,0.0,3,3,0.0,0.0,18.75,18.75,0.0,0.0,9.960655737704919,product_cij_leiden,16,16,1519.0,305,305,0,0,0.9444359315242883,0.9444359315242883,0.853494623655914,0.853494623655914,0.03276531492666091,run_053,0.029788851000148497,gps_noise_100m,53,0.33232600134870793
0.541826309688106,0.541826309688106,0,0,0.0,0.0,3,3,0.0,0.0,23.076923076923077,23.076923076923077,0.0,0.0,,geo_time_dbscan,13,13,,305,305,0,0,0.8674806037329537,0.8674806037329537,0.5838733986435569,0.5838733986435569,,run_053,0.004626852000001236,gps_noise_100m,53,1.0
0.8079819744809476,0.8079819744809476,0,0,0.0,0.0,3,3,0.0,0.0,20.0,20.0,0.0,0.0,9.967213114754099,product_cij_louvain,15,15,1520.0,305,305,0,0,0.9254162726554245,0.9254162726554245,0.8223483195111305,0.8223483195111305,0.03278688524590164,run_053,0.04539137699998719,gps_noise_300m,53,0.25810608840755384
0.8079819744809476,0.8079819744809476,0,0,0.0,0.0,3,3,0.0,0.0,20.0,20.0,0.0,0.0,9.272131147540984,additive_cij_louvain,15,15,1414.0,305,305,0,0,0.9254162726554245,0.9254162726554245,0.8223483195111305,0.8223483195111305,0.030500431406384816,run_053,0.04581174200006899,gps_noise_300m,53,1.3132274972577227
0.8079819744809476,0.8079819744809476,0,0,0.0,0.0,3,3,0.0,0.0,20.0,20.0,0.0,0.0,10.078688524590165,additive_cij_louvain_matched_density,15,15,1537.0,305,305,0,0,0.9254162726554245,0.9254162726554245,0.8223483195111305,0.8223483195111305,0.03315358067299396,run_053,0.04395449399999052,gps_noise_300m,53,0.7847332856742666
0.8079819744809476,0.8079819744809476,0,0,0.0,0.0,3,3,0.0,0.0,20.0,20.0,0.0,0.0,9.967213114754099,product_cij_leiden,15,15,1520.0,305,305,0,0,0.9254162726554245,0.9254162726554245,0.8223483195111305,0.8223483195111305,0.03278688524590164,run_053,0.030194772000186276,gps_noise_300m,53,0.25810608840755384
0.4623649009122768,0.4623649009122768,0,0,0.0,0.0,3,3,0.0,0.0,27.272727272727273,27.272727272727273,0.0,0.0,,geo_time_dbscan,11,11,,305,305,0,0,0.8089372803835598,0.8089372803835598,0.5141340411413404,0.5141340411413404,,run_053,0.004459524000139936,gps_noise_300m,53,1.0
0.8435969342222028,0.8435969342222028,0,0,0.0,0.0,3,3,0.0,0.0,18.75,18.75,0.0,0.0,9.888524590163934,product_cij_louvain,16,16,1508.0,305,305,0,0,0.9492565531917311,0.9492565531917311,0.8551015851752622,0.8551015851752622,0.03252804141501294,run_053,0.04500295200000437,time_noise_15min,53,0.33537725236772464
0.8435969342222028,0.8435969342222028,0,0,0.0,0.0,3,3,0.0,0.0,18.75,18.75,0.0,0.0,9.462295081967213,additive_cij_louvain,16,16,1443.0,305,305,0,0,0.9492565531917311,0.9492565531917311,0.8551015851752622,0.8551015851752622,0.031125970664365833,run_053,0.038282159999880605,time_noise_15min,53,1.5066141326525582
0.8435969342222028,0.8435969342222028,0,0,0.0,0.0,3,3,0.0,0.0,18.75,18.75,0.0,0.0,9.901639344262295,additive_cij_louvain_matched_density,16,16,1510.0,305,305,0,0,0.9492565531917311,0.9492565531917311,0.8551015851752622,0.8551015851752622,0.032571182053494394,run_053,0.049216423000189025,time_noise_15min,53,0.7852449378718156
0.9064059672494224,0.9064059672494224,0,0,0.0,0.0,3,3,0.0,0.0,17.647058823529413,17.647058823529413,0.0,0.0,9.888524590163934,product_cij_leiden,17,17,1508.0,305,305,0,0,0.9586075032574538,0.9586075032574538,0.9128650736181512,0.9128650736181512,0.03252804141501294,run_053,0.03036469199992098,time_noise_15min,53,0.33537725236772464
0.541826309688106,0.541826309688106,0,0,0.0,0.0,3,3,0.0,0.0,23.076923076923077,23.076923076923077,0.0,0.0,,geo_time_dbscan,13,13,,305,305,0,0,0.8674806037329537,0.8674806037329537,0.5838733986435569,0.5838733986435569,,run_053,0.004696979000073043,time_noise_15min,53,1.0
0.8061897010760412,0.8061897010760412,0,0,0.0,0.0,3,3,0.0,0.0,17.647058823529413,17.647058823529413,0.0,0.0,9.842622950819672,product_cij_louvain,17,17,1501.0,305,305,0,0,0.9012998802620888,0.9012998802620888,0.8195050946142649,0.8195050946142649,0.03237704918032787,run_053,0.04335360599998239,time_noise_60min,53,0.2608573393462716
0.8061897010760412,0.8061897010760412,0,0,0.0,0.0,3,3,0.0,0.0,17.647058823529413,17.647058823529413,0.0,0.0,9.108196721311476,additive_cij_louvain,17,17,1389.0,305,305,0,0,0.9012998802620887,0.9012998802620887,0.8195050946142649,0.8195050946142649,0.029961173425366694,run_053,0.03778710799997498,time_noise_60min,53,1.3852009386168145
0.7808915221729215,0.7808915221729215,0,0,0.0,0.0,3,3,0.0,0.0,18.75,18.75,0.0,0.0,9.99344262295082,additive_cij_louvain_matched_density,16,16,1524.0,305,305,0,0,0.8883834999733148,0.8883834999733148,0.7963224893917963,0.7963224893917963,0.03287316652286454,run_053,0.04446934399993552,time_noise_60min,53,0.7210058862699763
0.8061897010760412,0.8061897010760412,0,0,0.0,0.0,3,3,0.0,0.0,17.647058823529413,17.647058823529413,0.0,0.0,9.842622950819672,product_cij_leiden,17,17,1501.0,305,305,0,0,0.9012998802620887,0.9012998802620887,0.8195050946142649,0.8195050946142649,0.03237704918032787,run_053,0.03035604899991995,time_noise_60min,53,0.2608573393462716
0.5288418081068403,0.5288418081068403,0,0,0.0,0.0,3,3,0.0,0.0,23.076923076923077,23.076923076923077,1.6326530612244898,1.6326530612244898,,geo_time_dbscan,13,13,,305,305,4,4,0.8522793555405509,0.8522793555405509,0.5724295506473724,0.5724295506473724,,run_053,0.0045478580000235524,time_noise_60min,53,1.0
1.0,1.0,0,0,0.0,0.0,3,3,0.0,0.0,15.789473684210526,15.789473684210526,0.0,0.0,10.128851540616246,product_cij_louvain,19,19,1808.0,357,357,0,0,1.0,1.0,1.0,1.0,0.028451830170270354,run_054,0.06565011599991522,baseline,54,0.34570012429229796
1.0,1.0,0,0,0.0,0.0,3,3,0.0,0.0,15.789473684210526,15.789473684210526,0.0,0.0,10.11204481792717,additive_cij_louvain,19,19,1805.0,357,357,0,0,1.0,1.0,1.0,1.0,0.02840462027507632,run_054,0.057028579999951035,baseline,54,1.4721933837096155
0.9863211504829489,0.9863211504829489,0,0,0.0,0.0,3,3,0.0,0.0,15.789473684210526,15.789473684210526,0.0,0.0,10.067226890756302,additive_cij_louvain_matched_density,19,19,1797.0,357,357,0,0,0.9921076655093759,0.9921076655093759,0.9871700879765395,0.9871700879765395,0.02827872722122557,run_054,0.05494414300005701,baseline,54,0.7242098413549569
1.0,1.0,0,0,0.0,0.0,3,3,0.0,0.0,15.789473684210526,15.789473684210526,0.0,0.0,10.128851540616246,product_cij_leiden,19,19,1808.0,357,357,0,0,1.0,1.0,1.0,1.0,0.028451830170270354,run_054,0.04094933999999739,baseline,54,0.34570012429229796
0.5070953821961397,0.5070953821961397,0,0,0.0,0.0,3,3,0.0,0.0,25.0,25.0,0.0,0.0,,geo_time_dbscan,12,12,,357,357,0,0,0.8388199949415206,0.8388199949415206,0.5514245302081229,0.5514245302081229,,run_054,0.0055557640000643005,baseline,54,1.0
1.0,1.0,0,0,0.0,0.0,3,3,0.0,0.0,15.789473684210526,15.789473684210526,0.0,0.0,10.439775910364146,product_cij_louvain,19,19,3727.0,714,357,0,0,1.0,1.0,1.0,1.0,0.01464204195001984,run_054,0.15288679500008584,exact_transport_copy_2x,54,0.35834832488476065
1.0,1.0,0,0,0.0,0.0,3,3,0.0,0.0,15.789473684210526,15.789473684210526,0.0,0.0,10.470588235294118,additive_cij_louvain,19,19,3738.0,714,357,0,0,1.0,1.0,1.0,1.0,0.01468525699199736,run_054,0.1521039820001988,exact_transport_copy_2x,54,1.5013342637893192
1.0,1.0,0,0,0.0,0.0,3,3,0.0,0.0,15.789473684210526,15.789473684210526,0.0,0.0,10.450980392156863,additive_cij_louvain_matched_density,19,19,3731.0,714,357,0,0,1.0,1.0,1.0,1.0,0.014657756510738938,run_054,0.17243299499978093,exact_transport_copy_2x,54,0.727503384066229
1.0,1.0,0,0,0.0,0.0,3,3,0.0,0.0,15.789473684210526,15.789473684210526,0.0,0.0,10.439775910364146,product_cij_leiden,19,19,3727.0,714,357,0,0,1.0,1.0,1.0,1.0,0.01464204195001984,run_054,0.10261925099985092,exact_transport_copy_2x,54,0.35834832488476065
0.5133817752270114,0.5070953821961397,0,0,0.0,0.0,3,3,0.0,0.0,25.0,25.0,0.0,0.0,,geo_time_dbscan,12,12,,714,357,0,0,0.8388199949415207,0.8388199949415206,0.5580550440451898,0.5514245302081229,,run_054,0.014925965999964319,exact_transport_copy_2x,54,1.0
0.345533015746004,0.30023481411483444,0,0,0.0,0.0,16,16,0.0,0.0,16.0,16.0,0.0,0.0,10.207282913165265,product_cij_louvain,100,100,9110.0,1785,357,0,0,0.7780394153689401,0.77803941536894,0.36078973119207963,0.31387086808773557,0.005721571139666629,run_054,0.5822573319999265,exact_transport_copy_5x,54,0.3656070790025088
0.35427984556385955,0.30983958928262145,0,0,0.0,0.0,16,16,0.0,0.0,16.161616161616163,16.161616161616163,0.0,0.0,10.235294117647058,additive_cij_louvain,99,99,9135.0,1785,357,0,0,0.780210360043491,0.7802103600434911,0.36970460270208383,0.3237100737100737,0.005737272487470324,run_054,0.6007257270000537,exact_transport_copy_5x,54,1.5143900751163435
0.345533015746004,0.30023481411483444,0,0,0.0,0.0,16,16,0.0,0.0,16.0,16.0,0.0,0.0,10.206162464985994,additive_cij_louvain_matched_density,100,100,9109.0,1785,357,0,0,0.7779160542332197,0.7779160542332199,0.36078973119207963,0.31387086808773557,0.005720943085754481,run_054,0.5859346380000261,exact_transport_copy_5x,54,0.7293905446103351
0.345533015746004,0.30023481411483444,0,0,0.0,0.0,16,16,0.0,0.0,16.0,16.0,0.0,0.0,10.207282913165265,product_cij_leiden,100,100,9110.0,1785,357,0,0,0.77803941536894,0.7780394153689402,0.36078973119207963,0.31387086808773557,0.005721571139666629,run_054,0.5036059310000383,exact_transport_copy_5x,54,0.3656070790025088
0.5170673419942761,0.5070953821961397,0,0,0.0,0.0,3,3,0.0,0.0,25.0,25.0,0.0,0.0,,geo_time_dbscan,12,12,,1785,357,0,0,0.8388199949415207,0.8388199949415206,0.5619400923477643,0.5514245302081229,,run_054,0.0795434409999416,exact_transport_copy_5x,54,1.0
0.9863211504829489,0.9863211504829489,0,0,0.0,0.0,3,3,0.0,0.0,15.789473684210526,15.789473684210526,0.0,0.0,10.11204481792717,product_cij_louvain,19,19,1805.0,357,357,0,0,0.9921076655093759,0.9921076655093759,0.9871700879765395,0.9871700879765395,0.02840462027507632,run_054,0.0468365439999161,gps_noise_100m,54,0.33678082457987674
0.982153352893992,0.982153352893992,0,0,0.0,0.0,3,3,0.0,0.0,15.0,15.0,0.0,0.0,10.033613445378151,additive_cij_louvain,20,20,1791.0,357,357,0,0,0.9896436847675035,0.9896436847675035,0.9832566697332107,0.9832566697332107,0.028184307430837503,run_054,0.05986352100012482,gps_noise_100m,54,1.4447863320656473
0.9863211504829489,0.9863211504829489,0,0,0.0,0.0,3,3,0.0,0.0,15.789473684210526,15.789473684210526,0.0,0.0,10.117647058823529,additive_cij_louvain_matched_density,19,19,1806.0,357,357,0,0,0.9921076655093759,0.9921076655093759,0.9871700879765395,0.9871700879765395,0.028420356906807668,run_054,0.07248553500016897,gps_noise_100m,54,0.7215493063727387
0.9863211504829489,0.9863211504829489,0,0,0.0,0.0,3,3,0.0,0.0,15.789473684210526,15.789473684210526,0.0,0.0,10.11204481792717,product_cij_leiden,19,19,1805.0,357,357,0,0,0.9921076655093759,0.9921076655093759,0.9871700879765395,0.9871700879765395,0.02840462027507632,run_054,0.0404021819999798,gps_noise_100m,54,0.33678082457987674
0.4104488107785978,0.4104488107785978,0,0,0.0,0.0,3,3,0.0,0.0,30.0,30.0,0.0,0.0,,geo_time_dbscan,10,10,,357,357,0,0,0.7719387291779239,0.7719387291779239,0.46657548298854506,0.46657548298854506,,run_054,0.0052579779999177845,gps_noise_100m,54,1.0
0.878468762843551,0.878468762843551,0,0,0.0,0.0,3,3,0.0,0.0,17.647058823529413,17.647058823529413,0.0,0.0,10.336134453781513,product_cij_louvain,17,17,1845.0,357,357,0,0,0.9599297177671772,0.9599297177671772,0.8867613073621657,0.8867613073621657,0.029034085544330093,run_054,0.06614186599995264,gps_noise_300m,54,0.2704720030571672
0.8252053280433246,0.8252053280433246,0,0,0.0,0.0,3,3,0.0,0.0,18.75,18.75,0.0,0.0,10.050420168067227,additive_cij_louvain,16,16,1794.0,357,357,0,0,0.9425914628174181,0.9425914628174181,0.837673475752378,0.837673475752378,0.028231517326031536,run_054,0.05480363800006671,gps_noise_300m,54,1.243971314557046
0.9254301858636865,0.9254301858636865,0,0,0.0,0.0,3,3,0.0,0.0,16.666666666666668,16.666666666666668,0.0,0.0,10.296918767507004,additive_cij_louvain_matched_density,18,18,1838.0,357,357,0,0,0.97284226920004,0.97284226920004,0.9302972362245785,0.9302972362245785,0.028923929122210684,run_054,0.05777523400001883,gps_noise_300m,54,0.7065821945692655
0.878468762843551,0.878468762843551,0,0,0.0,0.0,3,3,0.0,0.0,17.647058823529413,17.647058823529413,0.0,0.0,10.336134453781513,product_cij_leiden,17,17,1845.0,357,357,0,0,0.9599297177671772,0.9599297177671772,0.8867613073621657,0.8867613073621657,0.029034085544330093,run_054,0.04010427699995489,gps_noise_300m,54,0.2704720030571672
0.4104488107785978,0.4104488107785978,0,0,0.0,0.0,3,3,0.0,0.0,30.0,30.0,0.0,0.0,,geo_time_dbscan,10,10,,357,357,0,0,0.7719387291779239,0.7719387291779239,0.46657548298854506,0.46657548298854506,,run_054,0.006586578999986159,gps_noise_300m,54,1.0
1.0,1.0,0,0,0.0,0.0,3,3,0.0,0.0,15.789473684210526,15.789473684210526,0.0,0.0,9.943977591036415,product_cij_louvain,19,19,1775.0,357,357,0,0,1.0,1.0,1.0,1.0,0.027932521323135995,run_054,0.06459065400008512,time_noise_15min,54,0.3417201533664629
1.0,1.0,0,0,0.0,0.0,3,3,0.0,0.0,15.789473684210526,15.789473684210526,0.0,0.0,9.949579831932773,additive_cij_louvain,19,19,1776.0,357,357,0,0,1.0,1.0,1.0,1.0,0.02794825795486734,run_054,0.058534471999792004,time_noise_15min,54,1.4399644883864369
1.0,1.0,0,0,0.0,0.0,3,3,0.0,0.0,15.789473684210526,15.789473684210526,0.0,0.0,9.949579831932773,additive_cij_louvain_matched_density,19,19,1776.0,357,357,0,0,1.0,1.0,1.0,1.0,0.02794825795486734,run_054,0.05825985100000253,time_noise_15min,54,0.7120929221216903
1.0,1.0,0,0,0.0,0.0,3,3,0.0,0.0,15.789473684210526,15.789473684210526,0.0,0.0,9.943977591036415,product_cij_leiden,19,19,1775.0,357,357,0,0,1.0,1.0,1.0,1.0,0.027932521323135995,run_054,0.036619348000158425,time_noise_15min,54,0.3417201533664629
0.5070953821961397,0.5070953821961397,0,0,0.0,0.0,3,3,0.0,0.0,25.0,25.0,0.0,0.0,,geo_time_dbscan,12,12,,357,357,0,0,0.8388199949415206,0.8388199949415206,0.5514245302081229,0.5514245302081229,,run_054,0.005463996000116822,time_noise_15min,54,1.0
0.8943851799613453,0.8943851799613453,0,0,0.0,0.0,3,3,0.0,0.0,17.647058823529413,17.647058823529413,0.0,0.0,9.96078431372549,product_cij_louvain,17,17,1778.0,357,357,0,0,0.9622772285091252,0.9622772285091252,0.9014935391844269,0.9014935391844269,0.02797973121833003,run_054,0.05053846400005568,time_noise_60min,54,0.2836286317347828
0.902034572884753,0.902034572884753,0,0,0.0,0.0,3,3,0.0,0.0,17.647058823529413,17.647058823529413,0.0,0.0,9.92156862745098,additive_cij_louvain,17,17,1771.0,357,357,0,0,0.9673756413591192,0.9673756413591192,0.9086336965632859,0.9086336965632859,0.02786957479621062,run_054,0.049746742000024824,time_noise_60min,54,1.308886929661926
0.7201659260493266,0.7201659260493266,0,0,0.0,0.0,3,3,0.0,0.0,21.428571428571427,21.428571428571427,0.0,0.0,10.016806722689076,additive_cij_louvain_matched_density,14,14,1788.0,357,357,0,0,0.9088216432479768,0.9088216432479768,0.7419089413055403,0.7419089413055403,0.02813709753564347,run_054,0.05645865000019512,time_noise_60min,54,0.67311340456812
0.8460095991120767,0.8460095991120767,0,0,0.0,0.0,3,3,0.0,0.0,17.647058823529413,17.647058823529413,0.0,0.0,9.96078431372549,product_cij_leiden,17,17,1778.0,357,357,0,0,0.9480585341141857,0.9480585341141857,0.85668016194332,0.85668016194332,0.02797973121833003,run_054,0.050546768000003794,time_noise_60min,54,0.2836286317347828
0.48695428794037443,0.48695428794037443,0,0,0.0,0.0,3,3,3.3333333333333335,3.3333333333333335,25.0,25.0,2.0202020202020203,2.0202020202020203,,geo_time_dbscan,12,12,,357,357,8,8,0.8222764729544724,0.8222764729544724,0.5328967563695897,0.5328967563695897,,run_054,0.007903684999973848,time_noise_60min,54,1.0
0.9476260493292702,0.9476260493292702,0,0,0.0,0.0,3,3,0.0,0.0,15.789473684210526,15.789473684210526,0.0,0.0,9.8475073313783,product_cij_louvain,19,19,1679.0,341,341,0,0,0.9809640215226113,0.9809640215226113,0.9509509509509511,0.9509509509509511,0.028963256856995,run_055,0.08386390500004381,baseline,55,0.3298275146242985
0.9476260493292702,0.9476260493292702,0,0,0.0,0.0,3,3,0.0,0.0,15.789473684210526,15.789473684210526,0.0,0.0,9.759530791788857,additive_cij_louvain,19,19,1664.0,341,341,0,0,0.9809640215226113,0.9809640215226113,0.9509509509509511,0.9509509509509511,0.028704502328790755,run_055,0.08574662000000899,baseline,55,1.5119562482757025
0.9476260493292702,0.9476260493292702,0,0,0.0,0.0,3,3,0.0,0.0,15.789473684210526,15.789473684210526,0.0,0.0,9.859237536656892,additive_cij_louvain_matched_density,19,19,1681.0,341,341,0,0,0.9809640215226113,0.9809640215226113,0.9509509509509511,0.9509509509509511,0.028997757460755565,run_055,0.08268616200007273,baseline,55,0.7758000070825989
0.9476260493292702,0.9476260493292702,0,0,0.0,0.0,3,3,0.0,0.0,15.789473684210526,15.789473684210526,0.0,0.0,9.8475073313783,product_cij_leiden,19,19,1679.0,341,341,0,0,0.9809640215226113,0.9809640215226113,0.9509509509509511,0.9509509509509511,0.028963256856995,run_055,0.05351601899997149,baseline,55,0.3298275146242985
0.4091461608426834,0.4091461608426834,0,0,0.0,0.0,3,3,0.0,0.0,25.0,25.0,0.0,0.0,,geo_time_dbscan,12,12,,341,341,0,0,0.8115610235967581,0.8115610235967581,0.4664291072768193,0.4664291072768193,,run_055,0.0073982199999136355,baseline,55,1.0
0.9432514417606059,0.9417563369283738,0,0,0.0,0.0,4,4,0.0,0.0,20.0,20.0,0.0,0.0,10.272727272727273,product_cij_louvain,20,20,3503.0,682,341,0,0,0.9761595689072431,0.9761595689072431,0.9469423583341462,0.9454472523064581,0.015084768388733147,run_055,0.2395961909999187,exact_transport_copy_2x,55,0.3419130790993409
0.9833092475766488,0.9828695108612864,0,0,0.0,0.0,4,4,0.0,0.0,20.0,20.0,0.0,0.0,10.281524926686217,additive_cij_louvain,20,20,3506.0,682,341,0,0,0.9913144359576012,0.9913144359576012,0.9843948112747489,0.9839550742077818,0.015097687117013535,run_055,0.24016933000007157,exact_transport_copy_2x,55,1.5240960893869862
0.9538112485773038,0.9525585273348278,0,0,0.0,0.0,4,4,0.0,0.0,19.047619047619047,19.047619047619047,0.0,0.0,10.187683284457478,additive_cij_louvain_matched_density,21,21,3474.0,682,341,0,0,0.9744284511056469,0.9744284511056469,0.9567351026539809,0.955482275350371,0.014959887348689395,run_055,0.26210581700001967,exact_transport_copy_2x,55,0.7796389153350084
0.9489679584994106,0.9476260493292702,0,0,0.0,0.0,4,4,0.0,0.0,20.0,20.0,0.0,0.0,10.272727272727273,product_cij_leiden,20,20,3503.0,682,341,0,0,0.9809640215226113,0.9809640215226113,0.9522928634018109,0.9509509509509511,0.015084768388733147,run_055,0.14817004500014264,exact_transport_copy_2x,55,0.3419130790993409
0.41546335785752325,0.4091461608426834,0,0,0.0,0.0,3,3,0.0,0.0,25.0,25.0,0.0,0.0,,geo_time_dbscan,12,12,,682,341,0,0,0.8115610235967582,0.8115610235967581,0.47336757832384657,0.4664291072768193,,run_055,0.016968061999932615,exact_transport_copy_2x,55,1.0
0.3259709606653432,0.2771648504926639,0,0,0.0,0.0,20,20,0.0,0.0,19.801980198019802,19.801980198019802,0.0,0.0,10.09149560117302,product_cij_louvain,101,101,8603.0,1705,341,0,0,0.7708553864395619,0.770855386439562,0.3414448186034691,0.2907971262401642,0.005922239202566327,run_055,0.6643406230000437,exact_transport_copy_5x,55,0.34920836808902395
0.32545538951978276,0.2765958088193766,0,0,0.0,0.0,20,20,0.0,0.0,19.801980198019802,19.801980198019802,0.0,0.0,10.100879765395895,additive_cij_louvain,101,101,8611.0,1705,341,0,0,0.7706900205743075,0.7706900205743076,0.34091775772213034,0.29021218343600275,0.005927746341194774,run_055,0.5460789299997941,exact_transport_copy_5x,55,1.53047585559644
0.32080211297309413,0.2714587862199011,0,0,0.0,0.0,18,18,0.0,0.0,18.0,18.0,0.0,0.0,10.116129032258064,additive_cij_louvain_matched_density,100,100,8624.0,1705,341,0,0,0.7691424056726193,0.7691424056726195,0.3361590923577029,0.2849296258153107,0.0059366954414660006,run_055,0.5920015570000032,exact_transport_copy_5x,55,0.7819412731841618
0.3259709606653432,0.2771648504926639,0,0,0.0,0.0,20,20,0.0,0.0,19.801980198019802,19.801980198019802,0.0,0.0,10.09149560117302,product_cij_leiden,101,101,8603.0,1705,341,0,0,0.7708553864395619,0.7708553864395621,0.3414448186034691,0.2907971262401642,0.005922239202566327,run_055,0.4460745780002071,exact_transport_copy_5x,55,0.34920836808902395
0.4191787021997644,0.4091461608426834,0,0,0.0,0.0,3,3,0.0,0.0,25.0,25.0,0.0,0.0,,geo_time_dbscan,12,12,,1705,341,0,0,0.8115610235967582,0.8115610235967581,0.4774447138343987,0.4664291072768193,,run_055,0.06048914400003014,exact_transport_copy_5x,55,1.0
0.9476260493292702,0.9476260493292702,0,0,0.0,0.0,3,3,0.0,0.0,15.789473684210526,15.789473684210526,0.0,0.0,9.865102639296188,product_cij_louvain,19,19,1682.0,341,341,0,0,0.9809640215226113,0.9809640215226113,0.9509509509509511,0.9509509509509511,0.029015007762635846,run_055,0.08989521599983163,gps_noise_100m,55,0.33214073572557684
0.9074833784696824,0.9074833784696824,0,0,0.0,0.0,3,3,0.0,0.0,16.666666666666668,16.666666666666668,0.0,0.0,9.882697947214076,additive_cij_louvain,18,18,1685.0,341,341,0,0,0.9759620000035025,0.9759620000035025,0.9137994820569737,0.9137994820569737,0.029066758668276696,run_055,0.08696322900004816,gps_noise_100m,55,1.4654162664056583
0.9476260493292702,0.9476260493292702,0,0,0.0,0.0,3,3,0.0,0.0,15.789473684210526,15.789473684210526,0.0,0.0,9.853372434017595,additive_cij_louvain_matched_density,19,19,1680.0,341,341,0,0,0.9809640215226113,0.9809640215226113,0.9509509509509511,0.9509509509509511,0.02898050715887528,run_055,0.10047852999991846,gps_noise_100m,55,0.7731120383496797
0.9476260493292702,0.9476260493292702,0,0,0.0,0.0,3,3,0.0,0.0,15.789473684210526,15.789473684210526,0.0,0.0,9.865102639296188,product_cij_leiden,19,19,1682.0,341,341,0,0,0.9809640215226113,0.9809640215226113,0.9509509509509511,0.9509509509509511,0.029015007762635846,run_055,0.053028605999998035,gps_noise_100m,55,0.33214073572557684
0.4091461608426834,0.4091461608426834,0,0,0.0,0.0,3,3,0.0,0.0,25.0,25.0,0.0,0.0,,geo_time_dbscan,12,12,,341,341,0,0,0.8115610235967581,0.8115610235967581,0.4664291072768193,0.4664291072768193,,run_055,0.007589583000026323,gps_noise_100m,55,1.0
0.8288179217713361,0.8288179217713361,0,0,0.0,0.0,3,3,0.0,0.0,17.647058823529413,17.647058823529413,0.0,0.0,10.129032258064516,product_cij_louvain,17,17,1727.0,341,341,0,0,0.9364153933676223,0.9364153933676223,0.8408236347358996,0.8408236347358996,0.029791271347248578,run_055,0.09441002499988826,gps_noise_300m,55,0.273132702829425
0.8284328102342637,0.8284328102342637,0,0,0.0,0.0,3,3,0.0,0.0,16.666666666666668,16.666666666666668,0.0,0.0,9.782991202346041,additive_cij_louvain,18,18,1668.0,341,341,0,0,0.9363001568260286,0.9363001568260286,0.8404655326768128,0.8404655326768128,0.028773503536311886,run_055,0.08328414299990072,gps_noise_300m,55,1.276496300471569
0.7924020748900443,0.7924020748900443,0,0,0.0,0.0,3,3,0.0,0.0,17.647058823529413,17.647058823529413,0.0,0.0,10.1524926686217,additive_cij_louvain_matched_density,17,17,1731.0,341,341,0,0,0.9379192939150619,0.9379192939150619,0.8074683110654333,0.8074683110654333,0.02986027255476971,run_055,0.08770195800002512,gps_noise_300m,55,0.7544487443073028
0.8331741483666092,0.8331741483666092,0,0,0.0,0.0,3,3,0.0,0.0,17.647058823529413,17.647058823529413,0.0,0.0,10.129032258064516,product_cij_leiden,17,17,1727.0,341,341,0,0,0.9413224908103384,0.9413224908103384,0.844904515438158,0.844904515438158,0.029791271347248578,run_055,0.058487155000193525,gps_noise_300m,55,0.273132702829425
0.34859795269062477,0.34859795269062477,0,0,0.0,0.0,3,3,0.0,0.0,33.333333333333336,33.333333333333336,0.0,0.0,,geo_time_dbscan,9,9,,341,341,0,0,0.7312209634446536,0.7312209634446536,0.41391362236831153,0.41391362236831153,,run_055,0.007834577000039644,gps_noise_300m,55,1.0
0.9020370691179409,0.9020370691179409,0,0,0.0,0.0,3,3,0.0,0.0,16.666666666666668,16.666666666666668,0.0,0.0,10.017595307917889,product_cij_louvain,18,18,1708.0,341,341,0,0,0.9751314972334136,0.9751314972334136,0.9087564385577631,0.9087564385577631,0.029463515611523203,run_055,0.09469519999993281,time_noise_15min,55,0.32665066902876405
0.9052830828052422,0.9052830828052422,0,0,0.0,0.0,3,3,0.0,0.0,16.666666666666668,16.666666666666668,0.0,0.0,9.935483870967742,additive_cij_louvain,18,18,1694.0,341,341,0,0,0.9755432698169924,0.9755432698169924,0.9117483811285848,0.9117483811285848,0.02922201138519924,run_055,0.08599980500002857,time_noise_15min,55,1.4788486073505338
0.9020370691179409,0.9020370691179409,0,0,0.0,0.0,3,3,0.0,0.0,16.666666666666668,16.666666666666668,0.0,0.0,10.023460410557185,additive_cij_louvain_matched_density,18,18,1709.0,341,341,0,0,0.9751314972334136,0.9751314972334136,0.9087564385577631,0.9087564385577631,0.029480765913403484,run_055,0.0949908160000632,time_noise_15min,55,0.756416352764993
0.9133160193751699,0.9133160193751699,0,0,0.0,0.0,3,3,0.0,0.0,16.666666666666668,16.666666666666668,0.0,0.0,10.017595307917889,product_cij_leiden,18,18,1708.0,341,341,0,0,0.9808485759094547,0.9808485759094547,0.9192385880613565,0.9192385880613565,0.029463515611523203,run_055,0.0544400809999388,time_noise_15min,55,0.32665066902876405
0.4091461608426834,0.4091461608426834,0,0,0.0,0.0,3,3,0.0,0.0,25.0,25.0,0.0,0.0,,geo_time_dbscan,12,12,,341,341,0,0,0.8115610235967581,0.8115610235967581,0.4664291072768193,0.4664291072768193,,run_055,0.007151060000069265,time_noise_15min,55,1.0
0.7096320866354396,0.7096320866354396,0,0,0.0,0.0,3,3,0.0,0.0,20.0,20.0,0.0,0.0,9.900293255131965,product_cij_louvain,15,15,1688.0,341,341,0,0,0.8884339410538487,0.8884339410538487,0.7314769581501385,0.7314769581501385,0.029118509573917543,run_055,0.08636219200002415,time_noise_60min,55,0.2922849779420903
0.7096320866354396,0.7096320866354396,0,0,0.0,0.0,3,3,0.0,0.0,20.0,20.0,0.0,0.0,9.624633431085044,additive_cij_louvain,15,15,1641.0,341,341,0,0,0.8884339410538487,0.8884339410538487,0.7314769581501385,0.7314769581501385,0.028307745385544248,run_055,0.10453524100012146,time_noise_60min,55,1.3709471738875267
0.7058987570655703,0.7058987570655703,0,0,0.0,0.0,3,3,0.0,0.0,20.0,20.0,0.0,0.0,9.888563049853373,additive_cij_louvain_matched_density,15,15,1686.0,341,341,0,0,0.8839508599223981,0.8839508599223981,0.7280416395575797,0.7280416395575797,0.029084008970156977,run_055,0.0831032520000008,time_noise_60min,55,0.7019030390257774
0.7786853867910758,0.7786853867910758,0,0,0.0,0.0,3,3,0.0,0.0,17.647058823529413,17.647058823529413,0.0,0.0,9.900293255131965,product_cij_leiden,17,17,1688.0,341,341,0,0,0.9109856560073009,0.9109856560073009,0.7941914664754391,0.7941914664754391,0.029118509573917543,run_055,0.05918565899992245,time_noise_60min,55,0.2922849779420903
0.3969520896424781,0.3969520896424781,0,0,0.0,0.0,3,3,0.0,0.0,27.272727272727273,27.272727272727273,2.1352313167259784,2.1352313167259784,,geo_time_dbscan,11,11,,341,341,6,6,0.7769257314710352,0.7769257314710352,0.45547001235623996,0.45547001235623996,,run_055,0.007277079999994385,time_noise_60min,55,1.0
1.0,1.0,0,0,0.0,0.0,3,3,0.0,0.0,15.789473684210526,15.789473684210526,0.0,0.0,9.750759878419453,product_cij_louvain,19,19,1604.0,329,329,0,0,1.0,1.0,1.0,1.0,0.029727926458595892,run_056,0.06944002899990664,baseline,56,0.2020364564789481
1.0,1.0,0,0,0.0,0.0,3,3,0.0,0.0,15.789473684210526,15.789473684210526,0.0,0.0,9.720364741641337,additive_cij_louvain,19,19,1599.0,329,329,0,0,1.0,1.0,1.0,1.0,0.029635258358662615,run_056,0.06061451099981241,baseline,56,1.457818820110122
1.0,1.0,0,0,0.0,0.0,3,3,0.0,0.0,15.789473684210526,15.789473684210526,0.0,0.0,9.768996960486323,additive_cij_louvain_matched_density,19,19,1607.0,329,329,0,0,1.0,1.0,1.0,1.0,0.02978352731855586,run_056,0.044550716000003376,baseline,56,0.7502472449010326
1.0,1.0,0,0,0.0,0.0,3,3,0.0,0.0,15.789473684210526,15.789473684210526,0.0,0.0,9.750759878419453,product_cij_leiden,19,19,1604.0,329,329,0,0,1.0,1.0,1.0,1.0,0.029727926458595892,run_056,0.03766943900018305,baseline,56,0.2020364564789481
0.4661182432504759,0.4661182432504759,0,0,0.0,0.0,3,3,0.0,0.0,23.076923076923077,23.076923076923077,0.0,0.0,,geo_time_dbscan,13,13,,329,329,0,0,0.8396753797780554,0.8396753797780554,0.5156714710592541,0.5156714710592541,,run_056,0.005724493999878177,baseline,56,1.0
1.0,1.0,0,0,0.0,0.0,4,4,0.0,0.0,20.0,20.0,0.0,0.0,10.182370820668693,product_cij_louvain,20,20,3350.0,658,329,0,0,1.0000000000000002,1.0000000000000002,1.0,1.0,0.01549828130999801,run_056,0.14433277299986003,exact_transport_copy_2x,56,0.20743721590108255
1.0,1.0,0,0,0.0,0.0,4,4,0.0,0.0,20.0,20.0,0.0,0.0,10.142857142857142,additive_cij_louvain,20,20,3337.0,658,329,0,0,1.0,1.0,1.0,1.0,0.015438138725809958,run_056,0.1516788760000054,exact_transport_copy_2x,56,1.4780450807883039
1.0,1.0,0,0,0.0,0.0,4,4,0.0,0.0,20.0,20.0,0.0,0.0,10.103343465045592,additive_cij_louvain_matched_density,20,20,3324.0,658,329,0,0,0.9999999999999999,0.9999999999999999,1.0,1.0,0.015377996141621907,run_056,0.13238800099998116,exact_transport_copy_2x,56,0.7537057277371003
1.0,1.0,0,0,0.0,0.0,4,4,0.0,0.0,20.0,20.0,0.0,0.0,10.182370820668693,product_cij_leiden,20,20,3350.0,658,329,0,0,1.0,1.0,1.0,1.0,0.01549828130999801,run_056,0.09599239099998158,exact_transport_copy_2x,56,0.20743721590108255
0.4729764694671625,0.4661182432504759,0,0,0.0,0.0,3,3,0.0,0.0,23.076923076923077,23.076923076923077,0.0,0.0,,geo_time_dbscan,13,13,,658,329,0,0,0.8396753797780554,0.8396753797780554,0.5230101954599222,0.5156714710592541,,run_056,0.014007267999886608,exact_transport_copy_2x,56,1.0
0.3683836256054528,0.3210677076400947,0,0,0.0,0.0,17,17,0.0,0.0,17.894736842105264,17.894736842105264,0.0,0.0,10.150759878419453,product_cij_louvain,95,95,8349.0,1645,329,0,0,0.7860309670011059,0.7860309670011059,0.3842364532019704,0.3353028064992614,0.006174428149890178,run_056,0.537286197999947,exact_transport_copy_5x,56,0.21021971289445454
0.36947011512790934,0.3222693966554836,0,0,0.0,0.0,17,17,0.0,0.0,17.894736842105264,17.894736842105264,0.0,0.0,10.162917933130698,additive_cij_louvain,95,95,8359.0,1645,329,0,0,0.7862789374973894,0.7862789374973893,0.3853411732531109,0.33653136531365313,0.006181823560298479,run_056,0.5295889480000824,exact_transport_copy_5x,56,1.4891436504243436
0.3588633612086253,0.3106443714846965,0,0,0.0,0.0,17,17,0.0,0.0,17.708333333333332,17.708333333333332,0.0,0.0,10.117933130699088,additive_cij_louvain_matched_density,96,96,8322.0,1645,329,0,0,0.7813294521938555,0.7813294521938554,0.3746995398667674,0.324805339265851,0.006154460541787766,run_056,0.5468728390001161,exact_transport_copy_5x,56,0.7557152449587012
0.3683836256054528,0.3210677076400947,0,0,0.0,0.0,17,17,0.0,0.0,17.894736842105264,17.894736842105264,0.0,0.0,10.150759878419453,product_cij_leiden,95,95,8349.0,1645,329,0,0,0.7860309670011059,0.786030967001106,0.3842364532019704,0.3353028064992614,0.006174428149890178,run_056,0.4212651359998745,exact_transport_copy_5x,56,0.21021971289445454
0.47699557002838516,0.4661182432504759,0,0,0.0,0.0,3,3,0.0,0.0,23.076923076923077,23.076923076923077,0.0,0.0,,geo_time_dbscan,13,13,,1645,329,0,0,0.8396753797780554,0.8396753797780554,0.5273076407806011,0.5156714710592541,,run_056,0.05665243800012831,exact_transport_copy_5x,56,1.0
1.0,1.0,0,0,0.0,0.0,3,3,0.0,0.0,15.789473684210526,15.789473684210526,0.0,0.0,9.848024316109422,product_cij_louvain,19,19,1620.0,329,329,0,0,1.0,1.0,1.0,1.0,0.030024464378382385,run_056,0.05587985600004686,gps_noise_100m,56,0.1969094616059016
1.0,1.0,0,0,0.0,0.0,3,3,0.0,0.0,15.789473684210526,15.789473684210526,0.0,0.0,9.829787234042554,additive_cij_louvain,19,19,1617.0,329,329,0,0,1.0,1.0,1.0,1.0,0.029968863518422418,run_056,0.050247201000047426,gps_noise_100m,56,1.4157013156949882
1.0,1.0,0,0,0.0,0.0,3,3,0.0,0.0,15.789473684210526,15.789473684210526,0.0,0.0,9.811550151975684,additive_cij_louvain_matched_density,19,19,1614.0,329,329,0,0,1.0000000000000002,1.0000000000000002,1.0,1.0,0.02991326265846245,run_056,0.04850352699986615,gps_noise_100m,56,0.7473598849596756
1.0,1.0,0,0,0.0,0.0,3,3,0.0,0.0,15.789473684210526,15.789473684210526,0.0,0.0,9.848024316109422,product_cij_leiden,19,19,1620.0,329,329,0,0,1.0,1.0,1.0,1.0,0.030024464378382385,run_056,0.036011809999990874,gps_noise_100m,56,0.1969094616059016
0.27837906908296106,0.27837906908296106,0,0,0.0,0.0,3,3,0.0,0.0,30.0,30.0,0.0,0.0,,geo_time_dbscan,10,10,,329,329,0,0,0.7061804598004844,0.7061804598004844,0.3527110554729677,0.3527110554729677,,run_056,0.005251885000006951,gps_noise_100m,56,1.0
0.8913147404480127,0.8913147404480127,0,0,0.0,0.0,3,3,0.0,0.0,16.666666666666668,16.666666666666668,0.0,0.0,10.164133738601823,product_cij_louvain,18,18,1672.0,329,329,0,0,0.9540484850560222,0.9540484850560222,0.8984093319194061,0.8984093319194061,0.030988212617688488,run_056,0.04915610300008666,gps_noise_300m,56,0.18091945761714054
0.8798974143442592,0.8798974143442592,0,0,0.0,0.0,3,3,0.0,0.0,16.666666666666668,16.666666666666668,0.0,0.0,9.689969604863222,additive_cij_louvain,18,18,1594.0,329,329,0,0,0.9463232997013702,0.9463232997013702,0.8877615726062142,0.8877615726062142,0.029542590258729334,run_056,0.04511116999992737,gps_noise_300m,56,1.2035858462095965
0.8994032691273686,0.8994032691273686,0,0,0.0,0.0,3,3,0.0,0.0,16.666666666666668,16.666666666666668,0.0,0.0,9.945288753799392,additive_cij_louvain_matched_density,18,18,1636.0,329,329,0,0,0.9575947228523386,0.9575947228523386,0.9059647633198896,0.9059647633198896,0.030321002298168878,run_056,0.04677509399994051,gps_noise_300m,56,0.7420709794827376
0.8929871466574566,0.8929871466574566,0,0,0.0,0.0,3,3,0.0,0.0,16.666666666666668,16.666666666666668,0.0,0.0,10.164133738601823,product_cij_leiden,18,18,1672.0,329,329,0,0,0.9547886183763628,0.9547886183763628,0.9000210482003789,0.9000210482003789,0.030988212617688488,run_056,0.0348493920000692,gps_noise_300m,56,0.18091945761714054
0.27837906908296106,0.27837906908296106,0,0,0.0,0.0,3,3,0.0,0.0,30.0,30.0,0.0,0.0,,geo_time_dbscan,10,10,,329,329,0,0,0.7061804598004844,0.7061804598004844,0.3527110554729677,0.3527110554729677,,run_056,0.00524775500002761,gps_noise_300m,56,1.0
0.9910157181183888,0.9910157181183888,0,0,0.0,0.0,3,3,0.0,0.0,15.789473684210526,15.789473684210526,0.0,0.0,9.884498480243161,product_cij_louvain,19,19,1626.0,329,329,0,0,0.9946290279851859,0.9946290279851859,0.9915780141843972,0.9915780141843972,0.03013566609830232,run_056,0.05259210899998834,time_noise_15min,56,0.20186310123407877
0.9910157181183888,0.9910157181183888,0,0,0.0,0.0,3,3,0.0,0.0,15.789473684210526,15.789473684210526,0.0,0.0,9.878419452887538,additive_cij_louvain,19,19,1625.0,329,329,0,0,0.9946290279851859,0.9946290279851859,0.9915780141843972,0.9915780141843972,0.030117132478315666,run_056,0.0463155420000021,time_noise_15min,56,1.4134976035096978
0.975010951457672,0.975010951457672,0,0,0.0,0.0,3,3,0.0,0.0,15.789473684210526,15.789473684210526,0.0,0.0,9.902735562310031,additive_cij_louvain_matched_density,19,19,1629.0,329,329,0,0,0.9842624580347655,0.9842624580347655,0.9765797613787008,0.9765797613787008,0.030191266958262287,run_056,0.0643487530001039,time_noise_15min,56,0.7414620395494678
0.9910157181183888,0.9910157181183888,0,0,0.0,0.0,3,3,0.0,0.0,15.789473684210526,15.789473684210526,0.0,0.0,9.884498480243161,product_cij_leiden,19,19,1626.0,329,329,0,0,0.9946290279851859,0.9946290279851859,0.9915780141843972,0.9915780141843972,0.03013566609830232,run_056,0.03367046400012441,time_noise_15min,56,0.20186310123407877
0.39701678312554134,0.39701678312554134,0,0,0.0,0.0,3,3,0.0,0.0,25.0,25.0,0.0,0.0,,geo_time_dbscan,12,12,,329,329,0,0,0.7977273151445544,0.7977273151445544,0.45526156332054135,0.45526156332054135,,run_056,0.005096381999919686,time_noise_15min,56,1.0
0.9028251792355563,0.9028251792355563,0,0,0.0,0.0,3,3,0.0,0.0,16.666666666666668,16.666666666666668,0.0,0.0,9.750759878419453,product_cij_louvain,18,18,1604.0,329,329,0,0,0.9727321842243535,0.9727321842243535,0.9093877551020408,0.9093877551020408,0.029727926458595892,run_056,0.04798441200000525,time_noise_60min,56,0.1869984351038606
0.8085313329187954,0.8085313329187954,0,0,0.0,0.0,3,3,0.0,0.0,18.75,18.75,0.0,0.0,9.50759878419453,additive_cij_louvain,16,16,1564.0,329,329,0,0,0.9469622306117459,0.9469622306117459,0.8226277372262772,0.8226277372262772,0.02898658165912966,run_056,0.04187818899981721,time_noise_60min,56,1.3024704206140227
0.8735787074976169,0.8735787074976169,0,0,0.0,0.0,3,3,0.0,0.0,17.647058823529413,17.647058823529413,0.0,0.0,9.80547112462006,additive_cij_louvain_matched_density,17,17,1613.0,329,329,0,0,0.958773804794178,0.958773804794178,0.8823296354992076,0.8823296354992076,0.029894729038475794,run_056,0.0501811680001083,time_noise_60min,56,0.6967554904126821
0.9028251792355563,0.9028251792355563,0,0,0.0,0.0,3,3,0.0,0.0,16.666666666666668,16.666666666666668,0.0,0.0,9.750759878419453,product_cij_leiden,18,18,1604.0,329,329,0,0,0.9727321842243533,0.9727321842243533,0.9093877551020408,0.9093877551020408,0.029727926458595892,run_056,0.03325446200005899,time_noise_60min,56,0.1869984351038606
0.3828952929280141,0.3828952929280141,0,0,0.0,0.0,3,3,6.666666666666667,6.666666666666667,23.076923076923077,23.076923076923077,1.486988847583643,1.486988847583643,,geo_time_dbscan,13,13,,329,329,8,8,0.7814683187045275,0.7814683187045275,0.4421705426356589,0.4421705426356589,,run_056,0.004784393999898384,time_noise_60min,56,1.0
0.870825959154839,0.870825959154839,0,0,0.0,0.0,3,3,0.0,0.0,17.647058823529413,17.647058823529413,0.0,0.0,10.082111436950147,product_cij_louvain,17,17,1719.0,341,341,0,0,0.9589714608274503,0.9589714608274503,0.8799715909090908,0.8799715909090908,0.029653268932206312,run_057,0.05428705799999989,baseline,57,0.4501316289945373
0.870825959154839,0.870825959154839,0,0,0.0,0.0,3,3,0.0,0.0,17.647058823529413,17.647058823529413,0.0,0.0,9.782991202346041,additive_cij_louvain,17,17,1668.0,341,341,0,0,0.9589714608274502,0.9589714608274502,0.8799715909090908,0.8799715909090908,0.028773503536311886,run_057,0.057137399999874106,baseline,57,1.5576477551722627
0.8238617644648895,0.8238617644648895,0,0,0.0,0.0,3,3,0.0,0.0,17.647058823529413,17.647058823529413,0.0,0.0,10.134897360703812,additive_cij_louvain_matched_density,17,17,1728.0,341,341,0,0,0.9313202708940372,0.9313202708940372,0.8363700689899168,0.8363700689899168,0.02980852164912886,run_057,0.051512461000129406,baseline,57,0.8262768951554924
0.8669515241511113,0.8669515241511113,0,0,0.0,0.0,3,3,0.0,0.0,17.647058823529413,17.647058823529413,0.0,0.0,10.082111436950147,product_cij_leiden,17,17,1719.0,341,341,0,0,0.9542428148447256,0.9542428148447256,0.8763565201921366,0.8763565201921366,0.029653268932206312,run_057,0.03744820800011439,baseline,57,0.4501316289945373
0.5007535264722627,0.5007535264722627,0,0,0.0,0.0,3,3,0.0,0.0,25.0,25.0,0.0,0.0,,geo_time_dbscan,12,12,,341,341,0,0,0.8383525087837128,0.8383525087837128,0.5472496473906912,0.5472496473906912,,run_057,0.009086238999998386,baseline,57,1.0
0.8738195138182595,0.8707448809385517,0,0,0.0,0.0,3,3,0.0,0.0,16.666666666666668,16.666666666666668,0.0,0.0,10.457478005865102,product_cij_louvain,18,18,3566.0,682,341,0,0,0.953774922162996,0.9537749221629956,0.8825988187187641,0.8795225662066394,0.015356061682621295,run_057,0.15921546699996725,exact_transport_copy_2x,57,0.4579796665767907
0.8737423620190626,0.870825959154839,0,0,0.0,0.0,3,3,0.0,0.0,17.647058823529413,17.647058823529413,0.0,0.0,10.422287390029325,additive_cij_louvain,17,17,3554.0,682,341,0,0,0.9589714608274503,0.9589714608274502,0.8828930272845388,0.8799715909090908,0.015304386769499743,run_057,0.15854126900012488,exact_transport_copy_2x,57,1.566525701950437
0.8552923014485303,0.8517895675325746,0,0,0.0,0.0,3,3,0.0,0.0,16.666666666666668,16.666666666666668,0.0,0.0,10.457478005865102,additive_cij_louvain_matched_density,18,18,3566.0,682,341,0,0,0.9311221577372618,0.9311221577372617,0.8654141450636799,0.8619091751621872,0.015356061682621295,run_057,0.1478343890000815,exact_transport_copy_2x,57,0.8308351500985568
0.8732186392979134,0.8699629702650717,0,0,0.0,0.0,3,3,0.0,0.0,15.789473684210526,15.789473684210526,0.0,0.0,10.457478005865102,product_cij_leiden,19,19,3566.0,682,341,0,0,0.9420791479550522,0.9420791479550519,0.8816579323487375,0.8784021930683376,0.015356061682621295,run_057,0.10125143499999467,exact_transport_copy_2x,57,0.4579796665767907
0.507175500660777,0.5007535264722627,0,0,0.0,0.0,3,3,0.0,0.0,25.0,25.0,0.0,0.0,,geo_time_dbscan,12,12,,682,341,0,0,0.8383525087837128,0.8383525087837128,0.5540475554368154,0.5472496473906912,,run_057,0.012356236999949033,exact_transport_copy_2x,57,1.0
0.3181004008475899,0.2693689067185304,0,0,0.0,0.0,15,15,0.0,0.0,15.306122448979592,15.306122448979592,0.0,0.0,10.16891495601173,product_cij_louvain,98,98,8669.0,1705,341,0,0,0.763072977423071,0.7630729774230711,0.33381493812425406,0.28320378506252114,0.0059676730962510156,run_057,0.675731044000031,exact_transport_copy_5x,57,0.46244692051039926
0.31785183530718913,0.2690548559778434,0,0,0.0,0.0,15,15,0.0,0.0,15.306122448979592,15.306122448979592,0.0,0.0,10.1524926686217,additive_cij_louvain,98,98,8655.0,1705,341,0,0,0.7631722961659249,0.7631722961659247,0.3335010060362173,0.2828146143437077,0.005958035603651233,run_057,0.8152756959998442,exact_transport_copy_5x,57,1.5707674281931947
0.30562200466317313,0.2558690161924767,0,0,0.0,0.0,16,16,0.0,0.0,16.161616161616163,16.161616161616163,0.0,0.0,10.140762463343108,additive_cij_louvain_matched_density,99,99,8645.0,1705,341,0,0,0.754206876606163,0.754206876606163,0.3214308205806411,0.26973907150118603,0.005951151680365674,run_057,0.8734169880001446,exact_transport_copy_5x,57,0.8328451133623334
0.3181004008475899,0.2693689067185304,0,0,0.0,0.0,15,15,0.0,0.0,15.306122448979592,15.306122448979592,0.0,0.0,10.16891495601173,product_cij_leiden,98,98,8669.0,1705,341,0,0,0.7630729774230709,0.7630729774230713,0.33381493812425406,0.28320378506252114,0.0059676730962510156,run_057,0.675055876999977,exact_transport_copy_5x,57,0.46244692051039926
0.5109393174719313,0.5007535264722627,0,0,0.0,0.0,3,3,0.0,0.0,25.0,25.0,0.0,0.0,,geo_time_dbscan,12,12,,1705,341,0,0,0.8383525087837128,0.8383525087837128,0.5580291893494884,0.5472496473906912,,run_057,0.07325897700002315,exact_transport_copy_5x,57,1.0
0.7788405837316453,0.7788405837316453,0,0,0.0,0.0,3,3,0.0,0.0,18.75,18.75,0.0,0.0,10.24633431085044,product_cij_louvain,16,16,1747.0,341,341,0,0,0.9258389244511186,0.9258389244511186,0.7954768928220256,0.7954768928220256,0.030136277384854235,run_057,0.04862428000001273,gps_noise_100m,57,0.4372452080549511
0.7866090695808677,0.7866090695808677,0,0,0.0,0.0,3,3,0.0,0.0,18.75,18.75,0.0,0.0,9.865102639296188,additive_cij_louvain,16,16,1682.0,341,341,0,0,0.9290181462282691,0.9290181462282691,0.8026294165981923,0.8026294165981923,0.029015007762635846,run_057,0.060273051999956806,gps_noise_100m,57,1.5270731730481573
0.7788405837316453,0.7788405837316453,0,0,0.0,0.0,3,3,0.0,0.0,18.75,18.75,0.0,0.0,10.217008797653959,additive_cij_louvain_matched_density,16,16,1742.0,341,341,0,0,0.9258389244511186,0.9258389244511186,0.7954768928220256,0.7954768928220256,0.03005002587545282,run_057,0.07709603300008894,gps_noise_100m,57,0.8239720089568972
0.8448392129122774,0.8448392129122774,0,0,0.0,0.0,3,3,0.0,0.0,17.647058823529413,17.647058823529413,0.0,0.0,10.24633431085044,product_cij_leiden,17,17,1747.0,341,341,0,0,0.9440189728614286,0.9440189728614286,0.8558828717586875,0.8558828717586875,0.030136277384854235,run_057,0.03644265999992058,gps_noise_100m,57,0.4372452080549511
0.4909056344889232,0.4909056344889232,0,0,0.0,0.0,3,3,0.0,0.0,25.0,25.0,0.0,0.0,,geo_time_dbscan,12,12,,341,341,0,0,0.8316691515674496,0.8316691515674496,0.5386011745862254,0.5386011745862254,,run_057,0.005430161000049338,gps_noise_100m,57,1.0
0.6744424338314043,0.6744424338314043,0,0,0.0,0.0,3,3,0.0,0.0,21.428571428571427,21.428571428571427,0.0,0.0,10.24633431085044,product_cij_louvain,14,14,1747.0,341,341,0,0,0.8940322875052507,0.8940322875052507,0.7012876751096646,0.7012876751096646,0.030136277384854235,run_057,0.04772973700005423,gps_noise_300m,57,0.3227339166779825
0.6744424338314043,0.6744424338314043,0,0,0.0,0.0,3,3,0.0,0.0,21.428571428571427,21.428571428571427,0.0,0.0,9.653958944281525,additive_cij_louvain,14,14,1646.0,341,341,0,0,0.8940322875052507,0.8940322875052507,0.7012876751096646,0.7012876751096646,0.02839399689494566,run_057,0.05996472700007871,gps_noise_300m,57,1.341459268243312
0.665700491260905,0.665700491260905,0,0,0.0,0.0,3,3,0.0,0.0,23.076923076923077,23.076923076923077,0.0,0.0,10.381231671554252,additive_cij_louvain_matched_density,13,13,1770.0,341,341,0,0,0.8841755045274847,0.8841755045274847,0.6934378060724781,0.6934378060724781,0.03053303432810074,run_057,0.0576693969999269,gps_noise_300m,57,0.7832688567348782
0.7337090035828077,0.7337090035828077,0,0,0.0,0.0,3,3,0.0,0.0,20.0,20.0,0.0,0.0,10.24633431085044,product_cij_leiden,15,15,1747.0,341,341,0,0,0.9026138496203402,0.9026138496203402,0.7543804755944932,0.7543804755944932,0.030136277384854235,run_057,0.03633410199995524,gps_noise_300m,57,0.3227339166779825
0.39692357964812486,0.39692357964812486,0,0,0.0,0.0,3,3,0.0,0.0,30.0,30.0,0.0,0.0,,geo_time_dbscan,10,10,,341,341,0,0,0.7649973748390942,0.7649973748390942,0.4565945505567122,0.4565945505567122,,run_057,0.005614422000007835,gps_noise_300m,57,1.0
0.8035247063485612,0.8035247063485612,0,0,0.0,0.0,3,3,0.0,0.0,18.75,18.75,0.0,0.0,9.82991202346041,product_cij_louvain,16,16,1676.0,341,341,0,0,0.9387430975706313,0.9387430975706313,0.8182268449727588,0.8182268449727588,0.02891150595135415,run_057,0.051547052000159965,time_noise_15min,57,0.42910949359059614
0.8035247063485612,0.8035247063485612,0,0,0.0,0.0,3,3,0.0,0.0,18.75,18.75,0.0,0.0,9.536656891495602,additive_cij_louvain,16,16,1626.0,341,341,0,0,0.9387430975706313,0.9387430975706313,0.8182268449727588,0.8182268449727588,0.028048990857340004,run_057,0.061665494999942894,time_noise_15min,57,1.5240496838627526
0.7646505773341371,0.7646505773341371,0,0,0.0,0.0,3,3,0.0,0.0,20.0,20.0,0.0,0.0,9.929618768328446,additive_cij_louvain_matched_density,15,15,1693.0,341,341,0,0,0.9119771464651496,0.9119771464651496,0.7824817518248175,0.7824817518248175,0.02920476108331896,run_057,0.055956146999960765,time_noise_15min,57,0.8009132230271306
0.8035247063485612,0.8035247063485612,0,0,0.0,0.0,3,3,0.0,0.0,18.75,18.75,0.0,0.0,9.82991202346041,product_cij_leiden,16,16,1676.0,341,341,0,0,0.9387430975706313,0.9387430975706313,0.8182268449727588,0.8182268449727588,0.02891150595135415,run_057,0.037701883999943675,time_noise_15min,57,0.42910949359059614
0.4662127536771294,0.4662127536771294,0,0,0.0,0.0,3,3,0.0,0.0,27.272727272727273,27.272727272727273,0.0,0.0,,geo_time_dbscan,11,11,,341,341,0,0,0.8097370035417653,0.8097370035417653,0.5169621809982576,0.5169621809982576,,run_057,0.005419906000042829,time_noise_15min,57,1.0
0.6819363253571152,0.6819363253571152,0,0,0.0,0.0,3,3,0.0,0.0,20.0,20.0,0.0,0.0,9.818181818181818,product_cij_louvain,15,15,1674.0,341,341,0,0,0.8812126499636449,0.8812126499636449,0.7064408925462888,0.7064408925462888,0.028877005347593583,run_057,0.04845058299997618,time_noise_60min,57,0.32624395958959723
0.7701140792482191,0.7701140792482191,0,0,0.0,0.0,3,3,0.0,0.0,18.75,18.75,0.0,0.0,9.513196480938417,additive_cij_louvain,16,16,1622.0,341,341,0,0,0.9136702509900942,0.9136702509900942,0.7871914609739827,0.7871914609739827,0.027979989649818873,run_057,0.04554105199986225,time_noise_60min,57,1.388836520437947
0.689636965421038,0.689636965421038,0,0,0.0,0.0,3,3,0.0,0.0,21.428571428571427,21.428571428571427,0.0,0.0,9.941348973607038,additive_cij_louvain_matched_density,14,14,1695.0,341,341,0,0,0.887748916514888,0.887748916514888,0.71435011269722,0.71435011269722,0.029239261687079524,run_057,0.05673090100003719,time_noise_60min,57,0.7434507183924793
0.7313985617232166,0.7313985617232166,0,0,0.0,0.0,3,3,0.0,0.0,18.75,18.75,0.0,0.0,9.818181818181818,product_cij_leiden,16,16,1674.0,341,341,0,0,0.8799249439509926,0.8799249439509926,0.7504431052818149,0.7504431052818149,0.028877005347593583,run_057,0.03627497399997992,time_noise_60min,57,0.32624395958959723
0.37166902618161396,0.37166902618161396,0,0,0.0,0.0,3,3,3.3333333333333335,3.3333333333333335,33.333333333333336,33.333333333333336,0.35587188612099646,0.35587188612099646,,geo_time_dbscan,9,9,,341,341,3,3,0.7379710679764654,0.7379710679764654,0.4345786272806255,0.4345786272806255,,run_057,0.005455137000126342,time_noise_60min,57,1.0
0.9131269886503514,0.9131269886503514,0,0,0.0,0.0,3,3,0.0,0.0,17.647058823529413,17.647058823529413,0.0,0.0,9.840236686390533,product_cij_louvain,17,17,1663.0,338,338,0,0,0.9650878413807389,0.9650878413807389,0.919140989729225,0.919140989729225,0.029199515389882885,run_058,0.08701726499998585,baseline,58,0.3026512381793539
0.9935666036614257,0.9935666036614257,0,0,0.0,0.0,3,3,0.0,0.0,15.789473684210526,15.789473684210526,0.0,0.0,9.662721893491124,additive_cij_louvain,19,19,1633.0,338,338,0,0,0.9951350994761108,0.9951350994761108,0.9939831528279182,0.9939831528279182,0.02867276526258494,run_058,0.09149183699992136,baseline,58,1.512117952243671
0.818210513043819,0.818210513043819,0,0,0.0,0.0,3,3,0.0,0.0,20.0,20.0,0.0,0.0,9.875739644970414,additive_cij_louvain_matched_density,15,15,1669.0,338,338,0,0,0.9323673407341153,0.9323673407341153,0.8318404596924116,0.8318404596924116,0.029304865415342475,run_058,0.09061995599995498,baseline,58,0.7790335958536951
0.9528484797338597,0.9528484797338597,0,0,0.0,0.0,3,3,0.0,0.0,16.666666666666668,16.666666666666668,0.0,0.0,9.840236686390533,product_cij_leiden,18,18,1663.0,338,338,0,0,0.9825950846478614,0.9825950846478614,0.9560185185185185,0.9560185185185185,0.029199515389882885,run_058,0.05304179299992029,baseline,58,0.3026512381793539
0.5440753228339987,0.5440753228339987,0,0,0.0,0.0,3,3,0.0,0.0,27.272727272727273,27.272727272727273,0.0,0.0,,geo_time_dbscan,11,11,,338,338,0,0,0.8322117104783948,0.8322117104783948,0.5859036003283687,0.5859036003283687,,run_058,0.0072998799998913455,baseline,58,1.0
0.983944283887989,0.9835275793149431,0,0,0.0,0.0,3,3,0.0,0.0,15.789473684210526,15.789473684210526,0.0,0.0,10.263313609467456,product_cij_louvain,19,19,3469.0,676,338,0,0,0.9894918075091593,0.9894918075091593,0.9850136239782017,0.9845969193838768,0.015204909051062898,run_058,0.1395863579998604,exact_transport_copy_2x,58,0.3080043081313776
1.0,1.0,0,0,0.0,0.0,3,3,0.0,0.0,15.789473684210526,15.789473684210526,0.0,0.0,10.278106508875739,additive_cij_louvain,19,19,3474.0,676,338,0,0,1.0,1.0,1.0,1.0,0.015226824457593689,run_058,0.14883253800007878,exact_transport_copy_2x,58,1.5274722580842977
0.906674511178265,0.9043358166320129,0,0,0.0,0.0,3,3,0.0,0.0,16.666666666666668,16.666666666666668,0.0,0.0,10.2603550295858,additive_cij_louvain_matched_density,18,18,3468.0,676,338,0,0,0.9549933151413624,0.9549933151413623,0.9130844645550529,0.9107454017424976,0.01520052596975674,run_058,0.16052662300012344,exact_transport_copy_2x,58,0.782257096068834
1.0,1.0,0,0,0.0,0.0,4,4,0.0,0.0,20.0,20.0,0.0,0.0,10.263313609467456,product_cij_leiden,20,20,3469.0,676,338,0,0,1.0,1.0,1.0,1.0,0.015204909051062898,run_058,0.10527728600004593,exact_transport_copy_2x,58,0.3080043081313776
0.5504276956045935,0.5440753228339987,0,0,0.0,0.0,3,3,0.0,0.0,27.272727272727273,27.272727272727273,0.0,0.0,,geo_time_dbscan,11,11,,676,338,0,0,0.8322117104783949,0.8322117104783948,0.5925455804292638,0.5859036003283687,,run_058,0.013046064000036495,exact_transport_copy_2x,58,1.0
0.3088904784497816,0.2590083464546518,0,0,0.0,0.0,17,17,0.0,0.0,16.19047619047619,16.19047619047619,0.0,0.0,10.018934911242603,product_cij_louvain,105,105,8466.0,1690,338,0,0,0.7643119151636922,0.7643119151636922,0.32411625072175526,0.2721934369602763,0.0059318738373254016,run_058,0.5393776070000058,exact_transport_copy_5x,58,0.31201671138055503
0.3074469091142298,0.25747718969271055,0,0,0.0,0.0,17,17,0.0,0.0,16.19047619047619,16.19047619047619,0.0,0.0,10.010650887573965,additive_cij_louvain,105,105,8459.0,1690,338,0,0,0.7638471161637528,0.7638471161637528,0.3227296049256029,0.27071823204419887,0.005926969145988138,run_058,0.9182597860001351,exact_transport_copy_5x,58,1.5334716688110703
0.2994284250150433,0.2487286031240643,0,0,0.0,0.0,16,16,0.0,0.0,15.238095238095237,15.238095238095237,0.0,0.0,10.00473372781065,additive_cij_louvain_matched_density,105,105,8454.0,1690,338,0,0,0.7578993076422933,0.7578993076422934,0.31465877661285135,0.2618635261517146,0.005923465795032949,run_058,0.5546309890000884,exact_transport_copy_5x,58,0.78378449148983
0.3088904784497816,0.2590083464546518,0,0,0.0,0.0,17,17,0.0,0.0,16.19047619047619,16.19047619047619,0.0,0.0,10.018934911242603,product_cij_leiden,105,105,8466.0,1690,338,0,0,0.7643119151636923,0.7643119151636923,0.32411625072175526,0.2721934369602763,0.0059318738373254016,run_058,0.42614676999983203,exact_transport_copy_5x,58,0.31201671138055503
0.554144212086262,0.5440753228339987,0,0,0.0,0.0,3,3,0.0,0.0,27.272727272727273,27.272727272727273,0.0,0.0,,geo_time_dbscan,11,11,,1690,338,0,0,0.832211710478395,0.8322117104783948,0.5964294694493337,0.5859036003283687,,run_058,0.06226469900002485,exact_transport_copy_5x,58,1.0
0.9101052452363665,0.9101052452363665,0,0,0.0,0.0,3,3,0.0,0.0,17.647058823529413,17.647058823529413,0.0,0.0,9.91715976331361,product_cij_louvain,17,17,1676.0,338,338,0,0,0.9645635807631908,0.9645635807631908,0.9163405999627352,0.9163405999627352,0.029427773778378664,run_058,0.09233626899981573,gps_noise_100m,58,0.30057824386225174
0.9182711782427899,0.9182711782427899,0,0,0.0,0.0,3,3,0.0,0.0,17.647058823529413,17.647058823529413,0.0,0.0,9.721893491124261,additive_cij_louvain,17,17,1643.0,338,338,0,0,0.9700353503502841,0.9700353503502841,0.923937360178971,0.923937360178971,0.02884834863835092,run_058,0.08383967800000391,gps_noise_100m,58,1.4652396076435144
0.8230313241660483,0.8230313241660483,0,0,0.0,0.0,3,3,0.0,0.0,20.0,20.0,0.0,0.0,9.899408284023668,additive_cij_louvain_matched_density,15,15,1673.0,338,338,0,0,0.9374622635247876,0.9374622635247876,0.8363145460681742,0.8363145460681742,0.02937509876564887,run_058,0.09976806599979682,gps_noise_100m,58,0.7774742556737116
0.9101052452363665,0.9101052452363665,0,0,0.0,0.0,3,3,0.0,0.0,17.647058823529413,17.647058823529413,0.0,0.0,9.91715976331361,product_cij_leiden,17,17,1676.0,338,338,0,0,0.9645635807631908,0.9645635807631908,0.9163405999627352,0.9163405999627352,0.029427773778378664,run_058,0.06885555700000623,gps_noise_100m,58,0.30057824386225174
0.5440753228339987,0.5440753228339987,0,0,0.0,0.0,3,3,0.0,0.0,27.272727272727273,27.272727272727273,0.0,0.0,,geo_time_dbscan,11,11,,338,338,0,0,0.8322117104783948,0.8322117104783948,0.5859036003283687,0.5859036003283687,,run_058,0.008607571000084135,gps_noise_100m,58,1.0
0.7356463913170728,0.7356463913170728,0,0,0.0,0.0,3,3,0.0,0.0,21.428571428571427,21.428571428571427,0.0,0.0,10.112426035502958,product_cij_louvain,14,14,1709.0,338,338,0,0,0.9043544775326199,0.9043544775326199,0.7566137566137566,0.7566137566137566,0.030007198918406405,run_058,0.10141293300011966,gps_noise_300m,58,0.23069112213826454
0.7177357396476866,0.7177357396476866,0,0,0.0,0.0,3,3,0.0,0.0,21.428571428571427,21.428571428571427,0.0,0.0,9.781065088757396,additive_cij_louvain,14,14,1653.0,338,338,0,0,0.8895480555160223,0.8895480555160223,0.740105952009972,0.740105952009972,0.029023932014116904,run_058,0.09448295399988638,gps_noise_300m,58,1.2535980880932989
0.7611616693183035,0.7611616693183035,0,0,0.0,0.0,3,3,0.0,0.0,21.428571428571427,21.428571428571427,0.0,0.0,10.136094674556213,additive_cij_louvain_matched_density,14,14,1713.0,338,338,0,0,0.9158645391648073,0.9158645391648073,0.7799495586380832,0.7799495586380832,0.0300774322687128,run_058,0.0964732229999754,gps_noise_300m,58,0.7521644439040699
0.7356463913170728,0.7356463913170728,0,0,0.0,0.0,3,3,0.0,0.0,21.428571428571427,21.428571428571427,0.0,0.0,10.112426035502958,product_cij_leiden,14,14,1709.0,338,338,0,0,0.9043544775326199,0.9043544775326199,0.7566137566137566,0.7566137566137566,0.030007198918406405,run_058,0.06116379099989899,gps_noise_300m,58,0.23069112213826454
0.16779646866987785,0.16779646866987785,0,0,0.0,0.0,3,3,0.0,0.0,42.857142857142854,42.857142857142854,0.0,0.0,,geo_time_dbscan,7,7,,338,338,0,0,0.5463239883623222,0.5463239883623222,0.26165287524876923,0.26165287524876923,,run_058,0.0076989860001503985,gps_noise_300m,58,1.0
0.8230313241660483,0.8230313241660483,0,0,0.0,0.0,3,3,0.0,0.0,20.0,20.0,0.0,0.0,9.970414201183432,product_cij_louvain,15,15,1685.0,338,338,0,0,0.9374622635247876,0.9374622635247876,0.8363145460681742,0.8363145460681742,0.029585798816568046,run_058,0.04995890700001837,time_noise_15min,58,0.30590308640841624
0.862781491666128,0.862781491666128,0,0,0.0,0.0,3,3,0.0,0.0,18.75,18.75,0.0,0.0,9.763313609467456,additive_cij_louvain,16,16,1650.0,338,338,0,0,0.9570395619679383,0.9570395619679383,0.872816212438854,0.872816212438854,0.02897125700138711,run_058,0.06738631300004272,time_noise_15min,58,1.4751613781475903
0.8103808113741131,0.8103808113741131,0,0,0.0,0.0,3,3,0.0,0.0,20.0,20.0,0.0,0.0,9.994082840236686,additive_cij_louvain_matched_density,15,15,1689.0,338,338,0,0,0.9284325456795288,0.9284325456795288,0.8246205733558178,0.8246205733558178,0.02965603216687444,run_058,0.06006399199986845,time_noise_15min,58,0.7677694774961692
0.8173841037175954,0.8173841037175954,0,0,0.0,0.0,3,3,0.0,0.0,20.0,20.0,0.0,0.0,9.970414201183432,product_cij_leiden,15,15,1685.0,338,338,0,0,0.934024908928338,0.934024908928338,0.831081081081081,0.831081081081081,0.029585798816568046,run_058,0.034840938000115784,time_noise_15min,58,0.30590308640841624
0.5440753228339987,0.5440753228339987,0,0,0.0,0.0,3,3,0.0,0.0,27.272727272727273,27.272727272727273,0.0,0.0,,geo_time_dbscan,11,11,,338,338,0,0,0.8322117104783948,0.8322117104783948,0.5859036003283687,0.5859036003283687,,run_058,0.00543661599999723,time_noise_15min,58,1.0
0.7310867595598834,0.7310867595598834,0,0,0.0,0.0,3,3,0.0,0.0,21.428571428571427,21.428571428571427,0.0,0.0,10.041420118343195,product_cij_louvain,14,14,1697.0,338,338,0,0,0.8917678909955783,0.8917678909955783,0.7521773555027712,0.7521773555027712,0.029796498867487226,run_058,0.050074795999989874,time_noise_60min,58,0.27919350252574365
0.7920403130368552,0.7920403130368552,0,0,0.0,0.0,3,3,0.0,0.0,20.0,20.0,0.0,0.0,9.70414201183432,additive_cij_louvain,15,15,1640.0,338,338,0,0,0.9154875278771653,0.9154875278771653,0.8075548749361919,0.8075548749361919,0.028795673625621125,run_058,0.06322773700003381,time_noise_60min,58,1.3551768547291603
0.7310867595598834,0.7310867595598834,0,0,0.0,0.0,3,3,0.0,0.0,21.428571428571427,21.428571428571427,0.0,0.0,10.08284023668639,additive_cij_louvain_matched_density,14,14,1704.0,338,338,0,0,0.8917678909955783,0.8917678909955783,0.7521773555027712,0.7521773555027712,0.029919407230523415,run_058,0.05646945300009065,time_noise_60min,58,0.73306231942321
0.7746914221606395,0.7746914221606395,0,0,0.0,0.0,3,3,0.0,0.0,20.0,20.0,0.0,0.0,10.041420118343195,product_cij_leiden,15,15,1697.0,338,338,0,0,0.9023405453537117,0.9023405453537117,0.7914748508098892,0.7914748508098892,0.029796498867487226,run_058,0.03637950600000295,time_noise_60min,58,0.27919350252574365
0.3510246879159363,0.3510246879159363,0,0,0.0,0.0,3,3,5.0,5.0,33.333333333333336,33.333333333333336,1.4388489208633093,1.4388489208633093,,geo_time_dbscan,9,9,,338,338,7,7,0.7150462512465329,0.7150462512465329,0.41729972375690605,0.41729972375690605,,run_058,0.005201377000048524,time_noise_60min,58,1.0
0.8384930226304015,0.8384930226304015,0,0,0.0,0.0,2,2,0.0,0.0,13.333333333333334,13.333333333333334,0.0,0.0,9.961904761904762,product_cij_louvain,15,15,1569.0,315,315,0,0,0.9529183473211863,0.9529183473211863,0.8501567398119122,0.8501567398119122,0.031725811343645736,run_059,0.042440669000143316,baseline,59,0.2645507892650661
0.9211388565085833,0.9211388565085833,0,0,0.0,0.0,2,2,0.0,0.0,11.11111111111111,11.11111111111111,0.0,0.0,9.041269841269841,additive_cij_louvain,18,18,1424.0,315,315,0,0,0.9799203072455293,0.9799203072455293,0.9264267705707082,0.9264267705707082,0.028793852997674653,run_059,0.06504450100010217,baseline,59,1.5871927595610484
0.8384930226304015,0.8384930226304015,0,0,0.0,0.0,2,2,0.0,0.0,13.333333333333334,13.333333333333334,0.0,0.0,9.936507936507937,additive_cij_louvain_matched_density,15,15,1565.0,315,315,0,0,0.9529183473211864,0.9529183473211864,0.8501567398119122,0.8501567398119122,0.031644929734101705,run_059,0.046799620000001596,baseline,59,0.7792132401881791
0.8384930226304015,0.8384930226304015,0,0,0.0,0.0,2,2,0.0,0.0,13.333333333333334,13.333333333333334,0.0,0.0,9.961904761904762,product_cij_leiden,15,15,1569.0,315,315,0,0,0.9529183473211864,0.9529183473211864,0.8501567398119122,0.8501567398119122,0.031725811343645736,run_059,0.031779621000168845,baseline,59,0.2645507892650661
0.5445061772527443,0.5445061772527443,0,0,0.0,0.0,2,2,0.0,0.0,15.384615384615385,15.384615384615385,0.0,0.0,,geo_time_dbscan,13,13,,315,315,0,0,0.8795590661417213,0.8795590661417213,0.5849870578084556,0.5849870578084556,,run_059,0.005846707000046081,baseline,59,1.0
0.9465522111042097,0.9449963655624308,0,0,0.0,0.0,4,4,0.0,0.0,20.0,20.0,0.0,0.0,10.603174603174603,product_cij_louvain,20,20,3340.0,630,315,0,0,0.9722177295348702,0.9722177295348702,0.9500296033155713,0.9484737484737484,0.016857193327781562,run_059,0.14182118799999444,exact_transport_copy_2x,59,0.27391945882352037
0.9742663194746177,0.9735031162986149,0,0,0.0,0.0,4,4,0.0,0.0,17.391304347826086,17.391304347826086,0.0,0.0,10.323809523809524,additive_cij_louvain,23,23,3252.0,630,315,0,0,0.9837348089624334,0.9837348089624334,0.9759123208478863,0.9751491053677932,0.016413051707169356,run_059,0.14390817899993635,exact_transport_copy_2x,59,1.5958254469179551
0.9192576582181657,0.917073012880507,0,0,0.0,0.0,3,3,0.0,0.0,16.666666666666668,16.666666666666668,0.0,0.0,10.52063492063492,additive_cij_louvain_matched_density,18,18,3314.0,630,315,0,0,0.9770264123245324,0.9770264123245324,0.9248420352510808,0.9226557152635182,0.016725969667146137,run_059,0.12975000300002648,exact_transport_copy_2x,59,0.7835304833093224
0.9465522111042097,0.9449963655624308,0,0,0.0,0.0,3,3,0.0,0.0,15.789473684210526,15.789473684210526,0.0,0.0,10.603174603174603,product_cij_leiden,19,19,3340.0,630,315,0,0,0.9722177295348702,0.9722177295348702,0.9500296033155713,0.9484737484737484,0.016857193327781562,run_059,0.09782545100006246,exact_transport_copy_2x,59,0.27391945882352037
0.5516628605898701,0.5445061772527443,0,0,0.0,0.0,2,2,0.0,0.0,15.384615384615385,15.384615384615385,0.0,0.0,,geo_time_dbscan,13,13,,630,315,0,0,0.8795590661417213,0.8795590661417213,0.592459224740521,0.5849870578084556,,run_059,0.012206433000073957,exact_transport_copy_2x,59,1.0
0.42118986493812244,0.3774750383047637,0,0,0.0,0.0,18,18,0.0,0.0,20.930232558139537,20.930232558139537,0.0,0.0,10.252698412698413,product_cij_louvain,86,86,8074.0,1575,315,0,0,0.7933725036432684,0.7933725036432685,0.43822674418604657,0.3932496075353218,0.006513785522680059,run_059,0.5755639249998694,exact_transport_copy_5x,59,0.2806437306766134
0.42474644297125674,0.3813168822640965,0,0,0.0,0.0,18,18,0.0,0.0,20.224719101123597,20.224719101123597,0.0,0.0,10.172698412698413,additive_cij_louvain,89,89,8011.0,1575,315,0,0,0.7938666918021209,0.7938666918021208,0.44169996367598985,0.3970184386033738,0.0064629596014602365,run_059,0.4932153520001066,exact_transport_copy_5x,59,1.6037030681104287
0.41441224372438595,0.36998115930649944,0,0,0.0,0.0,20,20,0.0,0.0,22.22222222222222,22.22222222222222,0.0,0.0,10.186666666666667,additive_cij_louvain_matched_density,90,90,8022.0,1575,315,0,0,0.7903770430474966,0.7903770430474966,0.43138686131386855,0.38564668769716093,0.0064718339686573485,run_059,0.4690207859998736,exact_transport_copy_5x,59,0.7864695416844911
0.42118986493812244,0.3774750383047637,0,0,0.0,0.0,18,18,0.0,0.0,20.930232558139537,20.930232558139537,0.0,0.0,10.252698412698413,product_cij_leiden,86,86,8074.0,1575,315,0,0,0.7933725036432684,0.7933725036432683,0.43822674418604657,0.3932496075353218,0.006513785522680059,run_059,0.395080384000039,exact_transport_copy_5x,59,0.2806437306766134
0.5558369074594599,0.5445061772527443,0,0,0.0,0.0,2,2,0.0,0.0,15.384615384615385,15.384615384615385,0.0,0.0,,geo_time_dbscan,13,13,,1575,315,0,0,0.8795590661417213,0.8795590661417213,0.5968147527242247,0.5849870578084556,,run_059,0.05913098499991065,exact_transport_copy_5x,59,1.0
0.8384930226304015,0.8384930226304015,0,0,0.0,0.0,2,2,0.0,0.0,13.333333333333334,13.333333333333334,0.0,0.0,10.038095238095238,product_cij_louvain,15,15,1581.0,315,315,0,0,0.9529183473211863,0.9529183473211863,0.8501567398119122,0.8501567398119122,0.03196845617227783,run_059,0.04447745600009512,gps_noise_100m,59,0.26840650796696924
0.8674884585446189,0.8674884585446189,0,0,0.0,0.0,2,2,0.0,0.0,11.764705882352942,11.764705882352942,0.0,0.0,9.053968253968254,additive_cij_louvain,17,17,1426.0,315,315,0,0,0.9636584675678558,0.9636584675678558,0.8767895878524947,0.8767895878524947,0.02883429380244667,run_059,0.04291432900004111,gps_noise_100m,59,1.554861569639222
0.8384930226304015,0.8384930226304015,0,0,0.0,0.0,2,2,0.0,0.0,13.333333333333334,13.333333333333334,0.0,0.0,9.968253968253968,additive_cij_louvain_matched_density,15,15,1570.0,315,315,0,0,0.9529183473211863,0.9529183473211863,0.8501567398119122,0.8501567398119122,0.031746031746031744,run_059,0.04691988399986258,gps_noise_100m,59,0.7805908694595732
0.8384930226304015,0.8384930226304015,0,0,0.0,0.0,2,2,0.0,0.0,13.333333333333334,13.333333333333334,0.0,0.0,10.038095238095238,product_cij_leiden,15,15,1581.0,315,315,0,0,0.9529183473211864,0.9529183473211864,0.8501567398119122,0.8501567398119122,0.03196845617227783,run_059,0.03977254100004757,gps_noise_100m,59,0.26840650796696924
0.5445061772527443,0.5445061772527443,0,0,0.0,0.0,2,2,0.0,0.0,15.384615384615385,15.384615384615385,0.0,0.0,,geo_time_dbscan,13,13,,315,315,0,0,0.8795590661417213,0.8795590661417213,0.5849870578084556,0.5849870578084556,,run_059,0.005170335000002524,gps_noise_100m,59,1.0
0.8006133296373382,0.8006133296373382,0,0,0.0,0.0,2,2,0.0,0.0,13.333333333333334,13.333333333333334,0.0,0.0,10.13968253968254,product_cij_louvain,15,15,1597.0,315,315,0,0,0.9279444352431198,0.9279444352431198,0.8150613688371126,0.8150613688371126,0.03229198261045395,run_059,0.05368680400010817,gps_noise_300m,59,0.2077888674464594
0.7986162397547091,0.7986162397547091,0,0,0.0,0.0,2,2,0.0,0.0,11.11111111111111,11.11111111111111,0.0,0.0,9.35873015873016,additive_cij_louvain,18,18,1474.0,315,315,0,0,0.9193327568344178,0.9193327568344178,0.8129908724262365,0.8129908724262365,0.02980487311697503,run_059,0.0419137949998003,gps_noise_300m,59,1.3331946738051732
0.8006133296373382,0.8006133296373382,0,0,0.0,0.0,2,2,0.0,0.0,13.333333333333334,13.333333333333334,0.0,0.0,10.152380952380952,additive_cij_louvain_matched_density,15,15,1599.0,315,315,0,0,0.9279444352431198,0.9279444352431198,0.8150613688371126,0.8150613688371126,0.032332423415225964,run_059,0.06595432199992501,gps_noise_300m,59,0.7606741891474564
0.8006133296373382,0.8006133296373382,0,0,0.0,0.0,2,2,0.0,0.0,13.333333333333334,13.333333333333334,0.0,0.0,10.13968253968254,product_cij_leiden,15,15,1597.0,315,315,0,0,0.9279444352431198,0.9279444352431198,0.8150613688371126,0.8150613688371126,0.03229198261045395,run_059,0.0368620120000287,gps_noise_300m,59,0.2077888674464594
0.5445061772527443,0.5445061772527443,0,0,0.0,0.0,2,2,0.0,0.0,15.384615384615385,15.384615384615385,0.0,0.0,,geo_time_dbscan,13,13,,315,315,0,0,0.8795590661417213,0.8795590661417213,0.5849870578084556,0.5849870578084556,,run_059,0.008176706000085687,gps_noise_300m,59,1.0
0.8384930226304015,0.8384930226304015,0,0,0.0,0.0,2,2,0.0,0.0,13.333333333333334,13.333333333333334,0.0,0.0,9.980952380952381,product_cij_louvain,15,15,1572.0,315,315,0,0,0.9529183473211863,0.9529183473211863,0.8501567398119122,0.8501567398119122,0.03178647255080376,run_059,0.0585452880000048,time_noise_15min,59,0.26137896575213804
0.865402446451326,0.865402446451326,0,0,0.0,0.0,2,2,0.0,0.0,11.11111111111111,11.11111111111111,0.0,0.0,8.946031746031746,additive_cij_louvain,18,18,1409.0,315,315,0,0,0.9614322855952391,0.9614322855952391,0.8748370273794002,0.8748370273794002,0.028490546961884543,run_059,0.04460680500005765,time_noise_15min,59,1.5574800269134932
0.8384930226304015,0.8384930226304015,0,0,0.0,0.0,2,2,0.0,0.0,13.333333333333334,13.333333333333334,0.0,0.0,9.955555555555556,additive_cij_louvain_matched_density,15,15,1568.0,315,315,0,0,0.9529183473211863,0.9529183473211863,0.8501567398119122,0.8501567398119122,0.03170559094125973,run_059,0.04155891799996425,time_noise_15min,59,0.7690782001409818
0.8384930226304015,0.8384930226304015,0,0,0.0,0.0,2,2,0.0,0.0,13.333333333333334,13.333333333333334,0.0,0.0,9.980952380952381,product_cij_leiden,15,15,1572.0,315,315,0,0,0.9529183473211864,0.9529183473211864,0.8501567398119122,0.8501567398119122,0.03178647255080376,run_059,0.030548508000038055,time_noise_15min,59,0.26137896575213804
0.5445061772527443,0.5445061772527443,0,0,0.0,0.0,2,2,0.0,0.0,15.384615384615385,15.384615384615385,0.0,0.0,,geo_time_dbscan,13,13,,315,315,0,0,0.8795590661417213,0.8795590661417213,0.5849870578084556,0.5849870578084556,,run_059,0.00526527600004556,time_noise_15min,59,1.0
0.7547762990942679,0.7547762990942679,0,0,0.0,0.0,2,2,0.0,0.0,14.285714285714286,14.285714285714286,0.0,0.0,9.968253968253968,product_cij_louvain,14,14,1570.0,315,315,0,0,0.9244936765040863,0.9244936765040863,0.7735885167464114,0.7735885167464114,0.031746031746031744,run_059,0.05494170099996154,time_noise_60min,59,0.2215141497130929
0.7547762990942679,0.7547762990942679,0,0,0.0,0.0,2,2,0.0,0.0,14.285714285714286,14.285714285714286,0.0,0.0,8.86984126984127,additive_cij_louvain,14,14,1397.0,315,315,0,0,0.9244936765040863,0.9244936765040863,0.7735885167464114,0.7735885167464114,0.028247902133252453,run_059,0.041588868999951956,time_noise_60min,59,1.4015558982947853
0.7547762990942679,0.7547762990942679,0,0,0.0,0.0,2,2,0.0,0.0,14.285714285714286,14.285714285714286,0.0,0.0,9.993650793650794,additive_cij_louvain_matched_density,14,14,1574.0,315,315,0,0,0.9244936765040863,0.9244936765040863,0.7735885167464114,0.7735885167464114,0.031826913355575775,run_059,0.05094304399995053,time_noise_60min,59,0.7106935116406353
0.7547762990942679,0.7547762990942679,0,0,0.0,0.0,3,3,0.0,0.0,20.0,20.0,0.0,0.0,9.968253968253968,product_cij_leiden,15,15,1570.0,315,315,0,0,0.9244936765040863,0.9244936765040863,0.7735885167464114,0.7735885167464114,0.031746031746031744,run_059,0.03210589299987987,time_noise_60min,59,0.2215141497130929
0.3972350556601145,0.3972350556601145,0,0,0.0,0.0,2,2,1.6666666666666667,1.6666666666666667,18.181818181818183,18.181818181818183,0.7843137254901961,0.7843137254901961,,geo_time_dbscan,11,11,,315,315,3,3,0.8002642235956655,0.8002642235956655,0.4555353901996371,0.4555353901996371,,run_059,0.0049949970000398025,time_noise_60min,59,1.0
0.7485058779646941,0.7485058779646941,0,0,0.0,0.0,3,3,0.0,0.0,20.0,20.0,0.0,0.0,10.162162162162161,product_cij_louvain,15,15,1880.0,370,370,0,0,0.9290287628412991,0.9290287628412991,0.7680994040826676,0.7680994040826676,0.027539734856808027,run_060,0.06405064099999436,baseline,60,0.467979460080132
0.8703957608343902,0.8703957608343902,0,0,0.0,0.0,3,3,0.0,0.0,17.647058823529413,17.647058823529413,0.0,0.0,9.994594594594595,additive_cij_louvain,17,17,1849.0,370,370,0,0,0.9522113476610303,0.9522113476610303,0.8794052044609666,0.8794052044609666,0.027085622207573427,run_060,0.06064366000009613,baseline,60,1.5310783388177445
0.8217196336019621,0.8217196336019621,0,0,0.0,0.0,3,3,0.0,0.0,17.647058823529413,17.647058823529413,0.0,0.0,10.167567567567568,additive_cij_louvain_matched_density,17,17,1881.0,370,370,0,0,0.9385853092773556,0.9385853092773556,0.8343718301695406,0.8343718301695406,0.02755438365194463,run_060,0.06547165500001029,baseline,60,0.7566058487258864
0.8217196336019621,0.8217196336019621,0,0,0.0,0.0,3,3,0.0,0.0,17.647058823529413,17.647058823529413,0.0,0.0,10.162162162162161,product_cij_leiden,17,17,1880.0,370,370,0,0,0.9385853092773556,0.9385853092773556,0.8343718301695406,0.8343718301695406,0.027539734856808027,run_060,0.04317028999980721,baseline,60,0.467979460080132
0.3275119103952805,0.3275119103952805,0,0,0.0,0.0,3,3,0.0,0.0,30.0,30.0,0.0,0.0,,geo_time_dbscan,10,10,,370,370,0,0,0.7486968480682078,0.7486968480682078,0.39574078912986677,0.39574078912986677,,run_060,0.005722719000004872,baseline,60,1.0
0.820157971177835,0.8160002125663548,0,0,0.0,0.0,3,3,0.0,0.0,15.789473684210526,15.789473684210526,0.0,0.0,10.483783783783784,product_cij_louvain,19,19,3879.0,740,370,0,0,0.9253145196408843,0.9253145196408843,0.8321634690375916,0.828005115089514,0.014186446256811616,run_060,0.8533195219999925,exact_transport_copy_2x,60,0.47647243249135307
0.820157971177835,0.8160002125663548,0,0,0.0,0.0,3,3,0.0,0.0,15.789473684210526,15.789473684210526,0.0,0.0,10.543243243243243,additive_cij_louvain,19,19,3901.0,740,370,0,0,0.9253145196408843,0.9253145196408843,0.8321634690375916,0.828005115089514,0.01426690560655378,run_060,0.8416656140000214,exact_transport_copy_2x,60,1.539766705008174
0.821988618399659,0.8177416829978125,0,0,0.0,0.0,3,3,0.0,0.0,15.0,15.0,0.0,0.0,10.432432432432432,additive_cij_louvain_matched_density,20,20,3860.0,740,370,0,0,0.9186326843694602,0.9186326843694602,0.8335473515248796,0.8293004115226338,0.014116958636579746,run_060,1.2176641439998548,exact_transport_copy_2x,60,0.7609384204374928
0.8210189773465603,0.8167361120544171,0,0,0.0,0.0,3,3,0.0,0.0,15.0,15.0,0.0,0.0,10.483783783783784,product_cij_leiden,20,20,3879.0,740,370,0,0,0.9182966325435148,0.9182966325435148,0.832609045549654,0.8283261802575107,0.014186446256811616,run_060,0.2285971389999304,exact_transport_copy_2x,60,0.47647243249135307
0.3327412734017104,0.3275119103952805,0,0,0.0,0.0,3,3,0.0,0.0,30.0,30.0,0.0,0.0,,geo_time_dbscan,10,10,,740,370,0,0,0.7486968480682078,0.7486968480682078,0.40179784000517366,0.39574078912986677,,run_060,0.014157758999999714,exact_transport_copy_2x,60,1.0
0.3294158230087952,0.28642672650428075,0,0,0.0,0.0,17,17,0.0,0.0,16.831683168316832,16.831683168316832,0.0,0.0,10.264864864864865,product_cij_louvain,101,101,9495.0,1850,370,0,0,0.7555916139699047,0.7555916139699047,0.3461736004108885,0.301700493691717,0.005551576454767369,run_060,0.6522549490000529,exact_transport_copy_5x,60,0.48136864780632566
0.3310815625849202,0.28824482914626415,0,0,0.0,0.0,17,17,0.0,0.0,17.0,17.0,0.0,0.0,10.272432432432433,additive_cij_louvain,100,100,9502.0,1850,370,0,0,0.7566525737946824,0.7566525737946824,0.34787070292457667,0.3035616438356164,0.005555669244149504,run_060,0.6480884520001382,exact_transport_copy_5x,60,1.5438717733898133
0.30791202899336556,0.2631157904063668,0,0,0.0,0.0,18,18,0.0,0.0,17.307692307692307,17.307692307692307,0.0,0.0,10.198918918918919,additive_cij_louvain_matched_density,104,104,9434.0,1850,370,0,0,0.7440920525146894,0.7440920525146895,0.32452047693105235,0.27811634349030473,0.0055159107187230496,run_060,0.6376832759999616,exact_transport_copy_5x,60,0.7637787678118719
0.3294158230087952,0.28642672650428075,0,0,0.0,0.0,17,17,0.0,0.0,16.831683168316832,16.831683168316832,0.0,0.0,10.264864864864865,product_cij_leiden,101,101,9495.0,1850,370,0,0,0.7555916139699045,0.7555916139699048,0.3461736004108885,0.301700493691717,0.005551576454767369,run_060,0.5457194549999258,exact_transport_copy_5x,60,0.48136864780632566
0.3358320698974398,0.3275119103952805,0,0,0.0,0.0,3,3,0.0,0.0,30.0,30.0,0.0,0.0,,geo_time_dbscan,10,10,,1850,370,0,0,0.7486968480682078,0.7486968480682078,0.40537413216765233,0.39574078912986677,,run_060,0.07489559100008591,exact_transport_copy_5x,60,1.0
0.7812426209710608,0.7812426209710608,0,0,0.0,0.0,3,3,0.0,0.0,18.75,18.75,0.0,0.0,10.21081081081081,product_cij_louvain,16,16,1889.0,370,370,0,0,0.9192723763904594,0.9192723763904594,0.7972067039106144,0.7972067039106144,0.027671574013037426,run_060,0.08139945699986129,gps_noise_100m,60,0.4455562383162211
0.7009636645927693,0.7009636645927693,0,0,0.0,0.0,3,3,0.0,0.0,21.428571428571427,21.428571428571427,0.0,0.0,10.14054054054054,additive_cij_louvain,14,14,1876.0,370,370,0,0,0.909550998308942,0.909550998308942,0.7250748055056853,0.7250748055056853,0.027481139676261628,run_060,0.06582528500007356,gps_noise_100m,60,1.4920864203592665
0.7896795446801659,0.7896795446801659,0,0,0.0,0.0,3,3,0.0,0.0,18.75,18.75,0.0,0.0,10.162162162162161,additive_cij_louvain_matched_density,16,16,1880.0,370,370,0,0,0.9249677819253618,0.9249677819253618,0.8050279329608938,0.8050279329608938,0.027539734856808027,run_060,0.05898396600014166,gps_noise_100m,60,0.7545890974327477
0.825683878412752,0.825683878412752,0,0,0.0,0.0,3,3,0.0,0.0,18.75,18.75,0.0,0.0,10.21081081081081,product_cij_leiden,16,16,1889.0,370,370,0,0,0.9307544903955806,0.9307544903955806,0.8380952380952381,0.8380952380952381,0.027671574013037426,run_060,0.05364079599985416,gps_noise_100m,60,0.4455562383162211
0.3275119103952805,0.3275119103952805,0,0,0.0,0.0,3,3,0.0,0.0,30.0,30.0,0.0,0.0,,geo_time_dbscan,10,10,,370,370,0,0,0.7486968480682078,0.7486968480682078,0.39574078912986677,0.39574078912986677,,run_060,0.0058204429999477725,gps_noise_100m,60,1.0
0.6960226594675741,0.6960226594675741,0,0,0.0,0.0,3,3,0.0,0.0,21.428571428571427,21.428571428571427,0.0,0.0,10.291891891891892,product_cij_louvain,14,14,1904.0,370,370,0,0,0.8918182633155872,0.8918182633155872,0.7202635110406247,0.7202635110406247,0.027891305940086427,run_060,0.06788387099982174,gps_noise_300m,60,0.31231575997017413
0.6693245642944059,0.6693245642944059,0,0,0.0,0.0,3,3,0.0,0.0,20.0,20.0,0.0,0.0,9.95135135135135,additive_cij_louvain,15,15,1841.0,370,370,0,0,0.888812614719319,0.888812614719319,0.6963723317391813,0.6963723317391813,0.026968431846480626,run_060,0.1077820600000905,gps_noise_300m,60,1.2935285260689715
0.717685788471911,0.717685788471911,0,0,0.0,0.0,3,3,0.0,0.0,21.428571428571427,21.428571428571427,0.0,0.0,10.448648648648648,additive_cij_louvain_matched_density,14,14,1933.0,370,370,0,0,0.8895157810588339,0.8895157810588339,0.7394936383498264,0.7394936383498264,0.028316120999047827,run_060,0.12687458100003823,gps_noise_300m,60,0.730751983759138
0.7174637102704183,0.7174637102704183,0,0,0.0,0.0,3,3,0.0,0.0,20.0,20.0,0.0,0.0,10.291891891891892,product_cij_leiden,15,15,1904.0,370,370,0,0,0.9143914920188322,0.9143914920188322,0.7398744306290779,0.7398744306290779,0.027891305940086427,run_060,0.06790291200013598,gps_noise_300m,60,0.31231575997017413
0.23128499549159715,0.23128499549159715,0,0,0.0,0.0,3,3,0.0,0.0,37.5,37.5,0.0,0.0,,geo_time_dbscan,8,8,,370,370,0,0,0.6447303921087169,0.6447303921087169,0.31328541138749544,0.31328541138749544,,run_060,0.00809695499992813,gps_noise_300m,60,1.0
0.7485058779646941,0.7485058779646941,0,0,0.0,0.0,3,3,0.0,0.0,20.0,20.0,0.0,0.0,10.232432432432432,product_cij_louvain,15,15,1893.0,370,370,0,0,0.9290287628412991,0.9290287628412991,0.7680994040826676,0.7680994040826676,0.02773016919358383,run_060,0.10125161899986779,time_noise_15min,60,0.44933901739436066
0.818011398358792,0.818011398358792,0,0,0.0,0.0,3,3,0.0,0.0,17.647058823529413,17.647058823529413,0.0,0.0,10.027027027027026,additive_cij_louvain,17,17,1855.0,370,370,0,0,0.9288104768406699,0.9288104768406699,0.8309472161966739,0.8309472161966739,0.027173514978393026,run_060,0.11448846700000104,time_noise_15min,60,1.5129541722337605
0.8228651090100627,0.8228651090100627,0,0,0.0,0.0,3,3,0.0,0.0,18.75,18.75,0.0,0.0,10.324324324324325,additive_cij_louvain_matched_density,16,16,1910.0,370,370,0,0,0.9312695043025326,0.9312695043025326,0.8354940939210601,0.8354940939210601,0.02797919871090603,run_060,0.10836781099988002,time_noise_15min,60,0.7406275644570688
0.8134613045978367,0.8134613045978367,0,0,0.0,0.0,3,3,0.0,0.0,17.647058823529413,17.647058823529413,0.0,0.0,10.232432432432432,product_cij_leiden,17,17,1893.0,370,370,0,0,0.9300325215707257,0.9300325215707257,0.8265411210828308,0.8265411210828308,0.02773016919358383,run_060,0.06312975099990581,time_noise_15min,60,0.44933901739436066
0.3275119103952805,0.3275119103952805,0,0,0.0,0.0,3,3,0.0,0.0,30.0,30.0,0.0,0.0,,geo_time_dbscan,10,10,,370,370,0,0,0.7486968480682078,0.7486968480682078,0.39574078912986677,0.39574078912986677,,run_060,0.009011687999873175,time_noise_15min,60,1.0
0.7084057621052079,0.7084057621052079,0,0,0.0,0.0,3,3,0.0,0.0,20.0,20.0,0.0,0.0,10.05945945945946,product_cij_louvain,15,15,1861.0,370,370,0,0,0.8776029602584682,0.8776029602584682,0.7301544296938498,0.7301544296938498,0.027261407749212627,run_060,0.12466396200011332,time_noise_60min,60,0.3257185907197578
0.7227729418871288,0.7227729418871288,0,0,0.0,0.0,3,3,0.0,0.0,20.0,20.0,0.0,0.0,9.827027027027027,additive_cij_louvain,15,15,1818.0,370,370,0,0,0.8910198924524377,0.8910198924524377,0.743475321162948,0.743475321162948,0.026631509558338828,run_060,0.11402577200010455,time_noise_60min,60,1.3654953276051853
0.6797286990037631,0.6797286990037631,0,0,0.0,0.0,3,3,0.0,0.0,21.428571428571427,21.428571428571427,0.0,0.0,10.178378378378378,additive_cij_louvain_matched_density,14,14,1883.0,370,370,0,0,0.8613581144142282,0.8613581144142282,0.7042069506140581,0.7042069506140581,0.027583681242217828,run_060,0.10175858699994933,time_noise_60min,60,0.6961541507848316
0.7145522942537683,0.7145522942537683,0,0,0.0,0.0,3,3,0.0,0.0,20.0,20.0,0.0,0.0,10.05945945945946,product_cij_leiden,15,15,1861.0,370,370,0,0,0.8876691536778213,0.8876691536778213,0.735874560692079,0.735874560692079,0.027261407749212627,run_060,0.17196051199994145,time_noise_60min,60,0.3257185907197578
0.3257791353889438,0.3257791353889438,0,0,0.0,0.0,3,3,0.0,0.0,30.0,30.0,0.3225806451612903,0.3225806451612903,,geo_time_dbscan,10,10,,370,370,1,1,0.746640701389722,0.746640701389722,0.3941672660694435,0.3941672660694435,,run_060,0.02735025099991617,time_noise_60min,60,1.0
0.905920900001141,0.905920900001141,0,0,0.0,0.0,2,2,0.0,0.0,12.5,12.5,0.0,0.0,9.76,product_cij_louvain,16,16,1464.0,300,300,0,0,0.9723704652183108,0.9723704652183108,0.9123252858958069,0.9123252858958069,0.03264214046822742,run_061,0.048412276999897585,baseline,61,0.462216704800384
0.9005855335643331,0.9005855335643331,0,0,0.0,0.0,2,2,0.0,0.0,11.764705882352942,11.764705882352942,0.0,0.0,8.72,additive_cij_louvain,17,17,1308.0,300,300,0,0,0.9684249885399492,0.9684249885399492,0.9073270359969364,0.9073270359969364,0.029163879598662207,run_061,0.03958903300008387,baseline,61,1.6160033414055057
0.905920900001141,0.905920900001141,0,0,0.0,0.0,2,2,0.0,0.0,12.5,12.5,0.0,0.0,9.746666666666666,additive_cij_louvain_matched_density,16,16,1462.0,300,300,0,0,0.9723704652183108,0.9723704652183108,0.9123252858958069,0.9123252858958069,0.03259754738015608,run_061,0.05608273799998642,baseline,61,0.7662033552387886
0.905920900001141,0.905920900001141,0,0,0.0,0.0,2,2,0.0,0.0,12.5,12.5,0.0,0.0,9.76,product_cij_leiden,16,16,1464.0,300,300,0,0,0.9723704652183108,0.9723704652183108,0.9123252858958069,0.9123252858958069,0.03264214046822742,run_061,0.030808425999794053,baseline,61,0.462216704800384
0.5147114666797676,0.5147114666797676,0,0,0.0,0.0,2,2,0.0,0.0,15.384615384615385,15.384615384615385,0.0,0.0,,geo_time_dbscan,13,13,,300,300,0,0,0.8750016989724971,0.8750016989724971,0.5584940883634101,0.5584940883634101,,run_061,0.004779244000019389,baseline,61,1.0
0.8940297142089031,0.8909859341966364,0,0,0.0,0.0,4,4,0.0,0.0,21.05263157894737,21.05263157894737,0.0,0.0,10.236666666666666,product_cij_louvain,19,19,3071.0,600,300,0,0,0.9651720167783359,0.9651720167783359,0.9013732833957553,0.8983268983268984,0.017089593767390096,run_061,0.11769522400004462,exact_transport_copy_2x,61,0.4809309047036161
0.9373240001756112,0.9354706983598763,0,0,0.0,0.0,3,3,0.0,0.0,15.789473684210526,15.789473684210526,0.0,0.0,9.923333333333334,additive_cij_louvain,19,19,2977.0,600,300,0,0,0.9810119461258232,0.981011946125823,0.9415684264479753,0.9397144368059227,0.016566499721758485,run_061,0.10940738999988753,exact_transport_copy_2x,61,1.6276114155529828
0.8940297142089031,0.8909859341966364,0,0,0.0,0.0,3,3,0.0,0.0,16.666666666666668,16.666666666666668,0.0,0.0,10.206666666666667,additive_cij_louvain_matched_density,18,18,3062.0,600,300,0,0,0.9651720167783359,0.9651720167783359,0.9013732833957553,0.8983268983268984,0.017039510294936003,run_061,0.14053162100003647,exact_transport_copy_2x,61,0.7717172002097015
0.8900879518968712,0.8864906346006021,0,0,0.0,0.0,4,4,0.0,0.0,18.181818181818183,18.181818181818183,0.0,0.0,10.236666666666666,product_cij_leiden,22,22,3071.0,600,300,0,0,0.9535901850833401,0.9535901850833399,0.8968811463894352,0.8932829310846175,0.017089593767390096,run_061,0.07702501199992184,exact_transport_copy_2x,61,0.4809309047036161
0.5223981661859172,0.5147114666797676,0,0,0.0,0.0,2,2,0.0,0.0,15.384615384615385,15.384615384615385,0.0,0.0,,geo_time_dbscan,13,13,,600,300,0,0,0.8750016989724971,0.8750016989724971,0.56658521686011,0.5584940883634101,,run_061,0.010285158999977284,exact_transport_copy_2x,61,1.0
0.36543928838584266,0.312500965262701,0,0,0.0,0.0,16,16,0.0,0.0,19.047619047619047,19.047619047619047,0.0,0.0,10.210666666666667,product_cij_louvain,84,84,7658.0,1500,300,0,0,0.7798161957745815,0.7798161957745816,0.3820415078356628,0.3273397879207008,0.006811652212586169,run_061,0.4536605549999422,exact_transport_copy_5x,61,0.4883971718782209
0.38479195684952544,0.3341264033710943,0,0,0.0,0.0,16,16,0.0,0.0,19.047619047619047,19.047619047619047,0.0,0.0,10.194666666666667,additive_cij_louvain,84,84,7646.0,1500,300,0,0,0.7823685551791779,0.7823685551791778,0.40167364016736407,0.34940855323020925,0.0068009784300644876,run_061,0.47791574100006073,exact_transport_copy_5x,61,1.6331941144096185
0.36147743558989537,0.3081608732714529,0,0,0.0,0.0,16,16,0.0,0.0,19.047619047619047,19.047619047619047,0.0,0.0,10.217333333333332,additive_cij_louvain_matched_density,84,84,7663.0,1500,300,0,0,0.7767467810627084,0.7767467810627086,0.37812632471386187,0.32302722658052613,0.006816099621970203,run_061,0.43677058899993426,exact_transport_copy_5x,61,0.7752137660347596
0.36543928838584266,0.312500965262701,0,0,0.0,0.0,16,16,0.0,0.0,19.047619047619047,19.047619047619047,0.0,0.0,10.210666666666667,product_cij_leiden,84,84,7658.0,1500,300,0,0,0.7798161957745816,0.7798161957745815,0.3820415078356628,0.3273397879207008,0.006811652212586169,run_061,0.37974535100011053,exact_transport_copy_5x,61,0.4883971718782209
0.5268795441282133,0.5147114666797676,0,0,0.0,0.0,2,2,0.0,0.0,15.384615384615385,15.384615384615385,0.0,0.0,,geo_time_dbscan,13,13,,1500,300,0,0,0.8750016989724971,0.8750016989724971,0.5712990936555892,0.5584940883634101,,run_061,0.04980011499992543,exact_transport_copy_5x,61,1.0
0.905920900001141,0.905920900001141,0,0,0.0,0.0,2,2,0.0,0.0,12.5,12.5,0.0,0.0,9.893333333333333,product_cij_louvain,16,16,1484.0,300,300,0,0,0.9723704652183108,0.9723704652183108,0.9123252858958069,0.9123252858958069,0.033088071348940915,run_061,0.045694339999954536,gps_noise_100m,61,0.446108005863716
0.905920900001141,0.905920900001141,0,0,0.0,0.0,2,2,0.0,0.0,12.5,12.5,0.0,0.0,8.82,additive_cij_louvain,16,16,1323.0,300,300,0,0,0.9723704652183108,0.9723704652183108,0.9123252858958069,0.9123252858958069,0.029498327759197324,run_061,0.036591388000033476,gps_noise_100m,61,1.5809291238447167
0.905920900001141,0.905920900001141,0,0,0.0,0.0,2,2,0.0,0.0,12.5,12.5,0.0,0.0,9.8,additive_cij_louvain_matched_density,16,16,1470.0,300,300,0,0,0.9723704652183108,0.9723704652183108,0.9123252858958069,0.9123252858958069,0.03277591973244147,run_061,0.04847915799996372,gps_noise_100m,61,0.764462463584184
0.905920900001141,0.905920900001141,0,0,0.0,0.0,2,2,0.0,0.0,12.5,12.5,0.0,0.0,9.893333333333333,product_cij_leiden,16,16,1484.0,300,300,0,0,0.9723704652183108,0.9723704652183108,0.9123252858958069,0.9123252858958069,0.033088071348940915,run_061,0.03090246599981583,gps_noise_100m,61,0.446108005863716
0.5147114666797676,0.5147114666797676,0,0,0.0,0.0,2,2,0.0,0.0,15.384615384615385,15.384615384615385,0.0,0.0,,geo_time_dbscan,13,13,,300,300,0,0,0.8750016989724971,0.8750016989724971,0.5584940883634101,0.5584940883634101,,run_061,0.004732804000013857,gps_noise_100m,61,1.0
0.8711470626013594,0.8711470626013594,0,0,0.0,0.0,2,2,0.0,0.0,12.5,12.5,0.0,0.0,10.013333333333334,product_cij_louvain,16,16,1502.0,300,300,0,0,0.9534169211415389,0.9534169211415389,0.8799595653272682,0.8799595653272682,0.033489409141583056,run_061,0.06586116600010428,gps_noise_300m,61,0.3220696830852624
0.8408196154644731,0.8408196154644731,0,0,0.0,0.0,2,2,0.0,0.0,10.526315789473685,10.526315789473685,0.0,0.0,8.993333333333334,additive_cij_louvain,19,19,1349.0,300,300,0,0,0.9375545868649122,0.9375545868649122,0.8515765188413228,0.8515765188413228,0.03007803790412486,run_061,0.04328190799992626,gps_noise_300m,61,1.3581685854556582
0.8711470626013594,0.8711470626013594,0,0,0.0,0.0,2,2,0.0,0.0,12.5,12.5,0.0,0.0,10.146666666666667,additive_cij_louvain_matched_density,16,16,1522.0,300,300,0,0,0.9534169211415389,0.9534169211415389,0.8799595653272682,0.8799595653272682,0.03393534002229654,run_061,0.05395322300000771,gps_noise_300m,61,0.7428838754111782
0.8711470626013594,0.8711470626013594,0,0,0.0,0.0,3,3,0.0,0.0,17.647058823529413,17.647058823529413,0.0,0.0,10.013333333333334,product_cij_leiden,17,17,1502.0,300,300,0,0,0.9534169211415388,0.9534169211415388,0.8799595653272682,0.8799595653272682,0.033489409141583056,run_061,0.030194120000032854,gps_noise_300m,61,0.3220696830852624
0.26859089641625694,0.26859089641625694,0,0,0.0,0.0,1,1,0.0,0.0,11.11111111111111,11.11111111111111,0.4166666666666667,0.4166666666666667,,geo_time_dbscan,9,9,,300,300,1,1,0.7406105100569645,0.7406105100569645,0.3442954961905681,0.3442954961905681,,run_061,0.004433411999798409,gps_noise_300m,61,1.0
0.905920900001141,0.905920900001141,0,0,0.0,0.0,2,2,0.0,0.0,12.5,12.5,0.0,0.0,9.713333333333333,product_cij_louvain,16,16,1457.0,300,300,0,0,0.9723704652183108,0.9723704652183108,0.9123252858958069,0.9123252858958069,0.032486064659977706,run_061,0.04670144499982598,time_noise_15min,61,0.429613992861318
0.905920900001141,0.905920900001141,0,0,0.0,0.0,2,2,0.0,0.0,12.5,12.5,0.0,0.0,8.7,additive_cij_louvain,16,16,1305.0,300,300,0,0,0.9723704652183108,0.9723704652183108,0.9123252858958069,0.9123252858958069,0.029096989966555183,run_061,0.037869217999968896,time_noise_15min,61,1.581843158911032
0.905920900001141,0.905920900001141,0,0,0.0,0.0,3,3,0.0,0.0,17.647058823529413,17.647058823529413,0.0,0.0,9.753333333333334,additive_cij_louvain_matched_density,17,17,1463.0,300,300,0,0,0.9723704652183108,0.9723704652183108,0.9123252858958069,0.9123252858958069,0.03261984392419175,run_061,0.041623135000008915,time_noise_15min,61,0.751098929815406
0.905920900001141,0.905920900001141,0,0,0.0,0.0,3,3,0.0,0.0,17.647058823529413,17.647058823529413,0.0,0.0,9.713333333333333,product_cij_leiden,17,17,1457.0,300,300,0,0,0.9723704652183108,0.9723704652183108,0.9123252858958069,0.9123252858958069,0.032486064659977706,run_061,0.028988480999942112,time_noise_15min,61,0.429613992861318
0.5147114666797676,0.5147114666797676,0,0,0.0,0.0,2,2,0.0,0.0,15.384615384615385,15.384615384615385,0.0,0.0,,geo_time_dbscan,13,13,,300,300,0,0,0.8750016989724971,0.8750016989724971,0.5584940883634101,0.5584940883634101,,run_061,0.004819808000092962,time_noise_15min,61,1.0
0.7367101192861872,0.7367101192861872,0,0,0.0,0.0,3,3,0.0,0.0,18.75,18.75,0.0,0.0,9.466666666666667,product_cij_louvain,16,16,1420.0,300,300,0,0,0.8917252386067046,0.8917252386067046,0.7551070637460005,0.7551070637460005,0.03166109253065775,run_061,0.042769979000013336,time_noise_60min,61,0.3525204754205619
0.7851114679700311,0.7851114679700311,0,0,0.0,0.0,3,3,0.0,0.0,16.666666666666668,16.666666666666668,0.0,0.0,8.653333333333334,additive_cij_louvain,18,18,1298.0,300,300,0,0,0.9092861011085712,0.9092861011085712,0.7995883714947261,0.7995883714947261,0.028940914158305464,run_061,0.04312214199990194,time_noise_60min,61,1.431968032115405
0.7501057175822416,0.7501057175822416,0,0,0.0,0.0,3,3,0.0,0.0,18.75,18.75,0.0,0.0,9.773333333333333,additive_cij_louvain_matched_density,16,16,1466.0,300,300,0,0,0.894586386051931,0.894586386051931,0.7676073619631902,0.7676073619631902,0.032686733556298773,run_061,0.03932435499996245,time_noise_60min,61,0.7247480489243153
0.7367101192861872,0.7367101192861872,0,0,0.0,0.0,3,3,0.0,0.0,18.75,18.75,0.0,0.0,9.466666666666667,product_cij_leiden,16,16,1420.0,300,300,0,0,0.8917252386067046,0.8917252386067046,0.7551070637460005,0.7551070637460005,0.03166109253065775,run_061,0.0322151230000145,time_noise_60min,61,0.3525204754205619
0.4599997020848643,0.4599997020848643,0,0,0.0,0.0,2,2,1.6666666666666667,1.6666666666666667,16.666666666666668,16.666666666666668,2.0833333333333335,2.0833333333333335,,geo_time_dbscan,12,12,,300,300,6,6,0.8169489494998333,0.8169489494998333,0.5096366043842873,0.5096366043842873,,run_061,0.005678934000115987,time_noise_60min,61,1.0
0.8648817294738383,0.8648817294738383,0,0,0.0,0.0,3,3,0.0,0.0,17.647058823529413,17.647058823529413,0.0,0.0,9.929618768328446,product_cij_louvain,17,17,1693.0,341,341,0,0,0.9547251848673655,0.9547251848673655,0.8742275536168665,0.8742275536168665,0.02920476108331896,run_062,0.05084985399980724,baseline,62,0.5195447991999042
0.8648817294738383,0.8648817294738383,0,0,0.0,0.0,3,3,0.0,0.0,17.647058823529413,17.647058823529413,0.0,0.0,9.718475073313783,additive_cij_louvain,17,17,1657.0,341,341,0,0,0.9547251848673655,0.9547251848673655,0.8742275536168665,0.8742275536168665,0.028583750215628773,run_062,0.05005447300004562,baseline,62,1.5458993342147904
0.8582913777007202,0.8582913777007202,0,0,0.0,0.0,3,3,0.0,0.0,17.647058823529413,17.647058823529413,0.0,0.0,10.017595307917889,additive_cij_louvain_matched_density,17,17,1708.0,341,341,0,0,0.9519670096931999,0.9519670096931999,0.8680959302325583,0.8680959302325583,0.029463515611523203,run_062,0.057892681000112134,baseline,62,0.8060791073541421
0.8648817294738383,0.8648817294738383,0,0,0.0,0.0,3,3,0.0,0.0,17.647058823529413,17.647058823529413,0.0,0.0,9.929618768328446,product_cij_leiden,17,17,1693.0,341,341,0,0,0.9547251848673655,0.9547251848673655,0.8742275536168665,0.8742275536168665,0.02920476108331896,run_062,0.03669012299997121,baseline,62,0.5195447991999042
0.5090414437194622,0.5090414437194622,0,0,0.0,0.0,3,3,0.0,0.0,25.0,25.0,0.0,0.0,,geo_time_dbscan,12,12,,341,341,0,0,0.8365085385848529,0.8365085385848529,0.5535212849601258,0.5535212849601258,,run_062,0.00760033000005933,baseline,62,1.0
0.9035221834939582,0.9009710934758695,0,0,0.0,0.0,3,3,0.0,0.0,15.789473684210526,15.789473684210526,0.0,0.0,10.392961876832844,product_cij_louvain,19,19,3544.0,682,341,0,0,0.9513749046912542,0.9513749046912539,0.909775907623055,0.9072247937210707,0.01526132434189845,run_062,0.16394453600014458,exact_transport_copy_2x,62,0.5309568766253601
0.9331403182611889,0.9313758141871956,0,0,0.0,0.0,3,3,0.0,0.0,15.789473684210526,15.789473684210526,0.0,0.0,10.366568914956012,additive_cij_louvain,19,19,3535.0,682,341,0,0,0.9655478249305058,0.9655478249305058,0.9374816840871348,0.9357171554841301,0.015222568157057286,run_062,0.1416748890001145,exact_transport_copy_2x,62,1.5575931315431024
0.9110810547837002,0.9086976016913146,0,0,0.0,0.0,3,3,0.0,0.0,15.0,15.0,0.0,0.0,10.416422287390029,additive_cij_louvain_matched_density,20,20,3552.0,682,341,0,0,0.9539931978299716,0.9539931978299713,0.9167740017834142,0.9143905421932329,0.015295774283979486,run_062,0.125816069999928,exact_transport_copy_2x,62,0.809892651978121
0.9237798067099814,0.9217695631009534,0,0,0.0,0.0,3,3,0.0,0.0,15.789473684210526,15.789473684210526,0.0,0.0,10.392961876832844,product_cij_leiden,19,19,3544.0,682,341,0,0,0.9601719066924839,0.9601719066924839,0.9287318168505321,0.9267215418590644,0.01526132434189845,run_062,0.10221159899992927,exact_transport_copy_2x,62,0.5309568766253601
0.5156192377417408,0.5090414437194622,0,0,0.0,0.0,3,3,0.0,0.0,25.0,25.0,0.0,0.0,,geo_time_dbscan,12,12,,682,341,0,0,0.8365085385848529,0.8365085385848529,0.5604577873610881,0.5535212849601258,,run_062,0.012501136000082624,exact_transport_copy_2x,62,1.0
0.33046442679888777,0.28211805770444726,0,0,0.0,0.0,17,17,0.0,0.0,17.346938775510203,17.346938775510203,0.0,0.0,10.146627565982405,product_cij_louvain,98,98,8650.0,1705,341,0,0,0.7631695502269606,0.7631695502269608,0.34658731163733064,0.29652351738241306,0.0059545936420084536,run_062,0.8426265099999455,exact_transport_copy_5x,62,0.5356870053531784
0.341354961610876,0.29381067363496,0,0,0.0,0.0,17,17,0.0,0.0,17.346938775510203,17.346938775510203,0.0,0.0,10.1524926686217,additive_cij_louvain,98,98,8655.0,1705,341,0,0,0.7683410536604485,0.7683410536604485,0.35723779986075066,0.30800681431005106,0.005958035603651233,run_062,0.8606190980001429,exact_transport_copy_5x,62,1.5633947180545285
0.33203399186738597,0.283769109051763,0,0,0.0,0.0,17,17,0.0,0.0,17.346938775510203,17.346938775510203,0.0,0.0,10.145454545454545,additive_cij_louvain_matched_density,98,98,8649.0,1705,341,0,0,0.7640004874791138,0.7640004874791141,0.34807399898631525,0.2980900409276944,0.005953905249679897,run_062,0.9304270469999665,exact_transport_copy_5x,62,0.811801422482946
0.33046442679888777,0.28211805770444726,0,0,0.0,0.0,17,17,0.0,0.0,17.346938775510203,17.346938775510203,0.0,0.0,10.146627565982405,product_cij_leiden,98,98,8650.0,1705,341,0,0,0.7631695502269608,0.7631695502269608,0.34658731163733064,0.29652351738241306,0.0059545936420084536,run_062,0.6929408559999501,exact_transport_copy_5x,62,0.5356870053531784
0.5194710681364859,0.5090414437194622,0,0,0.0,0.0,3,3,0.0,0.0,25.0,25.0,0.0,0.0,,geo_time_dbscan,12,12,,1705,341,0,0,0.8365085385848529,0.8365085385848529,0.5645171892460396,0.5535212849601258,,run_062,0.09476663999998891,exact_transport_copy_5x,62,1.0
0.8438919421883967,0.8438919421883967,0,0,0.0,0.0,3,3,0.0,0.0,17.647058823529413,17.647058823529413,0.0,0.0,9.917888563049853,product_cij_louvain,17,17,1691.0,341,341,0,0,0.9459867652921246,0.9459867652921246,0.8547070560493379,0.8547070560493379,0.029170260479558393,run_062,0.05178109199982828,gps_noise_100m,62,0.5015490210319625
0.8566081074269689,0.8566081074269689,0,0,0.0,0.0,3,3,0.0,0.0,17.647058823529413,17.647058823529413,0.0,0.0,9.771260997067449,additive_cij_louvain,17,17,1666.0,341,341,0,0,0.951048548869583,0.951048548869583,0.8665335028145996,0.8665335028145996,0.02873900293255132,run_062,0.05628748000003725,gps_noise_100m,62,1.5131744725330942
0.8648817294738383,0.8648817294738383,0,0,0.0,0.0,3,3,0.0,0.0,17.647058823529413,17.647058823529413,0.0,0.0,10.035190615835777,additive_cij_louvain_matched_density,17,17,1711.0,341,341,0,0,0.9547251848673655,0.9547251848673655,0.8742275536168665,0.8742275536168665,0.02951526651716405,run_062,0.06094553699995231,gps_noise_100m,62,0.8038688994866506
0.8438919421883967,0.8438919421883967,0,0,0.0,0.0,3,3,0.0,0.0,17.647058823529413,17.647058823529413,0.0,0.0,9.917888563049853,product_cij_leiden,17,17,1691.0,341,341,0,0,0.9459867652921248,0.9459867652921248,0.8547070560493379,0.8547070560493379,0.029170260479558393,run_062,0.039947595000057845,gps_noise_100m,62,0.5015490210319625
0.5090414437194622,0.5090414437194622,0,0,0.0,0.0,3,3,0.0,0.0,25.0,25.0,0.0,0.0,,geo_time_dbscan,12,12,,341,341,0,0,0.8365085385848529,0.8365085385848529,0.5535212849601258,0.5535212849601258,,run_062,0.0070305950000602024,gps_noise_100m,62,1.0
0.7223512642049147,0.7223512642049147,0,0,0.0,0.0,3,3,0.0,0.0,18.75,18.75,0.0,0.0,10.052785923753666,product_cij_louvain,16,16,1714.0,341,341,0,0,0.9045264002947716,0.9045264002947716,0.7437578027465667,0.7437578027465667,0.0295670174228049,run_062,0.05098674900000333,gps_noise_300m,62,0.3637925889353948
0.7239489831623273,0.7239489831623273,0,0,0.0,0.0,3,3,0.0,0.0,18.75,18.75,0.0,0.0,9.8475073313783,additive_cij_louvain,16,16,1679.0,341,341,0,0,0.9074500518422898,0.9074500518422898,0.7452447770502028,0.7452447770502028,0.028963256856995,run_062,0.0550847839999733,gps_noise_300m,62,1.3050996692776853
0.8530128284220434,0.8530128284220434,0,0,0.0,0.0,3,3,0.0,0.0,17.647058823529413,17.647058823529413,0.0,0.0,10.340175953079179,additive_cij_louvain_matched_density,17,17,1763.0,341,341,0,0,0.9422348528805694,0.9422348528805694,0.863111599780099,0.863111599780099,0.03041228221493876,run_062,0.06096035500013386,gps_noise_300m,62,0.7757228125985822
0.7177002038367314,0.7177002038367314,0,0,0.0,0.0,3,3,0.0,0.0,18.75,18.75,0.0,0.0,10.052785923753666,product_cij_leiden,16,16,1714.0,341,341,0,0,0.9019422923989907,0.9019422923989907,0.7394695787831513,0.7394695787831513,0.0295670174228049,run_062,0.03711346299996876,gps_noise_300m,62,0.3637925889353948
0.24554418449377688,0.24554418449377688,0,0,0.0,0.0,3,3,0.0,0.0,30.0,30.0,0.7117437722419929,0.7117437722419929,,geo_time_dbscan,10,10,,341,341,2,2,0.6937732226587182,0.6937732226587182,0.32456198787555796,0.32456198787555796,,run_062,0.005469346000154474,gps_noise_300m,62,1.0
0.817376304413021,0.817376304413021,0,0,0.0,0.0,3,3,0.0,0.0,18.75,18.75,0.0,0.0,9.653958944281525,product_cij_louvain,16,16,1646.0,341,341,0,0,0.9444843993095465,0.9444843993095465,0.8306698401904115,0.8306698401904115,0.02839399689494566,run_062,0.058697359000007054,time_noise_15min,62,0.495511753541169
0.817376304413021,0.817376304413021,0,0,0.0,0.0,3,3,0.0,0.0,18.75,18.75,0.0,0.0,9.489736070381232,additive_cij_louvain,16,16,1618.0,341,341,0,0,0.9444843993095468,0.9444843993095468,0.8306698401904115,0.8306698401904115,0.02791098844229774,run_062,0.060011930999962715,time_noise_15min,62,1.5188226074778184
0.817376304413021,0.817376304413021,0,0,0.0,0.0,3,3,0.0,0.0,18.75,18.75,0.0,0.0,9.894428152492669,additive_cij_louvain_matched_density,16,16,1687.0,341,341,0,0,0.9444843993095468,0.9444843993095468,0.8306698401904115,0.8306698401904115,0.02910125927203726,run_062,0.04743986799985578,time_noise_15min,62,0.7879130426009986
0.817376304413021,0.817376304413021,0,0,0.0,0.0,3,3,0.0,0.0,18.75,18.75,0.0,0.0,9.653958944281525,product_cij_leiden,16,16,1646.0,341,341,0,0,0.9444843993095468,0.9444843993095468,0.8306698401904115,0.8306698401904115,0.02839399689494566,run_062,0.036278175999996165,time_noise_15min,62,0.495511753541169
0.4745997269687663,0.4745997269687663,0,0,0.0,0.0,3,3,0.0,0.0,30.0,30.0,0.0,0.0,,geo_time_dbscan,10,10,,341,341,0,0,0.7966130956666475,0.7966130956666475,0.5231977916976325,0.5231977916976325,,run_062,0.004949694000060845,time_noise_15min,62,1.0
0.6995868048499627,0.6995868048499627,0,0,0.0,0.0,3,3,0.0,0.0,21.428571428571427,21.428571428571427,0.0,0.0,9.70674486803519,product_cij_louvain,14,14,1655.0,341,341,0,0,0.8778972784846455,0.8778972784846455,0.7227258518286964,0.7227258518286964,0.028549249611868208,run_062,0.055792986000142264,time_noise_60min,62,0.3991229552869306
0.7588157757184414,0.7588157757184414,0,0,0.0,0.0,3,3,0.0,0.0,18.75,18.75,0.0,0.0,9.436950146627566,additive_cij_louvain,16,16,1609.0,341,341,0,0,0.9121098164391704,0.9121098164391704,0.7765690376569038,0.7765690376569038,0.027755735725375194,run_062,0.052848583000013605,time_noise_60min,62,1.4065080256611484
0.6929698777962563,0.6929698777962563,0,0,0.0,0.0,3,3,0.0,0.0,21.428571428571427,21.428571428571427,0.0,0.0,10.117302052785924,additive_cij_louvain_matched_density,14,14,1725.0,341,341,0,0,0.8723039123562387,0.8723039123562387,0.7166093212386613,0.7166093212386613,0.029756770743488013,run_062,0.05703322299996216,time_noise_60min,62,0.7263584689275486
0.7221472131310653,0.7221472131310653,0,0,0.0,0.0,3,3,0.0,0.0,20.0,20.0,0.0,0.0,9.70674486803519,product_cij_leiden,15,15,1655.0,341,341,0,0,0.8914297558842998,0.8914297558842998,0.7431693989071038,0.7431693989071038,0.028549249611868208,run_062,0.03818100700004834,time_noise_60min,62,0.3991229552869306
0.47279434652135854,0.47279434652135854,0,0,0.0,0.0,3,3,0.0,0.0,30.0,30.0,0.7117437722419929,0.7117437722419929,,geo_time_dbscan,10,10,,341,341,2,2,0.7926897106320175,0.7926897106320175,0.5214691080415462,0.5214691080415462,,run_062,0.005419848000201455,time_noise_60min,62,1.0
0.9051341393800368,0.9051341393800368,0,0,0.0,0.0,3,3,0.0,0.0,17.647058823529413,17.647058823529413,0.0,0.0,10.102981029810298,product_cij_louvain,17,17,1864.0,369,369,0,0,0.9719025994151366,0.9719025994151366,0.9117338528398022,0.9117338528398022,0.02745375279839755,run_063,0.11683214399999997,baseline,63,0.3576200185743219
0.9554454358396606,0.9554454358396606,0,0,0.0,0.0,3,3,0.0,0.0,16.666666666666668,16.666666666666668,0.0,0.0,9.989159891598916,additive_cij_louvain,18,18,1843.0,369,369,0,0,0.9869433862890677,0.9869433862890677,0.9584120982986768,0.9584120982986768,0.027144456227170967,run_063,0.11448181800005841,baseline,63,1.5293522431459148
0.9051341393800368,0.9051341393800368,0,0,0.0,0.0,3,3,0.0,0.0,17.647058823529413,17.647058823529413,0.0,0.0,10.102981029810298,additive_cij_louvain_matched_density,17,17,1864.0,369,369,0,0,0.9719025994151368,0.9719025994151368,0.9117338528398022,0.9117338528398022,0.02745375279839755,run_063,0.1049475119998533,baseline,63,0.7796190301904988
0.9940189348862535,0.9940189348862535,0,0,0.0,0.0,3,3,0.0,0.0,15.789473684210526,15.789473684210526,0.0,0.0,10.102981029810298,product_cij_leiden,19,19,1864.0,369,369,0,0,0.9955066638244969,0.9955066638244969,0.9944005270092227,0.9944005270092227,0.02745375279839755,run_063,0.05723434299989094,baseline,63,0.3576200185743219
0.44285795909689285,0.44285795909689285,0,0,0.0,0.0,3,3,0.0,0.0,30.0,30.0,0.0,0.0,,geo_time_dbscan,10,10,,369,369,0,0,0.7815478826710937,0.7815478826710937,0.4964099216710183,0.4964099216710183,,run_063,0.00605632500014508,baseline,63,1.0
0.9878239093607191,0.9875349901237496,0,0,0.0,0.0,3,3,0.0,0.0,15.789473684210526,15.789473684210526,0.0,0.0,10.371273712737127,product_cij_louvain,19,19,3827.0,738,369,0,0,0.9909118585122595,0.9909118585122595,0.9886208830835803,0.9883319638455218,0.014072284549168422,run_063,0.15157741100006206,exact_transport_copy_2x,63,0.36724424619980234
0.9878239093607191,0.9875349901237496,0,0,0.0,0.0,3,3,0.0,0.0,15.789473684210526,15.789473684210526,0.0,0.0,10.422764227642276,additive_cij_louvain,19,19,3846.0,738,369,0,0,0.9909118585122595,0.9909118585122595,0.9886208830835803,0.9883319638455218,0.014142149562608244,run_063,0.15485487299997658,exact_transport_copy_2x,63,1.5395296901691033
0.9878239093607191,0.9875349901237496,0,0,0.0,0.0,3,3,0.0,0.0,15.789473684210526,15.789473684210526,0.0,0.0,10.398373983739837,additive_cij_louvain_matched_density,19,19,3837.0,738,369,0,0,0.9909118585122595,0.9909118585122595,0.9886208830835803,0.9883319638455218,0.014109055608873593,run_063,0.15936259000000064,exact_transport_copy_2x,63,0.7837139837220474
0.9878239093607191,0.9875349901237496,0,0,0.0,0.0,3,3,0.0,0.0,15.789473684210526,15.789473684210526,0.0,0.0,10.371273712737127,product_cij_leiden,19,19,3827.0,738,369,0,0,0.9909118585122595,0.9909118585122595,0.9886208830835803,0.9883319638455218,0.014072284549168422,run_063,0.11072916900002383,exact_transport_copy_2x,63,0.36724424619980234
0.4486527069173632,0.44285795909689285,0,0,0.0,0.0,3,3,0.0,0.0,30.0,30.0,0.0,0.0,,geo_time_dbscan,10,10,,738,369,0,0,0.7815478826710933,0.7815478826710937,0.5026791829499215,0.4964099216710183,,run_063,0.01351366400012921,exact_transport_copy_2x,63,1.0
0.2904250908834009,0.24316620531235392,0,0,0.0,0.0,15,15,0.0,0.0,13.636363636363637,13.636363636363637,0.0,0.0,10.09430894308943,product_cij_louvain,110,110,9312.0,1845,369,0,0,0.7583242833998894,0.7583242833998897,0.3048271433158514,0.25558739255014334,0.005474137170872793,run_063,0.5990383519999796,exact_transport_copy_5x,63,0.3723962215597445
0.2913070872197137,0.24413291769020842,0,0,0.0,0.0,15,15,0.0,0.0,13.636363636363637,13.636363636363637,0.0,0.0,10.089972899728997,additive_cij_louvain,110,110,9308.0,1845,369,0,0,0.7585263397714379,0.758526339771438,0.30573384681215227,0.2565864833906071,0.005471785737380151,run_063,0.6317727859998286,exact_transport_copy_5x,63,1.543890454811258
0.2952657557423291,0.24847099951082388,0,0,0.0,0.0,15,15,0.0,0.0,13.636363636363637,13.636363636363637,0.0,0.0,10.09430894308943,additive_cij_louvain_matched_density,110,110,9312.0,1845,369,0,0,0.7590607021820842,0.7590607021820843,0.309802038311723,0.2610682662096544,0.005474137170872793,run_063,0.6390449470000021,exact_transport_copy_5x,63,0.7859018585143347
0.2904250908834009,0.24316620531235392,0,0,0.0,0.0,15,15,0.0,0.0,13.636363636363637,13.636363636363637,0.0,0.0,10.09430894308943,product_cij_leiden,110,110,9312.0,1845,369,0,0,0.7583242833998894,0.7583242833998897,0.3048271433158514,0.25558739255014334,0.005474137170872793,run_063,0.47417176800013294,exact_transport_copy_5x,63,0.3723962215597445
0.4520632513636969,0.44285795909689285,0,0,0.0,0.0,3,3,0.0,0.0,30.0,30.0,0.0,0.0,,geo_time_dbscan,10,10,,1845,369,0,0,0.7815478826710935,0.7815478826710937,0.5063663702092264,0.4964099216710183,,run_063,0.0717437890000383,exact_transport_copy_5x,63,1.0
0.9051341393800368,0.9051341393800368,0,0,0.0,0.0,3,3,0.0,0.0,17.647058823529413,17.647058823529413,0.0,0.0,10.130081300813009,product_cij_louvain,17,17,1869.0,369,369,0,0,0.9719025994151368,0.9719025994151368,0.9117338528398022,0.9117338528398022,0.027527394839165782,run_063,0.08731171299996277,gps_noise_100m,63,0.3496057904061451
0.9012857012046657,0.9012857012046657,0,0,0.0,0.0,3,3,0.0,0.0,16.666666666666668,16.666666666666668,0.0,0.0,9.97289972899729,additive_cij_louvain,18,18,1840.0,369,369,0,0,0.9694772468847337,0.9694772468847337,0.9081341151706511,0.9081341151706511,0.02710027100271003,run_063,0.06344364400001723,gps_noise_100m,63,1.491463586944056
0.8660175805116481,0.8660175805116481,0,0,0.0,0.0,3,3,0.0,0.0,18.75,18.75,0.0,0.0,10.070460704607045,additive_cij_louvain_matched_density,16,16,1858.0,369,369,0,0,0.9578586649836471,0.9578586649836471,0.8756476683937823,0.8756476683937823,0.027365382349475668,run_063,0.0762984799998776,gps_noise_100m,63,0.7744051259577368
0.9398463897120289,0.9398463897120289,0,0,0.0,0.0,3,3,0.0,0.0,16.666666666666668,16.666666666666668,0.0,0.0,10.130081300813009,product_cij_leiden,18,18,1869.0,369,369,0,0,0.9807943569658313,0.9807943569658313,0.9438799437236205,0.9438799437236205,0.027527394839165782,run_063,0.041783784000017477,gps_noise_100m,63,0.3496057904061451
0.3618063153684883,0.3618063153684883,0,0,0.0,0.0,3,3,0.0,0.0,33.333333333333336,33.333333333333336,0.0,0.0,,geo_time_dbscan,9,9,,369,369,0,0,0.7274798010732089,0.7274798010732089,0.42602058679364185,0.42602058679364185,,run_063,0.00603928099985751,gps_noise_100m,63,1.0
0.8305510913540162,0.8305510913540162,0,0,0.0,0.0,3,3,0.0,0.0,18.75,18.75,0.0,0.0,10.222222222222221,product_cij_louvain,16,16,1886.0,369,369,0,0,0.930635896694061,0.930635896694061,0.8426114835324977,0.8426114835324977,0.027777777777777776,run_063,0.07405923100009204,gps_noise_300m,63,0.27122093675983744
0.6535019947140583,0.6535019947140583,0,0,0.0,0.0,3,3,0.0,0.0,23.076923076923077,23.076923076923077,0.0,0.0,9.815718157181571,additive_cij_louvain,13,13,1811.0,369,369,0,0,0.8822085269687535,0.8822085269687535,0.6825683924937824,0.6825683924937824,0.026673147166254272,run_063,0.07587993299989648,gps_noise_300m,63,1.2957084412833537
0.7815584346013781,0.7815584346013781,0,0,0.0,0.0,3,3,0.0,0.0,20.0,20.0,0.0,0.0,10.292682926829269,additive_cij_louvain_matched_density,15,15,1899.0,369,369,0,0,0.9307402528766832,0.9307402528766832,0.7982548915917503,0.7982548915917503,0.027969247083775184,run_063,0.06488596799999868,gps_noise_300m,63,0.74224223042019
0.8305510913540162,0.8305510913540162,0,0,0.0,0.0,3,3,0.0,0.0,18.75,18.75,0.0,0.0,10.222222222222221,product_cij_leiden,16,16,1886.0,369,369,0,0,0.930635896694061,0.930635896694061,0.8426114835324977,0.8426114835324977,0.027777777777777776,run_063,0.042289451999977246,gps_noise_300m,63,0.27122093675983744
0.3618063153684883,0.3618063153684883,0,0,0.0,0.0,3,3,0.0,0.0,33.333333333333336,33.333333333333336,0.0,0.0,,geo_time_dbscan,9,9,,369,369,0,0,0.7274798010732089,0.7274798010732089,0.42602058679364185,0.42602058679364185,,run_063,0.005853248999983407,gps_noise_300m,63,1.0
0.9554454358396606,0.9554454358396606,0,0,0.0,0.0,3,3,0.0,0.0,16.666666666666668,16.666666666666668,0.0,0.0,10.119241192411923,product_cij_louvain,18,18,1867.0,369,369,0,0,0.9869433862890677,0.9869433862890677,0.9584120982986768,0.9584120982986768,0.02749793802285849,run_063,0.07069928599980813,time_noise_15min,63,0.3442785730797397
0.9554454358396606,0.9554454358396606,0,0,0.0,0.0,3,3,0.0,0.0,16.666666666666668,16.666666666666668,0.0,0.0,10.021680216802167,additive_cij_louvain,18,18,1849.0,369,369,0,0,0.9869433862890677,0.9869433862890677,0.9584120982986768,0.9584120982986768,0.027232826676092847,run_063,0.06769067000004725,time_noise_15min,63,1.4997339002675085
0.9428299634715607,0.9428299634715607,0,0,0.0,0.0,3,3,0.0,0.0,16.666666666666668,16.666666666666668,0.0,0.0,10.140921409214092,additive_cij_louvain_matched_density,18,18,1871.0,369,369,0,0,0.9774601964202555,0.9774601964202555,0.9466393829686762,0.9466393829686762,0.027556851655473075,run_063,0.06363200600003438,time_noise_15min,63,0.7593691422503792
0.9554454358396606,0.9554454358396606,0,0,0.0,0.0,3,3,0.0,0.0,16.666666666666668,16.666666666666668,0.0,0.0,10.119241192411923,product_cij_leiden,18,18,1867.0,369,369,0,0,0.9869433862890677,0.9869433862890677,0.9584120982986768,0.9584120982986768,0.02749793802285849,run_063,0.04555470000013884,time_noise_15min,63,0.3442785730797397
0.44285795909689285,0.44285795909689285,0,0,0.0,0.0,3,3,0.0,0.0,30.0,30.0,0.0,0.0,,geo_time_dbscan,10,10,,369,369,0,0,0.7815478826710937,0.7815478826710937,0.4964099216710183,0.4964099216710183,,run_063,0.0059337600000617385,time_noise_15min,63,1.0
0.768437142644957,0.768437142644957,0,0,0.0,0.0,3,3,0.0,0.0,17.647058823529413,17.647058823529413,0.0,0.0,9.799457994579946,product_cij_louvain,17,17,1808.0,369,369,0,0,0.8950695071226964,0.8950695071226964,0.7846291331546024,0.7846291331546024,0.02662896194179333,run_063,0.07181502000003093,time_noise_60min,63,0.29636996209862276
0.7481611802727512,0.7481611802727512,0,0,0.0,0.0,3,3,0.0,0.0,17.647058823529413,17.647058823529413,0.0,0.0,9.517615176151761,additive_cij_louvain,17,17,1756.0,369,369,0,0,0.9147283717040112,0.9147283717040112,0.7668550944436785,0.7668550944436785,0.0258630847178037,run_063,0.07185911500005204,time_noise_60min,63,1.3784053428782466
0.7470153638031105,0.7470153638031105,0,0,0.0,0.0,3,3,0.0,0.0,18.75,18.75,0.0,0.0,9.902439024390244,additive_cij_louvain_matched_density,16,16,1827.0,369,369,0,0,0.8832185165378746,0.8832185165378746,0.7651394710218239,0.7651394710218239,0.026908801696712618,run_063,0.054938532000051055,time_noise_60min,63,0.711649137542711
0.8073031741078671,0.8073031741078671,0,0,0.0,0.0,3,3,0.0,0.0,16.666666666666668,16.666666666666668,0.0,0.0,9.799457994579946,product_cij_leiden,18,18,1808.0,369,369,0,0,0.9021709563455433,0.9021709563455433,0.8201912525474212,0.8201912525474212,0.02662896194179333,run_063,0.04050799699984964,time_noise_60min,63,0.29636996209862276
0.4486184603981747,0.4486184603981747,0,0,0.0,0.0,3,3,0.0,0.0,27.272727272727273,27.272727272727273,0.970873786407767,0.970873786407767,,geo_time_dbscan,11,11,,369,369,3,3,0.7776110691891226,0.7776110691891226,0.5011000169233373,0.5011000169233373,,run_063,0.005841101999976672,time_noise_60min,63,1.0
0.9252329574132913,0.9252329574132913,0,0,0.0,0.0,3,3,0.0,0.0,16.666666666666668,16.666666666666668,0.0,0.0,9.822349570200574,product_cij_louvain,18,18,1714.0,349,349,0,0,0.982161462614022,0.982161462614022,0.9303543375807296,0.9303543375807296,0.028225142443105096,run_064,0.05219830200007891,baseline,64,0.2846330939712098
1.0,1.0,0,0,0.0,0.0,3,3,0.0,0.0,15.789473684210526,15.789473684210526,0.0,0.0,9.638968481375358,additive_cij_louvain,19,19,1682.0,349,349,0,0,1.0,1.0,1.0,1.0,0.027698185291308502,run_064,0.06509410399985427,baseline,64,1.5034760789134496
0.9252329574132913,0.9252329574132913,0,0,0.0,0.0,3,3,0.0,0.0,16.666666666666668,16.666666666666668,0.0,0.0,9.810888252148997,additive_cij_louvain_matched_density,18,18,1712.0,349,349,0,0,0.9821614626140222,0.9821614626140222,0.9303543375807296,0.9303543375807296,0.028192207621117807,run_064,0.06541421699989769,baseline,64,0.7623591854971057
0.9252329574132913,0.9252329574132913,0,0,0.0,0.0,3,3,0.0,0.0,16.666666666666668,16.666666666666668,0.0,0.0,9.822349570200574,product_cij_leiden,18,18,1714.0,349,349,0,0,0.982161462614022,0.982161462614022,0.9303543375807296,0.9303543375807296,0.028225142443105096,run_064,0.04177686499997435,baseline,64,0.2846330939712098
0.3971029308595347,0.3971029308595347,0,0,0.0,0.0,3,3,0.0,0.0,30.0,30.0,0.0,0.0,,geo_time_dbscan,10,10,,349,349,0,0,0.7674898115016653,0.7674898115016653,0.45668751606546143,0.45668751606546143,,run_064,0.005336043999932372,baseline,64,1.0
0.9596451224996702,0.9585965093597765,0,0,0.0,0.0,4,4,0.0,0.0,19.047619047619047,19.047619047619047,0.0,0.0,10.277936962750717,product_cij_louvain,21,21,3587.0,698,349,0,0,0.9807399860510214,0.9807399860510214,0.9622324016079274,0.9611837048424289,0.01474596407855196,run_064,0.13170533800007433,exact_transport_copy_2x,64,0.2910941774145096
0.9596451224996702,0.9585965093597765,0,0,0.0,0.0,3,3,0.0,0.0,15.0,15.0,0.0,0.0,10.257879656160458,additive_cij_louvain,20,20,3580.0,698,349,0,0,0.9807399860510214,0.9807399860510214,0.9622324016079274,0.9611837048424289,0.014717187455036525,run_064,0.5316802960001041,exact_transport_copy_2x,64,1.5173062888944575
0.8939370204730314,0.8911815588752581,0,0,0.0,0.0,4,4,0.0,0.0,19.047619047619047,19.047619047619047,0.0,0.0,10.28080229226361,additive_cij_louvain_matched_density,21,21,3588.0,698,349,0,0,0.9532465007062373,0.9532465007062374,0.9007383867651183,0.8979827089337177,0.01475007502476845,run_064,0.15515923999987535,exact_transport_copy_2x,64,0.7666268918649468
0.9596451224996702,0.9585965093597765,0,0,0.0,0.0,4,4,0.0,0.0,19.047619047619047,19.047619047619047,0.0,0.0,10.277936962750717,product_cij_leiden,21,21,3587.0,698,349,0,0,0.9807399860510214,0.9807399860510214,0.9622324016079274,0.9611837048424289,0.01474596407855196,run_064,0.10330863099989074,exact_transport_copy_2x,64,0.2910941774145096
0.4031069928668628,0.3971029308595347,0,0,0.0,0.0,3,3,0.0,0.0,30.0,30.0,0.0,0.0,,geo_time_dbscan,10,10,,698,349,0,0,0.7674898115016653,0.7674898115016653,0.46333206381448094,0.45668751606546143,,run_064,0.01666405799983295,exact_transport_copy_2x,64,1.0
0.3171983874467744,0.2693928802365,0,0,0.0,0.0,19,19,0.0,0.0,18.26923076923077,18.26923076923077,0.0,0.0,10.098567335243553,product_cij_louvain,104,104,8811.0,1745,349,0,0,0.7691312221768599,0.7691312221768599,0.3323744456430541,0.28267868641339344,0.005790462921584606,run_064,0.6078505509999559,exact_transport_copy_5x,64,0.295864275002922
0.3167104252857784,0.2688559094927442,0,0,0.0,0.0,19,19,0.0,0.0,18.26923076923077,18.26923076923077,0.0,0.0,10.089398280802293,additive_cij_louvain,104,104,8803.0,1745,349,0,0,0.7690556169843883,0.7690556169843885,0.3318745878544452,0.28212560386473434,0.005785205436239846,run_064,0.612315093999996,exact_transport_copy_5x,64,1.5247221293586792
0.29727553331685663,0.24772179377431328,0,0,0.0,0.0,19,19,0.0,0.0,17.757009345794394,17.757009345794394,0.0,0.0,10.041260744985673,additive_cij_louvain_matched_density,107,107,8761.0,1745,349,0,0,0.7585954824189938,0.758595482418994,0.31235290567859514,0.26078494972429456,0.005757603638179859,run_064,0.7290214530000867,exact_transport_copy_5x,64,0.7689648713696585
0.3171983874467744,0.2693928802365,0,0,0.0,0.0,19,19,0.0,0.0,18.26923076923077,18.26923076923077,0.0,0.0,10.098567335243553,product_cij_leiden,104,104,8811.0,1745,349,0,0,0.7691312221768599,0.76913122217686,0.3323744456430541,0.28267868641339344,0.005790462921584606,run_064,0.7047536299999138,exact_transport_copy_5x,64,0.295864275002922
0.40664260734002355,0.3971029308595347,0,0,0.0,0.0,3,3,0.0,0.0,30.0,30.0,0.0,0.0,,geo_time_dbscan,10,10,,1745,349,0,0,0.7674898115016653,0.7674898115016653,0.46724135033859293,0.45668751606546143,,run_064,0.0772910690000117,exact_transport_copy_5x,64,1.0
0.9252329574132913,0.9252329574132913,0,0,0.0,0.0,3,3,0.0,0.0,16.666666666666668,16.666666666666668,0.0,0.0,9.954154727793696,product_cij_louvain,18,18,1737.0,349,349,0,0,0.982161462614022,0.982161462614022,0.9303543375807296,0.9303543375807296,0.028603892895958896,run_064,0.05338370300000861,gps_noise_100m,64,0.2776937950217624
0.9191944449201296,0.9191944449201296,0,0,0.0,0.0,3,3,0.0,0.0,16.666666666666668,16.666666666666668,0.0,0.0,9.816618911174785,additive_cij_louvain,18,18,1713.0,349,349,0,0,0.9772817406313276,0.9772817406313276,0.924738675958188,0.924738675958188,0.02820867503211145,run_064,0.05075611899997057,gps_noise_100m,64,1.4627439657111543
0.8531944986664702,0.8531944986664702,0,0,0.0,0.0,3,3,0.0,0.0,18.75,18.75,0.0,0.0,9.959885386819485,additive_cij_louvain_matched_density,16,16,1738.0,349,349,0,0,0.9513841624620702,0.9513841624620702,0.8638145003265839,0.8638145003265839,0.02862036030695254,run_064,0.04744226799994067,gps_noise_100m,64,0.7588552060918103
0.9252329574132913,0.9252329574132913,0,0,0.0,0.0,3,3,0.0,0.0,16.666666666666668,16.666666666666668,0.0,0.0,9.954154727793696,product_cij_leiden,18,18,1737.0,349,349,0,0,0.982161462614022,0.982161462614022,0.9303543375807296,0.9303543375807296,0.028603892895958896,run_064,0.03726599000015085,gps_noise_100m,64,0.2776937950217624
0.3971029308595347,0.3971029308595347,0,0,0.0,0.0,3,3,0.0,0.0,30.0,30.0,0.0,0.0,,geo_time_dbscan,10,10,,349,349,0,0,0.7674898115016653,0.7674898115016653,0.45668751606546143,0.45668751606546143,,run_064,0.005236218999925768,gps_noise_100m,64,1.0
0.7613122502265142,0.7613122502265142,0,0,0.0,0.0,3,3,0.0,0.0,20.0,20.0,0.0,0.0,10.326647564469914,product_cij_louvain,15,15,1802.0,349,349,0,0,0.9087419639857556,0.9087419639857556,0.7795739537694517,0.7795739537694517,0.02967427461054573,run_064,0.05528088400001252,gps_noise_300m,64,0.21569023195048614
0.735386304324734,0.735386304324734,0,0,0.0,0.0,3,3,0.0,0.0,21.428571428571427,21.428571428571427,0.0,0.0,9.896848137535816,additive_cij_louvain,14,14,1727.0,349,349,0,0,0.9023419740866995,0.9023419740866995,0.7561929595827902,0.7561929595827902,0.02843921878602246,run_064,0.05670345900011853,gps_noise_300m,64,1.2554127846956575
0.7965251873923122,0.7965251873923122,0,0,0.0,0.0,3,3,0.0,0.0,20.0,20.0,0.0,0.0,10.263610315186247,additive_cij_louvain_matched_density,15,15,1791.0,349,349,0,0,0.9362703843388545,0.9362703843388545,0.8120048750761731,0.8120048750761731,0.02949313308961565,run_064,0.055859481000197775,gps_noise_300m,64,0.7368453103590944
0.7740728016194763,0.7740728016194763,0,0,0.0,0.0,3,3,0.0,0.0,20.0,20.0,0.0,0.0,10.326647564469914,product_cij_leiden,15,15,1802.0,349,349,0,0,0.9195245110932467,0.9195245110932467,0.7913582112101527,0.7913582112101527,0.02967427461054573,run_064,0.038344512000094255,gps_noise_300m,64,0.21569023195048614
0.240666622947432,0.240666622947432,0,0,0.0,0.0,3,3,0.0,0.0,37.5,37.5,0.0,0.0,,geo_time_dbscan,8,8,,349,349,0,0,0.6403915600295379,0.6403915600295379,0.3222490931076179,0.3222490931076179,,run_064,0.005719536000015069,gps_noise_300m,64,1.0
0.9252329574132913,0.9252329574132913,0,0,0.0,0.0,3,3,0.0,0.0,16.666666666666668,16.666666666666668,0.0,0.0,9.845272206303726,product_cij_louvain,18,18,1718.0,349,349,0,0,0.9821614626140222,0.9821614626140222,0.9303543375807296,0.9303543375807296,0.02829101208707967,run_064,0.059012694999864834,time_noise_15min,64,0.2842097776129463
0.9252329574132913,0.9252329574132913,0,0,0.0,0.0,3,3,0.0,0.0,16.666666666666668,16.666666666666668,0.0,0.0,9.69054441260745,additive_cij_louvain,18,18,1691.0,349,349,0,0,0.982161462614022,0.982161462614022,0.9303543375807296,0.9303543375807296,0.027846391990251292,run_064,0.05241828499993062,time_noise_15min,64,1.4674035242985655
0.8603901282029566,0.8603901282029566,0,0,0.0,0.0,3,3,0.0,0.0,18.75,18.75,0.0,0.0,9.896848137535816,additive_cij_louvain_matched_density,16,16,1727.0,349,349,0,0,0.9567292782159631,0.9567292782159631,0.8704883227176221,0.8704883227176221,0.02843921878602246,run_064,0.05619154400005755,time_noise_15min,64,0.7434078604710238
0.9252329574132913,0.9252329574132913,0,0,0.0,0.0,3,3,0.0,0.0,16.666666666666668,16.666666666666668,0.0,0.0,9.845272206303726,product_cij_leiden,18,18,1718.0,349,349,0,0,0.982161462614022,0.982161462614022,0.9303543375807296,0.9303543375807296,0.02829101208707967,run_064,0.038249926999924355,time_noise_15min,64,0.2842097776129463
0.3971029308595347,0.3971029308595347,0,0,0.0,0.0,3,3,0.0,0.0,30.0,30.0,0.0,0.0,,geo_time_dbscan,10,10,,349,349,0,0,0.7674898115016653,0.7674898115016653,0.45668751606546143,0.45668751606546143,,run_064,0.005063863000032143,time_noise_15min,64,1.0
0.7337489445723556,0.7337489445723556,0,0,0.0,0.0,3,3,0.0,0.0,20.0,20.0,0.0,0.0,9.896848137535816,product_cij_louvain,15,15,1727.0,349,349,0,0,0.8919415026822541,0.8919415026822541,0.7538508934072705,0.7538508934072705,0.02843921878602246,run_064,0.049377324000033695,time_noise_60min,64,0.2665456112259439
0.7287476577892668,0.7287476577892668,0,0,0.0,0.0,3,3,0.0,0.0,20.0,20.0,0.0,0.0,9.541547277936962,additive_cij_louvain,15,15,1665.0,349,349,0,0,0.8942221295276888,0.8942221295276888,0.7495092858221349,0.7495092858221349,0.02741823930441656,run_064,0.05913504600016495,time_noise_60min,64,1.3544678627641398
0.6424005563776906,0.6424005563776906,0,0,0.0,0.0,3,3,0.0,0.0,23.076923076923077,23.076923076923077,0.0,0.0,9.902578796561604,additive_cij_louvain_matched_density,13,13,1728.0,349,349,0,0,0.8475038107869897,0.8475038107869897,0.6715008893145437,0.6715008893145437,0.028455686197016106,run_064,0.048768785999982356,time_noise_60min,64,0.7104687602867059
0.770939944494921,0.770939944494921,0,0,0.0,0.0,3,3,0.0,0.0,20.0,20.0,0.0,0.0,9.896848137535816,product_cij_leiden,15,15,1727.0,349,349,0,0,0.9106329411203542,0.9106329411203542,0.7881329605467536,0.7881329605467536,0.02843921878602246,run_064,0.036778010000034556,time_noise_60min,64,0.2665456112259439
0.3653511569353109,0.3653511569353109,0,0,0.0,0.0,3,3,3.3333333333333335,3.3333333333333335,30.0,30.0,1.3840830449826989,1.3840830449826989,,geo_time_dbscan,10,10,,349,349,6,6,0.7230364514339721,0.7230364514339721,0.42855947099690306,0.42855947099690306,,run_064,0.0051507569999103,time_noise_60min,64,1.0
1.0,1.0,0,0,0.0,0.0,3,3,0.0,0.0,15.789473684210526,15.789473684210526,0.0,0.0,9.85139318885449,product_cij_louvain,19,19,1591.0,323,323,0,0,1.0,1.0,1.0,1.0,0.03059438878526239,run_065,0.0924234560000059,baseline,65,0.259450046007958
0.9917908581655712,0.9917908581655712,0,0,0.0,0.0,3,3,0.0,0.0,14.285714285714286,14.285714285714286,0.0,0.0,9.597523219814242,additive_cij_louvain,21,21,1550.0,323,323,0,0,0.9929230360866486,0.9929230360866486,0.9923181201988251,0.9923181201988251,0.029805972732342364,run_065,0.08822063100001287,baseline,65,1.478915719139496
1.0,1.0,0,0,0.0,0.0,3,3,0.0,0.0,15.789473684210526,15.789473684210526,0.0,0.0,9.863777089783282,additive_cij_louvain_matched_density,19,19,1593.0,323,323,0,0,1.0,1.0,1.0,1.0,0.030632848104917024,run_065,0.06799327199996696,baseline,65,0.7161614524931175
1.0,1.0,0,0,0.0,0.0,3,3,0.0,0.0,15.789473684210526,15.789473684210526,0.0,0.0,9.85139318885449,product_cij_leiden,19,19,1591.0,323,323,0,0,1.0,1.0,1.0,1.0,0.03059438878526239,run_065,0.04961571399985587,baseline,65,0.259450046007958
0.5863965482856232,0.5863965482856232,0,0,0.0,0.0,3,3,0.0,0.0,23.076923076923077,23.076923076923077,0.0,0.0,,geo_time_dbscan,13,13,,323,323,0,0,0.8689681106336912,0.8689681106336912,0.6232532140860816,0.6232532140860816,,run_065,0.007007536999935837,baseline,65,1.0
1.0,1.0,0,0,0.0,0.0,4,4,0.0,0.0,20.0,20.0,0.0,0.0,10.520123839009289,product_cij_louvain,20,20,3398.0,646,323,0,0,1.0,1.0,1.0,1.0,0.016310269517843857,run_065,0.23257925899997645,exact_transport_copy_2x,65,0.2700794441853196
0.9920125057459324,0.9917908581655712,0,0,0.0,0.0,4,4,0.0,0.0,18.181818181818183,18.181818181818183,0.0,0.0,10.439628482972136,additive_cij_louvain,22,22,3372.0,646,323,0,0,0.9929230360866488,0.9929230360866488,0.992539769610532,0.9923181201988251,0.01618547051623587,run_065,0.23005606299989267,exact_transport_copy_2x,65,1.5026865639341866
1.0,1.0,0,0,0.0,0.0,4,4,0.0,0.0,20.0,20.0,0.0,0.0,10.476780185758514,additive_cij_louvain_matched_density,20,20,3384.0,646,323,0,0,1.0,1.0,1.0,1.0,0.016243070055439558,run_065,0.2395282310001221,exact_transport_copy_2x,65,0.7214921593957575
1.0,1.0,0,0,0.0,0.0,4,4,0.0,0.0,20.0,20.0,0.0,0.0,10.520123839009289,product_cij_leiden,20,20,3398.0,646,323,0,0,1.0,1.0,1.0,1.0,0.016310269517843857,run_065,0.1402495090001139,exact_transport_copy_2x,65,0.2700794441853196
0.5929659221893278,0.5863965482856232,0,0,0.0,0.0,3,3,0.0,0.0,23.076923076923077,23.076923076923077,0.0,0.0,,geo_time_dbscan,13,13,,646,323,0,0,0.8689681106336914,0.8689681106336912,0.6300514579759863,0.6232532140860816,,run_065,0.012080837999974392,exact_transport_copy_2x,65,1.0
0.3704984546822438,0.32409262441876807,0,0,0.0,0.0,22,22,0.0,0.0,23.655913978494624,23.655913978494624,0.0,0.0,10.15108359133127,product_cij_louvain,93,93,8197.0,1615,323,0,0,0.7906924636519165,0.7906924636519164,0.3869586240243144,0.33891992551210426,0.006289395037999548,run_065,0.48762083200017514,exact_transport_copy_5x,65,0.2761921191158992
0.3699505575231665,0.3234875686108901,0,0,0.0,0.0,22,22,0.0,0.0,23.655913978494624,23.655913978494624,0.0,0.0,10.152321981424148,additive_cij_louvain,93,93,8198.0,1615,323,0,0,0.7905823070947473,0.7905823070947474,0.3864013266998342,0.33830104321907595,0.006290162318106659,run_065,0.511538870999857,exact_transport_copy_5x,65,1.517764577115972
0.37541444618695874,0.3295201286231772,0,0,0.0,0.0,22,22,0.0,0.0,23.91304347826087,23.91304347826087,0.0,0.0,10.174613003095976,additive_cij_louvain_matched_density,92,92,8216.0,1615,323,0,0,0.7921948440263806,0.7921948440263806,0.39195703071202315,0.34446919079435784,0.006303973360034681,run_065,0.47158454099985647,exact_transport_copy_5x,65,0.7237762673278608
0.3704984546822438,0.32409262441876807,0,0,0.0,0.0,22,22,0.0,0.0,23.655913978494624,23.655913978494624,0.0,0.0,10.15108359133127,product_cij_leiden,93,93,8197.0,1615,323,0,0,0.7906924636519165,0.7906924636519164,0.3869586240243144,0.33891992551210426,0.006289395037999548,run_065,0.3951100150000002,exact_transport_copy_5x,65,0.2761921191158992
0.5967967360172297,0.5863965482856232,0,0,0.0,0.0,3,3,0.0,0.0,23.076923076923077,23.076923076923077,0.0,0.0,,geo_time_dbscan,13,13,,1615,323,0,0,0.8689681106336914,0.8689681106336912,0.6340139009556908,0.6232532140860816,,run_065,0.052745299999969575,exact_transport_copy_5x,65,1.0
1.0,1.0,0,0,0.0,0.0,3,3,0.0,0.0,15.789473684210526,15.789473684210526,0.0,0.0,9.938080495356036,product_cij_louvain,19,19,1605.0,323,323,0,0,1.0,1.0,1.0,1.0,0.030863604022844836,run_065,0.07676941900012935,gps_noise_100m,65,0.2514076540731288
0.9956685505608791,0.9956685505608791,0,0,0.0,0.0,3,3,0.0,0.0,15.0,15.0,0.0,0.0,9.640866873065015,additive_cij_louvain,20,20,1557.0,323,323,0,0,0.9963757251331798,0.9963757251331798,0.9959477712742009,0.9959477712742009,0.02994058035113359,run_065,0.07929731699982767,gps_noise_100m,65,1.4425854064824728
1.0,1.0,0,0,0.0,0.0,3,3,0.0,0.0,15.789473684210526,15.789473684210526,0.0,0.0,9.888544891640867,additive_cij_louvain_matched_density,19,19,1597.0,323,323,0,0,1.0,1.0,1.0,1.0,0.030709766744226295,run_065,0.08369128699996509,gps_noise_100m,65,0.7114967878442399
1.0,1.0,0,0,0.0,0.0,3,3,0.0,0.0,15.789473684210526,15.789473684210526,0.0,0.0,9.938080495356036,product_cij_leiden,19,19,1605.0,323,323,0,0,1.0,1.0,1.0,1.0,0.030863604022844836,run_065,0.05009149800002888,gps_noise_100m,65,0.2514076540731288
0.5863965482856232,0.5863965482856232,0,0,0.0,0.0,3,3,0.0,0.0,23.076923076923077,23.076923076923077,0.0,0.0,,geo_time_dbscan,13,13,,323,323,0,0,0.8689681106336912,0.8689681106336912,0.6232532140860816,0.6232532140860816,,run_065,0.008229760999938662,gps_noise_100m,65,1.0
0.8280413757655295,0.8280413757655295,0,0,0.0,0.0,3,3,0.0,0.0,18.75,18.75,0.0,0.0,10.136222910216718,product_cij_louvain,16,16,1637.0,323,323,0,0,0.9419279614699685,0.9419279614699685,0.8405797101449275,0.8405797101449275,0.031478953137319,run_065,0.07213091800008442,gps_noise_300m,65,0.20904796918146565
0.7673909098649726,0.7673909098649726,0,0,0.0,0.0,3,3,0.0,0.0,20.0,20.0,0.0,0.0,9.671826625386997,additive_cij_louvain,15,15,1562.0,323,323,0,0,0.9213198007220802,0.9213198007220802,0.7852177094767654,0.7852177094767654,0.030036728650270177,run_065,0.07916334200012898,gps_noise_300m,65,1.2134094700915152
0.9097999097605857,0.9097999097605857,0,0,0.0,0.0,3,3,0.0,0.0,17.647058823529413,17.647058823529413,0.0,0.0,10.154798761609907,additive_cij_louvain_matched_density,17,17,1640.0,323,323,0,0,0.9633307159462907,0.9633307159462907,0.9159197609901835,0.9159197609901835,0.031536642116800954,run_065,0.0909802700000455,gps_noise_300m,65,0.696670923152486
0.8870923958524094,0.8870923958524094,0,0,0.0,0.0,3,3,0.0,0.0,17.647058823529413,17.647058823529413,0.0,0.0,10.136222910216718,product_cij_leiden,17,17,1637.0,323,323,0,0,0.9591580637548341,0.9591580637548341,0.8949124270225187,0.8949124270225187,0.031478953137319,run_065,0.05575625599999512,gps_noise_300m,65,0.20904796918146565
0.42211146580186304,0.42211146580186304,0,0,0.0,0.0,3,3,0.0,0.0,27.272727272727273,27.272727272727273,0.0,0.0,,geo_time_dbscan,11,11,,323,323,0,0,0.790450093239107,0.790450093239107,0.47900332939533885,0.47900332939533885,,run_065,0.007433575000050041,gps_noise_300m,65,1.0
1.0,1.0,0,0,0.0,0.0,3,3,0.0,0.0,15.789473684210526,15.789473684210526,0.0,0.0,9.91950464396285,product_cij_louvain,19,19,1602.0,323,323,0,0,1.0,1.0,1.0,1.0,0.030805915043362882,run_065,0.07783062600015,time_noise_15min,65,0.2658410980112976
1.0,1.0,0,0,0.0,0.0,3,3,0.0,0.0,15.789473684210526,15.789473684210526,0.0,0.0,9.634674922600619,additive_cij_louvain,19,19,1556.0,323,323,0,0,1.0,1.0,1.0,1.0,0.029921350691306272,run_065,0.08145482099985202,time_noise_15min,65,1.4353235566356775
0.9719350007677492,0.9719350007677492,0,0,0.0,0.0,3,3,0.0,0.0,16.666666666666668,16.666666666666668,0.0,0.0,9.913312693498453,additive_cij_louvain_matched_density,18,18,1601.0,323,323,0,0,0.9893152894987134,0.9893152894987134,0.9737991266375546,0.9737991266375546,0.030786685383535566,run_065,0.07727942700012136,time_noise_15min,65,0.7063319658431819
0.9374375792176475,0.9374375792176475,0,0,0.0,0.0,3,3,0.0,0.0,16.666666666666668,16.666666666666668,0.0,0.0,9.91950464396285,product_cij_leiden,18,18,1602.0,323,323,0,0,0.9840563097444391,0.9840563097444391,0.941722972972973,0.941722972972973,0.030805915043362882,run_065,0.05157592300020042,time_noise_15min,65,0.2658410980112976
0.5863965482856232,0.5863965482856232,0,0,0.0,0.0,3,3,0.0,0.0,23.076923076923077,23.076923076923077,0.0,0.0,,geo_time_dbscan,13,13,,323,323,0,0,0.8689681106336912,0.8689681106336912,0.6232532140860816,0.6232532140860816,,run_065,0.00789847600003668,time_noise_15min,65,1.0
0.8452523490397259,0.8452523490397259,0,0,0.0,0.0,3,3,0.0,0.0,18.75,18.75,0.0,0.0,9.826625386996904,product_cij_louvain,16,16,1587.0,323,323,0,0,0.9537976811651562,0.9537976811651562,0.8567038033038801,0.8567038033038801,0.03051747014595312,run_065,0.08049467599994387,time_noise_60min,65,0.2287199390604856
0.8452523490397259,0.8452523490397259,0,0,0.0,0.0,3,3,0.0,0.0,18.75,18.75,0.0,0.0,9.4984520123839,additive_cij_louvain,16,16,1534.0,323,323,0,0,0.9537976811651562,0.9537976811651562,0.8567038033038801,0.8567038033038801,0.029498298175105284,run_065,0.08872387599990361,time_noise_60min,65,1.316299683578323
0.786164849774707,0.786164849774707,0,0,0.0,0.0,3,3,0.0,0.0,20.0,20.0,0.0,0.0,9.888544891640867,additive_cij_louvain_matched_density,15,15,1597.0,323,323,0,0,0.9352795055192832,0.9352795055192832,0.802735781137509,0.802735781137509,0.030709766744226295,run_065,0.11080021400016449,time_noise_60min,65,0.6618594464015904
0.8452523490397259,0.8452523490397259,0,0,0.0,0.0,3,3,0.0,0.0,18.75,18.75,0.0,0.0,9.826625386996904,product_cij_leiden,16,16,1587.0,323,323,0,0,0.9537976811651562,0.9537976811651562,0.8567038033038801,0.8567038033038801,0.03051747014595312,run_065,0.05594480200011276,time_noise_60min,65,0.2287199390604856
0.5510797266723949,0.5510797266723949,0,0,0.0,0.0,3,3,0.0,0.0,25.0,25.0,1.1406844106463878,1.1406844106463878,,geo_time_dbscan,12,12,,323,323,3,3,0.8392247484865903,0.8392247484865903,0.5919112674151223,0.5919112674151223,,run_065,0.007387042000118527,time_noise_60min,65,1.0
0.8006453127539565,0.8006453127539565,0,0,0.0,0.0,3,3,0.0,0.0,18.75,18.75,0.0,0.0,10.079754601226995,product_cij_louvain,16,16,1643.0,326,326,0,0,0.9428438753990064,0.9428438753990064,0.815418828762046,0.815418828762046,0.031014629542236903,run_066,0.04555114200002208,baseline,66,0.255229221366716
0.8006453127539565,0.8006453127539565,0,0,0.0,0.0,3,3,0.0,0.0,18.75,18.75,0.0,0.0,9.871165644171779,additive_cij_louvain,16,16,1609.0,326,326,0,0,0.9428438753990064,0.9428438753990064,0.815418828762046,0.815418828762046,0.030372817366682396,run_066,0.039555027000005794,baseline,66,1.5577169077813995
0.8006453127539565,0.8006453127539565,0,0,0.0,0.0,3,3,0.0,0.0,18.75,18.75,0.0,0.0,10.098159509202453,additive_cij_louvain_matched_density,16,16,1646.0,326,326,0,0,0.9428438753990064,0.9428438753990064,0.815418828762046,0.815418828762046,0.031071260028315242,run_066,0.04088560900004268,baseline,66,0.7402925016774384
0.8006453127539565,0.8006453127539565,0,0,0.0,0.0,3,3,0.0,0.0,18.75,18.75,0.0,0.0,10.079754601226995,product_cij_leiden,16,16,1643.0,326,326,0,0,0.9428438753990064,0.9428438753990064,0.815418828762046,0.815418828762046,0.031014629542236903,run_066,0.031227191000198218,baseline,66,0.255229221366716
0.6251279854335461,0.6251279854335461,0,0,0.0,0.0,3,3,0.0,0.0,23.076923076923077,23.076923076923077,0.0,0.0,,geo_time_dbscan,13,13,,326,326,0,0,0.8801620090161075,0.8801620090161075,0.6567871962062833,0.6567871962062833,,run_066,0.005544697999994241,baseline,66,1.0
0.8551272724006869,0.851473860281695,0,0,0.0,0.0,3,3,0.0,0.0,17.647058823529413,17.647058823529413,0.0,0.0,10.47239263803681,product_cij_louvain,17,17,3414.0,652,326,0,0,0.9396202497613172,0.9396202497613175,0.8653540175019889,0.8616956077630235,0.016086624636001245,run_066,0.12861686599990207,exact_transport_copy_2x,66,0.2864182836128279
0.8429646598921364,0.8389600454331375,0,0,0.0,0.0,3,3,0.0,0.0,16.666666666666668,16.666666666666668,0.0,0.0,10.469325153374234,additive_cij_louvain,18,18,3413.0,652,326,0,0,0.9333306035438709,0.9333306035438712,0.8539574126155083,0.8499484004127967,0.016081912677994213,run_066,0.1398623029999726,exact_transport_copy_2x,66,1.5685807245937002
0.8539830180773462,0.8503113749019289,0,0,0.0,0.0,3,3,0.0,0.0,17.647058823529413,17.647058823529413,0.0,0.0,10.420245398773005,additive_cij_louvain_matched_density,17,17,3397.0,652,326,0,0,0.9403741739206314,0.9403741739206317,0.8643126363816702,0.8606356968215157,0.01600652134988173,run_066,0.14731109700005618,exact_transport_copy_2x,66,0.74625523030455
0.8615804912285565,0.8580843726767887,0,0,0.0,0.0,3,3,0.0,0.0,17.647058823529413,17.647058823529413,0.0,0.0,10.47239263803681,product_cij_leiden,17,17,3414.0,652,326,0,0,0.9424050610363695,0.9424050610363695,0.8713403704441346,0.8678396072013091,0.016086624636001245,run_066,0.08991678699999284,exact_transport_copy_2x,66,0.2864182836128279
0.6315923922487119,0.6251279854335461,0,0,0.0,0.0,3,3,0.0,0.0,23.076923076923077,23.076923076923077,0.0,0.0,,geo_time_dbscan,13,13,,652,326,0,0,0.8801620090161075,0.8801620090161075,0.6634210143874436,0.6567871962062833,,run_066,0.011956047000012404,exact_transport_copy_2x,66,1.0
0.3425645814382069,0.29271316947703124,0,0,0.0,0.0,17,17,0.0,0.0,17.894736842105264,17.894736842105264,0.0,0.0,10.142331288343557,product_cij_louvain,95,95,8266.0,1630,326,0,0,0.7687962846927414,0.7687962846927414,0.3587230467656119,0.3071104387291982,0.006226108832623424,run_066,0.5439289889998236,exact_transport_copy_5x,66,0.3037017905589458
0.3526562200624355,0.30389167166545894,0,0,0.0,0.0,17,17,0.0,0.0,18.085106382978722,18.085106382978722,0.0,0.0,10.157055214723927,additive_cij_louvain,94,94,8278.0,1630,326,0,0,0.7711713655525125,0.7711713655525125,0.3689995825796577,0.318557475582269,0.006235147461463429,run_066,0.5113731530000223,exact_transport_copy_5x,66,1.5755592228522786
0.3313474111981436,0.2807010859082023,0,0,0.0,0.0,18,18,0.0,0.0,18.94736842105263,18.94736842105263,0.0,0.0,10.133742331288344,additive_cij_louvain_matched_density,95,95,8259.0,1630,326,0,0,0.7586344781161357,0.7586344781161357,0.3478564934610812,0.2954287873063846,0.006220836299133422,run_066,0.518606181999985,exact_transport_copy_5x,66,0.7508121009005926
0.3425645814382069,0.29271316947703124,0,0,0.0,0.0,17,17,0.0,0.0,17.894736842105264,17.894736842105264,0.0,0.0,10.142331288343557,product_cij_leiden,95,95,8266.0,1630,326,0,0,0.7687962846927414,0.7687962846927414,0.3587230467656119,0.3071104387291982,0.006226108832623424,run_066,0.433983722999983,exact_transport_copy_5x,66,0.3037017905589458
0.6353538778734694,0.6251279854335461,0,0,0.0,0.0,3,3,0.0,0.0,23.076923076923077,23.076923076923077,0.0,0.0,,geo_time_dbscan,13,13,,1630,326,0,0,0.8801620090161075,0.8801620090161075,0.6672796230318354,0.6567871962062833,,run_066,0.055814718999954493,exact_transport_copy_5x,66,1.0
0.8006453127539565,0.8006453127539565,0,0,0.0,0.0,3,3,0.0,0.0,18.75,18.75,0.0,0.0,10.177914110429448,product_cij_louvain,16,16,1659.0,326,326,0,0,0.9428438753990064,0.9428438753990064,0.815418828762046,0.815418828762046,0.03131665880132138,run_066,0.044743234999941706,gps_noise_100m,66,0.24682673384359619
0.8006453127539565,0.8006453127539565,0,0,0.0,0.0,3,3,0.0,0.0,18.75,18.75,0.0,0.0,9.9079754601227,additive_cij_louvain,16,16,1615.0,326,326,0,0,0.9428438753990064,0.9428438753990064,0.815418828762046,0.815418828762046,0.030486078338839075,run_066,0.05075956199993925,gps_noise_100m,66,1.524609187989877
0.7942202305830907,0.7942202305830907,0,0,0.0,0.0,3,3,0.0,0.0,18.75,18.75,0.0,0.0,10.16564417177914,additive_cij_louvain_matched_density,16,16,1657.0,326,326,0,0,0.9392332286421595,0.9392332286421595,0.8094797259766711,0.8094797259766711,0.03127890514393582,run_066,0.05593320399998447,gps_noise_100m,66,0.735976847057661
0.8573967775288124,0.8573967775288124,0,0,0.0,0.0,3,3,0.0,0.0,17.647058823529413,17.647058823529413,0.0,0.0,10.177914110429448,product_cij_leiden,17,17,1659.0,326,326,0,0,0.9439073625648193,0.9439073625648193,0.8672241484805221,0.8672241484805221,0.03131665880132138,run_066,0.03641533600011826,gps_noise_100m,66,0.24682673384359619
0.6251279854335461,0.6251279854335461,0,0,0.0,0.0,3,3,0.0,0.0,23.076923076923077,23.076923076923077,0.0,0.0,,geo_time_dbscan,13,13,,326,326,0,0,0.8801620090161075,0.8801620090161075,0.6567871962062833,0.6567871962062833,,run_066,0.004944583999986207,gps_noise_100m,66,1.0
0.776330964977078,0.776330964977078,0,0,0.0,0.0,3,3,0.0,0.0,18.75,18.75,0.0,0.0,10.245398773006135,product_cij_louvain,16,16,1670.0,326,326,0,0,0.9105806332771537,0.9105806332771537,0.7924455579109656,0.7924455579109656,0.031524303916941956,run_066,0.04519856100000652,gps_noise_300m,66,0.20886200660006055
0.7498877023018423,0.7498877023018423,0,0,0.0,0.0,3,3,0.0,0.0,20.0,20.0,0.0,0.0,9.779141104294478,additive_cij_louvain,15,15,1594.0,326,326,0,0,0.9234702116530892,0.9234702116530892,0.7691500524658971,0.7691500524658971,0.030089664936290703,run_066,0.046095697999817276,gps_noise_300m,66,1.2848277553164171
0.7566283166052177,0.7566283166052177,0,0,0.0,0.0,3,3,0.0,0.0,20.0,20.0,0.0,0.0,10.294478527607362,additive_cij_louvain_matched_density,15,15,1678.0,326,326,0,0,0.9292288020356603,0.9292288020356603,0.7753673897830651,0.7753673897830651,0.03167531854648419,run_066,0.0629193300001134,gps_noise_300m,66,0.7293061846594272
0.776330964977078,0.776330964977078,0,0,0.0,0.0,3,3,0.0,0.0,18.75,18.75,0.0,0.0,10.245398773006135,product_cij_leiden,16,16,1670.0,326,326,0,0,0.9105806332771537,0.9105806332771537,0.7924455579109656,0.7924455579109656,0.031524303916941956,run_066,0.03362515499998153,gps_noise_300m,66,0.20886200660006055
0.45293808511041195,0.45293808511041195,0,0,0.0,0.0,3,3,0.0,0.0,27.272727272727273,27.272727272727273,0.0,0.0,,geo_time_dbscan,11,11,,326,326,0,0,0.8093740072458613,0.8093740072458613,0.5043814726300216,0.5043814726300216,,run_066,0.004831224999861661,gps_noise_300m,66,1.0
0.7566283166052177,0.7566283166052177,0,0,0.0,0.0,3,3,0.0,0.0,20.0,20.0,0.0,0.0,10.036809815950921,product_cij_louvain,15,15,1636.0,326,326,0,0,0.9292288020356603,0.9292288020356603,0.7753673897830651,0.7753673897830651,0.030882491741387446,run_066,0.04358433899983538,time_noise_15min,66,0.24758162118019036
0.7566283166052177,0.7566283166052177,0,0,0.0,0.0,3,3,0.0,0.0,20.0,20.0,0.0,0.0,9.803680981595091,additive_cij_louvain,15,15,1598.0,326,326,0,0,0.9292288020356603,0.9292288020356603,0.7753673897830651,0.7753673897830651,0.03016517225106182,run_066,0.05048255699989568,time_noise_15min,66,1.5289234572888746
0.8006453127539565,0.8006453127539565,0,0,0.0,0.0,3,3,0.0,0.0,18.75,18.75,0.0,0.0,10.030674846625766,additive_cij_louvain_matched_density,16,16,1635.0,326,326,0,0,0.9428438753990064,0.9428438753990064,0.815418828762046,0.815418828762046,0.030863614912694667,run_066,0.04447379099997306,time_noise_15min,66,0.7253815063701538
0.7942202305830907,0.7942202305830907,0,0,0.0,0.0,3,3,0.0,0.0,18.75,18.75,0.0,0.0,10.036809815950921,product_cij_leiden,16,16,1636.0,326,326,0,0,0.9392332286421595,0.9392332286421595,0.8094797259766711,0.8094797259766711,0.030882491741387446,run_066,0.03334286599988445,time_noise_15min,66,0.24758162118019036
0.5584451453771279,0.5584451453771279,0,0,0.0,0.0,3,3,0.0,0.0,25.0,25.0,0.0,0.0,,geo_time_dbscan,12,12,,326,326,0,0,0.853045451507275,0.853045451507275,0.5973850923305027,0.5973850923305027,,run_066,0.004814381000187495,time_noise_15min,66,1.0
0.727029146201289,0.727029146201289,0,0,0.0,0.0,3,3,0.0,0.0,20.0,20.0,0.0,0.0,9.957055214723926,product_cij_louvain,15,15,1623.0,326,326,0,0,0.8917275766741488,0.8917275766741488,0.7473257100700849,0.7473257100700849,0.03063709296838131,run_066,0.047660954000093625,time_noise_60min,66,0.2081641598352941
0.7566283166052177,0.7566283166052177,0,0,0.0,0.0,3,3,0.0,0.0,20.0,20.0,0.0,0.0,9.631901840490798,additive_cij_louvain,15,15,1570.0,326,326,0,0,0.9292288020356603,0.9292288020356603,0.7753673897830651,0.7753673897830651,0.029636621047663993,run_066,0.0685526499999014,time_noise_60min,66,1.3592129870853307
0.7209202199957793,0.7209202199957793,0,0,0.0,0.0,3,3,0.0,0.0,20.0,20.0,0.0,0.0,9.94478527607362,additive_cij_louvain_matched_density,15,15,1621.0,326,326,0,0,0.8862635033073523,0.8862635033073523,0.7416312187904567,0.7416312187904567,0.030599339310995753,run_066,0.04241036400003395,time_noise_60min,66,0.6775878735675743
0.7566283166052177,0.7566283166052177,0,0,0.0,0.0,3,3,0.0,0.0,20.0,20.0,0.0,0.0,9.957055214723926,product_cij_leiden,15,15,1623.0,326,326,0,0,0.9292288020356603,0.9292288020356603,0.7753673897830651,0.7753673897830651,0.03063709296838131,run_066,0.03480452300004799,time_noise_60min,66,0.2081641598352941
0.45818762165540006,0.45818762165540006,0,0,0.0,0.0,3,3,0.0,0.0,27.272727272727273,27.272727272727273,0.37593984962406013,0.37593984962406013,,geo_time_dbscan,11,11,,326,326,1,1,0.8050322019735163,0.8050322019735163,0.5088510933703575,0.5088510933703575,,run_066,0.005795111999987057,time_noise_60min,66,1.0
0.9492248575525465,0.9492248575525465,0,0,0.0,0.0,3,3,0.0,0.0,16.666666666666668,16.666666666666668,0.0,0.0,9.723076923076922,product_cij_louvain,18,18,1580.0,325,325,0,0,0.9854413940201847,0.9854413940201847,0.9527167150559934,0.9527167150559934,0.030009496676163344,run_067,0.05274089199997434,baseline,67,0.556230686132578
0.9492248575525465,0.9492248575525465,0,0,0.0,0.0,3,3,0.0,0.0,16.666666666666668,16.666666666666668,0.0,0.0,9.827692307692308,additive_cij_louvain,18,18,1597.0,325,325,0,0,0.9854413940201847,0.9854413940201847,0.9527167150559934,0.9527167150559934,0.030332383665717,run_067,0.05010567799990895,baseline,67,1.5238367176004435
0.9492248575525465,0.9492248575525465,0,0,0.0,0.0,3,3,0.0,0.0,16.666666666666668,16.666666666666668,0.0,0.0,10.006153846153847,additive_cij_louvain_matched_density,18,18,1626.0,325,325,0,0,0.9854413940201847,0.9854413940201847,0.9527167150559934,0.9527167150559934,0.030883190883190883,run_067,0.04923009499998443,baseline,67,0.7504617358181606
0.9492248575525465,0.9492248575525465,0,0,0.0,0.0,3,3,0.0,0.0,16.666666666666668,16.666666666666668,0.0,0.0,9.723076923076922,product_cij_leiden,18,18,1580.0,325,325,0,0,0.9854413940201848,0.9854413940201848,0.9527167150559934,0.9527167150559934,0.030009496676163344,run_067,0.03380939299995589,baseline,67,0.556230686132578
0.6132425434688182,0.6132425434688182,0,0,0.0,0.0,3,3,0.0,0.0,21.428571428571427,21.428571428571427,0.0,0.0,,geo_time_dbscan,14,14,,325,325,0,0,0.8881908745316184,0.8881908745316184,0.647589512263885,0.647589512263885,,run_067,0.007779728000059549,baseline,67,1.0
0.9704487008691703,0.9696520014749952,0,0,0.0,0.0,5,5,0.0,0.0,23.80952380952381,23.80952380952381,0.0,0.0,10.446153846153846,product_cij_louvain,21,21,3395.0,650,325,0,0,0.9852696040257345,0.9852696040257345,0.9724371885932366,0.9716404886561955,0.01609576863814152,run_067,0.14497368700017432,exact_transport_copy_2x,67,0.5686539586614799
0.9704487008691703,0.9696520014749952,0,0,0.0,0.0,5,5,0.0,0.0,23.80952380952381,23.80952380952381,0.0,0.0,10.443076923076923,additive_cij_louvain,21,21,3394.0,650,325,0,0,0.9852696040257345,0.9852696040257345,0.9724371885932366,0.9716404886561955,0.016091027616451346,run_067,0.1364192749999802,exact_transport_copy_2x,67,1.5385648699150831
0.9704487008691703,0.9696520014749952,0,0,0.0,0.0,5,5,0.0,0.0,23.80952380952381,23.80952380952381,0.0,0.0,10.476923076923077,additive_cij_louvain_matched_density,21,21,3405.0,650,325,0,0,0.9852696040257345,0.9852696040257345,0.9724371885932366,0.9716404886561955,0.016143178855043263,run_067,0.12163958900009675,exact_transport_copy_2x,67,0.7543720466999189
0.9810543489072668,0.9805483061716945,0,0,0.0,0.0,5,5,0.0,0.0,23.80952380952381,23.80952380952381,0.0,0.0,10.446153846153846,product_cij_leiden,21,21,3395.0,650,325,0,0,0.9892275377587576,0.9892275377587576,0.9823399558498896,0.9818339100346021,0.01609576863814152,run_067,0.09052237000014429,exact_transport_copy_2x,67,0.5686539586614799
0.6195183740601199,0.6132425434688182,0,0,0.0,0.0,3,3,0.0,0.0,21.428571428571427,21.428571428571427,0.0,0.0,,geo_time_dbscan,14,14,,650,325,0,0,0.8881908745316183,0.8881908745316184,0.6540510620632394,0.647589512263885,,run_067,0.012400079999906666,exact_transport_copy_2x,67,1.0
0.36238299519398803,0.3162535776606051,0,0,0.0,0.0,19,19,0.0,0.0,20.43010752688172,20.43010752688172,0.0,0.0,10.179692307692308,product_cij_louvain,93,93,8271.0,1625,325,0,0,0.7849698025426971,0.7849698025426972,0.3789615643964936,0.3311546840958606,0.006268283440697233,run_067,0.6655816770000911,exact_transport_copy_5x,67,0.5754834449518275
0.3580796229257382,0.31150797404053227,0,0,0.0,0.0,19,19,0.0,0.0,20.21276595744681,20.21276595744681,0.0,0.0,10.150153846153847,additive_cij_louvain,94,94,8247.0,1625,325,0,0,0.7833990632866099,0.7833990632866099,0.3745774171737661,0.32629278951201746,0.006250094732853354,run_067,0.8012569960001201,exact_transport_copy_5x,67,1.5485679968949222
0.3564605377982179,0.3097220381043841,0,0,0.0,0.0,20,20,0.0,0.0,21.27659574468085,21.27659574468085,0.0,0.0,10.147692307692308,additive_cij_louvain_matched_density,94,94,8245.0,1625,325,0,0,0.7838559425574565,0.7838559425574567,0.37292724196277494,0.3244622675902297,0.006248579007199697,run_067,0.8276506600000175,exact_transport_copy_5x,67,0.7561087759250179
0.36238299519398803,0.3162535776606051,0,0,0.0,0.0,19,19,0.0,0.0,20.43010752688172,20.43010752688172,0.0,0.0,10.179692307692308,product_cij_leiden,93,93,8271.0,1625,325,0,0,0.7849698025426972,0.7849698025426972,0.3789615643964936,0.3311546840958606,0.006268283440697233,run_067,0.6059975819998726,exact_transport_copy_5x,67,0.5754834449518275
0.6231760748980328,0.6132425434688182,0,0,0.0,0.0,3,3,0.0,0.0,21.428571428571427,21.428571428571427,0.0,0.0,,geo_time_dbscan,14,14,,1625,325,0,0,0.8881908745316183,0.8881908745316184,0.6578154941144264,0.647589512263885,,run_067,0.06759792599996217,exact_transport_copy_5x,67,1.0
0.9050880189836673,0.9050880189836673,0,0,0.0,0.0,3,3,0.0,0.0,17.647058823529413,17.647058823529413,0.0,0.0,9.741538461538461,product_cij_louvain,17,17,1583.0,325,325,0,0,0.9708200796216342,0.9708200796216342,0.9118697895990472,0.9118697895990472,0.0300664767331434,run_067,0.04412495199994737,gps_noise_100m,67,0.5322787864821255
0.9428440137600698,0.9428440137600698,0,0,0.0,0.0,3,3,0.0,0.0,16.666666666666668,16.666666666666668,0.0,0.0,9.815384615384616,additive_cij_louvain,18,18,1595.0,325,325,0,0,0.9802562118516253,0.9802562118516253,0.9467798716090288,0.9467798716090288,0.03029439696106363,run_067,0.04469058900008349,gps_noise_100m,67,1.4836235727506462
0.9050880189836673,0.9050880189836673,0,0,0.0,0.0,3,3,0.0,0.0,17.647058823529413,17.647058823529413,0.0,0.0,10.006153846153847,additive_cij_louvain_matched_density,17,17,1626.0,325,325,0,0,0.9708200796216342,0.9708200796216342,0.9118697895990472,0.9118697895990472,0.030883190883190883,run_067,0.04838462799989429,gps_noise_100m,67,0.7480731524494721
0.9050880189836673,0.9050880189836673,0,0,0.0,0.0,3,3,0.0,0.0,17.647058823529413,17.647058823529413,0.0,0.0,9.741538461538461,product_cij_leiden,17,17,1583.0,325,325,0,0,0.9708200796216342,0.9708200796216342,0.9118697895990472,0.9118697895990472,0.0300664767331434,run_067,0.03203333200008274,gps_noise_100m,67,0.5322787864821255
0.6132425434688182,0.6132425434688182,0,0,0.0,0.0,3,3,0.0,0.0,21.428571428571427,21.428571428571427,0.0,0.0,,geo_time_dbscan,14,14,,325,325,0,0,0.8881908745316184,0.8881908745316184,0.647589512263885,0.647589512263885,,run_067,0.0050615309999102465,gps_noise_100m,67,1.0
0.9050880189836673,0.9050880189836673,0,0,0.0,0.0,3,3,0.0,0.0,17.647058823529413,17.647058823529413,0.0,0.0,9.624615384615385,product_cij_louvain,17,17,1564.0,325,325,0,0,0.9708200796216342,0.9708200796216342,0.9118697895990472,0.9118697895990472,0.029705603038936372,run_067,0.05602717199985818,gps_noise_300m,67,0.3731167931831496
0.8669325613658456,0.8669325613658456,0,0,0.0,0.0,3,3,0.0,0.0,17.647058823529413,17.647058823529413,0.0,0.0,9.673846153846155,additive_cij_louvain,17,17,1572.0,325,325,0,0,0.945383177617298,0.945383177617298,0.8765018711837699,0.8765018711837699,0.029857549857549858,run_067,0.04366451400005644,gps_noise_300m,67,1.2457150360322866
0.8998832783736239,0.8998832783736239,0,0,0.0,0.0,3,3,0.0,0.0,17.647058823529413,17.647058823529413,0.0,0.0,10.147692307692308,additive_cij_louvain_matched_density,17,17,1649.0,325,325,0,0,0.9658136810139902,0.9658136810139902,0.9070321811680571,0.9070321811680571,0.03132003798670465,run_067,0.06419755699994312,gps_noise_300m,67,0.7306594549753455
0.9050880189836673,0.9050880189836673,0,0,0.0,0.0,3,3,0.0,0.0,17.647058823529413,17.647058823529413,0.0,0.0,9.624615384615385,product_cij_leiden,17,17,1564.0,325,325,0,0,0.9708200796216342,0.9708200796216342,0.9118697895990472,0.9118697895990472,0.029705603038936372,run_067,0.032093894000126966,gps_noise_300m,67,0.3731167931831496
0.45207560556302784,0.45207560556302784,0,0,0.0,0.0,3,3,0.0,0.0,25.0,25.0,0.0,0.0,,geo_time_dbscan,12,12,,325,325,0,0,0.8155270378484695,0.8155270378484695,0.5058357190046245,0.5058357190046245,,run_067,0.008281888999817966,gps_noise_300m,67,1.0
0.8934492095460803,0.8934492095460803,0,0,0.0,0.0,3,3,0.0,0.0,17.647058823529413,17.647058823529413,0.0,0.0,9.79076923076923,product_cij_louvain,17,17,1591.0,325,325,0,0,0.9691191598262578,0.9691191598262578,0.901137701059239,0.901137701059239,0.030218423551756884,run_067,0.04620245699993575,time_noise_15min,67,0.5125267148499448
0.8934492095460803,0.8934492095460803,0,0,0.0,0.0,3,3,0.0,0.0,17.647058823529413,17.647058823529413,0.0,0.0,9.926153846153847,additive_cij_louvain,17,17,1613.0,325,325,0,0,0.9691191598262578,0.9691191598262578,0.901137701059239,0.901137701059239,0.03063627730294397,run_067,0.0521101770000314,time_noise_15min,67,1.4789483396959509
0.8826888279694285,0.8826888279694285,0,0,0.0,0.0,3,3,0.0,0.0,17.647058823529413,17.647058823529413,0.0,0.0,10.104615384615384,additive_cij_louvain_matched_density,17,17,1642.0,325,325,0,0,0.9588301706632674,0.9588301706632674,0.8911551284565602,0.8911551284565602,0.031187084520417855,run_067,0.049120356000003085,time_noise_15min,67,0.7366250928005947
0.8934492095460803,0.8934492095460803,0,0,0.0,0.0,3,3,0.0,0.0,17.647058823529413,17.647058823529413,0.0,0.0,9.79076923076923,product_cij_leiden,17,17,1591.0,325,325,0,0,0.9691191598262578,0.9691191598262578,0.901137701059239,0.901137701059239,0.030218423551756884,run_067,0.03336825300016244,time_noise_15min,67,0.5125267148499448
0.6132425434688182,0.6132425434688182,0,0,0.0,0.0,3,3,0.0,0.0,21.428571428571427,21.428571428571427,0.0,0.0,,geo_time_dbscan,14,14,,325,325,0,0,0.8881908745316184,0.8881908745316184,0.647589512263885,0.647589512263885,,run_067,0.004995435999944675,time_noise_15min,67,1.0
0.8180754102750815,0.8180754102750815,0,0,0.0,0.0,3,3,0.0,0.0,17.647058823529413,17.647058823529413,0.0,0.0,9.224615384615385,product_cij_louvain,17,17,1499.0,325,325,0,0,0.9289558246650209,0.9289558246650209,0.831168831168831,0.831168831168831,0.028471035137701804,run_067,0.050699589000032574,time_noise_60min,67,0.3941763994970794
0.8255290068935205,0.8255290068935205,0,0,0.0,0.0,3,3,0.0,0.0,17.647058823529413,17.647058823529413,0.0,0.0,9.353846153846154,additive_cij_louvain,17,17,1520.0,325,325,0,0,0.9369193075540712,0.9369193075540712,0.8381548084440968,0.8381548084440968,0.028869895536562204,run_067,0.04814266499988662,time_noise_60min,67,1.3536150624077388
0.7636496601028345,0.7636496601028345,0,0,0.0,0.0,3,3,0.0,0.0,18.75,18.75,0.0,0.0,9.815384615384616,additive_cij_louvain_matched_density,16,16,1595.0,325,325,0,0,0.9095535372405469,0.9095535372405469,0.7814986123959295,0.7814986123959295,0.03029439696106363,run_067,0.05410691399993084,time_noise_60min,67,0.6912682761550129
0.8180754102750815,0.8180754102750815,0,0,0.0,0.0,3,3,0.0,0.0,17.647058823529413,17.647058823529413,0.0,0.0,9.224615384615385,product_cij_leiden,17,17,1499.0,325,325,0,0,0.9289558246650211,0.9289558246650211,0.831168831168831,0.831168831168831,0.028471035137701804,run_067,0.04400070599990613,time_noise_60min,67,0.3941763994970794
0.6015029156229283,0.6015029156229283,0,0,0.0,0.0,3,3,1.6666666666666667,1.6666666666666667,21.428571428571427,21.428571428571427,1.8867924528301887,1.8867924528301887,,geo_time_dbscan,14,14,,325,325,6,6,0.8719204515899406,0.8719204515899406,0.6374094588836813,0.6374094588836813,,run_067,0.005173737999939476,time_noise_60min,67,1.0
1.0,1.0,0,0,0.0,0.0,3,3,0.0,0.0,15.789473684210526,15.789473684210526,0.0,0.0,9.757396449704142,product_cij_louvain,19,19,1649.0,338,338,0,0,1.0,1.0,1.0,1.0,0.02895369866381051,run_068,0.08617627200010247,baseline,68,0.5364254058603963
1.0,1.0,0,0,0.0,0.0,3,3,0.0,0.0,15.789473684210526,15.789473684210526,0.0,0.0,9.940828402366863,additive_cij_louvain,19,19,1680.0,338,338,0,0,1.0,1.0,1.0,1.0,0.029498007128685055,run_068,0.08233081299999867,baseline,68,1.4384113094246005
1.0,1.0,0,0,0.0,0.0,3,3,0.0,0.0,15.789473684210526,15.789473684210526,0.0,0.0,10.023668639053254,additive_cij_louvain_matched_density,19,19,1694.0,338,338,0,0,1.0,1.0,1.0,1.0,0.02974382385475743,run_068,0.09578576299986707,baseline,68,0.6960604234856392
1.0,1.0,0,0,0.0,0.0,3,3,0.0,0.0,15.789473684210526,15.789473684210526,0.0,0.0,9.757396449704142,product_cij_leiden,19,19,1649.0,338,338,0,0,1.0,1.0,1.0,1.0,0.02895369866381051,run_068,0.05399823299990203,baseline,68,0.5364254058603963
0.8207455804672323,0.8207455804672323,0,0,0.0,0.0,3,3,0.0,0.0,18.75,18.75,0.0,0.0,,geo_time_dbscan,16,16,,338,338,0,0,0.9504513822656506,0.9504513822656506,0.8338514680483593,0.8338514680483593,,run_068,0.008074817000078838,baseline,68,1.0
0.9566788288317182,0.9554599237271418,0,0,0.0,0.0,4,4,0.0,0.0,18.181818181818183,18.181818181818183,0.0,0.0,10.289940828402367,product_cij_louvain,22,22,3478.0,676,338,0,0,0.9832451850515301,0.9832451850515301,0.95935470354075,0.9581355200690548,0.015244356782818321,run_068,0.1450150189998567,exact_transport_copy_2x,68,0.5492683982241415
0.9803011206382802,0.9797597576387995,0,0,0.0,0.0,4,4,0.0,0.0,19.047619047619047,19.047619047619047,0.0,0.0,10.275147928994082,additive_cij_louvain,21,21,3473.0,676,338,0,0,0.992168473911619,0.9921684739116189,0.9815460323969654,0.9810046433094133,0.01522244137628753,run_068,0.13851273199998104,exact_transport_copy_2x,68,1.4727852643004191
1.0,1.0,0,0,0.0,0.0,5,5,0.0,0.0,23.80952380952381,23.80952380952381,0.0,0.0,10.281065088757396,additive_cij_louvain_matched_density,21,21,3475.0,676,338,0,0,1.0,1.0,1.0,1.0,0.015231207538899847,run_068,0.14940520100003596,exact_transport_copy_2x,68,0.6998472591532789
0.9566788288317182,0.9554599237271418,0,0,0.0,0.0,5,5,0.0,0.0,21.73913043478261,21.73913043478261,0.0,0.0,10.289940828402367,product_cij_leiden,23,23,3478.0,676,338,0,0,0.9832451850515301,0.9832451850515301,0.95935470354075,0.9581355200690548,0.015244356782818321,run_068,0.1073980759999813,exact_transport_copy_2x,68,0.5492683982241415
0.8246228514662887,0.8207455804672323,0,0,0.0,0.0,3,3,0.0,0.0,18.75,18.75,0.0,0.0,,geo_time_dbscan,16,16,,676,338,0,0,0.9504513822656506,0.9504513822656506,0.8377466689155001,0.8338514680483593,,run_068,0.012054144999865457,exact_transport_copy_2x,68,1.0
0.32871253614438856,0.27897420084824703,0,0,0.0,0.0,19,19,0.0,0.0,18.81188118811881,18.81188118811881,0.0,0.0,10.089940828402368,product_cij_louvain,101,101,8526.0,1690,338,0,0,0.7762102921314128,0.776210292131413,0.3438053387551649,0.2921825256455607,0.005973914048787665,run_068,0.5721926000001076,exact_transport_copy_5x,68,0.5576224731593874
0.3169501831559907,0.26595755077218647,0,0,0.0,0.0,19,19,0.0,0.0,18.446601941747574,18.446601941747574,0.0,0.0,10.043786982248522,additive_cij_louvain,103,103,8487.0,1690,338,0,0,0.7727073860682404,0.7727073860682404,0.3317698355024113,0.2787878787878788,0.005946587911337194,run_068,0.5836262309999256,exact_transport_copy_5x,68,1.4870644790103371
0.32178036500257073,0.27130444993537733,0,0,0.0,0.0,19,19,0.0,0.0,18.446601941747574,18.446601941747574,0.0,0.0,10.054437869822484,additive_cij_louvain_matched_density,103,103,8496.0,1690,338,0,0,0.773495866516733,0.7734958665167333,0.33671453036490584,0.2842928216062544,0.005952893943056534,run_068,0.5522199670001555,exact_transport_copy_5x,68,0.7016129455217918
0.32871253614438856,0.27897420084824703,0,0,0.0,0.0,19,19,0.0,0.0,18.81188118811881,18.81188118811881,0.0,0.0,10.089940828402368,product_cij_leiden,101,101,8526.0,1690,338,0,0,0.7762102921314129,0.7762102921314129,0.3438053387551649,0.2921825256455607,0.005973914048787665,run_068,0.44130904999997256,exact_transport_copy_5x,68,0.5576224731593874
0.8268633469895119,0.8207455804672323,0,0,0.0,0.0,3,3,0.0,0.0,18.75,18.75,0.0,0.0,,geo_time_dbscan,16,16,,1690,338,0,0,0.9504513822656507,0.9504513822656506,0.8399973388330784,0.8338514680483593,,run_068,0.05697105000012925,exact_transport_copy_5x,68,1.0
1.0,1.0,0,0,0.0,0.0,3,3,0.0,0.0,15.789473684210526,15.789473684210526,0.0,0.0,9.727810650887575,product_cij_louvain,19,19,1644.0,338,338,0,0,1.0,1.0,1.0,1.0,0.02886590697592752,run_068,0.10372360600013053,gps_noise_100m,68,0.5121443841187997
1.0,1.0,0,0,0.0,0.0,3,3,0.0,0.0,15.789473684210526,15.789473684210526,0.0,0.0,9.928994082840237,additive_cij_louvain,19,19,1678.0,338,338,0,0,1.0,1.0,1.0,1.0,0.02946289045353186,run_068,0.0809504480000669,gps_noise_100m,68,1.3912993034721846
1.0,1.0,0,0,0.0,0.0,3,3,0.0,0.0,15.789473684210526,15.789473684210526,0.0,0.0,9.923076923076923,additive_cij_louvain_matched_density,19,19,1677.0,338,338,0,0,1.0,1.0,1.0,1.0,0.02944533211595526,run_068,0.0919681559998935,gps_noise_100m,68,0.6975968503866451
1.0,1.0,0,0,0.0,0.0,3,3,0.0,0.0,15.789473684210526,15.789473684210526,0.0,0.0,9.727810650887575,product_cij_leiden,19,19,1644.0,338,338,0,0,1.0,1.0,1.0,1.0,0.02886590697592752,run_068,0.05221920899998622,gps_noise_100m,68,0.5121443841187997
0.6491054352638127,0.6491054352638127,0,0,0.0,0.0,3,3,0.0,0.0,23.076923076923077,23.076923076923077,0.0,0.0,,geo_time_dbscan,13,13,,338,338,0,0,0.8874514022487326,0.8874514022487326,0.6781851383621296,0.6781851383621296,,run_068,0.00751547799995933,gps_noise_100m,68,1.0
0.9626748845423954,0.9626748845423954,0,0,0.0,0.0,3,3,0.0,0.0,16.666666666666668,16.666666666666668,0.0,0.0,9.822485207100591,product_cij_louvain,18,18,1660.0,338,338,0,0,0.984319341026013,0.984319341026013,0.9650882825040129,0.9650882825040129,0.02914684037715309,run_068,0.10873588699996617,gps_noise_300m,68,0.3534537063274742
0.9626748845423954,0.9626748845423954,0,0,0.0,0.0,3,3,0.0,0.0,16.666666666666668,16.666666666666668,0.0,0.0,9.976331360946746,additive_cij_louvain,18,18,1686.0,338,338,0,0,0.984319341026013,0.984319341026013,0.9650882825040129,0.9650882825040129,0.029603357154144645,run_068,0.09064958400017531,gps_noise_300m,68,1.1524505786819443
0.9051598296045773,0.9051598296045773,0,0,0.0,0.0,3,3,0.0,0.0,17.647058823529413,17.647058823529413,0.0,0.0,10.112426035502958,additive_cij_louvain_matched_density,17,17,1709.0,338,338,0,0,0.9721208640418665,0.9721208640418665,0.9116314199395771,0.9116314199395771,0.030007198918406405,run_068,0.08662834399979147,gps_noise_300m,68,0.6994005063242477
0.955942747520366,0.955942747520366,0,0,0.0,0.0,3,3,0.0,0.0,16.666666666666668,16.666666666666668,0.0,0.0,9.822485207100591,product_cij_leiden,18,18,1660.0,338,338,0,0,0.9796591207667784,0.9796591207667784,0.9587999999999999,0.9587999999999999,0.02914684037715309,run_068,0.05443627800013928,gps_noise_300m,68,0.3534537063274742
0.6491054352638127,0.6491054352638127,0,0,0.0,0.0,3,3,0.0,0.0,23.076923076923077,23.076923076923077,0.0,0.0,,geo_time_dbscan,13,13,,338,338,0,0,0.8874514022487326,0.8874514022487326,0.6781851383621296,0.6781851383621296,,run_068,0.00809300500009158,gps_noise_300m,68,1.0
1.0,1.0,0,0,0.0,0.0,3,3,0.0,0.0,15.789473684210526,15.789473684210526,0.0,0.0,9.857988165680473,product_cij_louvain,19,19,1666.0,338,338,0,0,1.0,1.0,1.0,1.0,0.02925219040261268,run_068,0.08319079299985788,time_noise_15min,68,0.5001153559553924
1.0,1.0,0,0,0.0,0.0,3,3,0.0,0.0,15.789473684210526,15.789473684210526,0.0,0.0,9.964497041420119,additive_cij_louvain,19,19,1684.0,338,338,0,0,1.0,1.0,1.0,1.0,0.02956824047899145,run_068,0.07572114999993573,time_noise_15min,68,1.396428081025869
1.0,1.0,0,0,0.0,0.0,3,3,0.0,0.0,15.789473684210526,15.789473684210526,0.0,0.0,10.065088757396449,additive_cij_louvain_matched_density,19,19,1701.0,338,338,0,0,1.0,1.0,1.0,1.0,0.02986673221779362,run_068,0.04848973399998613,time_noise_15min,68,0.6836804051651927
1.0,1.0,0,0,0.0,0.0,3,3,0.0,0.0,15.789473684210526,15.789473684210526,0.0,0.0,9.857988165680473,product_cij_leiden,19,19,1666.0,338,338,0,0,1.0,1.0,1.0,1.0,0.02925219040261268,run_068,0.03295379800010778,time_noise_15min,68,0.5001153559553924
0.636568072104607,0.636568072104607,0,0,0.0,0.0,3,3,0.0,0.0,21.428571428571427,21.428571428571427,0.0,0.0,,geo_time_dbscan,14,14,,338,338,0,0,0.8966112012524297,0.8966112012524297,0.6669429479209835,0.6669429479209835,,run_068,0.005092512999908649,time_noise_15min,68,1.0
1.0,1.0,0,0,0.0,0.0,3,3,0.0,0.0,15.789473684210526,15.789473684210526,0.0,0.0,9.550295857988166,product_cij_louvain,19,19,1614.0,338,338,0,0,1.0,1.0,1.0,1.0,0.02833915684862957,run_068,0.04804705499986994,time_noise_60min,68,0.3356832382549885
1.0,1.0,0,0,0.0,0.0,3,3,0.0,0.0,15.789473684210526,15.789473684210526,0.0,0.0,9.68639053254438,additive_cij_louvain,19,19,1637.0,338,338,0,0,1.0,1.0,1.0,1.0,0.02874299861289133,run_068,0.042782434999935504,time_noise_60min,68,1.2342340484802454
0.879064798767639,0.879064798767639,0,0,0.0,0.0,3,3,0.0,0.0,17.647058823529413,17.647058823529413,0.0,0.0,9.816568047337277,additive_cij_louvain_matched_density,17,17,1659.0,338,338,0,0,0.9673843724947988,0.9673843724947988,0.8875,0.8875,0.029129282039576494,run_068,0.05433276200005821,time_noise_60min,68,0.6444647016090329
1.0,1.0,0,0,0.0,0.0,3,3,0.0,0.0,15.789473684210526,15.789473684210526,0.0,0.0,9.550295857988166,product_cij_leiden,19,19,1614.0,338,338,0,0,1.0,1.0,1.0,1.0,0.02833915684862957,run_068,0.03483694299984563,time_noise_60min,68,0.3356832382549885
0.6303714343956,0.6303714343956,0,0,0.0,0.0,3,3,5.0,5.0,21.428571428571427,21.428571428571427,1.7985611510791366,1.7985611510791366,,geo_time_dbscan,14,14,,338,338,8,8,0.8846864708821344,0.8846864708821344,0.6612948826689286,0.6612948826689286,,run_068,0.005286101000137933,time_noise_60min,68,1.0
0.7793940724951806,0.7793940724951806,0,0,0.0,0.0,3,3,0.0,0.0,17.647058823529413,17.647058823529413,0.0,0.0,9.896024464831804,product_cij_louvain,17,17,1618.0,327,327,0,0,0.9537956293306054,0.9537956293306054,0.7962570621468926,0.7962570621468926,0.030355903266355226,run_069,0.04457934400011254,baseline,69,0.5141383649820903
0.8322359599609418,0.8322359599609418,0,0,0.0,0.0,3,3,0.0,0.0,16.666666666666668,16.666666666666668,0.0,0.0,9.669724770642201,additive_cij_louvain,18,18,1581.0,327,327,0,0,0.9557461707483202,0.9557461707483202,0.8440584287406239,0.8440584287406239,0.029661732425282826,run_069,0.04000221599994802,baseline,69,1.5562858514705045
0.8248456174307377,0.8248456174307377,0,0,0.0,0.0,3,3,0.0,0.0,16.666666666666668,16.666666666666668,0.0,0.0,9.98165137614679,additive_cij_louvain_matched_density,18,18,1632.0,327,327,0,0,0.9543984068093807,0.9543984068093807,0.8372549019607842,0.8372549019607842,0.030618562503517757,run_069,0.052194584999824656,baseline,69,0.7663507317633178
0.8248456174307377,0.8248456174307377,0,0,0.0,0.0,3,3,0.0,0.0,16.666666666666668,16.666666666666668,0.0,0.0,9.896024464831804,product_cij_leiden,18,18,1618.0,327,327,0,0,0.9543984068093807,0.9543984068093807,0.8372549019607842,0.8372549019607842,0.030355903266355226,run_069,0.03710208899997269,baseline,69,0.5141383649820903
0.5598603550466976,0.5598603550466976,0,0,0.0,0.0,3,3,0.0,0.0,23.076923076923077,23.076923076923077,0.0,0.0,,geo_time_dbscan,13,13,,327,327,0,0,0.8658845516136954,0.8658845516136954,0.5990171337495019,0.5990171337495019,,run_069,0.004978222000090682,baseline,69,1.0
0.8998324747168535,0.8970998116363952,0,0,0.0,0.0,3,3,0.0,0.0,15.789473684210526,15.789473684210526,0.0,0.0,10.412844036697248,product_cij_louvain,19,19,3405.0,654,327,0,0,0.9584430703201331,0.9584430703201331,0.9064526416498352,0.9037199124726477,0.015946162383916152,run_069,0.1312662510001701,exact_transport_copy_2x,69,0.5235973623124573
0.8995541219548866,0.8968048513061232,0,0,0.0,0.0,3,3,0.0,0.0,15.789473684210526,15.789473684210526,0.0,0.0,10.37308868501529,additive_cij_louvain,19,19,3392.0,654,327,0,0,0.9547915166752324,0.9547915166752324,0.9061733660304937,0.90342405618964,0.015885281294050983,run_069,0.14803413799995724,exact_transport_copy_2x,69,1.568262713564019
0.8890921539925201,0.8861015705434876,0,0,0.0,0.0,3,3,0.0,0.0,15.789473684210526,15.789473684210526,0.0,0.0,10.415902140672783,additive_cij_louvain_matched_density,19,19,3406.0,654,327,0,0,0.9569497396662966,0.9569497396662967,0.8964973177658567,0.8935064935064935,0.01595084554467501,run_069,0.13061151900001278,exact_transport_copy_2x,69,0.7704066025769547
0.904594312833867,0.9019909472021743,0,0,0.0,0.0,3,3,0.0,0.0,15.789473684210526,15.789473684210526,0.0,0.0,10.412844036697248,product_cij_leiden,19,19,3405.0,654,327,0,0,0.9578282297469387,0.9578282297469387,0.9108984582668793,0.9082950317356095,0.015946162383916152,run_069,0.09324100000003455,exact_transport_copy_2x,69,0.5235973623124573
0.566574495695321,0.5598603550466976,0,0,0.0,0.0,3,3,0.0,0.0,23.076923076923077,23.076923076923077,0.0,0.0,,geo_time_dbscan,13,13,,654,327,0,0,0.8658845516136954,0.8658845516136954,0.6060032626427406,0.5990171337495019,,run_069,0.013719149000053221,exact_transport_copy_2x,69,1.0
0.33249303051571677,0.2824232662820916,0,0,0.0,0.0,18,18,0.0,0.0,18.75,18.75,0.0,0.0,10.118654434250764,product_cij_louvain,96,96,8272.0,1635,327,0,0,0.7640061154602017,0.7640061154602016,0.34878739722241414,0.29690414024617684,0.006192566973225682,run_069,0.5118785109998498,exact_transport_copy_5x,69,0.5292664702818884
0.33249303051571677,0.2824232662820916,0,0,0.0,0.0,18,18,0.0,0.0,18.75,18.75,0.0,0.0,10.110091743119266,additive_cij_louvain,96,96,8265.0,1635,327,0,0,0.7640061154602016,0.7640061154602016,0.34878739722241414,0.29690414024617684,0.0061873266481758055,run_069,0.5424052230000598,exact_transport_copy_5x,69,1.5738955486497053
0.3183284263887293,0.26719617378940386,0,0,0.0,0.0,17,17,0.0,0.0,17.708333333333332,17.708333333333332,0.0,0.0,10.121100917431193,additive_cij_louvain_matched_density,96,96,8274.0,1635,327,0,0,0.757729137202302,0.7577291372023018,0.33496856215021076,0.2819843342036554,0.0061940642089542185,run_069,0.5116373029998158,exact_transport_copy_5x,69,0.7731111763392882
0.33249303051571677,0.2824232662820916,0,0,0.0,0.0,18,18,0.0,0.0,18.75,18.75,0.0,0.0,10.118654434250764,product_cij_leiden,96,96,8272.0,1635,327,0,0,0.7640061154602016,0.7640061154602015,0.34878739722241414,0.29690414024617684,0.006192566973225682,run_069,0.3997165309999673,exact_transport_copy_5x,69,0.5292664702818884
0.5704938667190155,0.5598603550466976,0,0,0.0,0.0,3,3,0.0,0.0,23.076923076923077,23.076923076923077,0.0,0.0,,geo_time_dbscan,13,13,,1635,327,0,0,0.8658845516136954,0.8658845516136954,0.6100793015266189,0.5990171337495019,,run_069,0.056976880999854984,exact_transport_copy_5x,69,1.0
0.8248456174307377,0.8248456174307377,0,0,0.0,0.0,3,3,0.0,0.0,16.666666666666668,16.666666666666668,0.0,0.0,9.963302752293577,product_cij_louvain,18,18,1629.0,327,327,0,0,0.9543984068093807,0.9543984068093807,0.8372549019607842,0.8372549019607842,0.030562278381268643,run_069,0.054296979000127976,gps_noise_100m,69,0.49247113993164293
0.8248456174307377,0.8248456174307377,0,0,0.0,0.0,3,3,0.0,0.0,16.666666666666668,16.666666666666668,0.0,0.0,9.761467889908257,additive_cij_louvain,18,18,1596.0,327,327,0,0,0.9543984068093807,0.9543984068093807,0.8372549019607842,0.8372549019607842,0.029943153036528395,run_069,0.05429976799996439,gps_noise_100m,69,1.5226704605992472
0.7793940724951806,0.7793940724951806,0,0,0.0,0.0,3,3,0.0,0.0,17.647058823529413,17.647058823529413,0.0,0.0,10.055045871559633,additive_cij_louvain_matched_density,17,17,1644.0,327,327,0,0,0.9537956293306056,0.9537956293306056,0.7962570621468926,0.7962570621468926,0.030843698992514212,run_069,0.0450450200000887,gps_noise_100m,69,0.7641111488199763
0.8248456174307377,0.8248456174307377,0,0,0.0,0.0,3,3,0.0,0.0,16.666666666666668,16.666666666666668,0.0,0.0,9.963302752293577,product_cij_leiden,18,18,1629.0,327,327,0,0,0.9543984068093807,0.9543984068093807,0.8372549019607842,0.8372549019607842,0.030562278381268643,run_069,0.031766783999955805,gps_noise_100m,69,0.49247113993164293
0.5598603550466976,0.5598603550466976,0,0,0.0,0.0,3,3,0.0,0.0,23.076923076923077,23.076923076923077,0.0,0.0,,geo_time_dbscan,13,13,,327,327,0,0,0.8658845516136954,0.8658845516136954,0.5990171337495019,0.5990171337495019,,run_069,0.004900722999991558,gps_noise_100m,69,1.0
0.7602857671542976,0.7602857671542976,0,0,0.0,0.0,3,3,0.0,0.0,18.75,18.75,0.0,0.0,9.792048929663608,product_cij_louvain,16,16,1601.0,327,327,0,0,0.9384850094480319,0.9384850094480319,0.7788010425716768,0.7788010425716768,0.030036959906943585,run_069,0.0611427349999758,gps_noise_300m,69,0.3312864639067309
0.7470801764291273,0.7470801764291273,0,0,0.0,0.0,3,3,0.0,0.0,18.75,18.75,0.0,0.0,9.46177370030581,additive_cij_louvain,16,16,1547.0,327,327,0,0,0.934772626520099,0.934772626520099,0.766809238665526,0.766809238665526,0.02902384570645954,run_069,0.05158505999997942,gps_noise_300m,69,1.2801527912418673
0.7657081414945411,0.7657081414945411,0,0,0.0,0.0,3,3,0.0,0.0,18.75,18.75,0.0,0.0,10.134556574923547,additive_cij_louvain_matched_density,16,16,1657.0,327,327,0,0,0.9438505282521165,0.9438505282521165,0.78380257212374,0.78380257212374,0.031087596855593702,run_069,0.05744118399979925,gps_noise_300m,69,0.7423644386666156
0.7602857671542976,0.7602857671542976,0,0,0.0,0.0,3,3,0.0,0.0,18.75,18.75,0.0,0.0,9.792048929663608,product_cij_leiden,16,16,1601.0,327,327,0,0,0.9384850094480319,0.9384850094480319,0.7788010425716768,0.7788010425716768,0.030036959906943585,run_069,0.032045893000031356,gps_noise_300m,69,0.3312864639067309
0.25104843104707014,0.25104843104707014,0,0,0.0,0.0,3,3,0.0,0.0,27.272727272727273,27.272727272727273,0.0,0.0,,geo_time_dbscan,11,11,,327,327,0,0,0.7291218213071137,0.7291218213071137,0.3304513481828839,0.3304513481828839,,run_069,0.004873166000152196,gps_noise_300m,69,1.0
0.7793940724951806,0.7793940724951806,0,0,0.0,0.0,3,3,0.0,0.0,17.647058823529413,17.647058823529413,0.0,0.0,9.761467889908257,product_cij_louvain,17,17,1596.0,327,327,0,0,0.9537956293306056,0.9537956293306056,0.7962570621468926,0.7962570621468926,0.029943153036528395,run_069,0.042474222999999256,time_noise_15min,69,0.4871175891361081
0.7793940724951806,0.7793940724951806,0,0,0.0,0.0,3,3,0.0,0.0,17.647058823529413,17.647058823529413,0.0,0.0,9.577981651376147,additive_cij_louvain,17,17,1566.0,327,327,0,0,0.9537956293306054,0.9537956293306054,0.7962570621468926,0.7962570621468926,0.02938031181403726,run_069,0.04330923299994538,time_noise_15min,69,1.5284022925523781
0.7793940724951806,0.7793940724951806,0,0,0.0,0.0,3,3,0.0,0.0,17.647058823529413,17.647058823529413,0.0,0.0,9.97553516819572,additive_cij_louvain_matched_density,17,17,1631.0,327,327,0,0,0.9537956293306056,0.9537956293306056,0.7962570621468926,0.7962570621468926,0.03059980112943472,run_069,0.048506799000051615,time_noise_15min,69,0.7417415598497294
0.8616693793101993,0.8616693793101993,0,0,0.0,0.0,3,3,0.0,0.0,16.666666666666668,16.666666666666668,0.0,0.0,9.761467889908257,product_cij_leiden,18,18,1596.0,327,327,0,0,0.9468441728993282,0.9468441728993282,0.8709945900957137,0.8709945900957137,0.029943153036528395,run_069,0.03201278500000626,time_noise_15min,69,0.4871175891361081
0.5598603550466976,0.5598603550466976,0,0,0.0,0.0,3,3,0.0,0.0,23.076923076923077,23.076923076923077,0.0,0.0,,geo_time_dbscan,13,13,,327,327,0,0,0.8658845516136954,0.8658845516136954,0.5990171337495019,0.5990171337495019,,run_069,0.004743726000015158,time_noise_15min,69,1.0
0.7260207551837858,0.7260207551837858,0,0,0.0,0.0,3,3,0.0,0.0,18.75,18.75,0.0,0.0,9.82874617737003,product_cij_louvain,16,16,1607.0,327,327,0,0,0.9024807295260393,0.9024807295260393,0.7468376982006057,0.7468376982006057,0.030149528151441812,run_069,0.041560658999969746,time_noise_60min,69,0.3712486753795519
0.7340591649655669,0.7340591649655669,0,0,0.0,0.0,3,3,0.0,0.0,17.647058823529413,17.647058823529413,0.0,0.0,9.400611620795107,additive_cij_louvain,17,17,1537.0,327,327,0,0,0.902586125699972,0.902586125699972,0.7537091988130563,0.7537091988130563,0.028836231965629164,run_069,0.04366077600002427,time_noise_60min,69,1.4066373512790227
0.7330984981501965,0.7330984981501965,0,0,0.0,0.0,3,3,0.0,0.0,18.75,18.75,0.0,0.0,10.1651376146789,additive_cij_louvain_matched_density,16,16,1662.0,327,327,0,0,0.9081537715553719,0.9081537715553719,0.7533118510562119,0.7533118510562119,0.031181403726008892,run_069,0.049716993999936676,time_noise_60min,69,0.7007296376010487
0.7287101562969724,0.7287101562969724,0,0,0.0,0.0,3,3,0.0,0.0,18.75,18.75,0.0,0.0,9.82874617737003,product_cij_leiden,16,16,1607.0,327,327,0,0,0.8989760883460914,0.8989760883460914,0.7488483508384005,0.7488483508384005,0.030149528151441812,run_069,0.03210058700005902,time_noise_60min,69,0.3712486753795519
0.547195397994207,0.547195397994207,0,0,0.0,0.0,3,3,3.3333333333333335,3.3333333333333335,23.076923076923077,23.076923076923077,2.6217228464419478,2.6217228464419478,,geo_time_dbscan,13,13,,327,327,9,9,0.8419652312949973,0.8419652312949973,0.5883324160704458,0.5883324160704458,,run_069,0.006256211999925654,time_noise_60min,69,1.0
0.9934720173028903,0.9934720173028903,0,0,0.0,0.0,3,3,0.0,0.0,15.789473684210526,15.789473684210526,0.0,0.0,9.75294117647059,product_cij_louvain,19,19,1658.0,340,340,0,0,0.9950601889722849,0.9950601889722849,0.9938964363063595,0.9938964363063595,0.02876973798368905,run_070,0.04678023699989353,baseline,70,0.3307148490313066
1.0,1.0,0,0,0.0,0.0,3,3,0.0,0.0,15.789473684210526,15.789473684210526,0.0,0.0,9.670588235294117,additive_cij_louvain,19,19,1644.0,340,340,0,0,1.0,1.0,1.0,1.0,0.028526808953669963,run_070,0.05352625000000444,baseline,70,1.5111268771168995
0.9873721343740686,0.9873721343740686,0,0,0.0,0.0,3,3,0.0,0.0,15.789473684210526,15.789473684210526,0.0,0.0,9.711764705882352,additive_cij_louvain_matched_density,19,19,1651.0,340,340,0,0,0.990212892875739,0.990212892875739,0.9881936245572609,0.9881936245572609,0.028648273468679507,run_070,0.0643345800001498,baseline,70,0.7800931603195514
0.9934720173028903,0.9934720173028903,0,0,0.0,0.0,3,3,0.0,0.0,15.789473684210526,15.789473684210526,0.0,0.0,9.75294117647059,product_cij_leiden,19,19,1658.0,340,340,0,0,0.9950601889722849,0.9950601889722849,0.9938964363063595,0.9938964363063595,0.02876973798368905,run_070,0.03479088600010982,baseline,70,0.3307148490313066
0.41115479771278396,0.41115479771278396,0,0,0.0,0.0,3,3,0.0,0.0,30.0,30.0,0.0,0.0,,geo_time_dbscan,10,10,,340,340,0,0,0.7699544561713304,0.7699544561713304,0.4697726012201886,0.4697726012201886,,run_070,0.007942584999909741,baseline,70,1.0
0.93382883341974,0.9320119058861654,0,0,0.0,0.0,3,3,0.0,0.0,14.285714285714286,14.285714285714286,0.0,0.0,10.361764705882353,product_cij_louvain,21,21,3523.0,680,340,0,0,0.9783887193940415,0.9783887193940415,0.9379703070978239,0.9361523969018212,0.01526033093649831,run_070,0.25185980399987784,exact_transport_copy_2x,70,0.3352396875142793
1.0,1.0,0,0,0.0,0.0,3,3,0.0,0.0,15.789473684210526,15.789473684210526,0.0,0.0,10.438235294117646,additive_cij_louvain,19,19,3549.0,680,340,0,0,1.0,1.0,1.0,1.0,0.015372953305033353,run_070,0.22393094499989274,exact_transport_copy_2x,70,1.524680605353064
0.9148717395184254,0.912720750539574,0,0,0.0,0.0,3,3,0.0,0.0,15.789473684210526,15.789473684210526,0.0,0.0,10.344117647058823,additive_cij_louvain_matched_density,19,19,3517.0,680,340,0,0,0.9737412826135022,0.9737412826135022,0.9206409048067861,0.9184898354307842,0.01523434115914407,run_070,0.2486835180000071,exact_transport_copy_2x,70,0.7829638683387219
0.93382883341974,0.9320119058861654,0,0,0.0,0.0,3,3,0.0,0.0,14.285714285714286,14.285714285714286,0.0,0.0,10.361764705882353,product_cij_leiden,21,21,3523.0,680,340,0,0,0.9783887193940415,0.9783887193940415,0.9379703070978239,0.9361523969018212,0.01526033093649831,run_070,0.16554680100011865,exact_transport_copy_2x,70,0.3352396875142793
0.4173142509540263,0.41115479771278396,0,0,0.0,0.0,3,3,0.0,0.0,30.0,30.0,0.0,0.0,,geo_time_dbscan,10,10,,680,340,0,0,0.7699544561713303,0.7699544561713304,0.4765468151122468,0.4697726012201886,,run_070,0.016439413999933095,exact_transport_copy_2x,70,1.0
0.3604781378045516,0.3163023967255166,0,0,0.0,0.0,17,17,0.0,0.0,17.894736842105264,17.894736842105264,0.0,0.0,10.216470588235294,product_cij_louvain,95,95,8684.0,1700,340,0,0,0.780372866018772,0.7803728660187721,0.3769089798411729,0.33114754098360655,0.006013225772946024,run_070,0.8463211250000313,exact_transport_copy_5x,70,0.3391745650694125
0.3749649222265331,0.3321975249188959,0,0,0.0,0.0,17,17,0.0,0.0,18.085106382978722,18.085106382978722,0.0,0.0,10.232941176470588,additive_cij_louvain,94,94,8698.0,1700,340,0,0,0.7835354283331064,0.7835354283331066,0.39164648910411626,0.3474025974025974,0.006022920056780805,run_070,1.3799521579999237,exact_transport_copy_5x,70,1.5355696826519774
0.35118069692630033,0.30609087021750003,0,0,0.0,0.0,17,17,0.0,0.0,18.085106382978722,18.085106382978722,0.0,0.0,10.22,additive_cij_louvain_matched_density,94,94,8687.0,1700,340,0,0,0.780000388682464,0.780000388682464,0.3674347158218126,0.32068624216430225,0.006015303119482048,run_070,0.8672527420001188,exact_transport_copy_5x,70,0.7847977417647493
0.3604781378045516,0.3163023967255166,0,0,0.0,0.0,17,17,0.0,0.0,17.894736842105264,17.894736842105264,0.0,0.0,10.216470588235294,product_cij_leiden,95,95,8684.0,1700,340,0,0,0.7803728660187721,0.7803728660187721,0.3769089798411729,0.33114754098360655,0.006013225772946024,run_070,0.4416038370000024,exact_transport_copy_5x,70,0.3391745650694125
0.4209381303311777,0.41115479771278396,0,0,0.0,0.0,3,3,0.0,0.0,30.0,30.0,0.0,0.0,,geo_time_dbscan,10,10,,1700,340,0,0,0.7699544561713303,0.7699544561713304,0.48052888969389607,0.4697726012201886,,run_070,0.06383794699991086,exact_transport_copy_5x,70,1.0
0.9934815697772745,0.9934815697772745,0,0,0.0,0.0,3,3,0.0,0.0,15.789473684210526,15.789473684210526,0.0,0.0,9.929411764705883,product_cij_louvain,19,19,1688.0,340,340,0,0,0.9950689879767685,0.9950689879767685,0.9939060349911539,0.9939060349911539,0.02929030019087281,run_070,0.0480893249998644,gps_noise_100m,70,0.32716113249335615
0.9493019938490054,0.9493019938490054,0,0,0.0,0.0,3,3,0.0,0.0,16.666666666666668,16.666666666666668,0.0,0.0,9.852941176470589,additive_cij_louvain,18,18,1675.0,340,340,0,0,0.9854135060773536,0.9854135060773536,0.952755905511811,0.952755905511811,0.029064723234426514,run_070,0.04443555500006369,gps_noise_100m,70,1.4632526725840238
0.9873721343740686,0.9873721343740686,0,0,0.0,0.0,3,3,0.0,0.0,15.789473684210526,15.789473684210526,0.0,0.0,9.811764705882354,additive_cij_louvain_matched_density,19,19,1668.0,340,340,0,0,0.990212892875739,0.990212892875739,0.9881936245572609,0.9881936245572609,0.02894325871941697,run_070,0.05303845499997806,gps_noise_100m,70,0.777852749629178
0.9934815697772745,0.9934815697772745,0,0,0.0,0.0,3,3,0.0,0.0,15.789473684210526,15.789473684210526,0.0,0.0,9.929411764705883,product_cij_leiden,19,19,1688.0,340,340,0,0,0.9950689879767685,0.9950689879767685,0.9939060349911539,0.9939060349911539,0.02929030019087281,run_070,0.03458622500011188,gps_noise_100m,70,0.32716113249335615
0.26044794172151947,0.26044794172151947,0,0,0.0,0.0,3,3,0.0,0.0,33.333333333333336,33.333333333333336,0.0,0.0,,geo_time_dbscan,9,9,,340,340,0,0,0.6788435539631547,0.6788435539631547,0.3402973081558859,0.3402973081558859,,run_070,0.005445584999961284,gps_noise_100m,70,1.0
0.8289521697842951,0.8289521697842951,0,0,0.0,0.0,3,3,0.0,0.0,18.75,18.75,0.0,0.0,10.08235294117647,product_cij_louvain,16,16,1714.0,340,340,0,0,0.9436013870038504,0.9436013870038504,0.8416610398379474,0.8416610398379474,0.0297414541037654,run_070,0.05783900899996297,gps_noise_300m,70,0.26896759941173715
0.7223719096320157,0.7223719096320157,0,0,0.0,0.0,3,3,0.0,0.0,20.0,20.0,0.0,0.0,9.529411764705882,additive_cij_louvain,15,15,1620.0,340,340,0,0,0.8963478886582363,0.8963478886582363,0.7445188794153471,0.7445188794153471,0.028110359187922956,run_070,0.044142341999986456,gps_noise_300m,70,1.287276712075107
0.8489925266850048,0.8489925266850048,0,0,0.0,0.0,3,3,0.0,0.0,18.75,18.75,0.0,0.0,10.005882352941176,additive_cij_louvain_matched_density,16,16,1701.0,340,340,0,0,0.9536769726625124,0.9536769726625124,0.8601895734597157,0.8601895734597157,0.029515877147319104,run_070,0.0449382639999385,gps_noise_300m,70,0.755789932805535
0.8126430783880699,0.8126430783880699,0,0,0.0,0.0,3,3,0.0,0.0,18.75,18.75,0.0,0.0,10.08235294117647,product_cij_leiden,16,16,1714.0,340,340,0,0,0.9347701840703933,0.9347701840703933,0.8266129032258064,0.8266129032258064,0.0297414541037654,run_070,0.034145201999990604,gps_noise_300m,70,0.26896759941173715
0.2619309751156182,0.2619309751156182,0,0,0.0,0.0,3,3,0.0,0.0,33.333333333333336,33.333333333333336,0.35714285714285715,0.35714285714285715,,geo_time_dbscan,9,9,,340,340,1,1,0.6791570146196341,0.6791570146196341,0.3414667117269348,0.3414667117269348,,run_070,0.00511340699995344,gps_noise_300m,70,1.0
0.9427439090614073,0.9427439090614073,0,0,0.0,0.0,3,3,0.0,0.0,16.666666666666668,16.666666666666668,0.0,0.0,9.788235294117648,product_cij_louvain,18,18,1664.0,340,340,0,0,0.9804585463268489,0.9804585463268489,0.9466366027809094,0.9466366027809094,0.028873850425125802,run_070,0.04526990299996214,time_noise_15min,70,0.32782364399678915
0.9932503094175194,0.9932503094175194,0,0,0.0,0.0,3,3,0.0,0.0,15.789473684210526,15.789473684210526,0.0,0.0,9.641176470588235,additive_cij_louvain,19,19,1639.0,340,340,0,0,0.9951089538840374,0.9951089538840374,0.9936883629191322,0.9936883629191322,0.028440048585806003,run_070,0.049581902999989325,time_noise_15min,70,1.4717123625941169
0.9340864126674769,0.9340864126674769,0,0,0.0,0.0,3,3,0.0,0.0,16.666666666666668,16.666666666666668,0.0,0.0,9.811764705882354,additive_cij_louvain_matched_density,18,18,1668.0,340,340,0,0,0.9750187992007505,0.9750187992007505,0.9385684764230697,0.9385684764230697,0.02894325871941697,run_070,0.05432060599991928,time_noise_15min,70,0.7636864647696125
0.9932503094175194,0.9932503094175194,0,0,0.0,0.0,3,3,0.0,0.0,15.789473684210526,15.789473684210526,0.0,0.0,9.788235294117648,product_cij_leiden,19,19,1664.0,340,340,0,0,0.9951089538840374,0.9951089538840374,0.9936883629191322,0.9936883629191322,0.028873850425125802,run_070,0.03747357199995349,time_noise_15min,70,0.32782364399678915
0.41115479771278396,0.41115479771278396,0,0,0.0,0.0,3,3,0.0,0.0,30.0,30.0,0.0,0.0,,geo_time_dbscan,10,10,,340,340,0,0,0.7699544561713304,0.7699544561713304,0.4697726012201886,0.4697726012201886,,run_070,0.005511270999932094,time_noise_15min,70,1.0
0.7898656655459628,0.7898656655459628,0,0,0.0,0.0,3,3,0.0,0.0,20.0,20.0,0.0,0.0,9.841176470588236,product_cij_louvain,15,15,1673.0,340,340,0,0,0.9240807445975899,0.9240807445975899,0.8058727569331158,0.8058727569331158,0.02903001908728093,run_070,0.07310627000015302,time_noise_60min,70,0.2976212947056201
0.7322944872930115,0.7322944872930115,0,0,0.0,0.0,3,3,0.0,0.0,21.428571428571427,21.428571428571427,0.0,0.0,9.511764705882353,additive_cij_louvain,14,14,1617.0,340,340,0,0,0.9024548395561773,0.9024548395561773,0.7536231884057972,0.7536231884057972,0.02805830296720458,run_070,0.0642254330000469,time_noise_60min,70,1.3641576476346586
0.6492895284641144,0.6492895284641144,0,0,0.0,0.0,3,3,0.0,0.0,23.076923076923077,23.076923076923077,0.0,0.0,9.941176470588236,additive_cij_louvain_matched_density,13,13,1690.0,340,340,0,0,0.8580598294855888,0.8580598294855888,0.6785361028684471,0.6785361028684471,0.029325004338018393,run_070,0.059314018000122815,time_noise_60min,70,0.723258260946253
0.7898656655459628,0.7898656655459628,0,0,0.0,0.0,3,3,0.0,0.0,20.0,20.0,0.0,0.0,9.841176470588236,product_cij_leiden,15,15,1673.0,340,340,0,0,0.9240807445975898,0.9240807445975898,0.8058727569331158,0.8058727569331158,0.02903001908728093,run_070,0.039026331000059145,time_noise_60min,70,0.2976212947056201
0.41090949522652725,0.41090949522652725,0,0,0.0,0.0,3,3,1.6666666666666667,1.6666666666666667,30.0,30.0,0.7142857142857143,0.7142857142857143,,geo_time_dbscan,10,10,,340,340,3,3,0.7661284123903032,0.7661284123903032,0.4692705882352941,0.4692705882352941,,run_070,0.0055457060000208,time_noise_60min,70,1.0
0.8190331225721891,0.8190331225721891,0,0,0.0,0.0,3,3,0.0,0.0,18.75,18.75,0.0,0.0,10.157575757575758,product_cij_louvain,16,16,1676.0,330,330,0,0,0.9197467944847535,0.9197467944847535,0.8319359756097561,0.8319359756097561,0.030874090448558534,run_071,0.05302363500004503,baseline,71,0.3395986479889599
0.7994233540183128,0.7994233540183128,0,0,0.0,0.0,3,3,0.0,0.0,18.75,18.75,0.0,0.0,9.715151515151515,additive_cij_louvain,16,16,1603.0,330,330,0,0,0.9348497292398682,0.9348497292398682,0.8144034396273736,0.8144034396273736,0.029529335912314637,run_071,0.052444986999944376,baseline,71,1.578906619205472
0.7703788514426887,0.7703788514426887,0,0,0.0,0.0,3,3,0.0,0.0,20.0,20.0,0.0,0.0,10.139393939393939,additive_cij_louvain_matched_density,15,15,1673.0,330,330,0,0,0.9020810737388506,0.9020810737388506,0.7873730043541364,0.7873730043541364,0.030818826563507415,run_071,0.05646806100003232,baseline,71,0.8567419263564352
0.8190331225721891,0.8190331225721891,0,0,0.0,0.0,3,3,0.0,0.0,18.75,18.75,0.0,0.0,10.157575757575758,product_cij_leiden,16,16,1676.0,330,330,0,0,0.9197467944847535,0.9197467944847535,0.8319359756097561,0.8319359756097561,0.030874090448558534,run_071,0.03413270099986221,baseline,71,0.3395986479889599
0.2655686483123772,0.2655686483123772,0,0,0.0,0.0,3,3,0.0,0.0,33.333333333333336,33.333333333333336,0.0,0.0,,geo_time_dbscan,9,9,,330,330,0,0,0.6994545597562877,0.6994545597562877,0.3433641404805915,0.3433641404805915,,run_071,0.007151793000048201,baseline,71,1.0
0.8424748745514016,0.8383673911378396,0,0,0.0,0.0,3,3,0.0,0.0,15.789473684210526,15.789473684210526,0.0,0.0,10.415151515151516,product_cij_louvain,19,19,3437.0,660,330,0,0,0.9187963749149329,0.9187963749149329,0.8531962089130873,0.8490878938640133,0.015804478778682116,run_071,0.16473292499995296,exact_transport_copy_2x,71,0.34623483678378636
0.8512996181254454,0.8474803265066719,0,0,0.0,0.0,3,3,0.0,0.0,15.789473684210526,15.789473684210526,0.0,0.0,10.275757575757575,additive_cij_louvain,19,19,3391.0,660,330,0,0,0.9273594371822509,0.9273594371822509,0.8615476427292619,0.85772690106296,0.01559295535016324,run_071,0.16719473799980733,exact_transport_copy_2x,71,1.5872962074267536
0.820174083651644,0.8154913772095314,0,0,0.0,0.0,3,3,0.0,0.0,15.789473684210526,15.789473684210526,0.0,0.0,10.396969696969697,additive_cij_louvain_matched_density,19,19,3431.0,660,330,0,0,0.9053821646070894,0.9053821646070894,0.8324269889224571,0.8277432712215321,0.015776888766266612,run_071,0.14850075100002869,exact_transport_copy_2x,71,0.8603257961022199
0.8424748745514016,0.8383673911378396,0,0,0.0,0.0,3,3,0.0,0.0,15.789473684210526,15.789473684210526,0.0,0.0,10.415151515151516,product_cij_leiden,19,19,3437.0,660,330,0,0,0.9187963749149329,0.9187963749149329,0.8531962089130873,0.8490878938640133,0.015804478778682116,run_071,0.09166115600010016,exact_transport_copy_2x,71,0.34623483678378636
0.2708281573606193,0.2655686483123772,0,0,0.0,0.0,3,3,0.0,0.0,33.333333333333336,33.333333333333336,0.0,0.0,,geo_time_dbscan,9,9,,660,330,0,0,0.6994545597562876,0.6994545597562877,0.34985358711566616,0.3433641404805915,,run_071,0.01205674200014073,exact_transport_copy_2x,71,1.0
0.3412035970032419,0.2930188693678483,0,0,0.0,0.0,18,18,0.0,0.0,18.75,18.75,0.0,0.0,10.126060606060607,product_cij_louvain,96,96,8354.0,1650,330,0,0,0.7623860117360918,0.7623860117360919,0.3578104138851802,0.3079136690647482,0.006140728081298123,run_071,0.5195420900001864,exact_transport_copy_5x,71,0.34934907250425573
0.3462942165182687,0.2984484871150127,0,0,0.0,0.0,18,18,0.0,0.0,18.75,18.75,0.0,0.0,10.135757575757577,additive_cij_louvain,96,96,8362.0,1650,330,0,0,0.766561563652927,0.766561563652927,0.3627254509018036,0.31317494600431967,0.006146608596578275,run_071,0.5113331979998748,exact_transport_copy_5x,71,1.593244934816
0.34343510761221574,0.2957790419762732,0,0,0.0,0.0,19,19,0.0,0.0,19.791666666666668,19.791666666666668,0.0,0.0,10.149090909090908,additive_cij_louvain_matched_density,96,96,8373.0,1650,330,0,0,0.7593999080114474,0.7593999080114473,0.3605036447978794,0.3112062812276945,0.006154694305088484,run_071,0.5244030779999775,exact_transport_copy_5x,71,0.8628081646447547
0.3412035970032419,0.2930188693678483,0,0,0.0,0.0,18,18,0.0,0.0,18.75,18.75,0.0,0.0,10.126060606060607,product_cij_leiden,96,96,8354.0,1650,330,0,0,0.762386011736092,0.762386011736092,0.3578104138851802,0.3079136690647482,0.006140728081298123,run_071,0.39267556100003276,exact_transport_copy_5x,71,0.34934907250425573
0.27393864803578094,0.2655686483123772,0,0,0.0,0.0,3,3,0.0,0.0,33.333333333333336,33.333333333333336,0.0,0.0,,geo_time_dbscan,9,9,,1650,330,0,0,0.6994545597562876,0.6994545597562877,0.3536860490502875,0.3433641404805915,,run_071,0.05657137100001819,exact_transport_copy_5x,71,1.0
0.7569847705729318,0.7569847705729318,0,0,0.0,0.0,3,3,0.0,0.0,20.0,20.0,0.0,0.0,10.175757575757576,product_cij_louvain,15,15,1679.0,330,330,0,0,0.8955774344710301,0.8955774344710301,0.7749773345421578,0.7749773345421578,0.030929354333609653,run_071,0.05968123200000264,gps_noise_100m,71,0.32957147056930014
0.8139696569035832,0.8139696569035832,0,0,0.0,0.0,3,3,0.0,0.0,18.75,18.75,0.0,0.0,9.654545454545454,additive_cij_louvain,16,16,1593.0,330,330,0,0,0.9172403774425774,0.9172403774425774,0.8271628620755803,0.8271628620755803,0.029345122962144237,run_071,0.06758546299988666,gps_noise_100m,71,1.5471432633057305
0.7997660047456648,0.7997660047456648,0,0,0.0,0.0,3,3,0.0,0.0,18.75,18.75,0.0,0.0,10.127272727272727,additive_cij_louvain_matched_density,16,16,1671.0,330,330,0,0,0.9098584249665003,0.9098584249665003,0.8140684410646387,0.8140684410646387,0.030781983973473336,run_071,0.05745502000013403,gps_noise_100m,71,0.8521186654389857
0.8017981818647785,0.8017981818647785,0,0,0.0,0.0,3,3,0.0,0.0,18.75,18.75,0.0,0.0,10.175757575757576,product_cij_leiden,16,16,1679.0,330,330,0,0,0.9101671342407099,0.9101671342407099,0.8159298780487806,0.8159298780487806,0.030929354333609653,run_071,0.03320048800014774,gps_noise_100m,71,0.32957147056930014
0.2655686483123772,0.2655686483123772,0,0,0.0,0.0,3,3,0.0,0.0,33.333333333333336,33.333333333333336,0.0,0.0,,geo_time_dbscan,9,9,,330,330,0,0,0.6994545597562877,0.6994545597562877,0.3433641404805915,0.3433641404805915,,run_071,0.0050884810000297875,gps_noise_100m,71,1.0
0.7053387960954068,0.7053387960954068,0,0,0.0,0.0,3,3,0.0,0.0,21.428571428571427,21.428571428571427,0.0,0.0,10.381818181818181,product_cij_louvain,14,14,1713.0,330,330,0,0,0.8820401251942711,0.8820401251942711,0.7284812229976736,0.7284812229976736,0.031555678364189,run_071,0.06182701300008375,gps_noise_300m,71,0.23739111525021764
0.6753736679213393,0.6753736679213393,0,0,0.0,0.0,3,3,0.0,0.0,21.428571428571427,21.428571428571427,0.0,0.0,9.55151515151515,additive_cij_louvain,14,14,1576.0,330,330,0,0,0.8647532626386732,0.8647532626386732,0.7014566992156235,0.7014566992156235,0.029031960946854563,run_071,0.04483318699999472,gps_noise_300m,71,1.3700178944844266
0.6969023358326855,0.6969023358326855,0,0,0.0,0.0,3,3,0.0,0.0,21.428571428571427,21.428571428571427,0.0,0.0,10.26060606060606,additive_cij_louvain_matched_density,14,14,1693.0,330,330,0,0,0.8795097362891744,0.8795097362891744,0.7208305866842452,0.7208305866842452,0.03118725246384821,run_071,0.07445391600003859,gps_noise_300m,71,0.8039601437130834
0.7053387960954068,0.7053387960954068,0,0,0.0,0.0,3,3,0.0,0.0,21.428571428571427,21.428571428571427,0.0,0.0,10.381818181818181,product_cij_leiden,14,14,1713.0,330,330,0,0,0.8820401251942709,0.8820401251942709,0.7284812229976736,0.7284812229976736,0.031555678364189,run_071,0.034135808999963047,gps_noise_300m,71,0.23739111525021764
0.2655686483123772,0.2655686483123772,0,0,0.0,0.0,3,3,0.0,0.0,33.333333333333336,33.333333333333336,0.0,0.0,,geo_time_dbscan,9,9,,330,330,0,0,0.6994545597562877,0.6994545597562877,0.3433641404805915,0.3433641404805915,,run_071,0.005349592999891684,gps_noise_300m,71,1.0
0.8115032790987347,0.8115032790987347,0,0,0.0,0.0,3,3,0.0,0.0,18.75,18.75,0.0,0.0,10.193939393939393,product_cij_louvain,16,16,1682.0,330,330,0,0,0.9132633034206119,0.9132633034206119,0.8248217382925418,0.8248217382925418,0.030984618218660772,run_071,0.04642609999996239,time_noise_15min,71,0.32527791726828226
0.8179449435730842,0.8179449435730842,0,0,0.0,0.0,3,3,0.0,0.0,18.75,18.75,0.0,0.0,9.733333333333333,additive_cij_louvain,16,16,1606.0,330,330,0,0,0.9174190748591564,0.9174190748591564,0.8308342945021147,0.8308342945021147,0.029584599797365756,run_071,0.04357015699997646,time_noise_15min,71,1.556799325508977
0.7702183024180891,0.7702183024180891,0,0,0.0,0.0,3,3,0.0,0.0,20.0,20.0,0.0,0.0,10.2,additive_cij_louvain_matched_density,15,15,1683.0,330,330,0,0,0.9011503790585206,0.9011503790585206,0.7871133077063885,0.7871133077063885,0.03100303951367781,run_071,0.04823960499993518,time_noise_15min,71,0.8312201709642235
0.8046954844068076,0.8046954844068076,0,0,0.0,0.0,3,3,0.0,0.0,18.75,18.75,0.0,0.0,10.193939393939393,product_cij_leiden,16,16,1682.0,330,330,0,0,0.9097460358654192,0.9097460358654192,0.8184971098265895,0.8184971098265895,0.030984618218660772,run_071,0.03403293299993493,time_noise_15min,71,0.32527791726828226
0.2655686483123772,0.2655686483123772,0,0,0.0,0.0,3,3,0.0,0.0,33.333333333333336,33.333333333333336,0.0,0.0,,geo_time_dbscan,9,9,,330,330,0,0,0.6994545597562877,0.6994545597562877,0.3433641404805915,0.3433641404805915,,run_071,0.0070074640000257205,time_noise_15min,71,1.0
0.6339710067813425,0.6339710067813425,0,0,0.0,0.0,3,3,0.0,0.0,21.428571428571427,21.428571428571427,0.0,0.0,10.115151515151515,product_cij_louvain,14,14,1669.0,330,330,0,0,0.8264599527081399,0.8264599527081399,0.6620784583620096,0.6620784583620096,0.030745141383439256,run_071,0.0640822500001832,time_noise_60min,71,0.2926253041683747
0.6480465389900544,0.6480465389900544,0,0,0.0,0.0,3,3,0.0,0.0,18.75,18.75,0.0,0.0,9.418181818181818,additive_cij_louvain,16,16,1554.0,330,330,0,0,0.8362904355389532,0.8362904355389532,0.6751286449399657,0.6751286449399657,0.02862669245647969,run_071,0.06585320199997113,time_noise_60min,71,1.4403524081564596
0.621773615065986,0.621773615065986,0,0,0.0,0.0,3,3,0.0,0.0,21.428571428571427,21.428571428571427,0.0,0.0,10.10909090909091,additive_cij_louvain_matched_density,14,14,1668.0,330,330,0,0,0.8132569499236607,0.8132569499236607,0.6502741906952061,0.6502741906952061,0.030726720088422216,run_071,0.05278531499993733,time_noise_60min,71,0.7969470770429623
0.6293197671518856,0.6293197671518856,0,0,0.0,0.0,3,3,0.0,0.0,21.428571428571427,21.428571428571427,0.0,0.0,10.115151515151515,product_cij_leiden,14,14,1669.0,330,330,0,0,0.8153366547119725,0.8153366547119725,0.6572137539879476,0.6572137539879476,0.030745141383439256,run_071,0.03507569099997454,time_noise_60min,71,0.2926253041683747
0.27642816120296054,0.27642816120296054,0,0,0.0,0.0,3,3,1.6666666666666667,1.6666666666666667,30.0,30.0,1.1111111111111112,1.1111111111111112,,geo_time_dbscan,10,10,,330,330,4,4,0.7232143637341706,0.7232143637341706,0.35227712054434396,0.35227712054434396,,run_071,0.005324044999952093,time_noise_60min,71,1.0
0.957279289587924,0.957279289587924,0,0,0.0,0.0,3,3,0.0,0.0,16.666666666666668,16.666666666666668,0.0,0.0,9.927492447129909,product_cij_louvain,18,18,1643.0,331,331,0,0,0.986961081090129,0.986961081090129,0.96008316008316,0.96008316008316,0.03008331044584821,run_072,0.04977848199996515,baseline,72,0.3340969759937595
0.9494068632853278,0.9494068632853278,0,0,0.0,0.0,3,3,0.0,0.0,16.666666666666668,16.666666666666668,0.0,0.0,9.818731117824774,additive_cij_louvain,18,18,1625.0,331,331,0,0,0.9817137083490654,0.9817137083490654,0.9527363184079602,0.9527363184079602,0.02975373066007507,run_072,0.06839889000002586,baseline,72,1.5044317158338885
0.957279289587924,0.957279289587924,0,0,0.0,0.0,3,3,0.0,0.0,16.666666666666668,16.666666666666668,0.0,0.0,9.963746223564955,additive_cij_louvain_matched_density,18,18,1649.0,331,331,0,0,0.9869610810901288,0.9869610810901288,0.96008316008316,0.96008316008316,0.030193170374439256,run_072,0.04689934899988657,baseline,72,0.7789032570593
0.957279289587924,0.957279289587924,0,0,0.0,0.0,3,3,0.0,0.0,16.666666666666668,16.666666666666668,0.0,0.0,9.927492447129909,product_cij_leiden,18,18,1643.0,331,331,0,0,0.986961081090129,0.986961081090129,0.96008316008316,0.96008316008316,0.03008331044584821,run_072,0.034348477000094135,baseline,72,0.3340969759937595
0.4717331102600387,0.4717331102600387,0,0,0.0,0.0,3,3,0.0,0.0,30.0,30.0,0.0,0.0,,geo_time_dbscan,10,10,,331,331,0,0,0.7917083182840727,0.7917083182840727,0.5210425363872279,0.5210425363872279,,run_072,0.006683608000003005,baseline,72,1.0
0.9765866416436895,0.9759287371879339,0,0,0.0,0.0,4,4,0.0,0.0,19.047619047619047,19.047619047619047,0.0,0.0,10.33534743202417,product_cij_louvain,21,21,3421.0,662,331,0,0,0.9911922311892982,0.9911922311892982,0.9780715898097387,0.9774136403897254,0.015635926523485884,run_072,0.13662621200001013,exact_transport_copy_2x,72,0.3421044635835467
0.9765866416436895,0.9759287371879339,0,0,0.0,0.0,3,3,0.0,0.0,15.0,15.0,0.0,0.0,10.374622356495468,additive_cij_louvain,20,20,3434.0,662,331,0,0,0.9911922311892982,0.9911922311892982,0.9780715898097387,0.9774136403897254,0.015695343958389514,run_072,0.15158970799984672,exact_transport_copy_2x,72,1.516877299746976
0.9277817032807264,0.9258427943323027,0,0,0.0,0.0,3,3,0.0,0.0,15.789473684210526,15.789473684210526,0.0,0.0,10.314199395770393,additive_cij_louvain_matched_density,19,19,3414.0,662,331,0,0,0.9729842902746334,0.9729842902746334,0.9325564607610601,0.9306174411203055,0.015603932520076236,run_072,0.1385678999999982,exact_transport_copy_2x,72,0.783364989933025
0.9703712308499883,0.9695380882026922,0,0,0.0,0.0,4,4,0.0,0.0,19.047619047619047,19.047619047619047,0.0,0.0,10.33534743202417,product_cij_leiden,21,21,3421.0,662,331,0,0,0.9863462641843379,0.9863462641843379,0.9722491126169732,0.9714159095945047,0.015635926523485884,run_072,0.10023475200000576,exact_transport_copy_2x,72,0.3421044635835467
0.4784835690732232,0.4717331102600387,0,0,0.0,0.0,3,3,0.0,0.0,30.0,30.0,0.0,0.0,,geo_time_dbscan,10,10,,662,331,0,0,0.7917083182840727,0.7917083182840727,0.5282547091181863,0.5210425363872279,,run_072,0.01715884800000822,exact_transport_copy_2x,72,1.0
0.39458463823855583,0.35093661867326365,0,0,0.0,0.0,19,19,0.0,0.0,21.348314606741575,21.348314606741575,0.0,0.0,10.263444108761329,product_cij_louvain,89,89,8493.0,1655,331,0,0,0.7940061930646934,0.7940061930646936,0.4111671800249033,0.36613756613756615,0.0062052261842571515,run_072,0.49059048799995253,exact_transport_copy_5x,72,0.34857136807317124
0.3878771997812872,0.34354781551085256,0,0,0.0,0.0,19,19,0.0,0.0,21.348314606741575,21.348314606741575,0.0,0.0,10.273111782477342,additive_cij_louvain,89,89,8501.0,1655,331,0,0,0.7933741466483952,0.7933741466483953,0.4043701461103067,0.3586109142452162,0.006211071210687631,run_072,0.5461478020001778,exact_transport_copy_5x,72,1.5235915153207125
0.3874452989150935,0.3431914138816642,0,0,0.0,0.0,20,20,0.0,0.0,21.978021978021978,21.978021978021978,0.0,0.0,10.234441087613293,additive_cij_louvain_matched_density,91,91,8469.0,1655,331,0,0,0.789463247541421,0.7894632475414212,0.40409744566288003,0.3584305408271474,0.006187691104965715,run_072,0.5461756249999326,exact_transport_copy_5x,72,0.7860650660392778
0.39458463823855583,0.35093661867326365,0,0,0.0,0.0,19,19,0.0,0.0,21.348314606741575,21.348314606741575,0.0,0.0,10.263444108761329,product_cij_leiden,89,89,8493.0,1655,331,0,0,0.7940061930646934,0.7940061930646934,0.4111671800249033,0.36613756613756615,0.0062052261842571515,run_072,0.5092457309999645,exact_transport_copy_5x,72,0.34857136807317124
0.48244003048009176,0.4717331102600387,0,0,0.0,0.0,3,3,0.0,0.0,30.0,30.0,0.0,0.0,,geo_time_dbscan,10,10,,1655,331,0,0,0.7917083182840727,0.7917083182840727,0.5324786889579066,0.5210425363872279,,run_072,0.07099888299990198,exact_transport_copy_5x,72,1.0
0.957279289587924,0.957279289587924,0,0,0.0,0.0,3,3,0.0,0.0,16.666666666666668,16.666666666666668,0.0,0.0,9.945619335347432,product_cij_louvain,18,18,1646.0,331,331,0,0,0.9869610810901288,0.9869610810901288,0.96008316008316,0.96008316008316,0.030138240410143735,run_072,0.050845117000108075,gps_noise_100m,72,0.3284850985792793
0.957279289587924,0.957279289587924,0,0,0.0,0.0,3,3,0.0,0.0,16.666666666666668,16.666666666666668,0.0,0.0,9.885196374622357,additive_cij_louvain,18,18,1636.0,331,331,0,0,0.9869610810901288,0.9869610810901288,0.96008316008316,0.96008316008316,0.029955140529158656,run_072,0.05062829200005581,gps_noise_100m,72,1.4766069117242027
0.8994377941207156,0.8994377941207156,0,0,0.0,0.0,3,3,0.0,0.0,17.647058823529413,17.647058823529413,0.0,0.0,9.963746223564955,additive_cij_louvain_matched_density,17,17,1649.0,331,331,0,0,0.9705835358964966,0.9705835358964966,0.9063788027477919,0.9063788027477919,0.030193170374439256,run_072,0.05304285800002617,gps_noise_100m,72,0.7730909660181733
0.957279289587924,0.957279289587924,0,0,0.0,0.0,3,3,0.0,0.0,16.666666666666668,16.666666666666668,0.0,0.0,9.945619335347432,product_cij_leiden,18,18,1646.0,331,331,0,0,0.986961081090129,0.986961081090129,0.96008316008316,0.96008316008316,0.030138240410143735,run_072,0.034022693999986586,gps_noise_100m,72,0.3284850985792793
0.4717331102600387,0.4717331102600387,0,0,0.0,0.0,3,3,0.0,0.0,30.0,30.0,0.0,0.0,,geo_time_dbscan,10,10,,331,331,0,0,0.7917083182840727,0.7917083182840727,0.5210425363872279,0.5210425363872279,,run_072,0.00499580399991828,gps_noise_100m,72,1.0
0.7626298287699967,0.7626298287699967,0,0,0.0,0.0,3,3,0.0,0.0,20.0,20.0,0.0,0.0,10.211480362537765,product_cij_louvain,15,15,1690.0,331,331,0,0,0.9171887120800095,0.9171887120800095,0.7806228373702422,0.7806228373702422,0.030943879886478075,run_072,0.055034491000014896,gps_noise_300m,72,0.24932449086309358
0.759448626596908,0.759448626596908,0,0,0.0,0.0,3,3,0.0,0.0,18.75,18.75,0.0,0.0,9.673716012084592,additive_cij_louvain,16,16,1601.0,331,331,0,0,0.9148211992443739,0.9148211992443739,0.7776427703523694,0.7776427703523694,0.029314290945710884,run_072,0.0447628290000921,gps_noise_300m,72,1.2808347507502753
0.8050433924996862,0.8050433924996862,0,0,0.0,0.0,3,3,0.0,0.0,20.0,20.0,0.0,0.0,10.181268882175226,additive_cij_louvain_matched_density,15,15,1685.0,331,331,0,0,0.9314423566762928,0.9314423566762928,0.8194544149318018,0.8194544149318018,0.030852329945985534,run_072,0.05902366200007236,gps_noise_300m,72,0.7309617317875172
0.7538757083858508,0.7538757083858508,0,0,0.0,0.0,3,3,0.0,0.0,20.0,20.0,0.0,0.0,10.211480362537765,product_cij_leiden,15,15,1690.0,331,331,0,0,0.9111888719802542,0.9111888719802542,0.7725942503012567,0.7725942503012567,0.030943879886478075,run_072,0.03536878699992485,gps_noise_300m,72,0.24932449086309358
0.4717331102600387,0.4717331102600387,0,0,0.0,0.0,3,3,0.0,0.0,30.0,30.0,0.0,0.0,,geo_time_dbscan,10,10,,331,331,0,0,0.7917083182840727,0.7917083182840727,0.5210425363872279,0.5210425363872279,,run_072,0.005094903999861344,gps_noise_300m,72,1.0
0.8844641907183803,0.8844641907183803,0,0,0.0,0.0,3,3,0.0,0.0,17.647058823529413,17.647058823529413,0.0,0.0,9.861027190332326,product_cij_louvain,17,17,1632.0,331,331,0,0,0.968955175421265,0.968955175421265,0.8925396211828374,0.8925396211828374,0.029881900576764625,run_072,0.04255089599996609,time_noise_15min,72,0.3297970111548032
0.9535929172959177,0.9535929172959177,0,0,0.0,0.0,3,3,0.0,0.0,16.666666666666668,16.666666666666668,0.0,0.0,9.691842900302115,additive_cij_louvain,18,18,1604.0,331,331,0,0,0.9823534051483098,0.9823534051483098,0.9566305254378649,0.9566305254378649,0.02936922091000641,run_072,0.04573566300018683,time_noise_15min,72,1.475303604425689
0.8338399871491627,0.8338399871491627,0,0,0.0,0.0,3,3,0.0,0.0,18.75,18.75,0.0,0.0,9.897280966767372,additive_cij_louvain_matched_density,16,16,1638.0,331,331,0,0,0.9519853860655986,0.9519853860655986,0.8459424803077488,0.8459424803077488,0.029991760505355673,run_072,0.05449984300003052,time_noise_15min,72,0.7600950015370063
0.957279289587924,0.957279289587924,0,0,0.0,0.0,3,3,0.0,0.0,16.666666666666668,16.666666666666668,0.0,0.0,9.861027190332326,product_cij_leiden,18,18,1632.0,331,331,0,0,0.986961081090129,0.986961081090129,0.96008316008316,0.96008316008316,0.029881900576764625,run_072,0.034216076000120665,time_noise_15min,72,0.3297970111548032
0.4717331102600387,0.4717331102600387,0,0,0.0,0.0,3,3,0.0,0.0,30.0,30.0,0.0,0.0,,geo_time_dbscan,10,10,,331,331,0,0,0.7917083182840727,0.7917083182840727,0.5210425363872279,0.5210425363872279,,run_072,0.005042308000156481,time_noise_15min,72,1.0
0.6459782256110891,0.6459782256110891,0,0,0.0,0.0,3,3,0.0,0.0,21.428571428571427,21.428571428571427,0.0,0.0,9.915407854984894,product_cij_louvain,14,14,1641.0,331,331,0,0,0.8812569554156648,0.8812569554156648,0.6751093019749737,0.6751093019749737,0.030046690469651194,run_072,0.06421299799990265,time_noise_60min,72,0.2892953004991638
0.7018226715827721,0.7018226715827721,0,0,0.0,0.0,3,3,0.0,0.0,18.75,18.75,0.0,0.0,9.444108761329305,additive_cij_louvain,16,16,1563.0,331,331,0,0,0.8850588581229835,0.8850588581229835,0.7244067209423177,0.7244067209423177,0.028618511397967592,run_072,0.04863979099991411,time_noise_60min,72,1.395171772635441
0.625561873330693,0.625561873330693,0,0,0.0,0.0,3,3,0.0,0.0,21.428571428571427,21.428571428571427,0.0,0.0,10.012084592145015,additive_cij_louvain_matched_density,14,14,1657.0,331,331,0,0,0.8457241468797458,0.8457241468797458,0.655043180707186,0.655043180707186,0.030339650279227318,run_072,0.049268578000010166,time_noise_60min,72,0.71498365614984
0.6960773519736125,0.6960773519736125,0,0,0.0,0.0,3,3,0.0,0.0,20.0,20.0,0.0,0.0,9.915407854984894,product_cij_leiden,15,15,1641.0,331,331,0,0,0.8792085554748497,0.8792085554748497,0.7190699288564985,0.7190699288564985,0.030046690469651194,run_072,0.03359566500012079,time_noise_60min,72,0.2892953004991638
0.5001130675910338,0.5001130675910338,1,1,33.333333333333336,33.333333333333336,2,2,1.6666666666666667,1.6666666666666667,20.0,20.0,2.2140221402214024,2.2140221402214024,,geo_time_dbscan,10,10,,331,331,7,7,0.8015402033869442,0.8015402033869442,0.546145360951097,0.546145360951097,,run_072,0.0049217050000152085,time_noise_60min,72,1.0
0.966968250069191,0.966968250069191,0,0,0.0,0.0,3,3,0.0,0.0,15.789473684210526,15.789473684210526,0.0,0.0,9.855491329479769,product_cij_louvain,19,19,1705.0,346,346,0,0,0.9828813237683401,0.9828813237683401,0.9690641918020109,0.9690641918020109,0.028566641534723967,run_073,0.08382369000014478,baseline,73,0.37704218647156107
0.9750332398278776,0.9750332398278776,0,0,0.0,0.0,3,3,0.0,0.0,15.789473684210526,15.789473684210526,0.0,0.0,9.641618497109826,additive_cij_louvain,19,19,1668.0,346,346,0,0,0.9862774033508352,0.9862774033508352,0.9766183574879227,0.9766183574879227,0.02794672028147776,run_073,0.08114018400010536,baseline,73,1.5126138586401685
0.918638892406723,0.918638892406723,0,0,0.0,0.0,3,3,0.0,0.0,16.666666666666668,16.666666666666668,0.0,0.0,9.907514450867051,additive_cij_louvain_matched_density,18,18,1714.0,346,346,0,0,0.968635323233401,0.968635323233401,0.9240412979351034,0.9240412979351034,0.028717433190918993,run_073,0.09215557799984708,baseline,73,0.7811807579761327
0.966968250069191,0.966968250069191,0,0,0.0,0.0,3,3,0.0,0.0,15.789473684210526,15.789473684210526,0.0,0.0,9.855491329479769,product_cij_leiden,19,19,1705.0,346,346,0,0,0.9828813237683401,0.9828813237683401,0.9690641918020109,0.9690641918020109,0.028566641534723967,run_073,0.058199568999953044,baseline,73,0.37704218647156107
0.3124206148102695,0.3124206148102695,0,0,0.0,0.0,3,3,0.0,0.0,25.0,25.0,0.0,0.0,,geo_time_dbscan,12,12,,346,346,0,0,0.7768629959780997,0.7768629959780997,0.3829692706405035,0.3829692706405035,,run_073,0.007911325999884866,baseline,73,1.0
0.9744819102448398,0.9738235131016708,0,0,0.0,0.0,3,3,0.0,0.0,15.789473684210526,15.789473684210526,0.0,0.0,10.280346820809248,product_cij_louvain,19,19,3557.0,692,346,0,0,0.9861043656237239,0.9861043656237239,0.9761457550713748,0.9754873576529627,0.01487749178120007,run_073,0.25487142199995105,exact_transport_copy_2x,73,0.3880904171554575
0.9831071314068079,0.9826708255632429,0,0,0.0,0.0,3,3,0.0,0.0,15.789473684210526,15.789473684210526,0.0,0.0,10.22543352601156,additive_cij_louvain,19,19,3538.0,692,346,0,0,0.9913233896558146,0.9913233896558146,0.9842075578116187,0.9837712519319939,0.014798022468902404,run_073,0.25513476800006174,exact_transport_copy_2x,73,1.526179763030041
0.9589968087832138,0.957919825593008,0,0,0.0,0.0,3,3,0.0,0.0,15.0,15.0,0.0,0.0,10.280346820809248,additive_cij_louvain_matched_density,20,20,3557.0,692,346,0,0,0.9788093664475627,0.9788093664475627,0.9616265750286369,0.9605495583905791,0.01487749178120007,run_073,0.22147494099999676,exact_transport_copy_2x,73,0.7841929136417108
0.9582401034689801,0.9571450754587828,0,0,0.0,0.0,3,3,0.0,0.0,15.0,15.0,0.0,0.0,10.280346820809248,product_cij_leiden,20,20,3557.0,692,346,0,0,0.9786969603261395,0.9786969603261395,0.9609226077011056,0.9598275524201451,0.01487749178120007,run_073,0.1498488949998773,exact_transport_copy_2x,73,0.3880904171554575
0.31792888825674903,0.3124206148102695,0,0,0.0,0.0,3,3,0.0,0.0,25.0,25.0,0.0,0.0,,geo_time_dbscan,12,12,,692,346,0,0,0.7768629959780996,0.7768629959780997,0.3894343493552169,0.3829692706405035,,run_073,0.0176690379998945,exact_transport_copy_2x,73,1.0
0.3405385485681754,0.2943006714455091,0,0,0.0,0.0,15,15,0.0,0.0,15.625,15.625,0.0,0.0,10.232369942196533,product_cij_louvain,96,96,8851.0,1730,346,0,0,0.771943232767914,0.7719432327679141,0.3564116542491974,0.30849332899446796,0.0059180855651801804,run_073,0.9375760840000567,exact_transport_copy_5x,73,0.39348156013455543
0.3336814763876927,0.28675609175931416,0,0,0.0,0.0,15,15,0.0,0.0,15.463917525773196,15.463917525773196,0.0,0.0,10.219653179190752,additive_cij_louvain,97,97,8840.0,1730,346,0,0,0.7703117892818432,0.7703117892818432,0.34941298132489806,0.30075187969924816,0.005910730583684645,run_073,0.9471268190000046,exact_transport_copy_5x,73,1.5337609640396956
0.3341729881493935,0.2872970292880089,0,0,0.0,0.0,15,15,0.0,0.0,15.625,15.625,0.0,0.0,10.223121387283237,additive_cij_louvain_matched_density,96,96,8843.0,1730,346,0,0,0.7707360126236554,0.7707360126236554,0.34991486256385307,0.30130718954248364,0.005912736487728882,run_073,0.6225020070000937,exact_transport_copy_5x,73,0.7867574208576465
0.3405385485681754,0.2943006714455091,0,0,0.0,0.0,15,15,0.0,0.0,15.625,15.625,0.0,0.0,10.232369942196533,product_cij_leiden,96,96,8851.0,1730,346,0,0,0.7719432327679142,0.7719432327679142,0.3564116542491974,0.30849332899446796,0.0059180855651801804,run_073,0.4614081930001248,exact_transport_copy_5x,73,0.39348156013455543
0.32118260314336305,0.3124206148102695,0,0,0.0,0.0,3,3,0.0,0.0,25.0,25.0,0.0,0.0,,geo_time_dbscan,12,12,,1730,346,0,0,0.7768629959780996,0.7768629959780997,0.39324877309994316,0.3829692706405035,,run_073,0.06109201899994332,exact_transport_copy_5x,73,1.0
0.966968250069191,0.966968250069191,0,0,0.0,0.0,3,3,0.0,0.0,15.789473684210526,15.789473684210526,0.0,0.0,10.07514450867052,product_cij_louvain,19,19,1743.0,346,346,0,0,0.9828813237683401,0.9828813237683401,0.9690641918020109,0.9690641918020109,0.02920331741643629,run_073,0.09878640800002358,gps_noise_100m,73,0.3645390791604267
0.9834841250345955,0.9834841250345955,0,0,0.0,0.0,3,3,0.0,0.0,15.789473684210526,15.789473684210526,0.0,0.0,9.901734104046243,additive_cij_louvain,19,19,1713.0,346,346,0,0,0.99144066188417,0.99144066188417,0.9845320959010054,0.9845320959010054,0.028700678562452876,run_073,0.08888022599990109,gps_noise_100m,73,1.4739830901488278
0.9259583598899771,0.9259583598899771,0,0,0.0,0.0,3,3,0.0,0.0,16.666666666666668,16.666666666666668,0.0,0.0,9.99421965317919,additive_cij_louvain_matched_density,18,18,1729.0,346,346,0,0,0.9720161824341867,0.9720161824341867,0.9308755760368664,0.9308755760368664,0.0289687526179107,run_073,0.07590129300001536,gps_noise_100m,73,0.7770639939437057
0.966968250069191,0.966968250069191,0,0,0.0,0.0,3,3,0.0,0.0,15.789473684210526,15.789473684210526,0.0,0.0,10.07514450867052,product_cij_leiden,19,19,1743.0,346,346,0,0,0.9828813237683401,0.9828813237683401,0.9690641918020109,0.9690641918020109,0.02920331741643629,run_073,0.06376449499998671,gps_noise_100m,73,0.3645390791604267
0.2956460205358835,0.2956460205358835,0,0,0.0,0.0,3,3,0.0,0.0,27.272727272727273,27.272727272727273,0.0,0.0,,geo_time_dbscan,11,11,,346,346,0,0,0.7465598329900468,0.7465598329900468,0.36855982327371195,0.36855982327371195,,run_073,0.007522314999960145,gps_noise_100m,73,1.0
0.8812501282950213,0.8812501282950213,0,0,0.0,0.0,3,3,0.0,0.0,17.647058823529413,17.647058823529413,0.0,0.0,9.947976878612717,product_cij_louvain,17,17,1721.0,346,346,0,0,0.9536657176272876,0.9536657176272876,0.8894017397479141,0.8894017397479141,0.02883471559018179,run_073,0.09173659600014616,gps_noise_300m,73,0.2804906894367283
0.7817663682590961,0.7817663682590961,0,0,0.0,0.0,3,3,0.0,0.0,18.75,18.75,0.0,0.0,9.572254335260116,additive_cij_louvain,16,16,1656.0,346,346,0,0,0.9223463623182033,0.9223463623182033,0.7977011494252874,0.7977011494252874,0.027745664739884393,run_073,0.0922420219999367,gps_noise_300m,73,1.2809671339117457
0.878200372360383,0.878200372360383,0,0,0.0,0.0,3,3,0.0,0.0,17.647058823529413,17.647058823529413,0.0,0.0,10.06936416184971,additive_cij_louvain_matched_density,17,17,1742.0,346,346,0,0,0.9512203155361912,0.9512203155361912,0.8865613349902361,0.8865613349902361,0.029186562787970178,run_073,0.0924698469998475,gps_noise_300m,73,0.744625158020521
0.8829071560670133,0.8829071560670133,0,0,0.0,0.0,3,3,0.0,0.0,17.647058823529413,17.647058823529413,0.0,0.0,9.947976878612717,product_cij_leiden,17,17,1721.0,346,346,0,0,0.9506608249555272,0.9506608249555272,0.8909413854351687,0.8909413854351687,0.02883471559018179,run_073,0.05847650300006535,gps_noise_300m,73,0.2804906894367283
0.3005979488871978,0.3005979488871978,0,0,0.0,0.0,3,3,0.0,0.0,27.272727272727273,27.272727272727273,0.0,0.0,,geo_time_dbscan,11,11,,346,346,0,0,0.7511100006538669,0.7511100006538669,0.37281049520651627,0.37281049520651627,,run_073,0.007612539999854562,gps_noise_300m,73,1.0
0.9132845810751912,0.9132845810751912,0,0,0.0,0.0,3,3,0.0,0.0,16.666666666666668,16.666666666666668,0.0,0.0,9.947976878612717,product_cij_louvain,18,18,1721.0,346,346,0,0,0.9767110539131835,0.9767110539131835,0.9191901092994087,0.9191901092994087,0.02883471559018179,run_073,0.08529918600015662,time_noise_15min,73,0.37922968778963895
0.9132845810751912,0.9132845810751912,0,0,0.0,0.0,3,3,0.0,0.0,16.666666666666668,16.666666666666668,0.0,0.0,9.832369942196532,additive_cij_louvain,18,18,1701.0,346,346,0,0,0.9767110539131835,0.9767110539131835,0.9191901092994087,0.9191901092994087,0.028499623020859514,run_073,0.08924012099987522,time_noise_15min,73,1.4864739180046198
0.8130149395769863,0.8130149395769863,0,0,0.0,0.0,3,3,0.0,0.0,18.75,18.75,0.0,0.0,9.959537572254336,additive_cij_louvain_matched_density,16,16,1723.0,346,346,0,0,0.935958802362359,0.935958802362359,0.8266315095583389,0.8266315095583389,0.028868224847114016,run_073,0.08864907800011679,time_noise_15min,73,0.7654783841153444
0.90327234832698,0.90327234832698,0,0,0.0,0.0,3,3,0.0,0.0,16.666666666666668,16.666666666666668,0.0,0.0,9.947976878612717,product_cij_leiden,18,18,1721.0,346,346,0,0,0.9613014870736212,0.9613014870736212,0.9096329420532886,0.9096329420532886,0.02883471559018179,run_073,0.0539170600000034,time_noise_15min,73,0.37922968778963895
0.2956460205358835,0.2956460205358835,0,0,0.0,0.0,3,3,0.0,0.0,27.272727272727273,27.272727272727273,0.0,0.0,,geo_time_dbscan,11,11,,346,346,0,0,0.7465598329900468,0.7465598329900468,0.36855982327371195,0.36855982327371195,,run_073,0.010032803000058266,time_noise_15min,73,1.0
0.7583190891165836,0.7583190891165836,0,0,0.0,0.0,3,3,0.0,0.0,17.647058823529413,17.647058823529413,0.0,0.0,10.052023121387283,product_cij_louvain,17,17,1739.0,346,346,0,0,0.8781119007934866,0.8781119007934866,0.7749690648753758,0.7749690648753758,0.029136298902571835,run_073,0.09129564499994558,time_noise_60min,73,0.323830866733818
0.8110537835748277,0.8110537835748277,0,0,0.0,0.0,3,3,0.0,0.0,16.666666666666668,16.666666666666668,0.0,0.0,9.653179190751445,additive_cij_louvain,18,18,1670.0,346,346,0,0,0.9037590168254106,0.9037590168254106,0.8235511942232919,0.8235511942232919,0.027980229538409986,run_073,0.10793230999979642,time_noise_60min,73,1.3883366075012014
0.651437154426588,0.651437154426588,0,0,0.0,0.0,3,3,0.0,0.0,20.0,20.0,0.0,0.0,10.15606936416185,additive_cij_louvain_matched_density,15,15,1757.0,346,346,0,0,0.8594481075278505,0.8594481075278505,0.6786034019695613,0.6786034019695613,0.029437882214961884,run_073,0.10039316200004578,time_noise_60min,73,0.7169546097966089
0.7620592927632794,0.7620592927632794,0,0,0.0,0.0,3,3,0.0,0.0,17.647058823529413,17.647058823529413,0.0,0.0,10.052023121387283,product_cij_leiden,17,17,1739.0,346,346,0,0,0.882630994842295,0.882630994842295,0.7784832451499117,0.7784832451499117,0.029136298902571835,run_073,0.056341568000107145,time_noise_60min,73,0.323830866733818
0.29188530240933647,0.29188530240933647,0,0,0.0,0.0,3,3,0.0,0.0,27.272727272727273,27.272727272727273,0.6993006993006993,0.6993006993006993,,geo_time_dbscan,11,11,,346,346,2,2,0.7407987856069465,0.7407987856069465,0.3651813767495001,0.3651813767495001,,run_073,0.00766528000008293,time_noise_60min,73,1.0
0.8369079740207875,0.8369079740207875,0,0,0.0,0.0,3,3,0.0,0.0,17.647058823529413,17.647058823529413,0.0,0.0,9.952095808383234,product_cij_louvain,17,17,1662.0,334,334,0,0,0.9628393728693697,0.9628393728693697,0.8484175458078844,0.8484175458078844,0.02988617359874845,run_074,0.04888609499994345,baseline,74,0.4472844330134467
0.9042773568767202,0.9042773568767202,0,0,0.0,0.0,3,3,0.0,0.0,16.666666666666668,16.666666666666668,0.0,0.0,9.826347305389222,additive_cij_louvain,18,18,1641.0,334,334,0,0,0.9691975089811217,0.9691975089811217,0.9104754064622349,0.9104754064622349,0.0295085504666343,run_074,0.0450822769998922,baseline,74,1.5434428004337155
0.9042773568767202,0.9042773568767202,0,0,0.0,0.0,3,3,0.0,0.0,16.666666666666668,16.666666666666668,0.0,0.0,9.916167664670658,additive_cij_louvain_matched_density,18,18,1656.0,334,334,0,0,0.9691975089811217,0.9691975089811217,0.9104754064622349,0.9104754064622349,0.029778281275287262,run_074,0.049558061000197995,baseline,74,0.7429789730767957
0.8960765752994349,0.8960765752994349,0,0,0.0,0.0,3,3,0.0,0.0,16.666666666666668,16.666666666666668,0.0,0.0,9.952095808383234,product_cij_leiden,18,18,1662.0,334,334,0,0,0.9672467504532841,0.9672467504532841,0.9028290282902829,0.9028290282902829,0.02988617359874845,run_074,0.03699447400003919,baseline,74,0.4472844330134467
0.40671388002260334,0.40671388002260334,0,0,0.0,0.0,3,3,0.0,0.0,25.0,25.0,0.0,0.0,,geo_time_dbscan,12,12,,334,334,0,0,0.8138747046515373,0.8138747046515373,0.46260974871329097,0.46260974871329097,,run_074,0.008024600999988252,baseline,74,1.0
0.9409121398512607,0.9392620600835065,0,0,0.0,0.0,3,3,0.0,0.0,15.789473684210526,15.789473684210526,0.0,0.0,10.479041916167665,product_cij_louvain,19,19,3500.0,668,334,0,0,0.9669435286327205,0.9669435286327203,0.9446439890133107,0.9429939077458659,0.01571070752049125,run_074,0.13763682399985555,exact_transport_copy_2x,74,0.468057111756143
0.9290168797944953,0.9270290847396865,0,0,0.0,0.0,3,3,0.0,0.0,15.789473684210526,15.789473684210526,0.0,0.0,10.491017964071856,additive_cij_louvain,19,19,3504.0,668,334,0,0,0.9614608194950635,0.9614608194950635,0.9334886676551579,0.931500872600349,0.015728662614800385,run_074,0.13008833300000333,exact_transport_copy_2x,74,1.5529890011479612
0.9126396400403599,0.9103248503336194,0,0,0.0,0.0,3,3,0.0,0.0,16.666666666666668,16.666666666666668,0.0,0.0,10.476047904191617,additive_cij_louvain_matched_density,18,18,3499.0,668,334,0,0,0.9670246780102134,0.9670246780102134,0.9184125705076551,0.9160969546302051,0.01570621874691397,run_074,0.1577063850002105,exact_transport_copy_2x,74,0.7471256591701009
0.9096003664426447,0.9113972230190944,0,0,0.0,0.0,3,3,0.0,0.0,15.0,15.0,0.0,0.0,10.479041916167665,product_cij_leiden,20,20,3500.0,668,334,0,0,0.959912485895325,0.9613795922229272,0.9152469959946595,0.9167767503302511,0.01571070752049125,run_074,0.09241921900002126,exact_transport_copy_2x,74,0.468057111756143
0.41339503047803605,0.40671388002260334,0,0,0.0,0.0,3,3,0.0,0.0,25.0,25.0,0.0,0.0,,geo_time_dbscan,12,12,,668,334,0,0,0.8138747046515373,0.8138747046515373,0.46993828389408715,0.46260974871329097,,run_074,0.014461429999983011,exact_transport_copy_2x,74,1.0
0.3881659150064844,0.343234791870764,0,0,0.0,0.0,18,18,0.0,0.0,19.78021978021978,19.78021978021978,0.0,0.0,10.267065868263472,product_cij_louvain,91,91,8573.0,1670,334,0,0,0.7819574008297158,0.7819574008297155,0.40458166019353564,0.35828307910606594,0.006151627242818139,run_074,0.5116347980001592,exact_transport_copy_5x,74,0.4762842218076754
0.3877387580929761,0.34288482118237007,0,0,0.0,0.0,18,18,0.0,0.0,19.78021978021978,19.78021978021978,0.0,0.0,10.269461077844312,additive_cij_louvain,91,91,8575.0,1670,334,0,0,0.7810263784355448,0.7810263784355447,0.40430841980822274,0.3581033262561925,0.006153062359403422,run_074,0.5499336299999413,exact_transport_copy_5x,74,1.5590639832319622
0.3740499190503066,0.3276494113594156,0,0,0.0,0.0,17,17,0.0,0.0,18.27956989247312,18.27956989247312,0.0,0.0,10.222754491017964,additive_cij_louvain_matched_density,93,93,8536.0,1670,334,0,0,0.7768804671514925,0.7768804671514925,0.39027630180658873,0.342406876790831,0.006125077585990392,run_074,0.5498588030000064,exact_transport_copy_5x,74,0.749473110899638
0.3881659150064844,0.343234791870764,0,0,0.0,0.0,18,18,0.0,0.0,19.78021978021978,19.78021978021978,0.0,0.0,10.267065868263472,product_cij_leiden,91,91,8573.0,1670,334,0,0,0.7819574008297155,0.7819574008297155,0.40458166019353564,0.35828307910606594,0.006151627242818139,run_074,0.43266608699991593,exact_transport_copy_5x,74,0.4762842218076754
0.4173205506967115,0.40671388002260334,0,0,0.0,0.0,3,3,0.0,0.0,25.0,25.0,0.0,0.0,,geo_time_dbscan,12,12,,1670,334,0,0,0.8138747046515372,0.8138747046515373,0.4742402401216405,0.46260974871329097,,run_074,0.05847544099992774,exact_transport_copy_5x,74,1.0
0.8369079740207875,0.8369079740207875,0,0,0.0,0.0,3,3,0.0,0.0,17.647058823529413,17.647058823529413,0.0,0.0,10.035928143712574,product_cij_louvain,17,17,1676.0,334,334,0,0,0.9628393728693697,0.9628393728693697,0.8484175458078844,0.8484175458078844,0.030137922353491216,run_074,0.048298956000053295,gps_noise_100m,74,0.428339443334847
0.8369079740207875,0.8369079740207875,0,0,0.0,0.0,3,3,0.0,0.0,17.647058823529413,17.647058823529413,0.0,0.0,9.790419161676647,additive_cij_louvain,17,17,1635.0,334,334,0,0,0.9628393728693697,0.9628393728693697,0.8484175458078844,0.8484175458078844,0.029400658143173112,run_074,0.05077491099996223,gps_noise_100m,74,1.5027701114753687
0.8369079740207875,0.8369079740207875,0,0,0.0,0.0,3,3,0.0,0.0,17.647058823529413,17.647058823529413,0.0,0.0,9.994011976047904,additive_cij_louvain_matched_density,17,17,1669.0,334,334,0,0,0.9628393728693697,0.9628393728693697,0.8484175458078844,0.8484175458078844,0.03001204797611983,run_074,0.044933057999969606,gps_noise_100m,74,0.7406415867379331
0.9042773568767202,0.9042773568767202,0,0,0.0,0.0,3,3,0.0,0.0,16.666666666666668,16.666666666666668,0.0,0.0,10.035928143712574,product_cij_leiden,18,18,1676.0,334,334,0,0,0.9691975089811216,0.9691975089811216,0.9104754064622349,0.9104754064622349,0.030137922353491216,run_074,0.03457911000009517,gps_noise_100m,74,0.428339443334847
0.40671388002260334,0.40671388002260334,0,0,0.0,0.0,3,3,0.0,0.0,25.0,25.0,0.0,0.0,,geo_time_dbscan,12,12,,334,334,0,0,0.8138747046515373,0.8138747046515373,0.46260974871329097,0.46260974871329097,,run_074,0.005234424000036597,gps_noise_100m,74,1.0
0.7985469694393731,0.7985469694393731,0,0,0.0,0.0,3,3,0.0,0.0,18.75,18.75,0.0,0.0,10.023952095808383,product_cij_louvain,16,16,1674.0,334,334,0,0,0.9475987852236273,0.9475987852236273,0.8131985098456626,0.8131985098456626,0.030101958245670822,run_074,0.04743187899998702,gps_noise_300m,74,0.28237830213339926
0.7741979273672954,0.7741979273672954,0,0,0.0,0.0,3,3,0.0,0.0,18.75,18.75,0.0,0.0,9.74251497005988,additive_cij_louvain,16,16,1627.0,334,334,0,0,0.9325307626969547,0.9325307626969547,0.7906976744186046,0.7906976744186046,0.02925680171189153,run_074,0.05825620600012371,gps_noise_300m,74,1.2319690357592226
0.8308156616309077,0.8308156616309077,0,0,0.0,0.0,3,3,0.0,0.0,17.647058823529413,17.647058823529413,0.0,0.0,10.10179640718563,additive_cij_louvain_matched_density,17,17,1687.0,334,334,0,0,0.9577194907162768,0.9577194907162768,0.8427486571587331,0.8427486571587331,0.03033572494650339,run_074,0.0491108040000654,gps_noise_300m,74,0.7254693485506799
0.7985469694393731,0.7985469694393731,0,0,0.0,0.0,3,3,0.0,0.0,18.75,18.75,0.0,0.0,10.023952095808383,product_cij_leiden,16,16,1674.0,334,334,0,0,0.9475987852236273,0.9475987852236273,0.8131985098456626,0.8131985098456626,0.030101958245670822,run_074,0.03487524599995595,gps_noise_300m,74,0.28237830213339926
0.40671388002260334,0.40671388002260334,0,0,0.0,0.0,3,3,0.0,0.0,25.0,25.0,0.0,0.0,,geo_time_dbscan,12,12,,334,334,0,0,0.8138747046515373,0.8138747046515373,0.46260974871329097,0.46260974871329097,,run_074,0.005007119000083549,gps_noise_300m,74,1.0
0.8297481934494734,0.8297481934494734,0,0,0.0,0.0,3,3,0.0,0.0,17.647058823529413,17.647058823529413,0.0,0.0,10.095808383233534,product_cij_louvain,17,17,1686.0,334,334,0,0,0.9574334514734364,0.9574334514734364,0.8417744916820702,0.8417744916820702,0.030317742892593192,run_074,0.04872422799985543,time_noise_15min,74,0.41179821095390673
0.8297481934494734,0.8297481934494734,0,0,0.0,0.0,3,3,0.0,0.0,17.647058823529413,17.647058823529413,0.0,0.0,9.886227544910179,additive_cij_louvain,17,17,1651.0,334,334,0,0,0.9574334514734364,0.9574334514734364,0.8417744916820702,0.8417744916820702,0.029688371005736274,run_074,0.051106456000070466,time_noise_15min,74,1.5017610060867286
0.901103908653641,0.901103908653641,0,0,0.0,0.0,3,3,0.0,0.0,16.666666666666668,16.666666666666668,0.0,0.0,10.029940119760479,additive_cij_louvain_matched_density,18,18,1675.0,334,334,0,0,0.9534358517897109,0.9534358517897109,0.9074190177638454,0.9074190177638454,0.030119940299581018,run_074,0.05539390000012645,time_noise_15min,74,0.7312552808477026
0.9092394055032788,0.9092394055032788,0,0,0.0,0.0,3,3,0.0,0.0,16.666666666666668,16.666666666666668,0.0,0.0,10.095808383233534,product_cij_leiden,18,18,1686.0,334,334,0,0,0.9587170704062044,0.9587170704062044,0.9150272080368356,0.9150272080368356,0.030317742892593192,run_074,0.0477010340000561,time_noise_15min,74,0.41179821095390673
0.3964926651825638,0.3964926651825638,0,0,0.0,0.0,3,3,0.0,0.0,27.272727272727273,27.272727272727273,0.0,0.0,,geo_time_dbscan,11,11,,334,334,0,0,0.7955793692394535,0.7955793692394535,0.45368171021377673,0.45368171021377673,,run_074,0.004908867000040118,time_noise_15min,74,1.0
0.779434976954443,0.779434976954443,0,0,0.0,0.0,3,3,0.0,0.0,18.75,18.75,0.0,0.0,9.74251497005988,product_cij_louvain,16,16,1627.0,334,334,0,0,0.9146628983968402,0.9146628983968402,0.7949385932266467,0.7949385932266467,0.02925680171189153,run_074,0.042596465000087846,time_noise_60min,74,0.3043497683176285
0.8120269189440916,0.8120269189440916,0,0,0.0,0.0,3,3,0.0,0.0,17.647058823529413,17.647058823529413,0.0,0.0,9.437125748502995,additive_cij_louvain,17,17,1576.0,334,334,0,0,0.9290117244424363,0.9290117244424363,0.8248696659586793,0.8248696659586793,0.028339716962471454,run_074,0.04675760500003889,time_noise_60min,74,1.371149573962163
0.7747175026355211,0.7747175026355211,0,0,0.0,0.0,3,3,0.0,0.0,18.75,18.75,0.0,0.0,9.850299401197605,additive_cij_louvain_matched_density,16,16,1645.0,334,334,0,0,0.909713202519457,0.909713202519457,0.7905241559410559,0.7905241559410559,0.02958047868227509,run_074,0.05271282499984409,time_noise_60min,74,0.694687442974519
0.779434976954443,0.779434976954443,0,0,0.0,0.0,3,3,0.0,0.0,18.75,18.75,0.0,0.0,9.74251497005988,product_cij_leiden,16,16,1627.0,334,334,0,0,0.9146628983968402,0.9146628983968402,0.7949385932266467,0.7949385932266467,0.02925680171189153,run_074,0.035681651999993846,time_noise_60min,74,0.3043497683176285
0.40131811731174427,0.40131811731174427,0,0,0.0,0.0,3,3,0.0,0.0,25.0,25.0,1.4598540145985401,1.4598540145985401,,geo_time_dbscan,12,12,,334,334,4,4,0.8043188711255665,0.8043188711255665,0.4576323034567145,0.4576323034567145,,run_074,0.0053715550000106305,time_noise_60min,74,1.0
0.9145777318949153,0.9145777318949153,0,0,0.0,0.0,3,3,0.0,0.0,16.666666666666668,16.666666666666668,0.0,0.0,9.957575757575757,product_cij_louvain,18,18,1643.0,330,330,0,0,0.980918176135972,0.980918176135972,0.9204386839481555,0.9204386839481555,0.030266187712996225,run_075,0.04862738299993907,baseline,75,0.3942557989308463
0.9145777318949153,0.9145777318949153,0,0,0.0,0.0,3,3,0.0,0.0,16.666666666666668,16.666666666666668,0.0,0.0,9.775757575757575,additive_cij_louvain,18,18,1613.0,330,330,0,0,0.980918176135972,0.980918176135972,0.9204386839481555,0.9204386839481555,0.029713548862485034,run_075,0.04242165399978148,baseline,75,1.5275659915816782
0.9145777318949153,0.9145777318949153,0,0,0.0,0.0,3,3,0.0,0.0,16.666666666666668,16.666666666666668,0.0,0.0,9.981818181818182,additive_cij_louvain_matched_density,18,18,1647.0,330,330,0,0,0.980918176135972,0.980918176135972,0.9204386839481555,0.9204386839481555,0.030339872893064383,run_075,0.05019251199996688,baseline,75,0.7483806795277423
0.9145777318949153,0.9145777318949153,0,0,0.0,0.0,3,3,0.0,0.0,16.666666666666668,16.666666666666668,0.0,0.0,9.957575757575757,product_cij_leiden,18,18,1643.0,330,330,0,0,0.9809181761359722,0.9809181761359722,0.9204386839481555,0.9204386839481555,0.030266187712996225,run_075,0.03384404000007635,baseline,75,0.3942557989308463
0.6175149816533386,0.6175149816533386,0,0,0.0,0.0,3,3,0.0,0.0,21.428571428571427,21.428571428571427,0.0,0.0,,geo_time_dbscan,14,14,,330,330,0,0,0.892577654961463,0.892577654961463,0.6503240349394196,0.6503240349394196,,run_075,0.0050269480000224576,baseline,75,1.0
0.9749995860820188,0.9743160028053973,0,0,0.0,0.0,3,3,0.0,0.0,15.789473684210526,15.789473684210526,0.0,0.0,10.236363636363636,product_cij_louvain,19,19,3378.0,660,330,0,0,0.9857967067617781,0.9857967067617781,0.9766315789473685,0.9759479956663055,0.015533176989929646,run_075,0.20693957399998908,exact_transport_copy_2x,75,0.40711822856840324
0.9749995860820188,0.9743160028053973,0,0,0.0,0.0,3,3,0.0,0.0,15.789473684210526,15.789473684210526,0.0,0.0,10.190909090909091,additive_cij_louvain,19,19,3363.0,660,330,0,0,0.9857967067617781,0.9857967067617781,0.9766315789473685,0.9759479956663055,0.015464201958890882,run_075,0.21156032300018524,exact_transport_copy_2x,75,1.5378909039081006
0.9334863018893912,0.9317011625791808,0,0,0.0,0.0,3,3,0.0,0.0,15.789473684210526,15.789473684210526,0.0,0.0,10.242424242424242,additive_cij_louvain_matched_density,19,19,3380.0,660,330,0,0,0.9774655388432572,0.9774655388432572,0.9379010556820533,0.9361158432708688,0.015542373660734814,run_075,0.21586865299991587,exact_transport_copy_2x,75,0.7536681433407592
0.9749995860820188,0.9743160028053973,0,0,0.0,0.0,3,3,0.0,0.0,15.789473684210526,15.789473684210526,0.0,0.0,10.236363636363636,product_cij_leiden,19,19,3378.0,660,330,0,0,0.9857967067617781,0.9857967067617781,0.9766315789473685,0.9759479956663055,0.015533176989929646,run_075,0.14638620699997773,exact_transport_copy_2x,75,0.40711822856840324
0.6238644251269094,0.6175149816533386,0,0,0.0,0.0,3,3,0.0,0.0,21.428571428571427,21.428571428571427,0.0,0.0,,geo_time_dbscan,14,14,,660,330,0,0,0.892577654961463,0.892577654961463,0.6568505461081157,0.6503240349394196,,run_075,0.015393489999951271,exact_transport_copy_2x,75,1.0
0.3465221794955094,0.29805867410068254,0,0,0.0,0.0,16,16,0.0,0.0,17.02127659574468,17.02127659574468,0.0,0.0,10.185454545454546,product_cij_louvain,94,94,8403.0,1650,330,0,0,0.7780574469550321,0.7780574469550322,0.36240703177822853,0.312180889861415,0.0061767462373890514,run_075,0.94168678799997,exact_transport_copy_5x,75,0.41802837595854564
0.3503143165129138,0.3022507482262843,0,0,0.0,0.0,16,16,0.0,0.0,17.204301075268816,17.204301075268816,0.0,0.0,10.202424242424243,additive_cij_louvain,93,93,8417.0,1650,330,0,0,0.7795156875986621,0.7795156875986622,0.36627318718381113,0.31647871953437606,0.006187037139129316,run_075,0.8099256840000635,exact_transport_copy_5x,75,1.5433576300075478
0.34325905475329516,0.2944502625284919,0,0,0.0,0.0,16,16,0.0,0.0,16.666666666666668,16.666666666666668,0.0,0.0,10.14060606060606,additive_cij_louvain_matched_density,96,96,8366.0,1650,330,0,0,0.7760421079018558,0.7760421079018558,0.35907859078590787,0.3084795321637427,0.006149548854218351,run_075,0.8279645149998487,exact_transport_copy_5x,75,0.756700744514267
0.3465221794955094,0.29805867410068254,0,0,0.0,0.0,16,16,0.0,0.0,17.02127659574468,17.02127659574468,0.0,0.0,10.185454545454546,product_cij_leiden,94,94,8403.0,1650,330,0,0,0.7780574469550321,0.7780574469550322,0.36240703177822853,0.312180889861415,0.0061767462373890514,run_075,0.6564089800001511,exact_transport_copy_5x,75,0.41802837595854564
0.6275630103068222,0.6175149816533386,0,0,0.0,0.0,3,3,0.0,0.0,21.428571428571427,21.428571428571427,0.0,0.0,,geo_time_dbscan,14,14,,1650,330,0,0,0.8925776549614628,0.892577654961463,0.6606508066721356,0.6503240349394196,,run_075,0.08220225200011555,exact_transport_copy_5x,75,1.0
0.9145777318949153,0.9145777318949153,0,0,0.0,0.0,3,3,0.0,0.0,16.666666666666668,16.666666666666668,0.0,0.0,10.066666666666666,product_cij_louvain,18,18,1661.0,330,330,0,0,0.980918176135972,0.980918176135972,0.9204386839481555,0.9204386839481555,0.03059777102330294,run_075,0.04645676500012996,gps_noise_100m,75,0.3774432414058344
0.9145777318949153,0.9145777318949153,0,0,0.0,0.0,3,3,0.0,0.0,16.666666666666668,16.666666666666668,0.0,0.0,9.866666666666667,additive_cij_louvain,18,18,1628.0,330,330,0,0,0.980918176135972,0.980918176135972,0.9204386839481555,0.9204386839481555,0.02998986828774063,run_075,0.05296396399990044,gps_noise_100m,75,1.4926184197694805
0.9145777318949153,0.9145777318949153,0,0,0.0,0.0,3,3,0.0,0.0,16.666666666666668,16.666666666666668,0.0,0.0,10.030303030303031,additive_cij_louvain_matched_density,18,18,1655.0,330,330,0,0,0.980918176135972,0.980918176135972,0.9204386839481555,0.9204386839481555,0.0304872432532007,run_075,0.0663767739999912,gps_noise_100m,75,0.7408313999306998
0.9145777318949153,0.9145777318949153,0,0,0.0,0.0,3,3,0.0,0.0,16.666666666666668,16.666666666666668,0.0,0.0,10.066666666666666,product_cij_leiden,18,18,1661.0,330,330,0,0,0.9809181761359722,0.9809181761359722,0.9204386839481555,0.9204386839481555,0.03059777102330294,run_075,0.036498972000117647,gps_noise_100m,75,0.3774432414058344
0.5200088338808995,0.5200088338808995,0,0,0.0,0.0,3,3,0.0,0.0,25.0,25.0,0.0,0.0,,geo_time_dbscan,12,12,,330,330,0,0,0.8386711636112489,0.8386711636112489,0.5638206913399292,0.5638206913399292,,run_075,0.0050438040000244655,gps_noise_100m,75,1.0
0.7041867450281402,0.7041867450281402,0,0,0.0,0.0,3,3,0.0,0.0,20.0,20.0,0.0,0.0,10.187878787878788,product_cij_louvain,15,15,1681.0,330,330,0,0,0.9107422212906234,0.9107422212906234,0.7279400031913196,0.7279400031913196,0.030966196923643732,run_075,0.04836298899999747,gps_noise_300m,75,0.260385676645331
0.7991161030243099,0.7991161030243099,0,0,0.0,0.0,3,3,0.0,0.0,17.647058823529413,17.647058823529413,0.0,0.0,9.715151515151515,additive_cij_louvain,17,17,1603.0,330,330,0,0,0.9355035178308334,0.9355035178308334,0.814041404140414,0.814041404140414,0.029529335912314637,run_075,0.052318882999998095,gps_noise_300m,75,1.251116341955883
0.8534525168921313,0.8534525168921313,0,0,0.0,0.0,3,3,0.0,0.0,17.647058823529413,17.647058823529413,0.0,0.0,10.212121212121213,additive_cij_louvain_matched_density,17,17,1685.0,330,330,0,0,0.9440971136606543,0.9440971136606543,0.8636452815381596,0.8636452815381596,0.03103988210371189,run_075,0.07233391499994468,gps_noise_300m,75,0.711081438032709
0.7041867450281402,0.7041867450281402,0,0,0.0,0.0,3,3,0.0,0.0,20.0,20.0,0.0,0.0,10.187878787878788,product_cij_leiden,15,15,1681.0,330,330,0,0,0.9107422212906235,0.9107422212906235,0.7279400031913196,0.7279400031913196,0.030966196923643732,run_075,0.03669919799995114,gps_noise_300m,75,0.260385676645331
0.4878984328912517,0.4878984328912517,0,0,0.0,0.0,3,3,0.0,0.0,27.272727272727273,27.272727272727273,0.0,0.0,,geo_time_dbscan,11,11,,330,330,0,0,0.8121820940318698,0.8121820940318698,0.5355609699501103,0.5355609699501103,,run_075,0.005264708999902723,gps_noise_300m,75,1.0
0.8733579638928355,0.8733579638928355,0,0,0.0,0.0,3,3,0.0,0.0,17.647058823529413,17.647058823529413,0.0,0.0,9.842424242424242,product_cij_louvain,17,17,1624.0,330,330,0,0,0.9627235568791834,0.9627235568791834,0.8822733423545331,0.8822733423545331,0.02991618310767247,run_075,0.044832338000105665,time_noise_15min,75,0.37854722016013015
0.8733579638928355,0.8733579638928355,0,0,0.0,0.0,3,3,0.0,0.0,17.647058823529413,17.647058823529413,0.0,0.0,9.690909090909091,additive_cij_louvain,17,17,1599.0,330,330,0,0,0.9627235568791834,0.9627235568791834,0.8822733423545331,0.8822733423545331,0.02945565073224648,run_075,0.04862961699996049,time_noise_15min,75,1.484848454753719
0.8733579638928355,0.8733579638928355,0,0,0.0,0.0,3,3,0.0,0.0,17.647058823529413,17.647058823529413,0.0,0.0,9.83030303030303,additive_cij_louvain_matched_density,17,17,1622.0,330,330,0,0,0.9627235568791835,0.9627235568791835,0.8822733423545331,0.8822733423545331,0.02987934051763839,run_075,0.04285895399993933,time_noise_15min,75,0.7335061334281037
0.9058028557319595,0.9058028557319595,0,0,0.0,0.0,3,3,0.0,0.0,16.666666666666668,16.666666666666668,0.0,0.0,9.842424242424242,product_cij_leiden,18,18,1624.0,330,330,0,0,0.9754463445907013,0.9754463445907013,0.9122526484109534,0.9122526484109534,0.02991618310767247,run_075,0.036134496999920884,time_noise_15min,75,0.37854722016013015
0.6175149816533386,0.6175149816533386,0,0,0.0,0.0,3,3,0.0,0.0,21.428571428571427,21.428571428571427,0.0,0.0,,geo_time_dbscan,14,14,,330,330,0,0,0.892577654961463,0.892577654961463,0.6503240349394196,0.6503240349394196,,run_075,0.004973512999868035,time_noise_15min,75,1.0
0.7755651453927777,0.7755651453927777,0,0,0.0,0.0,3,3,0.0,0.0,17.647058823529413,17.647058823529413,0.0,0.0,9.775757575757575,product_cij_louvain,17,17,1613.0,330,330,0,0,0.9212031220825625,0.9212031220825625,0.7912857420735265,0.7912857420735265,0.029713548862485034,run_075,0.05850839800018548,time_noise_60min,75,0.27418806669442425
0.7898305547441669,0.7898305547441669,0,0,0.0,0.0,3,3,0.0,0.0,17.647058823529413,17.647058823529413,0.0,0.0,9.496969696969696,additive_cij_louvain,17,17,1567.0,330,330,0,0,0.9307627119506319,0.9307627119506319,0.8045798563943334,0.8045798563943334,0.028866169291701205,run_075,0.05322370499993667,time_noise_60min,75,1.3490708723816975
0.7814217865195272,0.7814217865195272,0,0,0.0,0.0,3,3,0.0,0.0,17.647058823529413,17.647058823529413,0.0,0.0,9.824242424242424,additive_cij_louvain_matched_density,17,17,1621.0,330,330,0,0,0.9228055021708909,0.9228055021708909,0.7967321532775724,0.7967321532775724,0.02986091922262135,run_075,0.05590114699998594,time_noise_60min,75,0.6749581788825355
0.7814217865195272,0.7814217865195272,0,0,0.0,0.0,3,3,0.0,0.0,17.647058823529413,17.647058823529413,0.0,0.0,9.775757575757575,product_cij_leiden,17,17,1613.0,330,330,0,0,0.9228055021708909,0.9228055021708909,0.7967321532775724,0.7967321532775724,0.029713548862485034,run_075,0.03319894200012641,time_noise_60min,75,0.27418806669442425
0.5166819312847653,0.5166819312847653,0,0,0.0,0.0,3,3,1.6666666666666667,1.6666666666666667,23.076923076923077,23.076923076923077,0.7407407407407407,0.7407407407407407,,geo_time_dbscan,13,13,,330,330,3,3,0.8328800712594709,0.8328800712594709,0.5603083809997513,0.5603083809997513,,run_075,0.0055992260001858085,time_noise_60min,75,1.0
0.789508695619889,0.789508695619889,0,0,0.0,0.0,3,3,0.0,0.0,17.647058823529413,17.647058823529413,0.0,0.0,9.897897897897899,product_cij_louvain,17,17,1648.0,333,333,0,0,0.9356059375196891,0.9356059375196891,0.8047938986744142,0.8047938986744142,0.029812945475596077,run_076,0.052463870000110546,baseline,76,0.3546258205552062
0.7618270711654612,0.7618270711654612,0,0,0.0,0.0,3,3,0.0,0.0,18.75,18.75,0.0,0.0,9.465465465465465,additive_cij_louvain,16,16,1576.0,333,333,0,0,0.9398336189566862,0.9398336189566862,0.7802616327206492,0.7802616327206492,0.028510438148992366,run_076,0.04872889299986127,baseline,76,1.5650863856093298
0.7682668868995,0.7682668868995,0,0,0.0,0.0,3,3,0.0,0.0,18.75,18.75,0.0,0.0,9.885885885885886,additive_cij_louvain_matched_density,16,16,1646.0,333,333,0,0,0.9238837537856884,0.9238837537856884,0.785397838029417,0.785397838029417,0.029776764716523754,run_076,0.04580341399991994,baseline,76,0.789024988518659
0.789508695619889,0.789508695619889,0,0,0.0,0.0,3,3,0.0,0.0,17.647058823529413,17.647058823529413,0.0,0.0,9.897897897897899,product_cij_leiden,17,17,1648.0,333,333,0,0,0.9356059375196891,0.9356059375196891,0.8047938986744142,0.8047938986744142,0.029812945475596077,run_076,0.034625792000042566,baseline,76,0.3546258205552062
0.3080368881296079,0.3080368881296079,1,1,33.333333333333336,33.333333333333336,2,2,0.0,0.0,28.571428571428573,28.571428571428573,0.0,0.0,,geo_time_dbscan,7,7,,333,333,0,0,0.6749209991091446,0.6749209991091446,0.3792048929663609,0.3792048929663609,,run_076,0.004932441999926596,baseline,76,1.0
0.8119030781667981,0.806889000319201,0,0,0.0,0.0,3,3,0.0,0.0,15.789473684210526,15.789473684210526,0.0,0.0,10.441441441441441,product_cij_louvain,19,19,3477.0,666,333,0,0,0.9219418556741321,0.9219418556741321,0.8243366880146386,0.8193224592220828,0.015701415701415703,run_076,0.13057622599990282,exact_transport_copy_2x,76,0.3669566250137126
0.8648923579340467,0.8613543452196808,0,0,0.0,0.0,3,3,0.0,0.0,15.789473684210526,15.789473684210526,0.0,0.0,10.375375375375375,additive_cij_louvain,19,19,3455.0,666,333,0,0,0.9450297071552693,0.9450297071552693,0.8739621886565969,0.8704236939531057,0.015602068233647182,run_076,0.13818205699999453,exact_transport_copy_2x,76,1.5732219367887286
0.8506429705075055,0.8466056169698969,0,0,0.0,0.0,3,3,0.0,0.0,15.789473684210526,15.789473684210526,0.0,0.0,10.33033033033033,additive_cij_louvain_matched_density,19,19,3440.0,666,333,0,0,0.9357959062299686,0.9357959062299686,0.8603932873468547,0.8563559322033898,0.015534331323805007,run_076,0.13499328500006413,exact_transport_copy_2x,76,0.7934018606884821
0.8546638871746772,0.8507370026783972,0,0,0.0,0.0,3,3,0.0,0.0,15.789473684210526,15.789473684210526,0.0,0.0,10.441441441441441,product_cij_leiden,19,19,3477.0,666,333,0,0,0.93695832797069,0.93695832797069,0.8641556035813523,0.8602287166454892,0.015701415701415703,run_076,0.09515970100005688,exact_transport_copy_2x,76,0.3669566250137126
0.31376136460822684,0.3080368881296079,1,1,33.333333333333336,33.333333333333336,2,2,0.0,0.0,28.571428571428573,28.571428571428573,0.0,0.0,,geo_time_dbscan,7,7,,666,333,0,0,0.6749209991091447,0.6749209991091446,0.3859502487562189,0.3792048929663609,,run_076,0.012507914000025266,exact_transport_copy_2x,76,1.0
0.33651574549007673,0.28810527988789,0,0,0.0,0.0,17,17,0.0,0.0,18.085106382978722,18.085106382978722,0.0,0.0,10.199399399399399,product_cij_louvain,94,94,8491.0,1665,333,0,0,0.7618625481983394,0.7618625481983393,0.35306512148548097,0.30294430649166365,0.006129446754446754,run_076,0.514361092999934,exact_transport_copy_5x,76,0.3750776368763094
0.3281049074134267,0.278792859930174,0,0,0.0,0.0,17,17,0.0,0.0,17.894736842105264,17.894736842105264,0.0,0.0,10.168168168168169,additive_cij_louvain,95,95,8465.0,1665,333,0,0,0.7597982037217171,0.7597982037217171,0.34445768772348034,0.2933618843683083,0.0061106779856779855,run_076,0.5471607179999864,exact_transport_copy_5x,76,1.5778937180110402
0.35599877537650143,0.30974186914426655,0,0,0.0,0.0,16,16,0.0,0.0,17.02127659574468,17.02127659574468,0.0,0.0,10.182582582582583,additive_cij_louvain_matched_density,94,94,8477.0,1665,333,0,0,0.7622774229496017,0.7622774229496017,0.3730946357916586,0.3253054101221641,0.006119340494340494,run_076,0.5400717360000726,exact_transport_copy_5x,76,0.7958986570907041
0.33651574549007673,0.28810527988789,0,0,0.0,0.0,17,17,0.0,0.0,18.085106382978722,18.085106382978722,0.0,0.0,10.199399399399399,product_cij_leiden,94,94,8491.0,1665,333,0,0,0.7618625481983391,0.7618625481983393,0.35306512148548097,0.30294430649166365,0.006129446754446754,run_076,0.42063906900011716,exact_transport_copy_5x,76,0.3750776368763094
0.31714092108516106,0.3080368881296079,1,1,33.333333333333336,33.333333333333336,2,2,0.0,0.0,28.571428571428573,28.571428571428573,0.0,0.0,,geo_time_dbscan,7,7,,1665,333,0,0,0.6749209991091447,0.6749209991091446,0.38992755686311725,0.3792048929663609,,run_076,0.06015727099998003,exact_transport_copy_5x,76,1.0
0.7618270711654612,0.7618270711654612,0,0,0.0,0.0,3,3,0.0,0.0,18.75,18.75,0.0,0.0,9.981981981981981,product_cij_louvain,16,16,1662.0,333,333,0,0,0.9398336189566859,0.9398336189566859,0.7802616327206492,0.7802616327206492,0.030066210789102356,run_076,0.052789318000122876,gps_noise_100m,76,0.3503888592443762
0.7618270711654612,0.7618270711654612,0,0,0.0,0.0,3,3,0.0,0.0,18.75,18.75,0.0,0.0,9.585585585585585,additive_cij_louvain,16,16,1596.0,333,333,0,0,0.9398336189566862,0.9398336189566862,0.7802616327206492,0.7802616327206492,0.02887224573971562,run_076,0.05562032900002123,gps_noise_100m,76,1.5277515946923375
0.7468029853351955,0.7468029853351955,0,0,0.0,0.0,3,3,0.0,0.0,18.75,18.75,0.0,0.0,9.987987987987989,additive_cij_louvain_matched_density,16,16,1663.0,333,333,0,0,0.9182866899529523,0.9182866899529523,0.7658545014688094,0.7658545014688094,0.030084301168638517,run_076,0.05289953000010428,gps_noise_100m,76,0.7896090861979894
0.789508695619889,0.789508695619889,0,0,0.0,0.0,3,3,0.0,0.0,17.647058823529413,17.647058823529413,0.0,0.0,9.981981981981981,product_cij_leiden,17,17,1662.0,333,333,0,0,0.9356059375196891,0.9356059375196891,0.8047938986744142,0.8047938986744142,0.030066210789102356,run_076,0.049769269000080385,gps_noise_100m,76,0.3503888592443762
0.3080368881296079,0.3080368881296079,1,1,33.333333333333336,33.333333333333336,2,2,0.0,0.0,28.571428571428573,28.571428571428573,0.0,0.0,,geo_time_dbscan,7,7,,333,333,0,0,0.6749209991091446,0.6749209991091446,0.3792048929663609,0.3792048929663609,,run_076,0.005062662000000273,gps_noise_100m,76,1.0
0.6923593866547275,0.6923593866547275,0,0,0.0,0.0,3,3,0.0,0.0,20.0,20.0,0.0,0.0,10.132132132132131,product_cij_louvain,15,15,1687.0,333,333,0,0,0.8942365732677463,0.8942365732677463,0.7167832167832168,0.7167832167832168,0.030518470277506423,run_076,0.05725304900010997,gps_noise_300m,76,0.2654255445010406
0.6729501096840634,0.6729501096840634,0,0,0.0,0.0,3,3,0.0,0.0,17.647058823529413,17.647058823529413,0.0,0.0,9.525525525525525,additive_cij_louvain,17,17,1586.0,333,333,0,0,0.8782917234775822,0.8782917234775822,0.6989024972164786,0.6989024972164786,0.028691341944353993,run_076,0.053082577999930436,gps_noise_300m,76,1.3139738962964551
0.6874087694633491,0.6874087694633491,0,0,0.0,0.0,3,3,0.0,0.0,21.428571428571427,21.428571428571427,0.0,0.0,10.252252252252251,additive_cij_louvain_matched_density,14,14,1707.0,333,333,0,0,0.8995208790569762,0.8995208790569762,0.7128259874942809,0.7128259874942809,0.030880277868229677,run_076,0.05651223800009575,gps_noise_300m,76,0.7648472275104216
0.6923593866547275,0.6923593866547275,0,0,0.0,0.0,3,3,0.0,0.0,20.0,20.0,0.0,0.0,10.132132132132131,product_cij_leiden,15,15,1687.0,333,333,0,0,0.8942365732677463,0.8942365732677463,0.7167832167832168,0.7167832167832168,0.030518470277506423,run_076,0.03441901299993333,gps_noise_300m,76,0.2654255445010406
0.3080368881296079,0.3080368881296079,1,1,33.333333333333336,33.333333333333336,2,2,0.0,0.0,28.571428571428573,28.571428571428573,0.0,0.0,,geo_time_dbscan,7,7,,333,333,0,0,0.6749209991091446,0.6749209991091446,0.3792048929663609,0.3792048929663609,,run_076,0.005327117000206272,gps_noise_300m,76,1.0
0.7618270711654612,0.7618270711654612,0,0,0.0,0.0,3,3,0.0,0.0,18.75,18.75,0.0,0.0,9.957957957957959,product_cij_louvain,16,16,1658.0,333,333,0,0,0.9398336189566859,0.9398336189566859,0.7802616327206492,0.7802616327206492,0.029993849270957704,run_076,0.05319264999980078,time_noise_15min,76,0.34663170536572896
0.7590028551016166,0.7590028551016166,0,0,0.0,0.0,3,3,0.0,0.0,17.647058823529413,17.647058823529413,0.0,0.0,9.24924924924925,additive_cij_louvain,17,17,1540.0,333,333,0,0,0.9374358125635018,0.9374358125635018,0.7776302688350482,0.7776302688350482,0.02785918448569051,run_076,0.04660081799988802,time_noise_15min,76,1.5393017518827876
0.7236954710592721,0.7236954710592721,0,0,0.0,0.0,3,3,0.0,0.0,20.0,20.0,0.0,0.0,9.981981981981981,additive_cij_louvain_matched_density,15,15,1662.0,333,333,0,0,0.9222059989156403,0.9222059989156403,0.7456876087988606,0.7456876087988606,0.030066210789102356,run_076,0.048736909000126616,time_noise_15min,76,0.7689996325468684
0.7618270711654612,0.7618270711654612,0,0,0.0,0.0,3,3,0.0,0.0,18.75,18.75,0.0,0.0,9.957957957957959,product_cij_leiden,16,16,1658.0,333,333,0,0,0.9398336189566862,0.9398336189566862,0.7802616327206492,0.7802616327206492,0.029993849270957704,run_076,0.035518848000037906,time_noise_15min,76,0.34663170536572896
0.38685799259379994,0.38685799259379994,1,1,33.333333333333336,33.333333333333336,2,2,0.0,0.0,25.0,25.0,0.0,0.0,,geo_time_dbscan,8,8,,333,333,0,0,0.740623606842697,0.740623606842697,0.4472710014238254,0.4472710014238254,,run_076,0.0052187579999554146,time_noise_15min,76,1.0
0.6516870526608521,0.6516870526608521,0,0,0.0,0.0,3,3,0.0,0.0,20.0,20.0,0.0,0.0,9.843843843843844,product_cij_louvain,15,15,1639.0,333,333,0,0,0.8526920606865067,0.8526920606865067,0.6775725593667546,0.6775725593667546,0.029650132059770615,run_076,0.04874223700016955,time_noise_60min,76,0.2906040281628395
0.6518208705924216,0.6518208705924216,0,0,0.0,0.0,3,3,0.0,0.0,18.75,18.75,0.0,0.0,9.36936936936937,additive_cij_louvain,16,16,1560.0,333,333,0,0,0.8517805561466716,0.8517805561466716,0.677618795265854,0.677618795265854,0.028220992076413765,run_076,0.05565960800004177,time_noise_60min,76,1.393810904268369
0.6138222379745035,0.6138222379745035,0,0,0.0,0.0,3,3,0.0,0.0,21.428571428571427,21.428571428571427,0.0,0.0,9.945945945945946,additive_cij_louvain_matched_density,14,14,1656.0,333,333,0,0,0.8278888594438762,0.8278888594438762,0.6431852986217458,0.6431852986217458,0.029957668511885378,run_076,0.04713140000012572,time_noise_60min,76,0.7330878948964449
0.6523961057363904,0.6523961057363904,0,0,0.0,0.0,3,3,0.0,0.0,20.0,20.0,0.0,0.0,9.843843843843844,product_cij_leiden,15,15,1639.0,333,333,0,0,0.8532184306956595,0.8532184306956595,0.6782578152441165,0.6782578152441165,0.029650132059770615,run_076,0.03569059399978869,time_noise_60min,76,0.2906040281628395
0.34778399118745884,0.34778399118745884,1,1,33.333333333333336,33.333333333333336,2,2,0.0,0.0,22.22222222222222,22.22222222222222,0.3663003663003663,0.3663003663003663,,geo_time_dbscan,9,9,,333,333,1,1,0.7152023178334321,0.7152023178334321,0.41318485523385295,0.41318485523385295,,run_076,0.005016073999968285,time_noise_60min,76,1.0
0.8987857164995143,0.8987857164995143,0,0,0.0,0.0,3,3,0.0,0.0,17.647058823529413,17.647058823529413,0.0,0.0,9.930555555555555,product_cij_louvain,17,17,1430.0,288,288,0,0,0.9710607096509809,0.9710607096509809,0.9058468295360965,0.9058468295360965,0.03460123886953155,run_077,0.04978691499991328,baseline,77,0.4333579691492238
0.8987857164995143,0.8987857164995143,0,0,0.0,0.0,3,3,0.0,0.0,17.647058823529413,17.647058823529413,0.0,0.0,9.354166666666666,additive_cij_louvain,17,17,1347.0,288,288,0,0,0.9710607096509809,0.9710607096509809,0.9058468295360965,0.9058468295360965,0.03259291521486644,run_077,0.04095125100002406,baseline,77,1.5572611815505957
0.804773595533706,0.804773595533706,0,0,0.0,0.0,3,3,0.0,0.0,18.75,18.75,0.0,0.0,9.993055555555555,additive_cij_louvain_matched_density,16,16,1439.0,288,288,0,0,0.9486566548890761,0.9486566548890761,0.8194685870374969,0.8194685870374969,0.03481900890437476,run_077,0.0744926200000009,baseline,77,0.8556010305895725
0.8987857164995143,0.8987857164995143,0,0,0.0,0.0,3,3,0.0,0.0,17.647058823529413,17.647058823529413,0.0,0.0,9.930555555555555,product_cij_leiden,17,17,1430.0,288,288,0,0,0.9710607096509809,0.9710607096509809,0.9058468295360965,0.9058468295360965,0.03460123886953155,run_077,0.031243418000030942,baseline,77,0.4333579691492238
0.26824398971343144,0.26824398971343144,0,0,0.0,0.0,3,3,0.0,0.0,42.857142857142854,42.857142857142854,0.0,0.0,,geo_time_dbscan,7,7,,288,288,0,0,0.6272327320588756,0.6272327320588756,0.34544122265256993,0.34544122265256993,,run_077,0.006437906999963161,baseline,77,1.0
0.9463393205321888,0.9446059147321214,0,0,0.0,0.0,3,3,0.0,0.0,15.789473684210526,15.789473684210526,0.0,0.0,10.288194444444445,product_cij_louvain,19,19,2963.0,576,288,0,0,0.9693308288371422,0.9693308288371422,0.9498680738786278,0.9481346678798908,0.017892512077294687,run_077,0.12097175799999604,exact_transport_copy_2x,77,0.44126160391404895
0.8690124546361093,0.8652153859146512,0,0,0.0,0.0,3,3,0.0,0.0,17.647058823529413,17.647058823529413,0.0,0.0,10.177083333333334,additive_cij_louvain,17,17,2931.0,576,288,0,0,0.9535824405680028,0.9535824405680028,0.8784251130619847,0.8746227709190671,0.017699275362318842,run_077,0.1265787550000823,exact_transport_copy_2x,77,1.5707407052833866
0.8885788024101736,0.8850027383661264,0,0,0.0,0.0,3,3,0.0,0.0,15.789473684210526,15.789473684210526,0.0,0.0,10.340277777777779,additive_cij_louvain_matched_density,19,19,2978.0,576,288,0,0,0.9491655828918005,0.9491655828918005,0.8959487030020402,0.892372625866747,0.017983091787439613,run_077,0.12364988900003482,exact_transport_copy_2x,77,0.8595579600905804
0.9386072451153196,0.9366163348960035,0,0,0.0,0.0,3,3,0.0,0.0,15.789473684210526,15.789473684210526,0.0,0.0,10.288194444444445,product_cij_leiden,19,19,2963.0,576,288,0,0,0.9658676763006969,0.9658676763006969,0.942630185348632,0.9406392694063928,0.017892512077294687,run_077,0.08071917899997061,exact_transport_copy_2x,77,0.44126160391404895
0.27452421388102316,0.26824398971343144,0,0,0.0,0.0,3,3,0.0,0.0,42.857142857142854,42.857142857142854,0.0,0.0,,geo_time_dbscan,7,7,,576,288,0,0,0.6272327320588756,0.6272327320588756,0.3531602358539361,0.34544122265256993,,run_077,0.01183237400005055,exact_transport_copy_2x,77,1.0
0.3860812760898774,0.3337826070780865,0,0,0.0,0.0,18,18,0.0,0.0,21.428571428571427,21.428571428571427,0.0,0.0,10.130555555555556,product_cij_louvain,84,84,7294.0,1440,288,0,0,0.7910055517076056,0.7910055517076056,0.40320232896652114,0.3492063492063492,0.00703999691143541,run_077,1.0660094400000162,exact_transport_copy_5x,77,0.4459326680827713
0.3860812760898774,0.3337826070780865,0,0,0.0,0.0,18,18,0.0,0.0,21.428571428571427,21.428571428571427,0.0,0.0,10.131944444444445,additive_cij_louvain,84,84,7295.0,1440,288,0,0,0.7910055517076056,0.7910055517076056,0.40320232896652114,0.3492063492063492,0.0070409620878696625,run_077,0.7380802950001453,exact_transport_copy_5x,77,1.57991804811538
0.3844566423517234,0.3324213144014975,0,0,0.0,0.0,17,17,0.0,0.0,20.73170731707317,20.73170731707317,0.0,0.0,10.181944444444444,additive_cij_louvain_matched_density,82,82,7331.0,1440,288,0,0,0.7852752747395405,0.7852752747395406,0.4020953757225434,0.3484251968503937,0.0070757084395027415,run_077,0.4374766470000395,exact_transport_copy_5x,77,0.8621420509818414
0.3860812760898774,0.3337826070780865,0,0,0.0,0.0,18,18,0.0,0.0,21.428571428571427,21.428571428571427,0.0,0.0,10.130555555555556,product_cij_leiden,84,84,7294.0,1440,288,0,0,0.7910055517076057,0.7910055517076056,0.40320232896652114,0.3492063492063492,0.00703999691143541,run_077,0.4005540549999296,exact_transport_copy_5x,77,0.4459326680827713
0.2782278843209451,0.26824398971343144,0,0,0.0,0.0,3,3,0.0,0.0,42.857142857142854,42.857142857142854,0.0,0.0,,geo_time_dbscan,7,7,,1440,288,0,0,0.6272327320588756,0.6272327320588756,0.3577048708835795,0.34544122265256993,,run_077,0.0602074690000336,exact_transport_copy_5x,77,1.0
0.875960665051449,0.875960665051449,0,0,0.0,0.0,3,3,0.0,0.0,17.647058823529413,17.647058823529413,0.0,0.0,9.95138888888889,product_cij_louvain,17,17,1433.0,288,288,0,0,0.960060641875375,0.960060641875375,0.8846259249109345,0.8846259249109345,0.03467382888114595,run_077,0.4093258939999487,gps_noise_100m,77,0.416746510190345
0.875960665051449,0.875960665051449,0,0,0.0,0.0,3,3,0.0,0.0,17.647058823529413,17.647058823529413,0.0,0.0,9.305555555555555,additive_cij_louvain,17,17,1340.0,288,288,0,0,0.9600606418753748,0.9600606418753748,0.8846259249109345,0.8846259249109345,0.0324235385210995,run_077,0.04642702000001009,gps_noise_100m,77,1.526988566563442
0.7841311679995603,0.7841311679995603,0,0,0.0,0.0,3,3,0.0,0.0,18.75,18.75,0.0,0.0,9.930555555555555,additive_cij_louvain_matched_density,16,16,1430.0,288,288,0,0,0.9374114593612358,0.9374114593612358,0.8003967270022315,0.8003967270022315,0.03460123886953155,run_077,0.040833362999819656,gps_noise_100m,77,0.8506288599576034
0.875960665051449,0.875960665051449,0,0,0.0,0.0,3,3,0.0,0.0,17.647058823529413,17.647058823529413,0.0,0.0,9.95138888888889,product_cij_leiden,17,17,1433.0,288,288,0,0,0.960060641875375,0.960060641875375,0.8846259249109345,0.8846259249109345,0.03467382888114595,run_077,0.029662609000070006,gps_noise_100m,77,0.416746510190345
0.26824398971343144,0.26824398971343144,0,0,0.0,0.0,3,3,0.0,0.0,42.857142857142854,42.857142857142854,0.0,0.0,,geo_time_dbscan,7,7,,288,288,0,0,0.6272327320588756,0.6272327320588756,0.34544122265256993,0.34544122265256993,,run_077,0.004519001000062417,gps_noise_100m,77,1.0
0.6113010309943437,0.6113010309943437,0,0,0.0,0.0,3,3,0.0,0.0,21.428571428571427,21.428571428571427,0.0,0.0,10.125,product_cij_louvain,14,14,1458.0,288,288,0,0,0.8397150398605895,0.8397150398605895,0.6432269197584125,0.6432269197584125,0.035278745644599305,run_077,0.04177029499987839,gps_noise_300m,77,0.3292308459160827
0.5483039039812163,0.5483039039812163,0,0,0.0,0.0,3,3,0.0,0.0,20.0,20.0,0.0,0.0,9.055555555555555,additive_cij_louvain,15,15,1304.0,288,288,0,0,0.8176710009353576,0.8176710009353576,0.586843160850381,0.586843160850381,0.03155245838172668,run_077,0.03914299899997786,gps_noise_300m,77,1.361731046819739
0.5283707686491053,0.5283707686491053,0,0,0.0,0.0,3,3,0.0,0.0,27.272727272727273,27.272727272727273,0.0,0.0,10.215277777777779,additive_cij_louvain_matched_density,11,11,1471.0,288,288,0,0,0.8228433563872511,0.8228433563872511,0.5711282410651717,0.5711282410651717,0.035593302361595046,run_077,0.04949189599983583,gps_noise_300m,77,0.8163414839199349
0.5919666996745573,0.5919666996745573,0,0,0.0,0.0,3,3,0.0,0.0,23.076923076923077,23.076923076923077,0.0,0.0,10.125,product_cij_leiden,13,13,1458.0,288,288,0,0,0.8467328760755671,0.8467328760755671,0.6272443403590945,0.6272443403590945,0.035278745644599305,run_077,0.030080551000082778,gps_noise_300m,77,0.3292308459160827
0.24858069180135492,0.24858069180135492,0,0,0.0,0.0,2,2,0.0,0.0,33.333333333333336,33.333333333333336,0.43859649122807015,0.43859649122807015,,geo_time_dbscan,6,6,,288,288,1,1,0.6180751872709646,0.6180751872709646,0.32855567805953695,0.32855567805953695,,run_077,0.004410141000107615,gps_noise_300m,77,1.0
0.7416369401094349,0.7416369401094349,0,0,0.0,0.0,3,3,0.0,0.0,20.0,20.0,0.0,0.0,9.895833333333334,product_cij_louvain,15,15,1425.0,288,288,0,0,0.9178977559357363,0.9178977559357363,0.7617473435655254,0.7617473435655254,0.034480255516840884,run_077,0.0436139280000134,time_noise_15min,77,0.4210019478408106
0.7492547221867796,0.7492547221867796,0,0,0.0,0.0,3,3,0.0,0.0,20.0,20.0,0.0,0.0,9.395833333333334,additive_cij_louvain,15,15,1353.0,288,288,0,0,0.9241000513201708,0.9241000513201708,0.7687956634456753,0.7687956634456753,0.03273809523809524,run_077,0.03912196400005996,time_noise_15min,77,1.521125311694768
0.7321460760951943,0.7321460760951943,0,0,0.0,0.0,3,3,0.0,0.0,20.0,20.0,0.0,0.0,9.965277777777779,additive_cij_louvain_matched_density,15,15,1435.0,288,288,0,0,0.9110751141639903,0.9110751141639903,0.7530077848549186,0.7530077848549186,0.034722222222222224,run_077,0.04960884399997667,time_noise_15min,77,0.8377844700948442
0.7416369401094349,0.7416369401094349,0,0,0.0,0.0,3,3,0.0,0.0,20.0,20.0,0.0,0.0,9.895833333333334,product_cij_leiden,15,15,1425.0,288,288,0,0,0.9178977559357362,0.9178977559357362,0.7617473435655254,0.7617473435655254,0.034480255516840884,run_077,0.030987771000127395,time_noise_15min,77,0.4210019478408106
0.26824398971343144,0.26824398971343144,0,0,0.0,0.0,3,3,0.0,0.0,42.857142857142854,42.857142857142854,0.0,0.0,,geo_time_dbscan,7,7,,288,288,0,0,0.6272327320588756,0.6272327320588756,0.34544122265256993,0.34544122265256993,,run_077,0.0045375270001386525,time_noise_15min,77,1.0
0.6202871562510281,0.6202871562510281,0,0,0.0,0.0,3,3,0.0,0.0,21.428571428571427,21.428571428571427,0.0,0.0,9.784722222222221,product_cij_louvain,14,14,1409.0,288,288,0,0,0.8390737506572511,0.8390737506572511,0.6496541855473408,0.6496541855473408,0.03409310878823074,run_077,0.04072406700015563,time_noise_60min,77,0.34970725880748904
0.6172380842467646,0.6172380842467646,0,0,0.0,0.0,3,3,0.0,0.0,23.076923076923077,23.076923076923077,0.0,0.0,9.0625,additive_cij_louvain,13,13,1305.0,288,288,0,0,0.8404532291897325,0.8404532291897325,0.6482423170462083,0.6482423170462083,0.031576655052264806,run_077,0.03837717400006113,time_noise_60min,77,1.4123791767173954
0.5271490309288065,0.5271490309288065,0,0,0.0,0.0,3,3,0.0,0.0,25.0,25.0,0.0,0.0,10.166666666666666,additive_cij_louvain_matched_density,12,12,1464.0,288,288,0,0,0.7772655815787475,0.7772655815787475,0.5661748984391705,0.5661748984391705,0.03542392566782811,run_077,0.057480596999994304,time_noise_60min,77,0.7749675908942457
0.6602067595224139,0.6602067595224139,0,0,0.0,0.0,3,3,0.0,0.0,20.0,20.0,0.0,0.0,9.784722222222221,product_cij_leiden,15,15,1409.0,288,288,0,0,0.8554031433958689,0.8554031433958689,0.6853360488798371,0.6853360488798371,0.03409310878823074,run_077,0.02987775499991585,time_noise_60min,77,0.34970725880748904
0.2704970959521006,0.2704970959521006,0,0,0.0,0.0,3,3,3.3333333333333335,3.3333333333333335,42.857142857142854,42.857142857142854,0.8771929824561403,0.8771929824561403,,geo_time_dbscan,7,7,,288,288,4,4,0.626609114025068,0.626609114025068,0.3471955640861591,0.3471955640861591,,run_077,0.004445492999820999,time_noise_60min,77,1.0
0.8785362876515552,0.8785362876515552,0,0,0.0,0.0,3,3,0.0,0.0,17.647058823529413,17.647058823529413,0.0,0.0,9.936908517350158,product_cij_louvain,17,17,1575.0,317,317,0,0,0.9681978001387438,0.9681978001387438,0.886708296164139,0.886708296164139,0.03144591302958911,run_078,0.07866742200008048,baseline,78,0.31057756858599544
0.875352651775798,0.875352651775798,0,0,0.0,0.0,2,2,0.0,0.0,11.764705882352942,11.764705882352942,0.0,0.0,9.173501577287066,additive_cij_louvain,17,17,1454.0,317,317,0,0,0.9657215564844526,0.9657215564844526,0.883720930232558,0.883720930232558,0.029030068282554007,run_078,0.06846929200014529,baseline,78,1.5828829937293745
0.835582707564569,0.835582707564569,0,0,0.0,0.0,2,2,0.0,0.0,13.333333333333334,13.333333333333334,0.0,0.0,9.962145110410095,additive_cij_louvain_matched_density,15,15,1579.0,317,317,0,0,0.9529023116712799,0.9529023116712799,0.8470387729015765,0.8470387729015765,0.03152577566585473,run_078,0.071816606000084,baseline,78,0.769491534389764
0.8785362876515552,0.8785362876515552,0,0,0.0,0.0,3,3,0.0,0.0,17.647058823529413,17.647058823529413,0.0,0.0,9.936908517350158,product_cij_leiden,17,17,1575.0,317,317,0,0,0.9681978001387438,0.9681978001387438,0.886708296164139,0.886708296164139,0.03144591302958911,run_078,0.05025097500015363,baseline,78,0.31057756858599544
0.4445668254080824,0.4445668254080824,0,0,0.0,0.0,2,2,0.0,0.0,18.181818181818183,18.181818181818183,0.0,0.0,,geo_time_dbscan,11,11,,317,317,0,0,0.82074887223443,0.82074887223443,0.4950815589590338,0.4950815589590338,,run_078,0.006737015999988216,baseline,78,1.0
0.9177580797032874,0.915451403062047,0,0,0.0,0.0,3,3,0.0,0.0,16.666666666666668,16.666666666666668,0.0,0.0,10.230283911671924,product_cij_louvain,18,18,3243.0,634,317,0,0,0.9748667621820029,0.9748667621820029,0.9232254400908575,0.9209171736078615,0.016161585958407464,run_078,0.22713155899987214,exact_transport_copy_2x,78,0.32287280403175656
0.9017936511656203,0.8990097205599951,0,0,0.0,0.0,3,3,0.0,0.0,15.789473684210526,15.789473684210526,0.0,0.0,10.072555205047319,additive_cij_louvain,19,19,3193.0,634,317,0,0,0.9676149794901894,0.9676149794901894,0.9082674005274624,0.9054820415879017,0.01591240948664663,run_078,0.2105384320000212,exact_transport_copy_2x,78,1.5942069585927783
0.9177580797032874,0.915451403062047,0,0,0.0,0.0,3,3,0.0,0.0,16.666666666666668,16.666666666666668,0.0,0.0,10.192429022082019,additive_cij_louvain_matched_density,18,18,3231.0,634,317,0,0,0.9748667621820029,0.9748667621820029,0.9232254400908575,0.9209171736078615,0.016101783605184865,run_078,0.22448696900005416,exact_transport_copy_2x,78,0.7742952778493853
0.9118019984054386,0.9092915615351304,0,0,0.0,0.0,3,3,0.0,0.0,15.789473684210526,15.789473684210526,0.0,0.0,10.230283911671924,product_cij_leiden,19,19,3243.0,634,317,0,0,0.9715172304975127,0.9715172304975127,0.9175969616756819,0.9150853889943075,0.016161585958407464,run_078,0.14842095699987112,exact_transport_copy_2x,78,0.32287280403175656
0.4519508597979824,0.4445668254080824,0,0,0.0,0.0,2,2,0.0,0.0,18.181818181818183,18.181818181818183,0.0,0.0,,geo_time_dbscan,11,11,,634,317,0,0,0.82074887223443,0.82074887223443,0.5030332740976776,0.4950815589590338,,run_078,0.01501439499998014,exact_transport_copy_2x,78,1.0
0.3576301919457168,0.3053581522341775,0,0,0.0,0.0,19,19,0.0,0.0,20.43010752688172,20.43010752688172,0.0,0.0,10.114826498422714,product_cij_louvain,93,93,8016.0,1585,317,0,0,0.7777661746577481,0.777766174657748,0.3733600864330915,0.3193629505448449,0.006385622789408278,run_078,0.6840799799999786,exact_transport_copy_5x,78,0.3300497358136773
0.3658814051633026,0.31461465334528077,0,0,0.0,0.0,19,19,0.0,0.0,20.43010752688172,20.43010752688172,0.0,0.0,10.107255520504731,additive_cij_louvain,93,93,8010.0,1585,317,0,0,0.7790939694946045,0.7790939694946045,0.38180702561742597,0.3288925895087427,0.0063808431316317755,run_078,0.4965594069999497,exact_transport_copy_5x,78,1.5994689008523624
0.3476962817827742,0.29426829500566476,0,0,0.0,0.0,18,18,0.0,0.0,19.35483870967742,19.35483870967742,0.0,0.0,10.126182965299684,additive_cij_louvain_matched_density,93,93,8025.0,1585,317,0,0,0.7753918153764711,0.7753918153764711,0.36325516384531764,0.3080168776371308,0.006392792276073033,run_078,0.4772804439999163,exact_transport_copy_5x,78,0.7778319628847181
0.3576301919457168,0.3053581522341775,0,0,0.0,0.0,19,19,0.0,0.0,20.43010752688172,20.43010752688172,0.0,0.0,10.114826498422714,product_cij_leiden,93,93,8016.0,1585,317,0,0,0.777766174657748,0.777766174657748,0.3733600864330915,0.3193629505448449,0.006385622789408278,run_078,0.3850040469999385,exact_transport_copy_5x,78,0.3300497358136773
0.4562743839117894,0.4445668254080824,0,0,0.0,0.0,2,2,0.0,0.0,18.181818181818183,18.181818181818183,0.0,0.0,,geo_time_dbscan,11,11,,1585,317,0,0,0.8207488722344303,0.82074887223443,0.5076852099167132,0.4950815589590338,,run_078,0.05563531600000715,exact_transport_copy_5x,78,1.0
0.835582707564569,0.835582707564569,0,0,0.0,0.0,2,2,0.0,0.0,13.333333333333334,13.333333333333334,0.0,0.0,10.056782334384858,product_cij_louvain,15,15,1594.0,317,317,0,0,0.9529023116712799,0.9529023116712799,0.8470387729015765,0.8470387729015765,0.031825260551850816,run_078,0.07745085000010477,gps_noise_100m,78,0.30097784177091436
0.875352651775798,0.875352651775798,0,0,0.0,0.0,2,2,0.0,0.0,11.764705882352942,11.764705882352942,0.0,0.0,9.230283911671924,additive_cij_louvain,17,17,1463.0,317,317,0,0,0.9657215564844526,0.9657215564844526,0.883720930232558,0.883720930232558,0.02920975921415166,run_078,0.08450796600004651,gps_noise_100m,78,1.5440428781819577
0.8330849318623589,0.8330849318623589,0,0,0.0,0.0,2,2,0.0,0.0,13.333333333333334,13.333333333333334,0.0,0.0,10.018927444794953,additive_cij_louvain_matched_density,15,15,1588.0,317,317,0,0,0.9482524965576727,0.9482524965576727,0.8446913052766503,0.8446913052766503,0.03170546659745238,run_078,0.11639815600005932,gps_noise_100m,78,0.7666333716975954
0.835582707564569,0.835582707564569,0,0,0.0,0.0,2,2,0.0,0.0,13.333333333333334,13.333333333333334,0.0,0.0,10.056782334384858,product_cij_leiden,15,15,1594.0,317,317,0,0,0.9529023116712799,0.9529023116712799,0.8470387729015765,0.8470387729015765,0.031825260551850816,run_078,0.05148063699994054,gps_noise_100m,78,0.30097784177091436
0.4445668254080824,0.4445668254080824,0,0,0.0,0.0,2,2,0.0,0.0,18.181818181818183,18.181818181818183,0.0,0.0,,geo_time_dbscan,11,11,,317,317,0,0,0.82074887223443,0.82074887223443,0.4950815589590338,0.4950815589590338,,run_078,0.006661923999899955,gps_noise_100m,78,1.0
0.8311027714136351,0.8311027714136351,0,0,0.0,0.0,2,2,0.0,0.0,13.333333333333334,13.333333333333334,0.0,0.0,10.264984227129338,product_cij_louvain,15,15,1627.0,317,317,0,0,0.9457164020578847,0.9457164020578847,0.8428265524625268,0.8428265524625268,0.03248412730104221,run_078,0.11113172399996074,gps_noise_300m,78,0.23985935036102157
0.817738901003301,0.817738901003301,0,0,0.0,0.0,2,2,0.0,0.0,12.5,12.5,0.0,0.0,9.331230283911673,additive_cij_louvain,16,16,1479.0,317,317,0,0,0.9393913090565617,0.9393913090565617,0.8304143528406662,0.8304143528406662,0.02952920975921415,run_078,0.08102044500014927,gps_noise_300m,78,1.3528485432608761
0.8330849318623589,0.8330849318623589,0,0,0.0,0.0,2,2,0.0,0.0,13.333333333333334,13.333333333333334,0.0,0.0,10.25236593059937,additive_cij_louvain_matched_density,15,15,1625.0,317,317,0,0,0.9482524965576727,0.9482524965576727,0.8446913052766503,0.8446913052766503,0.032444195982909395,run_078,0.08442881900009525,gps_noise_300m,78,0.7444840233327173
0.8311027714136351,0.8311027714136351,0,0,0.0,0.0,2,2,0.0,0.0,13.333333333333334,13.333333333333334,0.0,0.0,10.264984227129338,product_cij_leiden,15,15,1627.0,317,317,0,0,0.9457164020578847,0.9457164020578847,0.8428265524625268,0.8428265524625268,0.03248412730104221,run_078,0.05122896800003218,gps_noise_300m,78,0.23985935036102157
0.2805222295739189,0.2805222295739189,0,0,0.0,0.0,2,2,0.0,0.0,22.22222222222222,22.22222222222222,0.0,0.0,,geo_time_dbscan,9,9,,317,317,0,0,0.7162405022224158,0.7162405022224158,0.3521700620017714,0.3521700620017714,,run_078,0.006716577000133839,gps_noise_300m,78,1.0
0.8785362876515552,0.8785362876515552,0,0,0.0,0.0,2,2,0.0,0.0,12.5,12.5,0.0,0.0,10.012618296529968,product_cij_louvain,16,16,1587.0,317,317,0,0,0.9681978001387437,0.9681978001387437,0.886708296164139,0.886708296164139,0.03168550093838598,run_078,0.08877367199988839,time_noise_15min,78,0.3048325580354317
0.875352651775798,0.875352651775798,0,0,0.0,0.0,2,2,0.0,0.0,11.764705882352942,11.764705882352942,0.0,0.0,9.350157728706625,additive_cij_louvain,17,17,1482.0,317,317,0,0,0.9657215564844526,0.9657215564844526,0.883720930232558,0.883720930232558,0.029589106736413368,run_078,0.07885009100004936,time_noise_15min,78,1.5493776528037486
0.835582707564569,0.835582707564569,0,0,0.0,0.0,2,2,0.0,0.0,13.333333333333334,13.333333333333334,0.0,0.0,10.050473186119874,additive_cij_louvain_matched_density,15,15,1593.0,317,317,0,0,0.9529023116712799,0.9529023116712799,0.8470387729015765,0.8470387729015765,0.031805294892784414,run_078,0.09234906200003934,time_noise_15min,78,0.7530593843539388
0.8785362876515552,0.8785362876515552,0,0,0.0,0.0,2,2,0.0,0.0,12.5,12.5,0.0,0.0,10.012618296529968,product_cij_leiden,16,16,1587.0,317,317,0,0,0.9681978001387438,0.9681978001387438,0.886708296164139,0.886708296164139,0.03168550093838598,run_078,0.050606003999973836,time_noise_15min,78,0.3048325580354317
0.4445668254080824,0.4445668254080824,0,0,0.0,0.0,2,2,0.0,0.0,18.181818181818183,18.181818181818183,0.0,0.0,,geo_time_dbscan,11,11,,317,317,0,0,0.82074887223443,0.82074887223443,0.4950815589590338,0.4950815589590338,,run_078,0.009512641000128497,time_noise_15min,78,1.0
0.8063070650834439,0.8063070650834439,0,0,0.0,0.0,3,3,0.0,0.0,18.75,18.75,0.0,0.0,10.056782334384858,product_cij_louvain,16,16,1594.0,317,317,0,0,0.9389673676546337,0.9389673676546337,0.8199874555718168,0.8199874555718168,0.031825260551850816,run_078,0.07781045499996253,time_noise_60min,78,0.2559168692462062
0.8136764606050543,0.8136764606050543,0,0,0.0,0.0,3,3,0.0,0.0,17.647058823529413,17.647058823529413,0.0,0.0,9.085173501577287,additive_cij_louvain,17,17,1440.0,317,317,0,0,0.9428693102257555,0.9428693102257555,0.8267733108819196,0.8267733108819196,0.028750549055624325,run_078,0.07034030700015137,time_noise_60min,78,1.4084629121012096
0.7414770744876629,0.7414770744876629,0,0,0.0,0.0,3,3,0.0,0.0,20.0,20.0,0.0,0.0,10.069400630914826,additive_cij_louvain_matched_density,15,15,1596.0,317,317,0,0,0.9027827020823601,0.9027827020823601,0.7603272799840352,0.7603272799840352,0.03186519186998363,run_078,0.09120828900017841,time_noise_60min,78,0.7107574388765535
0.8063070650834439,0.8063070650834439,0,0,0.0,0.0,3,3,0.0,0.0,18.75,18.75,0.0,0.0,10.056782334384858,product_cij_leiden,16,16,1594.0,317,317,0,0,0.9389673676546336,0.9389673676546336,0.8199874555718168,0.8199874555718168,0.031825260551850816,run_078,0.050576695000017935,time_noise_60min,78,0.2559168692462062
0.3422437245147002,0.3422437245147002,0,0,0.0,0.0,2,2,1.6666666666666667,1.6666666666666667,20.0,20.0,1.1673151750972763,1.1673151750972763,,geo_time_dbscan,10,10,,317,317,4,4,0.763463500392831,0.763463500392831,0.4048876462669566,0.4048876462669566,,run_078,0.008067035000067335,time_noise_60min,78,1.0
0.9539689010183219,0.9539689010183219,0,0,0.0,0.0,3,3,0.0,0.0,16.666666666666668,16.666666666666668,0.0,0.0,9.771428571428572,product_cij_louvain,18,18,1710.0,350,350,0,0,0.9783620469939075,0.9783620469939075,0.956981407218374,0.956981407218374,0.027998362668849777,run_079,0.060125391999918065,baseline,79,0.24525189637623726
0.9539689010183219,0.9539689010183219,0,0,0.0,0.0,3,3,0.0,0.0,16.666666666666668,16.666666666666668,0.0,0.0,9.708571428571428,additive_cij_louvain,18,18,1699.0,350,350,0,0,0.9783620469939074,0.9783620469939074,0.956981407218374,0.956981407218374,0.02781825624232501,run_079,0.060998742000037964,baseline,79,1.522095743868904
0.9096990826746708,0.9096990826746708,0,0,0.0,0.0,3,3,0.0,0.0,17.647058823529413,17.647058823529413,0.0,0.0,9.794285714285714,additive_cij_louvain_matched_density,17,17,1714.0,350,350,0,0,0.9735652007609602,0.9735652007609602,0.9160176092109719,0.9160176092109719,0.02806385591485878,run_079,0.053083141000115575,baseline,79,0.7330358117406761
0.9539689010183219,0.9539689010183219,0,0,0.0,0.0,3,3,0.0,0.0,16.666666666666668,16.666666666666668,0.0,0.0,9.771428571428572,product_cij_leiden,18,18,1710.0,350,350,0,0,0.9783620469939075,0.9783620469939075,0.956981407218374,0.956981407218374,0.027998362668849777,run_079,0.03801019200000155,baseline,79,0.24525189637623726
0.6016385539259882,0.6016385539259882,0,0,0.0,0.0,3,3,0.0,0.0,21.428571428571427,21.428571428571427,0.0,0.0,,geo_time_dbscan,14,14,,350,350,0,0,0.890952751973466,0.890952751973466,0.6366953042250206,0.6366953042250206,,run_079,0.005269615000088379,baseline,79,1.0
0.9714122004926125,0.9706949817056858,0,0,0.0,0.0,3,3,0.0,0.0,15.789473684210526,15.789473684210526,0.0,0.0,10.437142857142858,product_cij_louvain,19,19,3653.0,700,350,0,0,0.9867086870568883,0.9867086870568883,0.9732996572253293,0.9725824379399777,0.014931534845697935,run_079,0.14116802500006997,exact_transport_copy_2x,79,0.2535686770199759
0.978001789255014,0.9774505467304385,0,0,0.0,0.0,3,3,0.0,0.0,15.789473684210526,15.789473684210526,0.0,0.0,10.451428571428572,additive_cij_louvain,19,19,3658.0,700,350,0,0,0.9866802868756547,0.9866802868756547,0.9794557577941971,0.9789045151739452,0.014951972205191089,run_079,0.1645509420000053,exact_transport_copy_2x,79,1.5330439626064414
0.978001789255014,0.9774505467304385,0,0,0.0,0.0,3,3,0.0,0.0,15.789473684210526,15.789473684210526,0.0,0.0,10.42,additive_cij_louvain_matched_density,19,19,3647.0,700,350,0,0,0.9866802868756547,0.9866802868756547,0.9794557577941971,0.9789045151739452,0.014907010014306152,run_079,0.1708764920001613,exact_transport_copy_2x,79,0.7369271496782973
0.9714122004926125,0.9706949817056858,0,0,0.0,0.0,3,3,0.0,0.0,15.789473684210526,15.789473684210526,0.0,0.0,10.437142857142858,product_cij_leiden,19,19,3653.0,700,350,0,0,0.9867086870568883,0.9867086870568883,0.9732996572253293,0.9725824379399777,0.014931534845697935,run_079,0.10403075900012482,exact_transport_copy_2x,79,0.2535686770199759
0.6075482100000482,0.6016385539259882,0,0,0.0,0.0,3,3,0.0,0.0,21.428571428571427,21.428571428571427,0.0,0.0,,geo_time_dbscan,14,14,,700,350,0,0,0.890952751973466,0.890952751973466,0.642791020597084,0.6366953042250206,,run_079,0.012820893000025535,exact_transport_copy_2x,79,1.0
0.3129131136282066,0.265266680743284,0,0,0.0,0.0,13,13,0.0,0.0,13.26530612244898,13.26530612244898,0.0,0.0,10.208,product_cij_louvain,98,98,8932.0,1750,350,0,0,0.7680530633114988,0.7680530633114988,0.328101865561149,0.2785373608903021,0.005836477987421384,run_079,0.5377704519999043,exact_transport_copy_5x,79,0.2589323457544454
0.3129131136282066,0.265266680743284,0,0,0.0,0.0,13,13,0.0,0.0,13.26530612244898,13.26530612244898,0.0,0.0,10.205714285714286,additive_cij_louvain,98,98,8930.0,1750,350,0,0,0.7680530633114988,0.7680530633114988,0.328101865561149,0.2785373608903021,0.005835171118189986,run_079,0.5745075469999392,exact_transport_copy_5x,79,1.5397461430305475
0.3080710245915631,0.25994151304720126,0,0,0.0,0.0,14,14,0.0,0.0,14.0,14.0,0.0,0.0,10.164571428571428,additive_cij_louvain_matched_density,100,100,8894.0,1750,350,0,0,0.7664936490665976,0.7664936490665976,0.3231363231363232,0.2730462519936204,0.00581164747202483,run_079,0.5994417229999272,exact_transport_copy_5x,79,0.7394095294617591
0.3129131136282066,0.265266680743284,0,0,0.0,0.0,13,13,0.0,0.0,13.26530612244898,13.26530612244898,0.0,0.0,10.208,product_cij_leiden,98,98,8932.0,1750,350,0,0,0.7680530633114989,0.7680530633114988,0.328101865561149,0.2785373608903021,0.005836477987421384,run_079,0.46077522600012344,exact_transport_copy_5x,79,0.2589323457544454
0.6110011098413821,0.6016385539259882,0,0,0.0,0.0,3,3,0.0,0.0,21.428571428571427,21.428571428571427,0.0,0.0,,geo_time_dbscan,14,14,,1750,350,0,0,0.890952751973466,0.890952751973466,0.6463512429831596,0.6366953042250206,,run_079,0.061351715000000695,exact_transport_copy_5x,79,1.0
0.9539689010183219,0.9539689010183219,0,0,0.0,0.0,3,3,0.0,0.0,16.666666666666668,16.666666666666668,0.0,0.0,9.8,product_cij_louvain,18,18,1715.0,350,350,0,0,0.9783620469939075,0.9783620469939075,0.956981407218374,0.956981407218374,0.028080229226361032,run_079,0.04811622599982002,gps_noise_100m,79,0.23907511748376814
0.975118510673197,0.975118510673197,0,0,0.0,0.0,3,3,0.0,0.0,16.666666666666668,16.666666666666668,0.0,0.0,9.702857142857143,additive_cij_louvain,18,18,1698.0,350,350,0,0,0.9866576391129089,0.9866576391129089,0.9767526334907374,0.9767526334907374,0.02780188293082276,run_079,0.06989563000001908,gps_noise_100m,79,1.4841332281733601
0.9539689010183219,0.9539689010183219,0,0,0.0,0.0,3,3,0.0,0.0,16.666666666666668,16.666666666666668,0.0,0.0,9.84,additive_cij_louvain_matched_density,18,18,1722.0,350,350,0,0,0.9783620469939077,0.9783620469939077,0.956981407218374,0.956981407218374,0.02819484240687679,run_079,0.05201253599989286,gps_noise_100m,79,0.729460971840107
0.9539689010183219,0.9539689010183219,0,0,0.0,0.0,3,3,0.0,0.0,16.666666666666668,16.666666666666668,0.0,0.0,9.8,product_cij_leiden,18,18,1715.0,350,350,0,0,0.9783620469939075,0.9783620469939075,0.956981407218374,0.956981407218374,0.028080229226361032,run_079,0.039201930999979595,gps_noise_100m,79,0.23907511748376814
0.5693787551657116,0.5693787551657116,0,0,0.0,0.0,3,3,0.0,0.0,23.076923076923077,23.076923076923077,0.0,0.0,,geo_time_dbscan,13,13,,350,350,0,0,0.869217838357735,0.869217838357735,0.6080701360008992,0.6080701360008992,,run_079,0.005043855999929292,gps_noise_100m,79,1.0
0.8239611927378189,0.8239611927378189,0,0,0.0,0.0,3,3,0.0,0.0,18.75,18.75,0.0,0.0,10.285714285714286,product_cij_louvain,16,16,1800.0,350,350,0,0,0.9390594631494725,0.9390594631494725,0.8370265597988369,0.8370265597988369,0.029471960704052395,run_079,0.06736986999999317,gps_noise_300m,79,0.18151967534989993
0.8309358451448247,0.8309358451448247,0,0,0.0,0.0,3,3,0.0,0.0,18.75,18.75,0.0,0.0,9.88,additive_cij_louvain,16,16,1729.0,350,350,0,0,0.9444337079998912,0.9444337079998912,0.843464566929134,0.843464566929134,0.02830945558739255,run_079,0.05770543600010569,gps_noise_300m,79,1.2288845511256858
0.8411462965079876,0.8411462965079876,0,0,0.0,0.0,3,3,0.0,0.0,18.75,18.75,0.0,0.0,10.205714285714286,additive_cij_louvain_matched_density,16,16,1786.0,350,350,0,0,0.9539397623422687,0.9539397623422687,0.8529087182721109,0.8529087182721109,0.029242734343020875,run_079,0.0547518079999918,gps_noise_300m,79,0.7039036701896847
0.8309358451448247,0.8309358451448247,0,0,0.0,0.0,3,3,0.0,0.0,18.75,18.75,0.0,0.0,10.285714285714286,product_cij_leiden,16,16,1800.0,350,350,0,0,0.9444337079998912,0.9444337079998912,0.843464566929134,0.843464566929134,0.029471960704052395,run_079,0.035817415000110486,gps_noise_300m,79,0.18151967534989993
0.3720265571946873,0.3720265571946873,0,0,0.0,0.0,3,3,0.0,0.0,27.272727272727273,27.272727272727273,0.0,0.0,,geo_time_dbscan,11,11,,350,350,0,0,0.7720343612595579,0.7720343612595579,0.43544752092723765,0.43544752092723765,,run_079,0.0050989559999834455,gps_noise_300m,79,1.0
0.9539689010183219,0.9539689010183219,0,0,0.0,0.0,3,3,0.0,0.0,16.666666666666668,16.666666666666668,0.0,0.0,9.851428571428572,product_cij_louvain,18,18,1724.0,350,350,0,0,0.9783620469939074,0.9783620469939074,0.956981407218374,0.956981407218374,0.028227589029881293,run_079,0.06393025400006991,time_noise_15min,79,0.2378274607702723
0.9539689010183219,0.9539689010183219,0,0,0.0,0.0,3,3,0.0,0.0,16.666666666666668,16.666666666666668,0.0,0.0,9.748571428571429,additive_cij_louvain,18,18,1706.0,350,350,0,0,0.9783620469939075,0.9783620469939075,0.956981407218374,0.956981407218374,0.02793286942284077,run_079,0.0656653409998853,time_noise_15min,79,1.4861999080066044
0.9539689010183219,0.9539689010183219,0,0,0.0,0.0,3,3,0.0,0.0,16.666666666666668,16.666666666666668,0.0,0.0,9.885714285714286,additive_cij_louvain_matched_density,18,18,1730.0,350,350,0,0,0.9783620469939075,0.9783620469939075,0.956981407218374,0.956981407218374,0.028325828898894803,run_079,0.05785488400010763,time_noise_15min,79,0.7159337411273501
0.9539689010183219,0.9539689010183219,0,0,0.0,0.0,3,3,0.0,0.0,16.666666666666668,16.666666666666668,0.0,0.0,9.851428571428572,product_cij_leiden,18,18,1724.0,350,350,0,0,0.9783620469939075,0.9783620469939075,0.956981407218374,0.956981407218374,0.028227589029881293,run_079,0.042964004999930694,time_noise_15min,79,0.2378274607702723
0.5478187388900303,0.5478187388900303,0,0,0.0,0.0,3,3,0.0,0.0,23.076923076923077,23.076923076923077,0.0,0.0,,geo_time_dbscan,13,13,,350,350,0,0,0.8634848492074225,0.8634848492074225,0.5890038105606968,0.5890038105606968,,run_079,0.006750500999942233,time_noise_15min,79,1.0
0.7738569897978751,0.7738569897978751,0,0,0.0,0.0,3,3,0.0,0.0,18.75,18.75,0.0,0.0,10.051428571428572,product_cij_louvain,16,16,1759.0,350,350,0,0,0.9191634420390765,0.9191634420390765,0.7906097368835672,0.7906097368835672,0.02880065493246009,run_079,0.0574033700002019,time_noise_60min,79,0.22781402232905937
0.8466930221937911,0.8466930221937911,0,0,0.0,0.0,3,3,0.0,0.0,17.647058823529413,17.647058823529413,0.0,0.0,9.794285714285714,additive_cij_louvain,17,17,1714.0,350,350,0,0,0.9406243022538086,0.9406243022538086,0.8573381172048522,0.8573381172048522,0.02806385591485878,run_079,0.06572288400002435,time_noise_60min,79,1.35017435084606
0.7738569897978751,0.7738569897978751,0,0,0.0,0.0,3,3,0.0,0.0,18.75,18.75,0.0,0.0,10.125714285714286,additive_cij_louvain_matched_density,16,16,1772.0,350,350,0,0,0.9191634420390765,0.9191634420390765,0.7906097368835672,0.7906097368835672,0.02901350798198936,run_079,0.06471061499996722,time_noise_60min,79,0.6948016892869215
0.8466930221937911,0.8466930221937911,0,0,0.0,0.0,3,3,0.0,0.0,17.647058823529413,17.647058823529413,0.0,0.0,10.051428571428572,product_cij_leiden,17,17,1759.0,350,350,0,0,0.9406243022538086,0.9406243022538086,0.8573381172048522,0.8573381172048522,0.02880065493246009,run_079,0.03711902000009104,time_noise_60min,79,0.22781402232905937
0.5197696303811397,0.5197696303811397,0,0,0.0,0.0,3,3,3.3333333333333335,3.3333333333333335,23.076923076923077,23.076923076923077,0.3448275862068966,0.3448275862068966,,geo_time_dbscan,13,13,,350,350,3,3,0.8533111770048284,0.8533111770048284,0.5641241451867438,0.5641241451867438,,run_079,0.0052858689998629416,time_noise_60min,79,1.0
1.0,1.0,0,0,0.0,0.0,2,2,0.0,0.0,11.11111111111111,11.11111111111111,0.0,0.0,9.941002949852507,product_cij_louvain,18,18,1685.0,339,339,0,0,1.0000000000000002,1.0000000000000002,1.0,1.0,0.02941125133092458,run_080,0.05564432300002409,baseline,80,0.308375723131078
0.9956922722156056,0.9956922722156056,0,0,0.0,0.0,2,2,0.0,0.0,10.526315789473685,10.526315789473685,0.0,0.0,9.339233038348082,additive_cij_louvain,19,19,1583.0,339,339,0,0,0.9964640908102184,0.9964640908102184,0.995967741935484,0.995967741935484,0.027630866977361192,run_080,0.05325855999990381,baseline,80,1.5724420440491835
0.983505048342215,0.983505048342215,0,0,0.0,0.0,3,3,0.0,0.0,15.789473684210526,15.789473684210526,0.0,0.0,10.00589970501475,additive_cij_louvain_matched_density,19,19,1696.0,339,339,0,0,0.9895693197884039,0.9895693197884039,0.9845660452996592,0.9845660452996592,0.029603253565132395,run_080,0.048653251999894565,baseline,80,0.7560246215254046
1.0,1.0,0,0,0.0,0.0,2,2,0.0,0.0,11.11111111111111,11.11111111111111,0.0,0.0,9.941002949852507,product_cij_leiden,18,18,1685.0,339,339,0,0,1.0000000000000002,1.0000000000000002,1.0,1.0,0.02941125133092458,run_080,0.03468861900000775,baseline,80,0.308375723131078
0.43664705879470367,0.43664705879470367,0,0,0.0,0.0,2,2,0.0,0.0,16.666666666666668,16.666666666666668,0.0,0.0,,geo_time_dbscan,12,12,,339,339,0,0,0.8336591755568035,0.8336591755568035,0.49122114815545476,0.49122114815545476,,run_080,0.007698506999986421,baseline,80,1.0
0.9912237913952751,0.9909943463495832,0,0,0.0,0.0,3,3,0.0,0.0,15.789473684210526,15.789473684210526,0.0,0.0,10.404129793510325,product_cij_louvain,19,19,3527.0,678,339,0,0,0.9946654211076006,0.9946654211076006,0.9918024787742754,0.9915730337078652,0.015367990832363848,run_080,0.15129032900017592,exact_transport_copy_2x,80,0.31589371829852786
0.9958025768973933,0.9956922722156056,0,0,0.0,0.0,3,3,0.0,0.0,15.0,15.0,0.0,0.0,10.188790560471977,additive_cij_louvain,20,20,3454.0,678,339,0,0,0.9964640908102184,0.9964640908102184,0.9960780468673399,0.995967741935484,0.015049912201583422,run_080,0.15844408600014503,exact_transport_copy_2x,80,1.5828869429786323
0.9839248661636737,0.983505048342215,0,0,0.0,0.0,3,3,0.0,0.0,15.789473684210526,15.789473684210526,0.0,0.0,10.380530973451327,additive_cij_louvain_matched_density,19,19,3519.0,678,339,0,0,0.9895693197884039,0.9895693197884039,0.9849858633128594,0.9845660452996592,0.015333132900223527,run_080,0.1643469670000286,exact_transport_copy_2x,80,0.7601354938433236
1.0,1.0,0,0,0.0,0.0,4,4,0.0,0.0,20.0,20.0,0.0,0.0,10.404129793510325,product_cij_leiden,20,20,3527.0,678,339,0,0,1.0000000000000002,1.0000000000000002,1.0,1.0,0.015367990832363848,run_080,0.11680845099999715,exact_transport_copy_2x,80,0.31589371829852786
0.44301093323879936,0.43664705879470367,0,0,0.0,0.0,2,2,0.0,0.0,16.666666666666668,16.666666666666668,0.0,0.0,,geo_time_dbscan,12,12,,678,339,0,0,0.8336591755568036,0.8336591755568035,0.49812697640476766,0.49122114815545476,,run_080,0.012378800000078627,exact_transport_copy_2x,80,1.0
0.32966726496309146,0.28149032454568523,0,0,0.0,0.0,17,17,0.0,0.0,16.831683168316832,16.831683168316832,0.0,0.0,10.08613569321534,product_cij_louvain,101,101,8548.0,1695,339,0,0,0.7734094718560182,0.7734094718560179,0.3451434387125501,0.29510441629578915,0.005954035238025584,run_080,0.5383461029998671,exact_transport_copy_5x,80,0.32143124130381806
0.321915458698433,0.2729388901004797,0,0,0.0,0.0,17,17,0.0,0.0,16.346153846153847,16.346153846153847,0.0,0.0,10.036578171091445,additive_cij_louvain,104,104,8506.0,1695,339,0,0,0.7699542106510289,0.7699542106510289,0.33721078869998716,0.28630419821059877,0.005924780502415257,run_080,0.8321875999999975,exact_transport_copy_5x,80,1.5878568557880821
0.3542560230721287,0.3086159508443144,0,0,0.0,0.0,17,17,0.0,0.0,17.346938775510203,17.346938775510203,0.0,0.0,10.14749262536873,additive_cij_louvain_matched_density,98,98,8600.0,1695,339,0,0,0.7780347695222587,0.7780347695222587,0.37030545818728094,0.3230148048452221,0.005990255386876465,run_080,0.8376670039999681,exact_transport_copy_5x,80,0.7616556786292316
0.32966726496309146,0.28149032454568523,0,0,0.0,0.0,17,17,0.0,0.0,16.831683168316832,16.831683168316832,0.0,0.0,10.08613569321534,product_cij_leiden,101,101,8548.0,1695,339,0,0,0.773409471856018,0.7734094718560179,0.3451434387125501,0.29510441629578915,0.005954035238025584,run_080,0.6794828719998804,exact_transport_copy_5x,80,0.32143124130381806
0.4467500215204523,0.43664705879470367,0,0,0.0,0.0,2,2,0.0,0.0,16.666666666666668,16.666666666666668,0.0,0.0,,geo_time_dbscan,12,12,,1695,339,0,0,0.8336591755568037,0.8336591755568035,0.5021812145311354,0.49122114815545476,,run_080,0.07387903599988022,exact_transport_copy_5x,80,1.0
0.9828335413240961,0.9828335413240961,0,0,0.0,0.0,2,2,0.0,0.0,11.11111111111111,11.11111111111111,0.0,0.0,10.041297935103245,product_cij_louvain,18,18,1702.0,339,339,0,0,0.9912029219505444,0.9912029219505444,0.9839357429718876,0.9839357429718876,0.029707982056518475,run_080,0.048694337000142696,gps_noise_100m,80,0.30668842489004833
0.9436572485826917,0.9436572485826917,0,0,0.0,0.0,2,2,0.0,0.0,11.764705882352942,11.764705882352942,0.0,0.0,9.398230088495575,additive_cij_louvain,17,17,1593.0,339,339,0,0,0.9783821798644463,0.9783821798644463,0.9474091260634184,0.9474091260634184,0.02780541446300466,run_080,0.04888574699998571,gps_noise_100m,80,1.5364694132225396
0.9749268794106369,0.9749268794106369,0,0,0.0,0.0,2,2,0.0,0.0,11.11111111111111,11.11111111111111,0.0,0.0,10.053097345132743,additive_cij_louvain_matched_density,18,18,1704.0,339,339,0,0,0.9860448385750037,0.9860448385750037,0.9765390014036495,0.9765390014036495,0.02974289155364717,run_080,0.05399381799998082,gps_noise_100m,80,0.7535885354294326
0.9828335413240961,0.9828335413240961,0,0,0.0,0.0,2,2,0.0,0.0,11.11111111111111,11.11111111111111,0.0,0.0,10.041297935103245,product_cij_leiden,18,18,1702.0,339,339,0,0,0.9912029219505444,0.9912029219505444,0.9839357429718876,0.9839357429718876,0.029707982056518475,run_080,0.03919121600006292,gps_noise_100m,80,0.30668842489004833
0.43664705879470367,0.43664705879470367,0,0,0.0,0.0,2,2,0.0,0.0,16.666666666666668,16.666666666666668,0.0,0.0,,geo_time_dbscan,12,12,,339,339,0,0,0.8336591755568035,0.8336591755568035,0.49122114815545476,0.49122114815545476,,run_080,0.005301225000039267,gps_noise_100m,80,1.0
0.8019980798385363,0.8019980798385363,0,0,0.0,0.0,2,2,0.0,0.0,13.333333333333334,13.333333333333334,0.0,0.0,10.188790560471977,product_cij_louvain,15,15,1727.0,339,339,0,0,0.9313656985405123,0.9313656985405123,0.8167926112510494,0.8167926112510494,0.03014435077062715,run_080,0.0506651900000179,gps_noise_300m,80,0.25203801824225713
0.8000800877506654,0.8000800877506654,0,0,0.0,0.0,2,2,0.0,0.0,12.5,12.5,0.0,0.0,9.575221238938052,additive_cij_louvain,16,16,1623.0,339,339,0,0,0.9292834475862222,0.9292834475862222,0.8150016818028927,0.8150016818028927,0.028329056919935067,run_080,0.046235125000066546,gps_noise_300m,80,1.3105167378700857
0.7987090361019865,0.7987090361019865,0,0,0.0,0.0,2,2,0.0,0.0,13.333333333333334,13.333333333333334,0.0,0.0,10.253687315634219,additive_cij_louvain_matched_density,15,15,1738.0,339,339,0,0,0.9294265689784043,0.9294265689784043,0.813758389261745,0.813758389261745,0.030336353004834966,run_080,0.05248684000002868,gps_noise_300m,80,0.7350550553285611
0.8019980798385363,0.8019980798385363,0,0,0.0,0.0,2,2,0.0,0.0,13.333333333333334,13.333333333333334,0.0,0.0,10.188790560471977,product_cij_leiden,15,15,1727.0,339,339,0,0,0.9313656985405123,0.9313656985405123,0.8167926112510494,0.8167926112510494,0.03014435077062715,run_080,0.03744772100003502,gps_noise_300m,80,0.25203801824225713
0.2757489413090272,0.2757489413090272,0,0,0.0,0.0,2,2,0.0,0.0,20.0,20.0,0.0,0.0,,geo_time_dbscan,10,10,,339,339,0,0,0.7367300842301763,0.7367300842301763,0.35236680110379964,0.35236680110379964,,run_080,0.005317732999856162,gps_noise_300m,80,1.0
0.9515636416879226,0.9515636416879226,0,0,0.0,0.0,2,2,0.0,0.0,11.764705882352942,11.764705882352942,0.0,0.0,10.112094395280236,product_cij_louvain,17,17,1714.0,339,339,0,0,0.981887098746513,0.981887098746513,0.9547913446676969,0.9547913446676969,0.02991743903929064,run_080,0.04743860100006714,time_noise_15min,80,0.30701725796125806
0.9594093534495565,0.9594093534495565,0,0,0.0,0.0,2,2,0.0,0.0,11.11111111111111,11.11111111111111,0.0,0.0,9.498525073746313,additive_cij_louvain,18,18,1610.0,339,339,0,0,0.9852283533641591,0.9852283533641591,0.9620991253644313,0.9620991253644313,0.02810214518859856,run_080,0.050839429999996355,time_noise_15min,80,1.5243417807664574
0.9554080140124445,0.9554080140124445,0,0,0.0,0.0,2,2,0.0,0.0,11.764705882352942,11.764705882352942,0.0,0.0,10.08259587020649,additive_cij_louvain_matched_density,17,17,1709.0,339,339,0,0,0.9825173265354138,0.9825173265354138,0.9583736689254598,0.9583736689254598,0.029830165296468904,run_080,0.07449615499990614,time_noise_15min,80,0.7516202378998281
0.9515636416879226,0.9515636416879226,0,0,0.0,0.0,2,2,0.0,0.0,11.764705882352942,11.764705882352942,0.0,0.0,10.112094395280236,product_cij_leiden,17,17,1714.0,339,339,0,0,0.981887098746513,0.981887098746513,0.9547913446676969,0.9547913446676969,0.02991743903929064,run_080,0.03596338600004856,time_noise_15min,80,0.30701725796125806
0.5782412544177623,0.5782412544177623,0,0,0.0,0.0,2,2,0.0,0.0,15.384615384615385,15.384615384615385,0.0,0.0,,geo_time_dbscan,13,13,,339,339,0,0,0.8833794102613671,0.8833794102613671,0.615727002967359,0.615727002967359,,run_080,0.004991238999991765,time_noise_15min,80,1.0
0.86471916134827,0.86471916134827,0,0,0.0,0.0,3,3,0.0,0.0,17.647058823529413,17.647058823529413,0.0,0.0,9.834808259587021,product_cij_louvain,17,17,1667.0,339,339,0,0,0.952888564918909,0.952888564918909,0.8742774566473989,0.8742774566473989,0.029097065856766333,run_080,0.05082154299998365,time_noise_60min,80,0.2598115403567138
0.919526596246949,0.919526596246949,0,0,0.0,0.0,3,3,0.0,0.0,16.666666666666668,16.666666666666668,0.0,0.0,9.29203539823009,additive_cij_louvain,18,18,1575.0,339,339,0,0,0.9707880473263697,0.9707880473263697,0.9249329758713137,0.9249329758713137,0.027491228988846414,run_080,0.06073765699989053,time_noise_60min,80,1.3785686888649216
0.7334686079233332,0.7334686079233332,0,0,0.0,0.0,3,3,0.0,0.0,18.75,18.75,0.0,0.0,10.112094395280236,additive_cij_louvain_matched_density,16,16,1714.0,339,339,0,0,0.9083859123103104,0.9083859123103104,0.7539823008849557,0.7539823008849557,0.02991743903929064,run_080,0.04800065100016582,time_noise_60min,80,0.7144718770885856
0.86471916134827,0.86471916134827,0,0,0.0,0.0,3,3,0.0,0.0,17.647058823529413,17.647058823529413,0.0,0.0,9.834808259587021,product_cij_leiden,17,17,1667.0,339,339,0,0,0.952888564918909,0.952888564918909,0.8742774566473989,0.8742774566473989,0.029097065856766333,run_080,0.03518158999986554,time_noise_60min,80,0.2598115403567138
0.31192471379876613,0.31192471379876613,0,0,0.0,0.0,2,2,3.3333333333333335,3.3333333333333335,18.181818181818183,18.181818181818183,1.075268817204301,1.075268817204301,,geo_time_dbscan,11,11,,339,339,5,5,0.7655985627664265,0.7655985627664265,0.3829887218045113,0.3829887218045113,,run_080,0.005015046999915285,time_noise_60min,80,1.0
