image_path,ground_truth,gt_idx,pred_pth,confidence_pth,latency_ms_pth,margin_pth,probabilities_pth,pred_onnx,confidence_onnx,latency_ms_onnx,margin_onnx,probabilities_onnx,pred_pte,confidence_pte,latency_ms_pte,margin_pte,probabilities_pte
E:\RHNA\1Visual\NCKH\nckh2\products\fe\model\Dataset_Flood\low\images - 2025-01-28T163251.007.jpg,low,0,low,0.743341863155365,53.14319999888539,0.5900731086730957,"[0.743341863155365, 0.07202435284852982, 0.0313650518655777, 0.1532687246799469]",low,0.7433398962020874,25.297499989392236,0.5900698304176331,"[0.7433398962020874, 0.07202469557523727, 0.03136533498764038, 0.15327008068561554]",low,0.7433426380157471,60.18729999777861,0.5900750160217285,"[0.7433426380157471, 0.07202458381652832, 0.03136519715189934, 0.15326762199401855]"
E:\RHNA\1Visual\NCKH\nckh2\products\fe\model\Dataset_Flood\low\다운로드 (54).jpg,low,0,low,0.6131587624549866,74.69080000009853,0.3904503583908081,"[0.6131587624549866, 0.0857996940612793, 0.07833311706781387, 0.22270840406417847]",low,0.6131573915481567,28.447199991205707,0.3904474675655365,"[0.6131573915481567, 0.08579949289560318, 0.07833322137594223, 0.22270992398262024]",low,0.6131585836410522,54.6767999912845,0.39044997096061707,"[0.6131585836410522, 0.0857997015118599, 0.07833309471607208, 0.22270861268043518]"
E:\RHNA\1Visual\NCKH\nckh2\products\fe\model\Dataset_Flood\low\808137151_1065873222862956_2369990287917085533_n.jpg,low,0,medium,0.6701968312263489,66.90840001101606,0.46400192379951477,"[0.2061949074268341, 0.6701968312263489, 0.03669515252113342, 0.08691304922103882]",medium,0.6701967716217041,27.994799995212816,0.4640020430088043,"[0.20619472861289978, 0.6701967716217041, 0.036695219576358795, 0.08691322058439255]",medium,0.6701970100402832,35.900700007914566,0.4640023708343506,"[0.2061946541070938, 0.6701970100402832, 0.03669508174061775, 0.08691327273845673]"
E:\RHNA\1Visual\NCKH\nckh2\products\fe\model\Dataset_Flood\low\SSI_20170716151354_O2.jpg,low,0,medium,0.7966281771659851,284.9480000004405,0.6160874366760254,"[0.18054071068763733, 0.7966281771659851, 0.010662614367902279, 0.012168497778475285]",medium,0.7966292500495911,25.69200001016725,0.6160896420478821,"[0.18053960800170898, 0.7966292500495911, 0.010662669315934181, 0.012168490327894688]",medium,0.796629011631012,49.719100003130734,0.6160891056060791,"[0.18053990602493286, 0.796629011631012, 0.01066263485699892, 0.01216844655573368]"
E:\RHNA\1Visual\NCKH\nckh2\products\fe\model\Dataset_Flood\low\화면 캡처 2025-03-05 161811.jpg,low,0,low,0.3782110810279846,80.75599999574479,0.11128553748130798,"[0.3782110810279846, 0.26692554354667664, 0.09464015066623688, 0.26022329926490784]",low,0.3782104551792145,28.979900002013892,0.11128401756286621,"[0.3782104551792145, 0.26692643761634827, 0.09464026242494583, 0.2602228820323944]",low,0.37821289896965027,35.41080000286456,0.11128726601600647,"[0.37821289896965027, 0.2669256329536438, 0.09463995695114136, 0.2602214515209198]"
E:\RHNA\1Visual\NCKH\nckh2\products\fe\model\Dataset_Flood\low\images - 2025-01-28T163030.279.jpg,low,0,low,0.9183323383331299,61.12480000592768,0.879941999912262,"[0.9183323383331299, 0.03087749145925045, 0.012399774044752121, 0.03839036077260971]",low,0.9183318614959717,25.57889999297913,0.8799411058425903,"[0.9183318614959717, 0.03087760880589485, 0.012399832718074322, 0.03839075192809105]",low,0.9183321595191956,50.5954000109341,0.8799416422843933,"[0.9183321595191956, 0.03087751194834709, 0.012399817816913128, 0.03839051350951195]"
E:\RHNA\1Visual\NCKH\nckh2\products\fe\model\Dataset_Flood\low\images - 2025-01-28T185425.621.jpg,low,0,low,0.8010513186454773,74.68520000111312,0.6799496412277222,"[0.8010513186454773, 0.06730077415704727, 0.010546121746301651, 0.12110169976949692]",low,0.8010507225990295,26.816999990842305,0.679948627948761,"[0.8010507225990295, 0.06730100512504578, 0.01054623443633318, 0.12110210955142975]",low,0.8010512590408325,49.38450000190642,0.6799492835998535,"[0.8010512590408325, 0.06730060279369354, 0.010546109639108181, 0.1211019828915596]"
E:\RHNA\1Visual\NCKH\nckh2\products\fe\model\Dataset_Flood\low\images - 2025-01-28T154416.248.jpg,low,0,low,0.6116245985031128,64.7884000063641,0.3406660556793213,"[0.6116245985031128, 0.2709585428237915, 0.08516637235879898, 0.032250504940748215]",low,0.6116239428520203,26.51109998987522,0.3406652510166168,"[0.6116239428520203, 0.27095869183540344, 0.08516678214073181, 0.03225066885352135]",low,0.6116248965263367,61.28069999977015,0.34066659212112427,"[0.6116248965263367, 0.2709583044052124, 0.0851663127541542, 0.032250504940748215]"
E:\RHNA\1Visual\NCKH\nckh2\products\fe\model\Dataset_Flood\low\images - 2025-01-28T154231.729.jpg,low,0,low,0.560068666934967,63.411099996301346,0.30250561237335205,"[0.560068666934967, 0.257563054561615, 0.038890838623046875, 0.14347738027572632]",low,0.5600684881210327,24.39829999639187,0.30250558257102966,"[0.5600684881210327, 0.25756290555000305, 0.038890816271305084, 0.1434778869152069]",low,0.5600691437721252,43.49480000382755,0.30250561237335205,"[0.5600691437721252, 0.2575635313987732, 0.03889070078730583, 0.14347663521766663]"
E:\RHNA\1Visual\NCKH\nckh2\products\fe\model\Dataset_Flood\low\화면 캡처 2025-03-05 162152.jpg,low,0,non_flood,0.7368931174278259,66.96110000484623,0.49172425270080566,"[0.24516887962818146, 0.010535205714404583, 0.007402768824249506, 0.7368931174278259]",non_flood,0.7368943095207214,25.44589999888558,0.4917265772819519,"[0.24516773223876953, 0.010535177774727345, 0.007402773480862379, 0.7368943095207214]",non_flood,0.7368934154510498,71.65889999305364,0.49172481894493103,"[0.24516859650611877, 0.010535204783082008, 0.007402803748846054, 0.7368934154510498]"
E:\RHNA\1Visual\NCKH\nckh2\products\fe\model\Dataset_Flood\low\images (93).jpg,low,0,low,0.7503069043159485,75.01880000927486,0.5270668268203735,"[0.7503069043159485, 0.22324006259441376, 0.007798762060701847, 0.018654391169548035]",low,0.7503064274787903,27.489200001582503,0.5270659923553467,"[0.7503064274787903, 0.2232404351234436, 0.007798767648637295, 0.01865442283451557]",low,0.7503067851066589,57.86380000063218,0.5270668268203735,"[0.7503067851066589, 0.2232399582862854, 0.007798798847943544, 0.01865442655980587]"
E:\RHNA\1Visual\NCKH\nckh2\products\fe\model\Dataset_Flood\low\images (99).jpg,low,0,low,0.438313364982605,65.06579999404494,0.015568375587463379,"[0.438313364982605, 0.4227449893951416, 0.11140520870685577, 0.027536414563655853]",low,0.438313752412796,28.969399994821288,0.015569299459457397,"[0.438313752412796, 0.4227444529533386, 0.11140532791614532, 0.02753647044301033]",low,0.43831300735473633,72.14209999074228,0.015567749738693237,"[0.43831300735473633, 0.4227452576160431, 0.11140559613704681, 0.02753610350191593]"
E:\RHNA\1Visual\NCKH\nckh2\products\fe\model\Dataset_Flood\low\화면 캡처 2025-03-05 165853.jpg,low,0,low,0.4571917951107025,70.43069999781437,0.07977896928787231,"[0.4571917951107025, 0.09782355278730392, 0.06757191568613052, 0.3774128258228302]",low,0.4571909010410309,24.46580000105314,0.07977688312530518,"[0.4571909010410309, 0.09782324731349945, 0.06757178902626038, 0.3774140179157257]",low,0.45719167590141296,44.18880000594072,0.0797787606716156,"[0.45719167590141296, 0.09782345592975616, 0.06757185608148575, 0.37741291522979736]"
E:\RHNA\1Visual\NCKH\nckh2\products\fe\model\Dataset_Flood\low\images - 2025-01-28T164427.465.jpg,low,0,low,0.8215275406837463,56.14499999501277,0.6732016205787659,"[0.8215275406837463, 0.14832590520381927, 0.025762507691979408, 0.004383972845971584]",low,0.8215270042419434,22.62190000328701,0.6732006072998047,"[0.8215270042419434, 0.14832641184329987, 0.02576260082423687, 0.004383988678455353]",low,0.8215270638465881,44.611200006329454,0.6732007265090942,"[0.8215270638465881, 0.1483263522386551, 0.025762608274817467, 0.0043839686550199986]"
E:\RHNA\1Visual\NCKH\nckh2\products\fe\model\Dataset_Flood\low\images (38).jpg,low,0,medium,0.5172596573829651,64.53669999609701,0.07808542251586914,"[0.43917423486709595, 0.5172596573829651, 0.015665316954255104, 0.027900684624910355]",medium,0.5172597765922546,22.56120000674855,0.07808557152748108,"[0.43917420506477356, 0.5172597765922546, 0.015665309503674507, 0.02790071815252304]",medium,0.5172593593597412,43.003499988117255,0.07808476686477661,"[0.4391745924949646, 0.5172593593597412, 0.015665333718061447, 0.027900753542780876]"
E:\RHNA\1Visual\NCKH\nckh2\products\fe\model\Dataset_Flood\low\images - 2025-01-28T151232.035.jpg,low,0,low,0.5574042201042175,53.6011999938637,0.2728373408317566,"[0.5574042201042175, 0.28456687927246094, 0.09771299362182617, 0.0603158213198185]",low,0.5574045777320862,22.570300003280863,0.27283811569213867,"[0.5574045777320862, 0.2845664620399475, 0.09771274030208588, 0.06031620875000954]",low,0.5574047565460205,55.897800004458986,0.2728378474712372,"[0.5574047565460205, 0.2845669090747833, 0.09771260619163513, 0.06031571701169014]"
E:\RHNA\1Visual\NCKH\nckh2\products\fe\model\Dataset_Flood\low\images (33).jpg,low,0,medium,0.5204829573631287,59.20020000485238,0.08464723825454712,"[0.43583571910858154, 0.5204829573631287, 0.012572057545185089, 0.031109286472201347]",medium,0.5204843878746033,30.55090000270866,0.08465033769607544,"[0.43583405017852783, 0.5204843878746033, 0.01257211621850729, 0.03110942430794239]",medium,0.5204838514328003,46.8640999897616,0.08464914560317993,"[0.43583470582962036, 0.5204838514328003, 0.01257207989692688, 0.031109385192394257]"
E:\RHNA\1Visual\NCKH\nckh2\products\fe\model\Dataset_Flood\low\다운로드 (15) 1.jpg,low,0,low,0.853419303894043,221.59080000710674,0.7641924619674683,"[0.853419303894043, 0.053135573863983154, 0.004218358546495438, 0.08922681957483292]",low,0.8534190058708191,26.44970000255853,0.7641919255256653,"[0.8534190058708191, 0.053135477006435394, 0.004218356683850288, 0.0892270877957344]",low,0.8534194827079773,52.11750000307802,0.7641929984092712,"[0.8534194827079773, 0.05313574895262718, 0.004218363668769598, 0.08922646939754486]"
E:\RHNA\1Visual\NCKH\nckh2\products\fe\model\Dataset_Flood\low\noise.jpg,low,0,medium,0.550692081451416,76.31240000773687,0.24966993927955627,"[0.13569296896457672, 0.550692081451416, 0.30102214217185974, 0.012592808343470097]",medium,0.5506919622421265,31.438599995453842,0.24966949224472046,"[0.1356927752494812, 0.5506919622421265, 0.301022469997406, 0.012592763639986515]",medium,0.5506916046142578,47.205399998347275,0.249668687582016,"[0.13569267094135284, 0.5506916046142578, 0.3010229170322418, 0.012592765502631664]"
E:\RHNA\1Visual\NCKH\nckh2\products\fe\model\Dataset_Flood\low\images - 2025-01-28T151759.595.jpg,low,0,low,0.7692960500717163,56.82450000313111,0.6334548592567444,"[0.7692960500717163, 0.048315469175577164, 0.04654731601476669, 0.13584117591381073]",low,0.7692956328392029,32.73589999298565,0.6334541440010071,"[0.7692956328392029, 0.048315487802028656, 0.046547405421733856, 0.1358414739370346]",low,0.7692956924438477,54.43570000352338,0.6334547996520996,"[0.7692956924438477, 0.048315830528736115, 0.04654760658740997, 0.13584087789058685]"
E:\RHNA\1Visual\NCKH\nckh2\products\fe\model\Dataset_Flood\low\721750ca-9b42-42b5-8b16-353112338174-Flood3.jpg,low,0,low,0.546464741230011,79.14719999826048,0.3617010712623596,"[0.546464741230011, 0.18476368486881256, 0.16220451891422272, 0.10656704008579254]",low,0.5464641451835632,33.012200001394376,0.36170095205307007,"[0.5464641451835632, 0.18476317822933197, 0.16220445930957794, 0.10656825453042984]",low,0.546464741230011,55.14029999903869,0.36170095205307007,"[0.546464741230011, 0.1847638040781021, 0.1622042953968048, 0.10656717419624329]"
E:\RHNA\1Visual\NCKH\nckh2\products\fe\model\Dataset_Flood\low\화면 캡처 2025-03-05 161202.jpg,low,0,low,0.7726479172706604,65.05649999598972,0.5830495357513428,"[0.7726479172706604, 0.18959835171699524, 0.0068725706078112125, 0.030881216749548912]",low,0.7726475596427917,31.91210000659339,0.5830494165420532,"[0.7726475596427917, 0.1895981729030609, 0.006872609723359346, 0.03088168427348137]",low,0.7726472020149231,59.067700000014156,0.5830479860305786,"[0.7726472020149231, 0.1895991861820221, 0.006872592959553003, 0.030880993232131004]"
E:\RHNA\1Visual\NCKH\nckh2\products\fe\model\Dataset_Flood\low\images - 2025-01-28T164448.787.jpg,low,0,low,0.8732548356056213,70.01089998811949,0.8105828166007996,"[0.8732548356056213, 0.05668426677584648, 0.007388902362436056, 0.06267202645540237]",low,0.8732543587684631,24.00340000167489,0.8105822205543518,"[0.8732543587684631, 0.05668450519442558, 0.0073889330960810184, 0.06267211586236954]",low,0.8732540607452393,62.760000000707805,0.8105816841125488,"[0.8732540607452393, 0.056684620678424835, 0.007388944737613201, 0.06267237663269043]"
E:\RHNA\1Visual\NCKH\nckh2\products\fe\model\Dataset_Flood\low\images - 2025-01-28T164438.545.jpg,low,0,low,0.5010344386100769,73.60950000293087,0.06598258018493652,"[0.5010344386100769, 0.04720022901892662, 0.016713479533791542, 0.4350518584251404]",low,0.501034677028656,28.116800007410347,0.06598317623138428,"[0.501034677028656, 0.04720025137066841, 0.01671351119875908, 0.43505150079727173]",low,0.501034140586853,69.03280000551604,0.0659821629524231,"[0.501034140586853, 0.047200318425893784, 0.01671353168785572, 0.43505197763442993]"
E:\RHNA\1Visual\NCKH\nckh2\products\fe\model\Dataset_Flood\low\images - 2025-01-28T164633.825.jpg,low,0,low,0.9217808842658997,68.15300000016578,0.8674208521842957,"[0.9217808842658997, 0.05436001345515251, 0.0022807845380157232, 0.021578297019004822]",low,0.9217808842658997,28.83999999903608,0.8674208521842957,"[0.9217808842658997, 0.05436001718044281, 0.0022807952482253313, 0.021578336134552956]",low,0.9217807650566101,60.889500004122965,0.8674206733703613,"[0.9217807650566101, 0.05436008423566818, 0.0022807950153946877, 0.02157832495868206]"
E:\RHNA\1Visual\NCKH\nckh2\products\fe\model\Dataset_Flood\low\images - 2025-01-28T161955.443.jpg,low,0,low,0.7376008629798889,68.87299999652896,0.4856702983379364,"[0.7376008629798889, 0.00877387449145317, 0.001694638398475945, 0.2519305646419525]",low,0.7375980019569397,28.614599999855272,0.4856644868850708,"[0.7375980019569397, 0.008773856796324253, 0.0016946326941251755, 0.2519335150718689]",low,0.7376007437705994,55.404800004907884,0.4856700599193573,"[0.7376007437705994, 0.00877389032393694, 0.0016946331597864628, 0.25193068385124207]"
E:\RHNA\1Visual\NCKH\nckh2\products\fe\model\Dataset_Flood\low\images - 2025-01-28T154034.580.jpg,low,0,non_flood,0.7134255766868591,71.57829999050591,0.44628405570983887,"[0.26714152097702026, 0.015481948852539062, 0.003950874321162701, 0.7134255766868591]",non_flood,0.7134258151054382,24.481000000378117,0.4462844431400299,"[0.2671413719654083, 0.015481902286410332, 0.003950864542275667, 0.7134258151054382]",non_flood,0.7134255170822144,64.51509999169502,0.44628387689590454,"[0.2671416401863098, 0.015481941401958466, 0.003950873855501413, 0.7134255170822144]"
E:\RHNA\1Visual\NCKH\nckh2\products\fe\model\Dataset_Flood\low\다운로드 (24).jpg,low,0,non_flood,0.744523823261261,77.04500001273118,0.5312039852142334,"[0.2133198082447052, 0.03140753135085106, 0.010748835280537605, 0.744523823261261]",non_flood,0.7445239424705505,28.78480000072159,0.5312042236328125,"[0.21331971883773804, 0.03140748664736748, 0.01074886228889227, 0.7445239424705505]",non_flood,0.7445228695869446,57.629299990367144,0.5312021970748901,"[0.21332070231437683, 0.031407613307237625, 0.0107488464564085, 0.7445228695869446]"
E:\RHNA\1Visual\NCKH\nckh2\products\fe\model\Dataset_Flood\low\화면 캡처 2025-03-05 165641.jpg,low,0,non_flood,0.5316304564476013,59.91830000129994,0.09295704960823059,"[0.4386734068393707, 0.02248796820640564, 0.007208118215203285, 0.5316304564476013]",non_flood,0.5316320061683655,28.949800005648285,0.0929601788520813,"[0.4386718273162842, 0.02248801290988922, 0.007208146154880524, 0.5316320061683655]",non_flood,0.5316326022148132,38.162499986356124,0.0929613709449768,"[0.4386712312698364, 0.022488007321953773, 0.007208170369267464, 0.5316326022148132]"
E:\RHNA\1Visual\NCKH\nckh2\products\fe\model\Dataset_Flood\low\images (23) 2.jpg,low,0,low,0.4907587468624115,67.51719999010675,0.11251771450042725,"[0.4907587468624115, 0.37824103236198425, 0.11616934090852737, 0.014830902218818665]",low,0.4907572567462921,32.067099993582815,0.11251550912857056,"[0.4907572567462921, 0.37824174761772156, 0.1161699891090393, 0.014830945059657097]",low,0.4907580614089966,155.30020000005607,0.11251604557037354,"[0.4907580614089966, 0.37824201583862305, 0.11616896837949753, 0.014830969274044037]"
E:\RHNA\1Visual\NCKH\nckh2\products\fe\model\Dataset_Flood\low\images - 2025-01-28T151814.128.jpg,low,0,low,0.5324296951293945,98.08820000034757,0.08685532212257385,"[0.5324296951293945, 0.019800754263997078, 0.00219514686614275, 0.4455743730068207]",low,0.5324286222457886,21.172199994907714,0.08685305714607239,"[0.5324286222457886, 0.019800670444965363, 0.00219512777402997, 0.4455755650997162]",low,0.5324316024780273,44.946099995286204,0.08685910701751709,"[0.5324316024780273, 0.019800832495093346, 0.0021951538510620594, 0.44557249546051025]"
E:\RHNA\1Visual\NCKH\nckh2\products\fe\model\Dataset_Flood\low\803005566_1065370432913235_8636202584573284675_n.jpg,low,0,medium,0.7760425806045532,64.88299999909941,0.6514021158218384,"[0.12464043498039246, 0.7760425806045532, 0.025900347158312798, 0.07341667264699936]",medium,0.7760429382324219,38.10459999658633,0.6514027714729309,"[0.12464018166065216, 0.7760429382324219, 0.025900360196828842, 0.07341651618480682]",medium,0.7760422229766846,44.66469999169931,0.6514017581939697,"[0.12464047968387604, 0.7760422229766846, 0.025900408625602722, 0.07341690361499786]"
E:\RHNA\1Visual\NCKH\nckh2\products\fe\model\Dataset_Flood\low\images (16) 2.jpg,low,0,low,0.6438365578651428,73.95510000060312,0.39528506994247437,"[0.6438365578651428, 0.24855148792266846, 0.09740030765533447, 0.010211675427854061]",low,0.6438365578651428,31.9450999959372,0.39528530836105347,"[0.6438365578651428, 0.24855123460292816, 0.09740044921636581, 0.010211732238531113]",low,0.6438369750976562,45.618499992997386,0.39528581500053406,"[0.6438369750976562, 0.2485511600971222, 0.09740019589662552, 0.010211637243628502]"
E:\RHNA\1Visual\NCKH\nckh2\products\fe\model\Dataset_Flood\low\image_297.jpg,low,0,medium,0.7150521874427795,62.65469999925699,0.561196506023407,"[0.15385568141937256, 0.7150521874427795, 0.10677464306354523, 0.024317534640431404]",medium,0.7150513529777527,23.91370000259485,0.5611956715583801,"[0.15385566651821136, 0.7150513529777527, 0.10677537322044373, 0.024317564442753792]",medium,0.7150524854660034,51.919900011853315,0.5611971616744995,"[0.1538553386926651, 0.7150524854660034, 0.10677468776702881, 0.024317491799592972]"
E:\RHNA\1Visual\NCKH\nckh2\products\fe\model\Dataset_Flood\low\images - 2025-01-28T162855.395.jpg,low,0,low,0.9246798753738403,151.8299999879673,0.8827430009841919,"[0.9246798753738403, 0.041936855763196945, 0.011775907129049301, 0.02160734124481678]",low,0.9246793389320374,96.32120000605937,0.8827422857284546,"[0.9246793389320374, 0.041937053203582764, 0.011775990016758442, 0.0216076597571373]",low,0.9246797561645508,40.04200000781566,0.8827426433563232,"[0.9246797561645508, 0.04193710535764694, 0.011775977909564972, 0.021607063710689545]"
E:\RHNA\1Visual\NCKH\nckh2\products\fe\model\Dataset_Flood\low\images (32).jpg,low,0,medium,0.47939378023147583,61.26849999418482,0.1666075885295868,"[0.31278619170188904, 0.47939378023147583, 0.07628117501735687, 0.13153882324695587]",medium,0.47939395904541016,25.14369999698829,0.16660812497138977,"[0.3127858340740204, 0.47939395904541016, 0.07628124207258224, 0.131538987159729]",medium,0.47939226031303406,48.33280001184903,0.16660597920417786,"[0.3127862811088562, 0.47939226031303406, 0.07628107070922852, 0.13154038786888123]"
E:\RHNA\1Visual\NCKH\nckh2\products\fe\model\Dataset_Flood\low\다운로드 (13).jpg,low,0,low,0.8131330013275146,64.28510000114329,0.6409329175949097,"[0.8131330013275146, 0.17220008373260498, 0.014082729816436768, 0.0005841191741637886]",low,0.8131327629089355,21.75159999751486,0.6409325003623962,"[0.8131327629089355, 0.1722002774477005, 0.014082808047533035, 0.0005841242964379489]",low,0.8131318688392639,36.88549999787938,0.6409307718276978,"[0.8131318688392639, 0.17220109701156616, 0.014082851819694042, 0.0005841214442625642]"
E:\RHNA\1Visual\NCKH\nckh2\products\fe\model\Dataset_Flood\low\images - 2025-01-28T151448.228.jpg,low,0,non_flood,0.44072023034095764,54.23460000019986,0.18298056721687317,"[0.2577396631240845, 0.15948551893234253, 0.14205463230609894, 0.44072023034095764]",non_flood,0.440720796585083,25.080200008233078,0.1829814910888672,"[0.2577393054962158, 0.15948525071144104, 0.1420547068119049, 0.440720796585083]",non_flood,0.4407200813293457,51.23650000314228,0.18298044800758362,"[0.2577396333217621, 0.15948553383350372, 0.1420547217130661, 0.4407200813293457]"
E:\RHNA\1Visual\NCKH\nckh2\products\fe\model\Dataset_Flood\low\images - 2025-01-28T184905.989.jpg,low,0,low,0.7267237901687622,56.76790000870824,0.5651116371154785,"[0.7267237901687622, 0.1616121232509613, 0.08796998858451843, 0.02369406819343567]",low,0.7267225384712219,20.564899998134933,0.56510990858078,"[0.7267225384712219, 0.1616126149892807, 0.08797065168619156, 0.0236941110342741]",low,0.726723313331604,40.86510000342969,0.5651109218597412,"[0.726723313331604, 0.1616123616695404, 0.08797017484903336, 0.02369406446814537]"
E:\RHNA\1Visual\NCKH\nckh2\products\fe\model\Dataset_Flood\low\images - 2025-01-28T155237.362.jpg,low,0,low,0.8751252889633179,69.36380000843201,0.8002493977546692,"[0.8751252889633179, 0.04385362192988396, 0.006145137827843428, 0.07487588375806808]",low,0.8751249313354492,30.96410000580363,0.8002487421035767,"[0.8751249313354492, 0.04385371878743172, 0.0061451527290046215, 0.07487617433071136]",low,0.8751254677772522,64.62530000135303,0.8002496957778931,"[0.8751254677772522, 0.043853648006916046, 0.006145138759166002, 0.07487574219703674]"
E:\RHNA\1Visual\NCKH\nckh2\products\fe\model\Dataset_Flood\low\images - 2025-01-28T154421.186.jpg,low,0,low,0.5380403399467468,94.61459999147337,0.08896398544311523,"[0.5380403399467468, 0.011412966065108776, 0.0014703432098031044, 0.4490763545036316]",low,0.5380392074584961,26.975099986884743,0.08896175026893616,"[0.5380392074584961, 0.011413026601076126, 0.0014703520573675632, 0.44907745718955994]",low,0.5380404591560364,77.4193999968702,0.08896425366401672,"[0.5380404591560364, 0.011412994004786015, 0.001470342860557139, 0.44907620549201965]"
E:\RHNA\1Visual\NCKH\nckh2\products\fe\model\Dataset_Flood\low\images - 2025-01-28T164917.120.jpg,low,0,low,0.7330406904220581,93.24110001034569,0.5892674326896667,"[0.7330406904220581, 0.14377325773239136, 0.03959255665540695, 0.08359365165233612]",low,0.7330392599105835,26.38160000788048,0.5892655849456787,"[0.7330392599105835, 0.14377368986606598, 0.039592765271663666, 0.08359434455633163]",low,0.7330396175384521,74.04999999562278,0.5892660021781921,"[0.7330396175384521, 0.14377361536026, 0.039592646062374115, 0.08359408378601074]"
E:\RHNA\1Visual\NCKH\nckh2\products\fe\model\Dataset_Flood\low\images - 2025-01-28T152045.509.jpg,low,0,low,0.7572994232177734,79.49820000794716,0.642164945602417,"[0.7572994232177734, 0.08653729408979416, 0.04102878272533417, 0.11513445526361465]",low,0.7572987675666809,31.958499996108003,0.6421635746955872,"[0.7572987675666809, 0.08653725683689117, 0.04102885350584984, 0.11513521522283554]",low,0.7572991251945496,63.56690000393428,0.6421644687652588,"[0.7572991251945496, 0.0865374431014061, 0.041028764098882675, 0.11513462662696838]"
E:\RHNA\1Visual\NCKH\nckh2\products\fe\model\Dataset_Flood\low\images - 2025-01-28T164148.602.jpg,low,0,low,0.5650261640548706,75.178799990681,0.36113446950912476,"[0.5650261640548706, 0.18422551453113556, 0.046856675297021866, 0.20389169454574585]",low,0.5650250315666199,28.141400005551986,0.36113178730010986,"[0.5650250315666199, 0.1842251420021057, 0.04685657471418381, 0.20389324426651]",low,0.5650247931480408,58.46240000391845,0.3611307740211487,"[0.5650247931480408, 0.18422481417655945, 0.0468563437461853, 0.20389403402805328]"
E:\RHNA\1Visual\NCKH\nckh2\products\fe\model\Dataset_Flood\low\화면 캡처 2025-03-05 163923.jpg,low,0,non_flood,0.4391757547855377,75.00029999937396,0.0016252398490905762,"[0.43755051493644714, 0.0998891144990921, 0.023384610190987587, 0.4391757547855377]",non_flood,0.4391787648200989,25.430599998799153,0.0016308724880218506,"[0.437547892332077, 0.09988867491483688, 0.023384643718600273, 0.4391787648200989]",non_flood,0.43918076157569885,60.05400000140071,0.0016343891620635986,"[0.43754637241363525, 0.09988841414451599, 0.023384490981698036, 0.43918076157569885]"
E:\RHNA\1Visual\NCKH\nckh2\products\fe\model\Dataset_Flood\low\img_india_20151202_title-759x500.jpg,low,0,medium,0.5241532921791077,75.9840999962762,0.2505962550640106,"[0.165137380361557, 0.5241532921791077, 0.27355703711509705, 0.03715233504772186]",medium,0.5241528153419495,26.376499998150393,0.25059565901756287,"[0.16513754427433014, 0.5241528153419495, 0.2735571563243866, 0.03715244308114052]",medium,0.5241528153419495,50.39530000067316,0.2505955398082733,"[0.16513743996620178, 0.5241528153419495, 0.27355727553367615, 0.03715243935585022]"
E:\RHNA\1Visual\NCKH\nckh2\products\fe\model\Dataset_Flood\low\다운로드 (17).jpg,low,0,low,0.46238937973976135,72.28060001216363,0.1780671775341034,"[0.46238937973976135, 0.14829739928245544, 0.10499101132154465, 0.28432220220565796]",low,0.46238917112350464,19.429399995715357,0.17806637287139893,"[0.46238917112350464, 0.14829722046852112, 0.10499082505702972, 0.2843227982521057]",low,0.46238958835601807,47.06870000518393,0.17806744575500488,"[0.46238958835601807, 0.14829720556735992, 0.104991115629673, 0.2843221426010132]"
E:\RHNA\1Visual\NCKH\nckh2\products\fe\model\Dataset_Flood\low\images.jpg,low,0,low,0.4765668511390686,64.3609000107972,0.008794188499450684,"[0.4765668511390686, 0.4677726626396179, 0.002586961258202791, 0.05307348445057869]",low,0.47656676173210144,24.08739998645615,0.00879397988319397,"[0.47656676173210144, 0.46777278184890747, 0.0025869670789688826, 0.05307356268167496]",low,0.47656697034835815,46.978899990790524,0.00879448652267456,"[0.47656697034835815, 0.4677724838256836, 0.002586969407275319, 0.05307367071509361]"
E:\RHNA\1Visual\NCKH\nckh2\products\fe\model\Dataset_Flood\low\images - 2025-01-28T152051.161.jpg,low,0,medium,0.4844987094402313,65.15239999862388,0.18021026253700256,"[0.30428844690322876, 0.4844987094402313, 0.017514051869511604, 0.19369883835315704]",medium,0.48449811339378357,25.84750000096392,0.18021070957183838,"[0.3042874038219452, 0.48449811339378357, 0.017514070495963097, 0.19370044767856598]",medium,0.48449742794036865,49.79249999450985,0.18020948767662048,"[0.30428794026374817, 0.48449742794036865, 0.01751403696835041, 0.19370058178901672]"
E:\RHNA\1Visual\NCKH\nckh2\products\fe\model\Dataset_Flood\low\images - 2025-01-28T164419.296.jpg,low,0,low,0.4885987341403961,64.1536999901291,0.17062368988990784,"[0.4885987341403961, 0.3179750442504883, 0.12097293883562088, 0.07245331257581711]",low,0.4885983467102051,33.8527999992948,0.17062315344810486,"[0.4885983467102051, 0.3179751932621002, 0.12097322195768356, 0.07245320081710815]",low,0.488598108291626,50.34539999905974,0.1706228256225586,"[0.488598108291626, 0.3179752826690674, 0.1209733709692955, 0.07245318591594696]"
E:\RHNA\1Visual\NCKH\nckh2\products\fe\model\Dataset_Flood\low\images - 2025-01-28T152202.438.jpg,low,0,non_flood,0.6480581164360046,70.64279999758583,0.32824692130088806,"[0.3198111951351166, 0.02829243801534176, 0.0038383174687623978, 0.6480581164360046]",non_flood,0.6480584144592285,27.298100001644343,0.3282475471496582,"[0.3198108673095703, 0.028292404487729073, 0.00383831188082695, 0.6480584144592285]",non_flood,0.6480578780174255,57.696599993505515,0.32824650406837463,"[0.3198113739490509, 0.028292454779148102, 0.0038383090868592262, 0.6480578780174255]"
E:\RHNA\1Visual\NCKH\nckh2\products\fe\model\Dataset_Flood\low\flood_6194.jpg,low,0,medium,0.4199291467666626,69.95790000655688,0.01693829894065857,"[0.40299084782600403, 0.4199291467666626, 0.14349836111068726, 0.033581726253032684]",medium,0.4199292063713074,28.333900001598522,0.01693865656852722,"[0.40299054980278015, 0.4199292063713074, 0.1434984803199768, 0.03358179330825806]",medium,0.41992953419685364,59.01799999992363,0.016939103603363037,"[0.4029904305934906, 0.41992953419685364, 0.14349839091300964, 0.03358159586787224]"
E:\RHNA\1Visual\NCKH\nckh2\products\fe\model\Dataset_Flood\low\images - 2025-01-28T164411.442.jpg,low,0,low,0.8116041421890259,65.2698999911081,0.6899882555007935,"[0.8116041421890259, 0.12161587923765182, 0.030496031045913696, 0.036283932626247406]",low,0.8116031885147095,28.27709999110084,0.6899866461753845,"[0.8116031885147095, 0.12161654233932495, 0.03049614652991295, 0.036284126341342926]",low,0.8116050958633423,58.02830000175163,0.6899897456169128,"[0.8116050958633423, 0.12161536514759064, 0.030495867133140564, 0.0362837091088295]"
E:\RHNA\1Visual\NCKH\nckh2\products\fe\model\Dataset_Flood\low\images - 2025-01-28T164431.273.jpg,low,0,low,0.7346150279045105,65.07119999150746,0.5856399536132812,"[0.7346150279045105, 0.14897508919239044, 0.0585058368742466, 0.05790410190820694]",low,0.7346147298812866,27.713099989341572,0.585639476776123,"[0.7346147298812866, 0.14897528290748596, 0.05850578472018242, 0.05790430307388306]",low,0.7346156239509583,70.77059999573976,0.5856410264968872,"[0.7346156239509583, 0.14897458255290985, 0.05850551277399063, 0.05790434405207634]"
E:\RHNA\1Visual\NCKH\nckh2\products\fe\model\Dataset_Flood\low\image_203.jpeg,low,0,medium,0.8388933539390564,91.0920000023907,0.746675968170166,"[0.09221741557121277, 0.8388933539390564, 0.066995769739151, 0.0018934730906039476]",medium,0.8388938307762146,22.781199993914925,0.7466767430305481,"[0.09221706539392471, 0.8388938307762146, 0.06699564307928085, 0.0018934642430394888]",medium,0.838892936706543,56.9338999921456,0.7466753125190735,"[0.09221760183572769, 0.838892936706543, 0.0669960230588913, 0.0018934729741886258]"
E:\RHNA\1Visual\NCKH\nckh2\products\fe\model\Dataset_Flood\low\다운로드 (50).jpg,low,0,low,0.5460861325263977,71.1678999941796,0.2892247140407562,"[0.5460861325263977, 0.10296779125928879, 0.09408464282751083, 0.2568614184856415]",low,0.546085774898529,24.713699996937066,0.28922387957572937,"[0.546085774898529, 0.1029677465558052, 0.09408467262983322, 0.2568618953227997]",low,0.546085774898529,52.48349999601487,0.2892244756221771,"[0.546085774898529, 0.10296797752380371, 0.09408488869667053, 0.25686129927635193]"
E:\RHNA\1Visual\NCKH\nckh2\products\fe\model\Dataset_Flood\medium\images - 2025-01-28T164558.649.jpg,medium,1,low,0.43394774198532104,70.68619999336079,0.14133480191230774,"[0.43394774198532104, 0.24520817399024963, 0.02823113463819027, 0.2926129400730133]",low,0.43394792079925537,28.814599994802848,0.1413346529006958,"[0.43394792079925537, 0.24520783126354218, 0.028231047093868256, 0.29261326789855957]",low,0.43394705653190613,60.8728999941377,0.14133355021476746,"[0.43394705653190613, 0.24520820379257202, 0.02823120355606079, 0.29261350631713867]"
E:\RHNA\1Visual\NCKH\nckh2\products\fe\model\Dataset_Flood\medium\images (40).jpg,medium,1,low,0.5993791818618774,76.66980000794865,0.2932892143726349,"[0.5993791818618774, 0.30608996748924255, 0.0763954445719719, 0.018135448917746544]",low,0.5993786454200745,30.99679999286309,0.29328861832618713,"[0.5993786454200745, 0.30609002709388733, 0.07639569044113159, 0.01813563145697117]",low,0.5993791222572327,66.59560000116471,0.29328933358192444,"[0.5993791222572327, 0.3060897886753082, 0.07639552652835846, 0.01813558116555214]"
E:\RHNA\1Visual\NCKH\nckh2\products\fe\model\Dataset_Flood\medium\다운로드 (32).jpg,medium,1,low,0.6392181515693665,78.35209999757353,0.3449336588382721,"[0.6392181515693665, 0.05151955783367157, 0.014977858401834965, 0.29428449273109436]",low,0.6392161250114441,22.001799996360205,0.3449295163154602,"[0.6392161250114441, 0.0515194907784462, 0.014977875165641308, 0.2942866086959839]",low,0.6392183899879456,38.45210000872612,0.3449341058731079,"[0.6392183899879456, 0.05151946842670441, 0.014977839775383472, 0.29428428411483765]"
E:\RHNA\1Visual\NCKH\nckh2\products\fe\model\Dataset_Flood\medium\다운로드 (14) 1.jpg,medium,1,medium,0.5130659937858582,76.57859999744687,0.189213365316391,"[0.32385262846946716, 0.5130659937858582, 0.11170806735754013, 0.05137333273887634]",medium,0.5130665302276611,25.84729999944102,0.1892145574092865,"[0.32385197281837463, 0.5130665302276611, 0.11170820146799088, 0.05137329176068306]",medium,0.5130662322044373,58.38980000407901,0.18921402096748352,"[0.32385221123695374, 0.5130662322044373, 0.1117081269621849, 0.0513734295964241]"
E:\RHNA\1Visual\NCKH\nckh2\products\fe\model\Dataset_Flood\medium\images (31).jpg,medium,1,medium,0.7274881601333618,93.64940000523347,0.5352669358253479,"[0.07699167728424072, 0.7274881601333618, 0.19222120940685272, 0.0032989445608109236]",medium,0.7274879813194275,22.47460000216961,0.535266637802124,"[0.07699171453714371, 0.7274879813194275, 0.19222131371498108, 0.0032989531755447388]",medium,0.727489173412323,43.26379999110941,0.5352687835693359,"[0.07699146866798401, 0.727489173412323, 0.19222041964530945, 0.003298921976238489]"
E:\RHNA\1Visual\NCKH\nckh2\products\fe\model\Dataset_Flood\medium\cuuho-19-4795-1763627595.webp,medium,1,medium,0.8109926581382751,77.77800000621937,0.6279866099357605,"[0.005860186647623777, 0.8109926581382751, 0.18300606310367584, 0.0001410310942446813]",medium,0.8109928369522095,32.78670000145212,0.6279868483543396,"[0.005860204808413982, 0.8109928369522095, 0.18300597369670868, 0.00014103179273661226]",medium,0.8109921216964722,53.27080001006834,0.6279854774475098,"[0.005860235542058945, 0.8109921216964722, 0.1830066293478012, 0.0001410331460647285]"
E:\RHNA\1Visual\NCKH\nckh2\products\fe\model\Dataset_Flood\medium\38.jpg,medium,1,medium,0.6203587055206299,74.0038999938406,0.32980912923812866,"[0.08216140419244766, 0.6203587055206299, 0.2905495762825012, 0.006930372677743435]",medium,0.6203584671020508,25.05399999790825,0.32980895042419434,"[0.0821615681052208, 0.6203584671020508, 0.29054951667785645, 0.006930442992597818]",medium,0.6203579902648926,50.16519999480806,0.32980817556381226,"[0.08216182142496109, 0.6203579902648926, 0.2905498147010803, 0.006930410861968994]"
E:\RHNA\1Visual\NCKH\nckh2\products\fe\model\Dataset_Flood\medium\z5675153483527cd80a92c47aaeb3ab9a8fbe5fd9bdaba-1722134771986321631296.webp,medium,1,medium,0.7103906869888306,61.6264999989653,0.5412209033966064,"[0.16916976869106293, 0.7103906869888306, 0.0946120172739029, 0.025827478617429733]",medium,0.7103907465934753,26.193600002443418,0.5412207841873169,"[0.16916999220848083, 0.7103907465934753, 0.09461182355880737, 0.0258274357765913]",medium,0.7103906273841858,40.57009999814909,0.5412206053733826,"[0.16917000710964203, 0.7103906273841858, 0.09461185336112976, 0.025827456265687943]"
E:\RHNA\1Visual\NCKH\nckh2\products\fe\model\Dataset_Flood\medium\img0412-173554575-1648898672886468709355.jpg,medium,1,medium,0.6046769022941589,60.821999999461696,0.2656862437725067,"[0.05375446006655693, 0.6046769022941589, 0.3389906585216522, 0.002578016370534897]",medium,0.6046767830848694,30.45419999398291,0.2656860649585724,"[0.053754426538944244, 0.6046767830848694, 0.338990718126297, 0.002578004729002714]",medium,0.6046772003173828,45.34250000142492,0.2656867802143097,"[0.05375436320900917, 0.6046772003173828, 0.3389904201030731, 0.0025779977440834045]"
E:\RHNA\1Visual\NCKH\nckh2\products\fe\model\Dataset_Flood\medium\images - 2025-01-28T164335.071.jpg,medium,1,medium,0.41728001832962036,50.188699999125674,0.09860050678253174,"[0.3186795115470886, 0.41728001832962036, 0.2595466077327728, 0.004493727348744869]",medium,0.41728007793426514,24.48480000020936,0.09860050678253174,"[0.3186795711517334, 0.41728007793426514, 0.25954654812812805, 0.004493743181228638]",medium,0.41727980971336365,48.669299998437054,0.09860050678253174,"[0.3186793029308319, 0.41727980971336365, 0.2595471441745758, 0.004493748769164085]"
E:\RHNA\1Visual\NCKH\nckh2\products\fe\model\Dataset_Flood\medium\11111_20240910092935.jpg,medium,1,medium,0.7116609811782837,61.21420000272337,0.44539397954940796,"[0.019899090752005577, 0.7116609811782837, 0.26626700162887573, 0.0021729576401412487]",medium,0.7116610407829285,24.65969999320805,0.44539403915405273,"[0.019898977130651474, 0.7116610407829285, 0.26626700162887573, 0.002172968117520213]",medium,0.711661159992218,34.641499994904734,0.4453943073749542,"[0.01989898830652237, 0.711661159992218, 0.2662668526172638, 0.002172941341996193]"
E:\RHNA\1Visual\NCKH\nckh2\products\fe\model\Dataset_Flood\medium\803102991_1065370649579880_774651092268573661_n.jpg,medium,1,medium,0.7876158952713013,55.47249999654014,0.6102508306503296,"[0.17736506462097168, 0.7876158952713013, 0.026801491156220436, 0.008217519149184227]",medium,0.7876155376434326,26.73789999971632,0.6102501749992371,"[0.17736537754535675, 0.7876155376434326, 0.02680155448615551, 0.00821754615753889]",medium,0.7876154184341431,43.13100001309067,0.6102498173713684,"[0.17736558616161346, 0.7876154184341431, 0.026801545172929764, 0.00821756199002266]"
E:\RHNA\1Visual\NCKH\nckh2\products\fe\model\Dataset_Flood\medium\images (17) 2.jpg,medium,1,low,0.6591565012931824,70.47330000204965,0.45430442690849304,"[0.6591565012931824, 0.20485207438468933, 0.0952741950750351, 0.040717240422964096]",low,0.6591565012931824,30.760399997234344,0.4543045163154602,"[0.6591565012931824, 0.20485198497772217, 0.09527420252561569, 0.04071735590696335]",low,0.6591565608978271,43.25550000066869,0.45430439710617065,"[0.6591565608978271, 0.2048521637916565, 0.09527386724948883, 0.040717341005802155]"
E:\RHNA\1Visual\NCKH\nckh2\products\fe\model\Dataset_Flood\medium\images (21).jpg,medium,1,medium,0.78076171875,57.297499995911494,0.6602219939231873,"[0.09830568730831146, 0.78076171875, 0.12053974717855453, 0.00039284760714508593]",medium,0.7807613611221313,24.796699988655746,0.660221517086029,"[0.09830589592456818, 0.7807613611221313, 0.12053985893726349, 0.000392851943615824]",medium,0.7807613611221313,36.48629999952391,0.66022127866745,"[0.09830566495656967, 0.7807613611221313, 0.12054009735584259, 0.0003928526712115854]"
E:\RHNA\1Visual\NCKH\nckh2\products\fe\model\Dataset_Flood\medium\images - 2025-01-28T184948.206.jpg,medium,1,high,0.5731315016746521,53.68260000250302,0.22073262929916382,"[0.06753271073102951, 0.3523988723754883, 0.5731315016746521, 0.006936951540410519]",high,0.573131263256073,23.445300001185387,0.22073230147361755,"[0.06753266602754593, 0.35239896178245544, 0.573131263256073, 0.0069370511919260025]",high,0.5731296539306641,69.9527999968268,0.22072982788085938,"[0.06753332912921906, 0.3523998260498047, 0.5731296539306641, 0.006937144324183464]"
E:\RHNA\1Visual\NCKH\nckh2\products\fe\model\Dataset_Flood\medium\805785436_1065873412862937_6378472947375029280_n.jpg,medium,1,medium,0.6186951398849487,58.313499990617856,0.36232733726501465,"[0.08152099698781967, 0.6186951398849487, 0.2563678026199341, 0.043416064232587814]",medium,0.6186947226524353,24.20110000821296,0.362326443195343,"[0.0815209448337555, 0.6186947226524353, 0.2563682794570923, 0.0434161014854908]",medium,0.6186954975128174,51.32210000010673,0.3623281419277191,"[0.08152107894420624, 0.6186954975128174, 0.25636735558509827, 0.043416015803813934]"
E:\RHNA\1Visual\NCKH\nckh2\products\fe\model\Dataset_Flood\medium\z6586657762546_35b240fb22ac28c998ad31a1de0491e8.webp,medium,1,medium,0.8557568788528442,62.75409999943804,0.7527658939361572,"[0.04059428349137306, 0.8557568788528442, 0.10299096256494522, 0.0006578448228538036]",medium,0.8557567000389099,21.69980001053773,0.7527655363082886,"[0.04059424251317978, 0.8557567000389099, 0.10299114137887955, 0.0006578443571925163]",medium,0.8557576537132263,47.037800002726726,0.7527675032615662,"[0.040594279766082764, 0.8557576537132263, 0.10299016535282135, 0.000657847267575562]"
E:\RHNA\1Visual\NCKH\nckh2\products\fe\model\Dataset_Flood\medium\803102985_1065370659579879_8461065299246796518_n.jpg,medium,1,medium,0.5154157876968384,61.146899999585,0.15118125081062317,"[0.3642345368862152, 0.5154157876968384, 0.041305914521217346, 0.07904373109340668]",medium,0.5154169201850891,22.932300009415485,0.15118315815925598,"[0.36423376202583313, 0.5154169201850891, 0.04130597785115242, 0.07904336601495743]",medium,0.5154163837432861,50.216900010127574,0.1511823832988739,"[0.36423400044441223, 0.5154163837432861, 0.041305992752313614, 0.07904364168643951]"
E:\RHNA\1Visual\NCKH\nckh2\products\fe\model\Dataset_Flood\medium\images - 2025-01-28T155605.972.jpg,medium,1,low,0.7713690400123596,77.24919999600388,0.5922476649284363,"[0.7713690400123596, 0.04722023010253906, 0.002289427211508155, 0.17912137508392334]",low,0.7713679075241089,28.88169999641832,0.59224534034729,"[0.7713679075241089, 0.0472201369702816, 0.002289430471137166, 0.17912255227565765]",low,0.7713684439659119,55.43459999898914,0.5922467708587646,"[0.7713684439659119, 0.04722035303711891, 0.0022894374560564756, 0.1791217029094696]"
E:\RHNA\1Visual\NCKH\nckh2\products\fe\model\Dataset_Flood\medium\mua-lu-thai-nguyen-1760069078776-17600690791511790978445.jpg,medium,1,medium,0.8612375855445862,57.867800001986325,0.7596035003662109,"[0.0324716754257679, 0.8612375855445862, 0.10163408517837524, 0.004656696226447821]",medium,0.8612375855445862,23.08949999860488,0.7596035599708557,"[0.03247172012925148, 0.8612375855445862, 0.10163403302431107, 0.004656731616705656]",medium,0.8612372279167175,60.490899995784275,0.7596030235290527,"[0.03247179836034775, 0.8612372279167175, 0.10163423418998718, 0.004656772129237652]"
E:\RHNA\1Visual\NCKH\nckh2\products\fe\model\Dataset_Flood\medium\flood_172.jpg,medium,1,medium,0.48482221364974976,79.62200000474695,0.26276713609695435,"[0.14614148437976837, 0.48482221364974976, 0.22205506265163422, 0.14698125422000885]",medium,0.484822541475296,34.5789999992121,0.262767493724823,"[0.14614112675189972, 0.484822541475296, 0.22205503284931183, 0.1469813585281372]",medium,0.4848238229751587,41.132099999231286,0.2627684473991394,"[0.14614097774028778, 0.4848238229751587, 0.22205539047718048, 0.14697982370853424]"
E:\RHNA\1Visual\NCKH\nckh2\products\fe\model\Dataset_Flood\medium\images - 2025-01-28T153853.563.jpg,medium,1,low,0.6645619869232178,57.864900009008124,0.3557426929473877,"[0.6645619869232178, 0.024105926975607872, 0.0025127683766186237, 0.3088192939758301]",low,0.6645614504814148,37.038599999505095,0.3557417094707489,"[0.6645614504814148, 0.024105919525027275, 0.002512772334739566, 0.3088197410106659]",low,0.6645618081092834,65.43490001058672,0.35574233531951904,"[0.6645618081092834, 0.024105994030833244, 0.0025127786211669445, 0.3088194727897644]"
E:\RHNA\1Visual\NCKH\nckh2\products\fe\model\Dataset_Flood\medium\1582606863.jpg,medium,1,medium,0.7854788899421692,72.91310001164675,0.6207029819488525,"[0.048252303153276443, 0.7854788899421692, 0.16477592289447784, 0.0014929705066606402]",medium,0.785478413105011,24.105999997118488,0.6207020878791809,"[0.04825226217508316, 0.785478413105011, 0.16477632522583008, 0.00149296666495502]",medium,0.7854794859886169,44.76950000389479,0.620704174041748,"[0.04825225844979286, 0.7854794859886169, 0.1647752970457077, 0.0014929616590961814]"
E:\RHNA\1Visual\NCKH\nckh2\products\fe\model\Dataset_Flood\medium\noise2.jpeg,medium,1,medium,0.723268985748291,61.86800000432413,0.48098093271255493,"[0.03126182034611702, 0.723268985748291, 0.24228806793689728, 0.0031812225934118032]",medium,0.7232688665390015,25.226800004020333,0.48098066449165344,"[0.03126182034611702, 0.7232688665390015, 0.24228820204734802, 0.003181220730766654]",medium,0.7232688665390015,31.453500007046387,0.48098069429397583,"[0.03126177191734314, 0.7232688665390015, 0.24228817224502563, 0.003181211184710264]"
E:\RHNA\1Visual\NCKH\nckh2\products\fe\model\Dataset_Flood\medium\image_0166.jpg,medium,1,medium,0.5100123882293701,87.8934000065783,0.16393476724624634,"[0.3460776209831238, 0.5100123882293701, 0.1193290501832962, 0.024580873548984528]",medium,0.5100129842758179,43.630299987853505,0.1639362871646881,"[0.34607669711112976, 0.5100129842758179, 0.11932940781116486, 0.024580854922533035]",medium,0.5100138187408447,48.87080000480637,0.1639377474784851,"[0.3460760712623596, 0.5100138187408447, 0.11932937055826187, 0.024580776691436768]"
E:\RHNA\1Visual\NCKH\nckh2\products\fe\model\Dataset_Flood\medium\image_358.jpg,medium,1,medium,0.6823782920837402,58.310799999162555,0.410573273897171,"[0.2718050181865692, 0.6823782920837402, 0.04227205738425255, 0.003544550621882081]",medium,0.6823788285255432,20.621299991034903,0.4105743169784546,"[0.2718045115470886, 0.6823788285255432, 0.04227213189005852, 0.003544563427567482]",medium,0.6823787093162537,43.25049999170005,0.41057369112968445,"[0.2718050181865692, 0.6823787093162537, 0.042271699756383896, 0.003544590203091502]"
E:\RHNA\1Visual\NCKH\nckh2\products\fe\model\Dataset_Flood\medium\images (61).jpg,medium,1,low,0.48870161175727844,57.529099998646416,0.12856817245483398,"[0.48870161175727844, 0.36013343930244446, 0.1482735425233841, 0.0028914969880133867]",low,0.48870113492012024,23.98929999617394,0.1285673975944519,"[0.48870113492012024, 0.36013373732566833, 0.14827369153499603, 0.0028914983849972486]",low,0.4887010455131531,57.72550000983756,0.12856701016426086,"[0.4887010455131531, 0.3601340353488922, 0.14827348291873932, 0.0028914939612150192]"
E:\RHNA\1Visual\NCKH\nckh2\products\fe\model\Dataset_Flood\medium\nguoi-dan-di-chuyen-bang-do-1726905142020203369784.webp,medium,1,high,0.6074426174163818,77.40239999839105,0.2638392448425293,"[0.044883083552122116, 0.34360337257385254, 0.6074426174163818, 0.004070991650223732]",high,0.6074429750442505,83.83370000228751,0.2638399302959442,"[0.04488297179341316, 0.3436030447483063, 0.6074429750442505, 0.0040709939785301685]",high,0.6074413657188416,45.40640000777785,0.2638368308544159,"[0.044883087277412415, 0.34360453486442566, 0.6074413657188416, 0.004070986993610859]"
E:\RHNA\1Visual\NCKH\nckh2\products\fe\model\Dataset_Flood\medium\807659213_1065873136196298_5615785750511825525_n.jpg,medium,1,medium,0.5295999050140381,56.29920000501443,0.138909250497818,"[0.3906906545162201, 0.5295999050140381, 0.014281283132731915, 0.06542817503213882]",medium,0.529599666595459,23.632800002815202,0.13890907168388367,"[0.3906905949115753, 0.529599666595459, 0.014281327836215496, 0.06542845815420151]",medium,0.5296005606651306,42.14600000705104,0.1389104127883911,"[0.3906901478767395, 0.5296005606651306, 0.014281319454312325, 0.06542801856994629]"
E:\RHNA\1Visual\NCKH\nckh2\products\fe\model\Dataset_Flood\medium\images - 2025-01-28T152117.659.jpg,medium,1,low,0.4352298676967621,84.08549999876413,0.09737706184387207,"[0.4352298676967621, 0.33785280585289, 0.20700179040431976, 0.019915536046028137]",low,0.43522965908050537,30.065999992075376,0.09737655520439148,"[0.43522965908050537, 0.3378531038761139, 0.20700158178806305, 0.019915573298931122]",low,0.43522849678993225,55.414799993741326,0.09737539291381836,"[0.43522849678993225, 0.3378531038761139, 0.20700287818908691, 0.01991555653512478]"
E:\RHNA\1Visual\NCKH\nckh2\products\fe\model\Dataset_Flood\medium\images - 2025-01-28T154106.043.jpg,medium,1,low,0.8257629871368408,90.10159999888856,0.7438258528709412,"[0.8257629871368408, 0.072320356965065, 0.0199794489890337, 0.08193715661764145]",low,0.8257630467414856,25.8561000082409,0.7438259124755859,"[0.8257630467414856, 0.07232043147087097, 0.019979501143097878, 0.08193710446357727]",low,0.8257623910903931,52.80260001018178,0.7438250184059143,"[0.8257623910903931, 0.0723206177353859, 0.019979562610387802, 0.08193735778331757]"
E:\RHNA\1Visual\NCKH\nckh2\products\fe\model\Dataset_Flood\medium\hoi_an_ngap_lut_tro_lai_nguoi_dan_lo_chay_lu_lan_2_.webp,medium,1,medium,0.7774515151977539,67.56650000170339,0.6675968170166016,"[0.10985469073057175, 0.7774515151977539, 0.10588950663805008, 0.006804204545915127]",medium,0.7774522304534912,27.466900006402284,0.667598307132721,"[0.10985391587018967, 0.7774522304534912, 0.10588966310024261, 0.006804158911108971]",medium,0.7774520516395569,64.47800000023562,0.6675976514816284,"[0.10985438525676727, 0.7774520516395569, 0.10588947683572769, 0.006804150063544512]"
E:\RHNA\1Visual\NCKH\nckh2\products\fe\model\Dataset_Flood\medium\images (35).jpg,medium,1,medium,0.6254028677940369,244.37109999416862,0.3471132516860962,"[0.2782896161079407, 0.6254028677940369, 0.09353341162204742, 0.002774094231426716]",medium,0.6254028081893921,22.83760000136681,0.3471132218837738,"[0.2782895863056183, 0.6254028081893921, 0.0935334786772728, 0.0027741100639104843]",medium,0.6254021525382996,39.41919999488164,0.347112238407135,"[0.27828991413116455, 0.6254021525382996, 0.09353387355804443, 0.0027740958612412214]"
E:\RHNA\1Visual\NCKH\nckh2\products\fe\model\Dataset_Flood\medium\noise4.jpg,medium,1,medium,0.7453607320785522,53.94240000168793,0.5712728500366211,"[0.07883233577013016, 0.7453607320785522, 0.17408788204193115, 0.0017190133221447468]",medium,0.745360791683197,23.27059999515768,0.5712729096412659,"[0.07883234322071075, 0.745360791683197, 0.17408786714076996, 0.0017190176295116544]",medium,0.7453610301017761,31.97349999391008,0.5712733268737793,"[0.0788322240114212, 0.7453610301017761, 0.17408770322799683, 0.0017190147191286087]"
E:\RHNA\1Visual\NCKH\nckh2\products\fe\model\Dataset_Flood\medium\다운로드 (11) 1.jpg,medium,1,medium,0.5449395179748535,59.69560000812635,0.24501833319664001,"[0.2999211847782135, 0.5449395179748535, 0.14939092099666595, 0.005748352035880089]",medium,0.5449379682540894,20.709500007797033,0.24501603841781616,"[0.2999219298362732, 0.5449379682540894, 0.14939171075820923, 0.005748406518250704]",medium,0.5449398756027222,41.30779999832157,0.24501919746398926,"[0.2999206781387329, 0.5449398756027222, 0.14939096570014954, 0.005748389288783073]"
E:\RHNA\1Visual\NCKH\nckh2\products\fe\model\Dataset_Flood\medium\images (27).jpg,medium,1,medium,0.6893449425697327,54.49909999151714,0.5165650248527527,"[0.17277993261814117, 0.6893449425697327, 0.1355806142091751, 0.002294508507475257]",medium,0.6893448829650879,26.114299995242618,0.5165652632713318,"[0.1727796047925949, 0.6893448829650879, 0.13558098673820496, 0.0022945126984268427]",medium,0.6893448233604431,36.38419999333564,0.5165650844573975,"[0.17277970910072327, 0.6893448233604431, 0.13558100163936615, 0.0022945189848542213]"
E:\RHNA\1Visual\NCKH\nckh2\products\fe\model\Dataset_Flood\medium\image_0294.jpg,medium,1,medium,0.5128499865531921,57.3413999954937,0.07584238052368164,"[0.044603381305933, 0.5128499865531921, 0.4370076060295105, 0.0055389697663486]",medium,0.5128500461578369,20.429999989573844,0.07584241032600403,"[0.04460333287715912, 0.5128500461578369, 0.4370076358318329, 0.00553899398073554]",medium,0.5128499269485474,34.83929998765234,0.07584202289581299,"[0.044603269547224045, 0.5128499269485474, 0.4370079040527344, 0.005538953002542257]"
E:\RHNA\1Visual\NCKH\nckh2\products\fe\model\Dataset_Flood\medium\images (85).jpg,medium,1,medium,0.5781167149543762,50.43429999204818,0.30276909470558167,"[0.27534762024879456, 0.5781167149543762, 0.12742984294891357, 0.019105730578303337]",medium,0.5781165957450867,23.837200002162717,0.3027689754962921,"[0.27534762024879456, 0.5781165957450867, 0.12743009626865387, 0.019105741754174232]",medium,0.578117311000824,36.441799995373,0.3027705252170563,"[0.2753467857837677, 0.578117311000824, 0.12743023037910461, 0.019105618819594383]"
E:\RHNA\1Visual\NCKH\nckh2\products\fe\model\Dataset_Flood\medium\image_251.png,medium,1,high,0.48912277817726135,72.81809998676181,0.16329681873321533,"[0.325825959444046, 0.1517014503479004, 0.48912277817726135, 0.03334977477788925]",high,0.48912402987480164,21.953899995423853,0.16329950094223022,"[0.3258245289325714, 0.15170162916183472, 0.48912402987480164, 0.033349860459566116]",high,0.489121675491333,31.141900006332435,0.16329485177993774,"[0.32582682371139526, 0.15170152485370636, 0.489121675491333, 0.03334993124008179]"
E:\RHNA\1Visual\NCKH\nckh2\products\fe\model\Dataset_Flood\medium\AKR20200101044751104_09_i.jpg,medium,1,medium,0.730274498462677,61.441300000296906,0.6166357398033142,"[0.10546758770942688, 0.730274498462677, 0.11363878101110458, 0.05061911419034004]",medium,0.730274498462677,20.678400003816932,0.6166356205940247,"[0.10546725243330002, 0.730274498462677, 0.11363889276981354, 0.05061937868595123]",medium,0.7302743792533875,34.30310000840109,0.6166351437568665,"[0.10546740144491196, 0.7302743792533875, 0.1136392131447792, 0.05061895772814751]"
E:\RHNA\1Visual\NCKH\nckh2\products\fe\model\Dataset_Flood\medium\images (41).jpg,medium,1,medium,0.5687758922576904,61.014700011583045,0.2713114619255066,"[0.12494542449712753, 0.5687758922576904, 0.29746443033218384, 0.008814213797450066]",medium,0.5687758922576904,24.876600000425242,0.27131158113479614,"[0.12494554370641708, 0.5687758922576904, 0.2974643111228943, 0.008814247325062752]",medium,0.5687772035598755,45.68209999706596,0.2713143229484558,"[0.12494568526744843, 0.5687772035598755, 0.2974628806114197, 0.008814279921352863]"
E:\RHNA\1Visual\NCKH\nckh2\products\fe\model\Dataset_Flood\medium\image_012.jpg,medium,1,medium,0.776921272277832,50.458900004741736,0.5895605683326721,"[0.03553825989365578, 0.776921272277832, 0.1873607188463211, 0.0001798137091100216]",medium,0.7769206166267395,28.816999998525716,0.5895590782165527,"[0.035538025200366974, 0.7769206166267395, 0.18736152350902557, 0.00017981303972192109]",medium,0.776921272277832,40.64760000619572,0.5895603895187378,"[0.03553804010152817, 0.776921272277832, 0.18736086785793304, 0.0001798133598640561]"
E:\RHNA\1Visual\NCKH\nckh2\products\fe\model\Dataset_Flood\medium\images (26).jpg,medium,1,non_flood,0.7514512538909912,59.2527999979211,0.5897963047027588,"[0.16165491938591003, 0.08511968702077866, 0.0017741852207109332, 0.7514512538909912]",non_flood,0.7514508366584778,25.00579999468755,0.5897956490516663,"[0.16165517270565033, 0.08511973917484283, 0.0017741868505254388, 0.7514508366584778]",non_flood,0.751450777053833,40.96499999286607,0.5897955298423767,"[0.1616552621126175, 0.08511979132890701, 0.001774190692231059, 0.751450777053833]"
E:\RHNA\1Visual\NCKH\nckh2\products\fe\model\Dataset_Flood\medium\images - 2025-01-28T155421.285.jpg,medium,1,medium,0.5538396239280701,63.345200003823265,0.1707857847213745,"[0.38305383920669556, 0.5538396239280701, 0.055254604667425156, 0.00785183534026146]",medium,0.5538394451141357,27.048300005844794,0.17078560590744019,"[0.38305383920669556, 0.5538394451141357, 0.055254820734262466, 0.007851874455809593]",medium,0.553839385509491,46.91600000660401,0.1707853376865387,"[0.38305404782295227, 0.553839385509491, 0.05525466799736023, 0.007851868867874146]"
E:\RHNA\1Visual\NCKH\nckh2\products\fe\model\Dataset_Flood\medium\images - 2025-01-28T154314.514.jpg,medium,1,low,0.8087658286094666,59.78239999967627,0.667802095413208,"[0.8087658286094666, 0.14096374809741974, 0.015297875739634037, 0.034972552210092545]",low,0.8087655901908875,22.55670000158716,0.6678017377853394,"[0.8087655901908875, 0.1409638375043869, 0.015297922305762768, 0.03497263416647911]",low,0.8087648749351501,43.19150000810623,0.6678003668785095,"[0.8087648749351501, 0.14096450805664062, 0.015298073180019855, 0.034972529858350754]"
E:\RHNA\1Visual\NCKH\nckh2\products\fe\model\Dataset_Flood\medium\chay-lu-3-21413569-1730073550943-1730073551814934630676.jpg,medium,1,medium,0.761160135269165,63.51459999859799,0.6593444347381592,"[0.06478022783994675, 0.761160135269165, 0.10181570053100586, 0.07224398851394653]",medium,0.761159360408783,28.567200002726167,0.6593431830406189,"[0.06478022038936615, 0.761159360408783, 0.10181616246700287, 0.07224423438310623]",medium,0.761160135269165,37.36610000487417,0.6593445539474487,"[0.06478016823530197, 0.761160135269165, 0.10181555151939392, 0.07224421203136444]"
E:\RHNA\1Visual\NCKH\nckh2\products\fe\model\Dataset_Flood\medium\images - 2025-01-28T185102.902.jpg,medium,1,low,0.6836978197097778,65.33049998688512,0.4844808578491211,"[0.6836978197097778, 0.09948292374610901, 0.017602335661649704, 0.19921694695949554]",low,0.6836962103843689,25.27550001104828,0.4844776391983032,"[0.6836962103843689, 0.09948279708623886, 0.01760239154100418, 0.19921857118606567]",low,0.6836957931518555,39.423900001565926,0.48447689414024353,"[0.6836957931518555, 0.0994829386472702, 0.01760242134332657, 0.19921889901161194]"
E:\RHNA\1Visual\NCKH\nckh2\products\fe\model\Dataset_Flood\medium\3_ngoai_giao_doan1.webp,medium,1,medium,0.8523168563842773,54.48500000056811,0.7207646369934082,"[0.015541505999863148, 0.8523168563842773, 0.13155221939086914, 0.0005895147332921624]",medium,0.8523162603378296,19.400399993173778,0.7207635641098022,"[0.015541531145572662, 0.8523162603378296, 0.13155266642570496, 0.0005895171198062599]",medium,0.8523170351982117,42.13119999621995,0.7207650542259216,"[0.015541499480605125, 0.8523170351982117, 0.13155199587345123, 0.0005895165377296507]"
E:\RHNA\1Visual\NCKH\nckh2\products\fe\model\Dataset_Flood\medium\다운로드 (14).jpg,medium,1,medium,0.6112441420555115,63.157199998386204,0.2964905798435211,"[0.06950108706951141, 0.6112441420555115, 0.31475356221199036, 0.004501243121922016]",medium,0.6112439632415771,23.628199996892363,0.296490341424942,"[0.06950122117996216, 0.6112439632415771, 0.31475362181663513, 0.004501239862293005]",medium,0.611244261264801,34.745099997962825,0.2964908182621002,"[0.06950106471776962, 0.611244261264801, 0.3147534430027008, 0.004501244053244591]"
E:\RHNA\1Visual\NCKH\nckh2\products\fe\model\Dataset_Flood\medium\img14.jpg,medium,1,high,0.4384787976741791,219.20419999514706,0.032443463802337646,"[0.15189337730407715, 0.40603533387184143, 0.4384787976741791, 0.0035924785770475864]",high,0.43847864866256714,50.3830000088783,0.032442688941955566,"[0.15189293026924133, 0.4060359597206116, 0.43847864866256714, 0.0035924857947975397]",high,0.4384794235229492,38.59240000019781,0.03244420886039734,"[0.15189282596111298, 0.4060352146625519, 0.4384794235229492, 0.0035924697294831276]"
E:\RHNA\1Visual\NCKH\nckh2\products\fe\model\Dataset_Flood\medium\cd3a096a-084a-49d7-8d1f-345c16612ce9.jpg.webp,medium,1,high,0.5806019306182861,64.74819999129977,0.18767255544662476,"[0.023458033800125122, 0.3929293751716614, 0.5806019306182861, 0.003010692773386836]",high,0.5806009769439697,20.9818000002997,0.1876707375049591,"[0.023458097130060196, 0.3929302394390106, 0.5806009769439697, 0.003010702086612582]",high,0.5806006193161011,42.535300002782606,0.18766996264457703,"[0.023458033800125122, 0.39293065667152405, 0.5806006193161011, 0.0030106946360319853]"
E:\RHNA\1Visual\NCKH\nckh2\products\fe\model\Dataset_Flood\medium\flood_6358.jpg,medium,1,medium,0.7839630246162415,52.05139999452513,0.5997120141983032,"[0.18425099551677704, 0.7839630246162415, 0.02965668961405754, 0.0021292578894644976]",medium,0.783963680267334,18.86430000013206,0.5997132062911987,"[0.18425048887729645, 0.783963680267334, 0.02965661510825157, 0.0021292525343596935]",medium,0.7839637398719788,43.229600007180125,0.5997134447097778,"[0.18425028026103973, 0.7839637398719788, 0.02965678460896015, 0.0021292371675372124]"
E:\RHNA\1Visual\NCKH\nckh2\products\fe\model\Dataset_Flood\medium\image_0428.jpg,medium,1,medium,0.699830949306488,63.47150000510737,0.47778964042663574,"[0.2220413237810135, 0.699830949306488, 0.07428482919931412, 0.003842873265966773]",medium,0.6998318433761597,19.982099998742342,0.47779136896133423,"[0.22204045951366425, 0.6998318433761597, 0.0742848664522171, 0.003842859761789441]",medium,0.6998319625854492,47.92539999471046,0.477791965007782,"[0.22204001247882843, 0.6998319625854492, 0.07428515702486038, 0.00384283484891057]"
E:\RHNA\1Visual\NCKH\nckh2\products\fe\model\Dataset_Flood\medium\images (23).jpg,medium,1,medium,0.5466626882553101,57.978800003184006,0.24517706036567688,"[0.3014856278896332, 0.5466626882553101, 0.14442992210388184, 0.007421817630529404]",medium,0.5466626882553101,23.012899997411296,0.24517682194709778,"[0.3014858663082123, 0.5466626882553101, 0.14442968368530273, 0.007421810179948807]",medium,0.5466621518135071,42.80239999934565,0.24517661333084106,"[0.301485538482666, 0.5466621518135071, 0.144430473446846, 0.007421824149787426]"
E:\RHNA\1Visual\NCKH\nckh2\products\fe\model\Dataset_Flood\medium\img12.jpg,medium,1,medium,0.5416893362998962,81.66539999365341,0.20256122946739197,"[0.3391281068325043, 0.5416893362998962, 0.1165827214717865, 0.002599857049062848]",medium,0.5416889190673828,21.348700000089593,0.20256072282791138,"[0.33912819623947144, 0.5416889190673828, 0.11658293008804321, 0.002599867293611169]",medium,0.5416893362998962,39.01680000126362,0.2025620937347412,"[0.33912724256515503, 0.5416893362998962, 0.11658353358507156, 0.002599854487925768]"
E:\RHNA\1Visual\NCKH\nckh2\products\fe\model\Dataset_Flood\medium\image_242.jpg,medium,1,medium,0.7599272131919861,60.80390000715852,0.5492695569992065,"[0.028641434386372566, 0.7599272131919861, 0.21065767109394073, 0.0007736438419669867]",medium,0.7599269151687622,23.37480000278447,0.5492687821388245,"[0.028641341254115105, 0.7599269151687622, 0.21065813302993774, 0.0007736405823379755]",medium,0.7599273324012756,31.125000008614734,0.5492695569992065,"[0.028641333803534508, 0.7599273324012756, 0.2106577605009079, 0.0007736465195193887]"
E:\RHNA\1Visual\NCKH\nckh2\products\fe\model\Dataset_Flood\medium\Mua-Lu-00.jpg,medium,1,medium,0.9093316197395325,64.82150001102127,0.8530600666999817,"[0.05627153813838959, 0.9093316197395325, 0.030132431536912918, 0.00426449254155159]",medium,0.9093316197395325,28.623499994864687,0.8530603051185608,"[0.05627132207155228, 0.9093316197395325, 0.0301325935870409, 0.004264472052454948]",medium,0.909331738948822,43.4353999880841,0.8530603051185608,"[0.056271422654390335, 0.909331738948822, 0.030132390558719635, 0.0042645130306482315]"
E:\RHNA\1Visual\NCKH\nckh2\products\fe\model\Dataset_Flood\medium\AA.34456276.1.jpg,medium,1,medium,0.47559648752212524,53.413200002978556,0.1867595911026001,"[0.10704462975263596, 0.47559648752212524, 0.28883689641952515, 0.12852194905281067]",medium,0.4755951464176178,21.345200002542697,0.18675711750984192,"[0.10704455524682999, 0.4755951464176178, 0.2888380289077759, 0.12852227687835693]",medium,0.47559666633605957,44.853300001705065,0.18675994873046875,"[0.10704481601715088, 0.47559666633605957, 0.2888367176055908, 0.12852182984352112]"
E:\RHNA\1Visual\NCKH\nckh2\products\fe\model\Dataset_Flood\medium\mien-trung-mua-lu-bao-so-13-kalmaegi-14062802.jpg,medium,1,medium,0.9806392788887024,64.47240000125021,0.9709038734436035,"[0.009125929325819016, 0.9806392788887024, 0.009735397063195705, 0.0004994483897462487]",medium,0.9806392788887024,27.646200003800914,0.9709038734436035,"[0.009125933982431889, 0.9806392788887024, 0.009735419414937496, 0.0004994524642825127]",medium,0.9806392788887024,36.65969999565277,0.9709039330482483,"[0.009125906974077225, 0.9806392788887024, 0.00973537378013134, 0.0004994472255930305]"
E:\RHNA\1Visual\NCKH\nckh2\products\fe\model\Dataset_Flood\medium\images (5).jpg,medium,1,medium,0.6191822290420532,58.953800005838275,0.3577326238155365,"[0.2614496052265167, 0.6191822290420532, 0.11699894070625305, 0.0023692946415394545]",medium,0.6191818714141846,25.488300001597963,0.35773205757141113,"[0.26144981384277344, 0.6191818714141846, 0.11699902266263962, 0.0023693067487329245]",medium,0.6191823482513428,58.59570000029635,0.35773253440856934,"[0.26144981384277344, 0.6191823482513428, 0.116998590528965, 0.002369288122281432]"
E:\RHNA\1Visual\NCKH\nckh2\products\fe\model\Dataset_Flood\high\flood_208.jpg,high,2,high,0.5818613767623901,65.1505999994697,0.3941006064414978,"[0.09228133410215378, 0.13809651136398315, 0.5818613767623901, 0.18776078522205353]",high,0.5818616151809692,23.08999998786021,0.3941006660461426,"[0.09228098392486572, 0.13809648156166077, 0.5818616151809692, 0.18776093423366547]",high,0.5818608999252319,45.286200009286404,0.3940998315811157,"[0.09228138625621796, 0.1380966156721115, 0.5818608999252319, 0.1877610832452774]"
E:\RHNA\1Visual\NCKH\nckh2\products\fe\model\Dataset_Flood\high\img31.webp,high,2,high,0.8077839612960815,297.7701999916462,0.6621633768081665,"[0.03876303508877754, 0.14562061429023743, 0.8077839612960815, 0.007832364179193974]",high,0.8077841997146606,39.301199998590164,0.6621637344360352,"[0.0387628972530365, 0.14562049508094788, 0.8077841997146606, 0.007832366973161697]",high,0.8077834844589233,45.45059999509249,0.6621624827384949,"[0.038763079792261124, 0.14562098681926727, 0.8077834844589233, 0.007832419127225876]"
E:\RHNA\1Visual\NCKH\nckh2\products\fe\model\Dataset_Flood\high\184fe5688cfd2ba372ec-1725976227.jpg,high,2,high,0.9048367738723755,70.33630000660196,0.8142814040184021,"[0.003769304370507598, 0.0905553475022316, 0.9048367738723755, 0.00083859235746786]",high,0.9048364758491516,28.90299999853596,0.8142809867858887,"[0.0037693323101848364, 0.09055551141500473, 0.9048364758491516, 0.0008385976543650031]",high,0.9048365950584412,41.67520000191871,0.8142811059951782,"[0.0037693073973059654, 0.09055551886558533, 0.9048365950584412, 0.0008385925902985036]"
E:\RHNA\1Visual\NCKH\nckh2\products\fe\model\Dataset_Flood\high\images (22).jpg,high,2,low,0.3496856689453125,66.03110001015011,0.028727710247039795,"[0.3496856689453125, 0.20965410768985748, 0.3209579586982727, 0.11970221996307373]",low,0.3496858477592468,27.850699989357963,0.028728187084197998,"[0.3496858477592468, 0.2096538543701172, 0.32095766067504883, 0.11970263719558716]",low,0.3496849536895752,45.27979998965748,0.02872622013092041,"[0.3496849536895752, 0.2096540927886963, 0.3209587335586548, 0.11970210820436478]"
E:\RHNA\1Visual\NCKH\nckh2\products\fe\model\Dataset_Flood\high\nha-diva-my-linh-cach-tam-lut-lich-su-40km-bi-ngap-nang-co-len-thuong-qua-thai-nguyen-oi-_9_5_n-1759912630-809-width780height971.jpg,high,2,high,0.8288694620132446,81.75409999967087,0.6697919368743896,"[0.00844242237508297, 0.15907752513885498, 0.8288694620132446, 0.0036105590406805277]",high,0.8288694620132446,33.33639999618754,0.6697918772697449,"[0.008442406542599201, 0.15907756984233856, 0.8288694620132446, 0.003610552055761218]",high,0.8288701772689819,143.96289999422152,0.6697932481765747,"[0.008442346006631851, 0.15907689929008484, 0.8288701772689819, 0.0036105408798903227]"
E:\RHNA\1Visual\NCKH\nckh2\products\fe\model\Dataset_Flood\high\Mua-Lu-1.jpg,high,2,high,0.6643226742744446,71.02000000304542,0.40671300888061523,"[0.05044360086321831, 0.25760966539382935, 0.6643226742744446, 0.027624020352959633]",high,0.6643235087394714,20.722900007967837,0.40671437978744507,"[0.0504433736205101, 0.25760912895202637, 0.6643235087394714, 0.027624068781733513]",high,0.6643227338790894,39.24469999037683,0.40671297907829285,"[0.05044348165392876, 0.2576097548007965, 0.6643227338790894, 0.027624065056443214]"
E:\RHNA\1Visual\NCKH\nckh2\products\fe\model\Dataset_Flood\high\image_108.jpg,high,2,high,0.8088253736495972,55.55520000052638,0.6236433982849121,"[0.005567108280956745, 0.18518200516700745, 0.8088253736495972, 0.0004254940140526742]",high,0.8088254928588867,26.509300005272962,0.6236435770988464,"[0.005567111540585756, 0.1851819008588791, 0.8088254928588867, 0.0004254934610798955]",high,0.8088255524635315,37.237199998344295,0.623643696308136,"[0.005567103624343872, 0.1851818561553955, 0.8088255524635315, 0.000425495469244197]"
E:\RHNA\1Visual\NCKH\nckh2\products\fe\model\Dataset_Flood\high\img96.jpg,high,2,high,0.9645088911056519,52.257100003771484,0.9343801736831665,"[0.0026019730139523745, 0.030128687620162964, 0.9645088911056519, 0.0027603639755398035]",high,0.9645088911056519,33.254000009037554,0.9343802332878113,"[0.0026019681245088577, 0.030128659680485725, 0.9645088911056519, 0.0027603560592979193]",high,0.9645088911056519,30.938600000808947,0.9343801736831665,"[0.0026019755750894547, 0.030128702521324158, 0.9645088911056519, 0.0027603774797171354]"
E:\RHNA\1Visual\NCKH\nckh2\products\fe\model\Dataset_Flood\high\a81349fcba3a042928236465e17d5847.jpg,high,2,medium,0.6420641541481018,58.42820000543725,0.3080812692642212,"[0.023260176181793213, 0.6420641541481018, 0.3339828848838806, 0.0006927754729986191]",medium,0.6420639157295227,22.409800003515556,0.308080792427063,"[0.023260168731212616, 0.6420639157295227, 0.3339831233024597, 0.0006927779177203774]",medium,0.6420646905899048,42.871800003922544,0.3080821931362152,"[0.023260043933987617, 0.6420646905899048, 0.3339824974536896, 0.0006927700596861541]"
E:\RHNA\1Visual\NCKH\nckh2\products\fe\model\Dataset_Flood\high\img25.jpg,high,2,medium,0.7412563562393188,74.96230000106152,0.508950412273407,"[0.025835882872343063, 0.7412563562393188, 0.23230595886707306, 0.0006017684354446828]",medium,0.7412559986114502,26.987000004737638,0.5089497566223145,"[0.0258359145373106, 0.7412559986114502, 0.23230627179145813, 0.0006017736159265041]",medium,0.7412557005882263,41.2036000052467,0.5089492201805115,"[0.02583598718047142, 0.7412557005882263, 0.23230649530887604, 0.0006017741397954524]"
E:\RHNA\1Visual\NCKH\nckh2\products\fe\model\Dataset_Flood\high\ngap_2_0.webp,high,2,high,0.7026132941246033,79.53899999847636,0.4752865433692932,"[0.023723876103758812, 0.0463360957801342, 0.7026132941246033, 0.22732675075531006]",high,0.7026126980781555,24.86279999720864,0.47528547048568726,"[0.023723969236016273, 0.04633616656064987, 0.7026126980781555, 0.22732721269130707]",high,0.7026141881942749,46.27999999502208,0.4752882421016693,"[0.02372385933995247, 0.04633595421910286, 0.7026141881942749, 0.2273259460926056]"
E:\RHNA\1Visual\NCKH\nckh2\products\fe\model\Dataset_Flood\high\flood_5032.jpg,high,2,high,0.7971948385238647,231.51090000465047,0.603954553604126,"[0.009051595814526081, 0.19324027001857758, 0.7971948385238647, 0.0005132493679411709]",high,0.7971952557563782,36.73930000513792,0.6039552688598633,"[0.009051552973687649, 0.1932399570941925, 0.7971952557563782, 0.0005132454680278897]",high,0.7971952557563782,36.6344000067329,0.6039552092552185,"[0.009051558561623096, 0.19324004650115967, 0.7971952557563782, 0.000513245293404907]"
E:\RHNA\1Visual\NCKH\nckh2\products\fe\model\Dataset_Flood\high\img48.webp,high,2,non_flood,0.40885457396507263,56.917099995189346,0.03670555353164673,"[0.06760361045598984, 0.15139277279376984, 0.3721490204334259, 0.40885457396507263]",non_flood,0.4088551104068756,18.909599995822646,0.03670632839202881,"[0.06760358810424805, 0.15139248967170715, 0.3721487820148468, 0.4088551104068756]",non_flood,0.40885674953460693,38.824599992949516,0.03670915961265564,"[0.06760347634553909, 0.15139217674732208, 0.3721475899219513, 0.40885674953460693]"
"E:\RHNA\1Visual\NCKH\nckh2\products\fe\model\Dataset_Flood\high\huracán Sandy 26-10-12, Santo Domingo.jpg",high,2,high,0.9557167887687683,74.55220000701956,0.9285396933555603,"[0.002540883608162403, 0.014565312303602695, 0.9557167887687683, 0.02717708609998226]",high,0.9557164311408997,18.54289999755565,0.9285391569137573,"[0.002540897112339735, 0.014565369114279747, 0.9557164311408997, 0.027177289128303528]",high,0.9557168483734131,36.924400003044866,0.9285398721694946,"[0.0025408815126866102, 0.014565285295248032, 0.9557168483734131, 0.0271769892424345]"
E:\RHNA\1Visual\NCKH\nckh2\products\fe\model\Dataset_Flood\high\Flooded-Home-Car.jpg,high,2,medium,0.597099781036377,81.8479000008665,0.2568414509296417,"[0.05600002408027649, 0.597099781036377, 0.34025833010673523, 0.006641832645982504]",medium,0.5971003770828247,156.84359999431763,0.25684261322021484,"[0.05600006505846977, 0.5971003770828247, 0.34025776386260986, 0.006641810759902]",medium,0.5971006155014038,56.326999998418614,0.25684306025505066,"[0.05600003898143768, 0.5971006155014038, 0.34025755524635315, 0.006641825661063194]"
E:\RHNA\1Visual\NCKH\nckh2\products\fe\model\Dataset_Flood\high\img.webp,high,2,medium,0.562434732913971,72.33959999575745,0.2955380380153656,"[0.16525419056415558, 0.562434732913971, 0.26689669489860535, 0.00541435182094574]",medium,0.5624350309371948,25.945000001229346,0.2955390512943268,"[0.165254607796669, 0.5624350309371948, 0.26689597964286804, 0.0054144118912518024]",medium,0.5624359250068665,42.724899991299026,0.29553931951522827,"[0.1652531772851944, 0.5624359250068665, 0.2668966054916382, 0.005414322018623352]"
E:\RHNA\1Visual\NCKH\nckh2\products\fe\model\Dataset_Flood\high\flood_157.jpg,high,2,high,0.5283073782920837,61.92779999400955,0.14084750413894653,"[0.07733894884586334, 0.3874598741531372, 0.5283073782920837, 0.006893815007060766]",high,0.5283076763153076,25.843700001132675,0.14084801077842712,"[0.0773388221859932, 0.3874596655368805, 0.5283076763153076, 0.006893795914947987]",high,0.5283075571060181,35.14940000604838,0.1408478319644928,"[0.07733894884586334, 0.38745972514152527, 0.5283075571060181, 0.006893826648592949]"
E:\RHNA\1Visual\NCKH\nckh2\products\fe\model\Dataset_Flood\high\images (10).jpg,high,2,high,0.7433528900146484,60.797500002081506,0.6199122071266174,"[0.039390698075294495, 0.123440682888031, 0.7433528900146484, 0.09381566941738129]",high,0.7433537244796753,32.55170000193175,0.6199133992195129,"[0.039390575140714645, 0.12344030290842056, 0.7433537244796753, 0.0938154011964798]",high,0.743353545665741,41.63979999430012,0.6199131011962891,"[0.039390578866004944, 0.1234404593706131, 0.743353545665741, 0.09381541609764099]"
E:\RHNA\1Visual\NCKH\nckh2\products\fe\model\Dataset_Flood\high\OIP (32).webp,high,2,high,0.4463285803794861,64.44879999617115,0.0967332124710083,"[0.20093123614788055, 0.3495953679084778, 0.4463285803794861, 0.00314484816044569]",high,0.44632819294929504,21.312099997885525,0.09673306345939636,"[0.2009318768978119, 0.3495951294898987, 0.44632819294929504, 0.003144875168800354]",high,0.44632866978645325,45.01149999850895,0.09673315286636353,"[0.20093098282814026, 0.3495955169200897, 0.44632866978645325, 0.0031448560766875744]"
E:\RHNA\1Visual\NCKH\nckh2\products\fe\model\Dataset_Flood\high\flood_177.jpg,high,2,high,0.7103769183158875,73.48790000833105,0.5065015554428101,"[0.07916895300149918, 0.203875333070755, 0.7103769183158875, 0.006578783970326185]",high,0.7103773951530457,20.080699992831796,0.5065024495124817,"[0.07916885614395142, 0.20387493073940277, 0.7103773951530457, 0.006578776054084301]",high,0.7103771567344666,47.42400000395719,0.5065020322799683,"[0.07916892319917679, 0.2038751095533371, 0.7103771567344666, 0.00657876068726182]"
E:\RHNA\1Visual\NCKH\nckh2\products\fe\model\Dataset_Flood\high\57273245822796747825365592763479213825731927n-17618117613511361637837.webp,high,2,high,0.8752519488334656,51.37079999258276,0.786300539970398,"[0.006430605426430702, 0.08895138651132584, 0.8752519488334656, 0.02936607412993908]",high,0.875251829624176,27.505699996254407,0.7863003611564636,"[0.0064305951818823814, 0.0889514610171318, 0.875251829624176, 0.02936609275639057]",high,0.875252366065979,44.14280000491999,0.7863011360168457,"[0.006430568639189005, 0.0889512151479721, 0.875252366065979, 0.029365813359618187]"
E:\RHNA\1Visual\NCKH\nckh2\products\fe\model\Dataset_Flood\high\img39.jpg,high,2,high,0.9692409634590149,58.07189999904949,0.9464733004570007,"[0.004529053810983896, 0.02276763506233692, 0.9692409634590149, 0.0034623760730028152]",high,0.9692409634590149,23.553600010927767,0.9464733600616455,"[0.004529062658548355, 0.022767623886466026, 0.9692409634590149, 0.0034623858518898487]",high,0.9692408442497253,27.16159999545198,0.9464731812477112,"[0.00452908081933856, 0.022767677903175354, 0.9692408442497253, 0.0034624100662767887]"
E:\RHNA\1Visual\NCKH\nckh2\products\fe\model\Dataset_Flood\high\img100.webp,high,2,high,0.766671895980835,61.34070000553038,0.5964915156364441,"[0.03930911421775818, 0.17018036544322968, 0.766671895980835, 0.023838557302951813]",high,0.7666716575622559,27.457000003778376,0.5964910984039307,"[0.0393090657889843, 0.170180544257164, 0.7666716575622559, 0.02383863925933838]",high,0.7666722536087036,42.01210000610445,0.596491813659668,"[0.03930886462330818, 0.17018042504787445, 0.7666722536087036, 0.023838510736823082]"
E:\RHNA\1Visual\NCKH\nckh2\products\fe\model\Dataset_Flood\high\3f5d93177388049.Y3JvcCwyMjE5LDE3MzYsMTkyLDA.jpg,high,2,high,0.9637334942817688,66.84760001371615,0.9292255640029907,"[0.0012113481061533093, 0.03450791537761688, 0.9637334942817688, 0.0005472516058944166]",high,0.9637336134910583,30.98350000800565,0.929225742816925,"[0.0012113482225686312, 0.0345078781247139, 0.9637336134910583, 0.0005472503835335374]",high,0.9637336134910583,30.905799998436123,0.9292258024215698,"[0.0012113495031371713, 0.03450780734419823, 0.9637336134910583, 0.0005472547491081059]"
E:\RHNA\1Visual\NCKH\nckh2\products\fe\model\Dataset_Flood\high\OIP (27).webp,high,2,medium,0.6339563727378845,73.81139999779407,0.34766048192977905,"[0.07584451138973236, 0.6339563727378845, 0.28629589080810547, 0.0039033270440995693]",medium,0.633956253528595,24.282700003823265,0.34766000509262085,"[0.0758441686630249, 0.633956253528595, 0.2862962484359741, 0.003903326578438282]",medium,0.6339566707611084,35.17000000283588,0.3476610481739044,"[0.07584439963102341, 0.6339566707611084, 0.286295622587204, 0.0039033254142850637]"
E:\RHNA\1Visual\NCKH\nckh2\products\fe\model\Dataset_Flood\high\kerala-floods-maruti-swift-submerged-in-water-33a9.jpg,high,2,high,0.7651965618133545,68.13250000413973,0.5566973090171814,"[0.017406858503818512, 0.2084992378950119, 0.7651965618133545, 0.008897356688976288]",high,0.7651967406272888,26.00660000462085,0.5566977262496948,"[0.01740686222910881, 0.2084989845752716, 0.7651967406272888, 0.00889738742262125]",high,0.7651959657669067,38.95820000616368,0.5566962957382202,"[0.01740698702633381, 0.2084996998310089, 0.7651959657669067, 0.008897405117750168]"
E:\RHNA\1Visual\NCKH\nckh2\products\fe\model\Dataset_Flood\high\OIP (31).webp,high,2,medium,0.529761016368866,80.80599999811966,0.15543094277381897,"[0.0914013683795929, 0.529761016368866, 0.374330073595047, 0.004507479257881641]",medium,0.5297613739967346,27.968899987172335,0.15543100237846375,"[0.09140085428953171, 0.5297613739967346, 0.3743303716182709, 0.004507454577833414]",medium,0.529761791229248,37.2642000002088,0.15543270111083984,"[0.09140170365571976, 0.529761791229248, 0.3743290901184082, 0.004507494159042835]"
E:\RHNA\1Visual\NCKH\nckh2\products\fe\model\Dataset_Flood\high\img38.jpg,high,2,medium,0.8281716704368591,267.82490000186954,0.6836376190185547,"[0.026146797463297844, 0.8281716704368591, 0.14453408122062683, 0.0011473946506157517]",medium,0.8281716704368591,36.54800000367686,0.6836376190185547,"[0.02614687569439411, 0.8281716704368591, 0.14453402161598206, 0.0011473962804302573]",medium,0.8281716108322144,44.21300000103656,0.6836373805999756,"[0.026146836578845978, 0.8281716108322144, 0.14453421533107758, 0.001147403847426176]"
E:\RHNA\1Visual\NCKH\nckh2\products\fe\model\Dataset_Flood\high\texas14n_7_web_adya.jpg,high,2,high,0.6689226031303406,80.74679999845102,0.3947924077510834,"[0.042872555553913116, 0.2741301953792572, 0.6689226031303406, 0.014074576087296009]",high,0.6689222455024719,26.97779999289196,0.39479172229766846,"[0.04287261143326759, 0.27413052320480347, 0.6689222455024719, 0.014074631966650486]",high,0.6689215302467346,35.52970000600908,0.39479053020477295,"[0.042872779071331024, 0.27413100004196167, 0.6689215302467346, 0.014074679464101791]"
E:\RHNA\1Visual\NCKH\nckh2\products\fe\model\Dataset_Flood\high\img23.jpg,high,2,medium,0.8849034905433655,74.22550000774208,0.7886184453964233,"[0.016579126939177513, 0.8849034905433655, 0.09628506004810333, 0.0022323604207485914]",medium,0.8849033713340759,21.363199994084425,0.7886181473731995,"[0.016579026356339455, 0.8849033713340759, 0.09628523141145706, 0.0022323601879179478]",medium,0.8849038481712341,48.63340000156313,0.7886191606521606,"[0.016579100862145424, 0.8849038481712341, 0.09628468006849289, 0.0022323615849018097]"
E:\RHNA\1Visual\NCKH\nckh2\products\fe\model\Dataset_Flood\high\img56.jpg,high,2,high,0.7277392745018005,73.59250000445172,0.5708169937133789,"[0.04984287917613983, 0.15692229568958282, 0.7277392745018005, 0.0654955506324768]",high,0.7277401685714722,25.71889999671839,0.5708181262016296,"[0.049842607229948044, 0.15692202746868134, 0.7277401685714722, 0.06549517810344696]",high,0.7277396321296692,48.32360000000335,0.5708175301551819,"[0.04984279349446297, 0.1569221168756485, 0.7277396321296692, 0.06549543887376785]"
E:\RHNA\1Visual\NCKH\nckh2\products\fe\model\Dataset_Flood\high\img88.webp,high,2,high,0.7482188940048218,66.25819999317173,0.5411804914474487,"[0.04415765404701233, 0.20703840255737305, 0.7482188940048218, 0.0005851134774275124]",high,0.7482188940048218,25.905199989210814,0.5411806106567383,"[0.044157736003398895, 0.2070382982492447, 0.7482188940048218, 0.0005851159803569317]",high,0.7482191324234009,48.676599995815195,0.5411809682846069,"[0.044157613068819046, 0.20703816413879395, 0.7482191324234009, 0.0005851172609254718]"
E:\RHNA\1Visual\NCKH\nckh2\products\fe\model\Dataset_Flood\high\anh-13-cuu-cu-gia-1-1500-1017-124.jpg,high,2,high,0.6453015804290771,82.97289999609347,0.38103756308555603,"[0.05030214414000511, 0.2642640173435211, 0.6453015804290771, 0.04013225808739662]",high,0.6453016996383667,30.577900004573166,0.38103753328323364,"[0.050302065908908844, 0.26426416635513306, 0.6453016996383667, 0.0401320718228817]",high,0.6453020572662354,38.65879999648314,0.38103801012039185,"[0.050301820039749146, 0.2642640471458435, 0.6453020572662354, 0.04013200104236603]"
E:\RHNA\1Visual\NCKH\nckh2\products\fe\model\Dataset_Flood\high\flood_4762.jpg,high,2,high,0.6078530550003052,64.0166999946814,0.3741018772125244,"[0.15552572906017303, 0.23375117778778076, 0.6078530550003052, 0.0028700940310955048]",high,0.607853353023529,26.713499988545664,0.3741024136543274,"[0.15552553534507751, 0.23375093936920166, 0.607853353023529, 0.0028701184783130884]",high,0.6078531742095947,57.949800000642426,0.37410223484039307,"[0.15552577376365662, 0.23375092446804047, 0.6078531742095947, 0.0028701038099825382]"
E:\RHNA\1Visual\NCKH\nckh2\products\fe\model\Dataset_Flood\high\img28.jpg,high,2,high,0.6450117826461792,358.0126000015298,0.3242056965827942,"[0.03076699934899807, 0.320806086063385, 0.6450117826461792, 0.003415046725422144]",high,0.6450119018554688,32.47439999540802,0.32420575618743896,"[0.03076694719493389, 0.3208061456680298, 0.6450119018554688, 0.003415040671825409]",high,0.6450105905532837,52.085999996052124,0.32420337200164795,"[0.03076714091002941, 0.32080721855163574, 0.6450105905532837, 0.0034150583669543266]"
E:\RHNA\1Visual\NCKH\nckh2\products\fe\model\Dataset_Flood\high\anh-nha-dan-ngap-den-noc-tai-tan-ky-1759228506727711366464.webp,high,2,high,0.5175657868385315,71.62679999601096,0.09476175904273987,"[0.05385109409689903, 0.4228040277957916, 0.5175657868385315, 0.005779052618891001]",high,0.5175663232803345,24.89840000635013,0.09476268291473389,"[0.05385099723935127, 0.4228036403656006, 0.5175663232803345, 0.005779055878520012]",high,0.5175663828849792,47.55519999889657,0.09476259350776672,"[0.05385080724954605, 0.4228037893772125, 0.5175663828849792, 0.005779006984084845]"
E:\RHNA\1Visual\NCKH\nckh2\products\fe\model\Dataset_Flood\high\img53.png,high,2,medium,0.8399792313575745,63.19980000262149,0.6962020993232727,"[0.015724100172519684, 0.8399792313575745, 0.14377711713314056, 0.0005195166449993849]",medium,0.8399787545204163,26.04280000377912,0.6962012052536011,"[0.015724215656518936, 0.8399787545204163, 0.14377754926681519, 0.0005195190315134823]",medium,0.8399790525436401,39.65910000260919,0.6962018013000488,"[0.01572412997484207, 0.8399790525436401, 0.1437772810459137, 0.0005195182166062295]"
E:\RHNA\1Visual\NCKH\nckh2\products\fe\model\Dataset_Flood\high\OIP (21).webp,high,2,high,0.5229454636573792,71.79279999400023,0.17574474215507507,"[0.1276388168334961, 0.3472007215023041, 0.5229454636573792, 0.00221507390961051]",high,0.5229458808898926,33.58940000180155,0.17574551701545715,"[0.12763874232769012, 0.3472003638744354, 0.5229458808898926, 0.0022150895092636347]",high,0.5229442119598389,53.34440000297036,0.17574304342269897,"[0.12763959169387817, 0.3472011685371399, 0.5229442119598389, 0.002215092536062002]"
E:\RHNA\1Visual\NCKH\nckh2\products\fe\model\Dataset_Flood\high\images (1).jpg,high,2,high,0.5497957468032837,86.08019999519456,0.34799182415008545,"[0.20180390775203705, 0.19012708961963654, 0.5497957468032837, 0.058273229748010635]",high,0.5497961640357971,21.728899999288842,0.34799250960350037,"[0.20180365443229675, 0.19012703001499176, 0.5497961640357971, 0.058273203670978546]",high,0.5497952103614807,41.82690000743605,0.3479909300804138,"[0.2018042802810669, 0.19012707471847534, 0.5497952103614807, 0.05827348679304123]"
E:\RHNA\1Visual\NCKH\nckh2\products\fe\model\Dataset_Flood\high\IMAGE_1655988793.webp,high,2,high,0.7048236727714539,62.17629999446217,0.4550026059150696,"[0.04391723871231079, 0.24982108175754547, 0.7048236727714539, 0.0014379244530573487]",high,0.7048237919807434,28.400700000929646,0.4550028443336487,"[0.043917279690504074, 0.24982096254825592, 0.7048237919807434, 0.0014379281783476472]",high,0.7048237323760986,50.80539999471512,0.45500272512435913,"[0.04391728341579437, 0.2498210072517395, 0.7048237323760986, 0.0014379313215613365]"
E:\RHNA\1Visual\NCKH\nckh2\products\fe\model\Dataset_Flood\high\img44.jpg,high,2,high,0.7085466384887695,60.36149999999907,0.485137939453125,"[0.018198629841208458, 0.049845945090055466, 0.7085466384887695, 0.22340871393680573]",high,0.7085472941398621,30.3286999987904,0.4851389229297638,"[0.018198542296886444, 0.04984588548541069, 0.7085472941398621, 0.22340837121009827]",high,0.7085474133491516,46.64580000098795,0.48513907194137573,"[0.01819852739572525, 0.049845803529024124, 0.7085474133491516, 0.22340832650661469]"
E:\RHNA\1Visual\NCKH\nckh2\products\fe\model\Dataset_Flood\high\OIP (40).webp,high,2,low,0.49102982878685,70.69039999623783,0.28223419189453125,"[0.49102982878685, 0.20879562199115753, 0.18243315815925598, 0.11774139106273651]",low,0.4910290241241455,26.830300004803576,0.2822328209877014,"[0.4910290241241455, 0.2087962031364441, 0.18243378400802612, 0.11774105578660965]",low,0.4910293519496918,45.54780000762548,0.2822333872318268,"[0.4910293519496918, 0.208795964717865, 0.18243369460105896, 0.11774104833602905]"
E:\RHNA\1Visual\NCKH\nckh2\products\fe\model\Dataset_Flood\high\3683595427395733579929176168177302426969453n-17000618284281562116315-17001001010301837793450-1700105792646-1700105792799297207396.jpg,high,2,high,0.889273464679718,64.55519999144599,0.8041197061538696,"[0.006018088664859533, 0.08515375852584839, 0.889273464679718, 0.019554726779460907]",high,0.8892741799354553,29.225200007203966,0.8041210174560547,"[0.0060180481523275375, 0.08515313267707825, 0.8892741799354553, 0.019554629921913147]",high,0.8892741203308105,42.67130000516772,0.8041208982467651,"[0.006018026731908321, 0.08515321463346481, 0.8892741203308105, 0.0195546243339777]"
E:\RHNA\1Visual\NCKH\nckh2\products\fe\model\Dataset_Flood\high\OIP (39).webp,high,2,low,0.4402039349079132,59.689500005333684,0.17060917615890503,"[0.4402039349079132, 0.10359140485525131, 0.2695947587490082, 0.1866099089384079]",low,0.4402034282684326,20.82930000324268,0.1706085503101349,"[0.4402034282684326, 0.10359112918376923, 0.26959487795829773, 0.1866106241941452]",low,0.4402041733264923,46.886999989510514,0.17060977220535278,"[0.4402041733264923, 0.10359115898609161, 0.2695944011211395, 0.18661032617092133]"
E:\RHNA\1Visual\NCKH\nckh2\products\fe\model\Dataset_Flood\high\1790569740867_6460767276583596373_6460767276583596373_148fba99df2beb60bd9753db9b918adb.jpg,high,2,medium,0.5326124429702759,70.62030000088271,0.27613887190818787,"[0.256473571062088, 0.5326124429702759, 0.2015843689441681, 0.009329639375209808]",medium,0.532611072063446,21.00839999911841,0.2761376202106476,"[0.25647345185279846, 0.532611072063446, 0.20158571004867554, 0.009329776279628277]",medium,0.5326119065284729,44.8132000019541,0.2761387825012207,"[0.2564731240272522, 0.5326119065284729, 0.20158527791500092, 0.00932968221604824]"
E:\RHNA\1Visual\NCKH\nckh2\products\fe\model\Dataset_Flood\high\flood_197.jpg,high,2,high,0.715091347694397,56.0232999996515,0.4453299939632416,"[0.014908659271895885, 0.2697613537311554, 0.715091347694397, 0.00023858413624111563]",high,0.7150917649269104,27.27279999817256,0.44533082842826843,"[0.01490867417305708, 0.26976093649864197, 0.7150917649269104, 0.00023858516942709684]",high,0.7150928378105164,50.581199990119785,0.4453328251838684,"[0.014908619225025177, 0.26976001262664795, 0.7150928378105164, 0.00023858554777689278]"
E:\RHNA\1Visual\NCKH\nckh2\products\fe\model\Dataset_Flood\high\image_043.jpg,high,2,medium,0.4737975299358368,56.01339999702759,0.037271469831466675,"[0.08479463309049606, 0.4737975299358368, 0.4365260601043701, 0.0048817964270710945]",medium,0.4737977385520935,28.190700002596714,0.037271738052368164,"[0.08479435741901398, 0.4737977385520935, 0.43652600049972534, 0.004881798289716244]",medium,0.47379881143569946,50.803599995560944,0.03727442026138306,"[0.08479494601488113, 0.47379881143569946, 0.4365243911743164, 0.00488180061802268]"
E:\RHNA\1Visual\NCKH\nckh2\products\fe\model\Dataset_Flood\high\Song-Lo-Ngap-Lut.jpg,high,2,high,0.7222164869308472,65.55579999985639,0.5166149139404297,"[0.01877991296350956, 0.05340199172496796, 0.7222164869308472, 0.20560158789157867]",high,0.7222170233726501,25.412700008018874,0.5166157484054565,"[0.018779810518026352, 0.053401775658130646, 0.7222170233726501, 0.205601304769516]",high,0.7222165465354919,43.661399991833605,0.5166144967079163,"[0.018779752776026726, 0.05340170860290527, 0.7222165465354919, 0.2056020349264145]"
E:\RHNA\1Visual\NCKH\nckh2\products\fe\model\Dataset_Flood\high\R (1).jpg,high,2,medium,0.7167142629623413,68.87560000177473,0.45216748118400574,"[0.017196951434016228, 0.7167142629623413, 0.26454678177833557, 0.0015419148840010166]",medium,0.7167146801948547,35.07810000155587,0.4521683156490326,"[0.017197001725435257, 0.7167146801948547, 0.26454636454582214, 0.0015419276896864176]",medium,0.7167146801948547,53.96009999094531,0.45216822624206543,"[0.01719697006046772, 0.7167146801948547, 0.2645464539527893, 0.0015419150004163384]"
E:\RHNA\1Visual\NCKH\nckh2\products\fe\model\Dataset_Flood\high\images (6).jpg,high,2,medium,0.4967042803764343,57.52270000812132,0.22561359405517578,"[0.21006815135478973, 0.4967042803764343, 0.27109068632125854, 0.022136814892292023]",medium,0.4967039227485657,22.8449999995064,0.22561365365982056,"[0.21006882190704346, 0.4967039227485657, 0.2710902690887451, 0.022137057036161423]",medium,0.4967038035392761,42.472300003282726,0.22561275959014893,"[0.2100682556629181, 0.4967038035392761, 0.2710910439491272, 0.022136835381388664]"
E:\RHNA\1Visual\NCKH\nckh2\products\fe\model\Dataset_Flood\high\flood_4856.jpg,high,2,high,0.5528197288513184,60.981200003880076,0.27783381938934326,"[0.147796630859375, 0.2749859094619751, 0.5528197288513184, 0.02439776062965393]",high,0.5528199076652527,23.743799989460967,0.27783387899398804,"[0.14779622852802277, 0.27498602867126465, 0.5528199076652527, 0.024397781118750572]",high,0.5528202056884766,43.176000006496906,0.27783435583114624,"[0.14779619872570038, 0.2749858498573303, 0.5528202056884766, 0.024397708475589752]"
E:\RHNA\1Visual\NCKH\nckh2\products\fe\model\Dataset_Flood\high\noise5.webp,high,2,high,0.9183108806610107,58.44899998919573,0.8732751607894897,"[0.005475865211337805, 0.0450357124209404, 0.9183108806610107, 0.03117763064801693]",high,0.9183110594749451,22.553000002517365,0.8732754588127136,"[0.005475837737321854, 0.045035604387521744, 0.9183110594749451, 0.031177464872598648]",high,0.9183111786842346,40.211599989561364,0.8732755184173584,"[0.005475836340337992, 0.04503564164042473, 0.9183111786842346, 0.03117739036679268]"
E:\RHNA\1Visual\NCKH\nckh2\products\fe\model\Dataset_Flood\high\images (5).jpg,high,2,medium,0.4761292636394501,58.90160000126343,0.16783708333969116,"[0.20054370164871216, 0.4761292636394501, 0.3082921802997589, 0.01503487303853035]",medium,0.47612908482551575,23.46499999111984,0.16783657670021057,"[0.2005433887243271, 0.47612908482551575, 0.3082925081253052, 0.015034953132271767]",medium,0.47612953186035156,46.21589998714626,0.16783687472343445,"[0.20054300129413605, 0.47612953186035156, 0.3082926571369171, 0.015034846030175686]"
E:\RHNA\1Visual\NCKH\nckh2\products\fe\model\Dataset_Flood\high\OIP (3).webp,high,2,high,0.9241359233856201,65.66310000198428,0.8804711699485779,"[0.006245905999094248, 0.02595343254506588, 0.9241359233856201, 0.04366477578878403]",high,0.9241355061531067,28.732100006891415,0.8804703950881958,"[0.006245926953852177, 0.0259535014629364, 0.9241355061531067, 0.0436650812625885]",high,0.9241364002227783,55.03679999674205,0.8804718852043152,"[0.006245842669159174, 0.025953296571969986, 0.9241364002227783, 0.04366450011730194]"
E:\RHNA\1Visual\NCKH\nckh2\products\fe\model\Dataset_Flood\non_flood\화면 캡처 2025-03-05 172713.jpg,non_flood,3,non_flood,0.7511900663375854,75.27060000575148,0.5157308578491211,"[0.23545919358730316, 0.011397606693208218, 0.0019531461875885725, 0.7511900663375854]",non_flood,0.751192569732666,27.709000001777895,0.5157358050346375,"[0.23545677959918976, 0.01139749214053154, 0.001953132450580597, 0.751192569732666]",non_flood,0.7511892318725586,41.75319999922067,0.5157293081283569,"[0.23545993864536285, 0.011397691443562508, 0.0019531685393303633, 0.7511892318725586]"
E:\RHNA\1Visual\NCKH\nckh2\products\fe\model\Dataset_Flood\non_flood\images (12)1.jpg,non_flood,3,non_flood,0.7843527793884277,79.98460000089835,0.5816057920455933,"[0.20274700224399567, 0.010947981849312782, 0.001952292863279581, 0.7843527793884277]",non_flood,0.7843531370162964,28.31930000684224,0.5816066265106201,"[0.20274652540683746, 0.010947976261377335, 0.0019522937946021557, 0.7843531370162964]",non_flood,0.7843525409698486,49.17850000492763,0.5816054344177246,"[0.20274709165096283, 0.01094803586602211, 0.0019523054361343384, 0.7843525409698486]"
E:\RHNA\1Visual\NCKH\nckh2\products\fe\model\Dataset_Flood\non_flood\1737619229_376_Nhieu-hem-o-TPHCM-dong-loat-khoac-ao-moi-ruc.jpg,non_flood,3,non_flood,0.9133425951004028,61.76700000651181,0.8583624362945557,"[0.027057137340307236, 0.05498015880584717, 0.004620111547410488, 0.9133425951004028]",non_flood,0.9133428931236267,22.66319999762345,0.8583629131317139,"[0.027057021856307983, 0.05498000606894493, 0.004620106890797615, 0.9133428931236267]",non_flood,0.9133434295654297,43.11089999100659,0.8583637475967407,"[0.027056870982050896, 0.054979655891656876, 0.004620071966201067, 0.9133434295654297]"
E:\RHNA\1Visual\NCKH\nckh2\products\fe\model\Dataset_Flood\non_flood\optimize.jpg,non_flood,3,non_flood,0.6556727886199951,169.59740000311285,0.40157681703567505,"[0.25409597158432007, 0.06592680513858795, 0.024304518476128578, 0.6556727886199951]",non_flood,0.6556736826896667,80.02559999295045,0.4015786945819855,"[0.2540949881076813, 0.06592670828104019, 0.0243045873939991, 0.6556736826896667]",non_flood,0.6556719541549683,34.52659999311436,0.4015756845474243,"[0.25409626960754395, 0.06592704355716705, 0.024304646998643875, 0.6556719541549683]"
E:\RHNA\1Visual\NCKH\nckh2\products\fe\model\Dataset_Flood\non_flood\화면 캡처 2025-03-05 153248.jpg,non_flood,3,non_flood,0.7842771410942078,52.85750000621192,0.5786501169204712,"[0.20562699437141418, 0.0082056550309062, 0.001890141167677939, 0.7842771410942078]",non_flood,0.7842787504196167,25.781199990888126,0.5786533355712891,"[0.20562542974948883, 0.008205671794712543, 0.0018901440780609846, 0.7842787504196167]",non_flood,0.784277081489563,38.543899994692765,0.5786499977111816,"[0.20562705397605896, 0.008205722086131573, 0.001890147221274674, 0.784277081489563]"
E:\RHNA\1Visual\NCKH\nckh2\products\fe\model\Dataset_Flood\non_flood\화면 캡처 2025-03-05 173857.jpg,non_flood,3,non_flood,0.8887723088264465,58.4275000001071,0.7897784113883972,"[0.09899391233921051, 0.011450037360191345, 0.000783795490860939, 0.8887723088264465]",non_flood,0.8887730240821838,23.873000012827106,0.789779782295227,"[0.0989932119846344, 0.011449969373643398, 0.0007837912417016923, 0.8887730240821838]",non_flood,0.8887733221054077,43.93749999871943,0.7897803783416748,"[0.09899295121431351, 0.011449955403804779, 0.0007837896118871868, 0.8887733221054077]"
E:\RHNA\1Visual\NCKH\nckh2\products\fe\model\Dataset_Flood\non_flood\다운로드 (44).jpg,non_flood,3,non_flood,0.922444224357605,56.30860000383109,0.8705468773841858,"[0.05189736187458038, 0.016628241166472435, 0.00903022475540638, 0.922444224357605]",non_flood,0.9224438071250916,31.22639999492094,0.8705463409423828,"[0.05189748480916023, 0.016628319397568703, 0.009030302986502647, 0.9224438071250916]",non_flood,0.9224438071250916,32.91779999563005,0.870546281337738,"[0.05189754441380501, 0.016628358513116837, 0.009030281566083431, 0.9224438071250916]"
E:\RHNA\1Visual\NCKH\nckh2\products\fe\model\Dataset_Flood\non_flood\화면 캡처 2025-03-05 181559.jpg,non_flood,3,non_flood,0.8651231527328491,69.28509999124799,0.8127700686454773,"[0.033732324838638306, 0.05235306918621063, 0.04879145696759224, 0.8651231527328491]",non_flood,0.8651226162910461,27.462099998956546,0.8127692937850952,"[0.03373229503631592, 0.05235333368182182, 0.04879169538617134, 0.8651226162910461]",non_flood,0.8651229739189148,53.31519999890588,0.812769889831543,"[0.033732373267412186, 0.05235305801033974, 0.048791609704494476, 0.8651229739189148]"
E:\RHNA\1Visual\NCKH\nckh2\products\fe\model\Dataset_Flood\non_flood\화면 캡처 2025-03-05 153034.jpg,non_flood,3,non_flood,0.9697787165641785,79.85130000452045,0.9429018497467041,"[0.026876870542764664, 0.002549045253545046, 0.0007953355670906603, 0.9697787165641785]",non_flood,0.9697788953781128,25.817899993853644,0.9429022073745728,"[0.026876669377088547, 0.0025490312837064266, 0.0007953311433084309, 0.9697788953781128]",non_flood,0.9697788953781128,54.611200001090765,0.9429022073745728,"[0.026876693591475487, 0.0025490422267466784, 0.0007953329477459192, 0.9697788953781128]"
E:\RHNA\1Visual\NCKH\nckh2\products\fe\model\Dataset_Flood\non_flood\1789568749035_282700609501588260_7406490438318140161_f6b1db74c9d78f9d62ae6bb1bcc6557b.jpg,non_flood,3,non_flood,0.8864282965660095,76.25460000417661,0.8404688239097595,"[0.03271564841270447, 0.03489653393626213, 0.04595949500799179, 0.8864282965660095]",non_flood,0.8864282965660095,41.79049999220297,0.8404688835144043,"[0.03271563723683357, 0.03489651530981064, 0.04595943167805672, 0.8864282965660095]",non_flood,0.8864282965660095,49.53390000446234,0.8404687643051147,"[0.03271559998393059, 0.03489646688103676, 0.04595951363444328, 0.8864282965660095]"
E:\RHNA\1Visual\NCKH\nckh2\products\fe\model\Dataset_Flood\non_flood\화면 캡처 2025-03-05 160330.jpg,non_flood,3,low,0.8345809578895569,64.98860000283457,0.7238965630531311,"[0.8345809578895569, 0.05160379782319069, 0.0031307993922382593, 0.11068437993526459]",low,0.8345790505409241,26.72829999937676,0.7238928079605103,"[0.8345790505409241, 0.05160384997725487, 0.0031308101024478674, 0.11068624258041382]",low,0.8345801830291748,38.30030000244733,0.7238948345184326,"[0.8345801830291748, 0.05160374939441681, 0.0031307756435126066, 0.11068534106016159]"
E:\RHNA\1Visual\NCKH\nckh2\products\fe\model\Dataset_Flood\non_flood\화면 캡처 2025-03-05 175602.jpg,non_flood,3,non_flood,0.9314690232276917,61.84540000685956,0.8747460842132568,"[0.05672292783856392, 0.0074501242488622665, 0.00435792189091444, 0.9314690232276917]",non_flood,0.9314687252044678,28.45070000330452,0.8747456669807434,"[0.056723084300756454, 0.007450157310813665, 0.004357960075139999, 0.9314687252044678]",non_flood,0.9314686059951782,47.28809998778161,0.8747453689575195,"[0.056723251938819885, 0.007450205739587545, 0.004357959609478712, 0.9314686059951782]"
E:\RHNA\1Visual\NCKH\nckh2\products\fe\model\Dataset_Flood\non_flood\다운로드 (10) 3.jpg,non_flood,3,non_flood,0.8872310519218445,84.7531000035815,0.7924442291259766,"[0.09478684514760971, 0.01509079709649086, 0.0028913544956594706, 0.8872310519218445]",non_flood,0.8872312307357788,27.624599999398924,0.7924445271492004,"[0.09478671103715897, 0.015090763568878174, 0.002891342621296644, 0.8872312307357788]",non_flood,0.8872304558753967,44.68950000591576,0.7924432754516602,"[0.09478720277547836, 0.015090879052877426, 0.0028913714922964573, 0.8872304558753967]"
E:\RHNA\1Visual\NCKH\nckh2\products\fe\model\Dataset_Flood\non_flood\화면 캡처 2025-03-05 175831.jpg,non_flood,3,non_flood,0.9766378402709961,82.62570000078995,0.9648928046226501,"[0.011745023541152477, 0.008525748737156391, 0.003091443097218871, 0.9766378402709961]",non_flood,0.9766378402709961,33.59410000848584,0.9648928046226501,"[0.011745023541152477, 0.008525773882865906, 0.003091454738751054, 0.9766378402709961]",non_flood,0.976637601852417,51.492600003257394,0.9648925065994263,"[0.011745105497539043, 0.008525815792381763, 0.003091462654992938, 0.976637601852417]"
E:\RHNA\1Visual\NCKH\nckh2\products\fe\model\Dataset_Flood\non_flood\화면 캡처 2025-03-05 175938.jpg,non_flood,3,non_flood,0.8898595571517944,80.91689999855589,0.8035362958908081,"[0.08632327616214752, 0.016294416040182114, 0.007522829342633486, 0.8898595571517944]",non_flood,0.8898600339889526,30.768099997658283,0.8035371899604797,"[0.08632282167673111, 0.016294345259666443, 0.007522836793214083, 0.8898600339889526]",non_flood,0.8898592591285706,57.39479999465402,0.8035358190536499,"[0.08632345497608185, 0.016294414177536964, 0.007522858213633299, 0.8898592591285706]"
E:\RHNA\1Visual\NCKH\nckh2\products\fe\model\Dataset_Flood\non_flood\화면 캡처 2025-03-05 174829.jpg,non_flood,3,non_flood,0.9630876183509827,91.86369999952149,0.9333492517471313,"[0.02973834238946438, 0.0060923220589756966, 0.001081726630218327, 0.9630876183509827]",non_flood,0.9630875587463379,32.5516000011703,0.9333491325378418,"[0.029738420620560646, 0.006092359311878681, 0.0010817322181537747, 0.9630875587463379]",non_flood,0.9630875587463379,44.92559999926016,0.9333491921424866,"[0.02973838523030281, 0.0060923355631530285, 0.0010817295406013727, 0.9630875587463379]"
E:\RHNA\1Visual\NCKH\nckh2\products\fe\model\Dataset_Flood\non_flood\화면 캡처 2025-03-05 155955.jpg,non_flood,3,low,0.8654224276542664,78.01949999702629,0.7748795747756958,"[0.8654224276542664, 0.03908240422606468, 0.004952298942953348, 0.09054285287857056]",low,0.8654220104217529,33.03000000596512,0.7748786211013794,"[0.8654220104217529, 0.03908231109380722, 0.004952311050146818, 0.09054336696863174]",low,0.8654223680496216,36.28559999924619,0.7748796939849854,"[0.8654223680496216, 0.039082739502191544, 0.004952338989824057, 0.09054266661405563]"
E:\RHNA\1Visual\NCKH\nckh2\products\fe\model\Dataset_Flood\non_flood\다운로드 (30) 3.jpg,non_flood,3,non_flood,0.8182610273361206,73.36599999689497,0.6807563304901123,"[0.1375046968460083, 0.030891552567481995, 0.01334273349493742, 0.8182610273361206]",non_flood,0.818260908126831,32.44380000978708,0.680756151676178,"[0.13750477135181427, 0.030891502276062965, 0.013342763297259808, 0.818260908126831]",non_flood,0.8182610273361206,58.87629999779165,0.6807563304901123,"[0.1375047266483307, 0.03089156001806259, 0.013342675752937794, 0.8182610273361206]"
E:\RHNA\1Visual\NCKH\nckh2\products\fe\model\Dataset_Flood\non_flood\IMG_5052.jpg,non_flood,3,non_flood,0.4811800420284271,74.29330000013579,0.2152165174484253,"[0.23920227587223053, 0.26596352458000183, 0.013654147274792194, 0.4811800420284271]",non_flood,0.4811793863773346,30.411500003538094,0.21521538496017456,"[0.23920242488384247, 0.26596400141716003, 0.013654197566211224, 0.4811793863773346]",non_flood,0.48117947578430176,38.62500000104774,0.21521520614624023,"[0.2392020970582962, 0.2659642696380615, 0.013654190115630627, 0.48117947578430176]"
E:\RHNA\1Visual\NCKH\nckh2\products\fe\model\Dataset_Flood\non_flood\382335_275271_3551.jpg,non_flood,3,non_flood,0.9558547735214233,74.06699999410193,0.937484622001648,"[0.014435914345085621, 0.018370160833001137, 0.011339154094457626, 0.9558547735214233]",non_flood,0.9558546543121338,26.97710000211373,0.9374844431877136,"[0.014435919933021069, 0.018370216712355614, 0.011339201591908932, 0.9558546543121338]",non_flood,0.9558547735214233,42.62619999644812,0.9374845623970032,"[0.014435921795666218, 0.018370192497968674, 0.011339143849909306, 0.9558547735214233]"
E:\RHNA\1Visual\NCKH\nckh2\products\fe\model\Dataset_Flood\non_flood\화면 캡처 2025-03-05 153348.jpg,non_flood,3,non_flood,0.7820507287979126,83.91040000424255,0.584267258644104,"[0.1977834552526474, 0.015392913483083248, 0.004772813059389591, 0.7820507287979126]",non_flood,0.7820534706115723,29.047300005913712,0.5842724442481995,"[0.1977810263633728, 0.01539270393550396, 0.0047727772034704685, 0.7820534706115723]",non_flood,0.7820522785186768,42.3780999990413,0.5842702388763428,"[0.19778205454349518, 0.015392892993986607, 0.004772813059389591, 0.7820522785186768]"
E:\RHNA\1Visual\NCKH\nckh2\products\fe\model\Dataset_Flood\non_flood\images (10).jpg,non_flood,3,non_flood,0.9801158905029297,70.89509999786969,0.9644203782081604,"[0.01569552905857563, 0.0038470569998025894, 0.0003415836545173079, 0.9801158905029297]",non_flood,0.9801157712936401,28.80459999141749,0.9644202589988708,"[0.01569552719593048, 0.003847067477181554, 0.00034158508060500026, 0.9801157712936401]",non_flood,0.9801157712936401,63.47520000417717,0.9644201993942261,"[0.015695570036768913, 0.003847074694931507, 0.0003415857208892703, 0.9801157712936401]"
E:\RHNA\1Visual\NCKH\nckh2\products\fe\model\Dataset_Flood\non_flood\화면 캡처 2025-03-05 153859.jpg,non_flood,3,non_flood,0.9187890887260437,78.89999999315478,0.873772919178009,"[0.01957109570503235, 0.04501616954803467, 0.016623592004179955, 0.9187890887260437]",non_flood,0.9187889099121094,20.928599988110363,0.8737725019454956,"[0.019571106880903244, 0.04501637816429138, 0.016623690724372864, 0.9187889099121094]",non_flood,0.9187890887260437,52.26119999133516,0.873772919178009,"[0.019571077078580856, 0.045016150921583176, 0.016623605042696, 0.9187890887260437]"
E:\RHNA\1Visual\NCKH\nckh2\products\fe\model\Dataset_Flood\non_flood\화면 캡처 2025-03-05 174553.jpg,non_flood,3,non_flood,0.9467904567718506,79.3407000019215,0.897312343120575,"[0.04947812482714653, 0.0036883053835481405, 4.314179750508629e-05, 0.9467904567718506]",non_flood,0.946790874004364,23.915500001749024,0.8973131775856018,"[0.049477674067020416, 0.0036882860586047173, 4.314157195040025e-05, 0.946790874004364]",non_flood,0.9467906951904297,42.25189999851864,0.8973127007484436,"[0.049477990716695786, 0.003688299097120762, 4.3141524656675756e-05, 0.9467906951904297]"
E:\RHNA\1Visual\NCKH\nckh2\products\fe\model\Dataset_Flood\non_flood\images (59).jpg,non_flood,3,non_flood,0.8936066031455994,67.57810000272002,0.8210850358009338,"[0.07252157479524612, 0.032558053731918335, 0.0013137933565303683, 0.8936066031455994]",non_flood,0.8936066031455994,21.136299998033792,0.8210850358009338,"[0.07252155244350433, 0.03255804628133774, 0.0013137927744537592, 0.8936066031455994]",non_flood,0.8936063647270203,35.855699999956414,0.8210846781730652,"[0.07252169400453568, 0.03255808725953102, 0.0013137849746271968, 0.8936063647270203]"
E:\RHNA\1Visual\NCKH\nckh2\products\fe\model\Dataset_Flood\non_flood\다운로드 (56) 3.jpg,non_flood,3,non_flood,0.9462273120880127,56.95470000500791,0.9003399014472961,"[0.04588741809129715, 0.006425278726965189, 0.0014600330032408237, 0.9462273120880127]",non_flood,0.9462271332740784,21.501499999430962,0.900339663028717,"[0.04588746652007103, 0.006425314582884312, 0.0014600403374060988, 0.9462271332740784]",non_flood,0.9462270140647888,39.57189999346156,0.9003394246101379,"[0.04588761180639267, 0.00642532529309392, 0.0014600387075915933, 0.9462270140647888]"
E:\RHNA\1Visual\NCKH\nckh2\products\fe\model\Dataset_Flood\non_flood\다운로드 (62) 3.jpg,non_flood,3,non_flood,0.9747200012207031,66.13269999797922,0.9541758298873901,"[0.020544199272990227, 0.004217658657580614, 0.0005181000451557338, 0.9747200012207031]",non_flood,0.9747201204299927,30.78859999368433,0.9541759490966797,"[0.020544152706861496, 0.004217654932290316, 0.0005180988227948546, 0.9747201204299927]",non_flood,0.9747198820114136,48.673100012820214,0.954175591468811,"[0.02054431661963463, 0.004217689856886864, 0.0005180996959097683, 0.9747198820114136]"
E:\RHNA\1Visual\NCKH\nckh2\products\fe\model\Dataset_Flood\non_flood\다운로드 (67) 3.jpg,non_flood,3,non_flood,0.8311209082603455,93.93329999875277,0.7032586336135864,"[0.12786227464675903, 0.034269027411937714, 0.006747743114829063, 0.8311209082603455]",non_flood,0.8311217427253723,31.587399993441068,0.7032600045204163,"[0.12786172330379486, 0.03426890820264816, 0.006747708190232515, 0.8311217427253723]",non_flood,0.8311213254928589,51.18899999069981,0.7032594084739685,"[0.1278619021177292, 0.03426903858780861, 0.006747727282345295, 0.8311213254928589]"
E:\RHNA\1Visual\NCKH\nckh2\products\fe\model\Dataset_Flood\non_flood\화면 캡처 2025-03-05 153735.jpg,non_flood,3,non_flood,0.8472581505775452,67.35450000269338,0.7135579586029053,"[0.1337001621723175, 0.01824912801384926, 0.0007926336256787181, 0.8472581505775452]",non_flood,0.8472585082054138,24.46050000435207,0.7135588526725769,"[0.13369964063167572, 0.018249189481139183, 0.0007926385151222348, 0.8472585082054138]",non_flood,0.8472576141357422,46.515800000634044,0.713557243347168,"[0.13370035588741302, 0.018249355256557465, 0.0007926418911665678, 0.8472576141357422]"
E:\RHNA\1Visual\NCKH\nckh2\products\fe\model\Dataset_Flood\non_flood\화면 캡처 2025-03-05 152318.jpg,non_flood,3,non_flood,0.9923927783966064,65.30319999728817,0.987680196762085,"[0.0047125862911343575, 0.0023508602753281593, 0.0005437051877379417, 0.9923927783966064]",non_flood,0.992392897605896,21.880100000998937,0.9876803159713745,"[0.004712559748440981, 0.002350853756070137, 0.0005437031504698098, 0.992392897605896]",non_flood,0.9923927783966064,33.21730000607204,0.9876802563667297,"[0.0047125499695539474, 0.0023508600424975157, 0.000543705653399229, 0.9923927783966064]"
E:\RHNA\1Visual\NCKH\nckh2\products\fe\model\Dataset_Flood\non_flood\화면 캡처 2025-03-05 182955.jpg,non_flood,3,non_flood,0.9783990979194641,59.66099999204744,0.960276186466217,"[0.018122900277376175, 0.0031885975040495396, 0.00028935447335243225, 0.9783990979194641]",non_flood,0.9783992171287537,21.43239999713842,0.9602763652801514,"[0.0181228369474411, 0.0031885888893157244, 0.0002893542405217886, 0.9783992171287537]",non_flood,0.9783989787101746,45.70459999376908,0.9602760076522827,"[0.018122989684343338, 0.003188611939549446, 0.00028935662703588605, 0.9783989787101746]"
E:\RHNA\1Visual\NCKH\nckh2\products\fe\model\Dataset_Flood\non_flood\화면 캡처 2025-03-05 152809.jpg,non_flood,3,non_flood,0.9477482438087463,56.11979999230243,0.8999778032302856,"[0.04777044057846069, 0.003142518224194646, 0.0013387996004894376, 0.9477482438087463]",non_flood,0.9477483630180359,25.15549999952782,0.8999780416488647,"[0.04777031019330025, 0.003142506582662463, 0.00133879529312253, 0.9477483630180359]",non_flood,0.9477479457855225,35.80640000291169,0.8999773263931274,"[0.04777064919471741, 0.003142549889162183, 0.0013388177612796426, 0.9477479457855225]"
E:\RHNA\1Visual\NCKH\nckh2\products\fe\model\Dataset_Flood\non_flood\images (33).jpg,non_flood,3,low,0.5427936315536499,64.20990001061,0.33801451325416565,"[0.5427936315536499, 0.18070432543754578, 0.07172293961048126, 0.20477911829948425]",low,0.5427934527397156,23.123799997847527,0.33801349997520447,"[0.5427934527397156, 0.18070389330387115, 0.07172274589538574, 0.2047799527645111]",low,0.542793869972229,51.55039999226574,0.3380146622657776,"[0.542793869972229, 0.18070416152477264, 0.07172277569770813, 0.2047792226076126]"
E:\RHNA\1Visual\NCKH\nckh2\products\fe\model\Dataset_Flood\non_flood\23031215004403700.jpg,non_flood,3,non_flood,0.8848474621772766,75.34670000313781,0.7996029853820801,"[0.025860099121928215, 0.08524447679519653, 0.004047982860356569, 0.8848474621772766]",non_flood,0.8848474025726318,28.678500006208196,0.7996028661727905,"[0.02586008422076702, 0.08524452149868011, 0.004047986585646868, 0.8848474025726318]",non_flood,0.884846568107605,41.70739999972284,0.7996013164520264,"[0.02586020715534687, 0.08524525165557861, 0.004048032686114311, 0.884846568107605]"
E:\RHNA\1Visual\NCKH\nckh2\products\fe\model\Dataset_Flood\non_flood\화면 캡처 2025-03-05 164114.jpg,non_flood,3,low,0.8017266392707825,75.58520000020508,0.6482700705528259,"[0.8017266392707825, 0.04009367898106575, 0.004723177757114172, 0.15345656871795654]",low,0.801724910736084,24.593599999207072,0.6482667922973633,"[0.801724910736084, 0.04009373486042023, 0.004723196383565664, 0.1534581482410431]",low,0.8017256855964661,42.36300000047777,0.6482681035995483,"[0.8017256855964661, 0.04009364917874336, 0.004723172634840012, 0.15345759689807892]"
E:\RHNA\1Visual\NCKH\nckh2\products\fe\model\Dataset_Flood\non_flood\화면 캡처 2025-03-05 172356.jpg,non_flood,3,non_flood,0.9308105707168579,69.13499999791384,0.8654593825340271,"[0.06535118073225021, 0.003501239698380232, 0.0003370090271346271, 0.9308105707168579]",non_flood,0.9308108687400818,32.238400002825074,0.8654599189758301,"[0.06535093486309052, 0.0035012192092835903, 0.0003370096383150667, 0.9308108687400818]",non_flood,0.9308103322982788,47.14300000341609,0.8654589056968689,"[0.06535142660140991, 0.0035012622829526663, 0.0003370112390257418, 0.9308103322982788]"
E:\RHNA\1Visual\NCKH\nckh2\products\fe\model\Dataset_Flood\non_flood\화면 캡처 2025-03-05 173938.jpg,non_flood,3,non_flood,0.983954906463623,76.98240000172518,0.9707929491996765,"[0.013161944225430489, 0.0025772855151444674, 0.00030593169503845274, 0.983954906463623]",non_flood,0.983954906463623,30.87760000198614,0.9707930088043213,"[0.013161893002688885, 0.0025772759690880775, 0.0003059305308852345, 0.983954906463623]",non_flood,0.9839547872543335,52.5915000034729,0.970792829990387,"[0.013161953538656235, 0.002577300416305661, 0.0003059331211261451, 0.9839547872543335]"
E:\RHNA\1Visual\NCKH\nckh2\products\fe\model\Dataset_Flood\non_flood\1789568749452_282700609501588260_7406490438318140161_27f20da03aed7425178793bf0e655ec5.jpg,non_flood,3,non_flood,0.8769810795783997,63.4386000019731,0.8128491044044495,"[0.021561149507761, 0.06413198262453079, 0.03732585161924362, 0.8769810795783997]",non_flood,0.8769807815551758,25.393700008862652,0.812848687171936,"[0.021561147645115852, 0.06413208693265915, 0.037325918674468994, 0.8769807815551758]",non_flood,0.8769814372062683,44.76839999551885,0.8128496408462524,"[0.021561115980148315, 0.06413180381059647, 0.0373256616294384, 0.8769814372062683]"
E:\RHNA\1Visual\NCKH\nckh2\products\fe\model\Dataset_Flood\non_flood\2810089_image2_1.jpg,non_flood,3,non_flood,0.9700924754142761,78.0462999973679,0.9516309499740601,"[0.002328579081222415, 0.009117425419390202, 0.018461499363183975, 0.9700924754142761]",non_flood,0.9700924754142761,26.717999993707053,0.9516309499740601,"[0.002328573726117611, 0.00911741703748703, 0.01846153847873211, 0.9700924754142761]",non_flood,0.9700924754142761,50.309500002185814,0.9516309499740601,"[0.0023285856004804373, 0.009117408655583858, 0.018461527302861214, 0.9700924754142761]"
E:\RHNA\1Visual\NCKH\nckh2\products\fe\model\Dataset_Flood\non_flood\화면 캡처 2025-03-05 175530.jpg,non_flood,3,non_flood,0.9317697286605835,72.85500000580214,0.9012183547019958,"[0.030551383271813393, 0.013017016462981701, 0.02466193027794361, 0.9317697286605835]",non_flood,0.9317700266838074,29.162300008465536,0.9012187719345093,"[0.030551282688975334, 0.01301694568246603, 0.024661831557750702, 0.9317700266838074]",non_flood,0.9317697882652283,45.141700000385754,0.9012183547019958,"[0.030551427975296974, 0.01301692333072424, 0.024661770090460777, 0.9317697882652283]"
E:\RHNA\1Visual\NCKH\nckh2\products\fe\model\Dataset_Flood\non_flood\1184178968.jpg,non_flood,3,non_flood,0.9532850384712219,65.8704000088619,0.9256603717803955,"[0.02762467786669731, 0.01685030199587345, 0.0022399420849978924, 0.9532850384712219]",non_flood,0.9532849192619324,21.56910000485368,0.9256601929664612,"[0.027624741196632385, 0.016850315034389496, 0.002239957917481661, 0.9532849192619324]",non_flood,0.9532849192619324,45.02659999707248,0.9256601333618164,"[0.02762478031218052, 0.016850346699357033, 0.0022399674635380507, 0.9532849192619324]"
E:\RHNA\1Visual\NCKH\nckh2\products\fe\model\Dataset_Flood\non_flood\화면 캡처 2025-03-05 172345.jpg,non_flood,3,non_flood,0.9212809801101685,64.83450000814628,0.8501757383346558,"[0.0711052417755127, 0.0066794129088521, 0.0009343153797090054, 0.9212809801101685]",non_flood,0.9212821125984192,25.31050000106916,0.8501778841018677,"[0.07110424339771271, 0.006679338403046131, 0.0009343076380901039, 0.9212821125984192]",non_flood,0.9212808012962341,44.39589999674354,0.8501753807067871,"[0.07110542804002762, 0.00667943712323904, 0.0009343178826384246, 0.9212808012962341]"
E:\RHNA\1Visual\NCKH\nckh2\products\fe\model\Dataset_Flood\non_flood\images (61).jpg,non_flood,3,non_flood,0.7758788466453552,64.82759999926202,0.6063209176063538,"[0.16955792903900146, 0.04314731806516647, 0.011415865272283554, 0.7758788466453552]",non_flood,0.77587890625,27.026499999919906,0.6063211560249329,"[0.16955773532390594, 0.04314745217561722, 0.011415921151638031, 0.77587890625]",non_flood,0.7758793234825134,35.16339999623597,0.6063219308853149,"[0.16955742239952087, 0.043147340416908264, 0.011415856890380383, 0.7758793234825134]"
E:\RHNA\1Visual\NCKH\nckh2\products\fe\model\Dataset_Flood\non_flood\화면 캡처 2025-03-05 175812.jpg,non_flood,3,non_flood,0.9570410251617432,63.87669999094214,0.9169677495956421,"[0.040073297917842865, 0.002137808594852686, 0.0007479378837160766, 0.9570410251617432]",non_flood,0.9570407867431641,25.613599995267577,0.9169673323631287,"[0.0400734581053257, 0.0021378244273364544, 0.0007479398627765477, 0.9570407867431641]",non_flood,0.9570404887199402,41.57040000427514,0.9169666767120361,"[0.040073785930871964, 0.002137836767360568, 0.0007479463238269091, 0.9570404887199402]"
E:\RHNA\1Visual\NCKH\nckh2\products\fe\model\Dataset_Flood\non_flood\화면 캡처 2025-03-05 152934.jpg,non_flood,3,non_flood,0.9368841648101807,61.65589999000076,0.879202663898468,"[0.05768151208758354, 0.00394718162715435, 0.0014871788443997502, 0.9368841648101807]",non_flood,0.9368841648101807,29.703599997446872,0.8792027235031128,"[0.05768141895532608, 0.003947204444557428, 0.0014871859457343817, 0.9368841648101807]",non_flood,0.9368841052055359,39.924700002302416,0.8792024850845337,"[0.05768159031867981, 0.003947213292121887, 0.0014871915336698294, 0.9368841052055359]"
E:\RHNA\1Visual\NCKH\nckh2\products\fe\model\Dataset_Flood\non_flood\다운로드 (9) 3.jpg,non_flood,3,non_flood,0.9812435507774353,64.2437000060454,0.9646812677383423,"[0.016562307253479958, 0.001786380773410201, 0.00040775377419777215, 0.9812435507774353]",non_flood,0.9812435507774353,27.85710000898689,0.9646812081336975,"[0.016562314704060555, 0.001786380773410201, 0.00040775336674414575, 0.9812435507774353]",non_flood,0.9812435507774353,44.93279999587685,0.9646812677383423,"[0.016562312841415405, 0.0017863858956843615, 0.00040775295929051936, 0.9812435507774353]"
E:\RHNA\1Visual\NCKH\nckh2\products\fe\model\Dataset_Flood\non_flood\1789568749531_282700609501588260_7406490438318140161_bea2323eb3bd6a9504e98226ccf20a6e.jpg,non_flood,3,non_flood,0.419710248708725,60.43960001261439,0.04486572742462158,"[0.3748445212841034, 0.13791629672050476, 0.06752881407737732, 0.419710248708725]",non_flood,0.41971084475517273,27.048500007367693,0.04486650228500366,"[0.37484434247016907, 0.1379161775112152, 0.06752867251634598, 0.41971084475517273]",non_flood,0.4197101294994354,52.49950000143144,0.04486533999443054,"[0.3748447895050049, 0.13791637122631073, 0.06752869486808777, 0.4197101294994354]"
E:\RHNA\1Visual\NCKH\nckh2\products\fe\model\Dataset_Flood\non_flood\화면 캡처 2025-03-05 153554.jpg,non_flood,3,non_flood,0.8776127696037292,61.26319999748375,0.7586520314216614,"[0.11896076053380966, 0.0023239068686962128, 0.0011025405256077647, 0.8776127696037292]",non_flood,0.8776131272315979,22.862199999508448,0.7586527466773987,"[0.11896040290594101, 0.002323915483430028, 0.0011025494895875454, 0.8776131272315979]",non_flood,0.8776136040687561,42.3581000068225,0.7586536407470703,"[0.1189599558711052, 0.0023239124566316605, 0.001102539012208581, 0.8776136040687561]"
E:\RHNA\1Visual\NCKH\nckh2\products\fe\model\Dataset_Flood\non_flood\화면 캡처 2025-03-05 181159.jpg,non_flood,3,non_flood,0.9248663187026978,74.49159999669064,0.887071430683136,"[0.03779486566781998, 0.018264101818203926, 0.019074739888310432, 0.9248663187026978]",non_flood,0.9248661398887634,26.056600006995723,0.8870712518692017,"[0.03779485821723938, 0.018264172598719597, 0.019074760377407074, 0.9248661398887634]",non_flood,0.9248661398887634,38.89910000725649,0.8870710730552673,"[0.0377950519323349, 0.01826414279639721, 0.0190746933221817, 0.9248661398887634]"
E:\RHNA\1Visual\NCKH\nckh2\products\fe\model\Dataset_Flood\non_flood\화면 캡처 2025-03-05 153513.jpg,non_flood,3,non_flood,0.9384992122650146,67.94360000640154,0.8854671120643616,"[0.05303209647536278, 0.007274318020790815, 0.001194442855194211, 0.9384992122650146]",non_flood,0.9384998083114624,28.65570000722073,0.8854682445526123,"[0.0530315600335598, 0.007274246774613857, 0.0011944288853555918, 0.9384998083114624]",non_flood,0.9384992122650146,146.61600001272745,0.8854670524597168,"[0.053032130002975464, 0.007274276576936245, 0.0011944264406338334, 0.9384992122650146]"
E:\RHNA\1Visual\NCKH\nckh2\products\fe\model\Dataset_Flood\non_flood\DSC05846-01.jpg,non_flood,3,non_flood,0.776360809803009,299.9053000094136,0.6664130687713623,"[0.10994776338338852, 0.10832706093788147, 0.005364355631172657, 0.776360809803009]",non_flood,0.7763618230819702,33.5660000127973,0.6664145588874817,"[0.10994724929332733, 0.10832659155130386, 0.005364357493817806, 0.7763618230819702]",non_flood,0.7763606905937195,41.05800000252202,0.6664128303527832,"[0.10994785279035568, 0.10832713544368744, 0.005364364478737116, 0.7763606905937195]"
E:\RHNA\1Visual\NCKH\nckh2\products\fe\model\Dataset_Flood\non_flood\5f420ab85477f0364be7a38916496632.jpg,non_flood,3,non_flood,0.9452165961265564,72.8396999911638,0.9227487444877625,"[0.022467851638793945, 0.018046105280518532, 0.014269505627453327, 0.9452165961265564]",non_flood,0.9452164769172668,38.514100000611506,0.9227486848831177,"[0.02246779575943947, 0.018046168610453606, 0.014269599691033363, 0.9452164769172668]",non_flood,0.9452166557312012,146.20210000430234,0.922748863697052,"[0.02246776409447193, 0.018046081066131592, 0.014269473031163216, 0.9452166557312012]"
E:\RHNA\1Visual\NCKH\nckh2\products\fe\model\Dataset_Flood\non_flood\다운로드 (34).jpg,non_flood,3,non_flood,0.9404178261756897,96.26719998777844,0.8867171406745911,"[0.05370067059993744, 0.004285851493477821, 0.0015955944545567036, 0.9404178261756897]",non_flood,0.9404179453849792,26.53160000045318,0.8867173194885254,"[0.05370061472058296, 0.004285856150090694, 0.001595601555891335, 0.9404179453849792]",non_flood,0.9404180645942688,49.615299998549744,0.8867174983024597,"[0.05370057746767998, 0.004285850096493959, 0.0015955931739881635, 0.9404180645942688]"
E:\RHNA\1Visual\NCKH\nckh2\products\fe\model\Dataset_Flood\non_flood\heavy+rain+and+flooding+safety.jpg,non_flood,3,low,0.5661348104476929,79.56549999653362,0.30591118335723877,"[0.5661348104476929, 0.2602236270904541, 0.11365345120429993, 0.059988122433423996]",low,0.5661334991455078,21.95959999517072,0.30590909719467163,"[0.5661334991455078, 0.2602244019508362, 0.11365396529436111, 0.05998824164271355]",low,0.5661340355873108,49.34009999851696,0.30590978264808655,"[0.5661340355873108, 0.26022425293922424, 0.11365366727113724, 0.05998806282877922]"
E:\RHNA\1Visual\NCKH\nckh2\products\fe\model\Dataset_Flood\non_flood\화면 캡처 2025-03-05 181547.jpg,non_flood,3,non_flood,0.7852974534034729,68.55960001121275,0.6823815107345581,"[0.08961645513772964, 0.10291596502065659, 0.022170143201947212, 0.7852974534034729]",non_flood,0.7852970957756042,23.596599989105016,0.6823809146881104,"[0.08961643278598785, 0.10291621088981628, 0.022170260548591614, 0.7852970957756042]",non_flood,0.7852967977523804,46.609700002591126,0.6823805570602417,"[0.08961673825979233, 0.10291626304388046, 0.022170208394527435, 0.7852967977523804]"
E:\RHNA\1Visual\NCKH\nckh2\products\fe\model\Dataset_Flood\non_flood\1210_5594_1621.jpg,non_flood,3,non_flood,0.9549581408500671,63.212100008968264,0.931452751159668,"[0.013666866347193718, 0.02350541390478611, 0.007869652472436428, 0.9549581408500671]",non_flood,0.9549580216407776,27.797400005511008,0.9314525127410889,"[0.013666890561580658, 0.02350551076233387, 0.007869681343436241, 0.9549580216407776]",non_flood,0.9549577832221985,56.6328999993857,0.9314522743225098,"[0.013666944578289986, 0.023505493998527527, 0.007869686931371689, 0.9549577832221985]"
E:\RHNA\1Visual\NCKH\nckh2\products\fe\model\Dataset_Flood\non_flood\다운로드 (19) 3.jpg,non_flood,3,non_flood,0.8802595734596252,71.22530000924598,0.7812941074371338,"[0.09896549582481384, 0.010216926224529743, 0.010557947680354118, 0.8802595734596252]",non_flood,0.8802598714828491,32.94659999664873,0.7812945246696472,"[0.09896532446146011, 0.010216880589723587, 0.010557920671999454, 0.8802598714828491]",non_flood,0.8802593946456909,104.24230000353418,0.7812938094139099,"[0.098965585231781, 0.010216955095529556, 0.01055802684277296, 0.8802593946456909]"
E:\RHNA\1Visual\NCKH\nckh2\products\fe\model\Dataset_Flood\non_flood\다운로드 (17) 3.jpg,non_flood,3,non_flood,0.8769741058349609,75.59930000570603,0.7598167657852173,"[0.11715736240148544, 0.004916212987154722, 0.0009522913605906069, 0.8769741058349609]",non_flood,0.8769742846488953,25.540099988575093,0.7598171234130859,"[0.11715719103813171, 0.00491619948297739, 0.0009522887994535267, 0.8769742846488953]",non_flood,0.8769745230674744,35.856399990734644,0.7598176002502441,"[0.11715690791606903, 0.004916210658848286, 0.0009522885666228831, 0.8769745230674744]"
E:\RHNA\1Visual\NCKH\nckh2\products\fe\model\Dataset_Flood\non_flood\953056_345891_5555.jpeg,non_flood,3,non_flood,0.9830209016799927,71.49760000174865,0.9734212756156921,"[0.009599607437849045, 0.006250728387385607, 0.0011287529487162828, 0.9830209016799927]",non_flood,0.9830210208892822,22.851299989270046,0.9734214544296265,"[0.00959955807775259, 0.006250693462789059, 0.0011287472443655133, 0.9830210208892822]",non_flood,0.9830209016799927,39.36299998895265,0.9734213352203369,"[0.00959954783320427, 0.0062507218681275845, 0.0011287495726719499, 0.9830209016799927]"
E:\RHNA\1Visual\NCKH\nckh2\products\fe\model\Dataset_Flood\non_flood\화면 캡처 2025-03-05 153209.jpg,non_flood,3,non_flood,0.823729395866394,54.91559999063611,0.6554050445556641,"[0.1683243364095688, 0.0074944887310266495, 0.0004517667111940682, 0.823729395866394]",non_flood,0.8237307071685791,20.42749999964144,0.6554076075553894,"[0.1683230996131897, 0.007494483143091202, 0.0004517695924732834, 0.8237307071685791]",non_flood,0.8237292170524597,38.265600000158884,0.655404806137085,"[0.16832444071769714, 0.007494558580219746, 0.00045177325955592096, 0.8237292170524597]"
E:\RHNA\1Visual\NCKH\nckh2\products\fe\model\Dataset_Flood\non_flood\images (41).jpg,non_flood,3,non_flood,0.6210681796073914,75.24249999551103,0.36095675826072693,"[0.26011142134666443, 0.06980771571397781, 0.049012649804353714, 0.6210681796073914]",non_flood,0.6210681796073914,29.665699999895878,0.3609567880630493,"[0.26011139154434204, 0.06980771571397781, 0.04901270940899849, 0.6210681796073914]",non_flood,0.621067464351654,48.500199991394766,0.36095601320266724,"[0.2601114511489868, 0.06980811059474945, 0.04901299253106117, 0.621067464351654]"
E:\RHNA\1Visual\NCKH\nckh2\products\fe\model\Dataset_Flood\non_flood\230415135444359_w.jpg,non_flood,3,non_flood,0.9742660522460938,65.42270000500139,0.9587241411209106,"[0.015541927888989449, 0.009406974539160728, 0.0007850329857319593, 0.9742660522460938]",non_flood,0.9742660522460938,25.618300001951866,0.9587240815162659,"[0.015541942790150642, 0.0094069829210639, 0.000785031879786402, 0.9742660522460938]",non_flood,0.9742661714553833,47.372300003189594,0.9587242603302002,"[0.015541891567409039, 0.009406935423612595, 0.000785031181294471, 0.9742661714553833]"
E:\RHNA\1Visual\NCKH\nckh2\products\fe\model\Dataset_Flood\non_flood\images (32).jpg,non_flood,3,low,0.80089271068573,72.39070000650827,0.7128303647041321,"[0.80089271068573, 0.0880623534321785, 0.04168260097503662, 0.06936232000589371]",low,0.8008929491043091,25.392900002771057,0.7128306031227112,"[0.8008929491043091, 0.0880623534321785, 0.041682492941617966, 0.06936226040124893]",low,0.8008927702903748,45.05309999512974,0.7128304839134216,"[0.8008927702903748, 0.08806228637695312, 0.041682470589876175, 0.06936244666576385]"
E:\RHNA\1Visual\NCKH\nckh2\products\fe\model\Dataset_Flood\non_flood\화면 캡처 2025-03-05 173907.jpg,non_flood,3,non_flood,0.9761147499084473,127.24899999739137,0.9528827667236328,"[0.023231999948620796, 0.0006256383494473994, 2.7598454835242592e-05, 0.9761147499084473]",non_flood,0.9761148691177368,133.1470999866724,0.9528829455375671,"[0.02323189750313759, 0.0006256360211409628, 2.7598143788054585e-05, 0.9761148691177368]",non_flood,0.9761147499084473,33.78919999522623,0.952882707118988,"[0.023232024163007736, 0.0006256438209675252, 2.7598560336627997e-05, 0.9761147499084473]"
E:\RHNA\1Visual\NCKH\nckh2\products\fe\model\Dataset_Flood\non_flood\1789568749022_282700609501588260_7406490438318140161_e59a160960ff6aab4139ef93e6451eaa.jpg,non_flood,3,non_flood,0.9293272495269775,80.07219999853987,0.8878431916236877,"[0.041484035551548004, 0.020915022119879723, 0.008273674175143242, 0.9293272495269775]",non_flood,0.9293273687362671,19.041899999137968,0.8878433704376221,"[0.04148399084806442, 0.020914990454912186, 0.008273660205304623, 0.9293273687362671]",non_flood,0.9293271899223328,41.7652000032831,0.8878431916236877,"[0.04148402065038681, 0.020915066823363304, 0.008273725397884846, 0.9293271899223328]"
E:\RHNA\1Visual\NCKH\nckh2\products\fe\model\Dataset_Flood\non_flood\img.jpg,non_flood,3,non_flood,0.989693820476532,64.29499998921528,0.9855878949165344,"[0.0033929466735571623, 0.004105943255126476, 0.0028073403518646955, 0.989693820476532]",non_flood,0.989693820476532,30.072900000959635,0.9855878949165344,"[0.0033929159399122, 0.004105926025658846, 0.0028073375578969717, 0.989693820476532]",non_flood,0.9896937012672424,49.72280000220053,0.9855877161026001,"[0.0033929639030247927, 0.004105991683900356, 0.002807373646646738, 0.9896937012672424]"
E:\RHNA\1Visual\NCKH\nckh2\products\fe\model\Dataset_Flood\non_flood\화면 캡처 2025-03-05 153429.jpg,non_flood,3,non_flood,0.82539302110672,257.4535999883665,0.6791608333587646,"[0.1462322175502777, 0.026436349377036095, 0.0019383671460673213, 0.82539302110672]",non_flood,0.8253942728042603,23.846700001740828,0.6791632175445557,"[0.14623107016086578, 0.02643629163503647, 0.0019383711041882634, 0.8253942728042603]",non_flood,0.8253939151763916,65.62649999978021,0.6791625022888184,"[0.14623142778873444, 0.026436304673552513, 0.001938368077389896, 0.8253939151763916]"
E:\RHNA\1Visual\NCKH\nckh2\products\fe\model\Dataset_Flood\non_flood\다운로드 (6).jpg,non_flood,3,non_flood,0.8229859471321106,39.597900002263486,0.664867639541626,"[0.1581183224916458, 0.01644495315849781, 0.002450772328302264, 0.8229859471321106]",non_flood,0.8229868412017822,21.503700001630932,0.6648695468902588,"[0.15811732411384583, 0.016444936394691467, 0.0024507842026650906, 0.8229868412017822]",non_flood,0.8229864835739136,34.97839999909047,0.6648687124252319,"[0.15811780095100403, 0.016444971784949303, 0.002450775122269988, 0.8229864835739136]"
E:\RHNA\1Visual\NCKH\nckh2\products\fe\model\Dataset_Flood\non_flood\화면 캡처 2025-03-05 172439.jpg,non_flood,3,non_flood,0.7007916569709778,37.8093000035733,0.44722220301628113,"[0.25356945395469666, 0.04414408281445503, 0.0014947690069675446, 0.7007916569709778]",non_flood,0.7007942795753479,12.998799997149035,0.44722703099250793,"[0.25356724858283997, 0.04414370283484459, 0.001494753174483776, 0.7007942795753479]",non_flood,0.7007944583892822,35.954799997853115,0.4472272992134094,"[0.2535671591758728, 0.044143564999103546, 0.0014947549207136035, 0.7007944583892822]"
E:\RHNA\1Visual\NCKH\nckh2\products\fe\model\Dataset_Flood\non_flood\images (20).jpg,non_flood,3,non_flood,0.8861100673675537,41.36139999900479,0.8268058896064758,"[0.05930418148636818, 0.03825296834111214, 0.016332797706127167, 0.8861100673675537]",non_flood,0.8861101269721985,16.371300007449463,0.8268061280250549,"[0.059304025024175644, 0.0382530577480793, 0.016332799568772316, 0.8861101269721985]",non_flood,0.8861097693443298,37.483699998119846,0.8268055319786072,"[0.059304241091012955, 0.03825308382511139, 0.016332881525158882, 0.8861097693443298]"
E:\RHNA\1Visual\NCKH\nckh2\products\fe\model\Dataset_Flood\non_flood\images (44).jpg,non_flood,3,non_flood,0.9799315333366394,37.840900011360645,0.964646577835083,"[0.015284928493201733, 0.004096564371138811, 0.000686950865201652, 0.9799315333366394]",non_flood,0.9799315333366394,19.653800001833588,0.9646466374397278,"[0.015284892171621323, 0.004096564371138811, 0.0006869505159556866, 0.9799315333366394]",non_flood,0.9799312949180603,35.241599995060824,0.9646462202072144,"[0.015285048633813858, 0.004096616059541702, 0.0006869621574878693, 0.9799312949180603]"
E:\RHNA\1Visual\NCKH\nckh2\products\fe\model\Dataset_Flood\non_flood\화면 캡처 2025-03-05 181150.jpg,non_flood,3,non_flood,0.9328570365905762,65.4015000036452,0.8828215003013611,"[0.05003553256392479, 0.014417690224945545, 0.0026897466741502285, 0.9328570365905762]",non_flood,0.9328570365905762,22.3002999991877,0.8828215599060059,"[0.05003548786044121, 0.014417697675526142, 0.0026897506322711706, 0.9328570365905762]",non_flood,0.9328571557998657,52.08330000459682,0.882821798324585,"[0.05003536865115166, 0.014417706057429314, 0.0026897394564002752, 0.9328571557998657]"
E:\RHNA\1Visual\NCKH\nckh2\products\fe\model\Dataset_Flood\non_flood\화면 캡처 2025-03-05 153259.jpg,non_flood,3,non_flood,0.6780125498771667,60.693899999023415,0.5105838179588318,"[0.16742871701717377, 0.12746958434581757, 0.027089130133390427, 0.6780125498771667]",non_flood,0.6780149340629578,22.052400003303774,0.5105874538421631,"[0.1674274504184723, 0.12746861577033997, 0.027089038863778114, 0.6780149340629578]",non_flood,0.678013801574707,54.22550000366755,0.5105857849121094,"[0.16742801666259766, 0.12746906280517578, 0.027089055627584457, 0.678013801574707]"
E:\RHNA\1Visual\NCKH\nckh2\products\fe\model\Dataset_Flood\non_flood\다운로드 (15).jpg,non_flood,3,non_flood,0.9528119564056396,64.48610000370536,0.9166589975357056,"[0.03615293651819229, 0.006761610973626375, 0.004273447208106518, 0.9528119564056396]",non_flood,0.9528119564056396,26.74789998854976,0.9166589975357056,"[0.03615296259522438, 0.006761643569916487, 0.004273483995348215, 0.9528119564056396]",non_flood,0.9528116583824158,49.243399989791214,0.9166584610939026,"[0.03615320846438408, 0.00676166033372283, 0.004273478407412767, 0.9528116583824158]"
E:\RHNA\1Visual\NCKH\nckh2\products\fe\model\Dataset_Flood\non_flood\다운로드 (33).jpg,non_flood,3,non_flood,0.7765281796455383,62.35819999710657,0.571245014667511,"[0.20528316497802734, 0.008382754400372505, 0.009805905632674694, 0.7765281796455383]",non_flood,0.7765279412269592,26.415599990286864,0.5712447166442871,"[0.2052832543849945, 0.008382771164178848, 0.009805949404835701, 0.7765279412269592]",non_flood,0.7765284180641174,35.250999993877485,0.5712454319000244,"[0.2052830159664154, 0.008382740430533886, 0.009805889800190926, 0.7765284180641174]"
E:\RHNA\1Visual\NCKH\nckh2\products\fe\model\Dataset_Flood\non_flood\다운로드 (58) 3.jpg,non_flood,3,non_flood,0.8639671802520752,57.14150000130758,0.7319258451461792,"[0.1320413500070572, 0.0022853913251310587, 0.0017061297548934817, 0.8639671802520752]",non_flood,0.8639670610427856,25.32489999430254,0.7319257259368896,"[0.132041335105896, 0.002285401802510023, 0.0017061351099982858, 0.8639670610427856]",non_flood,0.8639666438102722,47.040799996466376,0.7319247722625732,"[0.13204187154769897, 0.0022854118142277002, 0.001706145703792572, 0.8639666438102722]"
E:\RHNA\1Visual\NCKH\nckh2\products\fe\model\Dataset_Flood\non_flood\images (3)1.jpg,non_flood,3,non_flood,0.632008969783783,59.871699995710514,0.30748337507247925,"[0.3245255947113037, 0.03173249959945679, 0.011733031831681728, 0.632008969783783]",non_flood,0.6320095062255859,23.00190000096336,0.3074844181537628,"[0.3245250880718231, 0.031732384115457535, 0.011732962913811207, 0.6320095062255859]",non_flood,0.6320096850395203,39.64889999770094,0.30748486518859863,"[0.32452481985092163, 0.03173248469829559, 0.011732988059520721, 0.6320096850395203]"
E:\RHNA\1Visual\NCKH\nckh2\products\fe\model\Dataset_Flood\non_flood\화면 캡처 2025-03-05 153800.jpg,non_flood,3,non_flood,0.9515346884727478,56.781000006594695,0.9080844521522522,"[0.0434502474963665, 0.0045575411058962345, 0.0004574754857458174, 0.9515346884727478]",non_flood,0.9515349864959717,21.058699989225715,0.9080850481987,"[0.04344996064901352, 0.0045575471594929695, 0.00045748043339699507, 0.9515349864959717]",non_flood,0.9515343904495239,39.496100012911484,0.9080838561058044,"[0.04345054551959038, 0.0045575937256217, 0.0004574836348183453, 0.9515343904495239]"
E:\RHNA\1Visual\NCKH\nckh2\products\fe\model\Dataset_Flood\non_flood\images (7)1.jpg,non_flood,3,non_flood,0.7903860211372375,60.97360000421759,0.5916441679000854,"[0.1987418532371521, 0.00547519838437438, 0.005396918393671513, 0.7903860211372375]",non_flood,0.7903850674629211,26.228599992464297,0.5916423201560974,"[0.19874274730682373, 0.005475249607115984, 0.0053969682194292545, 0.7903850674629211]",non_flood,0.7903854846954346,55.17639999743551,0.5916430950164795,"[0.1987423598766327, 0.0054752156138420105, 0.00539696030318737, 0.7903854846954346]"
E:\RHNA\1Visual\NCKH\nckh2\products\fe\model\Dataset_Flood\non_flood\다운로드 (31) 3.jpg,non_flood,3,non_flood,0.8852548003196716,179.6953000011854,0.7903462052345276,"[0.09490859508514404, 0.018329134210944176, 0.0015074796974658966, 0.8852548003196716]",non_flood,0.8852553367614746,20.901199997751974,0.790347158908844,"[0.09490816295146942, 0.018329018726944923, 0.0015074685215950012, 0.8852553367614746]",non_flood,0.8852542042732239,49.29480000282638,0.7903451919555664,"[0.09490898251533508, 0.018329249694943428, 0.0015074879629537463, 0.8852542042732239]"
E:\RHNA\1Visual\NCKH\nckh2\products\fe\model\Dataset_Flood\non_flood\다운로드 (39) 3.jpg,non_flood,3,non_flood,0.7692813277244568,539.0123000106541,0.5539162158966064,"[0.21536511182785034, 0.009056339040398598, 0.0062972381711006165, 0.7692813277244568]",non_flood,0.769281804561615,23.261900001671165,0.5539171695709229,"[0.21536463499069214, 0.009056339971721172, 0.006297262851148844, 0.769281804561615]",non_flood,0.7692802548408508,47.85410000476986,0.5539141893386841,"[0.21536603569984436, 0.009056413546204567, 0.006297301035374403, 0.7692802548408508]"
E:\RHNA\1Visual\NCKH\nckh2\products\fe\model\Dataset_Flood\non_flood\images (21)1.jpg,non_flood,3,non_flood,0.6653968691825867,65.86269999388605,0.3343764543533325,"[0.33102041482925415, 0.003524838015437126, 5.7843433751259e-05, 0.6653968691825867]",non_flood,0.6653981804847717,24.904799996875226,0.3343789875507355,"[0.33101919293403625, 0.0035248352214694023, 5.784321911050938e-05, 0.6653981804847717]",non_flood,0.6653987169265747,42.91390000435058,0.3343801200389862,"[0.3310185968875885, 0.003524834755808115, 5.784309541922994e-05, 0.6653987169265747]"
E:\RHNA\1Visual\NCKH\nckh2\products\fe\model\Dataset_Flood\non_flood\images - 2025-01-28T185039.760.jpg,non_flood,3,non_flood,0.5004959106445312,63.14369999745395,0.13068819046020508,"[0.36980772018432617, 0.12126258760690689, 0.008433707058429718, 0.5004959106445312]",non_flood,0.500496506690979,23.458399999071844,0.13068914413452148,"[0.3698073625564575, 0.12126240879297256, 0.008433744311332703, 0.500496506690979]",non_flood,0.5004969239234924,45.93910000403412,0.13069024682044983,"[0.3698066771030426, 0.12126258760690689, 0.008433734998106956, 0.5004969239234924]"
E:\RHNA\1Visual\NCKH\nckh2\products\fe\model\Dataset_Flood\non_flood\화면 캡처 2025-03-05 164447.jpg,non_flood,3,low,0.798092246055603,56.27220000314992,0.7064200043678284,"[0.798092246055603, 0.0482863187789917, 0.06194917485117912, 0.09167221933603287]",low,0.7980915904045105,23.661500003072433,0.706419050693512,"[0.7980915904045105, 0.04828643053770065, 0.06194940209388733, 0.09167251735925674]",low,0.7980920076370239,49.68159999407362,0.7064197659492493,"[0.7980920076370239, 0.04828624799847603, 0.06194942444562912, 0.09167225658893585]"
E:\RHNA\1Visual\NCKH\nckh2\products\fe\model\Dataset_Flood\non_flood\images (16)1.jpg,non_flood,3,non_flood,0.9469630718231201,51.966400002129376,0.8973435759544373,"[0.04961947724223137, 0.0030506120529025793, 0.0003668546851258725, 0.9469630718231201]",non_flood,0.9469630718231201,24.563500002841465,0.897343635559082,"[0.049619417637586594, 0.0030506192706525326, 0.0003668546851258725, 0.9469630718231201]",non_flood,0.9469626545906067,42.15549999207724,0.8973428010940552,"[0.04961985722184181, 0.0030506495386362076, 0.0003668566350825131, 0.9469626545906067]"
E:\RHNA\1Visual\NCKH\nckh2\products\fe\model\Dataset_Flood\non_flood\images (25).jpg,non_flood,3,non_flood,0.9606916904449463,48.679699990316294,0.9250490069389343,"[0.03564266860485077, 0.0016527019906789064, 0.002012968296185136, 0.9606916904449463]",non_flood,0.9606916904449463,26.636700000381097,0.9250491261482239,"[0.0356425903737545, 0.0016526973340660334, 0.0020129664335399866, 0.9606916904449463]",non_flood,0.9606916904449463,39.96150000602938,0.9250490069389343,"[0.03564268350601196, 0.001652705017477274, 0.0020129738841205835, 0.9606916904449463]"
