image_path,ground_truth,gt_idx,pred_model_a,pred_a_idx,confidence_model_a,top2_model_a,margin_model_a,pred_model_b,pred_b_idx,confidence_model_b,top2_model_b,margin_model_b,a_correct,b_correct,is_agree,cosine_similarity,l1_distance,l2_distance,max_abs_diff,js_divergence,prob_a_raw,prob_b_raw
model\Dataset_Flood\low\00-276.jpg,low,0,non_flood,3,0.5002874732017517,low,0.2242031693458557,non_flood,3,0.49684247374534607,low,0.21967360377311707,False,False,True,0.9999827146530151,0.006890028715133667,0.003986411262303591,0.0034449994564056396,6.640096671617357e-06,"[0.276084303855896, 0.116477832198143, 0.10715033113956451, 0.5002874732017517]","[0.277168869972229, 0.11783310025930405, 0.10815552622079849, 0.49684247374534607]"
model\Dataset_Flood\low\0f569675-81fe-4a2b-a287-d2bd795d43ba.jpg,low,0,non_flood,3,0.7312769293785095,low,0.598949134349823,non_flood,3,0.7319712042808533,low,0.5998285710811615,False,False,True,0.9999997615814209,0.001388542354106903,0.000804364972282201,0.00069427490234375,3.546155937783624e-07,"[0.13232779502868652, 0.08045174181461334, 0.055943552404642105, 0.7312769293785095]","[0.13214263319969177, 0.08017367124557495, 0.055712517350912094, 0.7319712042808533]"
model\Dataset_Flood\low\10360-2-13961.jpg,low,0,low,0,0.8806660175323486,medium,0.7747275233268738,low,0,0.8793914914131165,medium,0.7723458781838417,True,True,True,0.999998927116394,0.0025490561965852976,0.0016925038071349263,0.0012745261192321777,1.9490123577270424e-06,"[0.8806660175323486, 0.10593849420547485, 0.0038504188414663076, 0.009545053355395794]","[0.8793914914131165, 0.10704561322927475, 0.003919522278010845, 0.00964336097240448]"
model\Dataset_Flood\low\126669313.2.jpg,low,0,medium,1,0.6647272706031799,low,0.3424184322357178,medium,1,0.6652935743331909,low,0.34353888034820557,False,False,True,0.999999463558197,0.0011615355033427477,0.000792902079410851,0.0005663037300109863,1.9588833310990594e-07,"[0.32230883836746216, 0.6647272706031799, 0.0020288131199777126, 0.010935100726783276]","[0.32175469398498535, 0.6652935743331909, 0.0020021984819322824, 0.0109495734795928]"
model\Dataset_Flood\low\141311908-samutprakan-태국-2017년-10월-18일-가족들이-골목에서-비와-홍수-속에서-오토바이를.jpg,low,0,low,0,0.8049785494804382,medium,0.7007370814681053,low,0,0.8038887977600098,medium,0.6986759155988693,True,True,True,0.9999991059303284,0.002179446630179882,0.0014622927410528064,0.0010897517204284668,1.375535134684469e-06,"[0.8049785494804382, 0.10424146801233292, 0.008495418354868889, 0.08228456974029541]","[0.8038887977600098, 0.10521288216114044, 0.008561649359762669, 0.08233661949634552]"
model\Dataset_Flood\low\15978763311597876331_hysk.jpg,low,0,low,0,0.8734576106071472,medium,0.7809790894389153,low,0,0.8731327652931213,medium,0.7803129851818085,True,True,True,1.0,0.0006876839324831963,0.000471540231956169,0.0003412589430809021,1.7858748435628513e-07,"[0.8734576106071472, 0.09247852116823196, 0.003929622005671263, 0.030134305357933044]","[0.8731327652931213, 0.09281978011131287, 0.003932189662009478, 0.030115293338894844]"
model\Dataset_Flood\low\20141126alboystownflood-2.jpg,low,0,high,2,0.5122234225273132,low,0.23942831158638,high,2,0.5109650492668152,low,0.2366029918193817,False,False,True,0.9999945759773254,0.0031338483095169067,0.0020253011025488377,0.0015669465065002441,1.5653187119823997e-06,"[0.2727951109409332, 0.15474605560302734, 0.5122234225273132, 0.06023535504937172]","[0.27436205744743347, 0.1545039713382721, 0.5109650492668152, 0.06016891077160835]"
model\Dataset_Flood\low\2020080811278264154_1.jpg,low,0,low,0,0.9823592305183411,medium,0.9712299779057503,low,0,0.9825668931007385,medium,0.9716163501143456,True,True,True,1.0,0.00041551608592271805,0.00027495590620674193,0.00020766258239746094,3.864729194447136e-07,"[0.9823592305183411, 0.01112925261259079, 0.002951932605355978, 0.0035596578381955624]","[0.9825668931007385, 0.010950542986392975, 0.002944949548691511, 0.003537497017532587]"
model\Dataset_Flood\low\20200903509159.jpg,low,0,low,0,0.9156714677810669,medium,0.8432577550411224,low,0,0.9166197776794434,medium,0.8452009782195091,True,True,True,0.9999992847442627,0.001989899668842554,0.0013748715864494443,0.0009949132800102234,1.875545081020391e-06,"[0.9156714677810669, 0.07241371273994446, 0.004053919576108456, 0.007860853336751461]","[0.9166197776794434, 0.07141879945993423, 0.004081637132912874, 0.007879812270402908]"
model\Dataset_Flood\low\2023072601001953000076161.jpg,low,0,low,0,0.4882134199142456,non_flood,0.037398844957351685,low,0,0.48811012506484985,non_flood,0.03742828965187073,True,True,True,0.9999999403953552,0.0004721004515886307,0.00023705717467237264,0.00013273954391479492,2.0622610463760793e-07,"[0.4882134199142456, 0.04959020018577576, 0.011381772346794605, 0.4508145749568939]","[0.48811012506484985, 0.049703601747751236, 0.01150443684309721, 0.4506818354129791]"
model\Dataset_Flood\low\2181320_617865_910.jpg,low,0,low,0,0.9085689187049866,medium,0.8603441826999187,low,0,0.9086134433746338,medium,0.8604412414133549,True,True,True,0.9999999403953552,0.00012448779307305813,7.177155202953145e-05,5.253404378890991e-05,4.466391700930217e-08,"[0.9085689187049866, 0.048224736005067825, 0.0026137405075132847, 0.04059259220957756]","[0.9086134433746338, 0.048172201961278915, 0.002604069886729121, 0.04061035066843033]"
model\Dataset_Flood\low\240110-flooding-virginia-al-0802-1def2a.jpg,low,0,low,0,0.6783570051193237,medium,0.38167083263397217,low,0,0.678686797618866,medium,0.38187557458877563,True,True,True,0.9999997615814209,0.0009097135625779629,0.0005020891549065709,0.00033752433955669403,1.114598603635386e-06,"[0.6783570051193237, 0.29668617248535156, 0.01724439673125744, 0.007712465710937977]","[0.678686797618866, 0.29681122303009033, 0.016906872391700745, 0.007595119532197714]"
model\Dataset_Flood\low\4846_12990_4717.jpg,low,0,low,0,0.8537856340408325,medium,0.7674901559948921,low,0,0.8521613478660583,medium,0.7648461386561394,True,True,True,0.9999986886978149,0.003248678520321846,0.00201044580899179,0.00162428617477417,2.6175109724135837e-06,"[0.8537856340408325, 0.0862954780459404, 8.882978727342561e-05, 0.0598299615085125]","[0.8521613478660583, 0.08731520920991898, 9.038877760758623e-05, 0.06043306365609169]"
model\Dataset_Flood\low\5070ecbe-ab45-472a-b490-52da3054d716-large16x9_elmgroveflooding.jpg,low,0,low,0,0.5238568782806396,non_flood,0.10149404406547546,low,0,0.5256007313728333,non_flood,0.10472425818443298,True,True,True,0.9999943971633911,0.0034878402948379517,0.0023004733957350254,0.0017438530921936035,1.5717814676463604e-06,"[0.5238568782806396, 0.027077719569206238, 0.02670261077582836, 0.4223628342151642]","[0.5256007313728333, 0.0268829558044672, 0.026639748364686966, 0.42087647318840027]"
model\Dataset_Flood\low\5562_13560_819.jpg,low,0,low,0,0.8693057894706726,medium,0.7654513642191887,low,0,0.8686147928237915,medium,0.7643325552344322,True,True,True,0.9999997019767761,0.0013923998922109604,0.000855912221595645,0.0006909966468811035,7.412236300297081e-07,"[0.8693057894706726, 0.10385442525148392, 0.008308361284434795, 0.01853134110569954]","[0.8686147928237915, 0.10428223758935928, 0.008303209207952023, 0.018799779936671257]"
model\Dataset_Flood\low\611212110012634149_1.jpg,low,0,medium,1,0.656843364238739,low,0.4423023760318756,medium,1,0.6569806337356567,low,0.4423194080591202,False,False,True,0.9999999403953552,0.0005633221007883549,0.00033647686359472573,0.0002816617488861084,1.0392887617172164e-07,"[0.2145409882068634, 0.656843364238739, 0.1239350363612175, 0.004680555313825607]","[0.21466122567653656, 0.6569806337356567, 0.12365337461233139, 0.004704708699136972]"
model\Dataset_Flood\low\702631_302147_5046.jpg,low,0,low,0,0.9183340668678284,medium,0.8482706993818283,low,0,0.9182895421981812,medium,0.8481366708874702,True,True,True,1.0000001192092896,0.00020098919048905373,0.0001151018004748039,8.950382471084595e-05,4.5923119529334144e-08,"[0.9183340668678284, 0.07006336748600006, 0.004348402377218008, 0.0072541795670986176]","[0.9182895421981812, 0.07015287131071091, 0.004359375219792128, 0.007198191713541746]"
model\Dataset_Flood\low\721750ca-9b42-42b5-8b16-353112338174-Flood3.jpg,low,0,low,0,0.8015876412391663,non_flood,0.6297058016061783,low,0,0.802514374256134,non_flood,0.6317412704229355,True,True,True,0.9999988675117493,0.002217451110482216,0.001453861128538847,0.0011087357997894287,1.1915398090422968e-06,"[0.8015876412391663, 0.021284282207489014, 0.005246244370937347, 0.17188183963298798]","[0.802514374256134, 0.021442444995045662, 0.005270063877105713, 0.17077310383319855]"
model\Dataset_Flood\low\a-1697518992.jpg,low,0,low,0,0.8155418634414673,medium,0.6590278148651123,low,0,0.8149668574333191,medium,0.6577740609645844,True,True,True,0.9999995827674866,0.001357508823275566,0.0008926225127652287,0.0006787478923797607,4.976964191882871e-07,"[0.8155418634414673, 0.15651404857635498, 0.010651175864040852, 0.017292972654104233]","[0.8149668574333191, 0.15719279646873474, 0.010604855604469776, 0.017235537990927696]"
model\Dataset_Flood\low\AKR20240912005700084_09_i_P2.jpg,low,0,low,0,0.5670324563980103,medium,0.14184001088142395,low,0,0.5648062229156494,medium,0.13748088479042053,True,True,True,0.9999907612800598,0.004452528432011604,0.0030837904196232557,0.00222623348236084,2.6393627194920555e-06,"[0.5670324563980103, 0.4251924455165863, 0.005417497828602791, 0.0023575969971716404]","[0.5648062229156494, 0.4273253381252289, 0.005458936095237732, 0.0024095613043755293]"
model\Dataset_Flood\low\AKR20240912005700084_14_i_P2.jpg,low,0,medium,1,0.6515612006187439,high,0.43476060032844543,medium,1,0.6522488594055176,high,0.43658122420310974,False,False,True,0.9999980926513672,0.0023011211305856705,0.001403937814757228,0.001132965087890625,1.0293319974152837e-06,"[0.12233227491378784, 0.6515612006187439, 0.21680060029029846, 0.009305937215685844]","[0.12279514223337173, 0.6522488594055176, 0.21566763520240784, 0.009288307279348373]"
model\Dataset_Flood\low\casa-delle-gondole-venice-photo-1.jpg,low,0,low,0,0.7457671165466309,medium,0.5626520663499832,low,0,0.7495367527008057,medium,0.5690291970968246,True,True,True,0.9999889731407166,0.007539408281445503,0.0046919253654778,0.0037696361541748047,1.0011965059675276e-05,"[0.7457671165466309, 0.18311505019664764, 0.027475647628307343, 0.04364222660660744]","[0.7495367527008057, 0.18050755560398102, 0.02730042301118374, 0.04265517368912697]"
model\Dataset_Flood\low\flood_4531.jpg,low,0,low,0,0.5788196921348572,medium,0.3141750395298004,low,0,0.5783448815345764,medium,0.31366273760795593,True,True,True,0.9999997615814209,0.0009496025741100311,0.0006138125900179148,0.0004748106002807617,2.0604420569725335e-07,"[0.5788196921348572, 0.26464465260505676, 0.12469634413719177, 0.031839318573474884]","[0.5783448815345764, 0.2646821439266205, 0.12507976591587067, 0.03189319744706154]"
model\Dataset_Flood\low\flood_6194.jpg,low,0,low,0,0.8363692760467529,medium,0.6996768265962601,low,0,0.8360797762870789,medium,0.698904812335968,True,True,True,0.9999998211860657,0.0009649703279137611,0.0005819186917506158,0.00048251450061798096,4.482098745484109e-07,"[0.8363692760467529, 0.13669244945049286, 0.012317444197833538, 0.01462086196988821]","[0.8360797762870789, 0.13717496395111084, 0.012262093834578991, 0.01448325626552105]"
model\Dataset_Flood\low\gettyimages-2155580739-612x612.jpg,low,0,low,0,0.746881902217865,non_flood,0.6571937426924706,low,0,0.7497577667236328,non_flood,0.6616316065192223,True,True,True,0.9999954104423523,0.005751743912696838,0.003401997499167919,0.0028758645057678223,6.113928975537419e-06,"[0.746881902217865, 0.08750108629465103, 0.07592885196208954, 0.08968815952539444]","[0.7497577667236328, 0.0868421345949173, 0.07527392357587814, 0.08812616020441055]"
model\Dataset_Flood\low\IE003326096_STD.jpg,low,0,low,0,0.5412116050720215,medium,0.10533386468887329,low,0,0.5421860814094543,medium,0.10722032189369202,True,True,True,0.9999982714653015,0.0019489321857690811,0.0013354162219911814,0.0009744763374328613,4.938788151775952e-07,"[0.5412116050720215, 0.4358777403831482, 0.014778632670640945, 0.008132035844027996]","[0.5421860814094543, 0.43496575951576233, 0.014741405844688416, 0.00810678768903017]"
model\Dataset_Flood\low\image_0426.jpg,low,0,low,0,0.9234424829483032,medium,0.8512069657444954,low,0,0.9231745004653931,medium,0.8506839498877525,True,True,True,0.9999999403953552,0.0005363714299164712,0.000370175315765664,0.00026798248291015625,1.6075819075922482e-07,"[0.9234424829483032, 0.07223551720380783, 7.949350401759148e-05, 0.004242460243403912]","[0.9231745004653931, 0.07249055057764053, 7.929426647024229e-05, 0.004255616571754217]"
model\Dataset_Flood\low\image_0433.jpg,low,0,low,0,0.5439101457595825,medium,0.16554665565490723,low,0,0.5475515127182007,medium,0.17268335819244385,True,True,True,0.9999723434448242,0.007398158311843872,0.005051908083260059,0.003641366958618164,7.2246352829097304e-06,"[0.5439101457595825, 0.3783634901046753, 0.044788140803575516, 0.03293823078274727]","[0.5475515127182007, 0.37486815452575684, 0.04458436369895935, 0.032995909452438354]"
model\Dataset_Flood\low\image_203.jpeg,low,0,low,0,0.9628108739852905,medium,0.9454741887748241,low,0,0.9626918435096741,medium,0.9453926347196102,True,True,True,1.0,0.0003129253163933754,0.00018231912690680474,0.00013033486902713776,1.43583733347441e-07,"[0.9628108739852905, 0.017336685210466385, 0.005320113152265549, 0.014532381668686867]","[0.9626918435096741, 0.017299208790063858, 0.005346196703612804, 0.014662716537714005]"
model\Dataset_Flood\low\image_297.jpg,low,0,low,0,0.9050975441932678,medium,0.8178400695323944,low,0,0.9050686359405518,medium,0.8177297785878181,True,True,True,1.0,0.0001626838929951191,9.538409358356148e-05,8.138269186019897e-05,4.1616882384687415e-08,"[0.9050975441932678, 0.08725747466087341, 0.0032274953555315733, 0.00441742455586791]","[0.9050686359405518, 0.08733885735273361, 0.0031897493172436953, 0.004402777645736933]"
model\Dataset_Flood\low\image_9946309791508995980052.jpg,low,0,low,0,0.7079995274543762,non_flood,0.5280866324901581,low,0,0.7085623145103455,non_flood,0.5296372175216675,True,True,True,0.9999986886978149,0.002177443355321884,0.001256699557416141,0.0009877979755401611,1.3997196219861507e-06,"[0.7079995274543762, 0.05834411829710007, 0.05374346673488617, 0.17991289496421814]","[0.7085623145103455, 0.05824322625994682, 0.05426943302154541, 0.17892509698867798]"
model\Dataset_Flood\low\images (100).jpg,low,0,low,0,0.6742119193077087,non_flood,0.4827538877725601,low,0,0.675339937210083,non_flood,0.4848158657550812,True,True,True,0.9999984502792358,0.0023557813838124275,0.0014854951296001673,0.0011280179023742676,8.94724450972717e-07,"[0.6742119193077087, 0.12843558192253113, 0.005894485395401716, 0.19145803153514862]","[0.675339937210083, 0.12819164991378784, 0.0059443567879498005, 0.19052407145500183]"
model\Dataset_Flood\low\images (12) 2.png,low,0,low,0,0.8118169903755188,medium,0.7028692811727524,low,0,0.8094696998596191,medium,0.6993557587265968,True,True,True,0.9999972581863403,0.004694664850831032,0.0028406535275280476,0.002347290515899658,4.843139322474599e-06,"[0.8118169903755188, 0.10894770920276642, 0.017348917201161385, 0.061886318027973175]","[0.8094696998596191, 0.11011394113302231, 0.01743854209780693, 0.06297783553600311]"
model\Dataset_Flood\low\images (13) 2.jpg,low,0,non_flood,3,0.5382536053657532,low,0.11534440517425537,non_flood,3,0.5356189608573914,low,0.11036592721939087,False,False,True,0.9999871253967285,0.0052693746984004974,0.003533089067786932,0.0026346445083618164,3.507477231323719e-06,"[0.4229092001914978, 0.012243538163602352, 0.026593616232275963, 0.5382536053657532]","[0.4252530336380005, 0.012336541898548603, 0.026791509240865707, 0.5356189608573914]"
model\Dataset_Flood\low\images (14).jpg,low,0,low,0,0.7731749415397644,non_flood,0.6223075240850449,low,0,0.773521363735199,non_flood,0.6231853663921356,True,True,True,0.9999997019767761,0.0010639196261763573,0.0006609368720091879,0.000531420111656189,2.9421065050883044e-07,"[0.7731749415397644, 0.06118332967162132, 0.014774289913475513, 0.15086741745471954]","[0.773521363735199, 0.06136886030435562, 0.014773743227124214, 0.15033599734306335]"
model\Dataset_Flood\low\images (15) 2.jpg,low,0,low,0,0.995680570602417,medium,0.9936694151256233,low,0,0.9957807064056396,medium,0.9938142446335405,True,True,True,1.0,0.00020035303896293044,0.00011999355774605647,0.00010013580322265625,3.2698264362807095e-07,"[0.995680570602417, 0.002011155476793647, 0.0019301410065963864, 0.00037817261181771755]","[0.9957807064056396, 0.0019664617720991373, 0.0018819792894646525, 0.00037081079790368676]"
model\Dataset_Flood\low\images (16) 2.jpg,low,0,low,0,0.9715696573257446,medium,0.955732449889183,low,0,0.9718908667564392,medium,0.9561889935284853,True,True,True,1.0000001192092896,0.0006422990118153393,0.0003912616812158376,0.0003212094306945801,5.036563379690051e-07,"[0.9715696573257446, 0.015837207436561584, 0.0006710149464197457, 0.011922074481844902]","[0.9718908667564392, 0.01570187322795391, 0.0006628199480473995, 0.011744514107704163]"
model\Dataset_Flood\low\images (16).jpg,low,0,low,0,0.5936012864112854,medium,0.3628445565700531,low,0,0.5924481749534607,medium,0.36075451970100403,True,True,True,0.9999979734420776,0.002306215465068817,0.001498792669735849,0.001153111457824707,8.375282618544588e-07,"[0.5936012864112854, 0.2307567298412323, 0.08029797673225403, 0.09534397721290588]","[0.5924481749534607, 0.23169365525245667, 0.08049415051937103, 0.09536398202180862]"
model\Dataset_Flood\low\images (17).jpg,low,0,low,0,0.9576126337051392,medium,0.9195680618286133,low,0,0.9578702449798584,medium,0.9200192578136921,True,True,True,1.0,0.0005151377408765256,0.0003266214916948229,0.0002576112747192383,2.5069491016438405e-07,"[0.9576126337051392, 0.03804457187652588, 0.0008215117850340903, 0.003521284554153681]","[0.9578702449798584, 0.037850987166166306, 0.0008095247903838754, 0.0034693297930061817]"
model\Dataset_Flood\low\images (18).jpg,low,0,low,0,0.8714337944984436,medium,0.7658777162432671,low,0,0.8711752891540527,medium,0.765199139714241,True,True,True,0.9999998211860657,0.0008402243256568909,0.0005136183463037014,0.00042007118463516235,4.510111182298715e-07,"[0.8714337944984436, 0.10555607825517654, 0.010492388159036636, 0.012517808005213737]","[0.8711752891540527, 0.1059761494398117, 0.010472613386809826, 0.012375934980809689]"
model\Dataset_Flood\low\images (19).jpg,low,0,low,0,0.8403197526931763,medium,0.7219259738922119,low,0,0.8435682654380798,medium,0.727578692138195,True,True,True,0.9999939799308777,0.00649704784154892,0.004093832802027464,0.0032485127449035645,1.030517159961164e-05,"[0.8403197526931763, 0.11839377880096436, 0.019799718633294106, 0.021486837416887283]","[0.8435682654380798, 0.1159895732998848, 0.019564613699913025, 0.020877612754702568]"
model\Dataset_Flood\low\images (20) 2.jpg,low,0,low,0,0.9676377177238464,non_flood,0.9453563764691353,low,0,0.9680431485176086,non_flood,0.946103585883975,True,True,True,0.9999999403953552,0.0008109021000564098,0.0005339352646842599,0.00040543079376220703,7.767666829749942e-07,"[0.9676377177238464, 0.0050940546207129955, 0.004986818414181471, 0.02228134125471115]","[0.9680431485176086, 0.005031616427004337, 0.004985563922673464, 0.021939562633633614]"
model\Dataset_Flood\low\images (20).jpg,low,0,low,0,0.9844398498535156,medium,0.9693295657634735,low,0,0.9843369126319885,medium,0.9691231148317456,True,True,True,0.9999999403953552,0.00020860254880972207,0.00014599200221709907,0.00010351371020078659,1.2052547049279383e-07,"[0.9844398498535156, 0.015110284090042114, 8.60137733980082e-05, 0.0003638719208538532]","[0.9843369126319885, 0.0152137978002429, 8.678063750267029e-05, 0.00036248716060072184]"
model\Dataset_Flood\low\images (23) 2.jpg,low,0,low,0,0.9585731625556946,medium,0.9316245447844267,low,0,0.9583982825279236,medium,0.9313615839928389,True,True,True,1.0,0.00035400199703872204,0.00021505902986973524,0.0001748800277709961,1.193276801814136e-07,"[0.9585731625556946, 0.02694861777126789, 0.012460488826036453, 0.0020178041886538267]","[0.9583982825279236, 0.027036698535084724, 0.012549396604299545, 0.0020156707614660263]"
model\Dataset_Flood\low\images (23).jpg,low,0,low,0,0.86579829454422,medium,0.734319269657135,low,0,0.8653185367584229,medium,0.7333297431468964,True,True,True,0.9999997615814209,0.0010194489732384682,0.0007005059160292149,0.0005097687244415283,3.1529228294857603e-07,"[0.86579829454422, 0.13147902488708496, 0.0006108588422648609, 0.0021117504220455885]","[0.8653185367584229, 0.1319887936115265, 0.0006066029309295118, 0.002086083870381117]"
model\Dataset_Flood\low\images (24).jpg,low,0,low,0,0.9144465923309326,medium,0.8361612930893898,low,0,0.914741039276123,medium,0.8367272168397903,True,True,True,0.9999999403953552,0.0005889423191547394,0.00040088838431984186,0.0002944469451904297,1.6897455168418674e-07,"[0.9144465923309326, 0.07828529924154282, 0.0014216299168765545, 0.005846476648002863]","[0.914741039276123, 0.0780138224363327, 0.0014150156639516354, 0.005830072332173586]"
model\Dataset_Flood\low\images (25).jpg,low,0,low,0,0.5632951259613037,non_flood,0.2912468910217285,low,0,0.5603032112121582,non_flood,0.28746122121810913,True,True,True,0.9999895095825195,0.005983851850032806,0.0035523304250091314,0.002991914749145508,8.22336005512625e-06,"[0.5632951259613037, 0.104178287088871, 0.06047834828495979, 0.2720482349395752]","[0.5603032112121582, 0.10471995174884796, 0.062134865671396255, 0.2728419899940491]"
model\Dataset_Flood\low\images (26).jpg,low,0,low,0,0.7500666975975037,non_flood,0.5113018900156021,low,0,0.7510489225387573,non_flood,0.5134095251560211,True,True,True,0.9999983906745911,0.0022508606780320406,0.0014974307268857956,0.0011254101991653442,1.0556249208093504e-06,"[0.7500666975975037, 0.007607327774167061, 0.003561107674613595, 0.23876480758190155]","[0.7510489225387573, 0.00769802276045084, 0.00361363822594285, 0.2376393973827362]"
model\Dataset_Flood\low\images (27).jpg,low,0,low,0,0.5388951301574707,medium,0.2349328100681305,low,0,0.5388626456260681,medium,0.2342173159122467,True,True,True,0.9999992847442627,0.001365920528769493,0.0008491533226333559,0.0006830096244812012,6.006084163345804e-07,"[0.5388951301574707, 0.3039623200893402, 0.016456548124551773, 0.14068596065044403]","[0.5388626456260681, 0.3046453297138214, 0.01627620868384838, 0.14021587371826172]"
model\Dataset_Flood\low\images (28).jpg,low,0,low,0,0.7248585224151611,medium,0.5055087506771088,low,0,0.7256371378898621,medium,0.5067342221736908,True,True,True,0.9999995827674866,0.0015699812211096287,0.0009593224967829883,0.0007786154747009277,4.562025424093008e-07,"[0.7248585224151611, 0.21934977173805237, 0.0015647860709577799, 0.05422692373394966]","[0.7256371378898621, 0.21890291571617126, 0.0015711586456745863, 0.05388878658413887]"
model\Dataset_Flood\low\images (3).jpg,low,0,low,0,0.5443887710571289,non_flood,0.12608543038368225,low,0,0.5423669815063477,non_flood,0.12142708897590637,True,True,True,0.9999879598617554,0.005273128859698772,0.003374241292476654,0.002636551856994629,4.290020569897024e-06,"[0.5443887710571289, 0.035792943090200424, 0.001514928531832993, 0.41830334067344666]","[0.5423669815063477, 0.0352049395442009, 0.0014881447423249483, 0.4209398925304413]"
model\Dataset_Flood\low\images (30).jpg,low,0,low,0,0.8828148245811462,medium,0.7911506742238998,low,0,0.8841500878334045,medium,0.793528713285923,True,True,True,0.9999991059303284,0.002670450136065483,0.0017068099696189165,0.0013352632522583008,2.2160566004458815e-06,"[0.8828148245811462, 0.0916641503572464, 0.01485794223845005, 0.010663056746125221]","[0.8841500878334045, 0.09062137454748154, 0.014720059931278229, 0.010508527979254723]"
model\Dataset_Flood\low\images (32).jpg,low,0,low,0,0.40371444821357727,medium,0.0761173665523529,low,0,0.4046328067779541,medium,0.07795095443725586,True,True,True,0.9999971985816956,0.0021096020936965942,0.0013111537555232644,0.0009183585643768311,6.148329703137279e-07,"[0.40371444821357727, 0.32759708166122437, 0.16543236374855042, 0.10325606912374496]","[0.4046328067779541, 0.32668185234069824, 0.16556879878044128, 0.1031164899468422]"
model\Dataset_Flood\low\images (33).jpg,low,0,medium,1,0.547616720199585,low,0.15109413862228394,medium,1,0.5483138561248779,low,0.15214803814888,False,False,True,0.9999993443489075,0.0013941468205302954,0.0008480182732455432,0.0006971359252929688,4.41704514742014e-07,"[0.396522581577301, 0.547616720199585, 0.05251365900039673, 0.0033469500485807657]","[0.3961658179759979, 0.5483138561248779, 0.05218866094946861, 0.0033317008055746555]"
model\Dataset_Flood\low\images (34).jpg,low,0,low,0,0.8606447577476501,non_flood,0.7400521486997604,low,0,0.8619681000709534,non_flood,0.7425667196512222,True,True,True,0.9999987483024597,0.0026467368006706238,0.0017831709701567888,0.0013233423233032227,1.8638967276274343e-06,"[0.8606447577476501, 0.014734401367604733, 0.004028278402984142, 0.12059260904788971]","[0.8619681000709534, 0.014649556949734688, 0.003980956971645355, 0.11940138041973114]"
model\Dataset_Flood\low\images (37).jpg,low,0,low,0,0.5299943089485168,medium,0.2777997851371765,low,0,0.5303937196731567,medium,0.2783191502094269,True,True,True,0.9999998211860657,0.0007986621931195259,0.0004896059981547296,0.0003994107246398926,6.058690615873275e-08,"[0.5299943089485168, 0.25219452381134033, 0.004841288551688194, 0.2129698097705841]","[0.5303937196731567, 0.25207456946372986, 0.0048173824325203896, 0.21271441876888275]"
model\Dataset_Flood\low\images (38).jpg,low,0,low,0,0.9746900796890259,medium,0.9577280003577471,low,0,0.9746670126914978,medium,0.9576827213168144,True,True,True,1.0,4.988038563169539e-05,3.219410064048134e-05,2.3066997528076172e-05,5.635513389279367e-09,"[0.9746900796890259, 0.0169620793312788, 0.0003164751979056746, 0.008031330071389675]","[0.9746670126914978, 0.01698429137468338, 0.0003146287053823471, 0.008034084923565388]"
model\Dataset_Flood\low\images (4).jpg,low,0,low,0,0.6763107180595398,medium,0.5118765830993652,low,0,0.6753825545310974,medium,0.5095348507165909,True,True,True,0.9999974966049194,0.002827184274792671,0.0017459288937970996,0.0014135688543319702,1.888853034870408e-06,"[0.6763107180595398, 0.16443413496017456, 0.013370554894208908, 0.1458846628665924]","[0.6753825545310974, 0.16584770381450653, 0.013315940275788307, 0.1454538255929947]"
model\Dataset_Flood\low\images (47).jpg,low,0,low,0,0.6087912917137146,medium,0.24283915758132935,low,0,0.6117970943450928,medium,0.24873200058937073,True,True,True,0.999984085559845,0.006011600606143475,0.004168821964412928,0.003005802631378174,4.799120688403491e-06,"[0.6087912917137146, 0.36595213413238525, 0.01277130376547575, 0.012485293671488762]","[0.6117970943450928, 0.36306509375572205, 0.012678960338234901, 0.012458879500627518]"
model\Dataset_Flood\low\images (48).jpg,low,0,low,0,0.7374951243400574,medium,0.49447309970855713,low,0,0.7365720868110657,medium,0.4926685094833374,True,True,True,0.999998927116394,0.0018460862338542938,0.0012768504675477743,0.0009230375289916992,5.536621188184654e-07,"[0.7374951243400574, 0.24302202463150024, 0.0029924875125288963, 0.016490356996655464]","[0.7365720868110657, 0.24390357732772827, 0.0029999548569321632, 0.016524385660886765]"
model\Dataset_Flood\low\images (50).jpg,low,0,low,0,0.9525958895683289,non_flood,0.9222145527601242,low,0,0.9533618688583374,non_flood,0.9235375635325909,True,True,True,0.9999998807907104,0.0015320475213229656,0.0009587238309904933,0.0007659792900085449,1.6755803926571389e-06,"[0.9525958895683289, 0.009419395588338375, 0.007603463251143694, 0.03038133680820465]","[0.9533618688583374, 0.009327019564807415, 0.007486802525818348, 0.029824305325746536]"
model\Dataset_Flood\low\images (500).jpg,low,0,low,0,0.5063547492027283,non_flood,0.13217929005622864,low,0,0.5072007179260254,non_flood,0.1341812014579773,True,True,True,0.9999971389770508,0.0026144981384277344,0.0015124614583328366,0.001155942678451538,1.0799267329275608e-06,"[0.5063547492027283, 0.05476414039731026, 0.06470563262701035, 0.37417545914649963]","[0.5072007179260254, 0.05461283400654793, 0.0651669129729271, 0.3730195164680481]"
model\Dataset_Flood\low\images (51).jpg,low,0,low,0,0.9577741026878357,medium,0.9323659390211105,low,0,0.957842230796814,medium,0.9325327593833208,True,True,True,0.9999999403953552,0.00019949371926486492,0.00012403445725794882,9.869225323200226e-05,5.795300239697099e-08,"[0.9577741026878357, 0.02540816366672516, 0.0033668838441371918, 0.013450784608721733]","[0.957842230796814, 0.025309471413493156, 0.003365863347426057, 0.01348243746906519]"
model\Dataset_Flood\low\images (52).jpg,low,0,low,0,0.8537102341651917,medium,0.7079685628414154,low,0,0.852932333946228,medium,0.7064114511013031,True,True,True,0.999999463558197,0.0015583867207169533,0.0011010454036295414,0.0007792115211486816,5.78592732836114e-07,"[0.8537102341651917, 0.14574167132377625, 2.1035602912888862e-05, 0.0005270800902508199]","[0.852932333946228, 0.14652088284492493, 2.100046731356997e-05, 0.0005258402670733631]"
model\Dataset_Flood\low\images (54).jpg,low,0,low,0,0.9558034539222717,medium,0.9303157329559326,low,0,0.9561706185340881,medium,0.9307466447353363,True,True,True,0.9999998807907104,0.000734345056116581,0.00043058220762759447,0.00036716461181640625,6.810769264120609e-07,"[0.9558034539222717, 0.02548772096633911, 0.008512522093951702, 0.01019635796546936]","[0.9561706185340881, 0.02542397379875183, 0.00834512710571289, 0.010060319676995277]"
model\Dataset_Flood\low\images (55).jpg,low,0,low,0,0.9920937418937683,medium,0.984347369056195,low,0,0.9920763969421387,medium,0.9843128761276603,True,True,True,0.9999999403953552,3.5050547012360767e-05,2.439538911858108e-05,1.7344951629638672e-05,5.022235516349838e-09,"[0.9920937418937683, 0.00774637283757329, 0.00013986894919071347, 1.9915201846743003e-05]","[0.9920763969421387, 0.007763520814478397, 0.00014034657215233892, 1.9835206330753863e-05]"
model\Dataset_Flood\low\images (58).jpg,low,0,low,0,0.5453276038169861,medium,0.18782606720924377,low,0,0.5408186316490173,medium,0.17987412214279175,True,True,True,0.9999647736549377,0.009057792834937572,0.005776199512183666,0.00450897216796875,1.0576904969639145e-05,"[0.5453276038169861, 0.3575015366077423, 0.08438868075609207, 0.012782230973243713]","[0.5408186316490173, 0.3609445095062256, 0.08547458797693253, 0.012762290425598621]"
model\Dataset_Flood\low\images (59).jpg,low,0,low,0,0.9465553164482117,medium,0.9127454273402691,low,0,0.9459746479988098,medium,0.9118263237178326,True,True,True,0.9999998807907104,0.0012023723684251308,0.0007219137041829526,0.0005806684494018555,1.0365479283791501e-06,"[0.9465553164482117, 0.03380988910794258, 0.016206929460167885, 0.003427861025556922]","[0.9459746479988098, 0.03414832428097725, 0.016469651833176613, 0.0034073146525770426]"
model\Dataset_Flood\low\images (65).jpg,low,0,low,0,0.9177820682525635,medium,0.836323656141758,low,0,0.9179105162620544,medium,0.8365844115614891,True,True,True,1.0,0.0002646335051394999,0.00018442273722030222,0.00013230741024017334,3.566305295521488e-08,"[0.9177820682525635, 0.08145841211080551, 0.0004696422256529331, 0.0002898561942856759]","[0.9179105162620544, 0.08132610470056534, 0.00047137821093201637, 0.0002919982944149524]"
model\Dataset_Flood\low\images (67).jpg,low,0,low,0,0.6274682283401489,medium,0.2982966899871826,low,0,0.6258857250213623,medium,0.295224666595459,True,True,True,0.9999958276748657,0.0032762237824499607,0.002179028233513236,0.001582503318786621,1.516084125796624e-06,"[0.6274682283401489, 0.3291715383529663, 0.03977824002504349, 0.0035819702316075563]","[0.6258857250213623, 0.3306610584259033, 0.039926860481500626, 0.0035263902973383665]"
model\Dataset_Flood\low\images (68).jpg,low,0,low,0,0.835804283618927,medium,0.7230584099888802,low,0,0.8351370692253113,medium,0.7217180952429771,True,True,True,0.9999995827674866,0.0014207828789949417,0.0009494705591350794,0.0006731003522872925,6.024811796123686e-07,"[0.835804283618927, 0.11274587363004684, 0.00543197663500905, 0.04601790010929108]","[0.8351370692253113, 0.11341897398233414, 0.005469242576509714, 0.045974697917699814]"
model\Dataset_Flood\low\images (69).jpg,low,0,medium,1,0.839852511882782,low,0.6818574219942093,medium,1,0.8372973799705505,low,0.6767562627792358,False,False,True,0.9999939203262329,0.005110692698508501,0.0036070821806788445,0.0025551319122314453,6.058949111320544e-06,"[0.1579950898885727, 0.839852511882782, 0.0019266452873125672, 0.00022574365721084177]","[0.1605411171913147, 0.8372973799705505, 0.0019359687576070428, 0.0002255338622489944]"
model\Dataset_Flood\low\images (72).jpg,low,0,low,0,0.9733831286430359,medium,0.9545485880225897,low,0,0.973420262336731,medium,0.9546473287045956,True,True,True,1.0,0.000123168108984828,7.419077883241698e-05,6.16069883108139e-05,3.593959263525903e-08,"[0.9733831286430359, 0.018834540620446205, 0.003781255567446351, 0.004001046530902386]","[0.973420262336731, 0.01877293363213539, 0.0037974435836076736, 0.004009285941720009]"
model\Dataset_Flood\low\images (73).jpg,low,0,medium,1,0.5299715995788574,low,0.13340315222740173,medium,1,0.5290001034736633,low,0.1319366991519928,False,False,True,0.9999986290931702,0.0019760681316256523,0.00119674950838089,0.0009714961051940918,7.689814651712368e-07,"[0.3965684473514557, 0.5299715995788574, 0.010470880195498466, 0.06298905611038208]","[0.39706340432167053, 0.5290001034736633, 0.01045436691492796, 0.06348215788602829]"
model\Dataset_Flood\low\images (74).jpg,low,0,low,0,0.8735495209693909,medium,0.7495331168174744,low,0,0.8739143013954163,medium,0.7502390742301941,True,True,True,0.9999998211860657,0.0007295757532119751,0.0004998475778847933,0.0003647804260253906,1.6530613322629506e-07,"[0.8735495209693909, 0.1240164041519165, 0.001959666609764099, 0.0004744324251078069]","[0.8739143013954163, 0.12367522716522217, 0.0019407107029110193, 0.0004697699914686382]"
model\Dataset_Flood\low\images (77).jpg,low,0,low,0,0.7640765905380249,non_flood,0.6563921123743057,low,0,0.7628370523452759,non_flood,0.6549083441495895,True,True,True,0.999998927116394,0.0024789832532405853,0.001582672935910523,0.0012395381927490234,1.3885909311284195e-06,"[0.7640765905380249, 0.10685738921165466, 0.02138160914182663, 0.10768447816371918]","[0.7628370523452759, 0.10780970752239227, 0.02142450585961342, 0.10792870819568634]"
model\Dataset_Flood\low\images (8).jpg,low,0,low,0,0.9275573492050171,non_flood,0.8917153775691986,low,0,0.9280192255973816,non_flood,0.8925047665834427,True,True,True,0.9999998807907104,0.0009237923659384251,0.000576788152102381,0.00046187639236450195,4.357716818503832e-07,"[0.9275573492050171, 0.03053167648613453, 0.006069057621061802, 0.03584197163581848]","[0.9280192255973816, 0.03042537160217762, 0.006040959153324366, 0.035514459013938904]"
model\Dataset_Flood\low\images (80).jpg,low,0,low,0,0.9928117394447327,medium,0.9883977803401649,low,0,0.9929100871086121,medium,0.9885534569621086,True,True,True,0.9999999403953552,0.000196585722733289,0.00011980596173088998,9.834766387939453e-05,1.8119936839866568e-07,"[0.9928117394447327, 0.004413959104567766, 0.0020820130594074726, 0.0006921988679096103]","[0.9929100871086121, 0.0043566301465034485, 0.002044857945293188, 0.000688444881234318]"
model\Dataset_Flood\low\images (84).jpg,low,0,low,0,0.9201532006263733,medium,0.845254436135292,low,0,0.9197972416877747,medium,0.8445236310362816,True,True,True,0.9999999403953552,0.0007496626349166036,0.0005172129021957517,0.0003748461604118347,2.3095131496120302e-07,"[0.9201532006263733, 0.07489876449108124, 0.004692519083619118, 0.0002554867241997272]","[0.9197972416877747, 0.07527361065149307, 0.004675509408116341, 0.0002536388346925378]"
model\Dataset_Flood\low\images (87).jpg,low,0,low,0,0.778702437877655,medium,0.5667859315872192,low,0,0.7773216962814331,medium,0.5641354769468307,True,True,True,0.9999980926513672,0.0027613728307187557,0.0018783110426738858,0.0013807415962219238,1.466878643441305e-06,"[0.778702437877655, 0.2119165062904358, 0.005566918756812811, 0.0038141668774187565]","[0.7773216962814331, 0.21318621933460236, 0.005662890616804361, 0.003829113207757473]"
model\Dataset_Flood\low\images (89).jpg,low,0,low,0,0.9881645441055298,medium,0.9775058245286345,low,0,0.9881866574287415,medium,0.9775565955787897,True,True,True,1.0000001192092896,6.099825259298086e-05,3.720869790413417e-05,2.865772694349289e-05,,"[0.9881645441055298, 0.010658719576895237, 0.0005249130190350115, 0.0006517732399515808]","[0.9881866574287415, 0.010630061849951744, 0.0005333375884220004, 0.0006499706069007516]"
model\Dataset_Flood\low\images (90).jpg,low,0,low,0,0.8291276693344116,medium,0.6868759989738464,low,0,0.830953061580658,medium,0.6904208809137344,True,True,True,0.9999971389770508,0.003650868311524391,0.0025090081617236137,0.0018253922462463379,3.1864954053162364e-06,"[0.8291276693344116, 0.14225167036056519, 0.020677153021097183, 0.0079435333609581]","[0.830953061580658, 0.14053218066692352, 0.02060411311686039, 0.007910586893558502]"
model\Dataset_Flood\low\images (91).jpg,low,0,low,0,0.8723986148834229,non_flood,0.7489926218986511,low,0,0.8728123307228088,non_flood,0.7498442605137825,True,True,True,0.9999998211860657,0.000875889090821147,0.0006026868359185755,0.00043792277574539185,2.6314953061046253e-07,"[0.8723986148834229, 0.002343936823308468, 0.001851451932452619, 0.12340599298477173]","[0.8728123307228088, 0.0023557201493531466, 0.0018639190820977092, 0.12296807020902634]"
model\Dataset_Flood\low\images (93).jpg,low,0,low,0,0.8870903849601746,medium,0.7850953787565231,low,0,0.8873879909515381,medium,0.7856111526489258,True,True,True,0.9999999403953552,0.0005951463244855404,0.0003740597458090633,0.0002976059913635254,1.4036504580872133e-07,"[0.8870903849601746, 0.10199500620365143, 0.0035635181702673435, 0.007351046893745661]","[0.8873879909515381, 0.1017768383026123, 0.003541212063282728, 0.007293980568647385]"
model\Dataset_Flood\low\images (95).jpg,low,0,low,0,0.42297449707984924,medium,0.0852334201335907,low,0,0.4231748580932617,medium,0.08424434065818787,True,True,True,0.9999883770942688,0.004630103707313538,0.002769549610093236,0.002315029501914978,6.060930900275707e-06,"[0.42297449707984924, 0.33774107694625854, 0.060833901166915894, 0.17845043540000916]","[0.4231748580932617, 0.33893051743507385, 0.06175917387008667, 0.17613540589809418]"
model\Dataset_Flood\low\images (99).jpg,low,0,low,0,0.6773104071617126,medium,0.45880039036273956,low,0,0.6769388914108276,medium,0.45881758630275726,True,True,True,0.9999995231628418,0.0015204399824142456,0.0008082810090854764,0.000574059784412384,8.114438969641924e-07,"[0.6773104071617126, 0.21851001679897308, 0.07938982546329498, 0.0247897207736969]","[0.6769388914108276, 0.21812130510807037, 0.07996388524770737, 0.02497587352991104]"
model\Dataset_Flood\low\images - 2025-01-28T151156.322.jpg,low,0,low,0,0.9892078042030334,non_flood,0.9832833618856966,low,0,0.9891189336776733,non_flood,0.9831480290740728,True,True,True,1.0,0.00017773063154891133,0.00010867456876439974,8.887052536010742e-05,1.2243255298471922e-07,"[0.9892078042030334, 0.004824679344892502, 4.300766158849001e-05, 0.005924442317336798]","[0.9891189336776733, 0.004866550210863352, 4.353461554273963e-05, 0.005970904603600502]"
model\Dataset_Flood\low\images - 2025-01-28T151232.035.jpg,low,0,low,0,0.8973510265350342,high,0.8543204255402088,low,0,0.8962229490280151,high,0.8526430502533913,True,True,True,0.9999996423721313,0.00225619412958622,0.0013222807319834828,0.001128077507019043,1.746891939546913e-06,"[0.8973510265350342, 0.024602007120847702, 0.04303060099482536, 0.03501632437109947]","[0.8962229490280151, 0.024833867326378822, 0.04357989877462387, 0.03536328300833702]"
model\Dataset_Flood\low\images - 2025-01-28T151237.750.jpg,low,0,low,0,0.8639250993728638,non_flood,0.7460615709424019,low,0,0.8654782176017761,non_flood,0.7492100745439529,True,True,True,0.9999979734420776,0.0032207416370511055,0.0022273152135312557,0.0015953853726387024,3.137625753879547e-06,"[0.8639250993728638, 0.015808813273906708, 0.0024026050232350826, 0.11786352843046188]","[0.8654782176017761, 0.01586606353521347, 0.0023876172490417957, 0.11626814305782318]"
model\Dataset_Flood\low\images - 2025-01-28T151259.414.jpg,low,0,low,0,0.9712163209915161,medium,0.9457643497735262,low,0,0.9714868068695068,medium,0.9462761245667934,True,True,True,0.9999998807907104,0.0005410804878920317,0.0003636385081335902,0.00027048587799072266,3.2874277167138644e-07,"[0.9712163209915161, 0.02545197121798992, 7.800340245012194e-05, 0.003253691364079714]","[0.9714868068695068, 0.025210682302713394, 7.785209163557738e-05, 0.0032245370093733072]"
model\Dataset_Flood\low\images - 2025-01-28T151340.115.jpg,low,0,low,0,0.9620270133018494,medium,0.9312709905207157,low,0,0.9620287418365479,medium,0.9312183000147343,True,True,True,1.0,0.00011235545389354229,6.741464312653989e-05,5.441904067993164e-05,6.880464553660204e-08,"[0.9620270133018494, 0.03075602278113365, 0.003220844315364957, 0.00399614404886961]","[0.9620287418365479, 0.030810441821813583, 0.0031921695917844772, 0.003968610893934965]"
model\Dataset_Flood\low\images - 2025-01-28T151346.175.jpg,low,0,low,0,0.8854526281356812,non_flood,0.8305253684520721,low,0,0.8867374658584595,non_flood,0.8324209339916706,True,True,True,0.9999994039535522,0.0025696661323308945,0.0015293605392798781,0.0012848377227783203,2.122542355209589e-06,"[0.8854526281356812, 0.0526166670024395, 0.007003434002399445, 0.05492725968360901]","[0.8867374658584595, 0.052069924771785736, 0.006876075640320778, 0.054316531866788864]"
model\Dataset_Flood\low\images - 2025-01-28T151404.786.jpg,low,0,low,0,0.8291170001029968,non_flood,0.6714725643396378,low,0,0.8306007385253906,non_flood,0.6742894649505615,True,True,True,0.9999983310699463,0.002967305015772581,0.0019975905306637287,0.0014837384223937988,1.9371509552001953e-06,"[0.8291170001029968, 0.007207173388451338, 0.00603130366653204, 0.15764443576335907]","[0.8306007385253906, 0.007143290247768164, 0.0059447824023664, 0.1563112735748291]"
model\Dataset_Flood\low\images - 2025-01-28T151448.228.jpg,low,0,non_flood,3,0.3945103585720062,medium,0.1049560010433197,non_flood,3,0.3957863748073578,medium,0.10629931092262268,False,False,True,0.999995768070221,0.0025519132614135742,0.001689156168140471,0.0012760162353515625,1.5981494243533234e-06,"[0.17254182696342468, 0.2895543575286865, 0.14339344203472137, 0.3945103585720062]","[0.1724325716495514, 0.2894870638847351, 0.14229409396648407, 0.3957863748073578]"
model\Dataset_Flood\low\images - 2025-01-28T151642.863.jpg,low,0,low,0,0.9450110793113708,non_flood,0.897050466388464,low,0,0.9452868700027466,non_flood,0.8976213596761227,True,True,True,0.9999998807907104,0.000590210547670722,0.0004041479842271656,0.000295102596282959,2.74536432698369e-07,"[0.9450110793113708, 0.0032703587785363197, 0.0037579131312668324, 0.047960612922906876]","[0.9452868700027466, 0.0032812333665788174, 0.0037663558032363653, 0.04766551032662392]"
model\Dataset_Flood\low\images - 2025-01-28T151649.592.jpg,low,0,low,0,0.8953627347946167,non_flood,0.8292123675346375,low,0,0.8955112099647522,non_flood,0.8297365456819534,True,True,True,0.9999998807907104,0.0007513826712965965,0.0004386718792375177,0.00037570297718048096,4.12139343097806e-07,"[0.8953627347946167, 0.028762344270944595, 0.009724576957523823, 0.06615036725997925]","[0.8955112099647522, 0.028917325660586357, 0.009796800091862679, 0.06577466428279877]"
model\Dataset_Flood\low\images - 2025-01-28T151658.551.jpg,low,0,low,0,0.7903828024864197,medium,0.6481043994426727,low,0,0.7930411696434021,medium,0.6523650139570236,True,True,True,0.9999955892562866,0.00531659834086895,0.003276536241173744,0.002658367156982422,5.471112217492191e-06,"[0.7903828024864197, 0.14227840304374695, 0.00031957123428583145, 0.06701911240816116]","[0.7930411696434021, 0.14067615568637848, 0.0003131281118839979, 0.0659695714712143]"
model\Dataset_Flood\low\images - 2025-01-28T151702.497.jpg,low,0,low,0,0.545957088470459,medium,0.23072919249534607,low,0,0.5471776127815247,medium,0.23233899474143982,True,True,True,0.999997615814209,0.0025186482816934586,0.0015490748919546604,0.0012205243110656738,1.2802192941308022e-06,"[0.545957088470459, 0.3152278959751129, 0.02758401818573475, 0.11123094707727432]","[0.5471776127815247, 0.31483861804008484, 0.027622859925031662, 0.11036094278097153]"
model\Dataset_Flood\low\images - 2025-01-28T151753.297.jpg,low,0,low,0,0.9351738691329956,medium,0.8957632705569267,low,0,0.9350826740264893,medium,0.8956979773938656,True,True,True,1.0,0.00028321915306150913,0.00017217740241903812,0.0001416243612766266,1.4196120901033282e-07,"[0.9351738691329956, 0.03941059857606888, 0.002727718558162451, 0.022687826305627823]","[0.9350826740264893, 0.03938469663262367, 0.0027032208163291216, 0.02282945066690445]"
model\Dataset_Flood\low\images - 2025-01-28T151759.595.jpg,low,0,non_flood,3,0.4896218478679657,low,0.04151231050491333,non_flood,3,0.48650363087654114,low,0.03531178832054138,False,False,True,0.999978244304657,0.00655977800488472,0.004391930997371674,0.0031182169914245605,5.398353096097708e-06,"[0.44810953736305237, 0.04272085800766945, 0.01954772137105465, 0.4896218478679657]","[0.45119184255599976, 0.042918432503938675, 0.019386040046811104, 0.48650363087654114]"
model\Dataset_Flood\low\images - 2025-01-28T151804.422.jpg,low,0,non_flood,3,0.6377427577972412,low,0.4030335247516632,non_flood,3,0.635765552520752,low,0.399559423327446,False,False,True,0.999994695186615,0.00423169881105423,0.0025597522035241127,0.001977205276489258,2.561427891123458e-06,"[0.234709233045578, 0.11005774885416031, 0.017490284517407417, 0.6377427577972412]","[0.23620612919330597, 0.11067666858434677, 0.017351606860756874, 0.635765552520752]"
model\Dataset_Flood\low\images - 2025-01-28T151814.128.jpg,low,0,low,0,0.9372721314430237,medium,0.9037144966423512,low,0,0.9370653629302979,medium,0.9033504463732243,True,True,True,0.9999999403953552,0.0004135635681450367,0.000262241781456396,0.00020676851272583008,8.486449587508105e-08,"[0.9372721314430237, 0.03355763480067253, 0.004484399687498808, 0.024685870856046677]","[0.9370653629302979, 0.03371491655707359, 0.004503950476646423, 0.024715833365917206]"
model\Dataset_Flood\low\images - 2025-01-28T151819.441.jpg,low,0,low,0,0.7350786328315735,non_flood,0.48876336216926575,low,0,0.7367792725563049,non_flood,0.4921102821826935,True,True,True,0.9999962449073792,0.0034013367258012295,0.0023674287367612123,0.0017006397247314453,1.8879363778978586e-06,"[0.7350786328315735, 0.01242407038807869, 0.006182006094604731, 0.24631527066230774]","[0.7367792725563049, 0.012417159043252468, 0.006134500727057457, 0.24466899037361145]"
model\Dataset_Flood\low\images - 2025-01-28T151834.916.jpg,low,0,low,0,0.9659685492515564,non_flood,0.9365335907787085,low,0,0.9658136367797852,non_flood,0.9362009037286043,True,True,True,1.0,0.00035558134550228715,0.00023689729277975857,0.000177774578332901,1.2157033779658377e-07,"[0.9659685492515564, 0.004502154886722565, 9.432805381948128e-05, 0.02943495847284794]","[0.9658136367797852, 0.004479381255805492, 9.420738206245005e-05, 0.02961273305118084]"
model\Dataset_Flood\low\images - 2025-01-28T151845.883.jpg,low,0,low,0,0.6131476759910583,medium,0.29725396633148193,low,0,0.6151461601257324,medium,0.3005577325820923,True,True,True,0.9999949932098389,0.0039969016797840595,0.0024771124590188265,0.0019984841346740723,2.310436684638262e-06,"[0.6131476759910583, 0.3158937096595764, 0.003870774758979678, 0.06708782911300659]","[0.6151461601257324, 0.31458842754364014, 0.003838982665911317, 0.06642648577690125]"
model\Dataset_Flood\low\images - 2025-01-28T151858.089.jpg,low,0,low,0,0.7347897887229919,medium,0.47620075941085815,low,0,0.734914243221283,medium,0.47640496492385864,True,True,True,1.0,0.0002488233149051666,0.0001529883884359151,0.00012445449829101562,4.000776243628934e-08,"[0.7347897887229919, 0.2585890293121338, 0.0025953662116080523, 0.004025768488645554]","[0.734914243221283, 0.2585092782974243, 0.0025898043531924486, 0.003986712545156479]"
model\Dataset_Flood\low\images - 2025-01-28T151903.718.jpg,low,0,low,0,0.5828442573547363,high,0.3263991177082062,low,0,0.5805469155311584,high,0.3220066428184509,True,True,True,0.9999900460243225,0.004821391776204109,0.00312726479023695,0.002297341823577881,3.4564836823847145e-06,"[0.5828442573547363, 0.14657184481620789, 0.25644513964653015, 0.014138803817331791]","[0.5805469155311584, 0.1468873918056488, 0.2585402727127075, 0.014025433920323849]"
model\Dataset_Flood\low\images - 2025-01-28T151914.493.jpg,low,0,medium,1,0.5470253229141235,low,0.1534339189529419,medium,1,0.5468298196792603,low,0.15208381414413452,False,False,True,0.9999979734420776,0.0023091547191143036,0.0014322795905172825,0.0011546015739440918,2.7680073344527045e-06,"[0.39359140396118164, 0.5470253229141235, 0.021756943315267563, 0.03762631490826607]","[0.39474600553512573, 0.5468298196792603, 0.021609239280223846, 0.03681496903300285]"
model\Dataset_Flood\low\images - 2025-01-28T151920.023.jpg,low,0,low,0,0.6026735901832581,medium,0.2213253378868103,low,0,0.603763997554779,medium,0.22342604398727417,True,True,True,0.999998152256012,0.0021808810997754335,0.001488030655309558,0.001090407371520996,6.893803856655722e-07,"[0.6026735901832581, 0.38134825229644775, 0.015008942224085331, 0.0009692461462691426]","[0.603763997554779, 0.3803379535675049, 0.014943073503673077, 0.0009549398673698306]"
model\Dataset_Flood\low\images - 2025-01-28T151929.457.jpg,low,0,low,0,0.7727410793304443,high,0.677697204053402,low,0,0.7743143439292908,high,0.6800735369324684,True,True,True,0.9999987483024597,0.003146585077047348,0.0018757502548396587,0.0015732645988464355,1.9633007468655705e-06,"[0.7727410793304443, 0.05773322656750679, 0.09504387527704239, 0.07448187470436096]","[0.7743143439292908, 0.05757361650466919, 0.09424080699682236, 0.07387123256921768]"
model\Dataset_Flood\low\images - 2025-01-28T151933.195.jpg,low,0,low,0,0.8257099390029907,non_flood,0.6921039819717407,low,0,0.8265671730041504,non_flood,0.6934909373521805,True,True,True,0.9999995827674866,0.0017144643934443593,0.0010558110661804676,0.000857234001159668,6.758927497685363e-07,"[0.8257099390029907, 0.03875274211168289, 0.0019313370576128364, 0.13360595703125]","[0.8265671730041504, 0.03843790665268898, 0.001918663503602147, 0.1330762356519699]"
model\Dataset_Flood\low\images - 2025-01-28T151941.007.jpg,low,0,low,0,0.864005982875824,medium,0.768419936299324,low,0,0.864914059638977,medium,0.7703285291790962,True,True,True,0.9999992251396179,0.002069158013910055,0.0013574931072071195,0.00100051611661911,1.519019974693947e-06,"[0.864005982875824, 0.09558604657649994, 0.0050209518522024155, 0.0353870652616024]","[0.864914059638977, 0.09458553045988083, 0.004986826796084642, 0.0355135053396225]"
model\Dataset_Flood\low\images - 2025-01-28T152003.285.jpg,low,0,low,0,0.6979993581771851,medium,0.41993439197540283,low,0,0.69826740026474,medium,0.4205045700073242,True,True,True,0.9999998807907104,0.0006231610896065831,0.00040634485776536167,0.0003021359443664551,1.0379699943996457e-07,"[0.6979993581771851, 0.2780649662017822, 0.0011678318260237575, 0.022767871618270874]","[0.69826740026474, 0.27776283025741577, 0.0011583676096051931, 0.022811390459537506]"
model\Dataset_Flood\low\images - 2025-01-28T152008.452.jpg,low,0,low,0,0.7724963426589966,medium,0.5507479459047318,low,0,0.773063600063324,medium,0.5519143342971802,True,True,True,0.9999995231628418,0.0011982675641775131,0.0008255790453404188,0.0005991309881210327,2.7713986128219403e-07,"[0.7724963426589966, 0.22174839675426483, 0.00039879485848359764, 0.0053564393892884254]","[0.773063600063324, 0.2211492657661438, 0.000401817902456969, 0.005385295487940311]"
model\Dataset_Flood\low\images - 2025-01-28T152013.342.jpg,low,0,low,0,0.9712835550308228,medium,0.9508531782776117,low,0,0.9714088439941406,medium,0.9510177001357079,True,True,True,1.0,0.0002506403252482414,0.00015232348232530057,0.0001252889633178711,1.2329472554029053e-07,"[0.9712835550308228, 0.02043037675321102, 0.0008435507188551128, 0.007442583795636892]","[0.9714088439941406, 0.02039114385843277, 0.0008340898784808815, 0.007365926168859005]"
model\Dataset_Flood\low\images - 2025-01-28T152019.566.jpg,low,0,high,2,0.4319988489151001,low,0.1821489930152893,high,2,0.4339231848716736,low,0.18314391374588013,False,False,True,0.9999797344207764,0.005831003189086914,0.0036153739783912897,0.002915516495704651,6.2622129917144775e-06,"[0.2498498558998108, 0.09296219050884247, 0.4319988489151001, 0.22518913447856903]","[0.25077927112579346, 0.09302392601966858, 0.4339231848716736, 0.22227361798286438]"
model\Dataset_Flood\low\images - 2025-01-28T152029.266.jpg,low,0,low,0,0.9314181208610535,medium,0.875893097370863,low,0,0.9313538074493408,medium,0.8756048008799553,True,True,True,1.0,0.00044794403947889805,0.00027491245418787,0.00022398307919502258,3.590794506180828e-07,"[0.9314181208610535, 0.055525023490190506, 0.0013258145190775394, 0.01173096988350153]","[0.9313538074493408, 0.05574900656938553, 0.0013112921733409166, 0.011585844680666924]"
model\Dataset_Flood\low\images - 2025-01-28T152032.993.jpg,low,0,low,0,0.9081495404243469,non_flood,0.8437912240624428,low,0,0.9086547493934631,non_flood,0.8446059823036194,True,True,True,1.0,0.0010104659013450146,0.0006087090587243438,0.0005052089691162109,4.793328685082088e-07,"[0.9081495404243469, 0.02265111915767193, 0.004841062240302563, 0.06435831636190414]","[0.9086547493934631, 0.022540634498000145, 0.004755839239805937, 0.06404876708984375]"
model\Dataset_Flood\low\images - 2025-01-28T152038.912.jpg,low,0,low,0,0.8087589740753174,medium,0.718031644821167,low,0,0.8093559145927429,medium,0.7188402637839317,True,True,True,0.9999997615814209,0.0013227947056293488,0.0007794303237460554,0.0005969405174255371,4.545582044102048e-07,"[0.8087589740753174, 0.09072732925415039, 0.016986336559057236, 0.08352730423212051]","[0.8093559145927429, 0.09051565080881119, 0.017050839960575104, 0.08307763189077377]"
model\Dataset_Flood\low\images - 2025-01-28T152045.509.jpg,low,0,low,0,0.9109413027763367,non_flood,0.8665371425449848,low,0,0.9116081595420837,non_flood,0.8678554967045784,True,True,True,0.9999997019767761,0.001470109447836876,0.0009384978911839426,0.0006668567657470703,1.3419485185295343e-06,"[0.9109413027763367, 0.015508567914366722, 0.029145963490009308, 0.04440416023135185]","[0.9116081595420837, 0.015425050631165504, 0.029214201495051384, 0.04375266283750534]"
model\Dataset_Flood\low\images - 2025-01-28T152051.161.jpg,low,0,low,0,0.940088152885437,non_flood,0.904280960559845,low,0,0.9392180442810059,non_flood,0.902825839817524,True,True,True,0.9999997019767761,0.001740231178700924,0.0010728593915700912,0.0008701086044311523,1.707259684735618e-06,"[0.940088152885437, 0.019212333485484123, 0.004892327357083559, 0.03580719232559204]","[0.9392180442810059, 0.01942923665046692, 0.004960534628480673, 0.0363922044634819]"
model\Dataset_Flood\low\images - 2025-01-28T152109.380.jpg,low,0,low,0,0.8683101534843445,medium,0.8077157437801361,low,0,0.8671447038650513,medium,0.8061234168708324,True,True,True,0.9999995231628418,0.0023308657109737396,0.0013749772915616632,0.0011654496192932129,1.7765523807611316e-06,"[0.8683101534843445, 0.060594409704208374, 0.03732088580727577, 0.03377460315823555]","[0.8671447038650513, 0.061021286994218826, 0.037886809557676315, 0.03394721820950508]"
model\Dataset_Flood\low\images - 2025-01-28T152126.981.jpg,low,0,low,0,0.5348719358444214,non_flood,0.28376540541648865,low,0,0.5350452661514282,non_flood,0.2840256094932556,True,True,True,0.9999997615814209,0.00068674236536026,0.00036372861359268427,0.0002565160393714905,2.111519137315554e-07,"[0.5348719358444214, 0.17154255509376526, 0.04247898980975151, 0.25110653042793274]","[0.5350452661514282, 0.17171257734298706, 0.04222247377038002, 0.2510196566581726]"
model\Dataset_Flood\low\images - 2025-01-28T152141.086.jpg,low,0,non_flood,3,0.5426347851753235,low,0.10309040546417236,non_flood,3,0.5415566563606262,low,0.10079988837242126,False,False,True,0.9999972581863403,0.0024247269611805677,0.0016268944600597024,0.001212388277053833,8.287024684250355e-07,"[0.4395443797111511, 0.01523763220757246, 0.002583199180662632, 0.5426347851753235]","[0.44075676798820496, 0.015117933042347431, 0.002568688476458192, 0.5415566563606262]"
model\Dataset_Flood\low\images - 2025-01-28T152202.438.jpg,low,0,non_flood,3,0.5131003260612488,low,0.05180874466896057,non_flood,3,0.5102670192718506,low,0.04608958959579468,False,False,True,0.9999828338623047,0.005771674681454897,0.0040445029735565186,0.0028858482837677,4.180940322839888e-06,"[0.4612915813922882, 0.019831817597150803, 0.005776241887360811, 0.5131003260612488]","[0.4641774296760559, 0.019784629344940186, 0.005770910531282425, 0.5102670192718506]"
model\Dataset_Flood\low\images - 2025-01-28T152238.780.jpg,low,0,low,0,0.9577138423919678,medium,0.9262790679931641,low,0,0.9575752019882202,medium,0.9260177463293076,True,True,True,1.0,0.0002800863585434854,0.00018593983259052038,0.0001386404037475586,3.873040554935869e-08,"[0.9577138423919678, 0.03143477439880371, 0.01055581122636795, 0.0002956187236122787]","[0.9575752019882202, 0.03155745565891266, 0.010573121719062328, 0.00029416452161967754]"
model\Dataset_Flood\low\images - 2025-01-28T152308.506.jpg,low,0,non_flood,3,0.6424681544303894,low,0.29946112632751465,non_flood,3,0.6425328254699707,low,0.29956603050231934,False,False,True,1.0,0.00012937362771481276,7.970298611326143e-05,6.467103958129883e-05,,"[0.34300702810287476, 0.014014885760843754, 0.0005099622649140656, 0.6424681544303894]","[0.34296679496765137, 0.013991422951221466, 0.0005089556216262281, 0.6425328254699707]"
model\Dataset_Flood\low\images - 2025-01-28T152338.056.jpg,low,0,low,0,0.7502281069755554,medium,0.5996694415807724,low,0,0.7496546506881714,medium,0.5986864417791367,True,True,True,0.9999998211860657,0.0011468678712844849,0.000715777394361794,0.0005734562873840332,2.2220683604246005e-07,"[0.7502281069755554, 0.15055866539478302, 0.05361662805080414, 0.04559658467769623]","[0.7496546506881714, 0.15096820890903473, 0.05373271554708481, 0.0456443652510643]"
model\Dataset_Flood\low\images - 2025-01-28T152347.979.jpg,low,0,non_flood,3,0.5262885689735413,high,0.16272574663162231,non_flood,3,0.5263254046440125,high,0.16258567571640015,False,False,True,0.9999998807907104,0.0006139371544122696,0.0003681962552946061,0.0003069564700126648,1.9797333550286567e-07,"[0.08258964121341705, 0.02755894511938095, 0.36356282234191895, 0.5262885689735413]","[0.08228268474340439, 0.027652183547616005, 0.3637397289276123, 0.5263254046440125]"
model\Dataset_Flood\low\images - 2025-01-28T152650.023.jpg,low,0,low,0,0.9949926733970642,non_flood,0.9916521285194904,low,0,0.994987964630127,non_flood,0.9916415987536311,True,True,True,0.9999999403953552,1.177974627353251e-05,7.553457635367522e-06,5.820998921990395e-06,3.159448169753887e-08,"[0.9949926733970642, 0.0016344719333574176, 3.2429910788778216e-05, 0.0033405448775738478]","[0.994987964630127, 0.0016335175605490804, 3.213430318282917e-05, 0.003346365876495838]"
model\Dataset_Flood\low\images - 2025-01-28T152703.479.jpg,low,0,low,0,0.6727693676948547,non_flood,0.4165220260620117,low,0,0.673800528049469,non_flood,0.41875070333480835,True,True,True,0.9999978542327881,0.0025879107415676117,0.0016048949910327792,0.001197516918182373,1.1706725899784942e-06,"[0.6727693676948547, 0.06459122896194458, 0.0063920519314706326, 0.256247341632843]","[0.673800528049469, 0.06485398858785629, 0.006295578088611364, 0.25504982471466064]"
model\Dataset_Flood\low\images - 2025-01-28T152711.982.jpg,low,0,low,0,0.9120603799819946,non_flood,0.8435576036572456,low,0,0.9122537970542908,non_flood,0.8440225571393967,True,True,True,0.9999998807907104,0.0005430267192423344,0.000339245394570753,0.0002715364098548889,2.11941369343549e-07,"[0.9120603799819946, 0.012889138422906399, 0.006547729484736919, 0.06850277632474899]","[0.9122537970542908, 0.012906990945339203, 0.006607950199395418, 0.0682312399148941]"
model\Dataset_Flood\low\images - 2025-01-28T153836.835.jpg,low,0,medium,1,0.505054235458374,non_flood,0.2091614305973053,medium,1,0.5048789978027344,non_flood,0.20960590243339539,False,False,True,0.9999976754188538,0.0021479707211256027,0.0012829781044274569,0.0010739713907241821,1.4020480421095272e-06,"[0.1747635006904602, 0.505054235458374, 0.02428949810564518, 0.2958928048610687]","[0.1758374720811844, 0.5048789978027344, 0.024010445922613144, 0.295273095369339]"
model\Dataset_Flood\low\images - 2025-01-28T153842.485.jpg,low,0,low,0,0.9718099236488342,non_flood,0.9546479601413012,low,0,0.971924364566803,non_flood,0.9548222552984953,True,True,True,1.0,0.00022890581749379635,0.00013494110316969454,0.00011444091796875,6.987192335827785e-08,"[0.9718099236488342, 0.007179449312388897, 0.0038486148696392775, 0.017161963507533073]","[0.971924364566803, 0.007156542036682367, 0.0038169114850461483, 0.017102109268307686]"
model\Dataset_Flood\low\images - 2025-01-28T153916.966.jpg,low,0,low,0,0.9801375269889832,medium,0.965744761750102,low,0,0.9800893068313599,medium,0.9658252699300647,True,True,True,1.0,0.00035388750256970525,0.00021323883265722543,0.00016236444935202599,8.370070645469241e-07,"[0.9801375269889832, 0.014392765238881111, 0.004720035940408707, 0.000749716127756983]","[0.9800893068313599, 0.014264036901295185, 0.004882400389760733, 0.0007642906857654452]"
model\Dataset_Flood\low\images - 2025-01-28T153922.685.jpg,low,0,low,0,0.9624086618423462,medium,0.9474236443638802,low,0,0.9628943204879761,medium,0.9479736452922225,True,True,True,1.0,0.0009713685140013695,0.0005770405405201018,0.0004856586456298828,1.0901494533754885e-06,"[0.9624086618423462, 0.014985017478466034, 0.014452659524977207, 0.008153690956532955]","[0.9628943204879761, 0.014920675195753574, 0.01419617049396038, 0.007988812401890755]"
model\Dataset_Flood\low\images - 2025-01-28T153932.421.jpg,low,0,low,0,0.7707412242889404,medium,0.5897773951292038,low,0,0.7720634937286377,medium,0.591478556394577,True,True,True,0.9999989867210388,0.0026444876566529274,0.0016232947818934917,0.0013222694396972656,2.7627393137663603e-06,"[0.7707412242889404, 0.18096382915973663, 0.0059869191609323025, 0.042307984083890915]","[0.7720634937286377, 0.18058493733406067, 0.005901389289647341, 0.04145018756389618]"
model\Dataset_Flood\low\images - 2025-01-28T153954.987.jpg,low,0,non_flood,3,0.5309033989906311,low,0.08143937587738037,non_flood,3,0.5285108089447021,low,0.07657262682914734,False,False,True,0.999987781047821,0.004967435263097286,0.0034430150408297777,0.002474159002304077,3.1552044674754143e-06,"[0.44946402311325073, 0.009686087258160114, 0.009946540929377079, 0.5309033989906311]","[0.4519381821155548, 0.009695598855614662, 0.009855366311967373, 0.5285108089447021]"
model\Dataset_Flood\low\images - 2025-01-28T154000.998.jpg,low,0,low,0,0.927949845790863,medium,0.8618210405111313,low,0,0.9283580183982849,medium,0.8626178279519081,True,True,True,0.9999999403953552,0.0008183366153389215,0.0005639599985443056,0.000408172607421875,3.2214802558883093e-07,"[0.927949845790863, 0.06612880527973175, 0.0001775224372977391, 0.005743866786360741]","[0.9283580183982849, 0.0657401904463768, 0.0001784907653927803, 0.0057232859544456005]"
model\Dataset_Flood\low\images - 2025-01-28T154005.834.jpg,low,0,low,0,0.9609376192092896,medium,0.9318360947072506,low,0,0.9609372019767761,medium,0.9318777620792389,True,True,True,1.0,8.499834802933037e-05,5.922702985117212e-05,4.208460450172424e-05,6.008668407275763e-08,"[0.9609376192092896, 0.029101524502038956, 0.00026459689252078533, 0.00969625823199749]","[0.9609372019767761, 0.02905943989753723, 0.0002654297568369657, 0.009737921878695488]"
model\Dataset_Flood\low\images - 2025-01-28T154010.314.jpg,low,0,low,0,0.767338216304779,medium,0.64666897803545,low,0,0.7707718014717102,medium,0.6509624421596527,True,True,True,0.9999924302101135,0.006867238320410252,0.004228530917316675,0.0034335851669311523,1.0171673238801304e-05,"[0.767338216304779, 0.12066923826932907, 0.012076829560101032, 0.09991571307182312]","[0.7707718014717102, 0.1198093593120575, 0.011799748986959457, 0.09761901944875717]"
model\Dataset_Flood\low\images - 2025-01-28T154015.107.jpg,low,0,low,0,0.9152799844741821,medium,0.860401589423418,low,0,0.9162458181381226,medium,0.8619830720126629,True,True,True,0.9999996423721313,0.0019317357800900936,0.0011862927349284291,0.0009658336639404297,1.5647818827346782e-06,"[0.9152799844741821, 0.054878395050764084, 0.0022141814697533846, 0.027627425268292427]","[0.9162458181381226, 0.05426274612545967, 0.0021696181502193213, 0.02732173539698124]"
model\Dataset_Flood\low\images - 2025-01-28T154026.869.jpg,low,0,low,0,0.8286519646644592,medium,0.7140745371580124,low,0,0.8293177485466003,medium,0.7153154462575912,True,True,True,0.9999996423721313,0.0014486908912658691,0.0008942739223130047,0.0006657838821411133,4.907706170342863e-07,"[0.8286519646644592, 0.11457742750644684, 0.020310183987021446, 0.03646039962768555]","[0.8293177485466003, 0.1140023022890091, 0.02036878652870655, 0.03631122037768364]"
model\Dataset_Flood\low\images - 2025-01-28T154034.580.jpg,low,0,low,0,0.5923057198524475,non_flood,0.2750546932220459,low,0,0.5946168303489685,non_flood,0.27947840094566345,True,True,True,0.9999904036521912,0.004622181877493858,0.00313692563213408,0.002311110496520996,2.929999027401209e-06,"[0.5923057198524475, 0.0633191466331482, 0.02712414041161537, 0.3172510266304016]","[0.5946168303489685, 0.06312961131334305, 0.027115201577544212, 0.31513842940330505]"
model\Dataset_Flood\low\images - 2025-01-28T154048.164.jpg,low,0,low,0,0.9874699115753174,medium,0.9764770977199078,low,0,0.9875783324241638,medium,0.9767023185268044,True,True,True,0.9999999403953552,0.00023541628615930676,0.0001596374495420605,0.00011679995805025101,1.6604236918738025e-07,"[0.9874699115753174, 0.010992813855409622, 9.629791748011485e-05, 0.001440971391275525]","[0.9875783324241638, 0.010876013897359371, 9.537328878650442e-05, 0.0014502422418445349]"
model\Dataset_Flood\low\images - 2025-01-28T154100.222.jpg,low,0,low,0,0.93607497215271,non_flood,0.8889501020312309,low,0,0.9364107251167297,non_flood,0.8894844837486744,True,True,True,0.9999999403953552,0.0006715939380228519,0.000406094390200451,0.0003357529640197754,2.2953099687583745e-07,"[0.93607497215271, 0.013808601535856724, 0.002991612534970045, 0.047124870121479034]","[0.9364107251167297, 0.01369927916675806, 0.0029637226834893227, 0.046926241368055344]"
model\Dataset_Flood\low\images - 2025-01-28T154115.900.jpg,low,0,low,0,0.9769569635391235,medium,0.9553160984069109,low,0,0.9767632484436035,medium,0.9549217112362385,True,True,True,1.0,0.00040257268119603395,0.00027902115834876895,0.00020067207515239716,2.4520613806089386e-07,"[0.9769569635391235, 0.02164086513221264, 0.0006634657620452344, 0.0007386765209957957]","[0.9767632484436035, 0.021841537207365036, 0.0006640598876401782, 0.0007310851360671222]"
model\Dataset_Flood\low\images - 2025-01-28T154128.612.jpg,low,0,low,0,0.9254311919212341,non_flood,0.8849547542631626,low,0,0.9247446060180664,non_flood,0.8838652111589909,True,True,True,0.9999998807907104,0.001373262144625187,0.0008387083071283996,0.0006865859031677246,8.67992639541626e-07,"[0.9254311919212341, 0.028948213905096054, 0.005144111346453428, 0.04047643765807152]","[0.9247446060180664, 0.029211334884166718, 0.005164709407836199, 0.040879394859075546]"
model\Dataset_Flood\low\images - 2025-01-28T154215.259.jpg,low,0,low,0,0.9836841821670532,medium,0.971727641299367,low,0,0.9837678074836731,medium,0.9718676954507828,True,True,True,0.9999999403953552,0.00016719987615942955,0.00010317998385289684,8.362531661987305e-05,5.745005182689056e-08,"[0.9836841821670532, 0.011956540867686272, 0.0005574389942921698, 0.0038017937913537025]","[0.9837678074836731, 0.01190011203289032, 0.000550946278963238, 0.0037811407819390297]"
model\Dataset_Flood\low\images - 2025-01-28T154220.970.jpg,low,0,low,0,0.6504804491996765,medium,0.44232945144176483,low,0,0.6504606604576111,medium,0.4418729394674301,True,True,True,0.9999997615814209,0.000873468816280365,0.0005365107208490372,0.0004367232322692871,2.827000287197734e-07,"[0.6504804491996765, 0.20815099775791168, 0.01989380642771721, 0.12147475779056549]","[0.6504606604576111, 0.20858772099018097, 0.019755322486162186, 0.12119628489017487]"
model\Dataset_Flood\low\images - 2025-01-28T154225.875.jpg,low,0,low,0,0.67435622215271,non_flood,0.3592985272407532,low,0,0.6753185391426086,non_flood,0.3611019253730774,True,True,True,0.9999986886978149,0.0019246013835072517,0.0012809730833396316,0.0009623169898986816,6.758782546967268e-07,"[0.67435622215271, 0.006451644003391266, 0.004134436137974262, 0.3150576949119568]","[0.6753185391426086, 0.0063971905037760735, 0.004067686386406422, 0.31421661376953125]"
model\Dataset_Flood\low\images - 2025-01-28T154231.729.jpg,low,0,low,0,0.9187937378883362,non_flood,0.8608430065214634,low,0,0.9196552634239197,non_flood,0.8624273724853992,True,True,True,0.9999995827674866,0.0017230992671102285,0.0011319542536512017,0.0008615255355834961,1.3400131138041615e-06,"[0.9187937378883362, 0.020701643079519272, 0.0025538799818605185, 0.05795073136687279]","[0.9196552634239197, 0.02057323232293129, 0.002543557435274124, 0.05722789093852043]"
model\Dataset_Flood\low\images - 2025-01-28T154235.405.jpg,low,0,low,0,0.9927818775177002,non_flood,0.9870237382128835,low,0,0.9928544163703918,non_flood,0.9871458252891898,True,True,True,0.9999999403953552,0.0001451960124541074,9.082524775294587e-05,7.253885269165039e-05,1.0042094089612874e-07,"[0.9927818775177002, 0.001451360061764717, 8.679448910697829e-06, 0.005758139304816723]","[0.9928544163703918, 0.0014282881747931242, 8.642399734526407e-06, 0.00570859108120203]"
model\Dataset_Flood\low\images - 2025-01-28T154246.804.jpg,low,0,low,0,0.9944355487823486,medium,0.9893081979826093,low,0,0.9943994879722595,medium,0.989240082912147,True,True,True,1.0000001192092896,7.21087126294151e-05,4.8336118197767064e-05,3.606081008911133e-05,4.3237943780916055e-10,"[0.9944355487823486, 0.005127350799739361, 0.0001985682174563408, 0.0002385694970143959]","[0.9943994879722595, 0.005159405060112476, 0.00020108847820665687, 0.00024004287843126804]"
model\Dataset_Flood\low\images - 2025-01-28T154259.337.jpg,low,0,low,0,0.8488896489143372,medium,0.7055739909410477,low,0,0.848666787147522,medium,0.7051041573286057,True,True,True,1.0,0.0004938842612318695,0.00033345408155582845,0.00024697184562683105,4.011826604255475e-08,"[0.8488896489143372, 0.1433156579732895, 0.0006511760293506086, 0.007143501657992601]","[0.848666787147522, 0.14356262981891632, 0.0006501039024442434, 0.007120523136109114]"
model\Dataset_Flood\low\images - 2025-01-28T154303.453.jpg,low,0,non_flood,3,0.5913457274436951,low,0.21209368109703064,non_flood,3,0.588740348815918,low,0.20666733384132385,False,False,True,0.9999855160713196,0.005641944706439972,0.003845596918836236,0.0028209686279296875,4.281057499611052e-06,"[0.37925204634666443, 0.028614506125450134, 0.0007876755553297698, 0.5913457274436951]","[0.3820730149745941, 0.028407935053110123, 0.0007786494679749012, 0.588740348815918]"
model\Dataset_Flood\low\images - 2025-01-28T154309.117.jpg,low,0,low,0,0.807909369468689,medium,0.6282194703817368,low,0,0.8082398176193237,medium,0.6288195103406906,True,True,True,0.9999999403953552,0.0006608508992940187,0.0004288432246539742,0.0003304481506347656,1.278849595109932e-07,"[0.807909369468689, 0.1796898990869522, 0.008892416022717953, 0.0035082953982055187]","[0.8082398176193237, 0.17942030727863312, 0.008852476254105568, 0.003487424226477742]"
model\Dataset_Flood\low\images - 2025-01-28T154330.633.jpg,low,0,low,0,0.6648005843162537,non_flood,0.4964350461959839,low,0,0.664543628692627,non_flood,0.49604931473731995,True,True,True,0.9999998807907104,0.0005793413147330284,0.0003309999592602253,0.000256955623626709,2.894266799557954e-07,"[0.6648005843162537, 0.15496931970119476, 0.011864570900797844, 0.16836553812026978]","[0.664543628692627, 0.15493658185005188, 0.012025442905724049, 0.168494313955307]"
model\Dataset_Flood\low\images - 2025-01-28T154337.022.jpg,low,0,low,0,0.8068496584892273,non_flood,0.6270036846399307,low,0,0.8074427843093872,non_flood,0.6281493157148361,True,True,True,0.9999996423721313,0.0011861190432682633,0.0008112933719530702,0.0005931258201599121,2.928136382251978e-07,"[0.8068496584892273, 0.012314556166529655, 0.0009897081181406975, 0.17984597384929657]","[0.8074427843093872, 0.012281722389161587, 0.0009820539271458983, 0.1792934685945511]"
model\Dataset_Flood\low\images - 2025-01-28T154412.789.jpg,low,0,low,0,0.7476656436920166,non_flood,0.5417271256446838,low,0,0.7485808730125427,non_flood,0.543705940246582,True,True,True,0.9999986886978149,0.002216797322034836,0.001417099148966372,0.0010635852813720703,1.130625605583191e-06,"[0.7476656436920166, 0.01617756299674511, 0.03021829016506672, 0.20593851804733276]","[0.7485808730125427, 0.01637069508433342, 0.030173439532518387, 0.2048749327659607]"
model\Dataset_Flood\low\images - 2025-01-28T154416.248.jpg,low,0,low,0,0.8983278870582581,medium,0.818839818239212,low,0,0.8976752161979675,medium,0.817537471652031,True,True,True,0.9999996423721313,0.0013325288891792297,0.00092115014558658,0.0006526708602905273,7.296664534806041e-07,"[0.8983278870582581, 0.07948806881904602, 0.011721891351044178, 0.010462218895554543]","[0.8976752161979675, 0.08013774454593658, 0.01173845212906599, 0.010448597371578217]"
model\Dataset_Flood\low\images - 2025-01-28T154421.186.jpg,low,0,low,0,0.8747696280479431,non_flood,0.7735745385289192,low,0,0.8755292892456055,non_flood,0.7750188931822777,True,True,True,0.9999995231628418,0.0015193792060017586,0.00102415366563946,0.0007596611976623535,7.046037922009418e-07,"[0.8747696280479431, 0.01982756145298481, 0.004207714926451445, 0.1011950895190239]","[0.8755292892456055, 0.01978040486574173, 0.004179846961051226, 0.10051039606332779]"
model\Dataset_Flood\low\images - 2025-01-28T154435.446.jpg,low,0,low,0,0.9379522800445557,medium,0.8846005499362946,low,0,0.9380292296409607,medium,0.8847588188946247,True,True,True,0.9999999403953552,0.00016486993990838528,0.00011209449439775199,8.131936192512512e-05,4.9092392373495386e-08,"[0.9379522800445557, 0.05335173010826111, 0.003785053500905633, 0.004910884890705347]","[0.9380292296409607, 0.05327041074633598, 0.0037905117496848106, 0.004909742157906294]"
model\Dataset_Flood\low\images - 2025-01-28T154439.622.jpg,low,0,low,0,0.5271900296211243,medium,0.19585129618644714,low,0,0.5291135907173157,medium,0.19978109002113342,True,True,True,0.9999909400939941,0.0040589794516563416,0.0027815133798867464,0.002006232738494873,2.443618768666056e-06,"[0.5271900296211243, 0.3313387334346771, 0.13951346278190613, 0.001957774395123124]","[0.5291135907173157, 0.32933250069618225, 0.139619380235672, 0.001934506231918931]"
model\Dataset_Flood\low\images - 2025-01-28T154445.299.jpg,low,0,low,0,0.9708670973777771,non_flood,0.944373132660985,low,0,0.971132755279541,non_flood,0.9448720943182707,True,True,True,0.9999999403953552,0.0005312753492034972,0.0003546366351656616,0.000265657901763916,3.178683982696384e-07,"[0.9708670973777771, 0.002277576830238104, 0.00036132746026851237, 0.026493964716792107]","[0.971132755279541, 0.0022504590451717377, 0.0003561315534170717, 0.026260660961270332]"
model\Dataset_Flood\low\images - 2025-01-28T155157.052.jpg,low,0,low,0,0.8519521355628967,non_flood,0.7264190316200256,low,0,0.851349949836731,non_flood,0.7254143059253693,True,True,True,0.9999998211860657,0.0012044289615005255,0.000747766112908721,0.0006021857261657715,4.1469320422038436e-07,"[0.8519521355628967, 0.01930391974747181, 0.003210818162187934, 0.1255331039428711]","[0.851349949836731, 0.01948905736207962, 0.0032253838144242764, 0.1259356439113617]"
model\Dataset_Flood\low\images - 2025-01-28T155205.343.jpg,low,0,low,0,0.8749865293502808,medium,0.7967269644141197,low,0,0.8750236630439758,medium,0.7968137115240097,True,True,True,1.0,9.92275308817625e-05,6.264981493586674e-05,4.961341619491577e-05,1.0912798664719503e-08,"[0.8749865293502808, 0.07825956493616104, 0.0021530084777623415, 0.044600844383239746]","[0.8750236630439758, 0.07820995151996613, 0.002157416194677353, 0.04460891708731651]"
model\Dataset_Flood\low\images - 2025-01-28T155218.987.jpg,low,0,low,0,0.47586607933044434,medium,0.21893373131752014,low,0,0.4763810932636261,medium,0.2192181944847107,True,True,True,0.9999989867210388,0.0014911442995071411,0.0008561458089388907,0.0006341785192489624,4.1975002318395127e-07,"[0.47586607933044434, 0.2569323480129242, 0.09032578021287918, 0.17687579989433289]","[0.4763810932636261, 0.2571628987789154, 0.09021437913179398, 0.17624162137508392]"
model\Dataset_Flood\low\images - 2025-01-28T155237.362.jpg,low,0,low,0,0.9948205947875977,medium,0.9916924254503101,low,0,0.9948658347129822,medium,0.9917612196877599,True,True,True,1.0000001192092896,9.038852294906974e-05,5.43774149264209e-05,4.5239925384521484e-05,5.146102566300215e-08,"[0.9948205947875977, 0.003128169337287545, 0.00021548803488258272, 0.0018357089720666409]","[0.9948658347129822, 0.0031046150252223015, 0.0002125104219885543, 0.0018170922994613647]"
model\Dataset_Flood\low\images - 2025-01-28T155253.574.jpg,low,0,low,0,0.8667976260185242,non_flood,0.8005364611744881,low,0,0.8669061660766602,non_flood,0.8005164712667465,True,True,True,0.9999999403953552,0.0004742089658975601,0.0002447279402986169,0.00016024336218833923,1.3856697478331625e-07,"[0.8667976260185242, 0.042939599603414536, 0.024001654237508774, 0.0662611648440361]","[0.8669061660766602, 0.042779356241226196, 0.023924758657813072, 0.06638969480991364]"
model\Dataset_Flood\low\images - 2025-01-28T155312.870.jpg,low,0,low,0,0.9272176623344421,medium,0.8583236336708069,low,0,0.9276697039604187,medium,0.8592292442917824,True,True,True,0.9999998807907104,0.0009144290233962238,0.0006403957377187908,0.0004535689949989319,4.330869671775872e-07,"[0.9272176623344421, 0.06889402866363525, 0.0031213227193802595, 0.0007669608457945287]","[0.9276697039604187, 0.06844045966863632, 0.0031177420169115067, 0.0007721985457465053]"
model\Dataset_Flood\low\images - 2025-01-28T155333.389.jpg,low,0,low,0,0.46931082010269165,non_flood,0.09398293495178223,low,0,0.4715770483016968,non_flood,0.09743344783782959,True,True,True,0.9999908208847046,0.00453253323212266,0.002761073177680373,0.002266228199005127,2.74897297458665e-06,"[0.46931082010269165, 0.1503632813692093, 0.004998024553060532, 0.3753278851509094]","[0.4715770483016968, 0.14932236075401306, 0.004956924822181463, 0.3741436004638672]"
model\Dataset_Flood\low\images - 2025-01-28T155346.037.jpg,low,0,low,0,0.9709122180938721,medium,0.9446962885558605,low,0,0.9706315994262695,medium,0.9441588222980499,True,True,True,1.0000001192092896,0.0005613482790067792,0.0003807941684499383,0.00028061866760253906,3.602933986712742e-07,"[0.9709122180938721, 0.02621592953801155, 0.000672296155244112, 0.002199464710429311]","[0.9706315994262695, 0.026472777128219604, 0.0006851049838587642, 0.002210537903010845]"
model\Dataset_Flood\low\images - 2025-01-28T155350.781.jpg,low,0,low,0,0.7824913263320923,non_flood,0.66285739839077,low,0,0.7806364297866821,non_flood,0.660829983651638,True,True,True,0.9999977350234985,0.003709878772497177,0.0023441833909600973,0.0018548965454101562,4.3009167711716145e-06,"[0.7824913263320923, 0.07280886918306351, 0.02506588213145733, 0.11963392794132233]","[0.7806364297866821, 0.07420212030410767, 0.02535509504377842, 0.1198064461350441]"
model\Dataset_Flood\low\images - 2025-01-28T155410.336.jpg,low,0,medium,1,0.42963799834251404,non_flood,0.07528218626976013,medium,1,0.4278700649738312,non_flood,0.07149967551231384,False,False,True,0.9999887943267822,0.004530623555183411,0.0027375854551792145,0.0020145773887634277,2.7585194857238093e-06,"[0.13160978257656097, 0.42963799834251404, 0.08439645916223526, 0.3543558120727539]","[0.13186049461364746, 0.4278700649738312, 0.08389905840158463, 0.35637038946151733]"
model\Dataset_Flood\low\images - 2025-01-28T155526.577.jpg,low,0,low,0,0.9632508754730225,medium,0.9432388935238123,low,0,0.9630952477455139,medium,0.9430656023323536,True,True,True,1.0,0.0003113137208856642,0.00020745204528793693,0.00015562772750854492,1.514963514637202e-07,"[0.9632508754730225, 0.020011981949210167, 0.0009521380416117609, 0.015784969553351402]","[0.9630952477455139, 0.020029645413160324, 0.0009541446343064308, 0.015920985490083694]"
model\Dataset_Flood\low\images - 2025-01-28T155549.589.jpg,low,0,low,0,0.9802967309951782,medium,0.9628771357238293,low,0,0.980166494846344,medium,0.9626220650970936,True,True,True,0.9999999403953552,0.00026090978644788265,0.00018049165373668075,0.00013023614883422852,1.1556166867876527e-07,"[0.9802967309951782, 0.017419595271348953, 0.0020471937023103237, 0.00023647543275728822]","[0.980166494846344, 0.017544429749250412, 0.0020528598688542843, 0.00023630245414096862]"
model\Dataset_Flood\low\images - 2025-01-28T155554.634.jpg,low,0,low,0,0.9791901111602783,medium,0.961485942825675,low,0,0.979528546333313,medium,0.9621115922927856,True,True,True,0.9999999403953552,0.0006768315215595067,0.00044553313637152314,0.00033843517303466797,7.12026064775273e-07,"[0.9791901111602783, 0.01770416833460331, 0.0007555583724752069, 0.002350170398131013]","[0.979528546333313, 0.017416954040527344, 0.0007388990488834679, 0.002315647667273879]"
model\Dataset_Flood\low\images - 2025-01-28T155610.345.jpg,low,0,low,0,0.9769619703292847,non_flood,0.964419181458652,low,0,0.9770475625991821,non_flood,0.9646068466827273,True,True,True,1.0,0.00021688418928533792,0.00013530539581552148,0.00010207295417785645,1.1733573046512902e-07,"[0.9769619703292847, 0.00962196197360754, 0.000873283133842051, 0.012542788870632648]","[0.9770475625991821, 0.009644810110330582, 0.000866912305355072, 0.012440715916454792]"
model\Dataset_Flood\low\images - 2025-01-28T155613.558.jpg,low,0,low,0,0.96535724401474,medium,0.9391599111258984,low,0,0.9655490517616272,medium,0.939514497295022,True,True,True,1.0,0.00038406410021707416,0.00025325865135528147,0.00019180774688720703,1.744351720844861e-07,"[0.96535724401474, 0.02619733288884163, 0.00023149632033891976, 0.008213870227336884]","[0.9655490517616272, 0.026034554466605186, 0.00023177075490821153, 0.008184666745364666]"
model\Dataset_Flood\low\images - 2025-01-28T161955.443.jpg,low,0,low,0,0.7489396333694458,non_flood,0.52523073554039,low,0,0.7485297322273254,non_flood,0.5242809057235718,True,True,True,0.9999997019767761,0.0011021950049325824,0.0006925281486473978,0.000539928674697876,3.3533433452248573e-07,"[0.7489396333694458, 0.02551283873617649, 0.001838533440604806, 0.2237088978290558]","[0.7485297322273254, 0.025371672585606575, 0.0018497324781492352, 0.22424882650375366]"
model\Dataset_Flood\low\images - 2025-01-28T162000.870.jpg,low,0,low,0,0.6758272647857666,non_flood,0.48152653872966766,low,0,0.679741382598877,non_flood,0.4887174069881439,True,True,True,0.9999816417694092,0.007828249596059322,0.005126188974827528,0.0039141178131103516,1.0383840162830893e-05,"[0.6758272647857666, 0.11420077830553055, 0.01567125879228115, 0.19430072605609894]","[0.679741382598877, 0.1137891411781311, 0.01544551458209753, 0.19102397561073303]"
model\Dataset_Flood\low\images - 2025-01-28T162017.557.jpg,low,0,low,0,0.6868976950645447,medium,0.4126827120780945,low,0,0.6870390772819519,medium,0.41251733899116516,True,True,True,0.9999998807907104,0.0008963104337453842,0.0004876479506492615,0.00033198297023773193,7.111703439477424e-07,"[0.6868976950645447, 0.2742149829864502, 0.029205385595560074, 0.009681974537670612]","[0.6870390772819519, 0.27452173829078674, 0.028873402625322342, 0.009565784595906734]"
model\Dataset_Flood\low\images - 2025-01-28T162025.113.jpg,low,0,low,0,0.9518661499023438,medium,0.9295709822326899,low,0,0.951967716217041,medium,0.9297162033617496,True,True,True,1.0000001192092896,0.0003145383670926094,0.00016799625882413238,0.00011353008449077606,1.6260855772998184e-07,"[0.9518661499023438, 0.022295167669653893, 0.012143985368311405, 0.013694608584046364]","[0.951967716217041, 0.022251512855291367, 0.012199772521853447, 0.013581078499555588]"
model\Dataset_Flood\low\images - 2025-01-28T162705.740.jpg,low,0,low,0,0.7916581630706787,non_flood,0.6840766742825508,low,0,0.7915835380554199,non_flood,0.6843276470899582,True,True,True,0.9999998211860657,0.0008003711700439453,0.00048262428026646376,0.00034374743700027466,3.536261203862523e-07,"[0.7916581630706787, 0.08238118141889572, 0.01837918721139431, 0.1075814887881279]","[0.7915835380554199, 0.082724928855896, 0.018435588106513023, 0.10725589096546173]"
model\Dataset_Flood\low\images - 2025-01-28T162718.539.jpg,low,0,low,0,0.789391815662384,medium,0.5948331356048584,low,0,0.7912936806678772,medium,0.598440483212471,True,True,True,0.9999966621398926,0.003803826402872801,0.0025586439296603203,0.001901865005493164,2.7627195322565967e-06,"[0.789391815662384, 0.19455868005752563, 0.006613017525523901, 0.009436558000743389]","[0.7912936806678772, 0.1928531974554062, 0.006543022580444813, 0.009310074150562286]"
model\Dataset_Flood\low\images - 2025-01-28T162724.362.jpg,low,0,low,0,0.9966903924942017,medium,0.9941154804546386,low,0,0.9967395663261414,medium,0.9942021844908595,True,True,True,0.9999999403953552,9.845951717579737e-05,6.268820288823918e-05,4.9173831939697266e-05,9.285327706720636e-08,"[0.9966903924942017, 0.00257491203956306, 0.00010992457828251645, 0.0006248253048397601]","[0.9967395663261414, 0.002537381835281849, 0.00010817802103701979, 0.0006148163811303675]"
model\Dataset_Flood\low\images - 2025-01-28T162731.844.jpg,low,0,low,0,0.8681565523147583,medium,0.7483367696404457,low,0,0.8683448433876038,medium,0.7485396042466164,True,True,True,1.0,0.0003765705041587353,0.0002505843585822731,0.00018829107284545898,4.328867078129406e-07,"[0.8681565523147583, 0.11981978267431259, 0.0033743560779839754, 0.008649294264614582]","[0.8683448433876038, 0.1198052391409874, 0.0033650619443506002, 0.008484852500259876]"
model\Dataset_Flood\low\images - 2025-01-28T162741.678.jpg,low,0,low,0,0.8772677779197693,non_flood,0.7907391861081123,low,0,0.877142071723938,non_flood,0.7911111637949944,True,True,True,0.9999995231628418,0.0012466814368963242,0.0007885047234594822,0.000598004087805748,1.8053979147225618e-06,"[0.8772677779197693, 0.03041466325521469, 0.005788969807326794, 0.08652859181165695]","[0.877142071723938, 0.03101266734302044, 0.005814257077872753, 0.08603090792894363]"
model\Dataset_Flood\low\images - 2025-01-28T162754.217.jpg,low,0,low,0,0.9947697520256042,medium,0.9908410478383303,low,0,0.9948193430900574,medium,0.9909203692805022,True,True,True,1.0000001192092896,9.897194104269147e-05,5.9471534768817946e-05,4.9591064453125e-05,9.681525625637732e-08,"[0.9947697520256042, 0.003928704187273979, 0.0005848350701853633, 0.0007166113355197012]","[0.9948193430900574, 0.003898973809555173, 0.0005744515801779926, 0.0007073443266563118]"
model\Dataset_Flood\low\images - 2025-01-28T162814.824.jpg,low,0,low,0,0.5233767628669739,non_flood,0.2980598658323288,low,0,0.5256231427192688,medium,0.3024790436029434,True,True,True,0.9999875426292419,0.00483713299036026,0.0032532471232116222,0.002345725893974304,4.310335498303175e-06,"[0.5233767628669739, 0.2229718565940857, 0.02833445370197296, 0.22531689703464508]","[0.5256231427192688, 0.22314409911632538, 0.028261668980121613, 0.22297117114067078]"
model\Dataset_Flood\low\images - 2025-01-28T162855.395.jpg,low,0,low,0,0.9745623469352722,non_flood,0.961233957670629,low,0,0.9746553301811218,non_flood,0.9613536978140473,True,True,True,0.9999999403953552,0.00018602050840854645,0.00011035614443244413,9.298324584960938e-05,8.49536263558548e-08,"[0.9745623469352722, 0.008127423003315926, 0.003981864545494318, 0.013328389264643192]","[0.9746553301811218, 0.008076674304902554, 0.003966332878917456, 0.01330163236707449]"
model\Dataset_Flood\low\images - 2025-01-28T162916.619.jpg,low,0,low,0,0.9860314130783081,medium,0.9770322795957327,low,0,0.9861040711402893,medium,0.9771052747964859,True,True,True,1.0,0.0001454136217944324,9.206407412420958e-05,7.265806198120117e-05,1.369226083625108e-07,"[0.9860314130783081, 0.008999133482575417, 0.0009946480859071016, 0.003974849358201027]","[0.9861040711402893, 0.008998796343803406, 0.000975383969489485, 0.003921695053577423]"
model\Dataset_Flood\low\images - 2025-01-28T162927.624.jpg,low,0,low,0,0.8912481665611267,non_flood,0.8021186292171478,low,0,0.893240213394165,non_flood,0.8061173856258392,True,True,True,0.9999970197677612,0.004129977431148291,0.0028291079215705395,0.002006709575653076,6.420537374651758e-06,"[0.8912481665611267, 0.01435084268450737, 0.00527146877720952, 0.08912953734397888]","[0.893240213394165, 0.014423825778067112, 0.005213230848312378, 0.0871228277683258]"
model\Dataset_Flood\low\images - 2025-01-28T162932.551.jpg,low,0,low,0,0.9176566004753113,medium,0.8569101542234421,low,0,0.9186521768569946,medium,0.8586562760174274,True,True,True,0.9999995231628418,0.0019911648705601692,0.0012637717882171273,0.0009955763816833496,1.6241738194366917e-06,"[0.9176566004753113, 0.0607464462518692, 0.018399760127067566, 0.0031972669530659914]","[0.9186521768569946, 0.059995900839567184, 0.01819784939289093, 0.0031541346106678247]"
model\Dataset_Flood\low\images - 2025-01-28T162946.408.jpg,low,0,low,0,0.6584326028823853,non_flood,0.48270778357982635,low,0,0.6592507362365723,non_flood,0.4837605655193329,True,True,True,0.999999463558197,0.001636255532503128,0.0009608349646441638,0.0008181333541870117,4.219728282350843e-07,"[0.6584326028823853, 0.12046904116868973, 0.04537356644868851, 0.1757248193025589]","[0.6592507362365723, 0.12005776166915894, 0.0452013723552227, 0.17549017071723938]"
model\Dataset_Flood\low\images - 2025-01-28T162955.160.jpg,low,0,low,0,0.9569166898727417,medium,0.9344752840697765,low,0,0.9571337103843689,medium,0.9347564913332462,True,True,True,1.0000001192092896,0.0004341229796409607,0.00025088194524869323,0.00021702051162719727,2.0012885215692222e-07,"[0.9569166898727417, 0.022441405802965164, 0.009781146422028542, 0.010860848240554333]","[0.9571337103843689, 0.022377219051122665, 0.009708707220852375, 0.010780371725559235]"
model\Dataset_Flood\low\images - 2025-01-28T163005.197.jpg,low,0,low,0,0.9205993413925171,non_flood,0.8756285533308983,low,0,0.9210052490234375,non_flood,0.8761542998254299,True,True,True,1.0,0.0008117473917081952,0.0004982008249498904,0.00040590763092041016,3.4403453241793613e-07,"[0.9205993413925171, 0.033029068261384964, 0.0014007226563990116, 0.044970788061618805]","[0.9210052490234375, 0.03276735916733742, 0.0013764308532699943, 0.044850949198007584]"
model\Dataset_Flood\low\images - 2025-01-28T163016.771.jpg,low,0,low,0,0.8706521391868591,medium,0.7436865419149399,low,0,0.8702004551887512,medium,0.7428103983402252,True,True,True,0.9999999403953552,0.0009049723157659173,0.0006204592064023018,0.00045168399810791016,2.430526535590616e-07,"[0.8706521391868591, 0.12696559727191925, 0.0022386908531188965, 0.00014360759814735502]","[0.8702004551887512, 0.127390056848526, 0.0022667013108730316, 0.00014278928574640304]"
model\Dataset_Flood\low\images - 2025-01-28T163022.980.jpg,low,0,low,0,0.7942669987678528,non_flood,0.6727642118930817,low,0,0.7945050001144409,non_flood,0.6733865141868591,True,True,True,0.9999998211860657,0.0008272696286439896,0.0004858296597376466,0.00038430094718933105,2.2776659136525268e-07,"[0.7942669987678528, 0.0736631229519844, 0.010567118413746357, 0.12150278687477112]","[0.7945050001144409, 0.0738387256860733, 0.010537753812968731, 0.12111848592758179]"
model\Dataset_Flood\low\images - 2025-01-28T163030.279.jpg,low,0,low,0,0.9168546795845032,non_flood,0.8785528652369976,low,0,0.9171043038368225,non_flood,0.879317119717598,True,True,True,0.9999997615814209,0.0010293219238519669,0.0006161482306197286,0.0005146302282810211,1.1262744692430715e-06,"[0.9168546795845032, 0.02370401844382286, 0.02113943360745907, 0.03830181434750557]","[0.9171043038368225, 0.023929696530103683, 0.021178822964429855, 0.03778718411922455]"
model\Dataset_Flood\low\images - 2025-01-28T163046.836.jpg,low,0,low,0,0.7563785910606384,medium,0.5809911340475082,low,0,0.7572272419929504,medium,0.5827114433050156,True,True,True,0.9999991059303284,0.0019424986094236374,0.0012267630081623793,0.0008716583251953125,8.001316018635407e-07,"[0.7563785910606384, 0.1753874570131302, 0.053265877068042755, 0.014968032017350197]","[0.7572272419929504, 0.17451579868793488, 0.05338852107524872, 0.014868486672639847]"
model\Dataset_Flood\low\images - 2025-01-28T163057.055.jpg,low,0,low,0,0.6944760084152222,non_flood,0.5407272279262543,low,0,0.694486141204834,non_flood,0.5395910888910294,True,True,True,0.9999979138374329,0.002312764525413513,0.0014848923310637474,0.001146271824836731,2.7267378754913807e-06,"[0.6944760084152222, 0.08567795157432556, 0.06609717011451721, 0.1537487804889679]","[0.694486141204834, 0.08543314784765244, 0.06518561393022537, 0.15489505231380463]"
model\Dataset_Flood\low\images - 2025-01-28T163103.596.jpg,low,0,low,0,0.9908329844474792,non_flood,0.9867276037111878,low,0,0.9910323023796082,non_flood,0.9870466669090092,True,True,True,1.0,0.00039851898327469826,0.0002392411552136764,0.00019931793212890625,6.387708140209725e-07,"[0.9908329844474792, 0.003066853154450655, 0.001994743011891842, 0.0041053807362914085]","[0.9910323023796082, 0.0030245608650147915, 0.001957579515874386, 0.003985635470598936]"
model\Dataset_Flood\low\images - 2025-01-28T163118.084.jpg,low,0,low,0,0.9981731176376343,medium,0.9967249708715826,low,0,0.9981908202171326,medium,0.9967555275652558,True,True,True,1.0,3.541655314620584e-05,2.2316262402455322e-05,1.7702579498291016e-05,,"[0.9981731176376343, 0.00144814676605165, 0.00014160919818095863, 0.0002371873997617513]","[0.9981908202171326, 0.0014352926518768072, 0.00014112822827883065, 0.00023280851019080728]"
model\Dataset_Flood\low\images - 2025-01-28T163121.864.jpg,low,0,low,0,0.857644259929657,non_flood,0.7786262631416321,low,0,0.8592197299003601,non_flood,0.781204029917717,True,True,True,0.9999988079071045,0.0031509827822446823,0.0019234779756516218,0.001575469970703125,2.5837216526269913e-06,"[0.857644259929657, 0.016359644010663033, 0.04697808623313904, 0.0790179967880249]","[0.8592197299003601, 0.01622920110821724, 0.04653531312942505, 0.07801569998264313]"
model\Dataset_Flood\low\images - 2025-01-28T163130.273.jpg,low,0,low,0,0.9911097288131714,high,0.9861624864861369,low,0,0.9910446405410767,high,0.9860852523706853,True,True,True,1.0000001192092896,0.00013018067693337798,8.150523353833705e-05,6.508827209472656e-05,9.454787885943006e-08,"[0.9911097288131714, 0.00326755503192544, 0.004947242327034473, 0.0006754813948646188]","[0.9910446405410767, 0.003314733738079667, 0.004959388170391321, 0.0006812492501921952]"
model\Dataset_Flood\low\images - 2025-01-28T163141.632.jpg,low,0,low,0,0.9263319969177246,non_flood,0.873895063996315,low,0,0.9272407293319702,non_flood,0.875553585588932,True,True,True,0.9999995231628418,0.0018174401484429836,0.0011851151939481497,0.0009087324142456055,1.616062831999443e-06,"[0.9263319969177246, 0.018082795664668083, 0.003148237243294716, 0.05243693292140961]","[0.9272407293319702, 0.017959222197532654, 0.0031128921546041965, 0.05168714374303818]"
model\Dataset_Flood\low\images - 2025-01-28T163206.341.jpg,low,0,low,0,0.9289450645446777,medium,0.8619432672858238,low,0,0.92973393201828,medium,0.8634195923805237,True,True,True,0.9999995827674866,0.001577606308273971,0.0010510148713365197,0.0007888674736022949,1.2926491308462573e-06,"[0.9289450645446777, 0.06700179725885391, 0.003876252332702279, 0.00017680639575701207]","[0.92973393201828, 0.06631433963775635, 0.003777687205001712, 0.00017409035353921354]"
model\Dataset_Flood\low\images - 2025-01-28T163210.329.jpg,low,0,low,0,0.9959892630577087,medium,0.9923582244664431,low,0,0.996039867401123,medium,0.9924575027544051,True,True,True,0.9999999403953552,0.0001012627690215595,7.022869249340147e-05,5.060434341430664e-05,1.1394592291935624e-07,"[0.9959892630577087, 0.0036310385912656784, 6.84009282849729e-05, 0.0003112640115432441]","[0.996039867401123, 0.003582364646717906, 6.768074672436342e-05, 0.00030999971204437315]"
model\Dataset_Flood\low\images - 2025-01-28T163215.057.jpg,low,0,low,0,0.9222479462623596,non_flood,0.8710811324417591,low,0,0.9219748973846436,non_flood,0.8706307299435139,True,True,True,0.9999999403953552,0.0005623837932944298,0.0003418591804802418,0.00027304887771606445,1.2755482714510435e-07,"[0.9222479462623596, 0.01938398741185665, 0.0072011640295386314, 0.05116681382060051]","[0.9219748973846436, 0.01948787271976471, 0.007193068042397499, 0.051344167441129684]"
model\Dataset_Flood\low\images - 2025-01-28T163222.629.jpg,low,0,low,0,0.9612517952919006,medium,0.9411785174161196,low,0,0.9615932703018188,medium,0.9416131060570478,True,True,True,1.0,0.0006830343045294285,0.0004304786561988294,0.0003414750099182129,6.71007001074031e-07,"[0.9612517952919006, 0.02007327787578106, 0.005448324140161276, 0.0132266441360116]","[0.9615932703018188, 0.019980164244771004, 0.005444877780973911, 0.012981644831597805]"
model\Dataset_Flood\low\images - 2025-01-28T163251.007.jpg,low,0,low,0,0.9661138653755188,medium,0.9449839647859335,low,0,0.9670541882514954,medium,0.9463931191712618,True,True,True,0.9999997615814209,0.0018805994186550379,0.0011407339479774237,0.0009403228759765625,3.6510828067548573e-06,"[0.9661138653755188, 0.021129900589585304, 0.0006661608349531889, 0.012090078555047512]","[0.9670541882514954, 0.020661069080233574, 0.0006379639380611479, 0.011646830476820469]"
model\Dataset_Flood\low\images - 2025-01-28T163255.071.jpg,low,0,low,0,0.907275915145874,medium,0.823417529463768,low,0,0.907483696937561,medium,0.8237506672739983,True,True,True,1.0,0.00041554158087819815,0.00025184729020111263,0.00020778179168701172,1.2169766705483198e-07,"[0.907275915145874, 0.08385838568210602, 0.0017258768202736974, 0.007139862049371004]","[0.907483696937561, 0.08373302966356277, 0.001708596246317029, 0.0070747388526797295]"
model\Dataset_Flood\low\images - 2025-01-28T163310.795.jpg,low,0,low,0,0.7569612860679626,medium,0.5280906707048416,low,0,0.756369411945343,medium,0.526935026049614,True,True,True,0.9999995231628418,0.001183777116239071,0.000817705993540585,0.0005918741226196289,2.7852411221829243e-07,"[0.7569612860679626, 0.22887061536312103, 0.00838383287191391, 0.005784242879599333]","[0.756369411945343, 0.22943438589572906, 0.0083910021930933, 0.005805206019431353]"
model\Dataset_Flood\low\images - 2025-01-28T163935.282.jpg,low,0,low,0,0.4442634880542755,non_flood,0.030773639678955078,low,0,0.4434066414833069,non_flood,0.02948606014251709,True,True,True,0.9999987483024597,0.0017137601971626282,0.0010141662787646055,0.0008568465709686279,3.979439213708247e-07,"[0.4442634880542755, 0.11347870528697968, 0.02876797690987587, 0.41348984837532043]","[0.4434066414833069, 0.11378666758537292, 0.02888619527220726, 0.4139205813407898]"
model\Dataset_Flood\low\images - 2025-01-28T163948.667.jpg,low,0,low,0,0.8828520178794861,medium,0.7813598215579987,low,0,0.8835200071334839,medium,0.782632976770401,True,True,True,0.9999997615814209,0.0013360078446567059,0.0009025405161082745,0.0006679892539978027,5.776650482403056e-07,"[0.8828520178794861, 0.10149219632148743, 0.010128194466233253, 0.0055276500061154366]","[0.8835200071334839, 0.10088703036308289, 0.010087584145367146, 0.005505407694727182]"
model\Dataset_Flood\low\images - 2025-01-28T163957.275.jpg,low,0,medium,1,0.47454673051834106,low,0.04334428906440735,medium,1,0.47281602025032043,low,0.040209054946899414,False,False,True,0.9999940991401672,0.0034613823518157005,0.0022450988180935383,0.0017307102680206299,1.5202822396531701e-06,"[0.4312024414539337, 0.47454673051834106, 0.013490893878042698, 0.08075996488332748]","[0.432606965303421, 0.47281602025032043, 0.013555891811847687, 0.08102111518383026]"
model\Dataset_Flood\low\images - 2025-01-28T164013.086.jpg,low,0,low,0,0.8695642352104187,non_flood,0.7769263982772827,low,0,0.8698780536651611,non_flood,0.7776520177721977,True,True,True,0.9999997615814209,0.0008235815912485123,0.0005252218106761575,0.0004118010401725769,2.4955079425126314e-07,"[0.8695642352104187, 0.03076820634305477, 0.007029747124761343, 0.09263783693313599]","[0.8698780536651611, 0.030855901539325714, 0.007040014024823904, 0.09222603589296341]"
model\Dataset_Flood\low\images - 2025-01-28T164111.302.jpg,low,0,low,0,0.585104763507843,medium,0.36014367640018463,low,0,0.5853557586669922,medium,0.35972338914871216,True,True,True,0.9999987483024597,0.0018445700407028198,0.0010146432323381305,0.0006739497184753418,8.52960511110723e-07,"[0.585104763507843, 0.2249610871076584, 0.12970076501369476, 0.06023341417312622]","[0.5853557586669922, 0.22563236951828003, 0.12902681529521942, 0.059985071420669556]"
model\Dataset_Flood\low\images - 2025-01-28T164117.717.jpg,low,0,low,0,0.7085703015327454,medium,0.5748693197965622,low,0,0.7104647755622864,medium,0.5779598951339722,True,True,True,0.9999971985816956,0.0037889331579208374,0.002294820500537753,0.0018944740295410156,2.427812432870269e-06,"[0.7085703015327454, 0.13370098173618317, 0.09378459304571152, 0.06394417583942413]","[0.7104647755622864, 0.1325048804283142, 0.09347187727689743, 0.06355853378772736]"
model\Dataset_Flood\low\images - 2025-01-28T164148.602.jpg,low,0,medium,1,0.35482192039489746,non_flood,0.028402328491210938,medium,1,0.35751745104789734,non_flood,0.03357234597206116,False,False,True,0.9999755620956421,0.0062047988176345825,0.0037348088808357716,0.002695530652999878,5.357083864510059e-06,"[0.13634313642978668, 0.35482192039489746, 0.18241536617279053, 0.3264195919036865]","[0.13571520149707794, 0.35751745104789734, 0.18282221257686615, 0.3239451050758362]"
model\Dataset_Flood\low\images - 2025-01-28T164156.179.jpg,low,0,low,0,0.5212891697883606,medium,0.24280083179473877,low,0,0.5222505927085876,medium,0.24465686082839966,True,True,True,0.9999980926513672,0.0019498614128679037,0.001315784058533609,0.0009614229202270508,5.928777682129294e-07,"[0.5212891697883606, 0.2784883379936218, 0.003063301322981715, 0.19715917110443115]","[0.5222505927085876, 0.277593731880188, 0.0030768164433538914, 0.1970788538455963]"
model\Dataset_Flood\low\images - 2025-01-28T164200.226.jpg,low,0,low,0,0.9453882575035095,medium,0.8977001160383224,low,0,0.9453551769256592,medium,0.8977055586874485,True,True,True,1.0,0.00014401937369257212,8.81215964909643e-05,7.202010601758957e-05,1.3032939705226454e-07,"[0.9453882575035095, 0.04768814146518707, 0.0068310643546283245, 9.257686178898439e-05]","[0.9453551769256592, 0.04764961823821068, 0.006903084460645914, 9.218139894073829e-05]"
model\Dataset_Flood\low\images - 2025-01-28T164315.489.jpg,low,0,low,0,0.8847689032554626,medium,0.8050064668059349,low,0,0.8848042488098145,medium,0.8050563558936119,True,True,True,1.0,0.00025967787951231003,0.00015389190230052918,0.00011529214680194855,1.4294344907739287e-07,"[0.8847689032554626, 0.07976243644952774, 0.02499256283044815, 0.010476112365722656]","[0.8848042488098145, 0.07974789291620255, 0.024877270683646202, 0.010570609010756016]"
model\Dataset_Flood\low\images - 2025-01-28T164330.238.jpg,low,0,low,0,0.9481803178787231,non_flood,0.92183000408113,low,0,0.9483766555786133,non_flood,0.9221864230930805,True,True,True,1.0,0.0003926947247236967,0.0002555415267124772,0.00019633769989013672,1.3161117351501161e-07,"[0.9481803178787231, 0.02237456850707531, 0.0030948009807616472, 0.026350313797593117]","[0.9483766555786133, 0.02234111726284027, 0.003091976512223482, 0.02619023248553276]"
model\Dataset_Flood\low\images - 2025-01-28T164346.961.jpg,low,0,low,0,0.6139727234840393,high,0.41445642709732056,low,0,0.6144425272941589,high,0.4152165502309799,True,True,True,0.9999996423721313,0.000939657911658287,0.0005723935319110751,0.0004698038101196289,1.236558233586038e-07,"[0.6139727234840393, 0.17360879480838776, 0.19951629638671875, 0.012902193702757359]","[0.6144425272941589, 0.1734619438648224, 0.19922597706317902, 0.012869509868323803]"
model\Dataset_Flood\low\images - 2025-01-28T164353.536.jpg,low,0,low,0,0.8182989954948425,medium,0.7271773889660835,low,0,0.8182089328765869,medium,0.7271862849593163,True,True,True,1.0000001192092896,0.0004167817533016205,0.00024839138495735824,0.0002083703875541687,5.843912731506862e-08,"[0.8182989954948425, 0.091121606528759, 0.08750598132610321, 0.003073412459343672]","[0.8182089328765869, 0.09102264791727066, 0.08771435171365738, 0.0030540223233401775]"
model\Dataset_Flood\low\images - 2025-01-28T164356.761.jpg,low,0,low,0,0.8975096344947815,non_flood,0.8161432147026062,low,0,0.8992494344711304,non_flood,0.8193187117576599,True,True,True,0.9999983906745911,0.0034795452374964952,0.002270288299769163,0.001739799976348877,4.1720054468896706e-06,"[0.8975096344947815, 0.018179379403591156, 0.002944461302831769, 0.08136641979217529]","[0.8992494344711304, 0.017927713692188263, 0.0028920788317918777, 0.07993072271347046]"
model\Dataset_Flood\low\images - 2025-01-28T164407.566.jpg,low,0,low,0,0.9438223242759705,medium,0.8949571922421455,low,0,0.9442434906959534,medium,0.8957520723342896,True,True,True,0.9999999403953552,0.000842234177980572,0.0005644048796966672,0.00042116641998291016,4.041457941639237e-07,"[0.9438223242759705, 0.04886513203382492, 0.0004998028744012117, 0.0068127186968922615]","[0.9442434906959534, 0.04849141836166382, 0.0004900644416920841, 0.00677510304376483]"
model\Dataset_Flood\low\images - 2025-01-28T164411.442.jpg,low,0,low,0,0.8108224868774414,non_flood,0.7043826133012772,low,0,0.8118123412132263,non_flood,0.7054678872227669,True,True,True,0.9999996423721313,0.0019798539578914642,0.001192605122923851,0.0009898543357849121,1.4560628187609836e-06,"[0.8108224868774414, 0.020327329635620117, 0.0624103881418705, 0.10643987357616425]","[0.8118123412132263, 0.020008984953165054, 0.06183415278792381, 0.10634445399045944]"
model\Dataset_Flood\low\images - 2025-01-28T164419.296.jpg,low,0,low,0,0.9125288724899292,non_flood,0.8479596376419067,low,0,0.9138043522834778,non_flood,0.8502480387687683,True,True,True,0.9999992251396179,0.0025509297847747803,0.0016409814124926925,0.001275479793548584,2.651417162269354e-06,"[0.9125288724899292, 0.010781471617519855, 0.012120384722948074, 0.06456923484802246]","[0.9138043522834778, 0.010702651925384998, 0.011936675757169724, 0.06355631351470947]"
model\Dataset_Flood\low\images - 2025-01-28T164422.425.jpg,low,0,low,0,0.9950986504554749,high,0.9918241098057479,low,0,0.9949859380722046,high,0.9916195992846042,True,True,True,1.0,0.00022547697881236672,0.00014653042308054864,0.00011271238327026367,3.2260663829219993e-07,"[0.9950986504554749, 0.0014385811518877745, 0.003274540649726987, 0.00018824028666131198]","[0.9949859380722046, 0.001456822850741446, 0.003366338787600398, 0.0001909650454763323]"
model\Dataset_Flood\low\images - 2025-01-28T164427.465.jpg,low,0,low,0,0.9019152522087097,medium,0.8067232742905617,low,0,0.9012022018432617,medium,0.8052947968244553,True,True,True,0.9999996423721313,0.0014319235924631357,0.0010100917425006628,0.0007154271006584167,7.411547926494677e-07,"[0.9019152522087097, 0.09519197791814804, 0.0028224242851138115, 7.035841554170474e-05]","[0.9012022018432617, 0.09590740501880646, 0.002819556975737214, 7.093720341799781e-05]"
model\Dataset_Flood\low\images - 2025-01-28T164431.273.jpg,low,0,low,0,0.644385039806366,non_flood,0.3880957365036011,low,0,0.645085871219635,non_flood,0.38953834772109985,True,True,True,0.9999990463256836,0.0015659220516681671,0.0010246174642816186,0.0007417798042297363,3.89831285474429e-07,"[0.644385039806366, 0.04145034775137901, 0.05787540599703789, 0.2562893033027649]","[0.645085871219635, 0.041532449424266815, 0.0578341968357563, 0.25554752349853516]"
model\Dataset_Flood\low\images - 2025-01-28T164438.545.jpg,low,0,low,0,0.9902121424674988,non_flood,0.9848526502028108,low,0,0.9901764988899231,non_flood,0.9847788400948048,True,True,True,1.0,7.889707922004163e-05,5.237609730102122e-05,3.8166530430316925e-05,3.578771057277663e-08,"[0.9902121424674988, 0.004299009218811989, 0.0001293749373871833, 0.005359492264688015]","[0.9901764988899231, 0.004295207094401121, 0.00013065978419035673, 0.005397658795118332]"
model\Dataset_Flood\low\images - 2025-01-28T164448.787.jpg,low,0,low,0,0.8796263933181763,medium,0.7678110376000404,low,0,0.8798071146011353,medium,0.7681509107351303,True,True,True,1.0,0.0003614951856434345,0.00024146534269675612,0.00018072128295898438,5.522361234966411e-08,"[0.8796263933181763, 0.11181535571813583, 0.006506249774247408, 0.0020520666148513556]","[0.8798071146011353, 0.11165620386600494, 0.006501852069050074, 0.0020348422694951296]"
model\Dataset_Flood\low\images - 2025-01-28T164459.248.jpg,low,0,low,0,0.5750257968902588,high,0.32327109575271606,low,0,0.5730054974555969,high,0.31870636343955994,True,True,True,0.9999881982803345,0.005088896956294775,0.0032789800316095352,0.0025444328784942627,4.446830189408502e-06,"[0.5750257968902588, 0.16725939512252808, 0.2517547011375427, 0.0059601240791380405]","[0.5730054974555969, 0.16682615876197815, 0.254299134016037, 0.00586919579654932]"
model\Dataset_Flood\low\images - 2025-01-28T164601.331.jpg,low,0,low,0,0.8900173902511597,medium,0.8319400139153004,low,0,0.8902265429496765,medium,0.8322302550077438,True,True,True,0.9999999403953552,0.0004562733229249716,0.00026886703562922776,0.0002091526985168457,6.65968400426209e-08,"[0.8900173902511597, 0.0580773763358593, 0.0022889014799147844, 0.04961632192134857]","[0.8902265429496765, 0.05799628794193268, 0.0023079412057995796, 0.04946932941675186]"
model\Dataset_Flood\low\images - 2025-01-28T164606.682.jpg,low,0,low,0,0.9494979381561279,non_flood,0.9215164091438055,low,0,0.9495822787284851,non_flood,0.921663461253047,True,True,True,0.9999999403953552,0.00016875326400622725,0.0001073020466719754,8.434057235717773e-05,5.007132486412047e-08,"[0.9494979381561279, 0.02251129411160946, 9.285182386520319e-06, 0.027981529012322426]","[0.9495822787284851, 0.022489668801426888, 9.209333256876562e-06, 0.027918817475438118]"
model\Dataset_Flood\low\images - 2025-01-28T164625.541.jpg,low,0,low,0,0.8754440546035767,medium,0.7780736163258553,low,0,0.8772177696228027,medium,0.7812693268060684,True,True,True,0.999998152256012,0.0035474447067826986,0.0022989779245108366,0.0017737150192260742,3.667199280243949e-06,"[0.8754440546035767, 0.0973704382777214, 0.0027467214968055487, 0.02443883568048477]","[0.8772177696228027, 0.09594844281673431, 0.0027371440082788467, 0.02409667894244194]"
model\Dataset_Flood\low\images - 2025-01-28T164633.825.jpg,low,0,low,0,0.834055483341217,medium,0.6753637045621872,low,0,0.8359479308128357,medium,0.6791746765375137,True,True,True,0.999996542930603,0.0038420134223997593,0.0026949795428663492,0.0019185245037078857,3.4725680961855687e-06,"[0.834055483341217, 0.15869177877902985, 0.0019194583874195814, 0.005333318840712309]","[0.8359479308128357, 0.15677325427532196, 0.001916965818963945, 0.005361867602914572]"
model\Dataset_Flood\low\images - 2025-01-28T164648.101.jpg,low,0,low,0,0.7988861203193665,non_flood,0.7215278521180153,low,0,0.800080418586731,non_flood,0.7232328429818153,True,True,True,0.9999993443489075,0.0023886598646640778,0.0014353409642353654,0.001194298267364502,1.359585439786315e-06,"[0.7988861203193665, 0.06507081538438797, 0.05868479982018471, 0.07735826820135117]","[0.800080418586731, 0.06446502357721329, 0.05860692262649536, 0.07684757560491562]"
model\Dataset_Flood\low\images - 2025-01-28T164652.242.jpg,low,0,low,0,0.9387795925140381,non_flood,0.8985217250883579,low,0,0.9391831159591675,non_flood,0.8991136662662029,True,True,True,0.9999999403953552,0.0008069651667028666,0.0004896385944448411,0.00040352344512939453,4.200701084755565e-07,"[0.9387795925140381, 0.020406149327754974, 0.0005562925362028182, 0.04025786742568016]","[0.9391831159591675, 0.020202992483973503, 0.0005444253911264241, 0.040069449692964554]"
model\Dataset_Flood\low\images - 2025-01-28T164704.515.jpg,low,0,low,0,0.7570418119430542,medium,0.6111453771591187,low,0,0.7565568685531616,medium,0.6103636920452118,True,True,True,0.9999997019767761,0.0014642439782619476,0.0007575540221296251,0.0004849433898925781,8.818533387966454e-07,"[0.7570418119430542, 0.14589643478393555, 0.03664436936378479, 0.0604172945022583]","[0.7565568685531616, 0.14619317650794983, 0.03707977384328842, 0.060170140117406845]"
model\Dataset_Flood\low\images - 2025-01-28T164713.143.jpg,low,0,low,0,0.874627947807312,non_flood,0.8097377419471741,low,0,0.8741785883903503,non_flood,0.8090212270617485,True,True,True,0.9999998211860657,0.0008986340835690498,0.0005391037557274103,0.0004493594169616699,2.2299354895949364e-07,"[0.874627947807312, 0.04863160476088524, 0.01185033842921257, 0.06489020586013794]","[0.8741785883903503, 0.04874207079410553, 0.011921991594135761, 0.06515736132860184]"
model\Dataset_Flood\low\images - 2025-01-28T164716.891.jpg,low,0,low,0,0.8820231556892395,non_flood,0.8252508156001568,low,0,0.8826724886894226,non_flood,0.8267881758511066,True,True,True,0.9999994039535522,0.001932729035615921,0.0011475335340946913,0.0008880272507667542,2.1374435164034367e-06,"[0.8820231556892395, 0.04493394494056702, 0.016270624473690987, 0.05677234008908272]","[0.8826724886894226, 0.045250896364450455, 0.016192207112908363, 0.055884312838315964]"
model\Dataset_Flood\low\images - 2025-01-28T164720.212.jpg,low,0,low,0,0.8461350798606873,non_flood,0.7627521902322769,low,0,0.8468259572982788,non_flood,0.7631727382540703,True,True,True,0.9999994039535522,0.0019224481657147408,0.0010874471627175808,0.0007723048329353333,1.857631900747947e-06,"[0.8461350798606873, 0.059776391834020615, 0.010705656372010708, 0.08338288962841034]","[0.8468259572982788, 0.05900408700108528, 0.01051671989262104, 0.08365321904420853]"
model\Dataset_Flood\low\images - 2025-01-28T164729.110.jpg,low,0,low,0,0.8891386389732361,medium,0.7837861776351929,low,0,0.8882673978805542,medium,0.7820751816034317,True,True,True,0.9999994039535522,0.0017445621779188514,0.0012104993220418692,0.0008712410926818848,1.0055239272332983e-06,"[0.8891386389732361, 0.10535246133804321, 0.0037169959396123886, 0.001791875809431076]","[0.8882673978805542, 0.1061922162771225, 0.00374952657148242, 0.0017908402951434255]"
model\Dataset_Flood\low\images - 2025-01-28T164732.807.jpg,low,0,low,0,0.9876030087471008,medium,0.9811687227338552,low,0,0.9875385761260986,medium,0.9810746693983674,True,True,True,1.0000001192092896,0.0001373749691992998,8.10918427305296e-05,6.443262100219727e-05,6.566722277057124e-08,"[0.9876030087471008, 0.006434286013245583, 0.004007760901004076, 0.0019549215212464333]","[0.9875385761260986, 0.006463906727731228, 0.004046865273267031, 0.0019507042597979307]"
model\Dataset_Flood\low\images - 2025-01-28T164746.970.jpg,low,0,low,0,0.9885295033454895,medium,0.979710846208036,low,0,0.9887349009513855,medium,0.9800821235403419,True,True,True,1.0,0.00041085007251240313,0.0002666455402504653,0.0002053976058959961,4.740422809845768e-07,"[0.9885295033454895, 0.008818657137453556, 0.00012848457845393568, 0.0025233933702111244]","[0.9887349009513855, 0.008652777411043644, 0.00012619943299796432, 0.002486105775460601]"
model\Dataset_Flood\low\images - 2025-01-28T164829.543.jpg,low,0,low,0,0.9360687136650085,medium,0.8781276009976864,low,0,0.9356381297111511,medium,0.8773027844727039,True,True,True,0.9999998807907104,0.0008611009689047933,0.0005844476399943233,0.0004305839538574219,3.5854034763360687e-07,"[0.9360687136650085, 0.05794111266732216, 0.004363354295492172, 0.0016268094768747687]","[0.9356381297111511, 0.05833534523844719, 0.004388527479022741, 0.0016379207372665405]"
model\Dataset_Flood\low\images - 2025-01-28T164850.863.jpg,low,0,low,0,0.8695271015167236,high,0.7583076879382133,low,0,0.8698046207427979,high,0.7589454352855682,True,True,True,0.9999999403953552,0.0007322230376303196,0.0004633243952412158,0.00036022812128067017,2.41599451555885e-07,"[0.8695271015167236, 0.012174909003078938, 0.11121941357851028, 0.007078561931848526]","[0.8698046207427979, 0.012263531796634197, 0.11085918545722961, 0.007072709035128355]"
model\Dataset_Flood\low\images - 2025-01-28T164859.119.jpg,low,0,low,0,0.6904064416885376,medium,0.4031974971294403,low,0,0.6939187049865723,medium,0.4101284146308899,True,True,True,0.9999819397926331,0.007044150959700346,0.004902447108179331,0.003512263298034668,7.520413873862708e-06,"[0.6904064416885376, 0.2872089445590973, 0.006586729548871517, 0.015797898173332214]","[0.6939187049865723, 0.2837902903556824, 0.006483280565589666, 0.015807682648301125]"
model\Dataset_Flood\low\images - 2025-01-28T164917.120.jpg,low,0,low,0,0.8276046514511108,medium,0.7229149118065834,low,0,0.828751266002655,medium,0.7247064933180809,True,True,True,0.999999463558197,0.002293284982442856,0.0013728269841521978,0.0011466145515441895,1.2127601394240628e-06,"[0.8276046514511108, 0.10468973964452744, 0.04315655305981636, 0.02454906888306141]","[0.828751266002655, 0.10404477268457413, 0.042787183076143265, 0.024416735395789146]"
model\Dataset_Flood\low\images - 2025-01-28T184413.743.jpg,low,0,low,0,0.7809874415397644,medium,0.5682657659053802,low,0,0.7828298211097717,medium,0.571935161948204,True,True,True,0.9999960660934448,0.0036847677547484636,0.002594707300886512,0.0018423795700073242,2.510081685613841e-06,"[0.7809874415397644, 0.21272167563438416, 0.0040455469861626625, 0.0022453623823821545]","[0.7828298211097717, 0.2108946591615677, 0.004033638164401054, 0.0022418994922190905]"
model\Dataset_Flood\low\images - 2025-01-28T184423.521.jpg,low,0,low,0,0.8523828387260437,non_flood,0.7176462262868881,low,0,0.8509937524795532,non_flood,0.7146451026201248,True,True,True,0.9999977350234985,0.0032239570282399654,0.0021342546679079533,0.0016120374202728271,3.225373575332924e-06,"[0.8523828387260437, 0.006841505877673626, 0.006039009429514408, 0.13473661243915558]","[0.8509937524795532, 0.006761640310287476, 0.005896041635423899, 0.1363486498594284]"
model\Dataset_Flood\low\images - 2025-01-28T184431.213.jpg,low,0,low,0,0.9663477540016174,medium,0.9465474504977465,low,0,0.9665597677230835,medium,0.9468814376741648,True,True,True,0.9999999403953552,0.0004241038113832474,0.0002536779211368412,0.00021201372146606445,1.728394636302255e-07,"[0.9663477540016174, 0.019800303503870964, 0.005107605829834938, 0.008744331076741219]","[0.9665597677230835, 0.019678330048918724, 0.0050777895376086235, 0.00868403073400259]"
model\Dataset_Flood\low\images - 2025-01-28T184849.878.jpg,low,0,low,0,0.8842921853065491,medium,0.8190419748425484,low,0,0.884791374206543,medium,0.8198853358626366,True,True,True,0.9999998211860657,0.000998334027826786,0.0006161900819279253,0.0004991888999938965,3.009263025433029e-07,"[0.8842921853065491, 0.0652502104640007, 0.014200779609382153, 0.03625679388642311]","[0.884791374206543, 0.0649060383439064, 0.014127643778920174, 0.0361749567091465]"
model\Dataset_Flood\low\images - 2025-01-28T184855.222.jpg,low,0,low,0,0.9183422327041626,non_flood,0.8401580080389977,low,0,0.9188873171806335,non_flood,0.8412031009793282,True,True,True,0.9999999403953552,0.0010902356589213014,0.0007409207173623145,0.0005450844764709473,5.190668161958456e-07,"[0.9183422327041626, 0.003298306604847312, 0.00017524551367387176, 0.07818422466516495]","[0.9188873171806335, 0.003255498828366399, 0.00017291060066781938, 0.07768421620130539]"
model\Dataset_Flood\low\images - 2025-01-28T184858.157.jpg,low,0,low,0,0.972252607345581,medium,0.9584884131327271,low,0,0.972261369228363,medium,0.9585051536560059,True,True,True,0.9999999403953552,2.4060456780716777e-05,1.2944210538989864e-05,8.761882781982422e-06,,"[0.972252607345581, 0.013764194212853909, 0.00033902956056408584, 0.013644212856888771]","[0.972261369228363, 0.013756215572357178, 0.00033496180549263954, 0.013647465035319328]"
model\Dataset_Flood\low\images - 2025-01-28T184905.989.jpg,low,0,low,0,0.9585046172142029,medium,0.9206216111779213,low,0,0.9590537548065186,medium,0.9216497875750065,True,True,True,0.9999998211860657,0.0010982630774378777,0.0007309742504730821,0.0005491375923156738,9.461710419600422e-07,"[0.9585046172142029, 0.037883006036281586, 0.0006388923502527177, 0.002973538124933839]","[0.9590537548065186, 0.03740396723151207, 0.0006243064999580383, 0.0029180373530834913]"
model\Dataset_Flood\low\images - 2025-01-28T184929.540.jpg,low,0,low,0,0.7106454372406006,non_flood,0.4406670033931732,low,0,0.7109038233757019,non_flood,0.44131848216056824,True,True,True,0.9999997019767761,0.0007861759513616562,0.0004882208595518023,0.00039309263229370117,2.691522240638733e-07,"[0.7106454372406006, 0.008805504068732262, 0.010570665821433067, 0.26997843384742737]","[0.7109038233757019, 0.008809596300125122, 0.010701270774006844, 0.26958534121513367]"
model\Dataset_Flood\low\images - 2025-01-28T184934.495.jpg,low,0,low,0,0.8665356040000916,medium,0.7375900596380234,low,0,0.8681095838546753,medium,0.7407314628362656,True,True,True,0.9999979138374329,0.003147843526676297,0.002221320290118456,0.0015739798545837402,2.747158532656613e-06,"[0.8665356040000916, 0.12894554436206818, 0.00012277651694603264, 0.004396007861942053]","[0.8681095838546753, 0.12737812101840973, 0.0001221873244503513, 0.004390156827867031]"
model\Dataset_Flood\low\images - 2025-01-28T184948.206.jpg,low,0,medium,1,0.8796395063400269,high,0.8018755540251732,medium,1,0.8805997967720032,high,0.8036625906825066,False,False,True,0.999999463558197,0.0020956089720129967,0.0012892639497295022,0.0009602904319763184,1.5485894664379884e-06,"[0.012461011298000813, 0.8796395063400269, 0.07776395231485367, 0.030135581269860268]","[0.012548491358757019, 0.8805997967720032, 0.07693720608949661, 0.02991448901593685]"
model\Dataset_Flood\low\images - 2025-01-28T184954.092.jpg,low,0,low,0,0.7283154726028442,medium,0.562611773610115,low,0,0.7326920032501221,medium,0.5690120905637741,True,True,True,0.9999852776527405,0.008752932772040367,0.00535529013723135,0.004376530647277832,1.2998818419873714e-05,"[0.7283154726028442, 0.1657036989927292, 0.0015346554573625326, 0.10444612801074982]","[0.7326920032501221, 0.16367991268634796, 0.0015120372409000993, 0.10211613029241562]"
model\Dataset_Flood\low\images - 2025-01-28T185020.777.jpg,low,0,low,0,0.8134264349937439,high,0.7049526423215866,low,0,0.8156741857528687,high,0.7086144164204597,True,True,True,0.9999973773956299,0.004495415836572647,0.0027438299730420113,0.002247750759124756,4.718443960882723e-06,"[0.8134264349937439, 0.04215385019779205, 0.10847379267215729, 0.03594586253166199]","[0.8156741857528687, 0.04199127107858658, 0.1070597693324089, 0.035274799913167953]"
model\Dataset_Flood\low\images - 2025-01-28T185152.234.jpg,low,0,low,0,0.779897928237915,medium,0.6938584744930267,low,0,0.7793370485305786,medium,0.6927594244480133,True,True,True,0.9999994039535522,0.0019192732870578766,0.0009699766524136066,0.0005608797073364258,1.0976873454637825e-06,"[0.779897928237915, 0.0860394537448883, 0.05508814752101898, 0.07897444814443588]","[0.7793370485305786, 0.08657762408256531, 0.055509623140096664, 0.07857570052146912]"
model\Dataset_Flood\low\images - 2025-01-28T185200.363.jpg,low,0,low,0,0.8397467136383057,medium,0.7465877905488014,low,0,0.8400596380233765,medium,0.7468403577804565,True,True,True,0.9999998211860657,0.0007797786965966225,0.0005038115195930004,0.0003898516297340393,3.57416837459823e-07,"[0.8397467136383057, 0.09315892308950424, 0.004972544964402914, 0.062121812254190445]","[0.8400596380233765, 0.09321928024291992, 0.0049891904927790165, 0.061731960624456406]"
model\Dataset_Flood\low\images - 2025-01-28T185206.840.jpg,low,0,low,0,0.7348822951316833,medium,0.5894515812397003,low,0,0.7371274828910828,medium,0.5935229361057281,True,True,True,0.9999953508377075,0.004490341991186142,0.0029096966609358788,0.002245187759399414,4.032149718113942e-06,"[0.7348822951316833, 0.14543071389198303, 0.016822312027215958, 0.10286462306976318]","[0.7371274828910828, 0.14360454678535461, 0.016650274395942688, 0.10261767357587814]"
model\Dataset_Flood\low\images - 2025-01-28T185223.638.jpg,low,0,low,0,0.8726227283477783,non_flood,0.7501148656010628,low,0,0.8738828897476196,non_flood,0.7526409327983856,True,True,True,0.9999986290931702,0.0025321971625089645,0.001786213950254023,0.0012659057974815369,1.8753636368273874e-06,"[0.8726227283477783, 0.004765416961163282, 0.00010388654482085258, 0.12250786274671555]","[0.8738828897476196, 0.004771399777382612, 0.000103739534097258, 0.12124195694923401]"
model\Dataset_Flood\low\images - 2025-01-28T185234.496.jpg,low,0,low,0,0.9587507843971252,medium,0.9369762949645519,low,0,0.9584677815437317,medium,0.9366424418985844,True,True,True,0.9999999403953552,0.0005658091977238655,0.0003615198074840009,0.0002830028533935547,4.038084000512754e-07,"[0.9587507843971252, 0.02177448943257332, 0.0047629280015826225, 0.01471189595758915]","[0.9584677815437317, 0.021825339645147324, 0.004776148125529289, 0.014930631965398788]"
model\Dataset_Flood\low\images - 2025-01-28T185253.378.jpg,low,0,low,0,0.6428958773612976,non_flood,0.3358723819255829,low,0,0.6416708827018738,non_flood,0.33403515815734863,True,True,True,0.9999983906745911,0.002450042637065053,0.001493905670940876,0.0012249946594238281,1.4155375538393855e-06,"[0.6428958773612976, 0.04661290720105171, 0.00346766016446054, 0.3070234954357147]","[0.6416708827018738, 0.047209613025188446, 0.003483773209154606, 0.30763572454452515]"
model\Dataset_Flood\low\images - 2025-01-28T185350.927.jpg,low,0,low,0,0.945343554019928,non_flood,0.8948129117488861,low,0,0.9456996917724609,non_flood,0.8954805471003056,True,True,True,0.9999999403953552,0.000712214270606637,0.00047490705037489533,0.000356137752532959,3.281093086116016e-07,"[0.945343554019928, 0.0030282523948699236, 0.001097469823434949, 0.05053064227104187]","[0.9456996917724609, 0.002987548243254423, 0.0010935950558632612, 0.05021914467215538]"
model\Dataset_Flood\low\images - 2025-01-28T185358.508.jpg,low,0,low,0,0.566065788269043,non_flood,0.17045533657073975,low,0,0.5700634717941284,non_flood,0.1784086525440216,True,True,True,0.9999680519104004,0.00806712917983532,0.005624576937407255,0.003997683525085449,8.628121577203274e-06,"[0.566065788269043, 0.030029814690351486, 0.008294036611914635, 0.3956104516983032]","[0.5700634717941284, 0.03006565570831299, 0.008216064423322678, 0.3916548192501068]"
model\Dataset_Flood\low\images - 2025-01-28T185413.239.jpg,low,0,low,0,0.7728605270385742,non_flood,0.6541388034820557,low,0,0.7733418941497803,non_flood,0.6556864604353905,True,True,True,0.9999987483024597,0.002132577821612358,0.0012959742452949286,0.0010662898421287537,1.6451523379146238e-06,"[0.7728605270385742, 0.09879226237535477, 0.009625506587326527, 0.11872172355651855]","[0.7733418941497803, 0.09934910386800766, 0.009653585962951183, 0.1176554337143898]"
model\Dataset_Flood\low\images - 2025-01-28T185425.621.jpg,low,0,low,0,0.8122392296791077,medium,0.696170300245285,low,0,0.8161191344261169,medium,0.7018302530050278,True,True,True,0.9999921321868896,0.00775981554761529,0.00473790755495429,0.0038799047470092773,1.3891841263102833e-05,"[0.8122392296791077, 0.11606892943382263, 0.005190117284655571, 0.06650171428918839]","[0.8161191344261169, 0.11428888142108917, 0.005145377945154905, 0.0644465908408165]"
model\Dataset_Flood\low\images - 2025-01-28T185445.292.jpg,low,0,low,0,0.790894627571106,medium,0.6860568448901176,low,0,0.792443037033081,medium,0.6880545094609261,True,True,True,0.9999984502792358,0.0030968054197728634,0.0019239728571847081,0.0015484094619750977,2.0797597244381905e-06,"[0.790894627571106, 0.10483778268098831, 0.0052114189602434635, 0.09905621409416199]","[0.792443037033081, 0.104388527572155, 0.0051609547808766365, 0.09800753742456436]"
model\Dataset_Flood\low\images - 2025-01-28T185537.715.jpg,low,0,low,0,0.9513923525810242,high,0.9272046089172363,low,0,0.9514120817184448,high,0.9274037666618824,True,True,True,0.9999998807907104,0.00038125331047922373,0.0002488325990270823,0.0001794286072254181,3.6597796793103043e-07,"[0.9513923525810242, 0.022886451333761215, 0.024187743663787842, 0.0015334263443946838]","[0.9514120817184448, 0.023057356476783752, 0.024008315056562424, 0.0015222359215840697]"
model\Dataset_Flood\low\images - 2025-01-28T185543.419.jpg,low,0,low,0,0.8551666736602783,medium,0.7589810639619827,low,0,0.8549906015396118,medium,0.7585853412747383,True,True,True,1.0,0.0004437575116753578,0.0002852151810657233,0.00021965056657791138,4.552020627102138e-08,"[0.8551666736602783, 0.0961856096982956, 0.004395084921270609, 0.04425257816910744]","[0.8549906015396118, 0.0964052602648735, 0.004397350829094648, 0.044206809252500534]"
model\Dataset_Flood\low\images.jpg,low,0,low,0,0.9295095205307007,non_flood,0.8841265477240086,low,0,0.929655909538269,non_flood,0.8841270133852959,True,True,True,0.9999998807907104,0.0006066532805562019,0.00036725684185512364,0.0003033708781003952,5.86038368055597e-07,"[0.9295095205307007, 0.024231597781181335, 0.0008759728516452014, 0.04538297280669212]","[0.929655909538269, 0.02392822690308094, 0.0008869429002515972, 0.045528896152973175]"
model\Dataset_Flood\low\images200.jpg,low,0,non_flood,3,0.8211846351623535,low,0.7124258130788803,non_flood,3,0.8213552832603455,low,0.7130429670214653,False,False,True,0.9999998211860657,0.0008931048214435577,0.0005247534136287868,0.0004465058445930481,4.0754457586444914e-07,"[0.1087588220834732, 0.03715861961245537, 0.03289785608649254, 0.8211846351623535]","[0.10831231623888016, 0.037230249494314194, 0.03310217708349228, 0.8213552832603455]"
model\Dataset_Flood\low\img1.jpeg,low,0,low,0,0.7105956077575684,non_flood,0.5781032145023346,low,0,0.7105644345283508,non_flood,0.5784199088811874,True,True,True,0.9999992251396179,0.0015054121613502502,0.0009100555907934904,0.0007527396082878113,1.164058517133526e-06,"[0.7105956077575684, 0.08838652074337006, 0.06852550804615021, 0.13249239325523376]","[0.7105644345283508, 0.08913926035165787, 0.06815187633037567, 0.1321445256471634]"
model\Dataset_Flood\low\img_india_20151202_title-759x500.jpg,low,0,low,0,0.668511152267456,non_flood,0.49857407808303833,low,0,0.6687708497047424,non_flood,0.49950532615184784,True,True,True,0.9999992251396179,0.0013431012630462646,0.0008291972335428,0.0006715506315231323,6.315676728263497e-07,"[0.668511152267456, 0.08797549456357956, 0.07357630878686905, 0.16993707418441772]","[0.6687708497047424, 0.08797607570886612, 0.07398758083581924, 0.1692655235528946]"
model\Dataset_Flood\low\JWDX52S32BAFTERZHXMH26GFVE.png,low,0,low,0,0.6388410925865173,non_flood,0.3474136292934418,low,0,0.6397132873535156,non_flood,0.34892648458480835,True,True,True,0.9999989867210388,0.0017444919794797897,0.0010950675932690501,0.000872194766998291,4.2284952428417455e-07,"[0.6388410925865173, 0.04820328205823898, 0.021528184413909912, 0.29142746329307556]","[0.6397132873535156, 0.04806321859359741, 0.02143661119043827, 0.2907868027687073]"
model\Dataset_Flood\low\low.jpg,low,0,low,0,0.8839681148529053,medium,0.7692748382687569,low,0,0.8835015892982483,medium,0.7683342173695564,True,True,True,0.9999998211860657,0.0009481303859502077,0.0006651636795140803,0.00047409534454345703,2.7720923867491365e-07,"[0.8839681148529053, 0.11469327658414841, 0.00033296336187049747, 0.0010055811144411564]","[0.8835015892982483, 0.11516737192869186, 0.000330200680764392, 0.0010008342796936631]"
model\Dataset_Flood\low\Mua-lon-nhieu-tuyen-duong-bi-chia-cat-do-ngap.jpg,low,0,low,0,0.7444375157356262,medium,0.49139171838760376,low,0,0.7480965852737427,medium,0.49869081377983093,True,True,True,0.9999827146530151,0.007319879252463579,0.005161295644938946,0.003659069538116455,8.842433089739643e-06,"[0.7444375157356262, 0.25304579734802246, 0.002290457719936967, 0.00022621206881012768]","[0.7480965852737427, 0.24940577149391174, 0.002270580967888236, 0.00022711917699780315]"
model\Dataset_Flood\low\MYH20240710015000641.jpg,low,0,high,2,0.7250313758850098,non_flood,0.564664289355278,high,2,0.7263638973236084,non_flood,0.5670892745256424,False,False,True,0.9999983310699463,0.0026650261133909225,0.0017335639568045735,0.0013325214385986328,1.317093733632646e-06,"[0.10301270335912704, 0.011588851921260357, 0.7250313758850098, 0.16036708652973175]","[0.10283208638429642, 0.011529427953064442, 0.7263638973236084, 0.159274622797966]"
model\Dataset_Flood\low\NISI20180831_0014421289_web.jpg,low,0,low,0,0.9941867589950562,medium,0.9897090387530625,low,0,0.994225800037384,medium,0.9897688017226756,True,True,True,1.0,7.809049566276371e-05,4.783575059263967e-05,3.904104232788086e-05,1.5186744306561195e-08,"[0.9941867589950562, 0.004477720241993666, 5.2548577514244244e-05, 0.00128305668476969]","[0.994225800037384, 0.004456998314708471, 5.251467155176215e-05, 0.0012647630646824837]"
model\Dataset_Flood\low\noise (2).jpg,low,0,low,0,0.7852771282196045,medium,0.6359152644872665,low,0,0.7850472927093506,medium,0.6351286023855209,True,True,True,0.9999997019767761,0.0011136122047901154,0.0006733573973178864,0.0005568265914916992,6.765986313439498e-07,"[0.7852771282196045, 0.14936186373233795, 0.03607387840747833, 0.02928711660206318]","[0.7850472927093506, 0.14991869032382965, 0.03604656830430031, 0.028987476602196693]"
model\Dataset_Flood\low\noise (3).jpg,low,0,low,0,0.45896896719932556,medium,0.009657561779022217,low,0,0.4589962065219879,medium,0.009716123342514038,True,True,True,1.0,0.00016510114073753357,8.606285700807348e-05,5.5320560932159424e-05,3.272998227998869e-08,"[0.45896896719932556, 0.44931140542030334, 0.04584735259413719, 0.04587230086326599]","[0.4589962065219879, 0.4492800831794739, 0.04579613357782364, 0.04592762142419815]"
model\Dataset_Flood\low\noise (4).jpg,low,0,low,0,0.7510516047477722,medium,0.5167594403028488,low,0,0.7508759498596191,medium,0.5163642764091492,True,True,True,1.0,0.00043904269114136696,0.0002828485448844731,0.00021950900554656982,2.660953946076461e-08,"[0.7510516047477722, 0.2342921644449234, 0.004953686613589525, 0.009702603332698345]","[0.7508759498596191, 0.23451167345046997, 0.00493269320577383, 0.009679717943072319]"
model\Dataset_Flood\low\noise (5).jpg,low,0,low,0,0.9157668948173523,medium,0.8637581281363964,low,0,0.915158748626709,medium,0.8626126199960709,True,True,True,0.9999997615814209,0.0012163305655121803,0.000813098275102675,0.0006081461906433105,8.029737159631622e-07,"[0.9157668948173523, 0.05200876668095589, 0.004894718993455172, 0.027329543605446815]","[0.915158748626709, 0.05254612863063812, 0.004926871042698622, 0.02736821398139]"
model\Dataset_Flood\low\noise (6).jpg,low,0,low,0,0.9769943356513977,medium,0.9678541198372841,low,0,0.9772507548332214,medium,0.9682487919926643,True,True,True,0.9999999403953552,0.000512935221195221,0.0003033431130461395,0.00025641918182373047,4.3654651449287485e-07,"[0.9769943356513977, 0.009140215814113617, 0.007596933748573065, 0.006268570199608803]","[0.9772507548332214, 0.009001962840557098, 0.007546726614236832, 0.006200514268130064]"
model\Dataset_Flood\low\noise (7).jpg,low,0,low,0,0.9449532628059387,high,0.9094161912798882,low,0,0.9460139870643616,high,0.911270085722208,True,True,True,0.9999995827674866,0.0021214992739260197,0.0013397963484749198,0.0010607242584228516,2.8489685064414516e-06,"[0.9449532628059387, 0.01348106563091278, 0.03553707152605057, 0.006028659641742706]","[0.9460139870643616, 0.013297297060489655, 0.03474390134215355, 0.005944823380559683]"
model\Dataset_Flood\low\noise (8).jpg,low,0,low,0,0.5245804786682129,non_flood,0.14983177185058594,low,0,0.5251266360282898,non_flood,0.15074661374092102,True,True,True,0.9999994039535522,0.001210428774356842,0.0007025958620943129,0.0005461573600769043,2.749438863247633e-07,"[0.5245804786682129, 0.045984718948602676, 0.05468609929084778, 0.37474870681762695]","[0.5251266360282898, 0.04574821516871452, 0.054745182394981384, 0.3743800222873688]"
model\Dataset_Flood\low\noise.jpg,low,0,low,0,0.651292085647583,medium,0.3478601276874542,low,0,0.6527896523475647,medium,0.3503391146659851,True,True,True,0.9999975562095642,0.002995128743350506,0.001834819559007883,0.0014975666999816895,1.583430275786668e-06,"[0.651292085647583, 0.3034319579601288, 0.012267420999705791, 0.033008553087711334]","[0.6527896523475647, 0.3024505376815796, 0.01212654635310173, 0.03263328596949577]"
model\Dataset_Flood\low\noise_mua (2).jpg,low,0,low,0,0.8947753310203552,non_flood,0.8384881913661957,low,0,0.8959022760391235,non_flood,0.8404840864241123,True,True,True,0.9999994039535522,0.002261282177641988,0.001446918467991054,0.0011269450187683105,2.079934347420931e-06,"[0.8947753310203552, 0.0466674268245697, 0.002270124386996031, 0.056287139654159546]","[0.8959022760391235, 0.04640574008226395, 0.0022738247644156218, 0.055418189615011215]"
model\Dataset_Flood\low\noise_mua.jpg,low,0,non_flood,3,0.4702762961387634,low,0.12853944301605225,non_flood,3,0.4676430821418762,low,0.12471544742584229,False,False,True,0.9999886751174927,0.005266372114419937,0.0030692904256284237,0.002633213996887207,3.8453722481790464e-06,"[0.3417368531227112, 0.1334308534860611, 0.0545559786260128, 0.4702762961387634]","[0.34292763471603394, 0.134271502494812, 0.05515770614147186, 0.4676430821418762]"
model\Dataset_Flood\low\PS16100500612.jpg,low,0,low,0,0.5677741169929504,medium,0.23141807317733765,low,0,0.5656964182853699,medium,0.2285393476486206,True,True,True,0.9999951124191284,0.004155457019805908,0.002435675822198391,0.0020776987075805664,3.2914756502577802e-06,"[0.5677741169929504, 0.3363560438156128, 0.06628506630659103, 0.02958475425839424]","[0.5656964182853699, 0.33715707063674927, 0.06720540672540665, 0.029941145330667496]"
model\Dataset_Flood\low\Sau-con-mua-lon-hang-gio-nguoi-dan-TPBao-Loc.jpg,low,0,low,0,0.5361788272857666,medium,0.22497045993804932,low,0,0.5382943749427795,medium,0.22849112749099731,True,True,True,0.9999914169311523,0.004913881421089172,0.0027699745260179043,0.0021155476570129395,3.443826926741167e-06,"[0.5361788272857666, 0.3112083673477173, 0.03887958079576492, 0.11373316496610641]","[0.5382943749427795, 0.3098032474517822, 0.039220988750457764, 0.11268135905265808]"
model\Dataset_Flood\low\SSI_20170716151354_O2.jpg,low,0,low,0,0.6336331963539124,medium,0.2958572506904602,low,0,0.6331363320350647,medium,0.29471394419670105,True,True,True,0.9999992847442627,0.0012928456999361515,0.0008259033784270287,0.000646442174911499,2.7282297310193826e-07,"[0.6336331963539124, 0.33777594566345215, 0.004369936417788267, 0.0242209043353796]","[0.6331363320350647, 0.33842238783836365, 0.004350726492702961, 0.02409057505428791]"
model\Dataset_Flood\low\unnamed (2).jpg,low,0,low,0,0.9190260767936707,medium,0.8500162214040756,low,0,0.9196905493736267,medium,0.8513539209961891,True,True,True,0.9999997019767761,0.0015181247144937515,0.0009545015054754913,0.0006732270121574402,1.2536038411781192e-06,"[0.9190260767936707, 0.06900985538959503, 0.0067124743945896626, 0.005251542665064335]","[0.9196905493736267, 0.06833662837743759, 0.0068070534616708755, 0.005165696609765291]"
model\Dataset_Flood\low\다운로드 (1).jpg,low,0,low,0,0.8910439014434814,medium,0.8027968928217888,low,0,0.8915839195251465,medium,0.8036892265081406,True,True,True,0.9999998807907104,0.0011096303351223469,0.0006759894313290715,0.0005400180816650391,5.67160896025598e-07,"[0.8910439014434814, 0.08824700862169266, 0.004281497560441494, 0.016427544876933098]","[0.8915839195251465, 0.08789469301700592, 0.004296319093555212, 0.016225069761276245]"
model\Dataset_Flood\low\다운로드 (11).jpg,low,0,low,0,0.7783263325691223,medium,0.5596581846475601,low,0,0.7777368426322937,medium,0.5584644377231598,True,True,True,0.9999995231628418,0.0012110023526474833,0.0008443239494226873,0.0006042569875717163,2.848160534085764e-07,"[0.7783263325691223, 0.2186681479215622, 0.002562023000791669, 0.0004435439477674663]","[0.7777368426322937, 0.2192724049091339, 0.00254600727930665, 0.0004447836254257709]"
model\Dataset_Flood\low\다운로드 (12) 1.jpg,low,0,non_flood,3,0.5082341432571411,low,0.07157602906227112,non_flood,3,0.5087902545928955,low,0.07235541939735413,False,False,True,0.9999996423721313,0.001112278550863266,0.0006511890678666532,0.0005561113357543945,4.1096060954259883e-07,"[0.43665811419487, 0.033952657133340836, 0.02115509659051895, 0.5082341432571411]","[0.4364348351955414, 0.03385522961616516, 0.020919635891914368, 0.5087902545928955]"
model\Dataset_Flood\low\다운로드 (13) 1.jpg,low,0,low,0,0.7279619574546814,medium,0.5368424654006958,low,0,0.7282692193984985,medium,0.5367664843797684,True,True,True,0.999999463558197,0.0013808952644467354,0.0008150880457833409,0.0006491392850875854,8.773932336225698e-07,"[0.7279619574546814, 0.1911194920539856, 0.008266789838671684, 0.07265171408653259]","[0.7282692193984985, 0.19150273501873016, 0.008225538767874241, 0.07200257480144501]"
model\Dataset_Flood\low\다운로드 (13).jpg,low,0,low,0,0.995175838470459,medium,0.9915634223725647,low,0,0.995144248008728,medium,0.9915124804247171,True,True,True,1.0,6.328541348921135e-05,3.902483149431646e-05,3.159046173095703e-05,5.8377917611096564e-08,"[0.995175838470459, 0.003612416097894311, 0.001202150247991085, 9.552488336339593e-06]","[0.995144248008728, 0.0036317675840109587, 0.0012144178617745638, 9.62834292295156e-06]"
model\Dataset_Flood\low\다운로드 (15) 1.jpg,low,0,low,0,0.5187430381774902,non_flood,0.19447174668312073,low,0,0.518674373626709,non_flood,0.19494783878326416,True,True,True,0.999999463558197,0.0012267939746379852,0.0007326590130105615,0.0005447566509246826,4.103494859464263e-07,"[0.5187430381774902, 0.09625766426324844, 0.06072806566953659, 0.3242712914943695]","[0.518674373626709, 0.09671797603368759, 0.060881126672029495, 0.3237265348434448]"
model\Dataset_Flood\low\다운로드 (15).jpg,low,0,low,0,0.8808937668800354,non_flood,0.7853655740618706,low,0,0.8829479813575745,non_flood,0.789123110473156,True,True,True,0.9999975562095642,0.0041083283722400665,0.002680151490494609,0.0020542144775390625,5.104870524519356e-06,"[0.8808937668800354, 0.0075434911996126175, 0.016034480184316635, 0.09552819281816483]","[0.8829479813575745, 0.007385151460766792, 0.015842027962207794, 0.09382487088441849]"
model\Dataset_Flood\low\다운로드 (16) 1.jpg,low,0,low,0,0.8492333292961121,non_flood,0.7750292792916298,low,0,0.8502712845802307,non_flood,0.7767176479101181,True,True,True,0.9999995231628418,0.002075841650366783,0.0012557741720229387,0.0010379552841186523,1.15310820092418e-06,"[0.8492333292961121, 0.04657614231109619, 0.029986435547471046, 0.07420405000448227]","[0.8502712845802307, 0.046354904770851135, 0.02982020005583763, 0.07355363667011261]"
model\Dataset_Flood\low\다운로드 (16).jpg,low,0,low,0,0.5461361408233643,non_flood,0.2393277883529663,low,0,0.5471401214599609,non_flood,0.2401658296585083,True,True,True,0.9999984502792358,0.0023398511111736298,0.0013661518460139632,0.0010039806365966797,1.4055440260563046e-06,"[0.5461361408233643, 0.10533438622951508, 0.04172111302614212, 0.30680835247039795]","[0.5471401214599609, 0.10447878390550613, 0.0414067842066288, 0.30697429180145264]"
model\Dataset_Flood\low\다운로드 (17).jpg,low,0,non_flood,3,0.4698813259601593,high,0.11895602941513062,non_flood,3,0.46798935532569885,high,0.11636307835578918,False,False,True,0.9999940395355225,0.003783963620662689,0.0022638665977865458,0.0018919706344604492,2.6262425762979547e-06,"[0.08624067157506943, 0.09295269101858139, 0.3509252965450287, 0.4698813259601593]","[0.0872514545917511, 0.09313292056322098, 0.35162627696990967, 0.46798935532569885]"
model\Dataset_Flood\low\다운로드 (19).jpg,low,0,low,0,0.8729912042617798,non_flood,0.8083636611700058,low,0,0.8743999004364014,non_flood,0.8101607635617256,True,True,True,0.9999990463256836,0.0028175758197903633,0.0017534677172079682,0.001408696174621582,2.7205824153497815e-06,"[0.8729912042617798, 0.05830797180533409, 0.004073379095643759, 0.06462754309177399]","[0.8743999004364014, 0.05734019726514816, 0.004020680207759142, 0.06423913687467575]"
model\Dataset_Flood\low\다운로드 (21).jpg,low,0,low,0,0.9592475295066833,medium,0.9306523464620113,low,0,0.9592909812927246,medium,0.9306673388928175,True,True,True,0.9999999403953552,0.00014382461085915565,7.651274790987372e-05,5.284510552883148e-05,2.658089037765876e-08,"[0.9592475295066833, 0.028595183044672012, 0.002908591879531741, 0.009248719550669193]","[0.9592909812927246, 0.028623642399907112, 0.0028895235154777765, 0.009195874445140362]"
model\Dataset_Flood\low\다운로드 (22).jpg,low,0,low,0,0.9336731433868408,non_flood,0.8758160658180714,low,0,0.9342318773269653,non_flood,0.8769274093210697,True,True,True,0.9999997019767761,0.001123214140534401,0.0007859073230065405,0.0005587339401245117,6.758637027814984e-07,"[0.9336731433868408, 0.004550320096313953, 0.003919420298188925, 0.057857077568769455]","[0.9342318773269653, 0.004553173203021288, 0.00391040276736021, 0.057304468005895615]"
model\Dataset_Flood\low\다운로드 (23).jpg,low,0,low,0,0.8717178702354431,medium,0.7729056477546692,low,0,0.8741644620895386,medium,0.77756766974926,True,True,True,0.9999960064888,0.004893239587545395,0.0033059404231607914,0.002446591854095459,7.67548681324115e-06,"[0.8717178702354431, 0.09881222248077393, 0.021601153537631035, 0.007868741638958454]","[0.8741644620895386, 0.09659679234027863, 0.021550999954342842, 0.007687677629292011]"
model\Dataset_Flood\low\다운로드 (24).jpg,low,0,low,0,0.597710907459259,non_flood,0.394081711769104,low,0,0.5992768406867981,non_flood,0.39710623025894165,True,True,True,0.9999957084655762,0.0032587721943855286,0.002147745806723833,0.0015659332275390625,1.9480357877910137e-06,"[0.597710907459259, 0.16874435544013977, 0.029915524646639824, 0.20362919569015503]","[0.5992768406867981, 0.16880783438682556, 0.029744749888777733, 0.20217061042785645]"
model\Dataset_Flood\low\다운로드 (25).jpg,low,0,low,0,0.8244223594665527,medium,0.6666367650032043,low,0,0.8252619504928589,medium,0.6681513488292694,True,True,True,0.999999463558197,0.0016791191883385181,0.0010848375968635082,0.0008395910263061523,6.610516720684245e-07,"[0.8244223594665527, 0.1577855944633484, 0.005611990578472614, 0.0121800247579813]","[0.8252619504928589, 0.15711060166358948, 0.0055671934969723225, 0.012060286477208138]"
model\Dataset_Flood\low\다운로드 (26).jpg,low,0,low,0,0.9669836163520813,non_flood,0.9417080618441105,low,0,0.9675997495651245,non_flood,0.9428802132606506,True,True,True,0.9999998807907104,0.0012467172928154469,0.0008326829993166029,0.0006161332130432129,1.697931907074235e-06,"[0.9669836163520813, 0.005653316620737314, 0.0020874866750091314, 0.02527555450797081]","[0.9675997495651245, 0.005585995502769947, 0.0020947314333170652, 0.024719536304473877]"
model\Dataset_Flood\low\다운로드 (27).jpg,low,0,low,0,0.7412670850753784,non_flood,0.5796070098876953,low,0,0.7413527369499207,non_flood,0.5801079571247101,True,True,True,0.9999998807907104,0.0008305534720420837,0.0005116623942740262,0.0004152953624725342,3.6758862620445143e-07,"[0.7412670850753784, 0.05045698955655098, 0.0466158501803875, 0.1616600751876831]","[0.7413527369499207, 0.05073941871523857, 0.04666302725672722, 0.16124477982521057]"
model\Dataset_Flood\low\다운로드 (29).jpg,low,0,low,0,0.8501964807510376,medium,0.7037277817726135,low,0,0.848952054977417,medium,0.7012340277433395,True,True,True,0.9999986886978149,0.002500364789739251,0.0017633633688092232,0.0012493282556533813,1.567196704854723e-06,"[0.8501964807510376, 0.14646869897842407, 0.0025900534819811583, 0.0007447848911397159]","[0.848952054977417, 0.14771802723407745, 0.002590901218354702, 0.0007390218088403344]"
model\Dataset_Flood\low\다운로드 (3).jpg,low,0,low,0,0.984813392162323,medium,0.9719611993059516,low,0,0.9847574234008789,medium,0.9718471942469478,True,True,True,0.9999999403953552,0.00011984579032287002,8.074534707702696e-05,5.803629755973816e-05,3.677519089251291e-08,"[0.984813392162323, 0.012852192856371403, 0.0018310792511329055, 0.0005033088964410126]","[0.9847574234008789, 0.012910229153931141, 0.0018329896265640855, 0.0004993785405531526]"
model\Dataset_Flood\low\다운로드 (30).jpg,low,0,low,0,0.9392279386520386,medium,0.8942557647824287,low,0,0.9405831694602966,medium,0.8968481123447418,True,True,True,0.9999990463256836,0.002719039563089609,0.0018390542827546597,0.0013552308082580566,4.7354260459542274e-06,"[0.9392279386520386, 0.04497217386960983, 0.0030071644578129053, 0.012792760506272316]","[0.9405831694602966, 0.04373505711555481, 0.0030114061664789915, 0.012670310214161873]"
model\Dataset_Flood\low\다운로드 (31).jpg,low,0,low,0,0.9927109479904175,medium,0.9887277781963348,low,0,0.9927515983581543,medium,0.9887772318907082,True,True,True,0.9999999403953552,8.136010728776455e-05,5.061615593149327e-05,4.0650367736816406e-05,5.162110383594154e-08,"[0.9927109479904175, 0.003983169794082642, 0.0011608190834522247, 0.002145131817087531]","[0.9927515983581543, 0.003974366467446089, 0.0011575748212635517, 0.0021164696663618088]"
model\Dataset_Flood\low\다운로드 (33).jpg,low,0,low,0,0.9403070211410522,medium,0.9055637679994106,low,0,0.9401621222496033,medium,0.9053171128034592,True,True,True,1.0000001192092896,0.00028975214809179306,0.0001810713147278875,0.0001448988914489746,4.7636600442046984e-08,"[0.9403070211410522, 0.03474325314164162, 0.004746992141008377, 0.020202703773975372]","[0.9401621222496033, 0.034845009446144104, 0.004752601496875286, 0.020240191370248795]"
model\Dataset_Flood\low\다운로드 (46).jpg,low,0,low,0,0.9678354263305664,non_flood,0.9390800353139639,low,0,0.9679493308067322,non_flood,0.9393272791057825,True,True,True,1.0,0.00026681728195399046,0.00017606120673008263,0.0001333393156528473,9.265932021662593e-08,"[0.9678354263305664, 0.002292807213962078, 0.0011163160670548677, 0.028755391016602516]","[0.9679493308067322, 0.0023077118676155806, 0.001120984903536737, 0.02862205170094967]"
model\Dataset_Flood\low\다운로드 (5).jpg,low,0,low,0,0.7092219591140747,medium,0.4593232274055481,low,0,0.7111744284629822,medium,0.4631691575050354,True,True,True,0.9999948740005493,0.003943990916013718,0.0027210069820284843,0.0019524693489074707,2.5332353743579006e-06,"[0.7092219591140747, 0.2498987317085266, 0.013078094460070133, 0.02780122496187687]","[0.7111744284629822, 0.24800527095794678, 0.01309762429445982, 0.027722693979740143]"
model\Dataset_Flood\low\다운로드 (50).jpg,low,0,low,0,0.7130259871482849,non_flood,0.5539458394050598,low,0,0.7142571806907654,non_flood,0.555837094783783,True,True,True,0.9999989867210388,0.002462446689605713,0.0014644343173131347,0.0012311935424804688,9.288633009418845e-07,"[0.7130259871482849, 0.051177993416786194, 0.0767158716917038, 0.1590801477432251]","[0.7142571806907654, 0.05101470649242401, 0.07630796730518341, 0.15842008590698242]"
model\Dataset_Flood\low\다운로드 (51).jpg,low,0,low,0,0.9818766117095947,medium,0.9722514990717173,low,0,0.9818607568740845,medium,0.9722486427053809,True,True,True,0.9999999403953552,9.466474875807762e-05,5.479337050928734e-05,4.7334935516119e-05,7.302742943693374e-08,"[0.9818766117095947, 0.009625112637877464, 0.004698729608207941, 0.003799558850005269]","[0.9818607568740845, 0.009612114168703556, 0.00474606454372406, 0.0037810823414474726]"
model\Dataset_Flood\low\다운로드 (52).jpg,low,0,low,0,0.9697209596633911,non_flood,0.9553845133632421,low,0,0.9704053401947021,non_flood,0.9564181175082922,True,True,True,0.9999998807907104,0.0013688774779438972,0.0008071808842942119,0.0006843805313110352,2.0611187210306525e-06,"[0.9697209596633911, 0.004242185968905687, 0.011700470000505447, 0.014336446300148964]","[0.9704053401947021, 0.0041245645843446255, 0.01148281805217266, 0.01398722268640995]"
model\Dataset_Flood\low\다운로드 (53).jpg,low,0,low,0,0.9901278614997864,non_flood,0.9839928913861513,low,0,0.9902201294898987,non_flood,0.9841503840871155,True,True,True,1.0,0.0001844185753725469,0.00011565050226636231,9.226799011230469e-05,8.36007458815402e-08,"[0.9901278614997864, 0.0031517778988927603, 0.0005852935137227178, 0.006134970113635063]","[0.9902201294898987, 0.0031272494234144688, 0.0005828961147926748, 0.0060697454027831554]"
model\Dataset_Flood\low\다운로드 (54).jpg,low,0,low,0,0.46647709608078003,medium,0.22848887741565704,low,0,0.46790528297424316,medium,0.23015621304512024,True,True,True,0.9999953508377075,0.002856425940990448,0.0018542023608461022,0.0014281868934631348,1.4853430911898613e-06,"[0.46647709608078003, 0.23798821866512299, 0.11353049427270889, 0.1820041835308075]","[0.46790528297424316, 0.23774906992912292, 0.11349906027317047, 0.18084652721881866]"
model\Dataset_Flood\low\다운로드 (55).jpg,low,0,low,0,0.9775463938713074,high,0.9663909524679184,low,0,0.9776796698570251,high,0.9666363513097167,True,True,True,1.0000001192092896,0.0002665935899131,0.00017482340626884252,0.00013327598571777344,1.5770274330861866e-07,"[0.9775463938713074, 0.010404422879219055, 0.011155441403388977, 0.0008938142564147711]","[0.9776796698570251, 0.010392310097813606, 0.011043318547308445, 0.0008847322897054255]"
model\Dataset_Flood\low\다운로드 (56).jpg,low,0,low,0,0.9203076362609863,non_flood,0.8442347943782806,low,0,0.9210925102233887,non_flood,0.8458280265331268,True,True,True,0.9999995827674866,0.0016168075380846858,0.0011269185924902558,0.0008083581924438477,1.1848023859784007e-06,"[0.9203076362609863, 0.002789711346849799, 0.0008297529420815408, 0.07607284188270569]","[0.9210925102233887, 0.00281143793836236, 0.0008316017338074744, 0.07526448369026184]"
model\Dataset_Flood\low\다운로드 (57).jpg,low,0,non_flood,3,0.6219401359558105,low,0.2991534173488617,non_flood,3,0.6239796876907349,low,0.30321866273880005,False,False,True,0.999992311000824,0.004102103412151337,0.0028747140895575285,0.0020395517349243164,2.4631151518406114e-06,"[0.32278671860694885, 0.01615815795958042, 0.03911501541733742, 0.6219401359558105]","[0.3207610249519348, 0.016132822260260582, 0.03912653774023056, 0.6239796876907349]"
model\Dataset_Flood\low\다운로드 (7) 1.jpg,low,0,low,0,0.6639361381530762,non_flood,0.36096668243408203,low,0,0.6638100147247314,non_flood,0.3605749011039734,True,True,True,0.9999998807907104,0.0005312531720846891,0.00032457144698128104,0.000265657901763916,1.1106022412832317e-07,"[0.6639361381530762, 0.030413303524255753, 0.002681129612028599, 0.30296945571899414]","[0.6638100147247314, 0.030275968834757805, 0.0026789924595505, 0.30323511362075806]"
model\Dataset_Flood\low\다운로드 (7).jpg,low,0,low,0,0.8286149501800537,non_flood,0.731531172990799,low,0,0.8297102451324463,non_flood,0.7329533994197845,True,True,True,0.9999995827674866,0.0021906718611717224,0.0013046172680333257,0.0010952949523925781,1.4184623751134495e-06,"[0.8286149501800537, 0.047377776354551315, 0.026923537254333496, 0.09708377718925476]","[0.8297102451324463, 0.046769704669713974, 0.02676316350698471, 0.09675684571266174]"
model\Dataset_Flood\low\다운로드 (8) 1.jpg,low,0,low,0,0.37857571244239807,non_flood,0.030134230852127075,low,0,0.37821894884109497,non_flood,0.02903038263320923,True,True,True,0.9999985694885254,0.0017910478636622429,0.0009988696547225118,0.0007470846176147461,5.620386787086318e-07,"[0.37857571244239807, 0.2577197551727295, 0.015263114124536514, 0.348441481590271]","[0.37821894884109497, 0.25718095898628235, 0.015411517582833767, 0.34918856620788574]"
model\Dataset_Flood\low\다운로드 (9).jpg,low,0,low,0,0.9518790245056152,medium,0.9172753132879734,low,0,0.9523363709449768,medium,0.9180426113307476,True,True,True,0.9999999403953552,0.0009147620294243097,0.0005694805295206606,0.00045734643936157227,5.472429620567709e-07,"[0.9518790245056152, 0.03460371121764183, 0.0011095571098849177, 0.012407781556248665]","[0.9523363709449768, 0.0342937596142292, 0.00109985435847193, 0.012270020321011543]"
model\Dataset_Flood\low\다운로드.jpg,low,0,low,0,0.9076219797134399,non_flood,0.8288902938365936,low,0,0.9068166613578796,non_flood,0.8274911567568779,True,True,True,0.9999997019767761,0.001610546838492155,0.0010117030469700694,0.0008053183555603027,1.0232907925455947e-06,"[0.9076219797134399, 0.007137579843401909, 0.006508813705295324, 0.07873168587684631]","[0.9068166613578796, 0.007247617933899164, 0.006610185373574495, 0.07932550460100174]"
model\Dataset_Flood\low\화면 캡처 2025-03-05 160754.jpg,low,0,low,0,0.6753961443901062,medium,0.43916332721710205,low,0,0.6759364008903503,medium,0.43955639004707336,True,True,True,0.9999997615814209,0.001374928280711174,0.0007580701494589448,0.0005402565002441406,7.472772267647088e-07,"[0.6753961443901062, 0.23623281717300415, 0.06328355520963669, 0.025087527930736542]","[0.6759364008903503, 0.23638001084327698, 0.062828429043293, 0.024855175986886024]"
model\Dataset_Flood\low\화면 캡처 2025-03-05 160804.jpg,low,0,low,0,0.8879909515380859,non_flood,0.8304468207061291,low,0,0.8881028890609741,non_flood,0.831113051623106,True,True,True,0.9999997019767761,0.0011125397868454456,0.0007191647309809923,0.0005542933940887451,1.1595983551160316e-06,"[0.8879909515380859, 0.05046863481402397, 0.003996341954916716, 0.05754413083195686]","[0.8881028890609741, 0.05091295763850212, 0.003994355909526348, 0.05698983743786812]"
model\Dataset_Flood\low\화면 캡처 2025-03-05 160817.jpg,low,0,medium,1,0.6198803782463074,low,0.4229829013347626,medium,1,0.6252065896987915,low,0.42435625195503235,False,False,True,0.999873161315918,0.018558170646429062,0.011386235244572163,0.00925484299659729,7.713260856689885e-05,"[0.1968974769115448, 0.6198803782463074, 0.004681646358221769, 0.17854054272174835]","[0.20085033774375916, 0.6252065896987915, 0.004657390993088484, 0.16928569972515106]"
model\Dataset_Flood\low\화면 캡처 2025-03-05 160920.jpg,low,0,low,0,0.8629615902900696,high,0.7958929538726807,low,0,0.8622749447822571,high,0.7947987169027328,True,True,True,0.9999999403953552,0.0013732071965932846,0.0008230193634517491,0.0006866455078125,5.257752491161227e-07,"[0.8629615902900696, 0.021895116195082664, 0.06706863641738892, 0.048074718564748764]","[0.8622749447822571, 0.022055044770240784, 0.06747622787952423, 0.048193760216236115]"
model\Dataset_Flood\low\화면 캡처 2025-03-05 160950.jpg,low,0,low,0,0.9715733528137207,non_flood,0.9548141378909349,low,0,0.971251368522644,non_flood,0.9542969949543476,True,True,True,1.0,0.0006439019925892353,0.0003937070432584733,0.00032198429107666016,5.482215215124597e-07,"[0.9715733528137207, 0.00586378900334239, 0.005803665146231651, 0.01675921492278576]","[0.971251368522644, 0.005876126699149609, 0.005918086506426334, 0.016954373568296432]"
model\Dataset_Flood\low\화면 캡처 2025-03-05 161103.jpg,low,0,low,0,0.8530007600784302,medium,0.7300643399357796,low,0,0.8525946736335754,medium,0.7294479757547379,True,True,True,0.9999999403953552,0.0008121931459754705,0.0004929797723889351,0.00040608644485473633,2.712804132443125e-07,"[0.8530007600784302, 0.1229364201426506, 0.0023439181968569756, 0.021718885749578476]","[0.8525946736335754, 0.12314669787883759, 0.00235600839368999, 0.021902624517679214]"
model\Dataset_Flood\low\화면 캡처 2025-03-05 161116.jpg,low,0,low,0,0.9756757020950317,medium,0.9579178728163242,low,0,0.9755801558494568,medium,0.9577380567789078,True,True,True,1.0000001192092896,0.00019721430726349354,0.0001282355369767174,9.554624557495117e-05,3.041828122718471e-08,"[0.9756757020950317, 0.017757829278707504, 0.003287538420408964, 0.0032790198456496]","[0.9755801558494568, 0.01784209907054901, 0.0032844303641468287, 0.0032933100592345]"
model\Dataset_Flood\low\화면 캡처 2025-03-05 161128.jpg,low,0,low,0,0.8399969935417175,non_flood,0.7577361240983009,low,0,0.8406808972358704,non_flood,0.7588342502713203,True,True,True,0.9999998211860657,0.0013678818941116333,0.0008264767820946872,0.000683903694152832,4.727407656446303e-07,"[0.8399969935417175, 0.03732063248753548, 0.040421560406684875, 0.0822608694434166]","[0.8406808972358704, 0.03712502866983414, 0.04034740850329399, 0.08184664696455002]"
model\Dataset_Flood\low\화면 캡처 2025-03-05 161202.jpg,low,0,low,0,0.8201407790184021,medium,0.6936634927988052,low,0,0.8199707865715027,medium,0.6927520185709,True,True,True,0.999999463558197,0.0014830641448497772,0.0009091280517168343,0.0007414817810058594,1.4452525647357106e-06,"[0.8201407790184021, 0.12647728621959686, 0.019298801198601723, 0.03408314660191536]","[0.8199707865715027, 0.12721876800060272, 0.019218510016798973, 0.033591847866773605]"
model\Dataset_Flood\low\화면 캡처 2025-03-05 161332.jpg,low,0,low,0,0.8607579469680786,non_flood,0.7607280686497688,low,0,0.8598195314407349,non_flood,0.7591873407363892,True,True,True,0.9999995231628418,0.0018768282607197762,0.0011451138416305184,0.00093841552734375,9.368668543174863e-07,"[0.8607579469680786, 0.027191799134016037, 0.01202043890953064, 0.10002987831830978]","[0.8598195314407349, 0.02743534743785858, 0.012112990953028202, 0.1006321907043457]"
model\Dataset_Flood\low\화면 캡처 2025-03-05 161354.jpg,low,0,low,0,0.7454367876052856,medium,0.5197398364543915,low,0,0.7457912564277649,medium,0.5203450620174408,True,True,True,0.9999998211860657,0.0007089739665389061,0.00044192533823661506,0.00035446882247924805,1.1512610598174433e-07,"[0.7454367876052856, 0.22569695115089417, 0.00899819377809763, 0.019868120551109314]","[0.7457912564277649, 0.2254461944103241, 0.008919965475797653, 0.0198426004499197]"
model\Dataset_Flood\low\화면 캡처 2025-03-05 161404.jpg,low,0,low,0,0.7735008597373962,medium,0.6683866232633591,low,0,0.7743478417396545,medium,0.6687214449048042,True,True,True,0.9999987483024597,0.0027183853089809418,0.0015149115351960063,0.0011220574378967285,2.662229462657706e-06,"[0.7735008597373962, 0.10511423647403717, 0.07769748568534851, 0.04368749260902405]","[0.7743478417396545, 0.10562639683485031, 0.07657542824745178, 0.043450307101011276]"
model\Dataset_Flood\low\화면 캡처 2025-03-05 161645.jpg,low,0,low,0,0.966648519039154,non_flood,0.9496171455830336,low,0,0.9665403962135315,non_flood,0.9495426174253225,True,True,True,1.0,0.00028356676921248436,0.0001586657454026863,0.0001081228256225586,1.6302874428220093e-07,"[0.966648519039154, 0.011988897807896137, 0.0043311212211847305, 0.01703137345612049]","[0.9665403962135315, 0.012093697674572468, 0.004368170630186796, 0.01699777878820896]"
model\Dataset_Flood\low\화면 캡처 2025-03-05 161811.jpg,low,0,low,0,0.44749778509140015,non_flood,0.10586827993392944,low,0,0.44688841700553894,non_flood,0.10411211848258972,True,True,True,0.9999963045120239,0.0029089078307151794,0.0015796523075550795,0.0011467933654785156,1.5294355080186506e-06,"[0.44749778509140015, 0.10123159736394882, 0.10964111983776093, 0.3416295051574707]","[0.44688841700553894, 0.101539246737957, 0.10879602283239365, 0.3427762985229492]"
model\Dataset_Flood\low\화면 캡처 2025-03-05 161822.jpg,low,0,low,0,0.9081015586853027,medium,0.8643413595855236,low,0,0.9086441397666931,medium,0.8651941679418087,True,True,True,0.9999998807907104,0.0010850890539586544,0.000656759541016072,0.0005425810813903809,4.871544661000371e-07,"[0.9081015586853027, 0.04376019909977913, 0.007696263026446104, 0.04044198617339134]","[0.9086441397666931, 0.043449971824884415, 0.007662950083613396, 0.04024301841855049]"
model\Dataset_Flood\low\화면 캡처 2025-03-05 161859.jpg,low,0,low,0,0.9837157130241394,medium,0.9739393936470151,low,0,0.9835764765739441,medium,0.9737180853262544,True,True,True,1.0,0.00027840631082654,0.00016821324243210256,0.0001392364501953125,1.6529291713140992e-07,"[0.9837157130241394, 0.00977631937712431, 0.002444252371788025, 0.004063736647367477]","[0.9835764765739441, 0.009858391247689724, 0.0024892790243029594, 0.004075807984918356]"
model\Dataset_Flood\low\화면 캡처 2025-03-05 162152.jpg,low,0,low,0,0.8969038128852844,medium,0.8493173196911812,low,0,0.8976370096206665,medium,0.8505516871809959,True,True,True,0.9999997615814209,0.0015122313052415848,0.0009242549422197044,0.0007331967353820801,9.768979225555086e-07,"[0.8969038128852844, 0.04758649319410324, 0.03418703377246857, 0.021322617307305336]","[0.8976370096206665, 0.04708532243967056, 0.033932141959667206, 0.0213455893099308]"
model\Dataset_Flood\low\화면 캡처 2025-03-05 163535.jpg,low,0,low,0,0.9413841366767883,medium,0.8836648650467396,low,0,0.9411982297897339,medium,0.8832802809774876,True,True,True,0.9999999403953552,0.00039736280450597405,0.00027225137455388904,0.0001986771821975708,1.1126484622536736e-07,"[0.9413841366767883, 0.05771927163004875, 0.00029368928517214954, 0.0006028803181834519]","[0.9411982297897339, 0.05791794881224632, 0.00028890700195915997, 0.0005948838661424816]"
model\Dataset_Flood\low\화면 캡처 2025-03-05 163546.jpg,low,0,low,0,0.8756922483444214,medium,0.760438472032547,low,0,0.875891387462616,medium,0.7607250809669495,True,True,True,0.9999999403953552,0.00039829243905842304,0.00023579734261147678,0.00019913911819458008,1.577282091602683e-07,"[0.8756922483444214, 0.11525377631187439, 0.0020837015472352505, 0.006970290094614029]","[0.875891387462616, 0.1151663064956665, 0.0020599255803972483, 0.006882382556796074]"
model\Dataset_Flood\low\화면 캡처 2025-03-05 163556.jpg,low,0,low,0,0.9515206813812256,medium,0.9109256453812122,low,0,0.9511662125587463,medium,0.9102067053318024,True,True,True,0.9999999403953552,0.0007461439818143845,0.0005088299512863159,0.0003644712269306183,4.6376044338103384e-07,"[0.9515206813812256, 0.04059503600001335, 0.002120132790878415, 0.005764173809438944]","[0.9511662125587463, 0.04095950722694397, 0.0021287116687744856, 0.005745548754930496]"
model\Dataset_Flood\low\화면 캡처 2025-03-05 163830.jpg,low,0,low,0,0.9657289981842041,medium,0.9359866362065077,low,0,0.9655925035476685,medium,0.9357386939227581,True,True,True,1.0,0.00027288851561024785,0.00017725442012306303,0.00013649463653564453,7.733932960718448e-08,"[0.9657289981842041, 0.02974236197769642, 0.0005284356884658337, 0.004000268876552582]","[0.9655925035476685, 0.029853809624910355, 0.0005355885368771851, 0.004018062260001898]"
model\Dataset_Flood\low\화면 캡처 2025-03-05 163845.jpg,low,0,low,0,0.9465226531028748,medium,0.9037134349346161,low,0,0.9464420080184937,medium,0.9035057574510574,True,True,True,1.0,0.0002541779540479183,0.00015437374531757087,0.00012703239917755127,4.176581569481641e-08,"[0.9465226531028748, 0.04280921816825867, 0.004014243837445974, 0.006653980351984501]","[0.9464420080184937, 0.04293625056743622, 0.003998384345322847, 0.006623339373618364]"
model\Dataset_Flood\low\화면 캡처 2025-03-05 163856.jpg,low,0,low,0,0.9595834016799927,medium,0.9204507283866405,low,0,0.9595829844474792,medium,0.9204556308686733,True,True,True,1.0,1.152366166934371e-05,7.421770988003118e-06,5.319714546203613e-06,1.770104174347864e-09,"[0.9595834016799927, 0.03913267329335213, 0.0003089377423748374, 0.0009749358869157732]","[0.9595829844474792, 0.03912735357880592, 0.00030961004085838795, 0.000980050303041935]"
model\Dataset_Flood\low\화면 캡처 2025-03-05 163909.jpg,low,0,low,0,0.9793357253074646,medium,0.9622915480285883,low,0,0.9800982475280762,medium,0.9636905379593372,True,True,True,0.9999998211860657,0.0015251055592671037,0.0009982807096093893,0.0007625222206115723,3.6370054203871405e-06,"[0.9793357253074646, 0.017044177278876305, 0.0025824399199336767, 0.0010376832215115428]","[0.9800982475280762, 0.016407709568738937, 0.0024871299974620342, 0.0010068775154650211]"
model\Dataset_Flood\low\화면 캡처 2025-03-05 163923.jpg,low,0,low,0,0.8373985886573792,non_flood,0.7213312909007072,low,0,0.8397560715675354,non_flood,0.7252596095204353,True,True,True,0.9999971985816956,0.0047149211168289185,0.0029071103781461716,0.00235748291015625,5.733600119128823e-06,"[0.8373985886573792, 0.02251523733139038, 0.024018827825784683, 0.1160672977566719]","[0.8397560715675354, 0.022363461554050446, 0.02338400110602379, 0.11449646204710007]"
model\Dataset_Flood\low\화면 캡처 2025-03-05 163937.jpg,low,0,non_flood,3,0.5326055288314819,low,0.09929114580154419,non_flood,3,0.5283284187316895,low,0.09086143970489502,False,False,True,0.9999628663063049,0.008554205298423767,0.005962223745882511,0.0042771100997924805,9.340234100818634e-06,"[0.43331438302993774, 0.01773141510784626, 0.01634870283305645, 0.5326055288314819]","[0.43746697902679443, 0.017757348716259003, 0.016447268426418304, 0.5283284187316895]"
model\Dataset_Flood\low\화면 캡처 2025-03-05 163951.jpg,low,0,low,0,0.9718323349952698,medium,0.94500333070755,low,0,0.9720824956893921,medium,0.9454916995018721,True,True,True,1.0000001192092896,0.0005003450787626207,0.0003456282720435411,0.00025016069412231445,3.1731428862258326e-07,"[0.9718323349952698, 0.026829004287719727, 0.00018235780589748174, 0.0011563554871827364]","[0.9720824956893921, 0.026590796187520027, 0.00018201445345766842, 0.0011447225697338581]"
model\Dataset_Flood\low\화면 캡처 2025-03-05 164003.jpg,low,0,low,0,0.9968461394309998,non_flood,0.9946705691982061,low,0,0.9968894124031067,non_flood,0.9947418111842126,True,True,True,1.0000001192092896,8.646684000268579e-05,5.370024882722646e-05,4.3272972106933594e-05,1.0528447802471419e-07,"[0.9968461394309998, 0.0009743449627421796, 3.873708010360133e-06, 0.0021755702327936888]","[0.9968894124031067, 0.0009592158021405339, 3.7780155253130943e-06, 0.002147601218894124]"
model\Dataset_Flood\low\화면 캡처 2025-03-05 164019.jpg,low,0,low,0,0.8830680847167969,medium,0.8195889517664909,low,0,0.8827636241912842,medium,0.8189770728349686,True,True,True,0.9999998211860657,0.0009215325117111206,0.0004849220858886838,0.00030741840600967407,4.550311416551267e-07,"[0.8830680847167969, 0.06347913295030594, 0.03659488260746002, 0.016857964918017387]","[0.8827636241912842, 0.06378655135631561, 0.036438558250665665, 0.01701129414141178]"
model\Dataset_Flood\low\화면 캡처 2025-03-05 164038.jpg,low,0,low,0,0.903734564781189,medium,0.8543723747134209,low,0,0.9048108458518982,medium,0.8559539280831814,True,True,True,0.9999996423721313,0.002152451779693365,0.0013088671257719398,0.0010762810707092285,1.6842824379637023e-06,"[0.903734564781189, 0.0493621900677681, 0.0021990572568029165, 0.04470415785908699]","[0.9048108458518982, 0.04885691776871681, 0.0021748451981693506, 0.044157471507787704]"
model\Dataset_Flood\low\화면 캡처 2025-03-05 164048.jpg,low,0,low,0,0.9407422542572021,medium,0.8879439160227776,low,0,0.9405992031097412,medium,0.8876028060913086,True,True,True,1.0,0.0003960494650527835,0.0002495363587513566,0.00019805878400802612,1.846883463940685e-07,"[0.9407422542572021, 0.05279833823442459, 0.0010119517100974917, 0.0054474156349897385]","[0.9405992031097412, 0.05299639701843262, 0.0010075937025249004, 0.00539683410897851]"
model\Dataset_Flood\low\화면 캡처 2025-03-05 164059.jpg,low,0,low,0,0.9147911071777344,medium,0.8733512870967388,low,0,0.9154345989227295,medium,0.874276913702488,True,True,True,0.9999999403953552,0.0012870123609900475,0.0007872245623730123,0.0006434917449951172,6.86828514062654e-07,"[0.9147911071777344, 0.04143982008099556, 0.002956113778054714, 0.04081302508711815]","[0.9154345989227295, 0.04115768522024155, 0.0029496923089027405, 0.040458060801029205]"
model\Dataset_Flood\low\화면 캡처 2025-03-05 164330.jpg,low,0,low,0,0.770429253578186,non_flood,0.6510076969861984,low,0,0.7710182666778564,non_flood,0.6522324681282043,True,True,True,0.9999995231628418,0.0013871919363737106,0.0008748737745918334,0.0006357580423355103,4.833127604797482e-07,"[0.770429253578186, 0.08483624458312988, 0.02531297318637371, 0.11942155659198761]","[0.7710182666778564, 0.08494079113006592, 0.025255098938941956, 0.1187857985496521]"
model\Dataset_Flood\low\화면 캡처 2025-03-05 164344.jpg,low,0,low,0,0.6648696064949036,non_flood,0.3527833819389343,low,0,0.6646526455879211,non_flood,0.3522952198982239,True,True,True,0.9999998807907104,0.0005423538386821747,0.00034994492307305336,0.00027120113372802734,6.524351903181014e-08,"[0.6648696064949036, 0.014870437793433666, 0.008173673413693905, 0.31208622455596924]","[0.6646526455879211, 0.01485696155577898, 0.008132957853376865, 0.31235742568969727]"
model\Dataset_Flood\low\화면 캡처 2025-03-05 164407.jpg,low,0,low,0,0.9871669411659241,non_flood,0.9802168230526149,low,0,0.9872637391090393,non_flood,0.9804000183939934,True,True,True,1.0000001192092896,0.00019363965839147568,0.00013000532635487616,9.679794311523438e-05,1.4089891919866204e-07,"[0.9871669411659241, 0.005619961768388748, 0.00026306428480893373, 0.006950118113309145]","[0.9872637391090393, 0.0056122406385838985, 0.0002603410976007581, 0.006863720715045929]"
model\Dataset_Flood\low\화면 캡처 2025-03-05 164537.jpg,low,0,low,0,0.7500624656677246,medium,0.5699318945407867,low,0,0.750668466091156,medium,0.5708767622709274,True,True,True,0.9999998807907104,0.0012118946760892868,0.0007215724908746779,0.0006060004234313965,3.0530284789165307e-07,"[0.7500624656677246, 0.18013057112693787, 0.01888064481317997, 0.05092628300189972]","[0.750668466091156, 0.17979170382022858, 0.018785521388053894, 0.050754379481077194]"
model\Dataset_Flood\low\화면 캡처 2025-03-05 164650.jpg,low,0,low,0,0.9351216554641724,high,0.900879230350256,low,0,0.9342278242111206,high,0.8991789594292641,True,True,True,0.9999995827674866,0.001787649467587471,0.0012054763501510024,0.0008938312530517578,2.4830751499393955e-06,"[0.9351216554641724, 0.02057380974292755, 0.0342424251139164, 0.010062122717499733]","[0.9342278242111206, 0.02062368206679821, 0.03504886478185654, 0.010099628940224648]"
model\Dataset_Flood\low\화면 캡처 2025-03-05 164826.jpg,low,0,low,0,0.9727360010147095,medium,0.9601845443248749,low,0,0.972854733467102,medium,0.9602937158197165,True,True,True,1.0000001192092896,0.00025649345479905605,0.0001587282313266769,0.00011873245239257812,1.46816077517542e-07,"[0.9727360010147095, 0.012551456689834595, 0.002206107834354043, 0.01250636950135231]","[0.972854733467102, 0.012561017647385597, 0.0021793455816805363, 0.012404931709170341]"
model\Dataset_Flood\low\화면 캡처 2025-03-05 164838.jpg,low,0,low,0,0.5728524923324585,medium,0.2743279039859772,low,0,0.5714848041534424,medium,0.27229589223861694,True,True,True,0.9999974370002747,0.0027354415506124496,0.0016689789481461048,0.0013676881790161133,1.1605152394622564e-06,"[0.5728524923324585, 0.2985245883464813, 0.019320886582136154, 0.10930205136537552]","[0.5714848041534424, 0.29918891191482544, 0.019336307421326637, 0.10999006032943726]"
model\Dataset_Flood\low\화면 캡처 2025-03-05 164852.jpg,low,0,low,0,0.9213283658027649,non_flood,0.8774504438042641,low,0,0.9220343828201294,non_flood,0.8786356002092361,True,True,True,0.9999997615814209,0.0014120880514383316,0.0008699749014340341,0.000706017017364502,9.02226020116359e-07,"[0.9213283658027649, 0.02803882397711277, 0.0067549510858953, 0.043877921998500824]","[0.9220343828201294, 0.0278861615806818, 0.006680681835860014, 0.04339878261089325]"
model\Dataset_Flood\low\화면 캡처 2025-03-05 164905.jpg,low,0,low,0,0.9711087346076965,medium,0.9450634010136127,low,0,0.9710540771484375,medium,0.9450019020587206,True,True,True,1.0000001192092896,0.00010924678645096719,7.018075120868161e-05,5.46574592590332e-05,1.3173939805710688e-07,"[0.9711087346076965, 0.026045333594083786, 0.00036824922426603734, 0.002477747853845358]","[0.9710540771484375, 0.02605217508971691, 0.00037274317583069205, 0.002521001733839512]"
model\Dataset_Flood\low\화면 캡처 2025-03-05 165641.jpg,low,0,low,0,0.8493906855583191,non_flood,0.7100786119699478,low,0,0.8506984114646912,non_flood,0.7127821296453476,True,True,True,0.9999983310699463,0.0027915406972169876,0.00191379280295223,0.00139579176902771,2.100132405757904e-06,"[0.8493906855583191, 0.005507364869117737, 0.0057899001985788345, 0.13931207358837128]","[0.8506984114646912, 0.005538200493901968, 0.005847087595611811, 0.13791628181934357]"
model\Dataset_Flood\low\화면 캡처 2025-03-05 165722.jpg,low,0,non_flood,3,0.8667578101158142,low,0.7587113305926323,non_flood,3,0.8665304183959961,low,0.758360780775547,False,False,True,1.0,0.00045478111132979393,0.0002763261436484754,0.00022739171981811523,1.0896109614577654e-07,"[0.10804647952318192, 0.022867048159241676, 0.002328617963939905, 0.8667578101158142]","[0.10816963762044907, 0.02296415902674198, 0.002335738390684128, 0.8665304183959961]"
model\Dataset_Flood\low\화면 캡처 2025-03-05 165749.jpg,low,0,non_flood,3,0.5151562690734863,low,0.0927647054195404,non_flood,3,0.5143139958381653,low,0.09055060148239136,False,False,True,0.9999970197677612,0.002743625082075596,0.0016597610665485263,0.001371830701828003,1.3516690842152457e-06,"[0.4223915636539459, 0.04814764857292175, 0.01430449727922678, 0.5151562690734863]","[0.4237633943557739, 0.0477750301361084, 0.014147594571113586, 0.5143139958381653]"
model\Dataset_Flood\low\화면 캡처 2025-03-05 165818.jpg,low,0,low,0,0.7170549631118774,medium,0.4409373700618744,low,0,0.7201517820358276,medium,0.44704321026802063,True,True,True,0.999987006187439,0.00619368115440011,0.004318802151829004,0.0030968189239501953,5.976527972961776e-06,"[0.7170549631118774, 0.27611759305000305, 7.95765154180117e-05, 0.00674787349998951]","[0.7201517820358276, 0.273108571767807, 7.864625513320789e-05, 0.0066609629429876804]"
model\Dataset_Flood\low\화면 캡처 2025-03-05 165827.jpg,low,0,non_flood,3,0.8168818354606628,low,0.7275008410215378,non_flood,3,0.8159509897232056,low,0.7255319058895111,False,False,True,0.9999991059303284,0.002316877245903015,0.001417883555404842,0.001038089394569397,1.8064893083646894e-06,"[0.08938099443912506, 0.020558862015604973, 0.07317833602428436, 0.8168818354606628]","[0.09041908383369446, 0.0206791739910841, 0.07295070588588715, 0.8159509897232056]"
model\Dataset_Flood\low\화면 캡처 2025-03-05 165853.jpg,low,0,low,0,0.5165690183639526,medium,0.23779046535491943,low,0,0.5189163088798523,medium,0.2406139075756073,True,True,True,0.9999898672103882,0.00469462014734745,0.003018789691850543,0.002347290515899658,3.720168024301529e-06,"[0.5165690183639526, 0.2787785530090332, 0.018164336681365967, 0.18648813664913177]","[0.5189163088798523, 0.278302401304245, 0.01813039742410183, 0.18465089797973633]"
model\Dataset_Flood\medium\0112mualu_21112025075850_160.jpg,medium,1,medium,1,0.939585268497467,low,0.8794848211109638,medium,1,0.9389098286628723,low,0.8781323097646236,True,True,True,0.9999996423721313,0.0013541243970394135,0.0009563718922436237,0.0006770715117454529,1.0098725624629878e-06,"[0.06010044738650322, 0.939585268497467, 0.0002914681099355221, 2.2882908524479717e-05]","[0.06077751889824867, 0.9389098286628723, 0.0002899330575019121, 2.280486842209939e-05]"
model\Dataset_Flood\medium\1-162311_439-165643.webp,medium,1,medium,1,0.8587846159934998,high,0.7583006024360657,medium,1,0.8589383959770203,high,0.7584408447146416,True,True,True,1.0,0.0003346819430589676,0.0001973279140656814,0.0001537799835205078,2.465476143242995e-07,"[0.03457990288734436, 0.8587846159934998, 0.10048401355743408, 0.006151528563350439]","[0.03451968729496002, 0.8589383959770203, 0.10049755126237869, 0.006044379901140928]"
model\Dataset_Flood\medium\1000014818-17616251502381327466398-136-106-1007-1500-crop-17616257967731607029814.webp,medium,1,medium,1,0.9924827218055725,low,0.9865511693060398,medium,1,0.9925327897071838,low,0.9866532874293625,True,True,True,1.0000001192092896,0.00010424989159218967,7.223841384984553e-05,5.205022171139717e-05,2.842952362414053e-08,"[0.0059315524995327, 0.9924827218055725, 0.001368207624182105, 0.00021740833471994847]","[0.005879502277821302, 0.9925327897071838, 0.0013694920344278216, 0.00021825569274369627]"
model\Dataset_Flood\medium\1005342_18039_1920.jpg,medium,1,medium,1,0.9852525591850281,high,0.9774862085469067,medium,1,0.9851734638214111,high,0.9774046703241765,True,True,True,0.9999999403953552,0.00017425173427909613,0.00011619566066656262,8.470704779028893e-05,1.3371095519687515e-07,"[0.005680152215063572, 0.9852525591850281, 0.0077663506381213665, 0.0013009334215894341]","[0.005764859262853861, 0.9851734638214111, 0.007768793497234583, 0.0012929269578307867]"
model\Dataset_Flood\medium\11111_20240910092935.jpg,medium,1,medium,1,0.8125208020210266,low,0.6599167734384537,medium,1,0.8120539784431458,low,0.6589580774307251,True,True,True,0.9999998211860657,0.0010209404863417149,0.0006797892274335027,0.0004918724298477173,2.4034170564846136e-07,"[0.15260402858257294, 0.8125208020210266, 0.02955377846956253, 0.005321359261870384]","[0.15309590101242065, 0.8120539784431458, 0.02951013669371605, 0.005339961964637041]"
model\Dataset_Flood\medium\13-1638257432-anh-3.jpg,medium,1,medium,1,0.8630343675613403,low,0.74979218095541,medium,1,0.8628270030021667,low,0.7494157254695892,True,True,True,1.0,0.00041472818702459335,0.0002700329932849854,0.00020736455917358398,1.2485771527792622e-08,"[0.11324218660593033, 0.8630343675613403, 0.020370103418827057, 0.0033533580135554075]","[0.11341127753257751, 0.8628270030021667, 0.020406467840075493, 0.0033552662935107946]"
model\Dataset_Flood\medium\14-10-ngap-lut-da-nang-29-16972541757961664384926_a24b8.jpg,medium,1,medium,1,0.9898659586906433,high,0.9841773635707796,medium,1,0.9898523688316345,high,0.9841806120239198,True,True,True,0.9999999403953552,6.083905464038253e-05,3.5064607800450176e-05,2.7430476620793343e-05,3.276107918281923e-08,"[0.003806807566434145, 0.9898659586906433, 0.0056885951198637486, 0.0006386390305124223]","[0.0038342380430549383, 0.9898523688316345, 0.005671756807714701, 0.0006416194373741746]"
model\Dataset_Flood\medium\1532144256-889-153214412653243-thumbnail.jpg,medium,1,medium,1,0.796062171459198,low,0.673735648393631,medium,1,0.7980727553367615,low,0.6773820593953133,True,True,True,0.9999970197677612,0.004021162167191505,0.0026061192620545626,0.0020105838775634766,3.643541276687756e-06,"[0.12232652306556702, 0.796062171459198, 0.0630708858370781, 0.01854044571518898]","[0.12069069594144821, 0.7980727553367615, 0.06284313648939133, 0.018393443897366524]"
model\Dataset_Flood\medium\1582606863.jpg,medium,1,medium,1,0.6192663311958313,low,0.255092054605484,medium,1,0.618994951248169,low,0.2542703151702881,True,True,True,0.9999995231628418,0.001100763096474111,0.0006730424356646836,0.0005503594875335693,7.561599204564118e-07,"[0.3641742765903473, 0.6192663311958313, 0.01641690731048584, 0.0001424974761903286]","[0.36472463607788086, 0.618994951248169, 0.01614043489098549, 0.0001399462198605761]"
model\Dataset_Flood\medium\17-1764766303969-1764766304327505906349.webp,medium,1,medium,1,0.5661382079124451,high,0.2420131266117096,medium,1,0.5667843222618103,high,0.24385777115821838,True,True,True,0.9999974966049194,0.002499551512300968,0.0014902950497344136,0.0011985301971435547,1.1630526159933652e-06,"[0.10573811829090118, 0.5661382079124451, 0.3241250813007355, 0.003998585510998964]","[0.10634178668260574, 0.5667843222618103, 0.3229265511035919, 0.0039473469369113445]"
model\Dataset_Flood\medium\170205-dak-lak-tiep-te-luong-thuc-thiet-yeu-vao-khu-vuc-con-bi-ngap-sau.jpg,medium,1,medium,1,0.9694035053253174,low,0.9550465950742364,medium,1,0.9695144891738892,low,0.9551880583167076,True,True,True,1.0,0.00022203242406249046,0.00013021974882576615,0.00011098384857177734,9.038149073603563e-08,"[0.01435691025108099, 0.9694035053253174, 0.011955680325627327, 0.004283864516764879]","[0.014326430857181549, 0.9695144891738892, 0.01190014649182558, 0.004258829168975353]"
model\Dataset_Flood\medium\1756344726-z300a35fefe1f6f38a0debe56bdf-67838-width640height480.jpg,medium,1,high,2,0.9570547938346863,medium,0.9152299799025059,high,2,0.9572860598564148,medium,0.9156929031014442,False,False,True,0.9999999403953552,0.0004634338547475636,0.00032733651460148394,0.00023165717720985413,1.6787531365025643e-07,"[0.0010907176183536649, 0.041824813932180405, 0.9570547938346863, 2.9762506528641097e-05]","[0.0010911342687904835, 0.04159315675497055, 0.9572860598564148, 2.9668515708181076e-05]"
model\Dataset_Flood\medium\1763565218045_mua1-191125.jpeg,medium,1,high,2,0.47479867935180664,medium,0.030980676412582397,high,2,0.47731539607048035,medium,0.0353052020072937,False,False,True,0.9999886751174927,0.005033318884670734,0.0031718227546662092,0.002516716718673706,3.4078357202815823e-06,"[0.0728740394115448, 0.44381800293922424, 0.47479867935180664, 0.008509261533617973]","[0.07219775021076202, 0.44201019406318665, 0.47731539607048035, 0.008476757444441319]"
model\Dataset_Flood\medium\1_an_khanh.webp,medium,1,medium,1,0.9734185934066772,high,0.9564568027853966,medium,1,0.9732233285903931,high,0.9561352748423815,True,True,True,1.0,0.00040242099203169346,0.0002443827106617391,0.0001952648162841797,2.0761353880516253e-07,"[0.008886067196726799, 0.9734185934066772, 0.01696179062128067, 0.0007334827096201479]","[0.008961012586951256, 0.9732233285903931, 0.01708805374801159, 0.0007275350508280098]"
model\Dataset_Flood\medium\2-nhieu-tuyen-duong-pho-trung-ha-noi-ngap-sau-trong-ngay-30-1759245307538661022708.webp,medium,1,medium,1,0.8447400331497192,low,0.7412687093019485,medium,1,0.8466065526008606,low,0.7435164377093315,True,True,True,0.9999982118606567,0.0037330733612179756,0.0023676555138081312,0.0018665194511413574,6.8939880293328315e-06,"[0.10347132384777069, 0.8447400331497192, 0.040666453540325165, 0.011122217401862144]","[0.10309011489152908, 0.8466065526008606, 0.03926292806863785, 0.01104039791971445]"
model\Dataset_Flood\medium\20231124_uS9nUj.jpg,medium,1,medium,1,0.91046541929245,low,0.8441173285245895,medium,1,0.9105114936828613,low,0.8442253768444061,True,True,True,0.9999999403953552,0.00019066035747528076,9.747534932103008e-05,6.19739294052124e-05,5.155289173330857e-08,"[0.06634809076786041, 0.91046541929245, 0.018871722742915154, 0.004314780235290527]","[0.0662861168384552, 0.9105114936828613, 0.01892094872891903, 0.004281394183635712]"
model\Dataset_Flood\medium\38.jpg,medium,1,medium,1,0.7267308831214905,low,0.4930186867713928,medium,1,0.7259628176689148,low,0.4913955330848694,True,True,True,0.9999991059303284,0.001738009974360466,0.0011539004044607282,0.0008550882339477539,5.357339887268608e-07,"[0.23371219635009766, 0.7267308831214905, 0.031136665493249893, 0.008420269936323166]","[0.2345672845840454, 0.7259628176689148, 0.031035706400871277, 0.008434167131781578]"
model\Dataset_Flood\medium\39.jpg,medium,1,medium,1,0.9416463971138,high,0.9047652781009674,medium,1,0.9429726004600525,high,0.9073458909988403,True,True,True,0.9999989867210388,0.0026934309862554073,0.001827923348173499,0.0013262033462524414,5.8827249631576706e-06,"[0.017176011577248573, 0.9416463971138, 0.03688111901283264, 0.004296499770134687]","[0.017196496948599815, 0.9429726004600525, 0.03562670946121216, 0.004204167053103447]"
model\Dataset_Flood\medium\3_ngoai_giao_doan1.webp,medium,1,medium,1,0.9014675617218018,high,0.8264436423778534,medium,1,0.9003679752349854,high,0.8244960084557533,True,True,True,0.9999994039535522,0.002199164591729641,0.0014103184221312404,0.0010995864868164062,1.6921678707149113e-06,"[0.02318192832171917, 0.9014675617218018, 0.07502391934394836, 0.00032662643934600055]","[0.0234282948076725, 0.9003679752349854, 0.07587196677923203, 0.0003317906812299043]"
model\Dataset_Flood\medium\3cacdoanduonggiaothongbingapsauden11mvadayduocxemlatranlulichsuvoimucnuoccaohonnamngoaikhoang40cm1-19382528.jpg,medium,1,medium,1,0.8197175860404968,high,0.7072874158620834,medium,1,0.8192881941795349,high,0.706437349319458,True,True,True,0.9999999403953552,0.0009184312075376511,0.0006030919030308723,0.00042939186096191406,2.350216163904406e-07,"[0.04855293035507202, 0.8197175860404968, 0.11243017017841339, 0.019299320876598358]","[0.0485914945602417, 0.8192881941795349, 0.1128508448600769, 0.019269520416855812]"
model\Dataset_Flood\medium\495506_cb88027be2a04250912bb0314373e489.webp,medium,1,medium,1,0.9847788214683533,low,0.9736831514164805,medium,1,0.9848279356956482,low,0.9737784191966057,True,True,True,0.9999999403953552,9.818197577260435e-05,6.74524562782608e-05,4.9114227294921875e-05,5.3954025247549e-08,"[0.01109567005187273, 0.9847788214683533, 0.003981300629675388, 0.00014411521260626614]","[0.011049516499042511, 0.9848279356956482, 0.00397857278585434, 0.00014392886077985168]"
model\Dataset_Flood\medium\57166650322796747125365663710612118087433674n-17618117613661294407806.webp,medium,1,medium,1,0.6004457473754883,high,0.2344994843006134,medium,1,0.6002314686775208,high,0.2342982292175293,True,True,True,1.0,0.00047854427248239517,0.0003217252669855952,0.0002393331378698349,2.6834322852664627e-07,"[0.027756305411458015, 0.6004457473754883, 0.3659462630748749, 0.005851627793163061]","[0.02799563854932785, 0.6002314686775208, 0.36593323945999146, 0.005839718971401453]"
model\Dataset_Flood\medium\57273245822796747825365592763479213825731927n-17618117613511361637837.webp,medium,1,medium,1,0.6182429790496826,high,0.28261107206344604,medium,1,0.6211013197898865,high,0.287932813167572,True,True,True,0.9999873042106628,0.0057166460901498795,0.00378653802908957,0.0028583407402038574,4.623099812306464e-06,"[0.029760340228676796, 0.6182429790496826, 0.3356319069862366, 0.016364742070436478]","[0.02966642938554287, 0.6211013197898865, 0.33316850662231445, 0.0160637479275465]"
model\Dataset_Flood\medium\57411223922796749892032056681635582100375516n-1761811761336915206505.webp,medium,1,medium,1,0.6457533240318298,high,0.29631298780441284,medium,1,0.6449647545814514,high,0.2946968972682953,True,True,True,0.9999988675117493,0.001655107014812529,0.0011436938075348735,0.0008275210857391357,4.349029723016429e-07,"[0.004620726685971022, 0.6457533240318298, 0.349440336227417, 0.00018560863099992275]","[0.004583308938890696, 0.6449647545814514, 0.35026785731315613, 0.000184009870281443]"
model\Dataset_Flood\medium\5836-17634553662361993507720-168-0-1016-1620-crop-17634553816821875286789.webp,medium,1,high,2,0.67237788438797,medium,0.3794146180152893,high,2,0.6707023978233337,medium,0.3759278953075409,False,False,True,0.9999949336051941,0.003662300296127796,0.002472338732331991,0.0018112361431121826,2.0515108190011233e-06,"[0.00750364363193512, 0.29296326637268066, 0.67237788438797, 0.027155118063092232]","[0.007523561827838421, 0.29477450251579285, 0.6707023978233337, 0.02699945867061615]"
model\Dataset_Flood\medium\68e4a22808dcb36fd59d0c88.jpg,medium,1,medium,1,0.5776315331459045,low,0.15923163294792175,medium,1,0.5766674876213074,low,0.15729936957359314,True,True,True,0.9999982714653015,0.0019363658502697945,0.0013663250720128417,0.0009682178497314453,4.965037305737496e-07,"[0.4183999001979828, 0.5776315331459045, 0.000880243256688118, 0.003088264260441065]","[0.41936811804771423, 0.5766674876213074, 0.0008799658971838653, 0.0030844390857964754]"
model\Dataset_Flood\medium\6BB3A745-4F47-4A8F-9.jpeg,medium,1,medium,1,0.9947840571403503,low,0.9898967542685568,medium,1,0.9947682619094849,low,0.9898680434562266,True,True,True,1.0,3.1605566618964076e-05,2.050897091976367e-05,1.5795230865478516e-05,3.727964781319315e-08,"[0.0048873028717935085, 0.9947840571403503, 0.00018268298299517483, 0.00014602491864934564]","[0.004900218453258276, 0.9947682619094849, 0.0001843818899942562, 0.00014722076593898237]"
model\Dataset_Flood\medium\81329cb922f6cba892e7-jpg-31673361078756138245019-50182452114320146060691.webp,medium,1,medium,1,0.5847537517547607,high,0.20904788374900818,medium,1,0.5859818458557129,high,0.2118396759033203,True,True,True,0.9999958872795105,0.0031273774802684784,0.002013184130191803,0.0015636980533599854,1.7037887118931394e-06,"[0.02020544745028019, 0.5847537517547607, 0.37570586800575256, 0.019334984943270683]","[0.020520269870758057, 0.5859818458557129, 0.3741421699523926, 0.01935574784874916]"
model\Dataset_Flood\medium\906-ttxvn-thu-tuong-truc-tiep-chi-dao-cuu-nan-va-khac-phuc-hau-qua-lu-lut-tai-thai-nguyen-5-960-540-8-14-37-43.jpg,medium,1,medium,1,0.3312692940235138,low,0.0367245078086853,medium,1,0.33113446831703186,low,0.03785756230354309,True,True,True,0.9999948740005493,0.0028054118156433105,0.0017271945253014565,0.0012678802013397217,1.940388756338507e-06,"[0.2945447862148285, 0.3312692940235138, 0.1302814483642578, 0.24390451610088348]","[0.29327690601348877, 0.33113446831703186, 0.13141506910324097, 0.24417360126972198]"
model\Dataset_Flood\medium\939cf7ba3afa4a60bbb76760f3fd5aba.jpg,medium,1,high,2,0.5113705396652222,medium,0.08710995316505432,high,2,0.5151609182357788,medium,0.0948619544506073,False,False,True,0.9999663829803467,0.007923263125121593,0.00548438960686326,0.003961622714996338,8.22581205284223e-06,"[0.05768175795674324, 0.42426058650016785, 0.5113705396652222, 0.00668715825304389]","[0.05780231952667236, 0.4202989637851715, 0.5151609182357788, 0.006737858522683382]"
model\Dataset_Flood\medium\98-1759806099-thai-nguyen-2.jpg,medium,1,medium,1,0.9142175316810608,low,0.8324298039078712,medium,1,0.9145852327346802,low,0.8331829905509949,True,True,True,0.9999998807907104,0.0007709803758189082,0.0005329583655111492,0.00038548558950424194,2.563718908277224e-07,"[0.08178772777318954, 0.9142175316810608, 0.0030927297193557024, 0.0009019905119203031]","[0.0814022421836853, 0.9145852327346802, 0.003108071396127343, 0.0009044425678439438]"
model\Dataset_Flood\medium\AA.30869797.1.jpg,medium,1,medium,1,0.5361828804016113,low,0.18874847888946533,medium,1,0.5366328358650208,low,0.18971091508865356,True,True,True,0.9999995231628418,0.0012330077588558197,0.00070969044463709,0.0005124807357788086,2.723172940477525e-07,"[0.347434401512146, 0.5361828804016113, 0.01655782014131546, 0.09982484579086304]","[0.3469219207763672, 0.5366328358650208, 0.016453836113214493, 0.09999143332242966]"
model\Dataset_Flood\medium\AA.34456276.1.jpg,medium,1,medium,1,0.7740470767021179,high,0.6314407736063004,medium,1,0.7736691236495972,high,0.6308424919843674,True,True,True,0.9999998807907104,0.0007559815421700478,0.0004518733767326921,0.00037795305252075195,1.2801137927453965e-07,"[0.011046549305319786, 0.7740470767021179, 0.14260630309581757, 0.07230009883642197]","[0.011138848029077053, 0.7736691236495972, 0.1428266316652298, 0.07236550003290176]"
model\Dataset_Flood\medium\AKR20200101044751104_09_i.jpg,medium,1,medium,1,0.8826372027397156,low,0.8068623095750809,medium,1,0.8830358982086182,low,0.8076900690793991,True,True,True,0.9999998211860657,0.0008581026922911406,0.0005862702382728457,0.0004290640354156494,3.8504410326822835e-07,"[0.0757748931646347, 0.8826372027397156, 0.03837555646896362, 0.003212314797565341]","[0.07534582912921906, 0.8830358982086182, 0.03838076815009117, 0.003237446304410696]"
model\Dataset_Flood\medium\anh-mua-lu-mien-trung-tinh-thua-thien-hue-11-1700111239361211256796.webp,medium,1,medium,1,0.9399464726448059,high,0.8881782218813896,medium,1,0.9399725198745728,high,0.8883094824850559,True,True,True,1.0000001192092896,0.00021054083481431007,0.00012239576608408242,0.00010521337389945984,1.4957915084323758e-07,"[0.005110716912895441, 0.9399464726448059, 0.05176825076341629, 0.0031745166052132845]","[0.0051570553332567215, 0.9399725198745728, 0.05166303738951683, 0.0032074584160000086]"
model\Dataset_Flood\medium\bao2.jpg,medium,1,medium,1,0.9320809245109558,low,0.884389128535986,medium,1,0.9322205185890198,low,0.884527575224638,True,True,True,0.9999999403953552,0.00028143590316176414,0.00017886269779410213,0.00013959407806396484,1.5365002070666378e-07,"[0.047691795974969864, 0.9320809245109558, 0.01574452593922615, 0.0044827028177678585]","[0.04769294336438179, 0.9322205185890198, 0.01563807763159275, 0.0044484566897153854]"
model\Dataset_Flood\medium\base64-1695779498756539741837.webp,medium,1,medium,1,0.9804036617279053,low,0.9704213356599212,medium,1,0.9804006814956665,low,0.9704448105767369,True,True,True,1.0000001192092896,7.237656973302364e-05,4.544407784123905e-05,3.620889037847519e-05,3.585421737284378e-08,"[0.009982326067984104, 0.9804036617279053, 0.006431014277040958, 0.003183095483109355]","[0.009955870918929577, 0.9804006814956665, 0.006467223167419434, 0.0031763631850481033]"
model\Dataset_Flood\medium\base64-17342754119122101391959.webp,medium,1,medium,1,0.9183602929115295,low,0.8416047617793083,medium,1,0.9186155796051025,low,0.8420497924089432,True,True,True,0.9999999403953552,0.0005104834563098848,0.00032394658774137497,0.00025528669357299805,1.8020705283561256e-07,"[0.07675553113222122, 0.9183602929115295, 0.004367311950773001, 0.0005168179050087929]","[0.07656578719615936, 0.9186155796051025, 0.004306078422814608, 0.0005125986062921584]"
model\Dataset_Flood\medium\bna_23.jpg,medium,1,medium,1,0.8938306570053101,low,0.7912543043494225,medium,1,0.8947250843048096,low,0.7930093556642532,True,True,True,0.9999994039535522,0.0017889381852000952,0.0012416901299729943,0.0008944272994995117,1.0882845344895031e-06,"[0.1025763526558876, 0.8938306570053101, 0.003507000859826803, 8.602371235610917e-05]","[0.10171572864055634, 0.8947250843048096, 0.003473530989140272, 8.560671267332509e-05]"
model\Dataset_Flood\medium\bo-doi-dam-minh-trong-dong-nuoc-giai-cuu-nguoi-dan-o-khu-dan-cu-duong-me-suot-phoa-khanh-tpda-nanganh-ngoc-han-1762190471385332925795.webp,medium,1,medium,1,0.8827422857284546,low,0.76728954911232,medium,1,0.8821130990982056,low,0.7660174295306206,True,True,True,0.9999997019767761,0.0012858865084126592,0.0008996398537419736,0.0006429329514503479,5.206491096032551e-07,"[0.11545273661613464, 0.8827422857284546, 0.00012785625585820526, 0.0016771851805970073]","[0.11609566956758499, 0.8821130990982056, 0.0001240168057847768, 0.0016672577476128936]"
model\Dataset_Flood\medium\cao-bang.jpg,medium,1,medium,1,0.7315488457679749,low,0.5229673832654953,medium,1,0.7320792078971863,low,0.5245299637317657,True,True,True,0.9999986886978149,0.002266235649585724,0.0013115874025970697,0.001032218337059021,1.7479633243056014e-06,"[0.20858146250247955, 0.7315488457679749, 0.05184626579284668, 0.0080233970656991]","[0.20754924416542053, 0.7320792078971863, 0.05244902893900871, 0.007922505028545856]"
model\Dataset_Flood\medium\cd3a096a-084a-49d7-8d1f-345c16612ce9.jpg.webp,medium,1,high,2,0.9160818457603455,medium,0.8349752351641655,high,2,0.9155653119087219,medium,0.8339536041021347,False,False,True,0.9999998807907104,0.0010365158086642623,0.0007225697627291083,0.0005165338516235352,4.386922967114515e-07,"[0.0026204613968729973, 0.08110661059617996, 0.9160818457603455, 0.00019110670837108046]","[0.0026336447335779667, 0.08161170780658722, 0.9155653119087219, 0.00018940526933874935]"
model\Dataset_Flood\medium\chay-lu-3-21413569-1730073550943-1730073551814934630676.jpg,medium,1,medium,1,0.8797471523284912,high,0.810120165348053,medium,1,0.8800245523452759,high,0.8107359856367111,True,True,True,0.9999997615814209,0.0006767646409571171,0.0004412141861394048,0.0003384202718734741,2.2487803619242186e-07,"[0.04362236708402634, 0.8797471523284912, 0.06962698698043823, 0.007003481034189463]","[0.04367866367101669, 0.8800245523452759, 0.06928856670856476, 0.007008128799498081]"
model\Dataset_Flood\medium\chay-lu-7-21441025-1730073553208-1730073553540228535485.webp,medium,1,medium,1,0.9265924096107483,non_flood,0.9014414325356483,medium,1,0.9269348978996277,non_flood,0.9018766563385725,True,True,True,1.0,0.0006850436329841614,0.0004130160959903151,0.00034248828887939453,2.8305839805398136e-07,"[0.02329861745238304, 0.9265924096107483, 0.024958066642284393, 0.025150977075099945]","[0.02325580269098282, 0.9269348978996277, 0.02475106157362461, 0.025058241561055183]"
model\Dataset_Flood\medium\cong_an_cuu_dan_4.webp,medium,1,medium,1,0.8990669846534729,low,0.8340334370732307,medium,1,0.8993355631828308,low,0.8339775130152702,True,True,True,0.9999997615814209,0.0011861365055665374,0.0007271359208971262,0.000592697411775589,1.4461721775660408e-06,"[0.06503354758024216, 0.8990669846534729, 0.0358269065618515, 7.259428093675524e-05]","[0.06535805016756058, 0.8993355631828308, 0.03523420915007591, 7.223627471830696e-05]"
model\Dataset_Flood\medium\cuuho-19-4795-1763627595.webp,medium,1,medium,1,0.9579753875732422,high,0.9163630567491055,medium,1,0.9580098390579224,high,0.9164320304989815,True,True,True,0.9999999403953552,6.971598486416042e-05,4.877470200881362e-05,3.452226519584656e-05,2.135309040696143e-09,"[0.0003455738187767565, 0.9579753875732422, 0.041612330824136734, 6.667379784630612e-05]","[0.00034599140053614974, 0.9580098390579224, 0.04157780855894089, 6.634914461756125e-05]"
model\Dataset_Flood\medium\d9a74ea5-927d-492b-a483-851ca09aecac.jpg,medium,1,medium,1,0.8912717700004578,low,0.81875129789114,medium,1,0.8907167911529541,low,0.8176276087760925,True,True,True,0.9999998807907104,0.0011457691434770823,0.0007948408601805568,0.0005687102675437927,6.07326455792645e-07,"[0.07252047210931778, 0.8912717700004578, 0.03239721804857254, 0.0038105426356196404]","[0.07308918237686157, 0.8907167911529541, 0.03240135312080383, 0.0037925976794213057]"
model\Dataset_Flood\medium\doi-dan-17343606.jpg,medium,1,medium,1,0.9972438812255859,low,0.9954834498930722,medium,1,0.9972584247589111,low,0.9955032627331093,True,True,True,1.0,2.9096001526340842e-05,1.6816711649880745e-05,1.4543533325195312e-05,1.3714839042222593e-08,"[0.00176043133251369, 0.9972438812255859, 0.0006713371258229017, 0.0003242784587200731]","[0.0017551620258018374, 0.9972584247589111, 0.0006662301020696759, 0.00032010232098400593]"
model\Dataset_Flood\medium\e93b6786-6be4-4bcd-aceb-5540db8f8f79-17618117577021425135368.webp,medium,1,high,2,0.40348002314567566,medium,0.009229868650436401,high,2,0.4020484685897827,medium,0.005958348512649536,False,False,True,0.9999920129776001,0.0036799833178520203,0.0023533490020781755,0.001839965581893921,1.849661089181609e-06,"[0.12023672461509705, 0.39425015449523926, 0.40348002314567566, 0.08203314989805222]","[0.11993247270584106, 0.3960901200771332, 0.4020484685897827, 0.08192893862724304]"
model\Dataset_Flood\medium\edit-z7290483264645f5e6e37fc44ef85a5b1ffafb92dc59ab-17648137370111953943839-0-27-1131-1837-crop-1764813752388209128783.webp,medium,1,medium,1,0.8425498008728027,non_flood,0.7249113544821739,medium,1,0.840435266494751,non_flood,0.7212908640503883,True,True,True,0.9999975562095642,0.004229127429425716,0.0026509054005146027,0.002114534378051758,4.365836957731517e-06,"[0.02808869630098343, 0.8425498008728027, 0.011723029427230358, 0.11763844639062881]","[0.028619863092899323, 0.840435266494751, 0.011800499632954597, 0.11914440244436264]"
model\Dataset_Flood\medium\fcce866287794b6ca20765acc1faa211.webp,medium,1,medium,1,0.7752849459648132,low,0.6741855069994926,medium,1,0.7752291560173035,low,0.6734936609864235,True,True,True,0.9999995231628418,0.0012720786035060883,0.0007912453729659319,0.0006360560655593872,8.743044759285112e-07,"[0.10109943896532059, 0.7752849459648132, 0.07778085023164749, 0.04583483561873436]","[0.10173549503087997, 0.7752291560173035, 0.07733253389596939, 0.045702919363975525]"
model\Dataset_Flood\medium\flood_1247.jpg,medium,1,medium,1,0.8208599090576172,low,0.6652056276798248,medium,1,0.8215914368629456,low,0.666602149605751,True,True,True,0.999999463558197,0.001463132444769144,0.0009904128964990377,0.0007315278053283691,5.114771397529694e-07,"[0.15565428137779236, 0.8208599090576172, 0.017500661313533783, 0.005985184106975794]","[0.15498928725719452, 0.8215914368629456, 0.01749332807958126, 0.0059259068220853806]"
model\Dataset_Flood\medium\flood_172.jpg,medium,1,medium,1,0.8585994243621826,high,0.759120412170887,medium,1,0.8576799035072327,high,0.7572516724467278,True,True,True,0.9999992251396179,0.00208849273622036,0.0013308355119079351,0.0009492188692092896,1.3990974139233003e-06,"[0.0169157013297081, 0.8585994243621826, 0.09947901219129562, 0.025005849078297615]","[0.017010703682899475, 0.8576799035072327, 0.10042823106050491, 0.02488109841942787]"
model\Dataset_Flood\medium\flood_4791.jpg,medium,1,high,2,0.9840986132621765,medium,0.9700553230941296,high,2,0.9840213656425476,medium,0.9698919486254454,False,False,True,1.0000001192092896,0.00017238021246157587,0.00011603919847402722,8.612684905529022e-05,7.340076280115682e-08,"[0.00040177989285439253, 0.014043290168046951, 0.9840986132621765, 0.0014563484583050013]","[0.0004018378385808319, 0.014129417017102242, 0.9840213656425476, 0.0014474006602540612]"
model\Dataset_Flood\medium\flood_4813.jpg,medium,1,high,2,0.6975603103637695,low,0.4957134574651718,high,2,0.7002063989639282,low,0.4996054172515869,False,False,True,0.999995231628418,0.005292151123285294,0.003092071507126093,0.0026460886001586914,4.665242613555165e-06,"[0.20184685289859772, 0.06347484141588211, 0.6975603103637695, 0.03711795061826706]","[0.2006009817123413, 0.06265929341316223, 0.7002063989639282, 0.036533307284116745]"
model\Dataset_Flood\medium\flood_4955.jpg,medium,1,medium,1,0.6872137784957886,low,0.41536056995391846,medium,1,0.6852374076843262,low,0.41155749559402466,True,True,True,0.9999945163726807,0.00401024054735899,0.0026973222848027945,0.0019763708114624023,2.375675194343785e-06,"[0.2718532085418701, 0.6872137784957886, 0.032057978212833405, 0.00887505803257227]","[0.2736799120903015, 0.6852374076843262, 0.03223639726638794, 0.008846310898661613]"
model\Dataset_Flood\medium\flood_4987.jpg,medium,1,medium,1,0.9525671005249023,low,0.9154584817588329,medium,1,0.9524997472763062,low,0.9152964763343334,True,True,True,0.9999999403953552,0.00020139571279287338,0.0001210203263326548,9.465217590332031e-05,1.8102126020380638e-08,"[0.03710861876606941, 0.9525671005249023, 0.009152853861451149, 0.001171478652395308]","[0.03720327094197273, 0.9524997472763062, 0.009119472466409206, 0.001177487545646727]"
model\Dataset_Flood\medium\flood_5066.jpg,medium,1,medium,1,0.987784206867218,low,0.9800801766104996,medium,1,0.9877655506134033,low,0.9800542565062642,True,True,True,0.9999999403953552,3.737181759788655e-05,2.279834370710887e-05,1.8656253814697266e-05,5.46893330621856e-09,"[0.007704030256718397, 0.987784206867218, 0.004473816137760878, 3.79274133592844e-05]","[0.0077112941071391106, 0.9877655506134033, 0.004484707955271006, 3.848730921163224e-05]"
model\Dataset_Flood\medium\flood_6129.jpg,medium,1,medium,1,0.9454021453857422,high,0.917299335822463,medium,1,0.9453254342079163,high,0.9173133764415979,True,True,True,0.9999999403953552,0.00033498575794510543,0.00020473850599955767,0.00016672350466251373,1.9854894617310492e-07,"[0.026267273351550102, 0.9454021453857422, 0.028102809563279152, 0.00022772469674237072]","[0.026433996856212616, 0.9453254342079163, 0.02801205776631832, 0.000228523975238204]"
model\Dataset_Flood\medium\flood_6131.jpg,medium,1,low,0,0.7707834839820862,medium,0.5688102096319199,low,0,0.7685266137123108,medium,0.564395546913147,False,False,True,0.9999944567680359,0.004513612948358059,0.00312321400269866,0.0022568702697753906,3.7500069538509706e-06,"[0.7707834839820862, 0.20197327435016632, 0.004806220531463623, 0.022437067702412605]","[0.7685266137123108, 0.20413106679916382, 0.004860163666307926, 0.022482074797153473]"
model\Dataset_Flood\medium\flood_6136.jpg,medium,1,low,0,0.523659884929657,medium,0.08607348799705505,low,0,0.527592122554779,medium,0.09391376376152039,False,False,True,0.9999674558639526,0.007898044772446156,0.005544115323573351,0.00393223762512207,8.14472878118977e-06,"[0.523659884929657, 0.43758639693260193, 0.03623470291495323, 0.0025190396700054407]","[0.527592122554779, 0.43367835879325867, 0.036251459270715714, 0.002478027017787099]"
model\Dataset_Flood\medium\flood_6137.jpg,medium,1,medium,1,0.9560943245887756,high,0.9263094067573547,medium,1,0.9558537602424622,high,0.925869258120656,True,True,True,1.0,0.0004810662940144539,0.000314786855597049,0.00024056434631347656,1.9142544260830618e-07,"[0.013620627112686634, 0.9560943245887756, 0.0297849178314209, 0.0005001485696993768]","[0.0136576471850276, 0.9558537602424622, 0.029984502121806145, 0.0005040461546741426]"
model\Dataset_Flood\medium\flood_6140.jpg,medium,1,medium,1,0.8565171360969543,low,0.7581693530082703,medium,1,0.8540158867835999,low,0.7537819221615791,True,True,True,0.999996542930603,0.005002436228096485,0.003184759756550193,0.002501249313354492,6.77659454595414e-06,"[0.09834778308868408, 0.8565171360969543, 0.015483967959880829, 0.02965117059648037]","[0.10023396462202072, 0.8540158867835999, 0.015527226962149143, 0.03022291697561741]"
model\Dataset_Flood\medium\flood_6146.jpg,medium,1,medium,1,0.8987232446670532,low,0.8060979396104813,medium,1,0.8977193236351013,low,0.8040633797645569,True,True,True,0.9999992847442627,0.002061224076896906,0.0014390085125342011,0.0010306388139724731,1.57188128468988e-06,"[0.09262530505657196, 0.8987232446670532, 0.008431152440607548, 0.00022024798090569675]","[0.09365594387054443, 0.8977193236351013, 0.008405250497162342, 0.0002194856060668826]"
model\Dataset_Flood\medium\flood_6166.jpg,medium,1,medium,1,0.851098895072937,low,0.7383427023887634,medium,1,0.8518508672714233,low,0.7396037504076958,True,True,True,0.9999997019767761,0.0015038305427879095,0.0009396557579748333,0.0007519721984863281,5.458974214889167e-07,"[0.11275619268417358, 0.851098895072937, 0.035852208733558655, 0.0002926753368228674]","[0.11224711686372757, 0.8518508672714233, 0.03561069071292877, 0.00029141089180484414]"
model\Dataset_Flood\medium\flood_6171.jpg,medium,1,medium,1,0.5717058777809143,low,0.1979874074459076,medium,1,0.5696292519569397,low,0.19387531280517578,True,True,True,0.9999912977218628,0.004177686292678118,0.0029083508998155594,0.0020766258239746094,2.3602140117873205e-06,"[0.3737184703350067, 0.5717058777809143, 0.05270744115114212, 0.0018682520603761077]","[0.3757539391517639, 0.5696292519569397, 0.052760813385248184, 0.0018560327589511871]"
model\Dataset_Flood\medium\flood_6198.jpg,medium,1,medium,1,0.8637861013412476,low,0.7489115074276924,medium,1,0.861870527267456,low,0.7450776547193527,True,True,True,0.9999969601631165,0.003841102821752429,0.002710949396714568,0.0019182786345481873,4.508171514316928e-06,"[0.11487459391355515, 0.8637861013412476, 0.021092059090733528, 0.0002472788910381496]","[0.11679287254810333, 0.861870527267456, 0.02108709141612053, 0.000249561300734058]"
model\Dataset_Flood\medium\flood_6238.jpg,medium,1,medium,1,0.7283008098602295,high,0.5515987426042557,medium,1,0.7297061085700989,high,0.5544837415218353,True,True,True,0.9999972581863403,0.002959389239549637,0.0020417047198861837,0.0014797002077102661,1.9039724747926812e-06,"[0.09192503243684769, 0.7283008098602295, 0.17670206725597382, 0.003072114894166589]","[0.09198881685733795, 0.7297061085700989, 0.17522236704826355, 0.00308272079564631]"
model\Dataset_Flood\medium\flood_6259.jpg,medium,1,low,0,0.775270938873291,medium,0.5667117238044739,low,0,0.775288462638855,medium,0.5666008144617081,False,False,True,1.0,0.00029201479628682137,0.0001772798568708822,0.00012843310832977295,1.837215677369386e-07,"[0.775270938873291, 0.20855921506881714, 0.013428467325866222, 0.0027414571959525347]","[0.775288462638855, 0.2086876481771469, 0.013310943730175495, 0.0027129228692501783]"
model\Dataset_Flood\medium\flood_6265.jpg,medium,1,medium,1,0.9618967175483704,high,0.9398037455976009,medium,1,0.9617946147918701,high,0.9396516010165215,True,True,True,1.0,0.00020423770183697343,0.0001233517687069252,0.00010210275650024414,6.670643415418454e-08,"[0.015245373360812664, 0.9618967175483704, 0.022092971950769424, 0.0007648979080840945]","[0.015292979776859283, 0.9617946147918701, 0.022143013775348663, 0.0007693846127949655]"
model\Dataset_Flood\medium\flood_6267.jpg,medium,1,medium,1,0.9457939863204956,low,0.9152341242879629,medium,1,0.9462102651596069,low,0.9160665292292833,True,True,True,0.9999999403953552,0.0008628749055787921,0.0005889934254810214,0.0004162788391113281,7.959740742080612e-07,"[0.030559862032532692, 0.9457939863204956, 0.022544750943779945, 0.001101481495425105]","[0.0301437359303236, 0.9462102651596069, 0.02255984954535961, 0.0010861101327463984]"
model\Dataset_Flood\medium\flood_6268.jpg,medium,1,medium,1,0.884013831615448,low,0.7896028608083725,medium,1,0.883834719657898,low,0.7890546396374702,True,True,True,0.9999998211860657,0.0007381550967693329,0.0004433023277670145,0.00036910921335220337,3.994532562501263e-07,"[0.0944109708070755, 0.884013831615448, 0.017764199525117874, 0.003810928203165531]","[0.0947800800204277, 0.883834719657898, 0.017597969621419907, 0.003787224180996418]"
model\Dataset_Flood\medium\flood_6270.jpg,medium,1,medium,1,0.9229201674461365,low,0.884821642190218,medium,1,0.9232666492462158,low,0.8852982260286808,True,True,True,1.0,0.000716889277100563,0.0004350143135525286,0.0003464818000793457,4.6530840336345136e-07,"[0.0380985252559185, 0.9229201674461365, 0.022390898317098618, 0.01659035123884678]","[0.03796842321753502, 0.9232666492462158, 0.022402912378311157, 0.016362059861421585]"
model\Dataset_Flood\medium\flood_6282.jpg,medium,1,medium,1,0.870019793510437,low,0.7881543561816216,medium,1,0.8689988255500793,low,0.7858299538493156,True,True,True,0.9999985694885254,0.0026068957522511482,0.0016714731464162469,0.0013034343719482422,2.9607510896312306e-06,"[0.08186543732881546, 0.870019793510437, 0.010451498441398144, 0.037663232535123825]","[0.0831688717007637, 0.8689988255500793, 0.010389639064669609, 0.03744259849190712]"
model\Dataset_Flood\medium\flood_6285.jpg,medium,1,medium,1,0.9019036889076233,high,0.8378530070185661,medium,1,0.9017260670661926,high,0.8375197574496269,True,True,True,1.0,0.00036146771162748337,0.00023750837135594338,0.00017762184143066406,3.739933518431826e-08,"[0.02981722168624401, 0.9019036889076233, 0.06405068188905716, 0.004228374920785427]","[0.02981412597000599, 0.9017260670661926, 0.0642063096165657, 0.00425349734723568]"
model\Dataset_Flood\medium\flood_6286.jpg,medium,1,medium,1,0.9059606194496155,low,0.847975742071867,medium,1,0.906193733215332,low,0.8484288454055786,True,True,True,0.9999999403953552,0.0004731775843538344,0.00032097441726364195,0.00023311376571655273,1.4823405081187957e-07,"[0.05798487737774849, 0.9059606194496155, 0.035176731646060944, 0.0008777742623351514]","[0.05776488780975342, 0.906193733215332, 0.03516015037894249, 0.0008812672458589077]"
model\Dataset_Flood\medium\flood_6295.jpg,medium,1,medium,1,0.747676432132721,low,0.6176953762769699,medium,1,0.7468729019165039,low,0.6160334348678589,True,True,True,0.9999992847442627,0.001784052699804306,0.001179615966975689,0.0008584111928939819,8.656288628117181e-07,"[0.12998105585575104, 0.747676432132721, 0.07609102874994278, 0.04625152051448822]","[0.13083946704864502, 0.7468729019165039, 0.07600251585245132, 0.04628511890769005]"
model\Dataset_Flood\medium\flood_6297.jpg,medium,1,medium,1,0.983635425567627,high,0.9686431847512722,medium,1,0.9835366606712341,high,0.9684535730630159,True,True,True,1.0000001192092896,0.00019739498384296894,0.00013438257155939937,9.876489639282227e-05,7.655921052673875e-08,"[0.001334275701083243, 0.983635425567627, 0.014992240816354752, 3.814966476056725e-05]","[0.0013413876295089722, 0.9835366606712341, 0.015083087608218193, 3.882103555952199e-05]"
model\Dataset_Flood\medium\flood_6311.jpg,medium,1,medium,1,0.9757137298583984,high,0.9552509188652039,medium,1,0.9756811261177063,high,0.9551477804780006,True,True,True,1.0000001192092896,0.00014115535304881632,8.58023704495281e-05,7.053464651107788e-05,7.938492530001895e-08,"[0.003724025096744299, 0.9757137298583984, 0.02046281099319458, 9.947831858880818e-05]","[0.0036876779049634933, 0.9756811261177063, 0.020533345639705658, 9.780855179997161e-05]"
model\Dataset_Flood\medium\flood_6315.jpg,medium,1,medium,1,0.8431884050369263,low,0.7244209423661232,medium,1,0.8416104316711426,low,0.7215107008814812,True,True,True,0.9999983310699463,0.0031559448689222336,0.002073736162856221,0.0015779733657836914,2.4329672214662423e-06,"[0.11876746267080307, 0.8431884050369263, 0.023431958630681038, 0.014612178318202496]","[0.12009973078966141, 0.8416104316711426, 0.023606084287166595, 0.014683756045997143]"
model\Dataset_Flood\medium\flood_6322.jpg,medium,1,medium,1,0.992138683795929,low,0.9856392061337829,medium,1,0.9921517372131348,low,0.9856618577614427,True,True,True,1.0,2.6003355742432177e-05,1.6388148651458323e-05,1.3053417205810547e-05,,"[0.0064994776621460915, 0.992138683795929, 0.0011728995013982058, 0.0001888279221020639]","[0.006489879451692104, 0.9921517372131348, 0.0011716911103576422, 0.00018668458505999297]"
model\Dataset_Flood\medium\flood_6326.jpg,medium,1,medium,1,0.9301726818084717,high,0.8824853338301182,medium,1,0.9306777715682983,high,0.8834344260394573,True,True,True,0.9999999403953552,0.0010101636871695518,0.0006749628228135407,0.0005050897598266602,5.772981239715591e-07,"[0.004516028333455324, 0.9301726818084717, 0.0476873479783535, 0.01762394607067108]","[0.004512475337833166, 0.9306777715682983, 0.04724334552884102, 0.01756642758846283]"
model\Dataset_Flood\medium\flood_6329.jpg,medium,1,high,2,0.4600611627101898,medium,0.14706790447235107,high,2,0.4586656093597412,medium,0.14475220441818237,False,False,True,0.9999947547912598,0.0035876408219337463,0.0019277302781119943,0.0013955533504486084,1.8133723642677069e-06,"[0.12844564020633698, 0.31299325823783875, 0.4600611627101898, 0.09849994629621506]","[0.12931929528713226, 0.31391340494155884, 0.4586656093597412, 0.0981016606092453]"
model\Dataset_Flood\medium\flood_6330.jpg,medium,1,medium,1,0.6887295842170715,low,0.42539089918136597,medium,1,0.6882292628288269,low,0.4241113066673279,True,True,True,0.9999991059303284,0.0015584994107484818,0.0009509817464277148,0.000779271125793457,5.097244866192341e-07,"[0.26333868503570557, 0.6887295842170715, 0.039938442409038544, 0.007993308827280998]","[0.264117956161499, 0.6882292628288269, 0.03973619267344475, 0.007916651666164398]"
model\Dataset_Flood\medium\flood_6333.jpg,medium,1,medium,1,0.9739476442337036,low,0.9526698812842369,medium,1,0.9737202525138855,low,0.9522230587899685,True,True,True,1.0,0.0004614262725226581,0.0003162206267006695,0.00022739171981811523,3.058615050122171e-07,"[0.021277762949466705, 0.9739476442337036, 0.003906518220901489, 0.0008680517203174531]","[0.021497193723917007, 0.9737202525138855, 0.003903215518221259, 0.0008793527958914638]"
model\Dataset_Flood\medium\flood_6342.jpg,medium,1,medium,1,0.961536705493927,low,0.9383434038609266,medium,1,0.9609504342079163,low,0.9373483899980783,True,True,True,0.9999998807907104,0.0011817291378974915,0.0007375527056865394,0.0005862712860107422,1.1951262877119007e-06,"[0.023193301633000374, 0.961536705493927, 0.01452772505581379, 0.0007422194466926157]","[0.023602044209837914, 0.9609504342079163, 0.014709874987602234, 0.0007376541034318507]"
model\Dataset_Flood\medium\flood_6343.jpg,medium,1,medium,1,0.9456046223640442,high,0.8969209007918835,medium,1,0.9456188082695007,high,0.8969339840114117,True,True,True,1.0,3.060977905988693e-05,2.0384455638122745e-05,1.4577992260456085e-05,3.380713664569157e-08,"[0.004840389359742403, 0.9456046223640442, 0.04868372157216072, 0.0008712663548067212]","[0.004825811367481947, 0.9456188082695007, 0.048684824258089066, 0.0008705231593921781]"
model\Dataset_Flood\medium\flood_6350.jpg,medium,1,medium,1,0.9845594763755798,low,0.9721522787585855,medium,1,0.9845199584960938,low,0.9720826353877783,True,True,True,1.0000001192092896,8.23125010356307e-05,5.092887658975087e-05,3.9517879486083984e-05,,"[0.012407197616994381, 0.9845594763755798, 0.0018683501984924078, 0.0011649887310341]","[0.012437323108315468, 0.9845199584960938, 0.001879390561953187, 0.0011633599642664194]"
model\Dataset_Flood\medium\flood_6358.jpg,medium,1,medium,1,0.9436522722244263,low,0.8889754898846149,medium,1,0.943122923374176,low,0.8879140429198742,True,True,True,0.9999998211860657,0.0010642141569405794,0.000750563747715205,0.000532098114490509,7.117194513739378e-07,"[0.054676782339811325, 0.9436522722244263, 0.0015946394996717572, 7.63550924602896e-05]","[0.055208880454301834, 0.943122923374176, 0.0015919448342174292, 7.628258026670665e-05]"
model\Dataset_Flood\medium\gan-15-000-nha-dan-ngap-trong-bien-nuoc-1730118695.webp,medium,1,medium,1,0.9578211307525635,low,0.9386445432901382,medium,1,0.9579987525939941,low,0.9390278458595276,True,True,True,0.9999999403953552,0.00044909026473760605,0.0002764181117527187,0.0002056807279586792,3.0799131423009385e-07,"[0.019176587462425232, 0.9578211307525635, 0.011867385357618332, 0.01113500352948904]","[0.018970906734466553, 0.9579987525939941, 0.011914223432540894, 0.01111605390906334]"
model\Dataset_Flood\medium\gen-h-z7184034546164_6c7106825d1bdbf0eaee667fd67869f4.webp,medium,1,medium,1,0.5799378752708435,low,0.16844329237937927,medium,1,0.5790373682975769,low,0.16657528281211853,True,True,True,0.9999983310699463,0.0019350401125848293,0.0013227405725046992,0.0009675025939941406,5.091901584819425e-07,"[0.41149458289146423, 0.5799378752708435, 0.0033633054699748755, 0.005204240791499615]","[0.4124620854854584, 0.5790373682975769, 0.0033152636606246233, 0.00518525205552578]"
model\Dataset_Flood\medium\gia-lai-1.jpg,medium,1,non_flood,3,0.6459484100341797,medium,0.4261523336172104,non_flood,3,0.6451462507247925,medium,0.4244317263364792,False,False,True,0.9999984502792358,0.0023966431617736816,0.001312357373535633,0.0009184479713439941,1.0559160728007555e-06,"[0.06452388316392899, 0.2197960764169693, 0.06973163038492203, 0.6459484100341797]","[0.06412771344184875, 0.2207145243883133, 0.07001149654388428, 0.6451462507247925]"
model\Dataset_Flood\medium\ha-noi-17597880726421699725002-175984783712675155986.webp,medium,1,medium,1,0.6908798813819885,low,0.4301643967628479,medium,1,0.6923842430114746,low,0.4331139922142029,True,True,True,0.9999967217445374,0.0030087067279964685,0.0020865185651928186,0.001504361629486084,1.4972000599300372e-06,"[0.2607154846191406, 0.6908798813819885, 0.002403735416010022, 0.04600090906023979]","[0.25927025079727173, 0.6923842430114746, 0.00237222108989954, 0.045973312109708786]"
model\Dataset_Flood\medium\Ho-Tro-Dan.jpg,medium,1,medium,1,0.8845571875572205,low,0.8105281665921211,medium,1,0.8841080069541931,low,0.8094662055373192,True,True,True,0.9999997019767761,0.0012256117770448327,0.0007742219022475183,0.0006127804517745972,7.846356311347336e-07,"[0.07402902096509933, 0.8845571875572205, 0.04026181995868683, 0.0011518951505422592]","[0.07464180141687393, 0.8841080069541931, 0.040113791823387146, 0.00113627256359905]"
model\Dataset_Flood\medium\hoi_an_ngap_lut_tro_lai_nguoi_dan_lo_chay_lu_lan_2_.webp,medium,1,medium,1,0.9306022524833679,high,0.8740479834377766,medium,1,0.9296438694000244,high,0.8721109069883823,True,True,True,0.9999994039535522,0.0020331228151917458,0.0013715531677007675,0.0009786933660507202,2.3414240786223672e-06,"[0.008375823497772217, 0.9306022524833679, 0.056554269045591354, 0.0044675786048173904]","[0.008413678966462612, 0.9296438694000244, 0.057532962411642075, 0.004409387707710266]"
model\Dataset_Flood\medium\image.png,medium,1,medium,1,0.4561835527420044,high,0.02507573366165161,medium,1,0.45906004309654236,high,0.03137773275375366,True,True,True,0.9999749660491943,0.0068510305136442184,0.004505641292780638,0.003425508737564087,5.980068635835778e-06,"[0.1105789765715599, 0.4561835527420044, 0.4311078190803528, 0.002129666041582823]","[0.11111973971128464, 0.45906004309654236, 0.4276823103427887, 0.0021379345562309027]"
model\Dataset_Flood\medium\image_0032.jpg,medium,1,medium,1,0.8156337738037109,low,0.6465248465538025,medium,1,0.8161150813102722,low,0.6474808901548386,True,True,True,0.9999997615814209,0.0009632417932152748,0.0006760762189514935,0.0004813075065612793,2.022697174197674e-07,"[0.16910892724990845, 0.8156337738037109, 0.014963687397539616, 0.0002936044766101986]","[0.16863419115543365, 0.8161150813102722, 0.014956780709326267, 0.00029389598057605326]"
model\Dataset_Flood\medium\image_0037.jpg,medium,1,medium,1,0.8672188520431519,high,0.7730357423424721,medium,1,0.8665205836296082,high,0.7718217745423317,True,True,True,0.9999998211860657,0.0013964930549263954,0.0008827344281598926,0.0006982684135437012,5.432615921563411e-07,"[0.03677793964743614, 0.8672188520431519, 0.09418310970067978, 0.001820131205022335]","[0.03693642467260361, 0.8665205836296082, 0.09469880908727646, 0.0018441714346408844]"
model\Dataset_Flood\medium\image_0040.jpg,medium,1,medium,1,0.9185462594032288,low,0.8462007492780685,medium,1,0.9183939099311829,low,0.8458997383713722,True,True,True,1.0,0.00030566510395146906,0.00021290463337209076,0.00015234947204589844,1.1816496225947049e-08,"[0.07234551012516022, 0.9185462594032288, 0.008695314638316631, 0.00041288958163931966]","[0.07249417155981064, 0.9183939099311829, 0.008699508383870125, 0.0004124291299376637]"
model\Dataset_Flood\medium\image_0042.jpg,medium,1,medium,1,0.9968968629837036,low,0.9943521700333804,medium,1,0.9968595504760742,low,0.9942739456892014,True,True,True,1.0,8.23318914626725e-05,5.550696005229838e-05,4.09118365496397e-05,8.567604226072945e-08,"[0.002544692950323224, 0.9968968629837036, 0.0005295893060974777, 2.8889648092444986e-05]","[0.0025856047868728638, 0.9968595504760742, 0.0005257209995761514, 2.912888885475695e-05]"
model\Dataset_Flood\medium\image_0050.jpg,medium,1,medium,1,0.7579383254051208,low,0.615064725279808,medium,1,0.7561144828796387,low,0.6121836155653,True,True,True,0.9999979138374329,0.0036476021632552147,0.00220897956751287,0.0018238425254821777,2.2520873699249933e-06,"[0.1428736001253128, 0.7579383254051208, 0.08583627641201019, 0.013351837173104286]","[0.14393086731433868, 0.7561144828796387, 0.08648562431335449, 0.013468981720507145]"
model\Dataset_Flood\medium\image_0051.jpg,medium,1,medium,1,0.8214511871337891,low,0.6542135626077652,medium,1,0.8213376402854919,low,0.6540086716413498,True,True,True,1.0,0.00025184161495417356,0.0001502826198702678,0.00011354684829711914,6.342133929138072e-09,"[0.16723762452602386, 0.8214511871337891, 0.009790781885385513, 0.001520424848422408]","[0.16732896864414215, 0.8213376402854919, 0.009825348854064941, 0.001508041168563068]"
model\Dataset_Flood\medium\image_0085.jpg,medium,1,medium,1,0.835197389125824,high,0.7020334303379059,medium,1,0.8350268006324768,high,0.7018672972917557,True,True,True,1.0,0.00035002181539312005,0.00024049160128924996,0.00017058849334716797,1.2723990039376076e-07,"[0.031215520575642586, 0.835197389125824, 0.1331639587879181, 0.0004231881466694176]","[0.03138488531112671, 0.8350268006324768, 0.13315950334072113, 0.000428801286034286]"
model\Dataset_Flood\medium\image_0089.jpg,medium,1,medium,1,0.8788316249847412,high,0.8154791966080666,medium,1,0.8786594271659851,high,0.8151303231716156,True,True,True,0.9999999403953552,0.0003620185889303684,0.00024690627469681203,0.00017667561769485474,1.0241422643275655e-07,"[0.0557309053838253, 0.8788316249847412, 0.06335242837667465, 0.0020850065629929304]","[0.05572210252285004, 0.8786594271659851, 0.0635291039943695, 0.002089348854497075]"
model\Dataset_Flood\medium\image_0116.jpg,medium,1,medium,1,0.9786766171455383,low,0.9605287183076143,medium,1,0.9786625504493713,low,0.9605025630444288,True,True,True,1.0,3.807444591075182e-05,2.0425832190085202e-05,1.4066696166992188e-05,5.724928531236628e-09,"[0.018147898837924004, 0.9786766171455383, 0.0017394155729562044, 0.0014360591303557158]","[0.018159987404942513, 0.9786625504493713, 0.0017464181873947382, 0.0014311425620689988]"
model\Dataset_Flood\medium\image_0119.jpg,medium,1,medium,1,0.994722843170166,low,0.9913060618564487,medium,1,0.9946997165679932,low,0.991268316982314,True,True,True,1.0000001192092896,4.618917591869831e-05,2.821506859618239e-05,2.3126602172851562e-05,1.266357685381081e-08,"[0.0034167813137173653, 0.994722843170166, 0.000548665237147361, 0.0013117918279021978]","[0.0034313995856791735, 0.9946997165679932, 0.0005504477885551751, 0.0013184535782784224]"
model\Dataset_Flood\medium\image_012.jpg,medium,1,medium,1,0.7972423434257507,high,0.6779625788331032,medium,1,0.7949308753013611,high,0.6734538599848747,True,True,True,0.9999949932098389,0.004622962791472673,0.00319119356572628,0.0023114681243896484,5.872020210517803e-06,"[0.08217480033636093, 0.7972423434257507, 0.11927976459264755, 0.0013031222624704242]","[0.0822884663939476, 0.7949308753013611, 0.12147701531648636, 0.0013037000317126513]"
model\Dataset_Flood\medium\image_0121.jpg,medium,1,medium,1,0.8557667136192322,low,0.7924255877733231,medium,1,0.8561638593673706,low,0.7929551973938942,True,True,True,0.9999999403953552,0.0007942207157611847,0.00047777642612345517,0.00039714574813842773,2.289816620759666e-07,"[0.06334112584590912, 0.8557667136192322, 0.041742295026779175, 0.039149824529886246]","[0.06320866197347641, 0.8561638593673706, 0.04170482978224754, 0.03892267867922783]"
model\Dataset_Flood\medium\image_0134.jpg,medium,1,medium,1,0.9509502649307251,high,0.9124882891774178,medium,1,0.9505922794342041,high,0.9118337519466877,True,True,True,1.0,0.0007158254156820476,0.0004687421605922282,0.0003579854965209961,3.456864874351595e-07,"[0.010215763002634048, 0.9509502649307251, 0.03846197575330734, 0.00037211074959486723]","[0.010275941342115402, 0.9505922794342041, 0.0387585274875164, 0.0003732205950655043]"
model\Dataset_Flood\medium\image_0144.jpg,medium,1,high,2,0.6550655961036682,medium,0.4590298533439636,high,2,0.6526176929473877,medium,0.45387962460517883,False,False,True,0.9999889731407166,0.0054083289578557014,0.0036551968660205603,0.0027023255825042725,5.8262662605557125e-06,"[0.1468040496110916, 0.1960357427597046, 0.6550655961036682, 0.0020946618169546127]","[0.14654779434204102, 0.19873806834220886, 0.6526176929473877, 0.0020965069998055696]"
model\Dataset_Flood\medium\image_0148.jpg,medium,1,medium,1,0.8329141139984131,high,0.7348353713750839,medium,1,0.8331106901168823,high,0.7351957187056541,True,True,True,1.0,0.0004024077206850052,0.00025862277834676206,0.00019657611846923828,4.733124470135408e-08,"[0.06618166714906693, 0.8329141139984131, 0.09807874262332916, 0.00282542803324759]","[0.06614423543214798, 0.8331106901168823, 0.09791497141122818, 0.002830056706443429]"
model\Dataset_Flood\medium\image_0151.jpg,medium,1,medium,1,0.9064149260520935,low,0.8692401349544525,medium,1,0.905997097492218,low,0.8685518577694893,True,True,True,0.9999998807907104,0.0009212810546159744,0.0005345323588699102,0.0004178285598754883,4.769535735249519e-07,"[0.03717479109764099, 0.9064149260520935, 0.03011900931596756, 0.0262912604957819]","[0.03744523972272873, 0.905997097492218, 0.03007618337869644, 0.02648143842816353]"
model\Dataset_Flood\medium\image_0159.jpg,medium,1,medium,1,0.9762758016586304,high,0.9607214815914631,medium,1,0.9764373898506165,high,0.9610289316624403,True,True,True,0.9999999403953552,0.00032311328686773777,0.00021800410468131304,0.00016158819198608398,1.8302932858205168e-07,"[0.007639603223651648, 0.9762758016586304, 0.015554320067167282, 0.0005301833152770996]","[0.007628882769495249, 0.9764373898506165, 0.015408458188176155, 0.0005252405535429716]"
model\Dataset_Flood\medium\image_0161.jpg,medium,1,medium,1,0.9816344380378723,low,0.9707148065790534,medium,1,0.9816136360168457,low,0.9707037499174476,True,True,True,1.0,6.097927689552307e-05,3.7526882806560025e-05,2.966448664665222e-05,1.728773391107552e-08,"[0.010919631458818913, 0.9816344380378723, 0.006973118055611849, 0.00047288023051805794]","[0.010909886099398136, 0.9816136360168457, 0.007002782542258501, 0.0004736476403195411]"
model\Dataset_Flood\medium\image_0166.jpg,medium,1,medium,1,0.5501596331596375,low,0.3587875962257385,medium,1,0.5499991774559021,low,0.358389288187027,True,True,True,0.9999992847442627,0.001455932855606079,0.0008028698503039777,0.000567510724067688,5.772889721811225e-07,"[0.19137203693389893, 0.5501596331596375, 0.11424610763788223, 0.144222229719162]","[0.19160988926887512, 0.5499991774559021, 0.11473622173070908, 0.1436547189950943]"
model\Dataset_Flood\medium\image_0170.jpg,medium,1,high,2,0.6305704116821289,low,0.3410516083240509,high,2,0.634047269821167,low,0.3475216031074524,False,False,True,0.9999817609786987,0.0069722519256174564,0.0046141683124005795,0.003476858139038086,6.696885520796059e-06,"[0.289518803358078, 0.0758863091468811, 0.6305704116821289, 0.0040245079435408115]","[0.2865256667137146, 0.07539330422878265, 0.634047269821167, 0.004033760167658329]"
model\Dataset_Flood\medium\image_0192.jpg,medium,1,medium,1,0.5414247512817383,high,0.2650008499622345,medium,1,0.5402421355247498,high,0.2622221112251282,True,True,True,0.9999950528144836,0.003192210802808404,0.002028107177466154,0.0015961229801177979,1.5373063888546312e-06,"[0.17926731705665588, 0.5414247512817383, 0.2764239013195038, 0.002884028945118189]","[0.1788586527109146, 0.5402421355247498, 0.2780200242996216, 0.00287922122515738]"
model\Dataset_Flood\medium\image_024.jpg,medium,1,medium,1,0.7868326902389526,high,0.6640821620821953,medium,1,0.787636399269104,high,0.6659530624747276,True,True,True,0.9999988675117493,0.0021343789994716644,0.0013586392160505056,0.0010671913623809814,1.3879980542697012e-06,"[0.02683478407561779, 0.7868326902389526, 0.12275052815675735, 0.06358201056718826]","[0.026851752772927284, 0.787636399269104, 0.12168333679437637, 0.06382852047681808]"
model\Dataset_Flood\medium\image_0294.jpg,medium,1,medium,1,0.9729623794555664,low,0.9533698372542858,medium,1,0.9728534817695618,low,0.9532417338341475,True,True,True,0.9999999403953552,0.00023909215815365314,0.00014970010670367628,0.00010889768600463867,2.554536422394449e-07,"[0.019592542201280594, 0.9729623794555664, 0.005842140410095453, 0.0016029606340453029]","[0.019611747935414314, 0.9728534817695618, 0.005942486226558685, 0.0015923177124932408]"
model\Dataset_Flood\medium\image_038.jpg,medium,1,medium,1,0.6158028244972229,high,0.3151206970214844,medium,1,0.6175715327262878,high,0.3178505599498749,True,True,True,0.999996542930603,0.0035373717546463013,0.002101458143442869,0.0017687082290649414,1.969834329429432e-06,"[0.027091357856988907, 0.6158028244972229, 0.3006821274757385, 0.05642370507121086]","[0.02682534232735634, 0.6175715327262878, 0.29972097277641296, 0.05588221177458763]"
model\Dataset_Flood\medium\image_0388.jpg,medium,1,medium,1,0.7514780759811401,low,0.53345987200737,medium,1,0.7513570189476013,low,0.5331075191497803,True,True,True,0.9999998807907104,0.0004624500870704651,0.00027269896236248314,0.00023129582405090332,9.092127584153786e-08,"[0.21801820397377014, 0.7514780759811401, 0.01847224310040474, 0.012031431309878826]","[0.21824949979782104, 0.7513570189476013, 0.01840849220752716, 0.011985084973275661]"
model\Dataset_Flood\medium\image_0400.jpg,medium,1,medium,1,0.7923721671104431,low,0.6077171564102173,medium,1,0.7914083003997803,low,0.6057774275541306,True,True,True,0.9999989867210388,0.0020493213087320328,0.0013738350244238973,0.0009758621454238892,8.187080311472528e-07,"[0.18465501070022583, 0.7923721671104431, 0.011352036148309708, 0.011620821431279182]","[0.18563087284564972, 0.7914083003997803, 0.011291266418993473, 0.01166964415460825]"
model\Dataset_Flood\medium\image_041.jpg,medium,1,medium,1,0.9326357245445251,high,0.8914323933422565,medium,1,0.9324691295623779,high,0.890954352915287,True,True,True,0.9999999403953552,0.0006229450809769332,0.0003774943470489234,0.0003114454448223114,4.0290069591719657e-07,"[0.025188496336340904, 0.9326357245445251, 0.0412033312022686, 0.0009724948322400451]","[0.02505583129823208, 0.9324691295623779, 0.04151477664709091, 0.0009602552163414657]"
model\Dataset_Flood\medium\image_0419.jpg,medium,1,medium,1,0.7917600870132446,low,0.6568844020366669,medium,1,0.7908008098602295,low,0.6544573456048965,True,True,True,0.9999978542327881,0.00293554924428463,0.0018160226754844189,0.001467779278755188,2.7447094907984138e-06,"[0.13487568497657776, 0.7917600870132446, 0.029602471739053726, 0.043761737644672394]","[0.13634346425533295, 0.7908008098602295, 0.029565097764134407, 0.04329061880707741]"
model\Dataset_Flood\medium\image_0428.jpg,medium,1,low,0,0.905433714389801,medium,0.8140439093112946,low,0,0.9046759009361267,medium,0.8125501573085785,False,False,True,0.9999995827674866,0.001524010905995965,0.0010566849960014224,0.0007578134536743164,8.277702363557182e-07,"[0.905433714389801, 0.09138980507850647, 0.002210733015090227, 0.0009657751070335507]","[0.9046759009361267, 0.09212574362754822, 0.002236788161098957, 0.000961571407970041]"
model\Dataset_Flood\medium\image_0440.jpg,medium,1,medium,1,0.9135562777519226,low,0.8279145210981369,medium,1,0.9128801226615906,low,0.8265623971819878,True,True,True,0.9999996423721313,0.0013522669905796647,0.0009560960461385548,0.0006761550903320312,7.231296876852866e-07,"[0.0856417566537857, 0.9135562777519226, 0.0007469815900549293, 5.5024833272909746e-05]","[0.08631772547960281, 0.9128801226615906, 0.0007471184362657368, 5.503100692294538e-05]"
model\Dataset_Flood\medium\image_050.jpg,medium,1,medium,1,0.6186391711235046,high,0.3380643129348755,medium,1,0.6185591816902161,high,0.3375081419944763,True,True,True,0.9999997019767761,0.0009524300694465637,0.0005723900394514203,0.0004761815071105957,3.2962449836304586e-07,"[0.05915968492627144, 0.6186391711235046, 0.28057485818862915, 0.04162626713514328]","[0.05887218937277794, 0.6185591816902161, 0.28105103969573975, 0.041517503559589386]"
model\Dataset_Flood\medium\image_077.jpg,medium,1,medium,1,0.9040514230728149,high,0.8239815756678581,medium,1,0.9035157561302185,high,0.822955995798111,True,True,True,0.9999998807907104,0.001080768066458404,0.0007276804535649717,0.0005356669425964355,4.416085914726864e-07,"[0.015492705628275871, 0.9040514230728149, 0.08006984740495682, 0.0003860766883008182]","[0.015543127432465553, 0.9035157561302185, 0.08055976033210754, 0.000381310295779258]"
model\Dataset_Flood\medium\image_116.jpg,medium,1,medium,1,0.8876833915710449,low,0.7796850800514221,medium,1,0.8876965641975403,low,0.7796894088387489,True,True,True,1.0,4.3974840082228184e-05,2.281489287270233e-05,1.4700926840305328e-05,4.0221948438556865e-08,"[0.1079983115196228, 0.8876833915710449, 0.0012650282587856054, 0.003053241176530719]","[0.10800715535879135, 0.8876965641975403, 0.0012577708112075925, 0.0030385402496904135]"
model\Dataset_Flood\medium\image_124.jpg,medium,1,medium,1,0.6193680167198181,low,0.24271661043167114,medium,1,0.6182416677474976,low,0.24046245217323303,True,True,True,0.999997615814209,0.0022555566392838955,0.0015939314616844058,0.0011278092861175537,6.926483138158801e-07,"[0.376651406288147, 0.6193680167198181, 0.002497718669474125, 0.0014828203711658716]","[0.3777792155742645, 0.6182416677474976, 0.002496352419257164, 0.0014827882405370474]"
model\Dataset_Flood\medium\image_136.jpg,medium,1,medium,1,0.7903006076812744,low,0.6577736586332321,medium,1,0.78948974609375,low,0.6566067785024643,True,True,True,0.9999996423721313,0.0016216635704040527,0.0009608901455067098,0.0008108615875244141,7.536163479926472e-07,"[0.1325269490480423, 0.7903006076812744, 0.03355717286467552, 0.04361529275774956]","[0.1328829675912857, 0.78948974609375, 0.033918075263500214, 0.043709173798561096]"
model\Dataset_Flood\medium\image_158.jpg,medium,1,medium,1,0.5542314052581787,low,0.1285853087902069,medium,1,0.5533168911933899,low,0.1265738308429718,True,True,True,0.9999978542327881,0.0021938392892479897,0.0014340666821226478,0.001096963882446289,7.938560315778886e-07,"[0.4256460964679718, 0.5542314052581787, 0.009243669919669628, 0.01087880041450262]","[0.4267430603504181, 0.5533168911933899, 0.009163753129541874, 0.010776355862617493]"
model\Dataset_Flood\medium\image_160.jpg,medium,1,medium,1,0.9381964802742004,high,0.8960867114365101,medium,1,0.9380767941474915,high,0.8959647789597511,True,True,True,1.0,0.00023953127674758434,0.00015975607675500214,0.00011968612670898438,9.395922262456224e-08,"[0.016068169847130775, 0.9381964802742004, 0.04210976883769035, 0.003625551238656044]","[0.016173215582966805, 0.9380767941474915, 0.042112015187740326, 0.0036381043028086424]"
model\Dataset_Flood\medium\image_163.jpg,medium,1,medium,1,0.8878865242004395,high,0.7926303446292877,medium,1,0.8874546885490417,high,0.7915828004479408,True,True,True,0.9999996423721313,0.0012314874911680818,0.0007738263811916113,0.0006157085299491882,7.831130801605468e-07,"[0.01609150692820549, 0.8878865242004395, 0.09525617957115173, 0.00076578016160056]","[0.01590922847390175, 0.8874546885490417, 0.09587188810110092, 0.000764115306083113]"
model\Dataset_Flood\medium\IMAGE_1688655256.webp,medium,1,low,0,0.5261707305908203,medium,0.07133504748344421,low,0,0.5260430574417114,medium,0.07112225890159607,False,False,True,1.0,0.0002595251426100731,0.0001598118687979877,0.00012767314910888672,,"[0.5261707305908203, 0.4548356831073761, 0.008699262514710426, 0.010294359177350998]","[0.5260430574417114, 0.45492079854011536, 0.008743874728679657, 0.0102922348305583]"
model\Dataset_Flood\medium\image_184.jpg,medium,1,medium,1,0.6717228889465332,low,0.3507251739501953,medium,1,0.6729641556739807,low,0.35308870673179626,True,True,True,0.9999979734420776,0.002482482697814703,0.0016758718993514776,0.0012412667274475098,1.029515260597691e-06,"[0.3209977149963379, 0.6717228889465332, 0.0026867734268307686, 0.004592566750943661]","[0.31987544894218445, 0.6729641556739807, 0.0026522758416831493, 0.004508114419877529]"
model\Dataset_Flood\medium\image_185.png,medium,1,medium,1,0.8165523409843445,high,0.684715211391449,medium,1,0.8166247010231018,high,0.6850475668907166,True,True,True,1.0,0.000520138768479228,0.0003287358267698437,0.0002599954605102539,1.2046722019931622e-07,"[0.0515369214117527, 0.8165523409843445, 0.1318371295928955, 7.356280548265204e-05]","[0.0517246276140213, 0.8166247010231018, 0.13157713413238525, 7.363986514974385e-05]"
model\Dataset_Flood\medium\image_186.jpg,medium,1,medium,1,0.6555747985839844,low,0.452690452337265,medium,1,0.6556742191314697,low,0.4528361111879349,True,True,True,0.9999998807907104,0.00045571476221084595,0.00024799906532280147,0.00018161535263061523,1.1436350177973509e-07,"[0.20288434624671936, 0.6555747985839844, 0.0616162046790123, 0.07992461323738098]","[0.20283810794353485, 0.6556742191314697, 0.06174464523792267, 0.07974299788475037]"
model\Dataset_Flood\medium\image_189.jpeg,medium,1,medium,1,0.9792455434799194,high,0.9698697356507182,medium,1,0.97918701171875,high,0.9696981618180871,True,True,True,1.0,0.00022610556334257126,0.0001358288573101163,0.00011304207146167755,2.0291143698614178e-07,"[0.009199300780892372, 0.9792455434799194, 0.009375807829201221, 0.0021793856285512447]","[0.009152565151453018, 0.97918701171875, 0.009488849900662899, 0.0021715895272791386]"
model\Dataset_Flood\medium\image_198.jpg,medium,1,medium,1,0.9352719187736511,non_flood,0.911244124174118,medium,1,0.9336693286895752,non_flood,0.9087738320231438,True,True,True,0.9999994039535522,0.0032052211463451385,0.001895887078717351,0.0016025900840759277,5.895068170502782e-06,"[0.019759846851229668, 0.9352719187736511, 0.020940488204360008, 0.02402779459953308]","[0.02016684226691723, 0.9336693286895752, 0.021268421784043312, 0.024895496666431427]"
model\Dataset_Flood\medium\image_201.jpg,medium,1,medium,1,0.8791630268096924,low,0.810851201415062,medium,1,0.8794299364089966,low,0.811192475259304,True,True,True,0.9999999403953552,0.0005337493494153023,0.00031053670682013035,0.0002669095993041992,1.3188582670409232e-07,"[0.06831182539463043, 0.8791630268096924, 0.03816983476281166, 0.014355253428220749]","[0.06823746114969254, 0.8794299364089966, 0.03809745982289314, 0.01423515286296606]"
model\Dataset_Flood\medium\image_204.jpg,medium,1,medium,1,0.550834059715271,low,0.10712730884552002,medium,1,0.5522751212120056,low,0.110024094581604,True,True,True,0.9999958276748657,0.0029144003055989742,0.0020484270062297583,0.0014557242393493652,1.1209870081074769e-06,"[0.443706750869751, 0.550834059715271, 0.001116488128900528, 0.0043427408672869205]","[0.4422510266304016, 0.5522751212120056, 0.0011149769416078925, 0.004358844365924597]"
model\Dataset_Flood\medium\image_220.jpg,medium,1,medium,1,0.4496035575866699,high,0.04169869422912598,medium,1,0.4479028582572937,high,0.039482831954956055,True,True,True,0.999995231628418,0.0034015104174613953,0.002037864411249757,0.0017006993293762207,2.1188059236010304e-06,"[0.11744635552167892, 0.4496035575866699, 0.40790486335754395, 0.02504511922597885]","[0.11842143535614014, 0.4479028582572937, 0.40842002630233765, 0.025255687534809113]"
model\Dataset_Flood\medium\image_238.jpg,medium,1,high,2,0.5653093457221985,medium,0.1717739701271057,high,2,0.56537926197052,medium,0.17148244380950928,False,False,True,0.9999997615814209,0.0008627893403172493,0.0005128331831656396,0.00036144256591796875,6.293885235209018e-07,"[0.029784003272652626, 0.3935353755950928, 0.5653093457221985, 0.011371341533958912]","[0.02943713404238224, 0.39389681816101074, 0.56537926197052, 0.01128678023815155]"
model\Dataset_Flood\medium\image_242.jpg,medium,1,medium,1,0.9800809621810913,low,0.9677997464314103,medium,1,0.9800265431404114,low,0.9676831569522619,True,True,True,1.0000001192092896,0.0001285530161112547,8.324119698954746e-05,6.217043846845627e-05,4.187711510894587e-08,"[0.012281215749680996, 0.9800809621810913, 0.0054687936790287495, 0.00216907006688416]","[0.012343386188149452, 0.9800265431404114, 0.005458878818899393, 0.0021711187437176704]"
model\Dataset_Flood\medium\image_251.png,medium,1,medium,1,0.632385790348053,high,0.4132295697927475,medium,1,0.6306661367416382,high,0.41057372093200684,True,True,True,0.9999964237213135,0.003646228462457657,0.002151977736502886,0.001719653606414795,1.914704853334115e-06,"[0.12301316857337952, 0.632385790348053, 0.21915622055530548, 0.025444839149713516]","[0.12390009313821793, 0.6306661367416382, 0.22009241580963135, 0.02534138411283493]"
model\Dataset_Flood\medium\image_302.jpg,medium,1,medium,1,0.9720221757888794,low,0.9520347341895103,medium,1,0.9720369577407837,low,0.9520033579319715,True,True,True,1.0,0.00012180744670331478,7.008398097241297e-05,4.927860572934151e-05,1.0968688002321869e-07,"[0.01998744159936905, 0.9720221757888794, 0.005008404143154621, 0.0029819097835570574]","[0.02003359980881214, 0.9720369577407837, 0.00495912553742528, 0.0029703211039304733]"
model\Dataset_Flood\medium\image_311.jpg,medium,1,medium,1,0.9750201106071472,high,0.9604229144752026,medium,1,0.9749667644500732,high,0.9603642206639051,True,True,True,1.0000001192092896,0.00010661905980668962,7.083767559379339e-05,5.334615707397461e-05,2.7753374709504897e-08,"[0.010071911849081516, 0.9750201106071472, 0.014597196131944656, 0.00031080894405022264]","[0.010118180885910988, 0.9749667644500732, 0.014602543786168098, 0.000312465155730024]"
model\Dataset_Flood\medium\image_323.jpg,medium,1,medium,1,0.8333650231361389,high,0.7405521497130394,medium,1,0.8326923251152039,high,0.7396009117364883,True,True,True,0.9999997615814209,0.0013454481959342957,0.0008275863365270197,0.0006726980209350586,4.381623455174122e-07,"[0.0715668573975563, 0.8333650231361389, 0.09281287342309952, 0.002255216473713517]","[0.07196029275655746, 0.8326923251152039, 0.09309141337871552, 0.0022559913340955973]"
model\Dataset_Flood\medium\image_331.jpeg,medium,1,high,2,0.5301253199577332,medium,0.2627328336238861,high,2,0.5303385853767395,medium,0.26241767406463623,False,False,True,0.9999992847442627,0.0014832597225904465,0.0007746100891381502,0.0005284249782562256,8.386195986531675e-07,"[0.17343129217624664, 0.26739248633384705, 0.5301253199577332, 0.02905081957578659]","[0.17304740846157074, 0.26792091131210327, 0.5303385853767395, 0.02869313396513462]"
model\Dataset_Flood\medium\image_340.jpg,medium,1,medium,1,0.8614463806152344,low,0.7264698147773743,medium,1,0.8611969947814941,low,0.7259576618671417,True,True,True,1.0,0.0005256060394458473,0.0003624963283073157,0.00026276707649230957,8.028709430618619e-08,"[0.1349765658378601, 0.8614463806152344, 0.002785024931654334, 0.0007921100477688015]","[0.13523933291435242, 0.8611969947814941, 0.0027722457889467478, 0.0007914360612630844]"
model\Dataset_Flood\medium\image_350.jpg,medium,1,medium,1,0.9129816889762878,high,0.8484290540218353,medium,1,0.9129801988601685,high,0.848367378115654,True,True,True,0.9999999403953552,0.00012098083971068263,8.431913011008874e-05,6.0185790061950684e-05,2.442680901992844e-08,"[0.021597133949398994, 0.9129816889762878, 0.06455263495445251, 0.0008685620850883424]","[0.02153809927403927, 0.9129801988601685, 0.06461282074451447, 0.0008688323432579637]"
model\Dataset_Flood\medium\image_358.jpg,medium,1,medium,1,0.9759587049484253,low,0.9567592851817608,medium,1,0.976035475730896,low,0.9569183513522148,True,True,True,1.0,0.00016449298709630966,0.00011262546468060464,8.229538798332214e-05,7.475912155996411e-08,"[0.019199419766664505, 0.9759587049484253, 0.0045162588357925415, 0.0003256560012232512]","[0.019117124378681183, 0.976035475730896, 0.004520292393863201, 0.000327049259794876]"
model\Dataset_Flood\medium\images (1).jpg,medium,1,medium,1,0.9633496403694153,low,0.9323984049260616,medium,1,0.9630274176597595,low,0.9317860882729292,True,True,True,0.9999998807907104,0.0006445137551054358,0.0004343610198702663,0.0003222227096557617,3.769943077713833e-07,"[0.030951235443353653, 0.9633496403694153, 0.004955426324158907, 0.0007436840678565204]","[0.03124132938683033, 0.9630274176597595, 0.0049807229079306126, 0.000750584586057812]"
model\Dataset_Flood\medium\images (10).jpg,medium,1,medium,1,0.7676469683647156,low,0.536322757601738,medium,1,0.7657663822174072,low,0.5325660854578018,True,True,True,0.9999957084655762,0.003761463798582554,0.0026563743595033884,0.0018805861473083496,2.4815853976178914e-06,"[0.2313242107629776, 0.7676469683647156, 0.0008168862550519407, 0.00021191085397731513]","[0.2332002967596054, 0.7657663822174072, 0.00082153279799968, 0.00021176578593440354]"
model\Dataset_Flood\medium\images (11).jpg,medium,1,medium,1,0.8130301237106323,low,0.6473163068294525,medium,1,0.8127135038375854,low,0.646757036447525,True,True,True,1.0,0.0006343293935060501,0.00040580061613582075,0.000316619873046875,9.771975584271786e-08,"[0.1657138168811798, 0.8130301237106323, 0.0025453052949160337, 0.018710751086473465]","[0.16595646739006042, 0.8127135038375854, 0.0025447204243391752, 0.018785225227475166]"
model\Dataset_Flood\medium\images (12) 2.jpg,medium,1,medium,1,0.45831525325775146,low,0.02759978175163269,medium,1,0.46071842312812805,low,0.03276193141937256,True,True,True,0.9999834299087524,0.005517944693565369,0.0036732973530888557,0.0027589797973632812,3.9421283872798085e-06,"[0.4307154715061188, 0.45831525325775146, 0.007213566917926073, 0.10375569760799408]","[0.4279564917087555, 0.46071842312812805, 0.007245477754622698, 0.10407958179712296]"
model\Dataset_Flood\medium\images (12).jpg,medium,1,medium,1,0.7905373573303223,low,0.6773059964179993,medium,1,0.79230135679245,low,0.6803161948919296,True,True,True,0.9999979734420776,0.0035280738957226276,0.0022119495552033186,0.0017639994621276855,2.6582119971862994e-06,"[0.113231360912323, 0.7905373573303223, 0.09422312676906586, 0.0020081428810954094]","[0.11198516190052032, 0.79230135679245, 0.09374748915433884, 0.001965905074030161]"
model\Dataset_Flood\medium\images (13).jpg,medium,1,medium,1,0.9599989652633667,low,0.9225956499576569,medium,1,0.9599372148513794,low,0.9224607944488525,True,True,True,1.0,0.00014603545423597097,9.602640056982636e-05,7.31050968170166e-05,,"[0.03740331530570984, 0.9599989652633667, 0.0011255256831645966, 0.001472112606279552]","[0.037476420402526855, 0.9599372148513794, 0.0011206790804862976, 0.0014657792635262012]"
model\Dataset_Flood\medium\images (14).jpg,medium,1,medium,1,0.9341440796852112,low,0.8689363151788712,medium,1,0.9336612224578857,low,0.8679666295647621,True,True,True,0.9999998211860657,0.0009736568899825215,0.0006856830441392958,0.00048682838678359985,5.205899924476398e-07,"[0.06520776450634003, 0.9341440796852112, 0.0004585301212500781, 0.0001896094618132338]","[0.06569459289312363, 0.9336612224578857, 0.00045613321708515286, 0.00018803506100084633]"
model\Dataset_Flood\medium\images (15).jpg,medium,1,medium,1,0.7588492035865784,low,0.5206860899925232,medium,1,0.7599632143974304,low,0.5228975862264633,True,True,True,0.9999985098838806,0.0022280472330749035,0.001563872559927404,0.0011140108108520508,8.569889473619696e-07,"[0.23816311359405518, 0.7588492035865784, 0.0025234867352992296, 0.00046421459410339594]","[0.2370656281709671, 0.7599632143974304, 0.0025094598531723022, 0.0004616904188878834]"
model\Dataset_Flood\medium\images (16).jpg,medium,1,medium,1,0.9484182000160217,low,0.9159250035881996,medium,1,0.9481326937675476,low,0.9154366068542004,True,True,True,0.9999999403953552,0.0005709785036742687,0.0003557165327947587,0.0002855062484741211,2.44530411919186e-07,"[0.03249319642782211, 0.9484182000160217, 0.014709334820508957, 0.004379244986921549]","[0.032696086913347244, 0.9481326937675476, 0.014765558764338493, 0.004405602812767029]"
model\Dataset_Flood\medium\images (17) 2.jpg,medium,1,low,0,0.9647082686424255,medium,0.9371433258056641,low,0,0.9647595882415771,medium,0.9372820816934109,False,False,True,1.0,0.0001748441718518734,0.00010705856402637437,8.743628859519958e-05,9.870200301520526e-08,"[0.9647082686424255, 0.027564942836761475, 0.005453486926853657, 0.002273277845233679]","[0.9647595882415771, 0.027477506548166275, 0.005455228500068188, 0.0023076245561242104]"
model\Dataset_Flood\medium\images (18).jpg,medium,1,medium,1,0.7503646016120911,low,0.5010415017604828,medium,1,0.7482200264930725,low,0.496753066778183,True,True,True,0.999994158744812,0.004289587493985891,0.003032381646335125,0.0021445751190185547,3.0178673569025705e-06,"[0.24932309985160828, 0.7503646016120911, 1.2865829376096372e-05, 0.0002994290553033352]","[0.2514669597148895, 0.7482200264930725, 1.2642767615034245e-05, 0.00030035836971364915]"
model\Dataset_Flood\medium\images (19).jpg,medium,1,medium,1,0.9945770502090454,high,0.9918444950599223,medium,1,0.9945960640907288,high,0.9918729169294238,True,True,True,1.0000001192092896,3.79345437977463e-05,2.2344052922562696e-05,1.901388168334961e-05,3.924077063288678e-08,"[0.0022334051318466663, 0.9945770502090454, 0.0027325551491230726, 0.00045697210589423776]","[0.0022272393107414246, 0.9945960640907288, 0.0027231471613049507, 0.00045362525270320475]"
model\Dataset_Flood\medium\images (2).jpg,medium,1,medium,1,0.9750880002975464,low,0.95069170743227,medium,1,0.974959135055542,low,0.9504300765693188,True,True,True,1.0,0.0002655315911397338,0.00018505154002923518,0.00013276562094688416,6.58336745118504e-08,"[0.024396292865276337, 0.9750880002975464, 0.00032738366280682385, 0.0001882774813566357]","[0.02452905848622322, 0.974959135055542, 0.0003241100930608809, 0.00018765032291412354]"
model\Dataset_Flood\medium\images (20).jpg,medium,1,medium,1,0.9697115421295166,high,0.950888017192483,medium,1,0.9698299169540405,high,0.9511100500822067,True,True,True,1.0,0.00023670025984756649,0.00015781355614308268,0.00011837482452392578,7.723252792857238e-08,"[0.01114615797996521, 0.9697115421295166, 0.018823524937033653, 0.00031876435969024897]","[0.011134354397654533, 0.9698299169540405, 0.0187198668718338, 0.0003159005718771368]"
model\Dataset_Flood\medium\images (21).jpg,medium,1,medium,1,0.5218549370765686,low,0.04773947596549988,medium,1,0.5180639028549194,low,0.04007568955421448,True,True,True,0.9999704957008362,0.007745609153062105,0.005420035682618618,0.0038727521896362305,7.588183052575914e-06,"[0.4741154611110687, 0.5218549370765686, 0.0040150852873921394, 1.4560957424691878e-05]","[0.47798821330070496, 0.5180639028549194, 0.003933614585548639, 1.420912940375274e-05]"
model\Dataset_Flood\medium\images (22).jpg,medium,1,medium,1,0.6514641642570496,low,0.3092097342014313,medium,1,0.6543329358100891,low,0.3149060606956482,True,True,True,0.999986469745636,0.005737646948546171,0.004028141498565674,0.0028687715530395508,4.571671070152661e-06,"[0.3422544300556183, 0.6514641642570496, 0.0045099398121237755, 0.0017714911373332143]","[0.3394268751144409, 0.6543329358100891, 0.004480488132685423, 0.0017596222460269928]"
model\Dataset_Flood\medium\images (23).jpg,medium,1,medium,1,0.8493728041648865,low,0.7632651701569557,medium,1,0.8496493697166443,low,0.7638011127710342,True,True,True,0.9999999403953552,0.0006933808326721191,0.0003953574341721833,0.0002765655517578125,1.3008320820517838e-07,"[0.08610763400793076, 0.8493728041648865, 0.04419008642435074, 0.020329508930444717]","[0.08584825694561005, 0.8496493697166443, 0.044102732092142105, 0.02039959281682968]"
model\Dataset_Flood\medium\images (24) 2.jpg,medium,1,low,0,0.3868965804576874,medium,0.02129650115966797,low,0,0.38531848788261414,medium,0.01806718111038208,False,False,True,0.9999921917915344,0.0033892299979925156,0.002287442795932293,0.0016512274742126465,1.7649508663453162e-06,"[0.3868965804576874, 0.3656000792980194, 0.01833358220756054, 0.2291698157787323]","[0.38531848788261414, 0.36725130677223206, 0.018376920372247696, 0.22905324399471283]"
model\Dataset_Flood\medium\images (25).jpg,medium,1,medium,1,0.9737955331802368,low,0.9506561160087585,medium,1,0.9737711548805237,low,0.9506019316613674,True,True,True,1.0,5.950161721557379e-05,3.8707483327016234e-05,2.9806047677993774e-05,3.4899926504294854e-08,"[0.02313941717147827, 0.9737955331802368, 0.0011130175553262234, 0.0019519308116286993]","[0.023169223219156265, 0.9737711548805237, 0.0011112047359347343, 0.001948426361195743]"
model\Dataset_Flood\medium\images (26).jpg,medium,1,medium,1,0.8852302432060242,low,0.8214281424880028,medium,1,0.885214626789093,low,0.8213710114359856,True,True,True,1.0,0.00019181333482265472,0.00010665143781807274,8.033215999603271e-05,5.5337299187385725e-08,"[0.06380210071802139, 0.8852302432060242, 0.015744570642709732, 0.03522316738963127]","[0.06384361535310745, 0.885214626789093, 0.015798920765519142, 0.03514283522963524]"
model\Dataset_Flood\medium\images (27).jpg,medium,1,medium,1,0.5557542443275452,low,0.13759121298789978,medium,1,0.5527374744415283,low,0.1315678358078003,True,True,True,0.9999815821647644,0.006033479701727629,0.004259183537214994,0.0030167698860168457,4.732536581286695e-06,"[0.4181630313396454, 0.5557542443275452, 0.02544744312763214, 0.0006352910422720015]","[0.421169638633728, 0.5527374744415283, 0.025454234331846237, 0.0006386025343090296]"
model\Dataset_Flood\medium\images (28).jpg,medium,1,medium,1,0.8414424061775208,low,0.6991464346647263,medium,1,0.8413808941841125,low,0.6989921182394028,True,True,True,1.0,0.00018554460257291794,0.00011352344154147431,9.28044319152832e-05,,"[0.1422959715127945, 0.8414424061775208, 0.011662906967103481, 0.004598673433065414]","[0.14238877594470978, 0.8413808941841125, 0.011648631654679775, 0.004581720568239689]"
model\Dataset_Flood\medium\images (29).jpg,medium,1,medium,1,0.9154165387153625,low,0.8324262201786041,medium,1,0.9156110882759094,low,0.8328025192022324,True,True,True,1.0,0.00038906524423509836,0.00026639518910087645,0.000194549560546875,7.020947379032805e-08,"[0.08299031853675842, 0.9154165387153625, 0.0009927625069394708, 0.000600399449467659]","[0.08280856907367706, 0.9156110882759094, 0.0009875008836388588, 0.0005928948521614075]"
model\Dataset_Flood\medium\images (3).jpg,medium,1,medium,1,0.4665175974369049,low,0.20655322074890137,medium,1,0.46721401810646057,low,0.2072007656097412,True,True,True,0.9999987483024597,0.001490578055381775,0.0009843739680945873,0.0006964206695556641,4.001922491170262e-07,"[0.25996437668800354, 0.4665175974369049, 0.25246086716651917, 0.021057114005088806]","[0.26001325249671936, 0.46721401810646057, 0.25176894664764404, 0.021003752946853638]"
model\Dataset_Flood\medium\images (30).jpg,medium,1,medium,1,0.6380495429039001,low,0.28153300285339355,medium,1,0.6376890540122986,low,0.28083503246307373,True,True,True,0.9999997615814209,0.0007209635805338621,0.0004942811792716384,0.0003604888916015625,6.261771545723605e-08,"[0.3565165400505066, 0.6380495429039001, 0.005065629258751869, 0.000368282402632758]","[0.35685402154922485, 0.6376890540122986, 0.005087214056402445, 0.00036969082430005074]"
model\Dataset_Flood\medium\images (31).jpg,medium,1,medium,1,0.9629953503608704,low,0.9350357316434383,medium,1,0.9630785584449768,low,0.9351910464465618,True,True,True,0.9999999403953552,0.00016646721633151174,0.0001105215196730569,8.320808410644531e-05,8.661573680512902e-09,"[0.027959618717432022, 0.9629953503608704, 0.008203672245144844, 0.0008413411560468376]","[0.027887511998414993, 0.9630785584449768, 0.008201959542930126, 0.0008319014450535178]"
model\Dataset_Flood\medium\images (32).jpg,medium,1,medium,1,0.5440438389778137,low,0.28330641984939575,medium,1,0.5456143021583557,low,0.2851170003414154,True,True,True,0.9999969005584717,0.0031408071517944336,0.0018518507713451982,0.0015704631805419922,1.7155542764157872e-06,"[0.26073741912841797, 0.5440438389778137, 0.06863486021757126, 0.12658379971981049]","[0.2604973018169403, 0.5456143021583557, 0.06807120889425278, 0.1258172243833542]"
model\Dataset_Flood\medium\images (33).jpg,medium,1,medium,1,0.5579293370246887,low,0.11743301153182983,medium,1,0.5595433712005615,low,0.12065860629081726,True,True,True,0.9999949336051941,0.0032315938733518124,0.002280845306813717,0.0016140341758728027,1.3242380418887478e-06,"[0.4404963254928589, 0.5579293370246887, 0.0012982666958123446, 0.0002760253264568746]","[0.43888476490974426, 0.5595433712005615, 0.0012940606102347374, 0.0002778182679321617]"
model\Dataset_Flood\medium\images (34).jpg,medium,1,medium,1,0.8155134916305542,low,0.6847398728132248,medium,1,0.8166772127151489,low,0.6867977380752563,True,True,True,0.9999990463256836,0.0024979151785373688,0.0015122604090720415,0.0011637210845947266,1.6677694247846375e-06,"[0.1307736188173294, 0.8155134916305542, 0.02419658750295639, 0.029516376554965973]","[0.12987947463989258, 0.8166772127151489, 0.02384171262383461, 0.029601551592350006]"
model\Dataset_Flood\medium\images (35).jpg,medium,1,medium,1,0.9231492280960083,low,0.8530791997909546,medium,1,0.9241760969161987,low,0.8550743907690048,True,True,True,0.9999994039535522,0.002053719013929367,0.0014126020250841975,0.0010268688201904297,1.892777959255909e-06,"[0.07007002830505371, 0.9231492280960083, 0.006390949245542288, 0.0003897645801771432]","[0.06910170614719391, 0.9241760969161987, 0.006333187688142061, 0.00038899818900972605]"
model\Dataset_Flood\medium\images (36).jpg,medium,1,medium,1,0.8610368967056274,low,0.7426521331071854,medium,1,0.8606407642364502,low,0.741899698972702,True,True,True,0.9999998211860657,0.0007940330542623997,0.0005343469674699008,0.0003961324691772461,2.028427417144485e-07,"[0.11838476359844208, 0.8610368967056274, 0.016621049493551254, 0.003957350272685289]","[0.11874106526374817, 0.8606407642364502, 0.016661718487739563, 0.003956420347094536]"
model\Dataset_Flood\medium\images (37).jpg,medium,1,medium,1,0.92818683385849,high,0.8642755672335625,medium,1,0.9285748600959778,high,0.8651303052902222,True,True,True,0.9999998807907104,0.0009333472116850317,0.0006114730495028198,0.0004667118191719055,5.123360438119562e-07,"[0.007303961087018251, 0.92818683385849, 0.06391126662492752, 0.0005978915141895413]","[0.007378088776022196, 0.9285748600959778, 0.06344455480575562, 0.0006023729802109301]"
model\Dataset_Flood\medium\images (38).jpg,medium,1,medium,1,0.9114959239959717,high,0.8653199672698975,medium,1,0.9116911292076111,high,0.8656585849821568,True,True,True,1.0000001192092896,0.00039047282189130783,0.0002464167191646993,0.0001952052116394043,9.974882431151855e-08,"[0.014482719823718071, 0.9114959239959717, 0.04617595672607422, 0.02784544788300991]","[0.014475560747087002, 0.9116911292076111, 0.04603254422545433, 0.027800751850008965]"
model\Dataset_Flood\medium\images (39).jpg,medium,1,medium,1,0.9947064518928528,low,0.9910163399763405,medium,1,0.994714081287384,low,0.9910351568832994,True,True,True,1.0,2.2243475541472435e-05,1.3940090866526589e-05,1.1187512427568436e-05,3.508085555381513e-08,"[0.003690111916512251, 0.9947064518928528, 0.0014282542979344726, 0.00017526050214655697]","[0.0036789244040846825, 0.994714081287384, 0.0014315624721348286, 0.00017537889652885497]"
model\Dataset_Flood\medium\images (4).jpg,medium,1,medium,1,0.9676703810691833,low,0.9401305168867111,medium,1,0.9679286479949951,low,0.9406245183199644,True,True,True,1.0,0.000516506377607584,0.00035028994898311794,0.0002582669258117676,2.7523267931428563e-07,"[0.02753986418247223, 0.9676703810691833, 0.00047859473852440715, 0.004311143886297941]","[0.02730412967503071, 0.9679286479949951, 0.00047675633686594665, 0.004290477372705936]"
model\Dataset_Flood\medium\images (40).jpg,medium,1,medium,1,0.8998345136642456,low,0.8074318319559097,medium,1,0.8971962332725525,low,0.8023009821772575,True,True,True,0.9999954104423523,0.005276442505419254,0.003631165949627757,0.0026382803916931152,9.595719347998966e-06,"[0.09240268170833588, 0.8998345136642456, 0.00536454189568758, 0.002398349344730377]","[0.09489525109529495, 0.8971962332725525, 0.005463256035000086, 0.0024452281650155783]"
model\Dataset_Flood\medium\images (41).jpg,medium,1,medium,1,0.8901962041854858,non_flood,0.834902923554182,medium,1,0.8902009129524231,non_flood,0.8348621688783169,True,True,True,0.9999998211860657,0.0003079250454902649,0.00019122478261124343,0.0001539718359708786,1.9301205611554906e-07,"[0.027342570945620537, 0.8901962041854858, 0.027167927473783493, 0.05529328063130379]","[0.027446351945400238, 0.8902009129524231, 0.027013955637812614, 0.055338744074106216]"
model\Dataset_Flood\medium\images (42).jpg,medium,1,low,0,0.5255802869796753,medium,0.21827906370162964,low,0,0.5260976552963257,medium,0.21948370337486267,False,False,True,0.9999989867210388,0.0014415867626667023,0.0008846105192787945,0.0006872713565826416,3.331206244183704e-07,"[0.5255802869796753, 0.30730122327804565, 0.05576109513640404, 0.11135736107826233]","[0.5260976552963257, 0.306613951921463, 0.055964574217796326, 0.11132389307022095]"
model\Dataset_Flood\medium\images (43).jpg,medium,1,low,0,0.8240708112716675,medium,0.6592345535755157,low,0,0.8240297436714172,medium,0.6590782701969147,False,False,True,1.0,0.00023039360530674458,0.00014214753173291683,0.00011521577835083008,1.0124313121195883e-07,"[0.8240708112716675, 0.16483625769615173, 0.0014667361974716187, 0.009626198559999466]","[0.8240297436714172, 0.16495147347450256, 0.001465026056393981, 0.009553798474371433]"
model\Dataset_Flood\medium\images (44).jpg,medium,1,medium,1,0.9583050012588501,low,0.9182229489088058,medium,1,0.9577911496162415,low,0.9171910472214222,True,True,True,0.9999998211860657,0.0010360637679696083,0.0007296776748262346,0.0005180500447750092,8.989600814857113e-07,"[0.04008205235004425, 0.9583050012588501, 0.0015374500071629882, 7.550497684860602e-05]","[0.04060010239481926, 0.9577911496162415, 0.0015345036517828703, 7.428927347064018e-05]"
model\Dataset_Flood\medium\images (45).jpg,medium,1,medium,1,0.6920533180236816,low,0.38632097840309143,medium,1,0.6930004954338074,low,0.38820093870162964,True,True,True,0.9999985694885254,0.0018946552881971002,0.0013294508680701256,0.0009471774101257324,4.889227511739591e-07,"[0.3057323396205902, 0.6920533180236816, 0.0005035531939938664, 0.0017107545863837004]","[0.30479955673217773, 0.6930004954338074, 0.0005037361988797784, 0.0016962426016107202]"
model\Dataset_Flood\medium\images (46).jpg,medium,1,medium,1,0.7916359901428223,low,0.6642221212387085,medium,1,0.7907169461250305,low,0.6622983515262604,True,True,True,0.9999989867210388,0.0020094644278287888,0.0013637400697916746,0.001004725694656372,1.2447454764696886e-06,"[0.12741386890411377, 0.7916359901428223, 0.0738796517252922, 0.007070502731949091]","[0.12841859459877014, 0.7907169461250305, 0.07386842370033264, 0.0069960360415279865]"
model\Dataset_Flood\medium\images (47).jpg,medium,1,low,0,0.557059109210968,medium,0.32090479135513306,low,0,0.5582876205444336,medium,0.3213304579257965,False,False,True,0.9999930262565613,0.004062730818986893,0.00250588939525187,0.002031177282333374,3.1907943593978416e-06,"[0.557059109210968, 0.23615431785583496, 0.20632441341876984, 0.00046212394954636693]","[0.5582876205444336, 0.23695716261863708, 0.20429323613643646, 0.0004619262763299048]"
model\Dataset_Flood\medium\images (49).jpg,medium,1,medium,1,0.9661539793014526,low,0.9415819756686687,medium,1,0.9661964178085327,low,0.9416400920599699,True,True,True,1.0,8.488487219437957e-05,5.033311026636511e-05,4.2438507080078125e-05,1.1336396710248664e-08,"[0.02457200363278389, 0.9661539793014526, 0.008342822082340717, 0.0009312111651524901]","[0.024556325748562813, 0.9661964178085327, 0.00832142774015665, 0.0009258370264433324]"
model\Dataset_Flood\medium\images (5).jpg,medium,1,medium,1,0.7389795780181885,low,0.48265233635902405,medium,1,0.7394006252288818,low,0.48347437381744385,True,True,True,0.9999997019767761,0.0008438180666416883,0.0005818175268359482,0.0004210472106933594,1.0644784254054684e-07,"[0.25632724165916443, 0.7389795780181885, 0.004618430510163307, 7.472618744941428e-05]","[0.255926251411438, 0.7394006252288818, 0.00459752744063735, 7.560374069726095e-05]"
model\Dataset_Flood\medium\images (57).jpg,medium,1,medium,1,0.49974608421325684,low,0.024296849966049194,medium,1,0.4990040361881256,low,0.022441118955612183,True,True,True,0.999998152256012,0.0022272728383541107,0.0013639091048389673,0.0011136829853057861,1.1919291864614934e-06,"[0.47544923424720764, 0.49974608421325684, 0.015558716841042042, 0.009245933964848518]","[0.4765629172325134, 0.4990040361881256, 0.015360668301582336, 0.009072440676391125]"
model\Dataset_Flood\medium\images (6).jpg,medium,1,low,0,0.9208458065986633,medium,0.8537287935614586,low,0,0.9209246635437012,medium,0.8538853526115417,False,False,True,1.0,0.000161534029757604,0.00011076582450186834,7.88569450378418e-05,5.0175799515272956e-08,"[0.9208458065986633, 0.06711701303720474, 0.01174523402005434, 0.00029198179254308343]","[0.9209246635437012, 0.06703931093215942, 0.011747147887945175, 0.00028892068075947464]"
model\Dataset_Flood\medium\images (60).jpg,medium,1,low,0,0.9638040065765381,medium,0.9312694482505322,low,0,0.9641229510307312,medium,0.9318620301783085,False,False,True,1.0,0.0006378351827152073,0.0004216597299091518,0.00031894445419311523,3.770101102418266e-07,"[0.9638040065765381, 0.032534558326005936, 0.0007969059515744448, 0.002864485839381814]","[0.9641229510307312, 0.032260920852422714, 0.0007834978750906885, 0.0028326406609266996]"
model\Dataset_Flood\medium\images (61).jpg,medium,1,high,2,0.5176190733909607,medium,0.20767506957054138,high,2,0.5187124609947205,medium,0.20846262574195862,False,False,True,0.9999964833259583,0.0027984674088656902,0.0017966071609407663,0.0013923794031143188,1.7742590898706112e-06,"[0.1691155582666397, 0.3099440038204193, 0.5176190733909607, 0.003321395954117179]","[0.1677231788635254, 0.31024983525276184, 0.5187124609947205, 0.0033145269844681025]"
model\Dataset_Flood\medium\images (63).jpg,medium,1,low,0,0.6478297114372253,non_flood,0.42782852053642273,low,0,0.6482795476913452,non_flood,0.42897309362888336,False,False,True,0.9999994039535522,0.0013894527219235897,0.0008615357801318169,0.0006947368383407593,4.0762824937701225e-07,"[0.6478297114372253, 0.12875451147556305, 0.003414581064134836, 0.2200011909008026]","[0.6482795476913452, 0.1289936751127243, 0.0034202970564365387, 0.21930645406246185]"
model\Dataset_Flood\medium\images (66).jpg,medium,1,low,0,0.9719233512878418,medium,0.9537806771695614,low,0,0.9719043970108032,medium,0.9537201728671789,False,False,True,0.9999999403953552,0.00014045974239706993,7.440213084919378e-05,5.1237642765045166e-05,9.258928912458941e-08,"[0.9719233512878418, 0.01814267411828041, 0.003362644463777542, 0.006571287289261818]","[0.9719043970108032, 0.018184224143624306, 0.0033913622610270977, 0.006520049646496773]"
model\Dataset_Flood\medium\images (7).jpg,medium,1,medium,1,0.8613259792327881,low,0.7733737900853157,medium,1,0.8621535301208496,low,0.7748908251523972,True,True,True,0.9999995827674866,0.0016550545115023851,0.0010856849839910865,0.0008275508880615234,8.287695436592912e-07,"[0.08795218914747238, 0.8613259792327881, 0.05035107955336571, 0.00037079252069815993]","[0.08726270496845245, 0.8621535301208496, 0.05021514371037483, 0.00036870891926810145]"
model\Dataset_Flood\medium\images (70).jpg,medium,1,medium,1,0.6388022303581238,low,0.35275566577911377,medium,1,0.6426334977149963,low,0.35982537269592285,True,True,True,0.9999790787696838,0.007662560790777206,0.005036971997469664,0.0038312673568725586,8.229209925048053e-06,"[0.28604656457901, 0.6388022303581238, 0.04230142757296562, 0.032849811017513275]","[0.2828081250190735, 0.6426334977149963, 0.04212592914700508, 0.03243245556950569]"
model\Dataset_Flood\medium\images (71).jpg,medium,1,low,0,0.8876608610153198,medium,0.7956837341189384,low,0,0.8880922198295593,medium,0.7963769286870956,False,False,True,0.9999999403953552,0.0008626824710518122,0.000529998040292412,0.00043135881423950195,2.7425630833022296e-07,"[0.8876608610153198, 0.09197712689638138, 0.0023157261312007904, 0.018046338111162186]","[0.8880922198295593, 0.09171529114246368, 0.002308139344677329, 0.01788443699479103]"
model\Dataset_Flood\medium\images (78).jpg,medium,1,medium,1,0.9247453212738037,low,0.8660434484481812,medium,1,0.9253315329551697,low,0.8670806735754013,True,True,True,0.9999998807907104,0.0011724164942279458,0.0007512312149628997,0.0005862116813659668,5.973088263999671e-07,"[0.05870187282562256, 0.9247453212738037, 0.0016236936207860708, 0.014929129742085934]","[0.05825085937976837, 0.9253315329551697, 0.0016199444653466344, 0.014797687530517578]"
model\Dataset_Flood\medium\images (8).jpg,medium,1,medium,1,0.8447065353393555,low,0.6902526468038559,medium,1,0.845185399055481,low,0.6912119388580322,True,True,True,0.9999998211860657,0.0009608111577108502,0.0006783244316466153,0.0004804283380508423,2.2139103350582445e-07,"[0.15445388853549957, 0.8447065353393555, 0.0008323972579091787, 7.208964689198183e-06]","[0.15397346019744873, 0.845185399055481, 0.0008338880143128335, 7.18059482096578e-06]"
model\Dataset_Flood\medium\images (82).jpg,medium,1,medium,1,0.8667252659797668,low,0.7838506773114204,medium,1,0.8665775060653687,low,0.7843533977866173,True,True,True,0.9999992847442627,0.001603147480636835,0.0010428365785628557,0.0008015856146812439,2.396107220192789e-06,"[0.0828745886683464, 0.8667252659797668, 0.04613729193806648, 0.004262888804078102]","[0.08222410827875137, 0.8665775060653687, 0.046938877552747726, 0.004259567242115736]"
model\Dataset_Flood\medium\images (83).jpg,medium,1,medium,1,0.6945948600769043,non_flood,0.4632295072078705,medium,1,0.6959437131881714,non_flood,0.4652782380580902,True,True,True,0.9999983310699463,0.002697790740057826,0.0016521590296179056,0.0013488531112670898,1.2981473673789878e-06,"[0.07138415426015854, 0.6945948600769043, 0.002655653515830636, 0.2313653528690338]","[0.07073577493429184, 0.6959437131881714, 0.0026549729518592358, 0.23066547513008118]"
model\Dataset_Flood\medium\images (85).jpg,medium,1,medium,1,0.9689480662345886,low,0.9474512916058302,medium,1,0.9685297012329102,low,0.9467079509049654,True,True,True,0.9999999403953552,0.000836819875985384,0.0005354534951038659,0.0004183650016784668,7.164803150772059e-07,"[0.02149677462875843, 0.9689480662345886, 0.007515880279242992, 0.002039235318079591]","[0.021821750327944756, 0.9685297012329102, 0.007591798901557922, 0.002056795870885253]"
model\Dataset_Flood\medium\images (86).jpg,medium,1,medium,1,0.5439364910125732,low,0.2672744393348694,medium,1,0.54239821434021,low,0.264627605676651,True,True,True,0.9999961256980896,0.003076370805501938,0.0019202902913093567,0.0015382766723632812,1.419746581632353e-06,"[0.27666205167770386, 0.5439364910125732, 0.020914511755108833, 0.15848702192306519]","[0.27777060866355896, 0.54239821434021, 0.021123362705111504, 0.15870770812034607]"
model\Dataset_Flood\medium\images (9).jpg,medium,1,medium,1,0.9810051918029785,low,0.9641917161643505,medium,1,0.9811230301856995,low,0.964410288259387,True,True,True,1.0,0.00023574946681037545,0.0001555365597596392,0.00011783838272094727,6.807271546449556e-08,"[0.016813475638628006, 0.9810051918029785, 0.00041081319795921445, 0.0017705282662063837]","[0.016712741926312447, 0.9811230301856995, 0.0004045614041388035, 0.0017596026882529259]"
model\Dataset_Flood\medium\images (92).jpg,medium,1,medium,1,0.8995643258094788,low,0.8345125466585159,medium,1,0.8990755677223206,low,0.8337367102503777,True,True,True,1.0,0.0009821198182180524,0.0006024308386258781,0.0004887580871582031,3.3575108204786375e-07,"[0.06505177915096283, 0.8995643258094788, 0.03510722517967224, 0.0002766783582046628]","[0.0653388574719429, 0.8990755677223206, 0.03531123325228691, 0.0002744030498433858]"
model\Dataset_Flood\medium\images (94).jpg,medium,1,medium,1,0.45483365654945374,non_flood,0.16499775648117065,medium,1,0.4563656151294708,non_flood,0.1683540642261505,True,True,True,0.9999908208847046,0.004523023962974548,0.0025295226369053125,0.0018243491649627686,2.846936695277691e-06,"[0.20164376497268677, 0.45483365654945374, 0.05368670076131821, 0.2898359000682831]","[0.20237328112125397, 0.4563656151294708, 0.05324950069189072, 0.2880115509033203]"
model\Dataset_Flood\medium\images (96).jpg,medium,1,low,0,0.8115695714950562,medium,0.6326797157526016,low,0,0.8106721639633179,medium,0.6308386772871017,False,False,True,0.9999991655349731,0.0018871838692575693,0.0013026456581428647,0.0009436309337615967,7.731296136626042e-07,"[0.8115695714950562, 0.17888985574245453, 0.0060266368091106415, 0.003513908479362726]","[0.8106721639633179, 0.17983348667621613, 0.005999019835144281, 0.003495380049571395]"
model\Dataset_Flood\medium\images (97).jpg,medium,1,medium,1,0.9392296075820923,low,0.8982649594545364,medium,1,0.9393829703330994,low,0.8984963148832321,True,True,True,1.0,0.00030667681130580604,0.00018702248053159565,0.00015336275100708008,8.883814217597319e-08,"[0.04096464812755585, 0.9392296075820923, 0.019544515758752823, 0.00026123892166651785]","[0.04088665544986725, 0.9393829703330994, 0.01947123371064663, 0.00025919958716258407]"
model\Dataset_Flood\medium\images - 2025-01-28T151201.302.jpg,medium,1,low,0,0.7172507643699646,non_flood,0.52693971991539,low,0,0.7159393429756165,non_flood,0.5240382999181747,False,False,True,0.9999969005584717,0.0031805718317627907,0.0020798221230506897,0.0015899986028671265,2.050219563898281e-06,"[0.7172507643699646, 0.08439816534519196, 0.008039982989430428, 0.19031104445457458]","[0.7159393429756165, 0.08411934971809387, 0.008040319196879864, 0.1919010430574417]"
model\Dataset_Flood\medium\images - 2025-01-28T151207.888.jpg,medium,1,low,0,0.772217333316803,medium,0.590380385518074,low,0,0.7724599838256836,medium,0.5905676186084747,False,False,True,1.0,0.0005961647257208824,0.00032616776297800243,0.00024265050888061523,3.393070073798299e-07,"[0.772217333316803, 0.18183694779872894, 0.03234194964170456, 0.01360380370169878]","[0.7724599838256836, 0.18189236521720886, 0.032191451638936996, 0.013456204906105995]"
model\Dataset_Flood\medium\images - 2025-01-28T151212.990.jpg,medium,1,medium,1,0.8587300777435303,low,0.7219183593988419,medium,1,0.8574832081794739,low,0.7194274961948395,True,True,True,0.9999986290931702,0.002499072114005685,0.0017613181844353676,0.0012468695640563965,1.6739604689064436e-06,"[0.13681171834468842, 0.8587300777435303, 0.003950901795178652, 0.0005073312786407769]","[0.1380557119846344, 0.8574832081794739, 0.00395644037052989, 0.0005046609439887106]"
model\Dataset_Flood\medium\images - 2025-01-28T151322.303.jpg,medium,1,medium,1,0.8735249042510986,low,0.7514369338750839,medium,1,0.8750113844871521,low,0.7543881833553314,True,True,True,0.9999983310699463,0.00297289015725255,0.002086963737383485,0.0014864802360534668,2.5212107175320853e-06,"[0.12208797037601471, 0.8735249042510986, 0.003920112270861864, 0.0004670199705287814]","[0.12062320113182068, 0.8750113844871521, 0.003906975965946913, 0.0004585155111271888]"
model\Dataset_Flood\medium\images - 2025-01-28T151328.531.jpg,medium,1,medium,1,0.664571225643158,low,0.3352815508842468,medium,1,0.6664403080940247,low,0.3389754593372345,True,True,True,0.9999945759773254,0.003738181199878454,0.0026124627329409122,0.0018690824508666992,1.9985113794973586e-06,"[0.32928967475891113, 0.664571225643158, 0.00578948762267828, 0.0003495970740914345]","[0.32746484875679016, 0.6664403080940247, 0.005751202814280987, 0.0003436090482864529]"
model\Dataset_Flood\medium\images - 2025-01-28T151335.142.jpg,medium,1,medium,1,0.6188032031059265,low,0.33099400997161865,medium,1,0.6153867840766907,low,0.3235251307487488,True,True,True,0.9999719262123108,0.008104834705591202,0.00532532436773181,0.004052460193634033,9.985743417928461e-06,"[0.28780919313430786, 0.6188032031059265, 0.025359008461236954, 0.06802856922149658]","[0.2918616533279419, 0.6153867840766907, 0.02521781623363495, 0.06753380596637726]"
model\Dataset_Flood\medium\images - 2025-01-28T151617.480.jpg,medium,1,low,0,0.5469157695770264,medium,0.18982556462287903,low,0,0.5469863414764404,medium,0.19022002816200256,False,False,True,0.9999998211860657,0.0006476752460002899,0.000387598411180079,0.00032389163970947266,1.1120936704855922e-07,"[0.5469157695770264, 0.35709020495414734, 0.03474196419119835, 0.06125212460756302]","[0.5469863414764404, 0.35676631331443787, 0.034804195165634155, 0.06144310534000397]"
model\Dataset_Flood\medium\images - 2025-01-28T151620.755.jpg,medium,1,medium,1,0.6248005032539368,low,0.2561916410923004,medium,1,0.6215960383415222,low,0.24971342086791992,True,True,True,0.9999810457229614,0.00654758932068944,0.004581511486321688,0.0032737553119659424,5.7995548559119925e-06,"[0.36860886216163635, 0.6248005032539368, 0.00048020906979218125, 0.006110372021794319]","[0.3718826174736023, 0.6215960383415222, 0.00047529852599836886, 0.006045913323760033]"
model\Dataset_Flood\medium\images - 2025-01-28T151824.707.jpg,medium,1,high,2,0.4858993887901306,low,0.06773129105567932,high,2,0.4807356297969818,low,0.057916462421417236,False,False,True,0.999942421913147,0.010327493771910667,0.0069668791256845,0.005163758993148804,1.3729279999097344e-05,"[0.4181680977344513, 0.024474848061800003, 0.4858993887901306, 0.071457639336586]","[0.4228191673755646, 0.02449757792055607, 0.4807356297969818, 0.07194757461547852]"
model\Dataset_Flood\medium\images - 2025-01-28T151830.454.jpg,medium,1,medium,1,0.7486081123352051,low,0.5465816408395767,medium,1,0.7484849691390991,low,0.5462248623371124,True,True,True,1.0,0.00046723056584596634,0.0002759320486802608,0.0002336353063583374,1.3318458513822407e-07,"[0.20202647149562836, 0.7486081123352051, 0.04089227318763733, 0.008473130874335766]","[0.2022601068019867, 0.7484849691390991, 0.04084906727075577, 0.008405884727835655]"
model\Dataset_Flood\medium\images - 2025-01-28T151947.364.jpg,medium,1,low,0,0.5231654047966003,medium,0.05463141202926636,low,0,0.5226749777793884,medium,0.053572267293930054,False,False,True,0.9999994039535522,0.0011373115703463554,0.000753553758841008,0.0005687177181243896,2.081119419017341e-07,"[0.5231654047966003, 0.468533992767334, 0.005775123368948698, 0.0025254464708268642]","[0.5226749777793884, 0.4691027104854584, 0.005715671461075544, 0.002506731543689966]"
model\Dataset_Flood\medium\images - 2025-01-28T152103.589.jpg,medium,1,medium,1,0.4786123037338257,non_flood,0.25623464584350586,medium,1,0.4789921045303345,non_flood,0.2569029778242111,True,True,True,0.9999993443489075,0.0013837963342666626,0.0006982926861383021,0.0004033893346786499,3.1899253372102976e-07,"[0.15438100695610046, 0.4786123037338257, 0.14462904632091522, 0.22237765789031982]","[0.15469308197498322, 0.4789921045303345, 0.14422565698623657, 0.22208912670612335]"
model\Dataset_Flood\medium\images - 2025-01-28T152117.659.jpg,medium,1,medium,1,0.8822144865989685,low,0.8202649429440498,medium,1,0.8814740777015686,low,0.8187952041625977,True,True,True,0.9999996423721313,0.0016782646998763084,0.001049728482030332,0.0007404088973999023,1.314870928581513e-06,"[0.06194954365491867, 0.8822144865989685, 0.04432813450694084, 0.011507836170494556]","[0.06267887353897095, 0.8814740777015686, 0.044437915086746216, 0.011409090831875801]"
model\Dataset_Flood\medium\images - 2025-01-28T152351.877.jpg,medium,1,medium,1,0.37067314982414246,low,0.0026762783527374268,medium,1,0.37203899025917053,low,0.006022900342941284,True,True,True,0.9999909400939941,0.003961609676480293,0.0024777657818049192,0.0019807815551757812,2.1603336790576577e-06,"[0.36799687147140503, 0.37067314982414246, 0.009161186404526234, 0.252168744802475]","[0.36601608991622925, 0.37203899025917053, 0.009184776805341244, 0.2527601420879364]"
model\Dataset_Flood\medium\images - 2025-01-28T152608.137.jpg,medium,1,medium,1,0.605452835559845,low,0.3536917567253113,medium,1,0.6040663123130798,low,0.3510664403438568,True,True,True,0.999996542930603,0.002981751225888729,0.0018792247865349054,0.0013865232467651367,1.4929681810826878e-06,"[0.2517610788345337, 0.605452835559845, 0.13706430792808533, 0.005721783731132746]","[0.252999871969223, 0.6040663123130798, 0.13731637597084045, 0.005617416929453611]"
model\Dataset_Flood\medium\images - 2025-01-28T153853.563.jpg,medium,1,non_flood,3,0.9241867065429688,low,0.8791465200483799,non_flood,3,0.9242780208587646,low,0.8792915008962154,False,False,True,1.0,0.0002399347722530365,0.0001282025914406404,9.131431579589844e-05,5.4509651903345e-08,"[0.04504018649458885, 0.014032150618731976, 0.01674097217619419, 0.9241867065429688]","[0.04498651996254921, 0.013965840451419353, 0.016769615933299065, 0.9242780208587646]"
model\Dataset_Flood\medium\images - 2025-01-28T154019.204.jpg,medium,1,low,0,0.9805629253387451,non_flood,0.9695584438741207,low,0,0.9806603789329529,non_flood,0.9696565782651305,False,False,True,1.0000001192092896,0.00019788052304647863,0.00013836812286172062,9.821262210607529e-05,1.5006354203705996e-07,"[0.9805629253387451, 0.008227509446442127, 0.00020498756202869117, 0.011004481464624405]","[0.9806603789329529, 0.008129296824336052, 0.00020652107195928693, 0.011003800667822361]"
model\Dataset_Flood\medium\images - 2025-01-28T154106.043.jpg,medium,1,medium,1,0.8259603977203369,low,0.7174790948629379,medium,1,0.8256123065948486,low,0.7162589728832245,True,True,True,0.9999993443489075,0.0017439313232898712,0.0010267174802720547,0.0008720308542251587,1.44752993946895e-06,"[0.10848130285739899, 0.8259603977203369, 0.019334839656949043, 0.04622340574860573]","[0.10935333371162415, 0.8256123065948486, 0.019205892458558083, 0.04582854360342026]"
model\Dataset_Flood\medium\images - 2025-01-28T154314.514.jpg,medium,1,low,0,0.6762279272079468,medium,0.41221264004707336,low,0,0.67903733253479,medium,0.41693100333213806,False,False,True,0.9999918341636658,0.005618819035589695,0.0034886826761066914,0.0028094053268432617,4.8834622248250525e-06,"[0.6762279272079468, 0.2640152871608734, 0.00840006023645401, 0.05135670304298401]","[0.67903733253479, 0.262106329202652, 0.008287928067147732, 0.05056837946176529]"
model\Dataset_Flood\medium\images - 2025-01-28T155148.034.jpg,medium,1,medium,1,0.4634554088115692,low,0.004582017660140991,medium,1,0.46529436111450195,low,0.008814841508865356,True,True,True,0.99998939037323,0.0047878697514534,0.0030441544950008392,0.002393871545791626,2.967754198834882e-06,"[0.4588733911514282, 0.4634554088115692, 0.038512542843818665, 0.03915857523679733]","[0.4564795196056366, 0.46529436111450195, 0.038805436342954636, 0.039420727640390396]"
model\Dataset_Flood\medium\images - 2025-01-28T155151.809.jpg,medium,1,low,0,0.9106494784355164,medium,0.8253844603896141,low,0,0.9112334251403809,medium,0.826469212770462,False,False,True,0.9999997615814209,0.0011679206509143114,0.0007726893527433276,0.000583946704864502,6.078607270865177e-07,"[0.9106494784355164, 0.08526501804590225, 0.0008054825593717396, 0.0032800263725221157]","[0.9112334251403809, 0.08476421236991882, 0.0007938172784633934, 0.0032085233833640814]"
model\Dataset_Flood\medium\images - 2025-01-28T155214.658.jpg,medium,1,medium,1,0.7141844630241394,low,0.4292140007019043,medium,1,0.7125524878501892,low,0.42594414949417114,True,True,True,0.9999961853027344,0.0032756375148892403,0.0023121414706110954,0.001637876033782959,1.6897603245524806e-06,"[0.2849704623222351, 0.7141844630241394, 0.00045393919572234154, 0.0003911006497219205]","[0.28660833835601807, 0.7125524878501892, 0.00045056454837322235, 0.00038868901901878417]"
model\Dataset_Flood\medium\images - 2025-01-28T155224.517.jpg,medium,1,medium,1,0.7244680523872375,low,0.48566922545433044,medium,1,0.7255431413650513,low,0.4878799617290497,True,True,True,0.9999982714653015,0.0022712410427629948,0.0015645157545804977,0.0011356472969055176,9.337250617136306e-07,"[0.2387988269329071, 0.7244680523872375, 0.004855026490986347, 0.03187813609838486]","[0.2376631796360016, 0.7255431413650513, 0.004898845683783293, 0.03189482167363167]"
model\Dataset_Flood\medium\images - 2025-01-28T155316.943.jpg,medium,1,low,0,0.8922821879386902,medium,0.8068064674735069,low,0,0.8929148316383362,medium,0.8080933094024658,False,False,True,0.9999996423721313,0.0014372533187270164,0.0009163840441033244,0.0006541982293128967,8.014667400857434e-07,"[0.8922821879386902, 0.08547572046518326, 0.008803989738225937, 0.01343806553632021]","[0.8929148316383362, 0.08482152223587036, 0.00889002438634634, 0.01337368879467249]"
model\Dataset_Flood\medium\images - 2025-01-28T155421.285.jpg,medium,1,low,0,0.7655953168869019,medium,0.5401196330785751,low,0,0.7642521858215332,medium,0.5374454706907272,False,False,True,0.9999979138374329,0.0027115836273878813,0.0018911422230303288,0.0013431310653686523,1.2567196563395555e-06,"[0.7655953168869019, 0.22547568380832672, 0.005590381566435099, 0.0033386116847395897]","[0.7642521858215332, 0.22680671513080597, 0.0056151351891458035, 0.0033259440679103136]"
model\Dataset_Flood\medium\images - 2025-01-28T155510.643.jpg,medium,1,medium,1,0.6619314551353455,low,0.3733679950237274,medium,1,0.6602841019630432,low,0.36948952078819275,True,True,True,0.9999927878379822,0.004462213255465031,0.002816378604620695,0.002231121063232422,3.5330813261680305e-06,"[0.28856346011161804, 0.6619314551353455, 0.01069913525134325, 0.038805924355983734]","[0.29079458117485046, 0.6602841019630432, 0.010594267398118973, 0.03832705318927765]"
model\Dataset_Flood\medium\images - 2025-01-28T155518.081.jpg,medium,1,medium,1,0.6090095043182373,low,0.22276782989501953,medium,1,0.6087580919265747,low,0.22231996059417725,True,True,True,0.9999998807907104,0.0005028322339057922,0.00032226755865849555,0.00025141239166259766,9.05438355403021e-08,"[0.3862416744232178, 0.6090095043182373, 0.003583217039704323, 0.0011655940907076001]","[0.38643813133239746, 0.6087580919265747, 0.003627166850492358, 0.0011766072129830718]"
model\Dataset_Flood\medium\images - 2025-01-28T155605.972.jpg,medium,1,non_flood,3,0.7518934607505798,medium,0.6018523126840591,non_flood,3,0.7516971826553345,medium,0.6022044718265533,False,False,True,0.9999992251396179,0.0015384750440716743,0.0009652687585912645,0.0007693096995353699,1.1089688314314117e-06,"[0.08767476677894592, 0.1500411480665207, 0.01039054710417986, 0.7518934607505798]","[0.08844407647848129, 0.14949271082878113, 0.010366097092628479, 0.7516971826553345]"
model\Dataset_Flood\medium\images - 2025-01-28T155701.730.jpg,medium,1,medium,1,0.7360785007476807,low,0.5182723551988602,medium,1,0.7353528738021851,low,0.5160992443561554,True,True,True,0.9999974966049194,0.002942499937489629,0.0017828019335865974,0.0014474838972091675,2.935528527814313e-06,"[0.2178061455488205, 0.7360785007476807, 0.0029352733399719, 0.043180160224437714]","[0.21925362944602966, 0.7353528738021851, 0.0029589561745524406, 0.0424344539642334]"
model\Dataset_Flood\medium\images - 2025-01-28T163040.884.jpg,medium,1,medium,1,0.5848198533058167,low,0.3239043951034546,medium,1,0.5870307683944702,low,0.3270077109336853,True,True,True,0.9999939799308777,0.004421775229275227,0.002651266986504197,0.0022109150886535645,2.9227157938294113e-06,"[0.26091545820236206, 0.5848198533058167, 0.14295750856399536, 0.011307146400213242]","[0.2600230574607849, 0.5870307683944702, 0.14181067049503326, 0.011135525070130825]"
model\Dataset_Flood\medium\images - 2025-01-28T163110.743.jpg,medium,1,medium,1,0.8606581091880798,low,0.7602977827191353,medium,1,0.8599074482917786,low,0.7583853006362915,True,True,True,0.9999990463256836,0.002323669381439686,0.0014136881800368428,0.001161821186542511,2.3724751372355968e-06,"[0.10036032646894455, 0.8606581091880798, 0.02780326083302498, 0.011178337968885899]","[0.10152214765548706, 0.8599074482917786, 0.027579551562666893, 0.010990859940648079]"
model\Dataset_Flood\medium\images - 2025-01-28T163135.146.jpg,medium,1,low,0,0.5622735619544983,medium,0.14501908421516418,low,0,0.5628804564476013,medium,0.14634451270103455,False,False,True,0.9999991059303284,0.0014424353139474988,0.0009474614635109901,0.000718533992767334,3.5317316360305995e-07,"[0.5622735619544983, 0.4172544777393341, 0.018914086744189262, 0.0015578654129058123]","[0.5628804564476013, 0.4165359437465668, 0.01902838423848152, 0.001555156079120934]"
model\Dataset_Flood\medium\images - 2025-01-28T163233.022.jpg,medium,1,low,0,0.6964168548583984,medium,0.40573206543922424,low,0,0.6982749700546265,medium,0.4092957079410553,False,False,True,0.9999952912330627,0.0037161759100854397,0.0025260914117097855,0.0018581151962280273,2.128868572981446e-06,"[0.6964168548583984, 0.2906847894191742, 0.00299665704369545, 0.009901657700538635]","[0.6982749700546265, 0.28897926211357117, 0.002983987797051668, 0.009761793538928032]"
model\Dataset_Flood\medium\images - 2025-01-28T163236.946.jpg,medium,1,low,0,0.7945786118507385,medium,0.6974202319979668,low,0,0.7959269285202026,medium,0.7000340819358826,False,False,True,0.9999983310699463,0.0027115605771541595,0.0018514124676585197,0.0013483166694641113,2.3982702259672806e-06,"[0.7945786118507385, 0.09715837985277176, 0.016217581927776337, 0.09204542636871338]","[0.7959269285202026, 0.09589284658432007, 0.016225073486566544, 0.09195520728826523]"
model\Dataset_Flood\medium\images - 2025-01-28T163307.007.jpg,medium,1,low,0,0.7255446314811707,medium,0.4922802448272705,low,0,0.7244888544082642,medium,0.49109603464603424,False,False,True,0.9999991059303284,0.002112895017489791,0.00141153356526047,0.0010557770729064941,2.80162885246682e-06,"[0.7255446314811707, 0.23326438665390015, 0.04090766981244087, 0.0002832284662872553]","[0.7244888544082642, 0.23339281976222992, 0.041835714131593704, 0.0002825878618750721]"
model\Dataset_Flood\medium\images - 2025-01-28T163953.945.jpg,medium,1,low,0,0.7546016573905945,medium,0.5297393947839737,low,0,0.7571905255317688,medium,0.5347505807876587,False,False,True,0.9999924302101135,0.005177704617381096,0.0035488433204591274,0.0025888681411743164,4.601210093824193e-06,"[0.7546016573905945, 0.2248622626066208, 0.003550081280991435, 0.016985949128866196]","[0.7571905255317688, 0.2224399447441101, 0.0035394940059632063, 0.016830017790198326]"
model\Dataset_Flood\medium\images - 2025-01-28T164003.942.jpg,medium,1,low,0,0.5137361884117126,medium,0.04124438762664795,low,0,0.5146662592887878,medium,0.04290446639060974,False,False,True,0.9999986290931702,0.0018601720221340656,0.0011931427288800478,0.0009300708770751953,6.816161999267933e-07,"[0.5137361884117126, 0.4724918007850647, 0.00955396518111229, 0.004218022804707289]","[0.5146662592887878, 0.4717617928981781, 0.009400873444974422, 0.004171021282672882]"
model\Dataset_Flood\medium\images - 2025-01-28T164323.121.jpg,medium,1,medium,1,0.5573498010635376,low,0.21283552050590515,medium,1,0.5569618940353394,low,0.21188926696777344,True,True,True,0.9999994039535522,0.0012873923406004906,0.0007313867681659758,0.0005583465099334717,3.3369724405929446e-07,"[0.34451428055763245, 0.5573498010635376, 0.014415347948670387, 0.08372054249048233]","[0.3450726270675659, 0.5569618940353394, 0.014500723220407963, 0.08346477895975113]"
model\Dataset_Flood\medium\images - 2025-01-28T164335.071.jpg,medium,1,medium,1,0.6665681600570679,low,0.3456813097000122,medium,1,0.668633222579956,low,0.3497465252876282,True,True,True,0.9999932646751404,0.004130120389163494,0.0028755455277860165,0.0020650625228881836,2.4068324364634464e-06,"[0.32088685035705566, 0.6665681600570679, 0.012182598002254963, 0.0003624354430940002]","[0.3188866972923279, 0.668633222579956, 0.012122217565774918, 0.0003579111071303487]"
model\Dataset_Flood\medium\images - 2025-01-28T164558.649.jpg,medium,1,medium,1,0.7644522190093994,low,0.6394288688898087,medium,1,0.7632358074188232,low,0.6368664801120758,True,True,True,0.9999979138374329,0.002957139164209366,0.0018378306413069367,0.0013459771871566772,2.2440217435359955e-06,"[0.12502335011959076, 0.7644522190093994, 0.05291134491562843, 0.05761309713125229]","[0.12636932730674744, 0.7632358074188232, 0.05304392799735069, 0.05735092982649803]"
model\Dataset_Flood\medium\images - 2025-01-28T164735.878.jpg,medium,1,medium,1,0.8310748934745789,low,0.6941855996847153,medium,1,0.829913318157196,low,0.6916050463914871,True,True,True,0.999998152256012,0.002837938256561756,0.001847250503487885,0.001418977975845337,2.2948877358430764e-06,"[0.1368892937898636, 0.8310748934745789, 0.0058614336885511875, 0.02617439068853855]","[0.13830827176570892, 0.829913318157196, 0.005823447834700346, 0.025954991579055786]"
model\Dataset_Flood\medium\images - 2025-01-28T184959.137.jpg,medium,1,low,0,0.5007303953170776,medium,0.03181537985801697,low,0,0.4997316896915436,medium,0.030119627714157104,False,False,True,0.9999983906745911,0.001997494138777256,0.0012472420930862427,0.0009987056255340576,8.159186108969152e-07,"[0.5007303953170776, 0.46891501545906067, 0.008533560670912266, 0.021821022033691406]","[0.4997316896915436, 0.4696120619773865, 0.008568668738007545, 0.02208765596151352]"
model\Dataset_Flood\medium\images - 2025-01-28T185102.902.jpg,medium,1,low,0,0.5923351049423218,medium,0.2896710932254791,low,0,0.5952364802360535,medium,0.2942781448364258,False,False,True,0.99998939037323,0.005802914500236511,0.0035135929938405752,0.0029013752937316895,4.793866537511349e-06,"[0.5923351049423218, 0.30266401171684265, 0.011964698322117329, 0.09303624927997589]","[0.5952364802360535, 0.3009583353996277, 0.011755985207855701, 0.09204909950494766]"
model\Dataset_Flood\medium\images - 2025-01-28T185346.201.jpg,medium,1,medium,1,0.9748048186302185,low,0.9509346578270197,medium,1,0.9747714400291443,low,0.950869919732213,True,True,True,1.0000001192092896,6.679777288809419e-05,4.582216206472367e-05,3.337860107421875e-05,5.829491112052665e-09,"[0.023870160803198814, 0.9748048186302185, 0.0009626323590055108, 0.00036231792182661593]","[0.023901520296931267, 0.9747714400291443, 0.0009636469767428935, 0.0003633629821706563]"
model\Dataset_Flood\medium\images - 2025-01-28T185558.906.jpg,medium,1,low,0,0.6812562346458435,medium,0.3793351352214813,low,0,0.6857527494430542,medium,0.3882104754447937,False,False,True,0.9999696016311646,0.008992976509034634,0.006277052685618401,0.004496514797210693,1.1800520951510407e-05,"[0.6812562346458435, 0.3019210994243622, 0.0030912740621715784, 0.01373137254267931]","[0.6857527494430542, 0.2975422739982605, 0.0030616929288953543, 0.013643316924571991]"
model\Dataset_Flood\medium\images-873cb504e7c333c6f74c7394a73d201acf9fae6cd36600561e3775ee8c31ca9b060d5497fad80da70437e59e48a14722-_111-6190.jpg,medium,1,medium,1,0.8943563103675842,low,0.8301621749997139,medium,1,0.8941211700439453,low,0.8298376873135567,True,True,True,0.9999999403953552,0.0004724839818663895,0.00029130736947990954,0.00023514032363891602,1.1913618180869889e-07,"[0.06419413536787033, 0.8943563103675842, 0.041269753128290176, 0.00017976485833059996]","[0.06428348273038864, 0.8941211700439453, 0.04141667112708092, 0.00017868656141217798]"
model\Dataset_Flood\medium\images.jpg,medium,1,medium,1,0.9879456758499146,low,0.9798822142183781,medium,1,0.9879422783851624,low,0.9798762453719974,True,True,True,1.0,9.432900696992874e-06,4.943030489812372e-06,3.3974647521972656e-06,,"[0.008063461631536484, 0.9879456758499146, 0.002883053384721279, 0.0011078397510573268]","[0.008066033013164997, 0.9879422783851624, 0.002885158872231841, 0.0011064811842516065]"
model\Dataset_Flood\medium\img-101.jpg,medium,1,medium,1,0.6295573711395264,high,0.2768556475639343,medium,1,0.6330941915512085,high,0.2840166985988617,True,True,True,0.9999770522117615,0.007248428650200367,0.005064608529210091,0.0036242306232452393,7.199736955953995e-06,"[0.013401641510426998, 0.6295573711395264, 0.35270172357559204, 0.004339279141277075]","[0.013479211367666721, 0.6330941915512085, 0.3490774929523468, 0.00434908689931035]"
model\Dataset_Flood\medium\img0412-173554575-1648898672886468709355.jpg,medium,1,medium,1,0.9531643390655518,low,0.9254006650298834,medium,1,0.9531636238098145,low,0.925348300486803,True,True,True,1.0,0.00010315375402569771,7.109659782145172e-05,5.164928734302521e-05,2.8225999315623085e-08,"[0.027763674035668373, 0.9531643390655518, 0.017769664525985718, 0.0013022130588069558]","[0.0278153233230114, 0.9531636238098145, 0.01772085204720497, 0.0013002363266423345]"
model\Dataset_Flood\medium\img10.jpg,medium,1,medium,1,0.838126540184021,low,0.6806852668523788,medium,1,0.8386824131011963,low,0.6818301826715469,True,True,True,0.9999997019767761,0.0011812691809609532,0.0008106639725156128,0.0005890429019927979,3.3799489074226585e-07,"[0.15744127333164215, 0.838126540184021, 0.0040355646051466465, 0.00039660767652094364]","[0.15685223042964935, 0.8386824131011963, 0.004070309456437826, 0.00039499919512309134]"
model\Dataset_Flood\medium\img11.jpg,medium,1,medium,1,0.9415806531906128,low,0.8905338123440742,medium,1,0.940676748752594,low,0.8888274393975735,True,True,True,0.9999995827674866,0.0018078592838719487,0.0012121303007006645,0.0009039044380187988,1.8810197843777132e-06,"[0.051046840846538544, 0.9415806531906128, 0.006207439582794905, 0.0011650760425254703]","[0.05184930935502052, 0.940676748752594, 0.00629762327298522, 0.0011763786897063255]"
model\Dataset_Flood\medium\img12.jpg,medium,1,medium,1,0.8187164664268494,low,0.6450248658657074,medium,1,0.8192209005355835,low,0.6460082978010178,True,True,True,0.9999997615814209,0.001009699422866106,0.0006961037870496511,0.0005044341087341309,2.1539410965942807e-07,"[0.17369160056114197, 0.8187164664268494, 0.007521893363445997, 7.005190127529204e-05]","[0.17321260273456573, 0.8192209005355835, 0.007496054749935865, 7.048082625260577e-05]"
model\Dataset_Flood\medium\img13.webp,medium,1,medium,1,0.5566196441650391,low,0.1383233368396759,medium,1,0.5585855841636658,low,0.1422978639602661,True,True,True,0.9999920129776001,0.004053617361932993,0.0028112949803471565,0.002008587121963501,2.150330601580208e-06,"[0.41829630732536316, 0.5566196441650391, 0.0234758909791708, 0.0016080638160929084]","[0.41628772020339966, 0.5585855841636658, 0.023536760360002518, 0.0015898430719971657]"
model\Dataset_Flood\medium\img14.jpg,medium,1,high,2,0.8508754372596741,medium,0.7517799511551857,high,2,0.8526973724365234,medium,0.7548574060201645,False,False,True,0.9999983906745911,0.0036438172683119774,0.0022588218562304974,0.0018219351768493652,3.261877509430633e-06,"[0.03921296447515488, 0.09909548610448837, 0.8508754372596741, 0.010816129855811596]","[0.03877793624997139, 0.09783996641635895, 0.8526973724365234, 0.010684795677661896]"
model\Dataset_Flood\medium\img41.jpg,medium,1,medium,1,0.9563305974006653,low,0.9224864207208157,medium,1,0.9565547108650208,low,0.9228746667504311,True,True,True,1.0,0.0004482259973883629,0.000281761575024575,0.00022411346435546875,1.2232020196734084e-07,"[0.033844176679849625, 0.9563305974006653, 0.007203842047601938, 0.0026213680393993855]","[0.03368004411458969, 0.9565547108650208, 0.007159284316003323, 0.0026059458032250404]"
model\Dataset_Flood\medium\img54.webp,medium,1,medium,1,0.9319824576377869,high,0.9075607620179653,medium,1,0.9320758581161499,high,0.9076835494488478,True,True,True,1.0,0.00026440247893333435,0.00014717561134602875,0.0001027919352054596,1.0136772488067436e-07,"[0.023355817422270775, 0.9319824576377869, 0.02442169561982155, 0.02024008333683014]","[0.023253025487065315, 0.9320758581161499, 0.02439230866730213, 0.02027890644967556]"
model\Dataset_Flood\medium\img6.jpg,medium,1,high,2,0.5530529618263245,medium,0.19612139463424683,high,2,0.5551772117614746,medium,0.19983062148094177,False,False,True,0.9999925494194031,0.004248509183526039,0.002696647308766842,0.0021242499351501465,2.3690190573688596e-06,"[0.07456492632627487, 0.35693156719207764, 0.5530529618263245, 0.015450525097548962]","[0.0740695595741272, 0.35534659028053284, 0.5551772117614746, 0.015406609512865543]"
model\Dataset_Flood\medium\img76.jpg,medium,1,high,2,0.5808287858963013,medium,0.18680739402770996,high,2,0.5760524272918701,medium,0.17768988013267517,False,False,True,0.9999596476554871,0.009552713483572006,0.0064681898802518845,0.004776358604431152,1.1810297110059764e-05,"[0.023112695664167404, 0.3940213918685913, 0.5808287858963013, 0.002037106780335307]","[0.023534685373306274, 0.39836254715919495, 0.5760524272918701, 0.0020503161940723658]"
model\Dataset_Flood\medium\img9.jpg,medium,1,medium,1,0.8856610655784607,low,0.785130001604557,medium,1,0.8860692381858826,low,0.7859190180897713,True,True,True,0.9999998211860657,0.0008163381135091186,0.0005587016348727047,0.000408172607421875,2.1415507944766432e-07,"[0.10053106397390366, 0.8856610655784607, 0.013067644089460373, 0.000740205287002027]","[0.1001502200961113, 0.8860692381858826, 0.013046003878116608, 0.0007345238700509071]"
model\Dataset_Flood\medium\lam-dong-1764843506279818449019.jpg,medium,1,medium,1,0.9675326943397522,low,0.9436164777725935,medium,1,0.9672740697860718,low,0.943103976547718,True,True,True,1.0,0.0005456495564430952,0.0003631814324762672,0.0002586245536804199,3.8908095234546636e-07,"[0.0239162165671587, 0.9675326943397522, 0.0056909178383648396, 0.0028601926751434803]","[0.02417009323835373, 0.9672740697860718, 0.005709873046725988, 0.002845999551936984]"
model\Dataset_Flood\medium\lu-ky-luc-tren-hai-song-o-mien-trung-ngap-lut-lan-rong-tai-6-tinh-thanh-904.jpg,medium,1,medium,1,0.9881006479263306,low,0.979917892254889,medium,1,0.9880416393280029,low,0.9798028701916337,True,True,True,0.9999999403953552,0.0001199101097881794,8.146380423568189e-05,5.900859832763672e-05,4.855003155057602e-08,"[0.008182755671441555, 0.9881006479263306, 0.0029075422789901495, 0.000808931770734489]","[0.008238769136369228, 0.9880416393280029, 0.0029115485958755016, 0.0008080500410869718]"
model\Dataset_Flood\medium\mien-trung-mua-lu-bao-so-13-kalmaegi-14062802.jpg,medium,1,medium,1,0.9898869395256042,low,0.9831299628131092,medium,1,0.9900249242782593,low,0.9833562560379505,True,True,True,0.9999999403953552,0.0002757818438112736,0.00016783614410087466,0.0001379847526550293,2.699361800750921e-07,"[0.006756976712495089, 0.9898869395256042, 0.0012877867557108402, 0.002068211557343602]","[0.006668668240308762, 0.9900249242782593, 0.001270330511033535, 0.00203617918305099]"
model\Dataset_Flood\medium\mua gay ngap o cam pha ngay 19-5 26-1.jpg,medium,1,medium,1,0.7597967982292175,high,0.6138675212860107,medium,1,0.7579495310783386,high,0.6108060926198959,True,True,True,0.9999974370002747,0.0037147281691432,0.002302252221852541,0.0018472671508789062,2.4187902454286814e-06,"[0.00692793121561408, 0.7597967982292175, 0.1459292769432068, 0.08734600991010666]","[0.006917810533195734, 0.7579495310783386, 0.1471434384584427, 0.0879891887307167]"
model\Dataset_Flood\medium\mua lu o hue lan thu 4.jpg,medium,1,medium,1,0.8093464970588684,high,0.7079911679029465,medium,1,0.8087103962898254,high,0.7069521695375443,True,True,True,0.9999998211860657,0.001272197114303708,0.000780132133513689,0.0006361007690429688,3.5387344610171567e-07,"[0.08545737713575363, 0.8093464970588684, 0.10135532915592194, 0.0038407875690609217]","[0.08565901964902878, 0.8087103962898254, 0.10175822675228119, 0.0038723438046872616]"
model\Dataset_Flood\medium\Mua-Lu-00.jpg,medium,1,medium,1,0.9704514145851135,low,0.9513808507472277,medium,1,0.9703226089477539,low,0.9511243663728237,True,True,True,0.9999999403953552,0.00026439817156642675,0.00018145139620173723,0.00012880563735961914,1.099646169677726e-07,"[0.019070563837885857, 0.9704514145851135, 0.0009438559645786881, 0.009534197859466076]","[0.01919824257493019, 0.9703226089477539, 0.0009404199663549662, 0.009538675658404827]"
model\Dataset_Flood\medium\Mua-Lu-6-3.jpg,medium,1,medium,1,0.972382664680481,low,0.9488172829151154,medium,1,0.9723407030105591,low,0.9487579502165318,True,True,True,1.0000001192092896,8.382182568311691e-05,4.875276135862805e-05,4.1961669921875e-05,,"[0.0235653817653656, 0.972382664680481, 0.001684826798737049, 0.002367153763771057]","[0.02358275279402733, 0.9723407030105591, 0.0016997582279145718, 0.0023767114616930485]"
model\Dataset_Flood\medium\mua-lu-hue-1762213001810-1762213002184915468932.webp,medium,1,medium,1,0.8254789710044861,high,0.7237302660942078,medium,1,0.8243786692619324,high,0.7225816622376442,True,True,True,0.9999990463256836,0.002200546907261014,0.0015208176337182522,0.001100301742553711,2.0529535049718106e-06,"[0.07203777134418488, 0.8254789710044861, 0.10174870491027832, 0.0007345746853388846]","[0.07308652251958847, 0.8243786692619324, 0.10179700702428818, 0.0007377665024250746]"
model\Dataset_Flood\medium\mua-lu-thai-nguyen-1760069078776-17600690791511790978445.jpg,medium,1,medium,1,0.9092783331871033,non_flood,0.8669701553881168,medium,1,0.9081515669822693,non_flood,0.8655097596347332,True,True,True,0.9999997019767761,0.0022535230964422226,0.0013089199783280492,0.0011267662048339844,2.131790097337216e-06,"[0.02097421884536743, 0.9092783331871033, 0.027439281344413757, 0.042308177798986435]","[0.02127634920179844, 0.9081515669822693, 0.027930278331041336, 0.04264180734753609]"
model\Dataset_Flood\medium\mua-ngap-2-copy-cropped-1779166903478.webp,medium,1,medium,1,0.8317010402679443,high,0.7457578778266907,medium,1,0.8328690528869629,high,0.7472247034311295,True,True,True,0.9999993443489075,0.0023360969498753548,0.001478448510169983,0.0011680126190185547,1.535084038550849e-06,"[0.07722745090723038, 0.8317010402679443, 0.08594316244125366, 0.005128385499119759]","[0.07637183368206024, 0.8328690528869629, 0.08564434945583344, 0.005114731378853321]"
model\Dataset_Flood\medium\Mua_lu_mien_Trung.webp,medium,1,medium,1,0.9534759521484375,low,0.92560600861907,medium,1,0.9531051516532898,low,0.9249029643833637,True,True,True,0.9999999403953552,0.0007416450534947217,0.0004988519358448684,0.0003708004951477051,4.95600261274376e-07,"[0.027869943529367447, 0.9534759521484375, 0.017714176326990128, 0.0009398943511769176]","[0.02820218726992607, 0.9531051516532898, 0.017744185402989388, 0.0009484860929660499]"
model\Dataset_Flood\medium\ngap-nha-trangtran-minh-13jpg-1763432387289.webp,medium,1,medium,1,0.9359334707260132,high,0.900687038898468,medium,1,0.9366385340690613,high,0.9019256606698036,True,True,True,0.9999998211860657,0.0014101772103458643,0.0008996216929517686,0.0007050633430480957,1.21170194233855e-06,"[0.02699444815516472, 0.9359334707260132, 0.035246431827545166, 0.0018256630282849073]","[0.02682865597307682, 0.9366385340690613, 0.03471287339925766, 0.001819899771362543]"
model\Dataset_Flood\medium\ngap-ung-o-da-nang-17615213099641163450317.jpg,medium,1,medium,1,0.3389945328235626,non_flood,0.046386510133743286,medium,1,0.3401168882846832,non_flood,0.04828983545303345,True,True,True,0.9999956488609314,0.0028620362281799316,0.0015451379586011171,0.0011223554611206055,1.023960066959262e-06,"[0.23506483435630798, 0.3389945328235626, 0.13333268463611603, 0.29260802268981934]","[0.23441475629806519, 0.3401168882846832, 0.133641317486763, 0.2918270528316498]"
model\Dataset_Flood\medium\nguoi-dan-di-chuyen-bang-do-1726905142020203369784.webp,medium,1,high,2,0.6729010939598083,medium,0.36520981788635254,high,2,0.6721779704093933,medium,0.36389270424842834,False,False,True,0.9999992251396179,0.0014462880790233612,0.0009441436850465834,0.0007231235504150391,3.3404992905161635e-07,"[0.018268311396241188, 0.3076912760734558, 0.6729010939598083, 0.0011392958695068955]","[0.018393447622656822, 0.30828526616096497, 0.6721779704093933, 0.0011433340841904283]"
model\Dataset_Flood\medium\nha-trang-4366-7322.jpg,medium,1,medium,1,0.8894100785255432,high,0.7872289270162582,medium,1,0.8884745240211487,high,0.7854278385639191,True,True,True,0.9999993443489075,0.0018709551077336073,0.0012759456876665354,0.0009355545043945312,1.1472569667603238e-06,"[0.007762289140373468, 0.8894100785255432, 0.10218115150928497, 0.0006465811748057604]","[0.007821569219231606, 0.8884745240211487, 0.10304668545722961, 0.0006571676931343973]"
model\Dataset_Flood\medium\NISI20180827_0014407508_web.jpg,medium,1,medium,1,0.5552788972854614,low,0.2454405426979065,medium,1,0.5542112588882446,low,0.24469882249832153,True,True,True,0.999997079372406,0.0027870340272784233,0.0017318322788923979,0.0013221502304077148,2.0556908566504717e-06,"[0.30983835458755493, 0.5552788972854614, 0.005827894434332848, 0.12905491888523102]","[0.3095124363899231, 0.5542112588882446, 0.005899221636354923, 0.13037706911563873]"
model\Dataset_Flood\medium\noii.webp,medium,1,low,0,0.6328480839729309,medium,0.28649887442588806,low,0,0.6324499249458313,medium,0.2856332063674927,False,False,True,0.9999996423721313,0.0009349442552775145,0.0006160773918963969,0.00046750903129577637,2.0050720195285976e-07,"[0.6328480839729309, 0.34634920954704285, 0.002888026414439082, 0.01791466772556305]","[0.6324499249458313, 0.3468167185783386, 0.0028480757027864456, 0.017885342240333557]"
model\Dataset_Flood\medium\noise (10).jpg,medium,1,medium,1,0.7825658321380615,low,0.6534570902585983,medium,1,0.7847894430160522,low,0.6565595120191574,True,True,True,0.9999973773956299,0.004447298124432564,0.0026600114069879055,0.0022236108779907227,4.156234354013577e-06,"[0.1291087418794632, 0.7825658321380615, 0.06948722898960114, 0.018838215619325638]","[0.12822993099689484, 0.7847894430160522, 0.0683380514383316, 0.018642516806721687]"
model\Dataset_Flood\medium\noise (11).jpg,medium,1,medium,1,0.8323901891708374,low,0.666157528758049,medium,1,0.8326056599617004,low,0.6665956676006317,True,True,True,1.0,0.0004459797637537122,0.00030994374537840486,0.00022266805171966553,5.0963976150342205e-08,"[0.1662326604127884, 0.8323901891708374, 0.0010538550559431314, 0.0003232877643313259]","[0.16600999236106873, 0.8326056599617004, 0.0010613574413582683, 0.00032294922857545316]"
model\Dataset_Flood\medium\noise (2).jpg,medium,1,medium,1,0.8430291414260864,low,0.7706596106290817,medium,1,0.842933177947998,low,0.7709551155567169,True,True,True,0.9999997615814209,0.0009749205783009529,0.0005720320623368025,0.00039530545473098755,6.234058673726395e-07,"[0.0723695307970047, 0.8430291414260864, 0.07155592739582062, 0.013045409694314003]","[0.07197806239128113, 0.842933177947998, 0.0719512328505516, 0.013137592934072018]"
model\Dataset_Flood\medium\noise (3).jpg,medium,1,medium,1,0.8450271487236023,high,0.7546680644154549,medium,1,0.8440383076667786,high,0.7533145248889923,True,True,True,0.9999994039535522,0.0022134780883789062,0.001294327899813652,0.0009888410568237305,2.064625732600689e-06,"[0.04097898676991463, 0.8450271487236023, 0.09035908430814743, 0.02363480255007744]","[0.04172098636627197, 0.8440383076667786, 0.09072378277778625, 0.023516863584518433]"
model\Dataset_Flood\medium\noise (4).jpg,medium,1,medium,1,0.904819905757904,high,0.8260743468999863,medium,1,0.9052126407623291,high,0.8268211558461189,True,True,True,0.9999998807907104,0.0007853588322177529,0.0005296947783790529,0.00039273500442504883,2.338845064286943e-07,"[0.014882475137710571, 0.904819905757904, 0.07874555885791779, 0.0015520064625889063]","[0.014852607622742653, 0.9052126407623291, 0.07839148491621017, 0.0015433240914717317]"
model\Dataset_Flood\medium\noise (5).jpg,medium,1,medium,1,0.9773723483085632,high,0.9598268121480942,medium,1,0.9772739410400391,high,0.9597362596541643,True,True,True,1.0,0.00021240272326394916,0.00013988889986649156,9.884312748908997e-05,2.761592270417168e-07,"[0.004731317050755024, 0.9773723483085632, 0.017545536160469055, 0.0003508482768665999]","[0.004830160178244114, 0.9772739410400391, 0.017537681385874748, 0.00035814582952298224]"
model\Dataset_Flood\medium\noise (6).jpg,medium,1,medium,1,0.7729438543319702,low,0.6228600293397903,medium,1,0.774179995059967,low,0.624978095293045,True,True,True,0.9999988675117493,0.002472326625138521,0.0015564938075840473,0.0012361407279968262,1.082696712728648e-06,"[0.15008382499217987, 0.7729438543319702, 0.07148108631372452, 0.005491241347044706]","[0.149201899766922, 0.774179995059967, 0.07113950699567795, 0.005478559993207455]"
model\Dataset_Flood\medium\noise (7).jpg,medium,1,medium,1,0.9900235533714294,low,0.984344954136759,medium,1,0.9900151491165161,low,0.9843356069177389,True,True,True,0.9999999403953552,1.958111533895135e-05,1.2313884326431435e-05,8.841510862112045e-06,3.281039084868098e-08,"[0.005678599234670401, 0.9900235533714294, 0.00406502652913332, 0.00023281943867914379]","[0.005679542198777199, 0.9900151491165161, 0.004073868039995432, 0.00023142705322243273]"
model\Dataset_Flood\medium\noise (8).jpg,medium,1,medium,1,0.8668016195297241,low,0.795025646686554,medium,1,0.8668857216835022,low,0.7952815666794777,True,True,True,1.0000001192092896,0.0003436221741139889,0.0002062409184873104,0.0001718178391456604,7.157904491350564e-08,"[0.07177597284317017, 0.8668016195297241, 0.059042010456323624, 0.0023803808726370335]","[0.0716041550040245, 0.8668857216835022, 0.059118226170539856, 0.0023918673396110535]"
model\Dataset_Flood\medium\noise (9).jpg,medium,1,medium,1,0.8796709179878235,low,0.8176038265228271,medium,1,0.8796958327293396,low,0.817473866045475,True,True,True,0.9999999403953552,0.0003596171736717224,0.0002084932930301875,0.00015487521886825562,1.1852171155624092e-07,"[0.06206709146499634, 0.8796709179878235, 0.014696178026497364, 0.0435657873749733]","[0.062221966683864594, 0.8796958327293396, 0.014642962254583836, 0.04343917593359947]"
model\Dataset_Flood\medium\noise.jpg,medium,1,high,2,0.4746581017971039,medium,0.0813329815864563,high,2,0.47413986921310425,medium,0.07999217510223389,False,False,True,0.9999986290931702,0.001647796481847763,0.001019148388877511,0.0008225739002227783,3.7627827964570315e-07,"[0.12906812131404877, 0.3933251202106476, 0.4746581017971039, 0.0029486599378287792]","[0.1287623941898346, 0.39414769411087036, 0.47413986921310425, 0.002949922811239958]"
model\Dataset_Flood\medium\noise1.jpeg,medium,1,high,2,0.6820932626724243,medium,0.3726198375225067,high,2,0.6783963441848755,medium,0.36527910828590393,False,False,True,0.9999788999557495,0.007393915206193924,0.0051909941248595715,0.003696918487548828,7.840611033316236e-06,"[0.006985730025917292, 0.3094734251499176, 0.6820932626724243, 0.0014475664356723428]","[0.0070272330194711685, 0.31311723589897156, 0.6783963441848755, 0.0014592494117096066]"
model\Dataset_Flood\medium\noise2.jpeg,medium,1,medium,1,0.6203942894935608,high,0.3160921037197113,medium,1,0.6177045106887817,high,0.3105330169200897,True,True,True,0.9999851584434509,0.005804015323519707,0.003938775975257158,0.0028693079948425293,5.102014256408438e-06,"[0.05335232987999916, 0.6203942894935608, 0.3043021857738495, 0.02195117436349392]","[0.05338500067591667, 0.6177045106887817, 0.307171493768692, 0.021738916635513306]"
model\Dataset_Flood\medium\noise3.jpg,medium,1,high,2,0.5360672473907471,medium,0.09740757942199707,high,2,0.534609854221344,medium,0.0944986343383789,False,False,True,0.9999956488609314,0.0029398552142083645,0.0020570592023432255,0.0014573931694030762,1.1078510624429327e-06,"[0.023236356675624847, 0.43865966796875, 0.5360672473907471, 0.0020367512479424477]","[0.023254748433828354, 0.4401112198829651, 0.534609854221344, 0.0020242328755557537]"
model\Dataset_Flood\medium\noise4.jpg,medium,1,medium,1,0.9894483089447021,high,0.9811779065057635,medium,1,0.9894812107086182,high,0.9812589501962066,True,True,True,1.0,9.64523569564335e-05,6.0281181504251435e-05,4.8141926527023315e-05,4.835484546106272e-08,"[0.00220812251791358, 0.9894483089447021, 0.008270402438938618, 7.313999230973423e-05]","[0.002223407616838813, 0.9894812107086182, 0.008222260512411594, 7.301642472157255e-05]"
model\Dataset_Flood\medium\noise_n (2).jpg,medium,1,medium,1,0.9005802869796753,low,0.8029490411281586,medium,1,0.900353193283081,low,0.8025015443563461,True,True,True,0.9999999403953552,0.00045628927182406187,0.00031655942439101636,0.00022709369659423828,7.855259553934957e-08,"[0.09763124585151672, 0.9005802869796753, 0.0009744733106344938, 0.0008139559649862349]","[0.09785164892673492, 0.900353193283081, 0.000973405665718019, 0.000821680820081383]"
model\Dataset_Flood\medium\noise_n (3).jpg,medium,1,low,0,0.7478309273719788,high,0.6195947974920273,low,0,0.7481034398078918,high,0.6199097782373428,False,False,True,0.9999998807907104,0.0005450379103422165,0.0003585054655559361,0.00027251243591308594,7.089993658837557e-08,"[0.7478309273719788, 0.10860282182693481, 0.12823612987995148, 0.015330115333199501]","[0.7481034398078918, 0.10837378352880478, 0.128193661570549, 0.015329096466302872]"
model\Dataset_Flood\medium\noise_n.jpg,medium,1,medium,1,0.8092325925827026,low,0.661650687456131,medium,1,0.8077127933502197,low,0.6585109680891037,True,True,True,0.9999973773956299,0.0032397834584116936,0.002223289106041193,0.0016199201345443726,2.5982112674682867e-06,"[0.14758190512657166, 0.8092325925827026, 0.03533365949988365, 0.007851841859519482]","[0.14920182526111603, 0.8077127933502197, 0.03523847833275795, 0.007846958935260773]"
model\Dataset_Flood\medium\noise_NN.jpg,medium,1,medium,1,0.8642649054527283,low,0.7855508327484131,medium,1,0.8647131323814392,low,0.7862000241875648,True,True,True,0.9999998211860657,0.0008963644504547119,0.0005213884869590402,0.0004482269287109375,3.617096524521912e-07,"[0.07871407270431519, 0.8642649054527283, 0.008019478060305119, 0.04900150001049042]","[0.07851310819387436, 0.8647131323814392, 0.00789740402251482, 0.04887640103697777]"
model\Dataset_Flood\medium\nong-dan-hue-loi-lut-thu-hoach-lac10-edited-1749962272954.webp,medium,1,medium,1,0.9323422908782959,high,0.8884657807648182,medium,1,0.9323728680610657,high,0.8883351571857929,True,True,True,0.9999999403953552,0.00038345635402947664,0.0002512427163310349,0.00019026361405849457,2.744531286680285e-07,"[0.022485047578811646, 0.9323422908782959, 0.04387651011347771, 0.0012961281463503838]","[0.02229478396475315, 0.9323728680610657, 0.04403771087527275, 0.001294713350944221]"
model\Dataset_Flood\medium\nose.jpg,medium,1,medium,1,0.9584364891052246,high,0.9323231875896454,medium,1,0.9581712484359741,high,0.9320345222949982,True,True,True,1.0,0.0005305355880409479,0.00034750302438624203,0.0002652406692504883,5.228371264820453e-07,"[0.0123739717528224, 0.9584364891052246, 0.026113301515579224, 0.003076235530897975]","[0.012596411630511284, 0.9581712484359741, 0.026136726140975952, 0.0030956659466028214]"
model\Dataset_Flood\medium\OIP (43).webp,medium,1,low,0,0.9034597277641296,medium,0.8483995385468006,low,0,0.9024771451950073,medium,0.8467259109020233,False,False,True,0.9999996423721313,0.001993006095290184,0.001239562057889998,0.0009825825691223145,1.640199002395093e-06,"[0.9034597277641296, 0.055060189217329025, 0.025500498712062836, 0.01597953587770462]","[0.9024771451950073, 0.05575123429298401, 0.025805963203310966, 0.015965621918439865]"
model\Dataset_Flood\medium\photo-1763770342304-17637703631661583139379.webp,medium,1,medium,1,0.9841386675834656,low,0.9770381706766784,medium,1,0.983991801738739,low,0.9767787931486964,True,True,True,1.0000001192092896,0.00029382691718637943,0.00018750458548311144,0.0001468658447265625,2.4650304908391263e-07,"[0.007100496906787157, 0.9841386675834656, 0.0036329415161162615, 0.005127821583300829]","[0.007213008590042591, 0.983991801738739, 0.0036372020840644836, 0.00515801040455699]"
model\Dataset_Flood\medium\PYH2018082714260005400_P2.jpg,medium,1,medium,1,0.6020687222480774,low,0.27593594789505005,medium,1,0.6014023423194885,low,0.2751283347606659,True,True,True,0.9999995827674866,0.0013328222557902336,0.0008520024130120873,0.0006663799285888672,6.215823873390036e-07,"[0.32613277435302734, 0.6020687222480774, 0.06100895628333092, 0.01078955177217722]","[0.32627400755882263, 0.6014023423194885, 0.0615205354988575, 0.010803181678056717]"
model\Dataset_Flood\medium\quang-ninh-1.jpg,medium,1,medium,1,0.57514888048172,high,0.2100485861301422,medium,1,0.5777099132537842,high,0.21523889899253845,True,True,True,0.9999862313270569,0.005279366858303547,0.003671279875561595,0.0026292800903320312,3.7834317936358275e-06,"[0.04741925001144409, 0.57514888048172, 0.36510029435157776, 0.012331538833677769]","[0.04749789834022522, 0.5777099132537842, 0.3624710142612457, 0.01232113316655159]"
model\Dataset_Flood\medium\quang-tri-quang-ngai-sap-mua-to-dai-ngay-dac-biet-hue-co-the-tren-500mm-1760611196899.webp,medium,1,medium,1,0.9199207425117493,low,0.8643482774496078,medium,1,0.918799877166748,low,0.8623495176434517,True,True,True,0.9999993443489075,0.002241717418655753,0.001444176072254777,0.0011208653450012207,2.228407538495958e-06,"[0.05557246506214142, 0.9199207425117493, 0.0008901384426280856, 0.023616669699549675]","[0.056450359523296356, 0.918799877166748, 0.000891009985934943, 0.023858755826950073]"
model\Dataset_Flood\medium\quangbinh-6177.jpeg,medium,1,medium,1,0.6960983872413635,low,0.40026533603668213,medium,1,0.6966113448143005,low,0.401233047246933,True,True,True,0.9999995827674866,0.0010259540285915136,0.0006871778750792146,0.0005129575729370117,2.1923005988355726e-07,"[0.2958330512046814, 0.6960983872413635, 0.0011052945628762245, 0.006963267922401428]","[0.29537829756736755, 0.6966113448143005, 0.001093363156542182, 0.006916956510394812]"
model\Dataset_Flood\medium\sang_3_11_khu_pho_co_hoi_an_bi_ngap_sau_tro_lai.webp,medium,1,low,0,0.394352525472641,medium,0.00798487663269043,low,0,0.3965083956718445,medium,0.01105564832687378,False,False,True,0.9999910593032837,0.004311680793762207,0.0025115851312875748,0.002155870199203491,2.745917299762368e-06,"[0.394352525472641, 0.38636764883995056, 0.09750429540872574, 0.12177550047636032]","[0.3965083956718445, 0.3854527473449707, 0.09672057628631592, 0.12131831049919128]"
model\Dataset_Flood\medium\sat_lo_4.jpg,medium,1,low,0,0.5464111566543579,medium,0.09697803854942322,low,0,0.5460619926452637,medium,0.09629341959953308,False,False,True,0.9999998807907104,0.0006982430350035429,0.00048436096403747797,0.0003491640090942383,2.140239807602029e-08,"[0.5464111566543579, 0.4494331181049347, 0.0029341569170355797, 0.0012215892784297466]","[0.5460619926452637, 0.4497685730457306, 0.0029467667918652296, 0.0012226034887135029]"
model\Dataset_Flood\medium\sau-lu-lich-su-nguoi-dan-gia-lai-tin-rang-con-nguoi-la-con-tat-cadoan-cong-1jpgjpg-1763745085085.webp,medium,1,medium,1,0.9808818101882935,high,0.9645079039037228,medium,1,0.9811201691627502,high,0.9649515990167856,True,True,True,1.0,0.0004767115751747042,0.00031626701820641756,0.0002383589744567871,3.525085503497394e-07,"[0.0027067505288869143, 0.9808818101882935, 0.016373906284570694, 3.748344170162454e-05]","[0.0026744017377495766, 0.9811201691627502, 0.016168570145964622, 3.681576708913781e-05]"
model\Dataset_Flood\medium\thai-nguyen-ngap-lut-bao-so-11-matmoi-09102025-55-1759998446932846330474.webp,medium,1,medium,1,0.705285370349884,high,0.46168623864650726,medium,1,0.7059295773506165,high,0.46273550391197205,True,True,True,0.9999997019767761,0.0012960711028426886,0.0007988302386365831,0.0006442070007324219,3.16656496579526e-07,"[0.050537124276161194, 0.705285370349884, 0.24359913170337677, 0.0005783214583061635]","[0.050294142216444016, 0.7059295773506165, 0.2431940734386444, 0.000582145294174552]"
model\Dataset_Flood\medium\TP-Thai-Nguyen-8503-1724343092.webp,medium,1,low,0,0.7531133890151978,medium,0.6051256954669952,low,0,0.7551244497299194,medium,0.6083798110485077,False,False,True,0.9999973177909851,0.004022098146378994,0.0024619007017463446,0.0020110607147216797,2.768960257526487e-06,"[0.7531133890151978, 0.14798769354820251, 0.08587568253278732, 0.013023228384554386]","[0.7551244497299194, 0.14674463868141174, 0.08519461750984192, 0.012936310842633247]"
model\Dataset_Flood\medium\trung-quoc-chay-dua-giai-cuu-nguoi-dan-vung-tam-lu-03-16301678.jpg,medium,1,medium,1,0.9017251133918762,non_flood,0.8424003794789314,medium,1,0.902420699596405,non_flood,0.8432723097503185,True,True,True,0.9999998807907104,0.0013911891728639603,0.000808183045592159,0.0006955862045288086,1.0525653806325863e-06,"[0.019163787364959717, 0.9017251133918762, 0.019786342978477478, 0.059324733912944794]","[0.01894543506205082, 0.902420699596405, 0.019485436379909515, 0.0591483898460865]"
model\Dataset_Flood\medium\tải xuống.jpg,medium,1,medium,1,0.9567718505859375,high,0.9178718775510788,medium,1,0.9567357301712036,high,0.9177943356335163,True,True,True,0.9999999403953552,8.282940689241514e-05,5.521101411432028e-05,4.142150282859802e-05,4.404867581797589e-09,"[0.004230082966387272, 0.9567718505859375, 0.038899973034858704, 9.809622133616358e-05]","[0.0042248074896633625, 0.9567357301712036, 0.0389413945376873, 9.81082339421846e-05]"
model\Dataset_Flood\medium\ung-pho-voi-bao-va-lu-1753147763713786753476.webp,medium,1,medium,1,0.9383155703544617,high,0.8889459110796452,medium,1,0.9384236931800842,high,0.8891722448170185,True,True,True,1.0,0.00024756137281656265,0.00016106250404845923,0.00011821091175079346,4.231162620271789e-08,"[0.010257481597363949, 0.9383155703544617, 0.04936965927481651, 0.0020572994835674763]","[0.010273167863488197, 0.9384236931800842, 0.04925144836306572, 0.002051758114248514]"
model\Dataset_Flood\medium\uploads-2022-th-c3-a1ng-209-ng-c3-a0y_27-anh-139207418_15945651228721n.jpg,medium,1,medium,1,0.9893537759780884,low,0.9829505453817546,medium,1,0.9893075823783875,low,0.9828615020960569,True,True,True,1.0,9.238102938979864e-05,6.30848080618307e-05,4.6193599700927734e-05,6.644270911237982e-08,"[0.006403230596333742, 0.9893537759780884, 0.00419294647872448, 5.0060796638717875e-05]","[0.006446080282330513, 0.9893075823783875, 0.004196060821413994, 5.028419764130376e-05]"
model\Dataset_Flood\medium\vna-potal-binh-thuan-nhieu-nha-dan-cay-trong-bi-ngap-nang-do-mua-lon-stand--1--37274679944027553740547.webp,medium,1,medium,1,0.9347414374351501,low,0.9011256732046604,medium,1,0.9343134164810181,low,0.9003224335610867,True,True,True,0.9999998211860657,0.0009112060070037842,0.0005755047895945609,0.0004280209541320801,6.004880219734332e-07,"[0.03361576423048973, 0.9347414374351501, 0.016952943056821823, 0.014689918607473373]","[0.03399098291993141, 0.9343134164810181, 0.017033254727721214, 0.014662263914942741]"
model\Dataset_Flood\medium\vnapotalquangtritieptucmualonlulennhanhgayngaplutdienrong1917500005072346-16029002171541838774241.webp,medium,1,medium,1,0.8038923740386963,low,0.640007421374321,medium,1,0.8025617599487305,low,0.6377382427453995,True,True,True,0.9999987483024597,0.0026612034998834133,0.001668909564614296,0.0013306140899658203,1.537624598313414e-06,"[0.1638849526643753, 0.8038923740386963, 0.02891528233885765, 0.0033074652310460806]","[0.164823517203331, 0.8025617599487305, 0.029280085116624832, 0.0033346873242408037]"
model\Dataset_Flood\medium\vnapotalquangtritieptucmualonlulennhanhgayngaplutdienrong1917541315072353-16029002171551755047725.webp,medium,1,medium,1,0.9463019371032715,high,0.8946878090500832,medium,1,0.9464721083641052,high,0.8950062245130539,True,True,True,0.9999999403953552,0.0003403231385163963,0.00022621820971835405,0.00017017126083374023,6.617870695890815e-08,"[0.0015488063218072057, 0.9463019371032715, 0.051614128053188324, 0.0005351100116968155]","[0.0015380781842395663, 0.9464721083641052, 0.05146588385105133, 0.0005239304737187922]"
model\Dataset_Flood\medium\vnapotalquangtritieptucmualonlulennhanhgayngaplutdienrong1917573915072352-1602900217157374917662.webp,medium,1,medium,1,0.8124890327453613,high,0.7214747443795204,medium,1,0.8118138909339905,high,0.7200888991355896,True,True,True,0.999999463558197,0.0016573360189795494,0.0009991987608373165,0.000710703432559967,9.452668905396422e-07,"[0.08688182383775711, 0.8124890327453613, 0.09101428836584091, 0.009614788927137852]","[0.08672834932804108, 0.8118138909339905, 0.09172499179840088, 0.00973280519247055]"
model\Dataset_Flood\medium\vnapotalquangtritieptucmualonlulennhanhgayngaplutdienrong1917598445072348-16029002171602035473837.webp,medium,1,medium,1,0.8725650310516357,non_flood,0.8033141419291496,medium,1,0.871613621711731,non_flood,0.8022413998842239,True,True,True,0.9999997615814209,0.0019028428941965103,0.0011518725659698248,0.0009514093399047852,1.7976343542613904e-06,"[0.0267675518989563, 0.8725650310516357, 0.03141653165221214, 0.06925088912248611]","[0.027006002143025398, 0.871613621711731, 0.032008182257413864, 0.06937222182750702]"
model\Dataset_Flood\medium\vnapotalquangtritieptucmualonlulennhanhgayngaplutdienrong1918080005072349-1602900217166531846123.webp,medium,1,medium,1,0.9128125905990601,low,0.8489862531423569,medium,1,0.9124258756637573,low,0.848197914659977,True,True,True,0.9999999403953552,0.0009289984591305256,0.0005664381315000355,0.00040162354707717896,5.338151822797954e-07,"[0.06382633745670319, 0.9128125905990601, 0.01797020621597767, 0.005390827544033527]","[0.06422796100378036, 0.9124258756637573, 0.018033131957054138, 0.0053130933083593845]"
model\Dataset_Flood\medium\vuot-lu2-17617488140051300053584.webp,medium,1,medium,1,0.9462032914161682,low,0.8990944661200047,medium,1,0.9453646540641785,low,0.8975183106958866,True,True,True,0.9999996423721313,0.0016773376846686006,0.0011201526504009962,0.0008386373519897461,1.7506828271507402e-06,"[0.04710882529616356, 0.9462032914161682, 0.0016629863530397415, 0.005024835467338562]","[0.047846343368291855, 0.9453646540641785, 0.0016790988156571984, 0.005109905265271664]"
model\Dataset_Flood\medium\w-z7097668361463-c05d02ea442e3c62010840faaf387a05-1625-1759998571088-17599985713501186498060.webp,medium,1,high,2,0.8661922812461853,medium,0.7689922824501991,high,2,0.8671201467514038,medium,0.7707328423857689,False,False,True,0.9999995231628418,0.0018558613955974579,0.0012361875269562006,0.0009278655052185059,1.0180946219406906e-06,"[0.017760351300239563, 0.09719999879598618, 0.8661922812461853, 0.018847424536943436]","[0.01769542507827282, 0.09638730436563492, 0.8671201467514038, 0.018797049298882484]"
model\Dataset_Flood\medium\z2872267109010_244c6bb2f68d62c41eb98eed0114c67f.jpg,medium,1,medium,1,0.6270290613174438,low,0.2703116238117218,medium,1,0.6267457008361816,low,0.26969432830810547,True,True,True,0.9999997615814209,0.0006678299978375435,0.0004394720890559256,0.000333935022354126,6.166556687503544e-08,"[0.35671743750572205, 0.6270290613174438, 0.011703656986355782, 0.004549859091639519]","[0.35705137252807617, 0.6267457008361816, 0.011673237197101116, 0.004529744386672974]"
model\Dataset_Flood\medium\z4782704219045-5bea5c44e42ce2cb0ec1245ce6b7bef8-16973578980371748163129-68-0-1318-2000-crop-16973579055971802523402.webp,medium,1,medium,1,0.8320291638374329,low,0.7004065662622452,medium,1,0.8329817056655884,low,0.7022197097539902,True,True,True,0.9999992251396179,0.0020788367837667465,0.0012990351533517241,0.0009525418281555176,1.0790391797854681e-06,"[0.13162259757518768, 0.8320291638374329, 0.017398016527295113, 0.018950195983052254]","[0.1307619959115982, 0.8329817056655884, 0.01748490333557129, 0.01877138949930668]"
model\Dataset_Flood\medium\z5675153483527cd80a92c47aaeb3ab9a8fbe5fd9bdaba-1722134771986321631296.webp,medium,1,low,0,0.6015917062759399,medium,0.27261292934417725,low,0,0.601718008518219,medium,0.2729318141937256,False,False,True,0.9999999403953552,0.00039580371230840683,0.00024123267212416977,0.0001925826072692871,,"[0.6015917062759399, 0.3289787769317627, 0.004941422957926989, 0.06448809057474136]","[0.601718008518219, 0.3287861943244934, 0.004936089273542166, 0.06455967575311661]"
model\Dataset_Flood\medium\z6586657762546_35b240fb22ac28c998ad31a1de0491e8.webp,medium,1,medium,1,0.9715516567230225,low,0.9545083530247211,medium,1,0.9719194769859314,low,0.9550467189401388,True,True,True,0.9999998807907104,0.0007356218993663788,0.00044668925693258643,0.00036782026290893555,6.327588835119968e-07,"[0.017043303698301315, 0.9715516567230225, 0.010689061135053635, 0.0007159473025240004]","[0.01687275804579258, 0.9719194769859314, 0.01050183642655611, 0.0007059160270728171]"
model\Dataset_Flood\medium\z68614736942447c6275270c9b1f6cc0cbdbc8211d4de72025-08-01-45-17540215627841123288372.jpg,medium,1,medium,1,0.9888656735420227,non_flood,0.9800399020314217,medium,1,0.9888070821762085,non_flood,0.9799515260383487,True,True,True,1.0,0.00011720624752342701,7.131267193472013e-05,5.8591365814208984e-05,3.114382707281038e-08,"[0.0020231609232723713, 0.9888656735420227, 0.0002853667829185724, 0.008825771510601044]","[0.002050801645964384, 0.9888070821762085, 0.00028655631467700005, 0.008855556137859821]"
model\Dataset_Flood\medium\z7243193716284-d4c98428820590bbd597ee469d8e88df-1415-9023.jpg.webp,medium,1,medium,1,0.9883905649185181,high,0.9813247076235712,medium,1,0.988377034664154,high,0.98130675079301,True,True,True,1.0,2.7020039851777256e-05,1.6473017240059562e-05,1.3530254364013672e-05,2.9253188760236526e-09,"[0.00430689100176096, 0.9883905649185181, 0.007065857294946909, 0.00023666044580750167]","[0.004315139260143042, 0.988377034664154, 0.007070283871144056, 0.0002374753967160359]"
model\Dataset_Flood\medium\z7246471838898-00101e353e62ddc-6650-9840-1763694274.webp,medium,1,medium,1,0.6242147088050842,low,0.4361504465341568,medium,1,0.6233751177787781,low,0.4342512786388397,True,True,True,0.9999980330467224,0.002488955855369568,0.0014232899993658066,0.0010595768690109253,1.120359229389578e-06,"[0.18806426227092743, 0.6242147088050842, 0.07460373640060425, 0.11311735212802887]","[0.18912383913993835, 0.6233751177787781, 0.07478860020637512, 0.11271242797374725]"
model\Dataset_Flood\medium\다운로드 (11) 1.jpg,medium,1,medium,1,0.9771870970726013,low,0.9576866552233696,medium,1,0.976986825466156,low,0.957299217581749,True,True,True,1.0,0.0004004674847237766,0.0002744016528595239,0.0002002716064453125,2.3593983655700868e-07,"[0.01950044184923172, 0.9771870970726013, 0.002623209496960044, 0.0006893243407830596]","[0.019687607884407043, 0.976986825466156, 0.0026357052847743034, 0.0006898583960719407]"
model\Dataset_Flood\medium\다운로드 (12).jpg,medium,1,medium,1,0.515684187412262,low,0.1313067376613617,medium,1,0.5180692076683044,low,0.13556978106498718,True,True,True,0.9999895095825195,0.0047701094299554825,0.003057335037738085,0.0023850202560424805,2.952412614831701e-06,"[0.38437744975090027, 0.515684187412262, 0.07968892902135849, 0.020249484106898308]","[0.38249942660331726, 0.5180692076683044, 0.0793938860297203, 0.020037461072206497]"
model\Dataset_Flood\medium\다운로드 (14) 1.jpg,medium,1,medium,1,0.5550280809402466,low,0.22818857431411743,medium,1,0.5566388964653015,low,0.23128089308738708,True,True,True,0.9999948143959045,0.0032299859449267387,0.0021925794426351786,0.0016108155250549316,1.4944945405659382e-06,"[0.32683950662612915, 0.5550280809402466, 0.1086549311876297, 0.009477474726736546]","[0.32535800337791443, 0.5566388964653015, 0.1085214838385582, 0.009481694549322128]"
model\Dataset_Flood\medium\다운로드 (14).jpg,medium,1,medium,1,0.9599722623825073,low,0.9329791255295277,medium,1,0.9599817991256714,low,0.9329835083335638,True,True,True,1.0,6.717303767800331e-05,4.00430872105062e-05,3.3614691346883774e-05,3.4617187338881195e-08,"[0.02699313685297966, 0.9599722623825073, 0.007968474179506302, 0.005066193174570799]","[0.026998290792107582, 0.9599817991256714, 0.007987341843545437, 0.005032578483223915]"
model\Dataset_Flood\medium\다운로드 (18).jpg,medium,1,low,0,0.5445888042449951,medium,0.17019012570381165,low,0,0.5439684987068176,medium,0.16896668076515198,False,False,True,0.9999991655349731,0.0013026315718889236,0.0008670862298458815,0.0006203055381774902,2.5546341930748895e-07,"[0.5445888042449951, 0.37439867854118347, 0.019421713426709175, 0.06159079074859619]","[0.5439684987068176, 0.37500181794166565, 0.019469887018203735, 0.061559777706861496]"
model\Dataset_Flood\medium\다운로드 (2).jpg,medium,1,non_flood,3,0.38923943042755127,medium,0.04224151372909546,non_flood,3,0.3860926926136017,medium,0.03871488571166992,False,False,True,0.9999759793281555,0.006293565034866333,0.0040822867304086685,0.003146737813949585,6.842019502073526e-06,"[0.24632012844085693, 0.3469979166984558, 0.01744249276816845, 0.38923943042755127]","[0.2488848716020584, 0.34737780690193176, 0.017644686624407768, 0.3860926926136017]"
model\Dataset_Flood\medium\다운로드 (28).jpg,medium,1,low,0,0.8243799805641174,non_flood,0.7162594571709633,low,0,0.8254615664482117,non_flood,0.718498483300209,False,False,True,0.9999988675117493,0.002343276748433709,0.001586758648045361,0.0011574402451515198,1.7611019984542509e-06,"[0.8243799805641174, 0.06525313854217529, 0.00224639056250453, 0.10812052339315414]","[0.8254615664482117, 0.06534316390752792, 0.0022321653086692095, 0.10696308314800262]"
model\Dataset_Flood\medium\다운로드 (32).jpg,medium,1,medium,1,0.5157451033592224,non_flood,0.2274339497089386,medium,1,0.5168666243553162,non_flood,0.22873884439468384,True,True,True,0.9999972581863403,0.0025717243552207947,0.0015918546123430133,0.00112152099609375,2.056502125924453e-06,"[0.10767064988613129, 0.5157451033592224, 0.08827312290668488, 0.2883111536502838]","[0.10783495008945465, 0.5168666243553162, 0.08717059344053268, 0.2881277799606323]"
model\Dataset_Flood\medium\다운로드 (35).jpg,medium,1,low,0,0.6459608674049377,medium,0.3046874403953552,low,0,0.647188127040863,medium,0.3069058656692505,False,False,True,0.9999979734420776,0.0024546151980757713,0.001588073675520718,0.001227259635925293,1.2063592293998227e-06,"[0.6459608674049377, 0.3412734270095825, 0.008722871541976929, 0.004042905755341053]","[0.647188127040863, 0.34028226137161255, 0.008552289567887783, 0.003977297805249691]"
model\Dataset_Flood\medium\다운로드 (36).jpg,medium,1,low,0,0.5153228044509888,medium,0.09508910775184631,low,0,0.5162327885627747,medium,0.09632071852684021,False,False,True,0.9999988675117493,0.0018199989572167397,0.0010912480065599084,0.0009099841117858887,9.089271202356031e-07,"[0.5153228044509888, 0.42023369669914246, 0.010401376523077488, 0.054042164236307144]","[0.5162327885627747, 0.41991207003593445, 0.01031479611992836, 0.05354035645723343]"
model\Dataset_Flood\medium\다운로드 (39).jpg,medium,1,medium,1,0.9712746739387512,high,0.949722345918417,medium,1,0.9714382290840149,high,0.9500470999628305,True,True,True,1.0,0.00032716779969632626,0.00022965387324802577,0.00016355514526367188,1.5599188429860078e-07,"[0.004093579016625881, 0.9712746739387512, 0.021552328020334244, 0.00307945953682065]","[0.004093516618013382, 0.9714382290840149, 0.02139112912118435, 0.0030771081801503897]"
model\Dataset_Flood\medium\다운로드 (42).jpg,medium,1,low,0,0.5083284974098206,medium,0.20240578055381775,low,0,0.5112726092338562,medium,0.20740360021591187,False,False,True,0.9999839663505554,0.005888141691684723,0.003682501846924424,0.0029441118240356445,4.797033852810273e-06,"[0.5083284974098206, 0.3059227168560028, 0.09250795096158981, 0.09324079006910324]","[0.5112726092338562, 0.30386900901794434, 0.09168931096792221, 0.09316910803318024]"
model\Dataset_Flood\medium\다운로드 (6).jpg,medium,1,medium,1,0.7691168189048767,high,0.6021490693092346,medium,1,0.7681452631950378,high,0.600943386554718,True,True,True,0.9999992251396179,0.0021732328459620476,0.0013186144642531872,0.0009715557098388672,2.1210853446973488e-06,"[0.04895288124680519, 0.7691168189048767, 0.1669677495956421, 0.014962495304644108]","[0.04980539157986641, 0.7681452631950378, 0.16720187664031982, 0.01484745554625988]"
model\Dataset_Flood\medium\다운로드 (8).jpg,medium,1,medium,1,0.9612914323806763,low,0.9286986105144024,medium,1,0.9612253904342651,low,0.928523026406765,True,True,True,0.9999999403953552,0.0002189206425100565,0.00013407068036030978,0.00010954216122627258,5.674797876054072e-08,"[0.03259282186627388, 0.9612914323806763, 0.004906002432107925, 0.0012096990831196308]","[0.03270236402750015, 0.9612253904342651, 0.004865964408963919, 0.0012064005713909864]"
model\Dataset_Flood\medium\화면 캡처 2025-03-05 161212.jpg,medium,1,low,0,0.2820107042789459,medium,0.014509916305541992,low,0,0.2815262973308563,medium,0.01365816593170166,False,False,True,0.9999949336051941,0.002968713641166687,0.001617778791114688,0.0011170059442520142,1.4477991499006748e-06,"[0.2820107042789459, 0.26750078797340393, 0.2349584847688675, 0.21553002297878265]","[0.2815262973308563, 0.26786813139915466, 0.2360754907131195, 0.2145300656557083]"
model\Dataset_Flood\high\0accd7d954244bddb748e57f3cb93909.jpg,high,2,high,2,0.8850694894790649,medium,0.8280937224626541,high,2,0.8844306468963623,medium,0.8271300382912159,True,True,True,0.9999999403953552,0.0012777037918567657,0.0007517127669416368,0.0006388425827026367,5.655820132233202e-07,"[0.010539407841861248, 0.05697576701641083, 0.8850694894790649, 0.04741532728075981]","[0.010663813911378384, 0.05730060860514641, 0.8844306468963623, 0.047604940831661224]"
model\Dataset_Flood\high\0c721824746a4d454e73dddd86156986.webp,high,2,medium,1,0.9601048827171326,high,0.925107792019844,medium,1,0.9603286385536194,high,0.9255710169672966,False,False,True,0.9999999403953552,0.00047899159835651517,0.00032810965785756707,0.00023946911096572876,2.1906130598381424e-07,"[0.0041835252195596695, 0.9601048827171326, 0.03499709069728851, 0.0007144789560697973]","[0.004199139308184385, 0.9603286385536194, 0.034757621586322784, 0.0007146315183490515]"
model\Dataset_Flood\high\1.webp,high,2,high,2,0.49679771065711975,medium,0.11218458414077759,high,2,0.4980528652667999,medium,0.11546003818511963,True,True,True,0.999992311000824,0.0040751793421804905,0.002503880299627781,0.0020202994346618652,2.4081805349851493e-06,"[0.11278712749481201, 0.38461312651634216, 0.49679771065711975, 0.005802123807370663]","[0.11356949061155319, 0.3825928270816803, 0.4980528652667999, 0.005784761626273394]"
model\Dataset_Flood\high\14570325-1658214634469138-5325694966022526416-n-1476516765486.webp,high,2,high,2,0.9940055012702942,medium,0.9888604711741209,high,2,0.993962824344635,medium,0.9887786153703928,True,True,True,1.0000001192092896,8.888379670679569e-05,5.819947909913026e-05,4.267692565917969e-05,4.6843894097037264e-08,"[0.0003997083695139736, 0.0051450300961732864, 0.9940055012702942, 0.000449792220024392]","[0.00040498003363609314, 0.00518420897424221, 0.993962824344635, 0.0004480358911678195]"
model\Dataset_Flood\high\1549370481032.jpg,high,2,high,2,0.688352108001709,medium,0.39465054869651794,high,2,0.6903130412101746,medium,0.3987666666507721,True,True,True,0.9999932050704956,0.004310864955186844,0.00292025925591588,0.0021551847457885742,2.9767697924398817e-06,"[0.017709726467728615, 0.29370155930519104, 0.688352108001709, 0.00023656382109038532]","[0.017904235050082207, 0.29154637455940247, 0.6903130412101746, 0.00023632522788830101]"
model\Dataset_Flood\high\184fe5688cfd2ba372ec-1725976227.jpg,high,2,high,2,0.9775543808937073,medium,0.9619205128401518,high,2,0.9776151776313782,medium,0.9620071472600102,True,True,True,1.0000001192092896,0.00012165779480710626,7.412066770484671e-05,6.079673767089844e-05,,"[0.006441763136535883, 0.01563386805355549, 0.9775543808937073, 0.00037000258453190327]","[0.0064081777818500996, 0.015608030371367931, 0.9776151776313782, 0.00036856456426903605]"
model\Dataset_Flood\high\1aae8d4dacd102d3a1eb0b127e80c8c1.avif,high,2,high,2,0.5897281765937805,medium,0.3735926151275635,high,2,0.5931283831596375,medium,0.3784627765417099,True,True,True,0.9999865889549255,0.006800420582294464,0.00405685231089592,0.0034002065658569336,6.744762231392087e-06,"[0.11517371982336044, 0.21613556146621704, 0.5897281765937805, 0.07896256446838379]","[0.11354793608188629, 0.21466560661792755, 0.5931283831596375, 0.0786580890417099]"
model\Dataset_Flood\high\2-1726448843911500454177.webp,high,2,high,2,0.7686073780059814,medium,0.6250806897878647,high,2,0.7696336507797241,medium,0.6260976493358612,True,True,True,0.999998927116394,0.0020711440593004227,0.001444505644030869,0.0010262727737426758,1.7828555201049312e-06,"[0.08135274797677994, 0.14352668821811676, 0.7686073780059814, 0.006513118743896484]","[0.08033642917871475, 0.14353600144386292, 0.7696336507797241, 0.006493879482150078]"
model\Dataset_Flood\high\2.webp,high,2,high,2,0.978228747844696,medium,0.9606895707547665,high,2,0.9784336686134338,medium,0.961101058870554,True,True,True,0.9999999403953552,0.00041466508992016315,0.00029097936931066215,0.00020656734704971313,3.1184202953227214e-07,"[0.00404195673763752, 0.01753917708992958, 0.978228747844696, 0.00019006856018677354]","[0.004044367000460625, 0.017332609742879868, 0.9784336686134338, 0.00018930184887722135]"
model\Dataset_Flood\high\2938296.jpeg,high,2,high,2,0.9456462860107422,medium,0.9122804440557957,high,2,0.9455841779708862,medium,0.912196509540081,True,True,True,1.0000001192092896,0.00012419745326042175,7.179571548476815e-05,6.210803985595703e-05,1.380749292678729e-08,"[0.009053605608642101, 0.03336584195494652, 0.9456462860107422, 0.011934314854443073]","[0.00907147116959095, 0.033387668430805206, 0.9455841779708862, 0.011956712231040001]"
model\Dataset_Flood\high\2c3bf42657a6989906c253646b76567a.avif,high,2,high,2,0.9495488405227661,medium,0.9136428236961365,high,2,0.9494314193725586,medium,0.913507305085659,True,True,True,1.0,0.0002374150208197534,0.00015571036783512682,0.00011742115020751953,9.648189092104076e-08,"[0.013806725852191448, 0.03590601682662964, 0.9495488405227661, 0.0007384416530840099]","[0.013907368294894695, 0.03592411428689957, 0.9494314193725586, 0.0007371876854449511]"
model\Dataset_Flood\high\30monsoon3-superJumbo.jpg,high,2,high,2,0.8235480189323425,low,0.6926589012145996,high,2,0.8244858980178833,low,0.6946645081043243,True,True,True,0.9999989867210388,0.0021352972835302353,0.0014247484505176544,0.00106772780418396,1.3956559996586293e-06,"[0.13088911771774292, 0.038765836507081985, 0.8235480189323425, 0.0067971255630254745]","[0.12982138991355896, 0.03880036249756813, 0.8244858980178833, 0.006892289966344833]"
model\Dataset_Flood\high\3142_6884_5650.jpg,high,2,high,2,0.9806137084960938,medium,0.9619656763970852,high,2,0.9808561205863953,medium,0.9624379202723503,True,True,True,0.9999999403953552,0.00048474411596544087,0.00033418243401683867,0.00024241209030151367,4.2247026499353524e-07,"[0.00029449103749357164, 0.01864803209900856, 0.9806137084960938, 0.00044373414129950106]","[0.00029083844856359065, 0.018418200314044952, 0.9808561205863953, 0.00043488648952916265]"
model\Dataset_Flood\high\3683595427395733579929176168177302426969453n-17000618284281562116315-17001001010301837793450-1700105792646-1700105792799297207396.jpg,high,2,high,2,0.8809255361557007,medium,0.8187885731458664,high,2,0.8810077905654907,medium,0.8189128153026104,True,True,True,1.0,0.00018022023141384125,0.00010443255450809374,8.225440979003906e-05,5.932452395995824e-08,"[0.045476797968149185, 0.06213696300983429, 0.8809255361557007, 0.011460663750767708]","[0.04548465460538864, 0.062094975262880325, 0.8810077905654907, 0.011412542313337326]"
model\Dataset_Flood\high\3cbf55ff-d524-461d-bf40-fa489285474d.jpg,high,2,high,2,0.860382080078125,medium,0.7890720441937447,high,2,0.8600012063980103,medium,0.788917563855648,True,True,True,0.9999997615814209,0.0012146476656198502,0.0006173763540573418,0.0003808736801147461,1.2311647878959775e-06,"[0.01300303265452385, 0.07131003588438034, 0.860382080078125, 0.05530481040477753]","[0.013320492580533028, 0.07108364254236221, 0.8600012063980103, 0.055594731122255325]"
model\Dataset_Flood\high\3f5d93177388049.Y3JvcCwyMjE5LDE3MzYsMTkyLDA.jpg,high,2,high,2,0.9616088271141052,medium,0.9270354807376862,high,2,0.9617300629615784,medium,0.9272815026342869,True,True,True,1.0,0.0002632266841828823,0.0001744238834362477,0.00012478604912757874,6.835125532234088e-08,"[0.0018255349714308977, 0.03457334637641907, 0.9616088271141052, 0.001992266857996583]","[0.0018186646047979593, 0.03444856032729149, 0.9617300629615784, 0.0020026012789458036]"
model\Dataset_Flood\high\4231cd29f2fb53ce8f0359eba8f1caaa85b22b53819bf0b9990e4c4d228c8c89.webp,high,2,high,2,0.6736491322517395,medium,0.3893775939941406,high,2,0.6730796694755554,medium,0.38839876651763916,True,True,True,0.9999996423721313,0.0011388901621103287,0.000718417635653168,0.000569462776184082,2.116514821182136e-07,"[0.04096529260277748, 0.2842715382575989, 0.6736491322517395, 0.0011140238493680954]","[0.0411209762096405, 0.28468090295791626, 0.6730796694755554, 0.0011184029281139374]"
model\Dataset_Flood\high\5014_16674_838.jpeg,high,2,medium,1,0.8165008425712585,low,0.7221032828092575,medium,1,0.8161355257034302,low,0.7208525612950325,False,False,True,0.9999992847442627,0.0017708726227283478,0.001061327289789915,0.000885404646396637,2.103450469803647e-06,"[0.09439755976200104, 0.8165008425712585, 0.06341291964054108, 0.02568875439465046]","[0.09528296440839767, 0.8161355257034302, 0.06334485858678818, 0.025236664339900017]"
model\Dataset_Flood\high\55773045914753049472890299210419266668310485n-edited-1759847558843.webp,high,2,high,2,0.640498697757721,non_flood,0.3052743673324585,high,2,0.6417902708053589,non_flood,0.3077784776687622,True,True,True,0.9999972581863403,0.00258319778367877,0.0017730336403474212,0.0012915730476379395,8.772185537964106e-07,"[0.0015282313106581569, 0.022748786956071854, 0.640498697757721, 0.33522433042526245]","[0.0015211948193609715, 0.022676736116409302, 0.6417902708053589, 0.3340117931365967]"
model\Dataset_Flood\high\569FB5E8-17FF-4DA7-AF819E7223AD38C7_source.webp,high,2,high,2,0.880389392375946,medium,0.7737572267651558,high,2,0.8830953240394592,medium,0.7788775563240051,True,True,True,0.9999951720237732,0.0054118819534778595,0.003632657928392291,0.0027059316635131836,9.057115676114336e-06,"[0.008529226295650005, 0.10663216561079025, 0.880389392375946, 0.004449260886758566]","[0.008417505770921707, 0.1042177677154541, 0.8830953240394592, 0.004269429016858339]"
model\Dataset_Flood\high\635768841684948096-phxdc5-6gyf1kx4ghu1623w1k6v-original.webp,high,2,high,2,0.9888977408409119,medium,0.983814237639308,high,2,0.9891397953033447,medium,0.9841377353295684,True,True,True,1.0,0.0004841493209823966,0.0002840109809767455,0.00024205446243286133,6.854934326838702e-07,"[0.0016189069719985127, 0.0050835032016038895, 0.9888977408409119, 0.004399866797029972]","[0.0015741789247840643, 0.0050020599737763405, 0.9891397953033447, 0.004283943213522434]"
model\Dataset_Flood\high\65d952b4-90a2-4d18-b035-24352c-3365-2036-1764872629.webp,high,2,high,2,0.5810731053352356,medium,0.33410561084747314,high,2,0.5815720558166504,medium,0.3350237309932709,True,True,True,0.9999997019767761,0.001046130433678627,0.0006603284855373204,0.0004989504814147949,1.999742238467661e-07,"[0.14781400561332703, 0.24696749448776245, 0.5810731053352356, 0.024145454168319702]","[0.14783810079097748, 0.24654832482337952, 0.5815720558166504, 0.024041539058089256]"
model\Dataset_Flood\high\69ee9288539659.5dd95020c9513.jpeg,high,2,high,2,0.990872859954834,medium,0.9851268180646002,high,2,0.9909071922302246,medium,0.9851699941791594,True,True,True,1.0,6.86943531036377e-05,4.024969894089736e-05,3.4332275390625e-05,5.6729504649410956e-08,"[0.002579841995611787, 0.005746041890233755, 0.990872859954834, 0.000801235728431493]","[0.0025627510622143745, 0.0057371980510652065, 0.9909071922302246, 0.0007928084232844412]"
model\Dataset_Flood\high\702018189_univ_cnt_01_xs.jpg,high,2,high,2,0.8795639276504517,medium,0.7594299837946892,high,2,0.8798428177833557,medium,0.75998904556036,True,True,True,0.9999999403953552,0.0005604074685834348,0.00039531869697384536,0.00028017163276672363,6.415076825305732e-08,"[0.0002715315786190331, 0.12013394385576248, 0.8795639276504517, 3.055962224607356e-05]","[0.00027244602097198367, 0.11985377222299576, 0.8798428177833557, 3.0990860977908596e-05]"
model\Dataset_Flood\high\70deae53-f714-4542-8a8b-4f62f2c1c87a.jpg,high,2,high,2,0.9288122653961182,non_flood,0.9009806253015995,high,2,0.9291071891784668,non_flood,0.9013243783265352,True,True,True,1.0000001192092896,0.0005898550152778625,0.0003822116123046726,0.0002949237823486328,4.522953247487749e-07,"[0.016534017398953438, 0.026822037994861603, 0.9288122653961182, 0.02783164009451866]","[0.016295991837978363, 0.026813961565494537, 0.9291071891784668, 0.027782810851931572]"
model\Dataset_Flood\high\72efa2414d805874960fcdcba8998271846f130d5b210f85dfa33e8358683cf2_6312409.jpg,high,2,medium,1,0.5679461359977722,high,0.2803197503089905,medium,1,0.5655785799026489,high,0.2754095792770386,False,False,True,0.9999867081642151,0.005087347701191902,0.0034786821343004704,0.0025426149368286133,4.0832555896486156e-06,"[0.14141105115413666, 0.5679461359977722, 0.28762638568878174, 0.0030164639465510845]","[0.14123493432998657, 0.5655785799026489, 0.29016900062561035, 0.0030175235588103533]"
model\Dataset_Flood\high\_56509788_013289771-2.jpg,high,2,high,2,0.9525275230407715,medium,0.9104587286710739,high,2,0.9528152942657471,medium,0.9109721966087818,True,True,True,1.0,0.0005761488573625684,0.0003709977609105408,0.00028777122497558594,3.0485355750897725e-07,"[0.004354536533355713, 0.04206879436969757, 0.9525275230407715, 0.001049116486683488]","[0.004292183090001345, 0.041843097656965256, 0.9528152942657471, 0.001049443962983787]"
model\Dataset_Flood\high\a81349fcba3a042928236465e17d5847.jpg,high,2,high,2,0.8381636142730713,medium,0.7204097211360931,high,2,0.8359852433204651,medium,0.7165052220225334,True,True,True,0.9999970197677612,0.0043567512184381485,0.002814055420458317,0.002178370952606201,4.47147340310039e-06,"[0.041376993060112, 0.11775389313697815, 0.8381636142730713, 0.0027055114042013884]","[0.04181738942861557, 0.11948002129793167, 0.8359852433204651, 0.0027173669077455997]"
model\Dataset_Flood\high\anh-13-cuu-cu-gia-1-1500-1017-124.jpg,high,2,high,2,0.8844333291053772,non_flood,0.8125226944684982,high,2,0.883962869644165,non_flood,0.8119962587952614,True,True,True,0.9999999403953552,0.0009409701451659203,0.0006038575083948672,0.0004704594612121582,4.970006557414308e-07,"[0.003404903458431363, 0.04025106877088547, 0.8844333291053772, 0.07191063463687897]","[0.0034474602434784174, 0.04062304645776749, 0.883962869644165, 0.07196661084890366]"
model\Dataset_Flood\high\anh-nha-dan-ngap-den-noc-tai-tan-ky-1759228506727711366464.webp,high,2,high,2,0.873619794845581,medium,0.7622313126921654,high,2,0.8730683922767639,medium,0.7612152621150017,True,True,True,0.9999998211860657,0.0011028433218598366,0.0007240519626066089,0.0005514025688171387,3.330001163703855e-07,"[0.0066945673897862434, 0.11138848215341568, 0.873619794845581, 0.008297163061797619]","[0.006754429079592228, 0.11185313016176224, 0.8730683922767639, 0.008324094116687775]"
model\Dataset_Flood\high\anh_chup_man_hinh_2025-11-06_luc_16.48.19_copy_20251106164942.webp,high,2,medium,1,0.7943196296691895,high,0.6649204343557358,medium,1,0.7945140600204468,high,0.6653863936662674,False,False,True,0.9999998211860657,0.0005580401048064232,0.00034459150629118085,0.000271528959274292,9.132714495763139e-08,"[0.07212471961975098, 0.7943196296691895, 0.12939919531345367, 0.004156386014074087]","[0.07220931351184845, 0.7945140600204468, 0.12912766635417938, 0.004148899111896753]"
model\Dataset_Flood\high\AP20317053962507.webp,high,2,high,2,0.6727232933044434,medium,0.4400453716516495,high,2,0.6708480715751648,medium,0.4366690069437027,True,True,True,0.9999958276748657,0.0037505272775888443,0.0024225800298154354,0.0018752217292785645,2.0171883079456165e-06,"[0.075910784304142, 0.23267792165279388, 0.6727232933044434, 0.01868794485926628]","[0.07621829956769943, 0.2341790646314621, 0.6708480715751648, 0.018754592165350914]"
model\Dataset_Flood\high\AP23209060794692.jpg,high,2,medium,1,0.5864516496658325,low,0.31686413288116455,medium,1,0.5861992835998535,low,0.3183422386646271,False,False,True,0.9999923706054688,0.0039656562730669975,0.0026398091576993465,0.0019774585962295532,4.839265329792397e-06,"[0.26958751678466797, 0.5864516496658325, 0.14115354418754578, 0.002807316370308399]","[0.26785704493522644, 0.5861992835998535, 0.14313100278377533, 0.002812676364555955]"
model\Dataset_Flood\high\b572b8392df6f2cbbac8a6a19d74bfa2.avif,high,2,high,2,0.752393901348114,low,0.6085038334131241,high,2,0.752360463142395,low,0.6085117906332016,True,True,True,0.9999998807907104,0.0002464931458234787,0.0001426906674169004,0.00012321583926677704,6.021581810955468e-08,"[0.14389006793498993, 0.0782531276345253, 0.752393901348114, 0.025462878867983818]","[0.14384867250919342, 0.0782046839594841, 0.752360463142395, 0.025586094707250595]"
model\Dataset_Flood\high\Banjir-Jakarta-BNPB.jpeg,high,2,high,2,0.972663402557373,non_flood,0.9610666017979383,high,2,0.9730404615402222,non_flood,0.9616118911653757,True,True,True,1.0000001192092896,0.0007541817612946033,0.00044123793486505747,0.0003770589828491211,6.737463991157711e-07,"[0.010679896920919418, 0.005059955641627312, 0.972663402557373, 0.0115968007594347]","[0.010540824383497238, 0.004990135785192251, 0.9730404615402222, 0.011428570374846458]"
model\Dataset_Flood\high\base64-17219077391421699570775.webp,high,2,high,2,0.968529999256134,low,0.9544367687776685,high,2,0.9684216976165771,low,0.9542299536988139,True,True,True,1.0,0.0002662425395101309,0.00015247338160406798,0.00010830163955688477,1.6135209079948254e-07,"[0.014093230478465557, 0.003808234352618456, 0.968529999256134, 0.013568549416959286]","[0.014191743917763233, 0.0038428560364991426, 0.9684216976165771, 0.013543743640184402]"
model\Dataset_Flood\high\base64-1760074240859789130590.webp,high,2,high,2,0.6617804169654846,medium,0.37887921929359436,high,2,0.665190577507019,medium,0.38562434911727905,True,True,True,0.9999815225601196,0.0068204510025680065,0.0047701396979391575,0.003410160541534424,7.196117621788289e-06,"[0.05049389600753784, 0.28290119767189026, 0.6617804169654846, 0.004824558272957802]","[0.050465747714042664, 0.27956622838974, 0.665190577507019, 0.004777385387569666]"
model\Dataset_Flood\high\base64-17636345850221529831693-1763699519205331569198.jpeg,high,2,high,2,0.5364488363265991,medium,0.07978832721710205,high,2,0.5403760671615601,medium,0.08765769004821777,True,True,True,0.9999690651893616,0.007884213700890541,0.005564508028328419,0.003942131996154785,7.902113793534227e-06,"[0.006828228943049908, 0.45666050910949707, 0.5364488363265991, 6.241440860321745e-05]","[0.006842455361038446, 0.4527183771133423, 0.5403760671615601, 6.303865666268393e-05]"
model\Dataset_Flood\high\Basement-Flood-1024x574.webp,high,2,high,2,0.6434428095817566,low,0.4487023800611496,high,2,0.6439856290817261,low,0.44951075315475464,True,True,True,0.9999996423721313,0.0012464579194784164,0.000706806720700115,0.0005428194999694824,2.872256743557955e-07,"[0.194740429520607, 0.030153051018714905, 0.6434428095817566, 0.1316637098789215]","[0.19447487592697144, 0.03023344837129116, 0.6439856290817261, 0.1313060224056244]"
model\Dataset_Flood\high\c1_2628545.jpeg,high,2,high,2,0.7006627917289734,medium,0.4779665917158127,high,2,0.698532223701477,medium,0.4743116945028305,True,True,True,0.9999954700469971,0.0042609963566064835,0.0026775889564305544,0.002130568027496338,2.8499596282927087e-06,"[0.052374619990587234, 0.2226962000131607, 0.7006627917289734, 0.024266421794891357]","[0.05292556434869766, 0.22422052919864655, 0.698532223701477, 0.024321576580405235]"
model\Dataset_Flood\high\Da-Nang-Flood.webp,high,2,high,2,0.9310610890388489,low,0.8912220112979412,high,2,0.930841863155365,low,0.8907410353422165,True,True,True,1.0,0.0005234659183770418,0.0003440494474489242,0.00026175007224082947,2.3058724707425426e-07,"[0.03983907774090767, 0.028100062161684036, 0.9310610890388489, 0.0009997840970754623]","[0.0401008278131485, 0.028057672083377838, 0.930841863155365, 0.0009996842127293348]"
model\Dataset_Flood\high\dd20c6609cc035fedf1a093e97f51af4.jpeg,high,2,high,2,0.9435697793960571,medium,0.9022909253835678,high,2,0.9425049424171448,medium,0.9005843251943588,True,True,True,0.9999995827674866,0.0021297666244208813,0.0013110256986692548,0.0010648369789123535,2.850613782356959e-06,"[0.01477754581719637, 0.04127885401248932, 0.9435697793960571, 0.00037379280547611415]","[0.015193476341664791, 0.04192061722278595, 0.9425049424171448, 0.0003810287162195891]"
model\Dataset_Flood\high\devastating-flash-flood-engulfing-a-countryside-village-natural-disaster-concept-photo.jpg,high,2,medium,1,0.34077373147010803,high,0.01855054497718811,medium,1,0.34014391899108887,high,0.01805335283279419,False,False,True,0.9999973177909851,0.0020666271448135376,0.0012471565278246999,0.0010333359241485596,8.096831720649789e-07,"[0.2497512698173523, 0.34077373147010803, 0.3222231864929199, 0.08725184202194214]","[0.25078460574150085, 0.34014391899108887, 0.3220905661582947, 0.08698098361492157]"
model\Dataset_Flood\high\download.webp,high,2,low,0,0.5826719999313354,medium,0.20164909958839417,low,0,0.5842295289039612,medium,0.20484742522239685,False,False,True,0.9999949336051941,0.003281685058027506,0.0022631005849689245,0.0016407966613769531,1.4356755855260417e-06,"[0.5826719999313354, 0.3810229003429413, 0.0047787209041416645, 0.03152637556195259]","[0.5842295289039612, 0.37938210368156433, 0.0048248423263430595, 0.031563613563776016]"
model\Dataset_Flood\high\e995dc17a5ef880952ce470a62e34a03.jpg,high,2,medium,1,0.8848484754562378,low,0.7748988792300224,medium,1,0.8846738338470459,low,0.7745682522654533,False,False,True,0.9999999403953552,0.000349399633705616,0.00023481392418034375,0.00017464160919189453,4.109472229174571e-08,"[0.10994959622621536, 0.8848484754562378, 0.004265430849045515, 0.0009364825673401356]","[0.11010558158159256, 0.8846738338470459, 0.00428288709372282, 0.0009377989917993546]"
model\Dataset_Flood\high\f0b9d4ea395d32cff515f256df723a91.jpg,high,2,high,2,0.992597222328186,medium,0.9863444846123457,high,2,0.9926804900169373,medium,0.9864906133152544,True,True,True,1.0,0.00016654047067277133,0.00010628013842506334,8.32676887512207e-05,1.5683825438372878e-07,"[4.689635898103006e-05, 0.00625273771584034, 0.992597222328186, 0.0011031386675313115]","[4.674365118262358e-05, 0.006189876701682806, 0.9926804900169373, 0.001082879607565701]"
model\Dataset_Flood\high\flood-1.jpg,high,2,high,2,0.9982509016990662,low,0.9969128594966605,high,2,0.9982349872589111,low,0.9968860746594146,True,True,True,1.0000001192092896,3.1879771995591e-05,1.982100548048038e-05,1.5914440155029297e-05,1.8857008399209008e-08,"[0.0013380422024056315, 0.00036332671879790723, 0.9982509016990662, 4.77044923172798e-05]","[0.0013489125994965434, 0.00036793065373785794, 0.9982349872589111, 4.8195492126978934e-05]"
model\Dataset_Flood\high\flood-damage_480x480.webp,high,2,high,2,0.6844698190689087,medium,0.47198912501335144,high,2,0.6844000816345215,medium,0.47242653369903564,True,True,True,0.9999995231628418,0.001153741031885147,0.0006572984857484698,0.0005071461200714111,5.582187441177666e-07,"[0.056002285331487656, 0.21248069405555725, 0.6844698190689087, 0.04704725742340088]","[0.05633313208818436, 0.21197354793548584, 0.6844000816345215, 0.04729326814413071]"
model\Dataset_Flood\high\flood_1214.jpg,high,2,high,2,0.9861845374107361,medium,0.9802318238653243,high,2,0.9862301349639893,medium,0.9803058998659253,True,True,True,1.0000001192092896,9.611155837774277e-05,5.7243680203100666e-05,4.559755325317383e-05,3.17008925776463e-08,"[0.0044746072962880135, 0.005952713545411825, 0.9861845374107361, 0.0033881007693707943]","[0.004477142821997404, 0.005924235098063946, 0.9862301349639893, 0.0033686007373034954]"
model\Dataset_Flood\high\flood_1258.jpg,high,2,high,2,0.9582083225250244,medium,0.9215920902788639,high,2,0.9584270715713501,medium,0.9220215380191803,True,True,True,1.0,0.00045443116687238216,0.0003042857570108026,0.0002187490463256836,1.4642658641150774e-07,"[0.0022800175938755274, 0.03661623224616051, 0.9582083225250244, 0.002895422512665391]","[0.002263485686853528, 0.0364055335521698, 0.9584270715713501, 0.0029038740321993828]"
model\Dataset_Flood\high\flood_1261.jpg,high,2,high,2,0.9427438378334045,low,0.9150925073772669,high,2,0.9429115653038025,low,0.9152624066919088,True,True,True,1.0000001192092896,0.0003354158252477646,0.00020699652668554336,0.00016772747039794922,1.1837891378263521e-07,"[0.027651330456137657, 0.01860308088362217, 0.9427438378334045, 0.0110017703846097]","[0.027649158611893654, 0.018497822806239128, 0.9429115653038025, 0.010941511951386929]"
model\Dataset_Flood\high\flood_1334.jpg,high,2,high,2,0.8794717192649841,medium,0.7729038596153259,high,2,0.8796331882476807,medium,0.77332703769207,True,True,True,1.0,0.0005235269200056791,0.00032347036176361144,0.0002617090940475464,2.0774314180016518e-07,"[0.013439654372632504, 0.1065678596496582, 0.8794717192649841, 0.0005206740461289883]","[0.013539999723434448, 0.10630615055561066, 0.8796331882476807, 0.0005206705536693335]"
model\Dataset_Flood\high\flood_157.jpg,high,2,medium,1,0.7281269431114197,high,0.515862226486206,medium,1,0.7269573211669922,high,0.513732984662056,False,False,True,0.9999985694885254,0.0023392990697175264,0.0015268544666469097,0.0011696219444274902,9.069468660527491e-07,"[0.0570928193628788, 0.7281269431114197, 0.21226471662521362, 0.0025154442992061377]","[0.0572986863553524, 0.7269573211669922, 0.21322433650493622, 0.0025196345522999763]"
model\Dataset_Flood\high\flood_158.jpg,high,2,high,2,0.8913211226463318,medium,0.8365573696792126,high,2,0.892547607421875,medium,0.8383293449878693,True,True,True,0.9999996423721313,0.002453107386827469,0.001426949631422758,0.0012264847755432129,1.9708897980308393e-06,"[0.02579648233950138, 0.05476375296711922, 0.8913211226463318, 0.028118684887886047]","[0.025421349331736565, 0.05421826243400574, 0.892547607421875, 0.027812685817480087]"
model\Dataset_Flood\high\flood_173.jpg,high,2,high,2,0.8181494474411011,medium,0.7117910236120224,high,2,0.8159967064857483,medium,0.7085979133844376,True,True,True,0.9999974966049194,0.004421913996338844,0.0026627397164702415,0.002152740955352783,4.810976861335803e-06,"[0.06054580584168434, 0.10635842382907867, 0.8181494474411011, 0.014946387149393559]","[0.06171632930636406, 0.10739879310131073, 0.8159967064857483, 0.014888106845319271]"
model\Dataset_Flood\high\flood_177.jpg,high,2,high,2,0.738678514957428,medium,0.5306773781776428,high,2,0.7384170293807983,medium,0.5301338583230972,True,True,True,0.9999998211860657,0.0011850334703922272,0.0005948939360678196,0.0003310255706310272,9.912910172715783e-07,"[0.02740827575325966, 0.20800113677978516, 0.738678514957428, 0.025912081822752953]","[0.027718763798475266, 0.2082831710577011, 0.7384170293807983, 0.025581056252121925]"
model\Dataset_Flood\high\flood_196.jpg,high,2,high,2,0.8189554214477539,medium,0.6668740212917328,high,2,0.8205561637878418,medium,0.6695117950439453,True,True,True,0.9999985694885254,0.0032014152966439724,0.001980917528271675,0.0016007423400878906,2.8201609438838204e-06,"[0.004865903407335281, 0.15208140015602112, 0.8189554214477539, 0.024097206071019173]","[0.0048364498652517796, 0.15104436874389648, 0.8205561637878418, 0.023563018068671227]"
model\Dataset_Flood\high\flood_197.jpg,high,2,high,2,0.7343012690544128,medium,0.5177142024040222,high,2,0.7345908880233765,medium,0.518243670463562,True,True,True,0.9999998807907104,0.0005843332037329674,0.0003796669188886881,0.00028961896896362305,1.0133134509260344e-07,"[0.03563632443547249, 0.21658706665039062, 0.7343012690544128, 0.013475276529788971]","[0.03563890606164932, 0.21634721755981445, 0.7345908880233765, 0.013422993011772633]"
model\Dataset_Flood\high\flood_208.jpg,high,2,high,2,0.7192078828811646,non_flood,0.6025054901838303,high,2,0.7185485363006592,non_flood,0.6022243276238441,True,True,True,0.9999986886978149,0.0020826049149036407,0.00128922367002815,0.001041308045387268,1.4153412166706403e-06,"[0.049808524549007416, 0.11428120732307434, 0.7192078828811646, 0.11670239269733429]","[0.04980475828051567, 0.11532251536846161, 0.7185485363006592, 0.11632420867681503]"
model\Dataset_Flood\high\flood_211.jpg,high,2,high,2,0.5259659886360168,medium,0.07777795195579529,high,2,0.5244003534317017,medium,0.07469773292541504,True,True,True,0.9999950528144836,0.0031349272467195988,0.0021789860911667347,0.0015656352043151855,1.2376502809274825e-06,"[0.02527701109647751, 0.44818803668022156, 0.5259659886360168, 0.0005689301760867238]","[0.02532992511987686, 0.4497026205062866, 0.5244003534317017, 0.000567136041354388]"
model\Dataset_Flood\high\flood_219.jpg,high,2,medium,1,0.7799239158630371,high,0.5939384400844574,medium,1,0.7798137068748474,high,0.5934978425502777,False,False,True,0.9999998807907104,0.0008134124800562859,0.0004637084493879229,0.00033038854598999023,6.242698873393238e-07,"[0.01129952073097229, 0.7799239158630371, 0.1859854757785797, 0.022791102528572083]","[0.011375865899026394, 0.7798137068748474, 0.1863158643245697, 0.022494632750749588]"
model\Dataset_Flood\high\flood_247.jpg,high,2,high,2,0.830122172832489,medium,0.6899437606334686,high,2,0.8297465443611145,medium,0.6893081963062286,True,True,True,0.9999998211860657,0.0007631545886397362,0.0004727641062345356,0.0003756284713745117,2.1335370092856465e-07,"[0.01938876137137413, 0.14017841219902039, 0.830122172832489, 0.010310607962310314]","[0.01951044797897339, 0.14043834805488586, 0.8297465443611145, 0.010304704308509827]"
model\Dataset_Flood\high\flood_2968.jpg,high,2,high,2,0.6263096332550049,medium,0.30059686303138733,high,2,0.6241456866264343,medium,0.29638585448265076,True,True,True,0.9999920129776001,0.004333518445491791,0.0029811847489327192,0.0021639466285705566,2.616003484945395e-06,"[0.01950608752667904, 0.32571277022361755, 0.6263096332550049, 0.028471456840634346]","[0.019625786691904068, 0.32775983214378357, 0.6241456866264343, 0.028468646109104156]"
model\Dataset_Flood\high\flood_3125.jpg,high,2,high,2,0.9059371948242188,medium,0.8573695681989193,high,2,0.9063491225242615,medium,0.8579222038388252,True,True,True,1.0,0.0008236728608608246,0.0004953141906298697,0.0004119277000427246,2.777378256269003e-07,"[0.007259125355631113, 0.048567626625299454, 0.9059371948242188, 0.03823598101735115]","[0.007221388164907694, 0.04842691868543625, 0.9063491225242615, 0.038002680987119675]"
model\Dataset_Flood\high\flood_4762.jpg,high,2,medium,1,0.9011265635490417,high,0.8438479565083981,medium,1,0.9006288051605225,high,0.8429747819900513,False,False,True,0.9999998807907104,0.0011085118167102337,0.0006510621169582009,0.0004977583885192871,4.974409080205078e-07,"[0.03603724390268326, 0.9011265635490417, 0.05727860704064369, 0.005557585973292589]","[0.03621610626578331, 0.9006288051605225, 0.05765402317047119, 0.005501111038029194]"
model\Dataset_Flood\high\flood_4763.jpg,high,2,high,2,0.708735466003418,low,0.513850212097168,high,2,0.7110761404037476,low,0.5181930214166641,True,True,True,0.9999940395355225,0.004681292921304703,0.0030894482042640448,0.00234067440032959,3.801109187406837e-06,"[0.19488525390625, 0.08105167001485825, 0.708735466003418, 0.015327567234635353]","[0.19288311898708344, 0.08087518811225891, 0.7110761404037476, 0.01516556553542614]"
model\Dataset_Flood\high\flood_4800.jpg,high,2,high,2,0.609502911567688,medium,0.23077964782714844,high,2,0.6095502972602844,medium,0.23099762201309204,True,True,True,1.0,0.0003411453799344599,0.00021227139222901314,0.00017058849334716797,1.4038867846011271e-07,"[0.011048787273466587, 0.37872326374053955, 0.609502911567688, 0.000725031946785748]","[0.011165725067257881, 0.3785526752471924, 0.6095502972602844, 0.0007312653469853103]"
model\Dataset_Flood\high\flood_4812.jpg,high,2,high,2,0.9116615056991577,medium,0.8326856568455696,high,2,0.911301851272583,medium,0.8319320231676102,True,True,True,0.9999999403953552,0.000792285893112421,0.0005347010446712375,0.0003939792513847351,2.9132482382010494e-07,"[0.004205395467579365, 0.0789758488535881, 0.9116615056991577, 0.005157171748578548]","[0.004207586403936148, 0.07936982810497284, 0.911301851272583, 0.0051207104697823524]"
model\Dataset_Flood\high\flood_4856.jpg,high,2,high,2,0.875293493270874,medium,0.7810749411582947,high,2,0.8749585151672363,medium,0.7805327698588371,True,True,True,0.9999999403953552,0.0006699822843074799,0.00040756765520200133,0.0003349781036376953,1.9916662097330118e-07,"[0.010822881944477558, 0.09421855211257935, 0.875293493270874, 0.019665081053972244]","[0.010924232192337513, 0.0944257453083992, 0.8749585151672363, 0.01969154179096222]"
model\Dataset_Flood\high\flood_4965.jpg,high,2,high,2,0.778484046459198,medium,0.5628920048475266,high,2,0.7759254574775696,medium,0.5578328520059586,True,True,True,0.9999926686286926,0.005117037799209356,0.003577873343601823,0.002558588981628418,4.729451575258281e-06,"[0.0013078178744763136, 0.21559204161167145, 0.778484046459198, 0.004616123158484697]","[0.0013244195142760873, 0.21809260547161102, 0.7759254574775696, 0.004657406359910965]"
model\Dataset_Flood\high\flood_5032.jpg,high,2,high,2,0.7853575944900513,medium,0.5855569243431091,high,2,0.7860528230667114,medium,0.5868759155273438,True,True,True,0.9999996423721313,0.0013905903324484825,0.000935679767280817,0.0006952285766601562,3.637173904280644e-07,"[0.010029551573097706, 0.19980067014694214, 0.7853575944900513, 0.004812221974134445]","[0.009977770037949085, 0.19917690753936768, 0.7860528230667114, 0.004792404361069202]"
model\Dataset_Flood\high\flood_5062.jpg,high,2,medium,1,0.6028041243553162,high,0.21719002723693848,medium,1,0.6022058129310608,high,0.21589413285255432,False,False,True,0.9999992847442627,0.0013952403096482158,0.0009237815975211561,0.0006975829601287842,3.686226648369484e-07,"[0.010873972438275814, 0.6028041243553162, 0.3856140971183777, 0.0007078251801431179]","[0.010780487209558487, 0.6022058129310608, 0.38631168007850647, 0.0007019644835963845]"
model\Dataset_Flood\high\flood_6113.jpg,high,2,high,2,0.7149107456207275,medium,0.4534524977207184,high,2,0.7149010896682739,medium,0.4536169171333313,True,True,True,1.0,0.0003673429600894451,0.00024899039999581873,0.0001776665449142456,1.6205433439608896e-07,"[0.022586794570088387, 0.26145824790000916, 0.7149107456207275, 0.001044243574142456]","[0.022764461115002632, 0.2612841725349426, 0.7149010896682739, 0.001050188671797514]"
model\Dataset_Flood\high\flood_6158.jpg,high,2,medium,1,0.884674072265625,high,0.8145533725619316,medium,1,0.8848841786384583,high,0.8145188391208649,False,False,True,0.9999998211860657,0.0009093551198020577,0.0005568334017880261,0.000453948974609375,6.852973228888004e-07,"[0.045152973383665085, 0.884674072265625, 0.07012069970369339, 5.2190243877703324e-05]","[0.04469902440905571, 0.8848841786384583, 0.07036533951759338, 5.153028541826643e-05]"
model\Dataset_Flood\high\flood_6159.jpg,high,2,medium,1,0.510918915271759,high,0.06262031197547913,medium,1,0.5107528567314148,high,0.06238701939582825,False,False,True,1.0000001192092896,0.00037921732291579247,0.0002182394382543862,0.00016605854034423828,7.70414771977812e-08,"[0.036281004548072815, 0.510918915271759, 0.4482986032962799, 0.004501440562307835]","[0.036403391510248184, 0.5107528567314148, 0.44836583733558655, 0.00447790278121829]"
model\Dataset_Flood\high\flood_6162.jpg,high,2,high,2,0.9201997518539429,low,0.8813928961753845,high,2,0.9196000099182129,low,0.8802906908094883,True,True,True,0.9999998807907104,0.0012073989491909742,0.0007889316766522825,0.0005997419357299805,9.188640319734986e-07,"[0.03880685567855835, 0.03863922134041786, 0.9201997518539429, 0.0023542321287095547]","[0.039309319108724594, 0.03874040022492409, 0.9196000099182129, 0.002350217429921031]"
model\Dataset_Flood\high\flood_6233.jpg,high,2,high,2,0.9468315839767456,medium,0.9007426202297211,high,2,0.946861207485199,medium,0.9007984735071659,True,True,True,1.0000001192092896,5.9251091443002224e-05,3.9642680349061266e-05,2.962350845336914e-05,3.038073614902714e-08,"[0.005887342616915703, 0.046088963747024536, 0.9468315839767456, 0.0011920799734070897]","[0.005885314662009478, 0.046062733978033066, 0.946861207485199, 0.0011907101143151522]"
model\Dataset_Flood\high\flood_732.jpg,high,2,high,2,0.9190317988395691,medium,0.8483557403087616,high,2,0.9187026023864746,medium,0.8477405533194542,True,True,True,0.9999999403953552,0.0006584916263818741,0.0004371663962956518,0.0003291964530944824,2.2109907149570063e-07,"[0.0018950648372992873, 0.0706760585308075, 0.9190317988395691, 0.008397006429731846]","[0.0019138952484354377, 0.07096204906702042, 0.9187026023864746, 0.008421480655670166]"
model\Dataset_Flood\high\Flooded-Home-Car.jpg,high,2,high,2,0.7100984454154968,medium,0.43035444617271423,high,2,0.711050808429718,medium,0.43221378326416016,True,True,True,0.9999987483024597,0.0019047848181799054,0.0013157747453078628,0.0009523630142211914,5.754873768637481e-07,"[0.00989396683871746, 0.2797439992427826, 0.7100984454154968, 0.0002636296849232167]","[0.009853451512753963, 0.27883702516555786, 0.711050808429718, 0.00025869731325656176]"
model\Dataset_Flood\high\floods_cambodia_avid_w.jpg,high,2,high,2,0.4563116133213043,low,0.026256650686264038,high,2,0.45148199796676636,low,0.017713546752929688,True,True,True,0.99995356798172,0.00965913012623787,0.00614327983930707,0.004829615354537964,1.1841374544019345e-05,"[0.4300549626350403, 0.046843837946653366, 0.4563116133213043, 0.06678956747055054]","[0.43376845121383667, 0.047433026134967804, 0.45148199796676636, 0.06731640547513962]"
model\Dataset_Flood\high\FPNPMnUfExjNYsn0WFvW.webp,high,2,high,2,0.7303633093833923,medium,0.5438953638076782,high,2,0.7305058836936951,medium,0.543768435716629,True,True,True,0.9999998807907104,0.0008241869509220123,0.0004830972175113857,0.0003726482391357422,3.563654900062829e-07,"[0.07007428258657455, 0.1864679455757141, 0.7303633093833923, 0.01309452299028635]","[0.06970163434743881, 0.18673744797706604, 0.7305058836936951, 0.013055060990154743]"
model\Dataset_Flood\high\gen-h-z7865553969832_209e958e64d75577164135d90319ab02.jpg,high,2,high,2,0.5076910853385925,medium,0.05654743313789368,high,2,0.5066245198249817,medium,0.05462285876274109,True,True,True,0.9999980926513672,0.002133231144398451,0.0013781801098957658,0.0010665655136108398,6.839909474365413e-07,"[0.005685420706868172, 0.45114365220069885, 0.5076910853385925, 0.03547978401184082]","[0.005745758768171072, 0.4520016610622406, 0.5066245198249817, 0.03562810271978378]"
model\Dataset_Flood\high\gettyimages-2163358898.jpg,high,2,high,2,0.9064726829528809,medium,0.8435523509979248,high,2,0.9065224528312683,medium,0.8436190187931061,True,True,True,1.0,0.00013819755986332893,7.65466465963982e-05,5.217455327510834e-05,5.309493289473721e-08,"[0.023890836164355278, 0.06292033195495605, 0.9064726829528809, 0.006716056261211634]","[0.02383866161108017, 0.06290343403816223, 0.9065224528312683, 0.00673541147261858]"
model\Dataset_Flood\high\GP1SWKOP_High_res-1.jpg,high,2,high,2,0.8515669703483582,non_flood,0.7414324507117271,high,2,0.851301372051239,non_flood,0.7412967085838318,True,True,True,0.9999998211860657,0.0007908595725893974,0.0004230017075315118,0.0002794116735458374,5.527836037799716e-07,"[0.014131255447864532, 0.024167321622371674, 0.8515669703483582, 0.11013451963663101]","[0.014247248880565166, 0.02444673329591751, 0.851301372051239, 0.11000466346740723]"
model\Dataset_Flood\high\hi-bc-121203-flood-damaged-vehicle-8col.avif,high,2,medium,1,0.5146969556808472,high,0.03839060664176941,medium,1,0.5129759311676025,high,0.03494685888290405,False,False,True,0.9999939203262329,0.003452992532402277,0.002435106784105301,0.0017227232456207275,1.484258177697484e-06,"[0.006955376826226711, 0.5146969556808472, 0.47630634903907776, 0.0020413415040820837]","[0.006949892733246088, 0.5129759311676025, 0.4780290722846985, 0.002045102184638381]"
model\Dataset_Flood\high\hpa-a-resident-wades-through-flood-water-in-hpa-714644.jpg,high,2,medium,1,0.5853148102760315,high,0.18548786640167236,medium,1,0.584661602973938,high,0.18398809432983398,False,False,True,0.999998927116394,0.0016931997379288077,0.0010856760200113058,0.000846564769744873,6.399405378942902e-07,"[0.013858952559530735, 0.5853148102760315, 0.39982694387435913, 0.000999338342808187]","[0.013671042397618294, 0.584661602973938, 0.400673508644104, 0.0009938208386301994]"
"model\Dataset_Flood\high\huracán Sandy 26-10-12, Santo Domingo.jpg",high,2,high,2,0.7321693897247314,non_flood,0.5308768600225449,high,2,0.7334613800048828,non_flood,0.5338035374879837,True,True,True,0.9999968409538269,0.003269283100962639,0.0020981873385608196,0.0016346871852874756,2.2907915990799665e-06,"[0.020818285644054413, 0.04571982100605965, 0.7321693897247314, 0.20129252970218658]","[0.021023200824856758, 0.0458575114607811, 0.7334613800048828, 0.1996578425168991]"
model\Dataset_Flood\high\iimages (10).jpg,high,2,high,2,0.7900760769844055,low,0.620751217007637,high,2,0.7914320826530457,low,0.6230040341615677,True,True,True,0.9999987483024597,0.0027120020240545273,0.0016673330683261156,0.0013560056686401367,1.5392380419143592e-06,"[0.1693248599767685, 0.03099401481449604, 0.7900760769844055, 0.009605028666555882]","[0.16842804849147797, 0.030638819560408592, 0.7914320826530457, 0.009501039050519466]"
model\Dataset_Flood\high\iimages (5).jpg,high,2,high,2,0.6363282203674316,low,0.37572529911994934,high,2,0.6401002407073975,low,0.38274842500686646,True,True,True,0.9999790191650391,0.007544017396867275,0.005004212725907564,0.0037720203399658203,8.233365406340454e-06,"[0.2606029212474823, 0.10147107392549515, 0.6363282203674316, 0.0015978473238646984]","[0.257351815700531, 0.10097754746675491, 0.6401002407073975, 0.0015704822726547718]"
model\Dataset_Flood\high\image_0005.jpg,high,2,high,2,0.8971481323242188,medium,0.7958596348762512,high,2,0.8982244729995728,medium,0.7980255037546158,True,True,True,0.9999991059303284,0.0021825081203132868,0.0015316024655476213,0.001089528203010559,1.6562779592277366e-06,"[0.0014126879395917058, 0.10128849744796753, 0.8971481323242188, 0.0001507108536316082]","[0.0014276023721322417, 0.10019896924495697, 0.8982244729995728, 0.00014898601511958987]"
model\Dataset_Flood\high\image_0033.jpg,high,2,high,2,0.9576213359832764,low,0.9424185091629624,high,2,0.9574141502380371,low,0.942109945230186,True,True,True,0.9999999403953552,0.00042434409260749817,0.00025595020269975066,0.0002071857452392578,2.293818539556014e-07,"[0.01520282682031393, 0.013152798637747765, 0.9576213359832764, 0.014023009687662125]","[0.015304205007851124, 0.013147844932973385, 0.9574141502380371, 0.014133836142718792]"
model\Dataset_Flood\high\image_0043.jpg,high,2,medium,1,0.9629375338554382,high,0.9352714587002993,medium,1,0.9632924795150757,high,0.9358719438314438,False,False,True,1.0,0.0007099532522261143,0.0004412623820826411,0.00035494565963745117,4.779376467922702e-07,"[0.0035941447131335735, 0.9629375338554382, 0.02766607515513897, 0.00580228166654706]","[0.0035743736661970615, 0.9632924795150757, 0.027420535683631897, 0.005712584592401981]"
model\Dataset_Flood\high\image_0044.jpg,high,2,high,2,0.9896551370620728,medium,0.9808520851656795,high,2,0.989625871181488,medium,0.9807980060577393,True,True,True,1.0,6.72378228046e-05,3.961216134484857e-05,2.9265880584716797e-05,,"[0.0011236147256568074, 0.008803051896393299, 0.9896551370620728, 0.00041819055331870914]","[0.001132469973526895, 0.00882786512374878, 0.989625871181488, 0.00041388708632439375]"
model\Dataset_Flood\high\image_0075.jpg,high,2,high,2,0.9481321573257446,medium,0.8964280150830746,high,2,0.9479146599769592,medium,0.8959923908114433,True,True,True,0.9999999403953552,0.0004363936895970255,0.00030803392292000353,0.00021812692284584045,1.5325628055506968e-07,"[0.00015621712373103946, 0.05170414224267006, 0.9481321573257446, 7.52009191273828e-06]","[0.00015556438302155584, 0.0519222691655159, 0.9479146599769592, 7.4034005592693575e-06]"
model\Dataset_Flood\high\image_0082.jpg,high,2,high,2,0.6225594878196716,medium,0.26929807662963867,high,2,0.6228573322296143,medium,0.26984140276908875,True,True,True,0.9999998807907104,0.0006328020244836807,0.00039287511026486754,0.00029784440994262695,8.171446097549051e-08,"[0.017385084182024002, 0.35326141119003296, 0.6225594878196716, 0.006794083397835493]","[0.01731412298977375, 0.3530159294605255, 0.6228573322296143, 0.006812598090618849]"
model\Dataset_Flood\high\image_0090.jpg,high,2,high,2,0.6024335026741028,medium,0.20758813619613647,high,2,0.6061298251152039,medium,0.21497273445129395,True,True,True,0.9999749064445496,0.007395544555038214,0.0052217114716768265,0.0036963224411010742,7.158600510592805e-06,"[0.0022687052842229605, 0.3948453664779663, 0.6024335026741028, 0.0004523780371528119]","[0.0022592528257519007, 0.3911570906639099, 0.6061298251152039, 0.00045387173304334283]"
model\Dataset_Flood\high\image_0105.jpg,high,2,high,2,0.9624420404434204,medium,0.9327590800821781,high,2,0.9627045392990112,medium,0.9332335814833641,True,True,True,1.0000001192092896,0.0005250517278909683,0.0003397778782527894,0.0002624988555908203,2.6932323748951603e-07,"[0.0026032852474600077, 0.029682960361242294, 0.9624420404434204, 0.005271730478852987]","[0.0025906714145094156, 0.029470957815647125, 0.9627045392990112, 0.0052337939850986]"
model\Dataset_Flood\high\image_0107.jpg,high,2,high,2,0.5638754963874817,medium,0.24243775010108948,high,2,0.5625637769699097,medium,0.24036750197410583,True,True,True,0.9999973177909851,0.002689589047804475,0.0016250404296442866,0.0013117194175720215,1.0628345989971422e-06,"[0.11227881163358688, 0.3214377462863922, 0.5638754963874817, 0.00240797339938581]","[0.11286506056785583, 0.32219627499580383, 0.5625637769699097, 0.002374881412833929]"
model\Dataset_Flood\high\image_0120.jpg,high,2,high,2,0.8660751581192017,medium,0.7420459389686584,high,2,0.8667033910751343,medium,0.7432017847895622,True,True,True,0.9999998211860657,0.0012635027524083853,0.0008269930258393288,0.0006282329559326172,5.212532983023266e-07,"[0.0009292019531130791, 0.12402921915054321, 0.8660751581192017, 0.008966445922851562]","[0.0009326793369837105, 0.12350160628557205, 0.8667033910751343, 0.008862266317009926]"
model\Dataset_Flood\high\image_0125.jpg,high,2,medium,1,0.958635151386261,low,0.9350579250603914,medium,1,0.9585256576538086,low,0.9349352978169918,False,False,True,1.0,0.0002190211962442845,0.00014410530275199562,0.00010949373245239258,6.945748509679106e-08,"[0.02357722632586956, 0.958635151386261, 0.01741117052733898, 0.0003764293505810201]","[0.023590359836816788, 0.9585256576538086, 0.017503859475255013, 0.0003801343555096537]"
model\Dataset_Flood\high\image_0140.jpg,high,2,medium,1,0.807416558265686,high,0.6286209672689438,medium,1,0.8070603609085083,high,0.6278816759586334,False,False,True,0.9999998211860657,0.0008174325339496136,0.000526357558555901,0.0003830939531326294,1.7244838090846315e-07,"[0.005836321506649256, 0.807416558265686, 0.17879559099674225, 0.007951549254357815]","[0.0058619435876607895, 0.8070603609085083, 0.17917868494987488, 0.007899030111730099]"
model\Dataset_Flood\high\image_015.jpg,high,2,medium,1,0.47907528281211853,non_flood,0.26210635900497437,medium,1,0.4823710322380066,non_flood,0.2680700719356537,False,False,True,0.9999744892120361,0.0072371140122413635,0.004357500001788139,0.0032957494258880615,7.636844202352222e-06,"[0.21233297884464264, 0.47907528281211853, 0.09162277728319168, 0.21696892380714417]","[0.2113824039697647, 0.4823710322380066, 0.0919456034898758, 0.2143009603023529]"
model\Dataset_Flood\high\image_0150.jpg,high,2,medium,1,0.5653400421142578,high,0.16066038608551025,medium,1,0.5663785934448242,high,0.1627880036830902,False,False,True,0.9999977350234985,0.00217805290594697,0.0015054070390760899,0.0010890662670135498,6.455452989939658e-07,"[0.02276630885899067, 0.5653400421142578, 0.40467965602874756, 0.007214043289422989]","[0.02280425652861595, 0.5663785934448242, 0.403590589761734, 0.0072265309281647205]"
model\Dataset_Flood\high\image_0152.jpg,high,2,high,2,0.9473799467086792,medium,0.8991381488740444,high,2,0.9468826651573181,medium,0.898172203451395,True,True,True,0.9999998211860657,0.0010015699081122875,0.0006840905407443643,0.000497281551361084,6.440823199227452e-07,"[0.0015965370694175363, 0.04824179783463478, 0.9473799467086792, 0.0027816379442811012]","[0.0015930518275126815, 0.04871046170592308, 0.9468826651573181, 0.0028137771878391504]"
model\Dataset_Flood\high\image_0211.jpg,high,2,medium,1,0.4676494598388672,low,0.0466327965259552,medium,1,0.4663933217525482,low,0.04345008730888367,False,False,True,0.9999932646751404,0.0038531776517629623,0.002358057303354144,0.0019265711307525635,2.12959639611654e-06,"[0.421016663312912, 0.4676494598388672, 0.09715981036424637, 0.014174042269587517]","[0.42294323444366455, 0.4663933217525482, 0.09667273610830307, 0.013990648090839386]"
model\Dataset_Flood\high\image_027.jpg,high,2,high,2,0.8491804599761963,medium,0.7679519206285477,high,2,0.8487434983253479,medium,0.7671777531504631,True,True,True,0.9999999403953552,0.0009071063250303268,0.0005643172189593315,0.00043696165084838867,2.3448454555818898e-07,"[0.0627567246556282, 0.08122853934764862, 0.8491804599761963, 0.006834239233285189]","[0.06287306547164917, 0.0815657451748848, 0.8487434983253479, 0.006817641202360392]"
model\Dataset_Flood\high\image_0289.jpg,high,2,high,2,0.8189628720283508,medium,0.6568469852209091,high,2,0.8169506788253784,medium,0.6527679115533829,True,True,True,0.9999958872795105,0.004133773967623711,0.002885103225708008,0.002066880464553833,3.918200036423514e-06,"[0.018624065443873405, 0.1621158868074417, 0.8189628720283508, 0.0002971512731164694]","[0.01857019029557705, 0.16418276727199554, 0.8169506788253784, 0.0002963263541460037]"
model\Dataset_Flood\high\image_0300.jpg,high,2,high,2,0.7312888503074646,medium,0.47407832741737366,high,2,0.7313886880874634,medium,0.4744827151298523,True,True,True,0.9999998211860657,0.0006091897375881672,0.00035462307278066874,0.0003045499324798584,5.004785634810105e-07,"[0.007861184887588024, 0.25721052289009094, 0.7312888503074646, 0.003639376722276211]","[0.00799573678523302, 0.2569059729576111, 0.7313886880874634, 0.0037096268497407436]"
model\Dataset_Flood\high\image_032.jpg,high,2,high,2,0.7778521180152893,low,0.6317021399736404,high,2,0.7773893475532532,low,0.6304933279752731,True,True,True,0.9999994039535522,0.0014921892434358597,0.0009063067846000195,0.0007460415363311768,6.77511707181111e-07,"[0.14614997804164886, 0.07048981636762619, 0.7778521180152893, 0.005508116912096739]","[0.14689601957798004, 0.07027564942836761, 0.7773893475532532, 0.005438906606286764]"
model\Dataset_Flood\high\image_0417.jpg,high,2,high,2,0.936800479888916,medium,0.8756484985351562,high,2,0.9373129606246948,medium,0.8766276575624943,True,True,True,0.9999999403953552,0.0010248934850096703,0.0006944555789232254,0.0005124807357788086,5.858362897015468e-07,"[0.00179248524364084, 0.061151981353759766, 0.936800479888916, 0.0002549986820667982]","[0.0017496478976681828, 0.060685303062200546, 0.9373129606246948, 0.00025210154126398265]"
model\Dataset_Flood\high\image_043.jpg,high,2,low,0,0.4871842861175537,medium,0.22014564275741577,low,0,0.49020811915397644,medium,0.22415849566459656,False,False,True,0.9999850392341614,0.006047762930393219,0.003567932639271021,0.0030238330364227295,4.90399588670698e-06,"[0.4871842861175537, 0.26703864336013794, 0.18310503661632538, 0.06267206370830536]","[0.49020811915397644, 0.2660496234893799, 0.1815689355134964, 0.062173254787921906]"
model\Dataset_Flood\high\image_0434.jpg,high,2,high,2,0.7439774870872498,medium,0.5577319264411926,high,2,0.7465784549713135,medium,0.5625216662883759,True,True,True,0.9999932646751404,0.005201965570449829,0.003424007911235094,0.0026009678840637207,4.6879385990905575e-06,"[0.06857528537511826, 0.18624556064605713, 0.7439774870872498, 0.0012017112458124757]","[0.06816532462835312, 0.18405678868293762, 0.7465784549713135, 0.0011994465021416545]"
model\Dataset_Flood\high\image_049.jpg,high,2,high,2,0.7824162244796753,medium,0.6189844161272049,high,2,0.7824569344520569,medium,0.6190896481275558,True,True,True,0.9999998807907104,0.00012908101780340075,7.815151184331626e-05,6.452202796936035e-05,8.590859579271637e-09,"[0.053501833230257034, 0.1634318083524704, 0.7824162244796753, 0.0006501528550870717]","[0.053512558341026306, 0.16336728632450104, 0.7824569344520569, 0.0006632767617702484]"
model\Dataset_Flood\high\image_074.jpg,high,2,high,2,0.6702319979667664,low,0.38825342059135437,high,2,0.670945942401886,low,0.38952475786209106,True,True,True,0.999999463558197,0.0014280141331255436,0.0009131319238804281,0.0007139444351196289,3.496270437608473e-07,"[0.281978577375412, 0.04101703688502312, 0.6702319979667664, 0.006772454362362623]","[0.2814211845397949, 0.04091490060091019, 0.670945942401886, 0.006717913784086704]"
model\Dataset_Flood\high\image_081.jpg,high,2,medium,1,0.43253353238105774,high,0.010052114725112915,medium,1,0.4289475381374359,high,0.003707200288772583,False,False,True,0.9999724626541138,0.007311878725886345,0.004613074939697981,0.003585994243621826,6.780828243790893e-06,"[0.010633663274347782, 0.43253353238105774, 0.4224814176559448, 0.13435138761997223]","[0.010563674382865429, 0.4289475381374359, 0.42524033784866333, 0.1352483630180359]"
model\Dataset_Flood\high\image_090.jpg,high,2,high,2,0.8374371528625488,medium,0.7314806431531906,high,2,0.835293173789978,medium,0.7279070168733597,True,True,True,0.9999975562095642,0.004288022872060537,0.002659241668879986,0.0021439790725708008,4.204848664812744e-06,"[0.005346033722162247, 0.10595650970935822, 0.8374371528625488, 0.05126029998064041]","[0.005406712647527456, 0.10738615691661835, 0.835293173789978, 0.051914017647504807]"
model\Dataset_Flood\high\image_108.jpg,high,2,high,2,0.9817869663238525,medium,0.9642828777432442,high,2,0.9815844297409058,medium,0.9638858921825886,True,True,True,1.0,0.00040503445779904723,0.00028084104997105896,0.00020253658294677734,2.8526920914373477e-07,"[0.0005637059221044183, 0.017504088580608368, 0.9817869663238525, 0.00014522633864544332]","[0.0005697091110050678, 0.017698537558317184, 0.9815844297409058, 0.00014727204688824713]"
model\Dataset_Flood\high\image_119.jpg,high,2,high,2,0.8766161203384399,non_flood,0.8199575692415237,high,2,0.8776795864105225,non_flood,0.8217712789773941,True,True,True,0.9999996423721313,0.002126898616552353,0.0013204446295276284,0.0010634660720825195,1.5963451005518436e-06,"[0.04851154610514641, 0.018213732168078423, 0.8766161203384399, 0.0566585510969162]","[0.04833618178963661, 0.018075907602906227, 0.8776795864105225, 0.05590830743312836]"
model\Dataset_Flood\high\image_130.jpg,high,2,high,2,0.5323589444160461,non_flood,0.31744302809238434,high,2,0.5313817858695984,non_flood,0.3154608756303787,True,True,True,0.9999975562095642,0.0022458434104919434,0.0014142155414447188,0.0010049939155578613,8.610950317233801e-07,"[0.0642438605427742, 0.18848130106925964, 0.5323589444160461, 0.2149159163236618]","[0.06409809738397598, 0.18859922885894775, 0.5313817858695984, 0.21592091023921967]"
model\Dataset_Flood\high\image_142.jpg,high,2,high,2,0.6871781349182129,medium,0.4487885385751724,high,2,0.6888827681541443,medium,0.4518390893936157,True,True,True,0.9999966621398926,0.0037000365555286407,0.0022343951277434826,0.0017046332359313965,2.1714438389608404e-06,"[0.05246582254767418, 0.23838959634304047, 0.6871781349182129, 0.02196647971868515]","[0.05196172371506691, 0.23704367876052856, 0.6888827681541443, 0.022111866623163223]"
model\Dataset_Flood\high\image_143.png,high,2,high,2,0.8477349877357483,non_flood,0.7585255056619644,high,2,0.8475804328918457,non_flood,0.7583556473255157,True,True,True,0.9999999403953552,0.0003089979290962219,0.00018650981655810028,0.0001545548439025879,6.242498074016112e-08,"[0.011847620829939842, 0.051207926124334335, 0.8477349877357483, 0.08920948207378387]","[0.011939378455281258, 0.05125530809164047, 0.8475804328918457, 0.08922478556632996]"
model\Dataset_Flood\high\image_145.jpeg,high,2,medium,1,0.6607528924942017,high,0.33549821376800537,medium,1,0.657663881778717,high,0.32950344681739807,False,False,True,0.9999854564666748,0.0061780172400176525,0.004243213217705488,0.003089010715484619,5.338423306966433e-06,"[0.009802364744246006, 0.6607528924942017, 0.3252546787261963, 0.004190162755548954]","[0.009930451400578022, 0.657663881778717, 0.32816043496131897, 0.004245326388627291]"
model\Dataset_Flood\high\IMAGE_1655988793.webp,high,2,high,2,0.48700496554374695,medium,0.13152456283569336,high,2,0.4844459593296051,medium,0.12748777866363525,True,True,True,0.9999881386756897,0.005118008702993393,0.003144542220979929,0.0025590062141418457,3.6078486118640285e-06,"[0.12323068827390671, 0.3554804027080536, 0.48700496554374695, 0.03428398072719574]","[0.12430575489997864, 0.35695818066596985, 0.4844459593296051, 0.0342901386320591]"
model\Dataset_Flood\high\image_224.jpg,high,2,high,2,0.754700243473053,low,0.5771400928497314,high,2,0.7537134885787964,low,0.5755377411842346,True,True,True,0.9999992847442627,0.001973469741642475,0.0012073895195499063,0.0009867548942565918,6.533754799420421e-07,"[0.17756015062332153, 0.057201966643333435, 0.754700243473053, 0.010537649504840374]","[0.17817574739456177, 0.057522211223840714, 0.7537134885787964, 0.010588523000478745]"
model\Dataset_Flood\high\image_247.jpg,high,2,medium,1,0.5214723944664001,high,0.17967674136161804,medium,1,0.5247943997383118,high,0.18577224016189575,False,False,True,0.9999780058860779,0.006644058972597122,0.004351221956312656,0.003322005271911621,5.8000191529572476e-06,"[0.08687308430671692, 0.5214723944664001, 0.3417956531047821, 0.049858853220939636]","[0.08643344789743423, 0.5247943997383118, 0.339022159576416, 0.04974992945790291]"
model\Dataset_Flood\high\image_254.jpg,high,2,high,2,0.5003108382225037,medium,0.09347057342529297,high,2,0.5050291419029236,medium,0.10179618000984192,True,True,True,0.9999592900276184,0.009436622262001038,0.006001075264066458,0.004718303680419922,1.1235606507398188e-05,"[0.06783059239387512, 0.4068402647972107, 0.5003108382225037, 0.025018291547894478]","[0.0670294240117073, 0.40323296189308167, 0.5050291419029236, 0.024708444252610207]"
model\Dataset_Flood\high\image_256.jpg,high,2,low,0,0.3569270968437195,medium,0.025467783212661743,low,0,0.3611174523830414,medium,0.02930566668510437,False,False,True,0.9999418258666992,0.009183553978800774,0.006226556375622749,0.004591763019561768,1.48977978824405e-05,"[0.3569270968437195, 0.33145931363105774, 0.30750006437301636, 0.00411352189257741]","[0.3611174523830414, 0.331811785697937, 0.3029083013534546, 0.004162485711276531]"
model\Dataset_Flood\high\image_271.jpg,high,2,high,2,0.566304624080658,medium,0.14529666304588318,high,2,0.5628364682197571,medium,0.13831278681755066,True,True,True,0.9999759197235107,0.007031448185443878,0.004938580561429262,0.0035157203674316406,6.311336164799286e-06,"[0.0060311960987746716, 0.4210079610347748, 0.566304624080658, 0.006656269542872906]","[0.006012624129652977, 0.4245236814022064, 0.5628364682197571, 0.006627269554883242]"
model\Dataset_Flood\high\image_276.jpg,high,2,high,2,0.7618010640144348,medium,0.5485491454601288,high,2,0.762661874294281,medium,0.5501688420772552,True,True,True,0.9999991655349731,0.0017480682581663132,0.0011534017976373434,0.0008608102798461914,5.613455869024619e-07,"[0.00830828957259655, 0.21325191855430603, 0.7618010640144348, 0.01663876697421074]","[0.008321518078446388, 0.21249303221702576, 0.762661874294281, 0.01652362383902073]"
model\Dataset_Flood\high\image_282.jpg,high,2,medium,1,0.7019255757331848,high,0.4160539507865906,medium,1,0.7022764682769775,high,0.4167487621307373,False,False,True,0.9999998211860657,0.0007082248339429498,0.0004914464079774916,0.0003508925437927246,1.052080733643379e-07,"[0.010975690558552742, 0.7019255757331848, 0.28587162494659424, 0.0012270832667127252]","[0.010965527035295963, 0.7022764682769775, 0.28552770614624023, 0.0012303332332521677]"
model\Dataset_Flood\high\image_294.png,high,2,high,2,0.8234250545501709,low,0.7054093554615974,high,2,0.8225733637809753,low,0.703809566795826,True,True,True,0.9999994039535522,0.0017033759504556656,0.001137621351517737,0.0008516907691955566,7.291973815881647e-07,"[0.11801569908857346, 0.038388945162296295, 0.8234250545501709, 0.020170293748378754]","[0.11876379698514938, 0.03848426789045334, 0.8225733637809753, 0.02017855830490589]"
model\Dataset_Flood\high\image_315.jpg,high,2,medium,1,0.9601322412490845,high,0.9313757997006178,medium,1,0.9602514505386353,high,0.9316474329680204,False,False,True,1.0,0.000353208277374506,0.0002032704942394048,0.00015242397785186768,2.068823050649371e-07,"[0.007481211330741644, 0.9601322412490845, 0.028756441548466682, 0.0036301228683441877]","[0.0075385477393865585, 0.9602514505386353, 0.028604017570614815, 0.0036058842670172453]"
model\Dataset_Flood\high\image_324.jpg,high,2,high,2,0.9392375946044922,medium,0.9031593278050423,high,2,0.9398213028907776,medium,0.904178149998188,True,True,True,0.9999998807907104,0.001167444046586752,0.000740043178666383,0.0005837082862854004,8.528150488018582e-07,"[0.001506394473835826, 0.03607826679944992, 0.9392375946044922, 0.023177767172455788]","[0.0014894430059939623, 0.03564315289258957, 0.9398213028907776, 0.02304609678685665]"
model\Dataset_Flood\high\image_6483441_7_c62ccb313f.jpg,high,2,high,2,0.8558375239372253,medium,0.769713431596756,high,2,0.8533934950828552,medium,0.765794426202774,True,True,True,0.9999971985816956,0.004888126626610756,0.0030094690155237913,0.002444028854370117,6.011217465129448e-06,"[0.05735413730144501, 0.08612409234046936, 0.8558375239372253, 0.0006842375150881708]","[0.05830692499876022, 0.08759906888008118, 0.8533934950828552, 0.0007005708175711334]"
model\Dataset_Flood\high\image_readtop_2022_698565_16599679985131759.jpg,high,2,medium,1,0.6876564621925354,high,0.38909250497817993,medium,1,0.684528112411499,high,0.38265329599380493,False,False,True,0.999983549118042,0.00662176962941885,0.004558517597615719,0.003310859203338623,6.637290425715037e-06,"[0.013546894304454327, 0.6876564621925354, 0.29856395721435547, 0.00023267864889930934]","[0.013368847779929638, 0.684528112411499, 0.3018748164176941, 0.00022816470300313085]"
model\Dataset_Flood\high\images (1).jpg,high,2,high,2,0.9832567572593689,medium,0.9724596943706274,high,2,0.9832300543785095,medium,0.9723867168650031,True,True,True,1.0,9.260210208594799e-05,5.673665145877749e-05,4.627462476491928e-05,4.053117663715966e-08,"[0.004934221506118774, 0.010797062888741493, 0.9832567572593689, 0.0010119442595168948]","[0.004933685529977083, 0.010843337513506413, 0.9832300543785095, 0.0009928556391969323]"
model\Dataset_Flood\high\images (10).jpg,high,2,high,2,0.8902357816696167,non_flood,0.8424982689321041,high,2,0.8903773427009583,non_flood,0.8428999409079552,True,True,True,1.0,0.0005202125757932663,0.0003088607336394489,0.0002601109445095062,1.8030550563707948e-07,"[0.03177715837955475, 0.030249588191509247, 0.8902357816696167, 0.04773751273751259]","[0.03185475617647171, 0.030290530994534492, 0.8903773427009583, 0.04747740179300308]"
model\Dataset_Flood\high\images (11).jpg,high,2,high,2,0.670404851436615,low,0.4850049614906311,high,2,0.6697659492492676,low,0.4839809834957123,True,True,True,0.9999996423721313,0.0012778061209246516,0.00078509037848562,0.0006389021873474121,2.5704275685711764e-07,"[0.1853998899459839, 0.1425008624792099, 0.670404851436615, 0.0016944832168519497]","[0.1857849657535553, 0.14274540543556213, 0.6697659492492676, 0.0017037683865055442]"
model\Dataset_Flood\high\images (12).jpg,high,2,high,2,0.8998268842697144,medium,0.803211897611618,high,2,0.8994738459587097,medium,0.8025429174304008,True,True,True,0.9999999403953552,0.0007060120697133243,0.0004751337110064924,0.00035303831100463867,1.6076607778359175e-07,"[0.0034263937268406153, 0.09661498665809631, 0.8998268842697144, 0.0001318356371484697]","[0.003462388878688216, 0.09693092852830887, 0.8994738459587097, 0.00013287238834891468]"
model\Dataset_Flood\high\images (13).jpg,high,2,high,2,0.8629840612411499,non_flood,0.7702100649476051,high,2,0.8635864853858948,non_flood,0.7710444554686546,True,True,True,0.9999998211860657,0.0012048687785863876,0.0007301535224542022,0.000602424144744873,6.905465852469206e-07,"[0.016963398084044456, 0.027278605848550797, 0.8629840612411499, 0.09277399629354477]","[0.016932712867856026, 0.02693881280720234, 0.8635864853858948, 0.09254202991724014]"
model\Dataset_Flood\high\images (21).jpg,high,2,high,2,0.6259803175926208,medium,0.39457277953624725,high,2,0.6250497698783875,medium,0.3927259296178818,True,True,True,0.9999982118606567,0.0023492053151130676,0.0013534434838220477,0.0009305477142333984,8.135029929690063e-07,"[0.07121676951646805, 0.2314075380563736, 0.6259803175926208, 0.07139544188976288]","[0.07147501409053802, 0.23232384026050568, 0.6250497698783875, 0.07115133106708527]"
model\Dataset_Flood\high\images (22).jpg,high,2,low,0,0.4532996416091919,high,0.08198213577270508,low,0,0.45434656739234924,high,0.0829937756061554,False,False,True,0.9999977350234985,0.0021643461659550667,0.0014104556757956743,0.0010469257831573486,1.3077514040560345e-06,"[0.4532996416091919, 0.16703355312347412, 0.3713175058364868, 0.008349263109266758]","[0.45434656739234924, 0.16610096395015717, 0.37135279178619385, 0.008199717849493027]"
model\Dataset_Flood\high\images (3).jpg,high,2,high,2,0.932731032371521,non_flood,0.9040409866720438,high,2,0.9326027631759644,non_flood,0.9039644375443459,True,True,True,0.9999999403953552,0.00035985279828310013,0.00019486152450554073,0.00012826919555664062,9.192809358182785e-08,"[0.01478557102382183, 0.02379344217479229, 0.932731032371521, 0.028690045699477196]","[0.014838981442153454, 0.02391989529132843, 0.9326027631759644, 0.0286383256316185]"
model\Dataset_Flood\high\images (4).jpg,high,2,high,2,0.9904927611351013,medium,0.985125872772187,high,2,0.9905233979225159,medium,0.9851642325520515,True,True,True,1.0000001192092896,6.130128167569637e-05,3.641526200226508e-05,3.063678741455078e-05,1.7802447516146458e-08,"[0.003047097008675337, 0.005366888362914324, 0.9904927611351013, 0.0010932963341474533]","[0.003029940417036414, 0.005359165370464325, 0.9905233979225159, 0.0010875114239752293]"
model\Dataset_Flood\high\images (42).jpg,high,2,medium,1,0.4119843542575836,high,0.03204333782196045,medium,1,0.41411617398262024,high,0.03529521822929382,False,False,True,0.999991238117218,0.0042636338621377945,0.0025431921239942312,0.002131819725036621,2.919958433267311e-06,"[0.19946444034576416, 0.4119843542575836, 0.37994101643562317, 0.008610178716480732]","[0.19867855310440063, 0.41411617398262024, 0.3788209557533264, 0.008384312503039837]"
model\Dataset_Flood\high\images (46).jpg,high,2,high,2,0.4785730838775635,non_flood,0.22751545906066895,high,2,0.48066967725753784,non_flood,0.2316148579120636,True,True,True,0.9999885559082031,0.004415005445480347,0.002908802591264248,0.0020965933799743652,3.1886736451269826e-06,"[0.06557942181825638, 0.20478981733322144, 0.4785730838775635, 0.25105762481689453]","[0.06569034606218338, 0.20458513498306274, 0.48066967725753784, 0.24905481934547424]"
model\Dataset_Flood\high\images (5).jpg,high,2,high,2,0.5155931115150452,medium,0.10859444737434387,high,2,0.5166754126548767,medium,0.11092856526374817,True,True,True,0.9999967813491821,0.002561114262789488,0.0016668994212523103,0.001251816749572754,8.547458492103033e-07,"[0.07251431792974472, 0.4069986641407013, 0.5155931115150452, 0.0048938896507024765]","[0.07271257787942886, 0.40574684739112854, 0.5166754126548767, 0.004865153227001429]"
model\Dataset_Flood\high\images (56).jpg,high,2,high,2,0.8523125052452087,low,0.7471414878964424,high,2,0.8523078560829163,low,0.7468078434467316,True,True,True,0.9999998211860657,0.0006926534697413445,0.00047466810792684555,0.0003416873514652252,5.787732675344159e-07,"[0.10517101734876633, 0.010038294829428196, 0.8523125052452087, 0.0324782133102417]","[0.10550001263618469, 0.01005561649799347, 0.8523078560829163, 0.032136525958776474]"
model\Dataset_Flood\high\images (6).jpg,high,2,high,2,0.947724461555481,medium,0.9135746173560619,high,2,0.947868287563324,medium,0.9139260537922382,True,True,True,0.9999999403953552,0.00042475800728425384,0.000261742330621928,0.00020761042833328247,1.9949959551013308e-07,"[0.017395570874214172, 0.03414984419941902, 0.947724461555481, 0.0007300442084670067]","[0.017464114353060722, 0.03394223377108574, 0.947868287563324, 0.0007252661162056029]"
model\Dataset_Flood\high\images (7).jpg,high,2,medium,1,0.7982426881790161,high,0.63919997215271,medium,1,0.7978513836860657,high,0.6386865973472595,False,False,True,0.9999998807907104,0.0007842140039429069,0.0004908686387352645,0.00039130449295043945,2.562522354310204e-07,"[0.041552554816007614, 0.7982426881790161, 0.15904271602630615, 0.0011619513388723135]","[0.041822612285614014, 0.7978513836860657, 0.15916478633880615, 0.0011611696099862456]"
model\Dataset_Flood\high\images (75).jpg,high,2,high,2,0.6032766699790955,low,0.3622450679540634,high,2,0.6041224598884583,low,0.36345812678337097,True,True,True,0.9999990463256836,0.0017139501869678497,0.0010441044578328729,0.000845789909362793,5.07966433360707e-07,"[0.24103160202503204, 0.11737240850925446, 0.6032766699790955, 0.03831925243139267]","[0.24066433310508728, 0.11688273400068283, 0.6041224598884583, 0.03833046928048134]"
model\Dataset_Flood\high\images (76).jpg,high,2,high,2,0.9797922372817993,non_flood,0.9710374884307384,high,2,0.9798488020896912,non_flood,0.971111056394875,True,True,True,0.9999999403953552,0.00011316780000925064,6.977273005759344e-05,5.65648078918457e-05,5.909350875299424e-08,"[0.00700421305373311, 0.0044488864950835705, 0.9797922372817993, 0.008754748851060867]","[0.006967158056795597, 0.004446341656148434, 0.9798488020896912, 0.008737745694816113]"
model\Dataset_Flood\high\images (8).jpg,high,2,medium,1,0.7414962649345398,low,0.5984936058521271,medium,1,0.7421793937683105,low,0.6004086434841156,False,False,True,0.999998152256012,0.0025332272052764893,0.0015250949654728174,0.0012319087982177734,1.9176850400981493e-06,"[0.14300265908241272, 0.7414962649345398, 0.07908406108617783, 0.03641704469919205]","[0.14177075028419495, 0.7421793937683105, 0.07966753840446472, 0.03638233244419098]"
model\Dataset_Flood\high\images - 2025-01-28T151851.902.jpg,high,2,low,0,0.4679163992404938,medium,0.08535444736480713,low,0,0.46699416637420654,medium,0.08348488807678223,False,False,True,0.9999977350234985,0.002126375213265419,0.0013346284395083785,0.0009473264217376709,7.076704946484824e-07,"[0.4679163992404938, 0.38256195187568665, 0.13305634260177612, 0.016465308144688606]","[0.46699416637420654, 0.3835092782974243, 0.1331721991300583, 0.016324348747730255]"
model\Dataset_Flood\high\images - 2025-01-28T152121.677.jpg,high,2,medium,1,0.5548572540283203,low,0.3020198941230774,medium,1,0.5539020299911499,low,0.2999129891395569,False,False,True,0.9999972581863403,0.0023033507168293,0.0015029048081487417,0.0011516809463500977,8.968054316937923e-07,"[0.2528373599052429, 0.5548572540283203, 0.13444308936595917, 0.0578623004257679]","[0.253989040851593, 0.5539020299911499, 0.13436226546764374, 0.057746678590774536]"
model\Dataset_Flood\high\images - 2025-01-28T154039.568.jpg,high,2,low,0,0.674925684928894,high,0.5442786514759064,low,0,0.6749842166900635,high,0.543863981962204,False,False,True,0.9999995827674866,0.0010633692145347595,0.0006630289717577398,0.00047320127487182617,4.470057604066824e-07,"[0.674925684928894, 0.09122408181428909, 0.13064703345298767, 0.10320314019918442]","[0.6749842166900635, 0.09114660322666168, 0.1311202347278595, 0.10274898260831833]"
model\Dataset_Flood\high\images - 2025-01-28T154054.243.jpg,high,2,low,0,0.7165347337722778,medium,0.446819007396698,low,0,0.7142574787139893,medium,0.4421696066856384,False,False,True,0.9999922513961792,0.004744275938719511,0.003289434826001525,0.002372145652770996,3.5749003473029006e-06,"[0.7165347337722778, 0.26971572637557983, 0.01312216930091381, 0.0006273487233556807]","[0.7142574787139893, 0.27208787202835083, 0.013036555610597134, 0.0006180870113894343]"
model\Dataset_Flood\high\images - 2025-01-28T154241.750.jpg,high,2,non_flood,3,0.6163767576217651,low,0.2812460958957672,non_flood,3,0.6170814633369446,low,0.28252726793289185,False,False,True,0.9999992847442627,0.001409454271197319,0.0009150037658400834,0.0007047057151794434,2.6724595159066666e-07,"[0.3351306617259979, 0.030226824805140495, 0.018265748396515846, 0.6163767576217651]","[0.33455419540405273, 0.030156351625919342, 0.018207939341664314, 0.6170814633369446]"
model\Dataset_Flood\high\images - 2025-01-28T155325.390.jpg,high,2,low,0,0.9558393955230713,non_flood,0.9256334695965052,low,0,0.9560708999633789,non_flood,0.9259631112217903,False,False,True,1.0,0.0004630617331713438,0.00027413753559812903,0.0002315044403076172,2.377400960540399e-07,"[0.9558393955230713, 0.011421933770179749, 0.002532763173803687, 0.030205925926566124]","[0.9560708999633789, 0.011316328309476376, 0.002504948526620865, 0.030107788741588593]"
model\Dataset_Flood\high\images - 2025-01-28T162758.740.jpg,high,2,low,0,0.8896790742874146,medium,0.8253603652119637,low,0,0.8895381689071655,medium,0.8248342648148537,False,False,True,0.9999997615814209,0.0007703076116740704,0.0004480609204620123,0.0003851950168609619,5.157344276085496e-07,"[0.8896790742874146, 0.0643187090754509, 0.0381694920361042, 0.00783267430961132]","[0.8895381689071655, 0.06470390409231186, 0.038010574877262115, 0.007747384253889322]"
model\Dataset_Flood\high\images - 2025-01-28T164105.674.jpg,high,2,high,2,0.5767219662666321,low,0.29274696111679077,high,2,0.5762070417404175,low,0.2933402359485626,True,True,True,0.9999973177909851,0.0032461099326610565,0.0017001318046823144,0.0011081993579864502,2.972330548800528e-06,"[0.2839750051498413, 0.0796733945608139, 0.5767219662666321, 0.05962967127561569]","[0.28286680579185486, 0.0806850790977478, 0.5762070417404175, 0.0602409727871418]"
model\Dataset_Flood\high\images.jpg,high,2,low,0,0.888340175151825,high,0.8224150985479355,low,0,0.8887490630149841,high,0.8229590654373169,False,False,True,0.9999999403953552,0.0008177892304956913,0.00047690217616036534,0.0004088878631591797,3.533568815328181e-07,"[0.888340175151825, 0.04041758552193642, 0.06592507660388947, 0.00531720882281661]","[0.8887490630149841, 0.04023318365216255, 0.06578999757766724, 0.0052277883514761925]"
model\Dataset_Flood\high\img-20251120-135223-4154-5916.jpg.webp,high,2,high,2,0.7403895854949951,medium,0.5942761451005936,high,2,0.7408580780029297,medium,0.5950705111026764,True,True,True,0.9999998807907104,0.0009371219202876091,0.0005848178407177329,0.0004684925079345703,1.802677616069559e-07,"[0.10023150593042374, 0.14611344039440155, 0.7403895854949951, 0.013265520334243774]","[0.10010470449924469, 0.1457875669002533, 0.7408580780029297, 0.013249565847218037]"
model\Dataset_Flood\high\img.webp,high,2,low,0,0.5375061631202698,high,0.08601528406143188,low,0,0.5371113419532776,high,0.08521318435668945,False,False,True,0.9999997019767761,0.0008151349611580372,0.0005673809791915119,0.00040727853775024414,4.0690331104542565e-08,"[0.5375061631202698, 0.006780034396797419, 0.4514908790588379, 0.004222879186272621]","[0.5371113419532776, 0.006767326965928078, 0.45189815759658813, 0.004223207011818886]"
model\Dataset_Flood\high\img1.jpg,high,2,high,2,0.9678136706352234,medium,0.9422208908945322,high,2,0.9674828052520752,medium,0.9415918830782175,True,True,True,0.9999999403953552,0.0006616904865950346,0.0004465594538487494,0.00033086538314819336,4.388490708606696e-07,"[0.005806706380099058, 0.025592779740691185, 0.9678136706352234, 0.0007868947577662766]","[0.005839179269969463, 0.02589092217385769, 0.9674828052520752, 0.0007871045381762087]"
model\Dataset_Flood\high\img10.webp,high,2,high,2,0.7036362886428833,medium,0.5488175600767136,high,2,0.7026046514511108,medium,0.5476215779781342,True,True,True,0.9999993443489075,0.0020632371306419373,0.00122568488586694,0.001031637191772461,8.786009857431054e-07,"[0.08258797973394394, 0.15481872856616974, 0.7036362886428833, 0.058957017958164215]","[0.08315380662679672, 0.15498307347297668, 0.7026046514511108, 0.05925844609737396]"
model\Dataset_Flood\high\img100.webp,high,2,high,2,0.8739035725593567,medium,0.7525525838136673,high,2,0.874546229839325,medium,0.7538012787699699,True,True,True,0.9999996423721313,0.001285302801989019,0.0008837900822982192,0.0006426572799682617,4.7355521815006796e-07,"[0.0007938555208966136, 0.12135098874568939, 0.8739035725593567, 0.003951588645577431]","[0.000783450435847044, 0.12074495106935501, 0.874546229839325, 0.003925385884940624]"
model\Dataset_Flood\high\img11.jpg,high,2,high,2,0.9903312921524048,medium,0.9832061314955354,high,2,0.9904008507728577,medium,0.9833280118182302,True,True,True,1.0000001192092896,0.0001397464657202363,8.879584493115544e-05,6.955862045288086e-05,1.1216706496952611e-07,"[0.0013866141671314836, 0.0071251606568694115, 0.9903312921524048, 0.0011570225469768047]","[0.001386911841109395, 0.007072838954627514, 0.9904008507728577, 0.0011394540779292583]"
model\Dataset_Flood\high\img15.webp,high,2,non_flood,3,0.4723828136920929,medium,0.08265846967697144,non_flood,3,0.47366681694984436,medium,0.08477330207824707,False,False,True,0.9999969601631165,0.002567976713180542,0.001575557398609817,0.0012840032577514648,9.293144103139639e-07,"[0.07398372143507004, 0.38972434401512146, 0.0639091283082962, 0.4723828136920929]","[0.07389992475509644, 0.3888935148715973, 0.0635397806763649, 0.47366681694984436]"
model\Dataset_Flood\high\img16.jpg,high,2,high,2,0.8339613676071167,medium,0.7568676844239235,high,2,0.8337439298629761,medium,0.7561151534318924,True,True,True,0.9999997615814209,0.0012778621166944504,0.0007225355948321521,0.0005350932478904724,8.764399694882741e-07,"[0.023739704862236977, 0.0770936831831932, 0.8339613676071167, 0.06520526111125946]","[0.023843519389629364, 0.07762877643108368, 0.8337439298629761, 0.0647837445139885]"
model\Dataset_Flood\high\img17.webp,high,2,high,2,0.9067854881286621,medium,0.8212957680225372,high,2,0.9063358902931213,medium,0.8204329833388329,True,True,True,0.9999997615814209,0.0008991470094770193,0.0006111784605309367,0.0004495978355407715,3.401482615572604e-07,"[0.006352147087454796, 0.08548972010612488, 0.9067854881286621, 0.0013726691249758005]","[0.00637319078668952, 0.08590290695428848, 0.9063358902931213, 0.0013879877515137196]"
model\Dataset_Flood\high\img18.jpg,high,2,high,2,0.6520368456840515,medium,0.4095717817544937,high,2,0.6507050395011902,medium,0.4069621413946152,True,True,True,0.9999971389770508,0.0026636458933353424,0.0018461798317730427,0.0013318061828613281,1.1730180631275289e-06,"[0.09169283509254456, 0.2424650639295578, 0.6520368456840515, 0.013805234804749489]","[0.0917065367102623, 0.243742898106575, 0.6507050395011902, 0.013845538720488548]"
model\Dataset_Flood\high\img19.jpg,high,2,high,2,0.5134500861167908,medium,0.2644955515861511,high,2,0.506419837474823,medium,0.2538750171661377,True,True,True,0.9999143481254578,0.014060539193451405,0.008610137738287449,0.0070302486419677734,2.4826789740473032e-05,"[0.23474976420402527, 0.24895453453063965, 0.5134500861167908, 0.002845620736479759]","[0.238187775015831, 0.2525448203086853, 0.506419837474823, 0.002847614698112011]"
model\Dataset_Flood\high\img20.jpg,high,2,medium,1,0.7298084497451782,high,0.49287958443164825,medium,1,0.7281615138053894,high,0.4898740351200104,False,False,True,0.9999972581863403,0.0032938364893198013,0.002147882478311658,0.0016469359397888184,1.7517812693768064e-06,"[0.024252567440271378, 0.7298084497451782, 0.23692886531352997, 0.009010125882923603]","[0.024479219689965248, 0.7281615138053894, 0.23828747868537903, 0.009071760810911655]"
model\Dataset_Flood\high\img21.webp,high,2,high,2,0.7446115016937256,medium,0.5653781592845917,high,2,0.7454267740249634,medium,0.5665930509567261,True,True,True,0.9999995231628418,0.0016306238248944283,0.000995752401649952,0.000815272331237793,4.7087624466257694e-07,"[0.07526995241641998, 0.1792333424091339, 0.7446115016937256, 0.0008852069149725139]","[0.07486116141080856, 0.1788337230682373, 0.7454267740249634, 0.0008782657096162438]"
model\Dataset_Flood\high\img23.jpg,high,2,medium,1,0.8928534388542175,high,0.7946876883506775,medium,1,0.8935326933860779,high,0.7961541935801506,False,False,True,0.9999995827674866,0.001574444118887186,0.0010448358952999115,0.0007872506976127625,1.0237454262096435e-06,"[0.008219501003623009, 0.8928534388542175, 0.09816575050354004, 0.0007613777997903526]","[0.008321979083120823, 0.8935326933860779, 0.09737849980592728, 0.0007668386679142714]"
model\Dataset_Flood\high\img25.jpg,high,2,medium,1,0.8815630078315735,high,0.7677010372281075,medium,1,0.8818124532699585,high,0.7681898176670074,False,False,True,0.9999999403953552,0.0004990072920918465,0.00034583950764499605,0.00024944543838500977,4.115500829016128e-08,"[0.004539728630334139, 0.8815630078315735, 0.11386197060346603, 3.533490598783828e-05]","[0.004529695492237806, 0.8818124532699585, 0.11362263560295105, 3.514116178848781e-05]"
model\Dataset_Flood\high\img26.jpg,high,2,low,0,0.636254608631134,medium,0.4328525811433792,low,0,0.6364968419075012,medium,0.43300771713256836,False,False,True,0.9999998211860657,0.0006586834788322449,0.00039863630081526935,0.0003032609820365906,1.1771089702961035e-07,"[0.636254608631134, 0.20340202748775482, 0.11120495200157166, 0.04913840815424919]","[0.6364968419075012, 0.20348912477493286, 0.11090169101953506, 0.049112316220998764]"
model\Dataset_Flood\high\img27.jpg,high,2,medium,1,0.8741453289985657,high,0.7800084948539734,medium,1,0.874046802520752,high,0.7799780368804932,False,False,True,1.0,0.0003333818167448044,0.00017237034626305103,0.00011042878031730652,1.9839535525534302e-07,"[0.008580789901316166, 0.8741453289985657, 0.09413683414459229, 0.023136984556913376]","[0.008691218681633472, 0.874046802520752, 0.09406876564025879, 0.023193342611193657]"
model\Dataset_Flood\high\img28.jpg,high,2,high,2,0.9981896281242371,medium,0.9967431786935776,high,2,0.998170018196106,medium,0.9967057263711467,True,True,True,0.9999999403953552,3.934599953936413e-05,2.6558600438875146e-05,1.9609928131103516e-05,2.8746574898264043e-08,"[0.0003227986744605005, 0.0014464494306594133, 0.9981896281242371, 4.106442065676674e-05]","[0.0003243225219193846, 0.0014642918249592185, 0.998170018196106, 4.143425030633807e-05]"
model\Dataset_Flood\high\img29.webp,high,2,high,2,0.9895455241203308,medium,0.9793620724231005,high,2,0.9894857406616211,medium,0.9792469218373299,True,True,True,1.0,0.00011947308667004108,8.15981111372821e-05,5.97834587097168e-05,7.695422254982986e-08,"[0.0002663011837285012, 0.010183451697230339, 0.9895455241203308, 4.830159014090896e-06]","[0.00027062217122875154, 0.01023881882429123, 0.9894857406616211, 4.828642431675689e-06]"
model\Dataset_Flood\high\img3.webp,high,2,high,2,0.9097359776496887,low,0.8712145835161209,high,2,0.909172773361206,low,0.8701310195028782,True,True,True,0.9999997615814209,0.0012105787172913551,0.0007726288167759776,0.000563204288482666,9.254299584426917e-07,"[0.03852139413356781, 0.03690529242157936, 0.9097359776496887, 0.01483739074319601]","[0.039041753858327866, 0.036990195512771606, 0.909172773361206, 0.014795279130339622]"
model\Dataset_Flood\high\img30.jpg,high,2,high,2,0.9416470527648926,medium,0.8923112899065018,high,2,0.9414328336715698,medium,0.891969945281744,True,True,True,1.0,0.0004285137401893735,0.00026332386187277734,0.0002142190933227539,1.2532383664165536e-07,"[0.008431274443864822, 0.04933576285839081, 0.9416470527648926, 0.0005858305376023054]","[0.008516629226505756, 0.04946288838982582, 0.9414328336715698, 0.0005876448703929782]"
model\Dataset_Flood\high\img31.webp,high,2,high,2,0.8339016437530518,medium,0.6717581152915955,high,2,0.834021806716919,medium,0.6719511598348618,True,True,True,0.9999999403953552,0.00026553566567599773,0.0001532725291326642,0.0001201629638671875,1.8053741257517686e-07,"[0.0010345167247578502, 0.1621435284614563, 0.8339016437530518, 0.0029202294535934925]","[0.0010471601272001863, 0.1620706468820572, 0.834021806716919, 0.0028603817336261272]"
model\Dataset_Flood\high\img32.webp,high,2,high,2,0.7039380669593811,medium,0.44141656160354614,high,2,0.7027955055236816,medium,0.43921005725860596,True,True,True,0.9999983310699463,0.0022850818932056427,0.0015626278473064303,0.0011425614356994629,8.280927090709156e-07,"[0.011992336250841618, 0.26252150535583496, 0.7039380669593811, 0.021548084914684296]","[0.01205709669739008, 0.2635854482650757, 0.7027955055236816, 0.02156190201640129]"
model\Dataset_Flood\high\img33.jpg,high,2,high,2,0.8430047631263733,medium,0.741496168076992,high,2,0.8428919315338135,medium,0.7413599938154221,True,True,True,0.9999999403953552,0.00034120306372642517,0.00019570910080801696,0.00014727935194969177,9.898576536215842e-08,"[0.020214466378092766, 0.10150859504938126, 0.8430047631263733, 0.03527214005589485]","[0.02015671692788601, 0.10153193771839142, 0.8428919315338135, 0.03541941940784454]"
model\Dataset_Flood\high\img3395-17257822313861610246644-172579503999743925247.webp,high,2,high,2,0.9915409684181213,medium,0.9859212832525373,high,2,0.9916728138923645,medium,0.986136931926012,True,True,True,1.0000001192092896,0.00026366335805505514,0.00016018969472497702,0.00013184547424316406,2.6753693305181514e-07,"[0.0013280201237648726, 0.005619685165584087, 0.9915409684181213, 0.0015113477129489183]","[0.0013111481675878167, 0.005535881966352463, 0.9916728138923645, 0.0014802049845457077]"
model\Dataset_Flood\high\img34.webp,high,2,medium,1,0.5126280188560486,high,0.04222899675369263,medium,1,0.5139141082763672,high,0.04479128122329712,False,False,True,0.9999966621398926,0.0026305776555091143,0.0018124792259186506,0.0012860894203186035,8.876550054992549e-07,"[0.01368987001478672, 0.5126280188560486, 0.47039902210235596, 0.003283083438873291]","[0.013719047419726849, 0.5139141082763672, 0.46912282705307007, 0.0032439676579087973]"
model\Dataset_Flood\high\img35.jpg,high,2,medium,1,0.6821459531784058,high,0.37154194712638855,medium,1,0.6797691583633423,high,0.36679545044898987,False,False,True,0.9999911785125732,0.004762833006680012,0.003356307279318571,0.0023767948150634766,3.2970986012514913e-06,"[0.006820398848503828, 0.6821459531784058, 0.3106040060520172, 0.00042971945367753506]","[0.0068320780992507935, 0.6797691583633423, 0.3129737079143524, 0.00042506237514317036]"
model\Dataset_Flood\high\img36.jpg,high,2,high,2,0.929954469203949,medium,0.8796643801033497,high,2,0.929521918296814,medium,0.8789755702018738,True,True,True,1.0,0.0008744182996451855,0.0005343523225747049,0.00043255090713500977,4.529805437414325e-07,"[0.01718156971037388, 0.05029008910059929, 0.929954469203949, 0.0025739027187228203]","[0.01736251637339592, 0.050546348094940186, 0.929521918296814, 0.0025692409835755825]"
model\Dataset_Flood\high\img37.jpg,high,2,high,2,0.9509786367416382,medium,0.9053692407906055,high,2,0.9514035582542419,medium,0.9062004797160625,True,True,True,1.0,0.000851036049425602,0.0005882356781512499,0.00042492151260375977,4.691669062140136e-07,"[0.0011763389920815825, 0.04560939595103264, 0.9509786367416382, 0.0022356181871145964]","[0.0011769336415454745, 0.0452030785381794, 0.9514035582542419, 0.002216415712609887]"
model\Dataset_Flood\high\img38.jpg,high,2,medium,1,0.8468509316444397,low,0.7292633578181267,medium,1,0.8462831377983093,low,0.7284702435135841,False,False,True,0.9999998211860657,0.001153116929344833,0.0007046964601613581,0.0005677938461303711,5.552642505790573e-07,"[0.11758757382631302, 0.8468509316444397, 0.034207265824079514, 0.0013542778324335814]","[0.11781289428472519, 0.8462831377983093, 0.0345584936439991, 0.0013455030275508761]"
model\Dataset_Flood\high\img39.jpg,high,2,high,2,0.9865165948867798,medium,0.9768525063991547,high,2,0.9864375591278076,medium,0.976703928783536,True,True,True,1.0,0.00015811994671821594,0.0001056245164363645,7.903575897216797e-05,3.796418468482443e-08,"[0.001819163211621344, 0.009664088487625122, 0.9865165948867798, 0.002000086475163698]","[0.0018276952905580401, 0.00973363034427166, 0.9864375591278076, 0.0020010967273265123]"
model\Dataset_Flood\high\img4.jpg,high,2,high,2,0.5519909858703613,medium,0.14026972651481628,high,2,0.5578214526176453,medium,0.15171879529953003,True,True,True,0.999933123588562,0.011660931631922722,0.008098755963146687,0.0058304667472839355,1.754582808644045e-05,"[0.03361791372299194, 0.41172125935554504, 0.5519909858703613, 0.0026698396541178226]","[0.03346521407365799, 0.40610265731811523, 0.5578214526176453, 0.0026106766890734434]"
model\Dataset_Flood\high\img40.jpg,high,2,medium,1,0.7930113673210144,high,0.5945520401000977,medium,1,0.7970874905586243,high,0.6026214212179184,False,False,True,0.999982476234436,0.008152265101671219,0.005706600844860077,0.004076123237609863,1.2866707947978284e-05,"[0.0064462050795555115, 0.7930113673210144, 0.19845932722091675, 0.002083141589537263]","[0.006382734980434179, 0.7970874905586243, 0.19446606934070587, 0.002063727704808116]"
model\Dataset_Flood\high\img42.webp,high,2,medium,1,0.7424829602241516,high,0.49198514223098755,medium,1,0.7447705268859863,high,0.4966038763523102,False,False,True,0.999992847442627,0.0046622916124761105,0.003266311949118972,0.002331167459487915,3.6403475860424805e-06,"[0.005279251374304295, 0.7424829602241516, 0.25049781799316406, 0.001740050851367414]","[0.0053175026550889015, 0.7447705268859863, 0.24816665053367615, 0.0017453569453209639]"
model\Dataset_Flood\high\img43.webp,high,2,high,2,0.8377889394760132,medium,0.6890459507703781,high,2,0.8365925550460815,medium,0.6866744309663773,True,True,True,0.9999985694885254,0.002392742084339261,0.0016770942602306604,0.0011963844299316406,1.3664582638739375e-06,"[0.011402647010982037, 0.14874298870563507, 0.8377889394760132, 0.00206548604182899]","[0.011421659961342812, 0.14991812407970428, 0.8365925550460815, 0.0020676953718066216]"
model\Dataset_Flood\high\img44.jpg,high,2,high,2,0.9772148728370667,non_flood,0.9666676679626107,high,2,0.9772608876228333,non_flood,0.9667844697833061,True,True,True,1.0000001192092896,0.0001587076112627983,9.118844172917306e-05,7.078703492879868e-05,8.10377898119441e-08,"[0.005165840964764357, 0.007072078064084053, 0.9772148728370667, 0.010547204874455929]","[0.0051573202945292, 0.007105463184416294, 0.9772608876228333, 0.01047641783952713]"
model\Dataset_Flood\high\img45.jpg,high,2,high,2,0.9740405678749084,medium,0.9624592838808894,high,2,0.9739485383033752,medium,0.9622952183708549,True,True,True,0.9999999403953552,0.0002110595814883709,0.0001223254803335294,9.202957153320312e-05,8.380651905781633e-08,"[0.005836417432874441, 0.011581283994019032, 0.9740405678749084, 0.008541690185666084]","[0.0058699315413832664, 0.01165331993252039, 0.9739485383033752, 0.0085282102227211]"
model\Dataset_Flood\high\img46.jpg,high,2,high,2,0.647739827632904,medium,0.3140477240085602,high,2,0.6430882215499878,medium,0.30494141578674316,True,True,True,0.9999648928642273,0.009303310886025429,0.006443346850574017,0.00465160608291626,1.1839246326417197e-05,"[0.018031444400548935, 0.33369210362434387, 0.647739827632904, 0.0005365301040001214]","[0.01821798086166382, 0.33814680576324463, 0.6430882215499878, 0.0005469961906783283]"
model\Dataset_Flood\high\img48.webp,high,2,high,2,0.9332959651947021,medium,0.8734662719070911,high,2,0.9330708980560303,medium,0.87300930544734,True,True,True,1.0,0.00047284062020480633,0.00032339137396775186,0.00023189932107925415,1.5517230167461094e-07,"[0.001968936063349247, 0.05982969328761101, 0.9332959651947021, 0.004905396606773138]","[0.0019734466914087534, 0.06006159260869026, 0.9330708980560303, 0.004894033074378967]"
model\Dataset_Flood\high\img49.webp,high,2,high,2,0.973223090171814,medium,0.9496515523642302,high,2,0.9729968905448914,medium,0.9492203462868929,True,True,True,1.0,0.0004523035022430122,0.00030572840478271246,0.00022619962692260742,2.46850021312639e-07,"[0.0007743287715129554, 0.02357153780758381, 0.973223090171814, 0.002431082772091031]","[0.0007797105936333537, 0.023776544257998466, 0.9729968905448914, 0.00244679837487638]"
model\Dataset_Flood\high\img5.jpg,high,2,high,2,0.7558973431587219,medium,0.5659197568893433,high,2,0.7584441900253296,medium,0.5709525346755981,True,True,True,0.9999926090240479,0.005093655548989773,0.0035594338551163673,0.002546846866607666,5.1444812925183214e-06,"[0.0511089526116848, 0.18997758626937866, 0.7558973431587219, 0.003016108414158225]","[0.051051728427410126, 0.18749165534973145, 0.7584441900253296, 0.0030124548356980085]"
model\Dataset_Flood\high\img50.jpg,high,2,high,2,0.9476926922798157,medium,0.8975296467542648,high,2,0.9480727314949036,medium,0.8982794471085072,True,True,True,0.9999999403953552,0.000760011316742748,0.0005303017096593976,0.0003800392150878906,3.695970178796415e-07,"[0.000830965000204742, 0.05016304552555084, 0.9476926922798157, 0.0013133313041180372]","[0.000828567601274699, 0.04979328438639641, 0.9480727314949036, 0.001305517740547657]"
model\Dataset_Flood\high\img51.jpg,high,2,high,2,0.9053897261619568,medium,0.8126483336091042,high,2,0.9035050272941589,medium,0.8089168444275856,True,True,True,0.9999974966049194,0.0037694510538131,0.0026389688719063997,0.0018846988677978516,5.138172127772123e-06,"[0.0018583849305287004, 0.09274139255285263, 0.9053897261619568, 1.0495128663023934e-05]","[0.0018962331814691424, 0.09458818286657333, 0.9035050272941589, 1.0608770026010461e-05]"
model\Dataset_Flood\high\img52.webp,high,2,high,2,0.7055680751800537,medium,0.48988132178783417,high,2,0.70787513256073,medium,0.4940144121646881,True,True,True,0.9999944567680359,0.004614114761352539,0.0029620169661939144,0.0023070573806762695,3.232424205634743e-06,"[0.049438562244176865, 0.21568675339221954, 0.7055680751800537, 0.029306599870324135]","[0.049176350235939026, 0.21386072039604187, 0.70787513256073, 0.029087787494063377]"
model\Dataset_Flood\high\img53.png,high,2,medium,1,0.917901873588562,high,0.8496827855706215,medium,1,0.917656660079956,high,0.8492665365338326,False,False,True,1.0,0.0005023303674533963,0.00030957593116909266,0.00024521350860595703,1.2892542144982144e-07,"[0.013203795067965984, 0.917901873588562, 0.06821908801794052, 0.00067519472213462]","[0.013283913023769855, 0.917656660079956, 0.0683901235461235, 0.0006692313472740352]"
model\Dataset_Flood\high\img55.webp,high,2,medium,1,0.8994130492210388,low,0.8478368185460567,medium,1,0.8993319869041443,low,0.8476117700338364,False,False,True,1.0000001192092896,0.00030126702040433884,0.0001793898845789954,0.00014398619532585144,6.596270196723708e-08,"[0.05157623067498207, 0.8994130492210388, 0.04383984953165054, 0.005170850548893213]","[0.05172021687030792, 0.8993319869041443, 0.043770331889390945, 0.005177551414817572]"
model\Dataset_Flood\high\img56.jpg,high,2,high,2,0.990676760673523,medium,0.9842942422255874,high,2,0.9907515048980713,medium,0.984425846952945,True,True,True,1.0,0.00014959886902943254,9.5051022071857e-05,7.474422454833984e-05,1.0838607522600796e-07,"[0.0009084035991691053, 0.006382518447935581, 0.990676760673523, 0.0020322955679148436]","[0.0009045536862686276, 0.006325657945126295, 0.9907515048980713, 0.0020181513391435146]"
model\Dataset_Flood\high\img57.jpg,high,2,high,2,0.9329771995544434,medium,0.8665499836206436,high,2,0.9327237010002136,medium,0.8660510703921318,True,True,True,0.9999999403953552,0.0005070188781246543,0.00035290708183310926,0.00025349855422973633,1.393956239326144e-07,"[0.0003791237832047045, 0.06642721593379974, 0.9329771995544434, 0.0002164516772609204]","[0.0003863932506646961, 0.06667263060808182, 0.9327237010002136, 0.00021728787396568805]"
model\Dataset_Flood\high\img58.jpg,high,2,high,2,0.9950774312019348,medium,0.992281757062301,high,2,0.9951220154762268,medium,0.992344208760187,True,True,True,1.0000001192092896,8.909005555324256e-05,5.4776541219325736e-05,4.458427429199219e-05,2.6924682927642607e-08,"[5.249172681942582e-05, 0.0027956741396337748, 0.9950774312019348, 0.002074355259537697]","[5.218535443418659e-05, 0.002777806716039777, 0.9951220154762268, 0.0020480232778936625]"
model\Dataset_Flood\high\img59.jpg,high,2,high,2,0.8283832669258118,medium,0.6607381701469421,high,2,0.8297393321990967,medium,0.6633839160203934,True,True,True,0.9999983310699463,0.002712105866521597,0.0018725674599409103,0.0013560652732849121,1.684702738202759e-06,"[0.00390660110861063, 0.16764509677886963, 0.8283832669258118, 6.507078069262207e-05]","[0.0038408800028264523, 0.1663554161787033, 0.8297393321990967, 6.443191523430869e-05]"
model\Dataset_Flood\high\img6.jpg,high,2,low,0,0.47599735856056213,medium,0.13436585664749146,low,0,0.47689250111579895,medium,0.13505584001541138,False,False,True,0.9999985098838806,0.002200718969106674,0.001205716165713966,0.0008951425552368164,1.1947412303925375e-06,"[0.47599735856056213, 0.3416315019130707, 0.13502565026283264, 0.04734554886817932]","[0.47689250111579895, 0.3418366611003876, 0.1344258338212967, 0.04684494808316231]"
model\Dataset_Flood\high\img60.webp,high,2,high,2,0.876926600933075,low,0.7863829955458641,high,2,0.8750610947608948,low,0.7829742059111595,True,True,True,0.9999980330467224,0.0037309909239411354,0.0024400544352829456,0.0018655061721801758,4.19740854340489e-06,"[0.09054360538721085, 0.026373323053121567, 0.876926600933075, 0.006156395189464092]","[0.09208688884973526, 0.026676060631871223, 0.8750610947608948, 0.006175858899950981]"
model\Dataset_Flood\high\img61.jpg,high,2,high,2,0.4723224937915802,non_flood,0.16851645708084106,high,2,0.4729726016521454,non_flood,0.16938215494155884,True,True,True,0.9999992251396179,0.001300085335969925,0.0007517897756770253,0.0006501078605651855,2.5075135567931284e-07,"[0.04949469864368439, 0.1743767112493515, 0.4723224937915802, 0.30380603671073914]","[0.049306850880384445, 0.1741301715373993, 0.4729726016521454, 0.30359044671058655]"
model\Dataset_Flood\high\img62.webp,high,2,high,2,0.7626047730445862,medium,0.5352964550256729,high,2,0.7626992464065552,medium,0.5354939848184586,True,True,True,0.9999998807907104,0.00020604801829904318,0.0001400532783009112,0.00010305643081665039,4.385788443528327e-08,"[0.008812448009848595, 0.22730831801891327, 0.7626047730445862, 0.0012745388085022569]","[0.008812657557427883, 0.22720526158809662, 0.7626992464065552, 0.001282847486436367]"
model\Dataset_Flood\high\img63.webp,high,2,high,2,0.9227405786514282,non_flood,0.8798873946070671,high,2,0.9230446815490723,non_flood,0.8803671821951866,True,True,True,1.0,0.0006082504987716675,0.0003639674687292427,0.00030410289764404297,1.6884951037354767e-07,"[0.01658802293241024, 0.017818249762058258, 0.9227405786514282, 0.042853184044361115]","[0.016502847895026207, 0.01777496188879013, 0.9230446815490723, 0.04267749935388565]"
model\Dataset_Flood\high\img64.webp,high,2,high,2,0.9467706680297852,medium,0.9045897871255875,high,2,0.9467777609825134,medium,0.9045502506196499,True,True,True,1.0,0.00011392380110919476,7.402588380500674e-05,5.696248263120651e-05,7.950166036607698e-08,"[0.0014567478792741895, 0.04218088090419769, 0.9467706680297852, 0.009591746143996716]","[0.0014599867863580585, 0.04222751036286354, 0.9467777609825134, 0.009534783661365509]"
model\Dataset_Flood\high\img65.jpg,high,2,high,2,0.45514658093452454,non_flood,0.04888486862182617,high,2,0.45834779739379883,non_flood,0.054776281118392944,True,True,True,0.9999773502349854,0.00646788626909256,0.004216836299747229,0.003201216459274292,5.9721642173826694e-06,"[0.039224207401275635, 0.09936750680208206, 0.45514658093452454, 0.40626171231269836]","[0.03868042677640915, 0.09940019994974136, 0.45834779739379883, 0.4035715162754059]"
model\Dataset_Flood\high\img66.jpg,high,2,high,2,0.9809426069259644,medium,0.9636363033205271,high,2,0.9811106324195862,medium,0.9639514219015837,True,True,True,0.9999999403953552,0.0003360286937095225,0.00022425119823310524,0.00016802549362182617,1.6683725334587507e-07,"[0.00028273125644773245, 0.01730630360543728, 0.9809426069259644, 0.0014683410990983248]","[0.0002823022077791393, 0.01715921051800251, 0.9811106324195862, 0.0014478600351139903]"
model\Dataset_Flood\high\img67.jpg,high,2,high,2,0.9662336707115173,medium,0.9403322320431471,high,2,0.9663280844688416,medium,0.9405755698680878,True,True,True,1.0,0.0002979377459269017,0.00018351095786783844,0.0001489240676164627,1.858731053516749e-07,"[0.00745343416929245, 0.025901438668370247, 0.9662336707115173, 0.0004114122421015054]","[0.007504115346819162, 0.025752514600753784, 0.9663280844688416, 0.0004153309855610132]"
model\Dataset_Flood\high\img68.jpg,high,2,high,2,0.809512734413147,medium,0.6621326208114624,high,2,0.8078796863555908,medium,0.6584862768650055,True,True,True,0.9999961256980896,0.004026511684060097,0.002610989147797227,0.002013295888900757,4.294539394322783e-06,"[0.01575910858809948, 0.14738011360168457, 0.809512734413147, 0.02734803408384323]","[0.01568036712706089, 0.14939340949058533, 0.8078796863555908, 0.027046607807278633]"
model\Dataset_Flood\high\img69.jpg,high,2,high,2,0.9797319769859314,non_flood,0.9693074692040682,high,2,0.9795942306518555,non_flood,0.9690857920795679,True,True,True,1.0,0.0002755342866294086,0.00016857613809406757,0.00013774633407592773,9.40599491627836e-08,"[0.0006419738056138158, 0.009201588109135628, 0.9797319769859314, 0.010424507781863213]","[0.0006471172091551125, 0.009250301867723465, 0.9795942306518555, 0.01050843857228756]"
model\Dataset_Flood\high\img7.webp,high,2,high,2,0.9944920539855957,low,0.9911320402752608,high,2,0.994537889957428,low,0.991216664435342,True,True,True,1.0,9.170075645670295e-05,6.042849781806581e-05,4.583597183227539e-05,9.336498152379136e-08,"[0.003360013710334897, 0.001317925751209259, 0.9944920539855957, 0.0008300527697429061]","[0.0033212255220860243, 0.00131763587705791, 0.994537889957428, 0.0008232660475187004]"
model\Dataset_Flood\high\img70.jpg,high,2,high,2,0.9578844308853149,medium,0.9347716774791479,high,2,0.9576284885406494,medium,0.9344790931791067,True,True,True,1.0,0.0005197678692638874,0.0003415981191210449,0.00025594234466552734,3.9360790538012225e-07,"[0.01644812524318695, 0.02311275340616703, 0.9578844308853149, 0.0025547295808792114]","[0.01667133904993534, 0.0231493953615427, 0.9576284885406494, 0.002550759818404913]"
model\Dataset_Flood\high\img71.jpg,high,2,high,2,0.9971587657928467,medium,0.9958635524380952,high,2,0.9971743822097778,medium,0.9958871434209868,True,True,True,1.0,3.132532583549619e-05,1.8430857380735688e-05,1.5616416931152344e-05,1.236605839949334e-08,"[0.0002561158617027104, 0.0012952133547514677, 0.9971587657928467, 0.0012899189023301005]","[0.00025332579389214516, 0.0012872387887910008, 0.9971743822097778, 0.0012849746271967888]"
model\Dataset_Flood\high\img72.webp,high,2,high,2,0.9944517016410828,medium,0.9892715001478791,high,2,0.9944775700569153,medium,0.9893244751729071,True,True,True,1.0,5.4725755035178736e-05,3.750274481717497e-05,2.710660919547081e-05,,"[0.00034125498495996, 0.00518020149320364, 0.9944517016410828, 2.6760630134958774e-05]","[0.0003428304335102439, 0.005153094884008169, 0.9944775700569153, 2.6585348678054288e-05]"
model\Dataset_Flood\high\img77.webp,high,2,high,2,0.9697171449661255,non_flood,0.953172767534852,high,2,0.9697809219360352,non_flood,0.9533155933022499,True,True,True,1.0,0.00015801785048097372,0.00010213591303909197,7.904879748821259e-05,8.197093848139048e-08,"[0.0014335950836539268, 0.012304948642849922, 0.9697171449661255, 0.01654437743127346]","[0.001440935186110437, 0.012312800623476505, 0.9697809219360352, 0.016465328633785248]"
model\Dataset_Flood\high\img78.jpg,high,2,high,2,0.8183356523513794,medium,0.6731619834899902,high,2,0.8167519569396973,medium,0.6700187623500824,True,True,True,0.9999975562095642,0.0031672189943492413,0.0022227808367460966,0.001583695411682129,2.4966007003968116e-06,"[0.03268621116876602, 0.14517366886138916, 0.8183356523513794, 0.003804554231464863]","[0.0327095128595829, 0.14673319458961487, 0.8167519569396973, 0.003805250395089388]"
model\Dataset_Flood\high\img79.webp,high,2,medium,1,0.6019937992095947,high,0.31690335273742676,medium,1,0.6030057072639465,high,0.3191286623477936,False,False,True,0.9999973177909851,0.002503886353224516,0.0015985573409125209,0.0012134015560150146,9.525256245979108e-07,"[0.10543949902057648, 0.6019937992095947, 0.28509044647216797, 0.007476259954273701]","[0.10567948967218399, 0.6030057072639465, 0.28387704491615295, 0.0074376738630235195]"
model\Dataset_Flood\high\img8.webp,high,2,high,2,0.8900033235549927,medium,0.8265237957239151,high,2,0.8894614577293396,medium,0.8260196223855019,True,True,True,0.9999999403953552,0.0011591222137212753,0.0006852508522570133,0.0005418658256530762,1.1269002015978913e-06,"[0.029794039204716682, 0.06347952783107758, 0.8900033235549927, 0.016723042353987694]","[0.030026452615857124, 0.06344183534383774, 0.8894614577293396, 0.017070192843675613]"
model\Dataset_Flood\high\img80.jpg,high,2,high,2,0.9960565567016602,medium,0.9937400231137872,high,2,0.9960640072822571,medium,0.9937535228673369,True,True,True,0.9999999403953552,1.4919525710865855e-05,9.693018910184037e-06,7.450580596923828e-06,3.1889104690208114e-08,"[0.0013287358451634645, 0.002316533587872982, 0.9960565567016602, 0.0002982337318826467]","[0.001327376696281135, 0.002310484414920211, 0.9960640072822571, 0.0002981731086038053]"
model\Dataset_Flood\high\img81.jpg,high,2,high,2,0.8076215386390686,medium,0.7067448794841766,high,2,0.8082622289657593,medium,0.7076240628957748,True,True,True,0.9999997615814209,0.001293068751692772,0.0007961963419802487,0.0006406903266906738,3.7732311852778366e-07,"[0.08356677740812302, 0.10087665915489197, 0.8076215386390686, 0.00793504435569048]","[0.0831586942076683, 0.10063816606998444, 0.8082622289657593, 0.007940846495330334]"
model\Dataset_Flood\high\img82.jpg,high,2,high,2,0.9450174570083618,non_flood,0.907142236828804,high,2,0.9449872970581055,non_flood,0.9071965105831623,True,True,True,1.0,0.00022916682064533234,0.0001381946203764528,0.00010469742119312286,1.0036819730885327e-07,"[0.0004969266592524946, 0.016610391438007355, 0.9450174570083618, 0.0378752201795578]","[0.0005068024038337171, 0.016715088859200478, 0.9449872970581055, 0.03779078647494316]"
model\Dataset_Flood\high\img83.jpg,high,2,high,2,0.7745054364204407,non_flood,0.6550644636154175,high,2,0.7746076583862305,non_flood,0.6553709208965302,True,True,True,1.0,0.0004136591451242566,0.0002512393693905324,0.00020423531532287598,5.52354286753598e-08,"[0.0014451255556195974, 0.1046084314584732, 0.7745054364204407, 0.1194409728050232]","[0.0014425819972530007, 0.1047130897641182, 0.7746076583862305, 0.11923673748970032]"
model\Dataset_Flood\high\img84.webp,high,2,non_flood,3,0.8441520929336548,high,0.7301639765501022,non_flood,3,0.8438320755958557,high,0.7293805703520775,False,False,True,0.9999996423721313,0.0009490121155977249,0.0005840572994202375,0.0004633888602256775,3.3501419238746166e-07,"[0.04046221449971199, 0.0013975364854559302, 0.11398811638355255, 0.8441520929336548]","[0.040307752788066864, 0.001408680691383779, 0.11445150524377823, 0.8438320755958557]"
model\Dataset_Flood\high\img85.jpg,high,2,high,2,0.8945282101631165,medium,0.8506673201918602,high,2,0.8949409127235413,medium,0.8511543087661266,True,True,True,0.9999999403953552,0.0009130574762821198,0.0005691031110472977,0.0004127025604248047,6.613408345401695e-07,"[0.03311546891927719, 0.043860889971256256, 0.8945282101631165, 0.02849540114402771]","[0.0331592857837677, 0.04378660395741463, 0.8949409127235413, 0.028113149106502533]"
model\Dataset_Flood\high\img86.webp,high,2,medium,1,0.6560661196708679,low,0.5155862867832184,medium,1,0.6577742099761963,low,0.5180884599685669,False,False,True,0.9999976754188538,0.003416121006011963,0.002002813620492816,0.0017080903053283691,1.6447593225166202e-06,"[0.14047983288764954, 0.6560661196708679, 0.08118270337581635, 0.12227135896682739]","[0.1396857500076294, 0.6577742099761963, 0.08087651431560516, 0.12166360020637512]"
model\Dataset_Flood\high\img88.webp,high,2,high,2,0.7240710258483887,low,0.5285718739032745,high,2,0.7211681008338928,low,0.5235269516706467,True,True,True,0.9999920129776001,0.005805759225040674,0.0036866820883005857,0.0029029250144958496,5.295727532939054e-06,"[0.19549915194511414, 0.07992587983608246, 0.7240710258483887, 0.000503996794577688]","[0.19764114916324615, 0.08068515360355377, 0.7211681008338928, 0.0005055601941421628]"
model\Dataset_Flood\high\img89.jpg,high,2,medium,1,0.4670948088169098,high,0.15297526121139526,medium,1,0.4675975739955902,high,0.1540040671825409,False,False,True,0.9999993443489075,0.0012156767770648003,0.0007397459703497589,0.00052604079246521,2.6980345069205214e-07,"[0.209788978099823, 0.4670948088169098, 0.3141195476055145, 0.008996586315333843]","[0.2098940759897232, 0.4675975739955902, 0.3135935068130493, 0.00891481339931488]"
model\Dataset_Flood\high\img9.webp,high,2,high,2,0.9527473449707031,non_flood,0.9256992042064667,high,2,0.9531832337379456,non_flood,0.9265527203679085,True,True,True,0.9999999403953552,0.0008839883375912905,0.0006041864398866892,0.00043588876724243164,8.135102120832016e-07,"[0.002475237473845482, 0.01772920787334442, 0.9527473449707031, 0.02704814076423645]","[0.002481381641700864, 0.017704879865050316, 0.9531832337379456, 0.02663051337003708]"
model\Dataset_Flood\high\img90.webp,high,2,high,2,0.9594292044639587,medium,0.9208557531237602,high,2,0.9592533111572266,medium,0.9205016829073429,True,True,True,1.0,0.00035912037128582597,0.00025040170294232666,0.0001781769096851349,1.0874055789145132e-07,"[0.0010341237066313624, 0.03857345134019852, 0.9594292044639587, 0.0009632122819311917]","[0.001035465975292027, 0.03875162824988365, 0.9592533111572266, 0.0009595043957233429]"
model\Dataset_Flood\high\img91.webp,high,2,high,2,0.9294411540031433,non_flood,0.8680607490241528,high,2,0.9291219115257263,non_flood,0.8675158210098743,True,True,True,0.9999999403953552,0.0006384620210155845,0.00039897943497635424,0.0003192424774169922,2.3693426953741437e-07,"[0.0018930677324533463, 0.007285286672413349, 0.9294411540031433, 0.061380404978990555]","[0.0019085252424702048, 0.007363363169133663, 0.9291219115257263, 0.061606090515851974]"
model\Dataset_Flood\high\img92.webp,high,2,high,2,0.8854600191116333,medium,0.7909116297960281,high,2,0.8846319317817688,medium,0.7894099578261375,True,True,True,0.9999995231628418,0.0016561076045036316,0.0010739199351519346,0.000828087329864502,8.172282264240494e-07,"[0.004035511985421181, 0.09454838931560516, 0.8854600191116333, 0.01595616340637207]","[0.0040816329419612885, 0.09522197395563126, 0.8846319317817688, 0.016064478084445]"
model\Dataset_Flood\high\img93.jpg,high,2,high,2,0.7831780910491943,low,0.6700772196054459,high,2,0.7809128761291504,low,0.6668161973357201,True,True,True,0.9999977350234985,0.00453050434589386,0.0026370615232735872,0.0022652149200439453,3.887732873408822e-06,"[0.11310087144374847, 0.0357963889837265, 0.7831780910491943, 0.06792465597391129]","[0.11409667879343033, 0.036318279802799225, 0.7809128761291504, 0.06867224723100662]"
model\Dataset_Flood\high\img94.webp,high,2,high,2,0.9293249845504761,low,0.8893355131149292,high,2,0.9299781918525696,low,0.8904333934187889,True,True,True,0.9999998807907104,0.0013063708320260048,0.0008039918611757457,0.0006532073020935059,8.491751941619441e-07,"[0.039989471435546875, 0.018903831019997597, 0.9293249845504761, 0.011781669221818447]","[0.03954479843378067, 0.018810873851180077, 0.9299781918525696, 0.011666135862469673]"
model\Dataset_Flood\high\img95.jpg,high,2,high,2,0.6568257212638855,medium,0.3234550654888153,high,2,0.6570312976837158,medium,0.32391878962516785,True,True,True,1.0,0.0005162754096090794,0.0003338230599183589,0.0002581477165222168,3.880063559336122e-08,"[0.00910036452114582, 0.3333706557750702, 0.6568257212638855, 0.0007032541325315833]","[0.0091506727039814, 0.333112508058548, 0.6570312976837158, 0.0007054972229525447]"
model\Dataset_Flood\high\img96.jpg,high,2,high,2,0.9920084476470947,medium,0.9844197719357908,high,2,0.991927981376648,medium,0.9842618820257485,True,True,True,1.0,0.0001619412942091003,0.00011172331869602203,8.046627044677734e-05,1.0701281638603177e-07,"[0.00019997578056063503, 0.007588675711303949, 0.9920084476470947, 0.0002029382885666564]","[0.00020352669525891542, 0.007666099350899458, 0.991927981376648, 0.00020243781909812242]"
model\Dataset_Flood\high\img97.jpg,high,2,high,2,0.9911511540412903,non_flood,0.9870119988918304,high,2,0.9911258816719055,non_flood,0.9869814426638186,True,True,True,1.0,5.061528645455837e-05,2.9495853596017696e-05,2.5272369384765625e-05,1.1773180652596693e-08,"[0.00191045633982867, 0.002799262525513768, 0.9911511540412903, 0.004139155149459839]","[0.001919434522278607, 0.002810343401506543, 0.9911258816719055, 0.00414443900808692]"
model\Dataset_Flood\high\img98.jpg,high,2,high,2,0.9841193556785583,medium,0.9691349072381854,high,2,0.9839876890182495,medium,0.9688809961080551,True,True,True,0.9999999403953552,0.00026341096963733435,0.0001798137673176825,0.0001316666603088379,1.4912011181422713e-07,"[0.0002650188107509166, 0.014984448440372944, 0.9841193556785583, 0.0006311170291155577]","[0.00027177526499144733, 0.015106692910194397, 0.9839876890182495, 0.0006338604143820703]"
model\Dataset_Flood\high\img99.jpg,high,2,high,2,0.9476029872894287,medium,0.9161648340523243,high,2,0.9474599957466125,medium,0.9159935414791107,True,True,True,0.9999999403953552,0.0002859372179955244,0.00017617145203985274,0.0001429915428161621,1.1338853056486187e-07,"[0.0026787288952618837, 0.031438153237104416, 0.9476029872894287, 0.018280187621712685]","[0.002695944160223007, 0.03146645426750183, 0.9474599957466125, 0.01837761700153351]"
model\Dataset_Flood\high\indonesia-floods.avif,high,2,medium,1,0.8887089490890503,high,0.8402455933392048,medium,1,0.8877864480018616,high,0.8390547707676888,False,False,True,0.9999997615814209,0.0018450114876031876,0.0010679003316909075,0.0009225010871887207,1.25348753954313e-06,"[0.046306490898132324, 0.8887089490890503, 0.048463355749845505, 0.016521193087100983]","[0.04667496681213379, 0.8877864480018616, 0.04873167723417282, 0.01680690608918667]"
model\Dataset_Flood\high\jakarta-indonesiafebruary-2021the-search-rescue-600nw-1920679820.webp,high,2,high,2,0.8450546264648438,medium,0.7499969005584717,high,2,0.8465854525566101,medium,0.751761868596077,True,True,True,0.9999986886978149,0.0030616852454841137,0.0019728406332433224,0.0015308260917663574,4.040717612951994e-06,"[0.006197746843099594, 0.09505772590637207, 0.8450546264648438, 0.05368991941213608]","[0.006120838690549135, 0.09482358396053314, 0.8465854525566101, 0.05247011035680771]"
model\Dataset_Flood\high\kerala-floods-maruti-swift-submerged-in-water-33a9.jpg,high,2,medium,1,0.5500735640525818,high,0.11081480979919434,medium,1,0.5500006675720215,high,0.1106361448764801,False,False,True,1.0000001192092896,0.00026294984854757786,0.00014350384299177676,0.00010576844215393066,7.702965376665816e-08,"[0.0022476089652627707, 0.5500735640525818, 0.43925875425338745, 0.008420078083872795]","[0.0022733118385076523, 0.5500006675720215, 0.4393645226955414, 0.008361496031284332]"
model\Dataset_Flood\high\kerala_sos.jpeg,high,2,high,2,0.8747265338897705,medium,0.80834099650383,high,2,0.8730481266975403,medium,0.8058108985424042,True,True,True,0.999998927116394,0.0033567436039447784,0.0020467049907892942,0.0016784071922302246,3.2333334729628405e-06,"[0.05750496685504913, 0.06638553738594055, 0.8747265338897705, 0.001383002381771803]","[0.058308739215135574, 0.06723722815513611, 0.8730481266975403, 0.0014058757806196809]"
model\Dataset_Flood\high\lu_lut.webp,high,2,high,2,0.819403886795044,medium,0.6550669968128204,high,2,0.8176110982894897,medium,0.6514838486909866,True,True,True,0.9999968409538269,0.0036350463051348925,0.0025339352432638407,0.0017927885055541992,2.9631621600856306e-06,"[0.013995985500514507, 0.1643368899822235, 0.819403886795044, 0.00226327171549201]","[0.014023158699274063, 0.1661272495985031, 0.8176110982894897, 0.0022385467309504747]"
model\Dataset_Flood\high\Mae-Sot-floods.jpg,high,2,medium,1,0.5328038930892944,low,0.286889910697937,medium,1,0.5315662622451782,low,0.2844053953886032,False,False,True,0.9999964237213135,0.0025301892310380936,0.0017571388743817806,0.0012468844652175903,1.1838337741210125e-06,"[0.24591398239135742, 0.5328038930892944, 0.21419493854045868, 0.0070872181095182896]","[0.247160866856575, 0.5315662622451782, 0.21416744589805603, 0.007105399388819933]"
model\Dataset_Flood\high\Marikina-flood.jpg,high,2,high,2,0.9165831208229065,medium,0.8704277351498604,high,2,0.9167755246162415,medium,0.8707377538084984,True,True,True,1.0000001192092896,0.00041371770203113556,0.0002429476153338328,0.00019240379333496094,9.244104859362778e-08,"[0.016190875321626663, 0.04615538567304611, 0.9165831208229065, 0.021070610731840134]","[0.01620534621179104, 0.04603777080774307, 0.9167755246162415, 0.020981382578611374]"
model\Dataset_Flood\high\maxresdefault.jpg,high,2,high,2,0.8629806041717529,low,0.798657201230526,high,2,0.8619487285614014,low,0.7974288314580917,True,True,True,0.9999993443489075,0.0020637335255742073,0.0013385216007009149,0.0010318756103515625,1.6458114941997337e-06,"[0.06432340294122696, 0.06042999401688576, 0.8629806041717529, 0.012266046367585659]","[0.06451989710330963, 0.061259590089321136, 0.8619487285614014, 0.012271814048290253]"
model\Dataset_Flood\high\morigaonassamindia-july-02-view-submerged-house-mayong-village-440nw-14568584j.jpg,high,2,high,2,0.9675910472869873,medium,0.9440080020576715,high,2,0.9674220085144043,medium,0.943771056830883,True,True,True,1.0000001192092896,0.0003381669521331787,0.00019898335449397564,0.0001690387725830078,1.7343019464988174e-07,"[0.006638559512794018, 0.023583045229315758, 0.9675910472869873, 0.002187269739806652]","[0.006714528426527977, 0.02365095168352127, 0.9674220085144043, 0.0022125225514173508]"
model\Dataset_Flood\high\mt27_0.webp,high,2,high,2,0.6253952383995056,medium,0.30407312512397766,high,2,0.6255238056182861,medium,0.3038581609725952,True,True,True,0.9999997019767761,0.0009614033624529839,0.0006047202623449266,0.00048069655895233154,7.149209864110162e-07,"[0.010522485710680485, 0.32132211327552795, 0.6253952383995056, 0.04276018589735031]","[0.010531093925237656, 0.3216656446456909, 0.6255238056182861, 0.04227948933839798]"
model\Dataset_Flood\high\Mua-Lu-1.jpg,high,2,high,2,0.699617862701416,medium,0.40716874599456787,high,2,0.6997446417808533,medium,0.4074479341506958,True,True,True,1.0,0.0003130869008600712,0.00020051372121088207,0.00015240907669067383,2.349247729682702e-08,"[0.004360913764685392, 0.29244911670684814, 0.699617862701416, 0.0035720597952604294]","[0.004390703048557043, 0.29229670763015747, 0.6997446417808533, 0.0035679503343999386]"
model\Dataset_Flood\high\ngap_2_0.webp,high,2,high,2,0.9590927362442017,non_flood,0.937216006219387,high,2,0.9591338038444519,non_flood,0.9371931571513414,True,True,True,0.9999999403953552,0.00021685531828552485,0.00013238276005722582,0.00010835565626621246,1.0686017759553579e-07,"[0.001047117868438363, 0.017983328551054, 0.9590927362442017, 0.021876730024814606]","[0.001050633261911571, 0.01787497289478779, 0.9591338038444519, 0.021940646693110466]"
model\Dataset_Flood\high\nha-diva-my-linh-cach-tam-lut-lich-su-40km-bi-ngap-nang-co-len-thuong-qua-thai-nguyen-oi-_9_5_n-1759912630-809-width780height971.jpg,high,2,high,2,0.9779215455055237,medium,0.9609406255185604,high,2,0.9775651693344116,medium,0.9602884668856859,True,True,True,0.9999999403953552,0.0007127614226192236,0.00046523171477019787,0.00035637617111206055,7.799139893904794e-07,"[0.0025297359097748995, 0.016980919986963272, 0.9779215455055237, 0.002567828167229891]","[0.002567552262917161, 0.0172767024487257, 0.9775651693344116, 0.002590614603832364]"
model\Dataset_Flood\high\noise.jpg,high,2,high,2,0.5413600206375122,medium,0.08593916893005371,high,2,0.5428638458251953,medium,0.08897331357002258,True,True,True,0.9999954700469971,0.0030606957152485847,0.0021456980612128973,0.0015303194522857666,1.1628065976765356e-06,"[0.0030751479789614677, 0.4554208517074585, 0.5413600206375122, 0.0001439311308786273]","[0.003100670175626874, 0.45389053225517273, 0.5428638458251953, 0.00014496012590825558]"
model\Dataset_Flood\high\noise1.jpg,high,2,high,2,0.5263480544090271,low,0.2824270874261856,high,2,0.5274807214736938,low,0.2861584275960922,True,True,True,0.9999871253967285,0.005241689272224903,0.0032017433550208807,0.002598673105239868,4.984053703083191e-06,"[0.2439209669828415, 0.22687403857707977, 0.5263480544090271, 0.0028568818233907223]","[0.24132229387760162, 0.22836220264434814, 0.5274807214736938, 0.0028346970211714506]"
model\Dataset_Flood\high\noise5.webp,high,2,high,2,0.9931492209434509,medium,0.989415530115366,high,2,0.9931300282478333,medium,0.9893884574994445,True,True,True,1.0000001192092896,3.840582212433219e-05,2.2591479137190618e-05,1.919269561767578e-05,7.235939847305417e-09,"[0.0007725254399701953, 0.0037336908280849457, 0.9931492209434509, 0.0023445317056030035]","[0.0007753901300020516, 0.0037415707483887672, 0.9931300282478333, 0.002353000221773982]"
model\Dataset_Flood\high\O-To-22.jpg,high,2,high,2,0.6850873231887817,medium,0.5108692348003387,high,2,0.6832721829414368,medium,0.5089239031076431,True,True,True,0.9999963045120239,0.0036302730441093445,0.0024251872673630714,0.0018151402473449707,3.2826810638653114e-06,"[0.12137655913829803, 0.174218088388443, 0.6850873231887817, 0.01931801810860634]","[0.12297742813825607, 0.17434827983379364, 0.6832721829414368, 0.019402090460062027]"
model\Dataset_Flood\high\OIP (1).webp,high,2,high,2,0.9881437420845032,medium,0.9823165345005691,high,2,0.9880487322807312,medium,0.9821556033566594,True,True,True,1.0,0.00018997432198375463,0.0001175056240754202,9.500980377197266e-05,1.513874394731829e-07,"[0.0015124076744541526, 0.005827207583934069, 0.9881437420845032, 0.004516651388257742]","[0.001529511297121644, 0.005893128924071789, 0.9880487322807312, 0.004528590943664312]"
model\Dataset_Flood\high\OIP (10).webp,high,2,high,2,0.6988656520843506,medium,0.4777306914329529,high,2,0.6992372274398804,medium,0.47840434312820435,True,True,True,1.0,0.0007895426824688911,0.0004883192596025765,0.00037157535552978516,7.884364805477162e-08,"[0.06675203144550323, 0.2211349606513977, 0.6988656520843506, 0.013247398659586906]","[0.06665928661823273, 0.22083288431167603, 0.6992372274398804, 0.013270544819533825]"
model\Dataset_Flood\high\OIP (11).webp,high,2,medium,1,0.7733909487724304,high,0.6526987701654434,medium,1,0.774350643157959,high,0.6552688106894493,False,False,True,0.9999973773956299,0.003220602869987488,0.00193149468395859,0.0016103461384773254,3.3545072710694512e-06,"[0.06430903822183609, 0.7733909487724304, 0.120692178606987, 0.041607849299907684]","[0.0646834522485733, 0.774350643157959, 0.11908183246850967, 0.04188399761915207]"
model\Dataset_Flood\high\OIP (12).webp,high,2,high,2,0.8125355243682861,medium,0.7137499749660492,high,2,0.8130226731300354,medium,0.7144272401928902,True,True,True,0.9999998211860657,0.0009743915870785713,0.0005945555749349296,0.0004871487617492676,2.0762352903602732e-07,"[0.08546407520771027, 0.09878554940223694, 0.8125355243682861, 0.0032148645259439945]","[0.08518154174089432, 0.09859543293714523, 0.8130226731300354, 0.0032002716325223446]"
model\Dataset_Flood\high\OIP (13).webp,high,2,high,2,0.7131118178367615,medium,0.5830140560865402,high,2,0.7132791876792908,medium,0.5824133306741714,True,True,True,0.999998927116394,0.0018709264695644379,0.0010509600397199392,0.0007680952548980713,1.3189493301979383e-06,"[0.12156594544649124, 0.13009776175022125, 0.7131118178367615, 0.03522448241710663]","[0.12094170600175858, 0.13086585700511932, 0.7132791876792908, 0.034913260489702225]"
model\Dataset_Flood\high\OIP (14).webp,high,2,high,2,0.4767793118953705,medium,0.18956643342971802,high,2,0.4780096709728241,medium,0.19310683012008667,True,True,True,0.9999890327453613,0.004711272660642862,0.0028492833953350782,0.002310037612915039,3.4743131891445955e-06,"[0.23138803243637085, 0.28721287846565247, 0.4767793118953705, 0.0046197399497032166]","[0.23251332342624664, 0.2849028408527374, 0.4780096709728241, 0.0045741549693048]"
model\Dataset_Flood\high\OIP (15).webp,high,2,high,2,0.8894387483596802,medium,0.8041149899363518,high,2,0.8887630701065063,medium,0.8027563393115997,True,True,True,0.9999996423721313,0.001367130083963275,0.0009607576066628098,0.0006829723715782166,7.483729405066697e-07,"[0.02514207549393177, 0.0853237584233284, 0.8894387483596802, 9.544768545310944e-05]","[0.025134172290563583, 0.08600673079490662, 0.8887630701065063, 9.602398495189846e-05]"
model\Dataset_Flood\high\OIP (16).webp,high,2,high,2,0.43315115571022034,low,0.1460641622543335,high,2,0.43591541051864624,low,0.1493837535381317,True,True,True,0.9999811053276062,0.005723375827074051,0.0036439280956983566,0.0027642548084259033,5.04665331391152e-06,"[0.28708699345588684, 0.2483842968940735, 0.43315115571022034, 0.03137759119272232]","[0.2865316569805145, 0.24607795476913452, 0.43591541051864624, 0.03147503361105919]"
model\Dataset_Flood\high\OIP (17).webp,high,2,low,0,0.5758216977119446,medium,0.2335313856601715,low,0,0.5769421458244324,medium,0.23447313904762268,False,False,True,0.9999977350234985,0.0025983755476772785,0.0017088332679122686,0.0012776181101799011,2.87315515379305e-06,"[0.5758216977119446, 0.34229031205177307, 0.08096424490213394, 0.0009237732738256454]","[0.5769421458244324, 0.3424690067768097, 0.07968662679195404, 0.0009021587902680039]"
model\Dataset_Flood\high\OIP (18).webp,high,2,high,2,0.5935929417610168,medium,0.2595987915992737,high,2,0.5920377373695374,medium,0.2563961446285248,True,True,True,0.9999948143959045,0.003396640531718731,0.002270636847242713,0.0016474425792694092,1.5668792912038043e-06,"[0.06162523478269577, 0.33399415016174316, 0.5935929417610168, 0.010787632316350937]","[0.061482153832912445, 0.3356415927410126, 0.5920377373695374, 0.010838544927537441]"
model\Dataset_Flood\high\OIP (19).webp,high,2,high,2,0.8035440444946289,low,0.6485669761896133,high,2,0.8038077354431152,low,0.6489347815513611,True,True,True,1.0,0.0005273045971989632,0.00030550421797670424,0.0002636909484863281,1.3097631779146468e-07,"[0.15497706830501556, 0.031184326857328415, 0.8035440444946289, 0.010294543579220772]","[0.15487295389175415, 0.031115533784031868, 0.8038077354431152, 0.010203837417066097]"
model\Dataset_Flood\high\OIP (2).webp,high,2,high,2,0.7194532752037048,medium,0.5706307739019394,high,2,0.7183113694190979,medium,0.569704681634903,True,True,True,0.999998152256012,0.0027154553681612015,0.0017129842890426517,0.0012542232871055603,2.146180349882343e-06,"[0.10686274617910385, 0.14882250130176544, 0.7194532752037048, 0.02486150711774826]","[0.10811696946620941, 0.14860668778419495, 0.7183113694190979, 0.024965019896626472]"
model\Dataset_Flood\high\OIP (20).webp,high,2,high,2,0.9174135327339172,medium,0.8569807969033718,high,2,0.9179843664169312,medium,0.8581811301410198,True,True,True,0.9999996423721313,0.001258905977010727,0.0008516496745869517,0.0006294995546340942,9.176065418614598e-07,"[0.021627577021718025, 0.060432735830545425, 0.9174135327339172, 0.0005262544727884233]","[0.021683983504772186, 0.05980323627591133, 0.9179843664169312, 0.000528420670889318]"
model\Dataset_Flood\high\OIP (21).webp,high,2,high,2,0.7275995016098022,medium,0.5720733851194382,high,2,0.7269411087036133,medium,0.5706496983766556,True,True,True,0.9999991655349731,0.0015306062996387482,0.0010130335576832294,0.0007652938365936279,5.583701749856118e-07,"[0.079955093562603, 0.15552611649036407, 0.7275995016098022, 0.036919306963682175]","[0.07987550646066666, 0.1562914103269577, 0.7269411087036133, 0.03689197450876236]"
model\Dataset_Flood\high\OIP (22).webp,high,2,high,2,0.9912983179092407,medium,0.9843302755616605,high,2,0.9912461638450623,medium,0.984224864281714,True,True,True,1.0,0.00011164892930537462,7.467610703315586e-05,5.325721576809883e-05,8.371529958139945e-08,"[0.0009994128486141562, 0.0069680423475801945, 0.9912983179092407, 0.0007343412144109607]","[0.0010019445326179266, 0.007021299563348293, 0.9912461638450623, 0.000730635249055922]"
model\Dataset_Flood\high\OIP (23).webp,high,2,high,2,0.6636951565742493,low,0.4336481839418411,high,2,0.6635313630104065,low,0.4329673498868942,True,True,True,0.9999994039535522,0.0013081096112728119,0.00074384844629094,0.000517040491104126,5.805050022900105e-07,"[0.23004697263240814, 0.02406672015786171, 0.6636951565742493, 0.08219112455844879]","[0.23056401312351227, 0.024203702807426453, 0.6635313630104065, 0.08170083165168762]"
model\Dataset_Flood\high\OIP (24).webp,high,2,medium,1,0.5073568820953369,high,0.040150582790374756,medium,1,0.5083637237548828,high,0.04208722710609436,False,False,True,0.9999980330467224,0.0020136702805757523,0.0013722856529057026,0.0010068416595458984,4.7112266088333854e-07,"[0.024767663329839706, 0.5073568820953369, 0.46720629930496216, 0.0006691875169053674]","[0.02469801902770996, 0.5083637237548828, 0.46627649664878845, 0.0006618059705942869]"
model\Dataset_Flood\high\OIP (25).webp,high,2,high,2,0.9555102586746216,medium,0.9196181409060955,high,2,0.9553198218345642,medium,0.9193162433803082,True,True,True,1.0,0.0003808788023889065,0.00022856589930597693,0.00019043684005737305,1.0854046905706127e-07,"[0.0060410695150494576, 0.03589211776852608, 0.9555102586746216, 0.0025564890820533037]","[0.006095285527408123, 0.03600357845425606, 0.9553198218345642, 0.002581254346296191]"
model\Dataset_Flood\high\OIP (26).webp,high,2,medium,1,0.6015784740447998,low,0.28836774826049805,medium,1,0.6043670773506165,low,0.2914275527000427,False,False,True,0.9999893307685852,0.005577284377068281,0.0037624116521328688,0.0027886033058166504,1.1523627108545043e-05,"[0.31321072578430176, 0.6015784740447998, 0.08118221163749695, 0.00402861600741744]","[0.31293952465057373, 0.6043670773506165, 0.07867106795310974, 0.004022279754281044]"
model\Dataset_Flood\high\OIP (27).webp,high,2,high,2,0.6554452180862427,medium,0.35929858684539795,high,2,0.6509819030761719,medium,0.350870817899704,True,True,True,0.9999707341194153,0.008926596492528915,0.005989357829093933,0.004463315010070801,1.1070052096329164e-05,"[0.047245629131793976, 0.2961466312408447, 0.6554452180862427, 0.0011625945335254073]","[0.04772947356104851, 0.3001110851764679, 0.6509819030761719, 0.0011775775346904993]"
model\Dataset_Flood\high\OIP (28).webp,high,2,low,0,0.3654962480068207,medium,0.04440200328826904,low,0,0.36501309275627136,medium,0.04462423920631409,False,False,True,0.9999967217445374,0.002377226948738098,0.001439063809812069,0.0011571049690246582,8.127335036078875e-07,"[0.3654962480068207, 0.32109424471855164, 0.2982584238052368, 0.01515103317797184]","[0.36501309275627136, 0.3203888535499573, 0.2994155287742615, 0.015182608738541603]"
model\Dataset_Flood\high\OIP (29).webp,high,2,high,2,0.4657747447490692,medium,0.06614735722541809,high,2,0.46773236989974976,medium,0.07049649953842163,True,True,True,0.9999876022338867,0.0047829849645495415,0.0031206829007714987,0.002391517162322998,2.9804007226630347e-06,"[0.1339435875415802, 0.3996273875236511, 0.4657747447490692, 0.0006543314666487277]","[0.13437603414058685, 0.3972358703613281, 0.46773236989974976, 0.0006557275191880763]"
model\Dataset_Flood\high\OIP (3).webp,high,2,high,2,0.8686556220054626,non_flood,0.7683422267436981,high,2,0.8689088225364685,non_flood,0.7689280733466148,True,True,True,0.9999999403953552,0.0006652437150478363,0.0004218955000396818,0.00033264607191085815,1.8080754671245813e-07,"[0.008024175651371479, 0.023006843402981758, 0.8686556220054626, 0.10031339526176453]","[0.008057552389800549, 0.023052863776683807, 0.8689088225364685, 0.09998074918985367]"
model\Dataset_Flood\high\OIP (30).webp,high,2,high,2,0.9618039727210999,medium,0.9247207045555115,high,2,0.9615380764007568,medium,0.9242088943719864,True,True,True,0.9999999403953552,0.0005318025941960514,0.000362645136192441,0.0002658963203430176,2.874514564155106e-07,"[0.0009676613262854517, 0.03708326816558838, 0.9618039727210999, 0.00014509583706967533]","[0.0009859391720965505, 0.03732918202877045, 0.9615380764007568, 0.0001468103873776272]"
model\Dataset_Flood\high\OIP (31).webp,high,2,high,2,0.6657440066337585,medium,0.4426317662000656,high,2,0.6647694110870361,medium,0.4407956600189209,True,True,True,0.9999986886978149,0.0019610426388680935,0.001306228688918054,0.0009745955467224121,6.065738489269279e-07,"[0.11015315353870392, 0.22311224043369293, 0.6657440066337585, 0.000990671687759459]","[0.11027215421199799, 0.22397375106811523, 0.6647694110870361, 0.0009847359033301473]"
model\Dataset_Flood\high\OIP (32).webp,high,2,low,0,0.6677958965301514,high,0.5010638684034348,low,0,0.6674985289573669,high,0.5014885514974594,False,False,True,0.9999983906745911,0.0020388877019286156,0.0012774061178788543,0.001010894775390625,1.2306646794968401e-06,"[0.6677958965301514, 0.16107937693595886, 0.1667320281267166, 0.004392650909721851]","[0.6674985289573669, 0.1620902717113495, 0.16600997745990753, 0.004401225596666336]"
model\Dataset_Flood\high\OIP (33).webp,high,2,low,0,0.5706127882003784,medium,0.2007184624671936,low,0,0.5680781602859497,medium,0.1961004137992859,False,False,True,0.9999891519546509,0.005069276783615351,0.00331009179353714,0.002534627914428711,3.2995483252307167e-06,"[0.5706127882003784, 0.3698943257331848, 0.057519424706697464, 0.001973451115190983]","[0.5680781602859497, 0.3719777464866638, 0.05795707926154137, 0.001987024676054716]"
model\Dataset_Flood\high\OIP (34).webp,high,2,high,2,0.961250901222229,low,0.9384666085243225,high,2,0.961087703704834,low,0.9382793623954058,True,True,True,1.0,0.00032639651908539236,0.00021444987214636058,0.00016319751739501953,1.5882199022598797e-07,"[0.022784292697906494, 0.01553155854344368, 0.961250901222229, 0.0004331831296440214]","[0.022808341309428215, 0.01566857099533081, 0.961087703704834, 0.0004353210679255426]"
model\Dataset_Flood\high\OIP (35).webp,high,2,high,2,0.5951958298683167,medium,0.20923948287963867,high,2,0.593616783618927,medium,0.20623892545700073,True,True,True,0.9999957084655762,0.0031636287458240986,0.0021306767594069242,0.0015790462493896484,1.3533471019400167e-06,"[0.018446074798703194, 0.385956346988678, 0.5951958298683167, 0.00040174415335059166]","[0.01860637031495571, 0.38737785816192627, 0.593616783618927, 0.0003989683464169502]"
model\Dataset_Flood\high\OIP (36).webp,high,2,high,2,0.44207140803337097,low,0.00525432825088501,high,2,0.43974393606185913,low,0.0011880099773406982,True,True,True,0.9999890923500061,0.004654992371797562,0.0029483430553227663,0.002327471971511841,3.0844350931147346e-06,"[0.43681707978248596, 0.04405923932790756, 0.44207140803337097, 0.0770522952079773]","[0.43855592608451843, 0.04455200210213661, 0.43974393606185913, 0.0771482065320015]"
model\Dataset_Flood\high\OIP (37).webp,high,2,low,0,0.8405779600143433,medium,0.7089897841215134,low,0,0.839471161365509,medium,0.7068920433521271,False,False,True,0.9999991655349731,0.0022398075088858604,0.001491233822889626,0.0011067986488342285,1.2524627663879073e-06,"[0.8405779600143433, 0.1315881758928299, 0.02721235901117325, 0.0006214848253875971]","[0.839471161365509, 0.13257911801338196, 0.027341347187757492, 0.0006084063788875937]"
model\Dataset_Flood\high\OIP (38).webp,high,2,medium,1,0.4569217562675476,high,0.10426223278045654,medium,1,0.4546763598918915,high,0.10093545913696289,False,False,True,0.9999904036521912,0.004497839137911797,0.002752176020294428,0.002245396375656128,2.7014975785277784e-06,"[0.18989849090576172, 0.4569217562675476, 0.35265952348709106, 0.0005201552412472665]","[0.19106608629226685, 0.4546763598918915, 0.3537409007549286, 0.000516685307957232]"
model\Dataset_Flood\high\OIP (39).webp,high,2,medium,1,0.5734412670135498,low,0.34301671385765076,medium,1,0.5742620825767517,low,0.34449200332164764,False,False,True,0.999998927116394,0.001641603885218501,0.0010610292665660381,0.0008208155632019043,3.590123469621176e-07,"[0.23042455315589905, 0.5734412670135498, 0.1938168704509735, 0.002317325212061405]","[0.22977007925510406, 0.5742620825767517, 0.19366343319416046, 0.0023044480476528406]"
model\Dataset_Flood\high\OIP (4).webp,high,2,high,2,0.8774960041046143,non_flood,0.7577271535992622,high,2,0.8749924898147583,non_flood,0.7527927309274673,True,True,True,0.9999951124191284,0.005006922874599695,0.003490202594548464,0.002503514289855957,7.216469384729862e-06,"[0.0023675505071878433, 0.00036765163531526923, 0.8774960041046143, 0.11976885050535202]","[0.002435319824144244, 0.00037238263757899404, 0.8749924898147583, 0.12219975888729095]"
model\Dataset_Flood\high\OIP (40).webp,high,2,high,2,0.6608068346977234,medium,0.44434744119644165,high,2,0.6617947816848755,medium,0.4458734542131424,True,True,True,0.999998927116394,0.002026177942752838,0.001221393933519721,0.0009879469871520996,6.578939064638689e-07,"[0.09470842778682709, 0.21645939350128174, 0.6608068346977234, 0.028025273233652115]","[0.094233438372612, 0.2159213274717331, 0.6617947816848755, 0.02805044874548912]"
model\Dataset_Flood\high\OIP (41).webp,high,2,medium,1,0.5068647861480713,low,0.24978286027908325,medium,1,0.5109305381774902,low,0.2573891282081604,False,False,True,0.9999642372131348,0.008131593465805054,0.005407291930168867,0.004065752029418945,1.0391305295343045e-05,"[0.25708192586898804, 0.5068647861480713, 0.1936282515525818, 0.042425040155649185]","[0.25354140996932983, 0.5109305381774902, 0.19323286414146423, 0.042295102030038834]"
model\Dataset_Flood\high\OIP (42).webp,high,2,high,2,0.7455698251724243,low,0.6081372052431107,high,2,0.7430379986763,low,0.6035716831684113,True,True,True,0.9999942183494568,0.005120256915688515,0.0032899880316108465,0.0025318264961242676,5.117071850690991e-06,"[0.13743261992931366, 0.11204390972852707, 0.7455698251724243, 0.004953641910105944]","[0.1394663155078888, 0.1125703677535057, 0.7430379986763, 0.0049253650940954685]"
model\Dataset_Flood\high\OIP (44).webp,high,2,high,2,0.8413197994232178,medium,0.6937669962644577,high,2,0.8395912647247314,medium,0.6902822703123093,True,True,True,0.9999971985816956,0.003512369003146887,0.0024642483331263065,0.0017561912536621094,3.0542296372004785e-06,"[0.01025609951466322, 0.14755280315876007, 0.8413197994232178, 0.0008713137940503657]","[0.01023528166115284, 0.14930899441242218, 0.8395912647247314, 0.0008644885383546352]"
model\Dataset_Flood\high\OIP (45).webp,high,2,medium,1,0.8218594193458557,high,0.705866314470768,medium,1,0.8216449022293091,high,0.7060851603746414,False,False,True,0.9999995827674866,0.0012957763392478228,0.000798855850007385,0.0006357692182064056,1.0518830322325812e-06,"[0.06134237349033356, 0.8218594193458557, 0.11599310487508774, 0.0008050973992794752]","[0.06197814270853996, 0.8216449022293091, 0.11555974185466766, 0.000817224383354187]"
model\Dataset_Flood\high\OIP (46).webp,high,2,high,2,0.8438014388084412,medium,0.7028926908969879,high,2,0.8434063196182251,medium,0.7022961527109146,True,True,True,1.0000001192092896,0.000790270627476275,0.0004838947206735611,0.00039511919021606445,3.6558114402396313e-07,"[0.014821234159171581, 0.14090874791145325, 0.8438014388084412, 0.0004685128224082291]","[0.01501479372382164, 0.14111016690731049, 0.8434063196182251, 0.00046868572826497257]"
model\Dataset_Flood\high\OIP (48).webp,high,2,high,2,0.9707367420196533,medium,0.9433769974857569,high,2,0.9702929854393005,medium,0.9425010215491056,True,True,True,0.9999998807907104,0.0008875782368704677,0.0006195175228640437,0.0004437565803527832,8.832749927023542e-07,"[0.0014087780145928264, 0.027359744533896446, 0.9707367420196533, 0.0004946714616380632]","[0.0014153469819575548, 0.027791963890194893, 0.9702929854393005, 0.0004997047944925725]"
model\Dataset_Flood\high\OIP (5).webp,high,2,high,2,0.8145049810409546,medium,0.6751695722341537,high,2,0.8142637014389038,medium,0.6751967370510101,True,True,True,0.9999997615814209,0.001019514282234013,0.0006211883737705648,0.000505547970533371,8.039964995987248e-07,"[0.0458843894302845, 0.13933540880680084, 0.8145049810409546, 0.0002751910069491714]","[0.04638993740081787, 0.13906696438789368, 0.8142637014389038, 0.0002794333267956972]"
model\Dataset_Flood\high\OIP (6).webp,high,2,high,2,0.9259153604507446,medium,0.886033222079277,high,2,0.9259801506996155,medium,0.8859873674809933,True,True,True,1.0000001192092896,0.00035085505805909634,0.0001919553178595379,0.00013781338930130005,1.8262836931626225e-07,"[0.03167588263750076, 0.03988213837146759, 0.9259153604507446, 0.002526594093069434]","[0.03153806924819946, 0.03999278321862221, 0.9259801506996155, 0.002488987520337105]"
model\Dataset_Flood\high\OIP (7).webp,high,2,medium,1,0.4698198437690735,high,0.05509194731712341,medium,1,0.46991074085235596,high,0.0576806366443634,False,False,True,0.9999862313270569,0.005128941498696804,0.0035170975606888533,0.0024977922439575195,8.795296707830857e-06,"[0.11098320782184601, 0.4698198437690735, 0.4147278964519501, 0.004469095729291439]","[0.11345672607421875, 0.46991074085235596, 0.41223010420799255, 0.004402361810207367]"
model\Dataset_Flood\high\OIP (9).webp,high,2,medium,1,0.4887276887893677,high,0.025576263666152954,medium,1,0.4871143698692322,high,0.022420167922973633,False,False,True,0.9999945759773254,0.0032749217934906483,0.002234391402453184,0.001613318920135498,1.358154008812562e-06,"[0.04632352665066719, 0.4887276887893677, 0.4631514251232147, 0.0017973867943510413]","[0.0464182049036026, 0.4871143698692322, 0.46469420194625854, 0.001773238880559802]"
model\Dataset_Flood\high\OIP.webp,high,2,high,2,0.9624577760696411,medium,0.9267073012888432,high,2,0.9627033472061157,medium,0.9271798171103001,True,True,True,0.9999999403953552,0.0004909707931801677,0.00033463360159657896,0.0002455711364746094,1.8258697309647687e-07,"[0.0009568362147547305, 0.03575047478079796, 0.9624577760696411, 0.0008348551345989108]","[0.0009472289821133018, 0.03552353009581566, 0.9627033472061157, 0.000826007395517081]"
model\Dataset_Flood\high\original.jpg,high,2,high,2,0.6689509153366089,non_flood,0.5276712030172348,high,2,0.6671755313873291,non_flood,0.5255969017744064,True,True,True,0.9999971985816956,0.003550805151462555,0.0021731280721724033,0.0017753839492797852,2.1673404262401164e-06,"[0.12650789320468903, 0.06326144188642502, 0.6689509153366089, 0.14127971231937408]","[0.12768836319446564, 0.06355747580528259, 0.6671755313873291, 0.14157862961292267]"
model\Dataset_Flood\high\Quang-Binh-floods-2020-1200x900-1-1024x683.webp,high,2,medium,1,0.7314190864562988,high,0.5077062398195267,medium,1,0.7302685379981995,high,0.5052503049373627,False,False,True,0.9999979734420776,0.002610769122838974,0.00174578872974962,0.0013053864240646362,1.3503048421625863e-06,"[0.026663629338145256, 0.7314190864562988, 0.22371284663677216, 0.018204424530267715]","[0.026649441570043564, 0.7302685379981995, 0.2250182330608368, 0.018063778057694435]"
model\Dataset_Flood\high\R (1).jpg,high,2,high,2,0.6340630054473877,medium,0.2787114381790161,high,2,0.6336700320243835,medium,0.27791789174079895,True,True,True,0.9999997615814209,0.0008011620375327766,0.000561197695787996,0.0004005730152130127,7.317717631849519e-08,"[0.009822994470596313, 0.3553515672683716, 0.6340630054473877, 0.0007624543504789472]","[0.009815511293709278, 0.3557521402835846, 0.6336700320243835, 0.000762321928050369]"
model\Dataset_Flood\high\R (2).jpg,high,2,high,2,0.9414892196655273,low,0.8976907655596733,high,2,0.9419600367546082,low,0.8985900320112705,True,True,True,0.9999998807907104,0.0009416079265065491,0.0006377996760420501,0.00047081708908081055,5.437408390207565e-07,"[0.043798454105854034, 0.01380026713013649, 0.9414892196655273, 0.0009120627655647695]","[0.04337000474333763, 0.013761007227003574, 0.9419600367546082, 0.0009089811937883496]"
model\Dataset_Flood\high\R.jpg,high,2,high,2,0.4671517312526703,medium,0.009791076183319092,high,2,0.4661818742752075,medium,0.00825449824333191,True,True,True,0.9999984502792358,0.0019397139549255371,0.0011907382868230343,0.0009698569774627686,7.205781571428815e-07,"[0.04910781607031822, 0.4573606550693512, 0.4671517312526703, 0.026379816234111786]","[0.04950277879834175, 0.4579273760318756, 0.4661818742752075, 0.02638798952102661]"
model\Dataset_Flood\high\R.png,high,2,high,2,0.881747305393219,non_flood,0.8203886300325394,high,2,0.8817461729049683,non_flood,0.8202645555138588,True,True,True,0.9999999403953552,0.0002457816153764725,0.00015283390530385077,0.0001229420304298401,8.043571853022513e-08,"[0.006573622580617666, 0.050320349633693695, 0.881747305393219, 0.061358675360679626]","[0.006533212494105101, 0.05023905262351036, 0.8817461729049683, 0.06148161739110947]"
model\Dataset_Flood\high\RooftopRescue11052020.jpeg,high,2,medium,1,0.6196376085281372,high,0.27375978231430054,medium,1,0.6256735324859619,high,0.28605592250823975,False,False,True,0.9999304413795471,0.012520603835582733,0.008699025958776474,0.006260216236114502,2.17951037484454e-05,"[0.0333373136818409, 0.6196376085281372, 0.34587782621383667, 0.0011472214246168733]","[0.033561740070581436, 0.6256735324859619, 0.33961760997772217, 0.0011471840552985668]"
model\Dataset_Flood\high\Selangor-flood.jpeg,high,2,high,2,0.8529022932052612,medium,0.7474091202020645,high,2,0.8524665236473083,medium,0.7464791610836983,True,True,True,0.9999998211860657,0.0009885053150355816,0.0006603144574910402,0.0004941895604133606,3.330515028210357e-07,"[0.03793639689683914, 0.10549317300319672, 0.8529022932052612, 0.0036681960336863995]","[0.037897560745477676, 0.10598736256361008, 0.8524665236473083, 0.0036484859883785248]"
model\Dataset_Flood\high\Shutterstock_1010256c.jpg,high,2,high,2,0.7563612461090088,medium,0.5351067036390305,high,2,0.7561815977096558,medium,0.5350014567375183,True,True,True,0.9999998807907104,0.0005080681294202805,0.000272652308922261,0.00017964839935302734,5.137226253282279e-07,"[0.013936801813542843, 0.22125454246997833, 0.7563612461090088, 0.008447447791695595]","[0.014017618261277676, 0.22118014097213745, 0.7561815977096558, 0.008620649576187134]"
model\Dataset_Flood\high\Shutterstock_11024790s.jpg,high,2,high,2,0.6861470937728882,medium,0.3988850712776184,high,2,0.6866605877876282,medium,0.4000385105609894,True,True,True,0.9999993443489075,0.0012799515388906002,0.0008297319291159511,0.0006399452686309814,3.0054187050154724e-07,"[0.025873078033328056, 0.2872620224952698, 0.6861470937728882, 0.0007177744410000741]","[0.025996526703238487, 0.2866220772266388, 0.6866605877876282, 0.0007208380266092718]"
model\Dataset_Flood\high\Shutterstock_11767646k.jpg,high,2,high,2,0.8054022192955017,medium,0.6412631869316101,high,2,0.8051540851593018,medium,0.6409852355718613,True,True,True,0.9999999403953552,0.0004962524981237948,0.00032953795744106174,0.00024813413619995117,2.350659968897162e-07,"[0.030063889920711517, 0.1641390323638916, 0.8054022192955017, 0.00039488464244641364]","[0.030278652906417847, 0.1641688495874405, 0.8051540851593018, 0.00039842279511503875]"
model\Dataset_Flood\high\Shutterstock_11767669j (1).jpg,high,2,medium,1,0.39377206563949585,low,0.02115708589553833,medium,1,0.3910951018333435,low,0.01519957184791565,False,False,True,0.9999737739562988,0.006561043672263622,0.00427488936111331,0.003280550241470337,6.066546120564453e-06,"[0.3726149797439575, 0.39377206563949585, 0.23198458552360535, 0.00162837328389287]","[0.37589552998542786, 0.3910951018333435, 0.23139610886573792, 0.00161332031711936]"
model\Dataset_Flood\high\Shutterstock_12250367h.jpg,high,2,high,2,0.5443644523620605,medium,0.15683165192604065,high,2,0.5431293845176697,medium,0.15482765436172485,True,True,True,0.9999976754188538,0.0024702255614101887,0.0015251986915245652,0.0012350678443908691,9.390948889631545e-07,"[0.06707926094532013, 0.3875328004360199, 0.5443644523620605, 0.0010234294459223747]","[0.06753698736429214, 0.3883017301559448, 0.5431293845176697, 0.0010319309076294303]"
model\Dataset_Flood\high\Shutterstock_12250367k.jpg,high,2,high,2,0.6552838087081909,medium,0.36392003297805786,high,2,0.6549084186553955,medium,0.3632441759109497,True,True,True,0.9999998807907104,0.0007507161935791373,0.00048643542686477304,0.00037539005279541016,3.596267106331652e-08,"[0.05281030014157295, 0.29136377573013306, 0.6552838087081909, 0.0005421348032541573]","[0.05288391932845116, 0.2916642427444458, 0.6549084186553955, 0.000543374742846936]"
model\Dataset_Flood\high\Shutterstock_12517008h.jpg,high,2,high,2,0.9926786422729492,medium,0.9857694320380688,high,2,0.9927149415016174,medium,0.9858397734351456,True,True,True,1.0,7.250487396959215e-05,4.980900848750025e-05,3.629922866821289e-05,,"[0.0003947627265006304, 0.006909210234880447, 0.9926786422729492, 1.7382279111188836e-05]","[0.00039265776285901666, 0.006875168066471815, 0.9927149415016174, 1.7323765860055573e-05]"
model\Dataset_Flood\high\Shutterstock_12995717q.jpg,high,2,high,2,0.762463390827179,medium,0.5444409251213074,high,2,0.7649081945419312,medium,0.5491538196802139,True,True,True,0.9999935030937195,0.0048895226791501045,0.003338957903906703,0.0024448037147521973,4.185365014564013e-06,"[0.017332490533590317, 0.21802246570587158, 0.762463390827179, 0.002181633608415723]","[0.017167558893561363, 0.21575437486171722, 0.7649081945419312, 0.0021699373610317707]"
model\Dataset_Flood\high\Shutterstock_3442901c.jpg,high,2,medium,1,0.7460570335388184,high,0.4961196035146713,medium,1,0.7428710460662842,high,0.48977938294410706,False,False,True,0.9999869465827942,0.00637203361839056,0.00448333565145731,0.0031859874725341797,6.729447250108933e-06,"[0.0036882904823869467, 0.7460570335388184, 0.24993743002414703, 0.00031723405118100345]","[0.003710819873958826, 0.7428710460662842, 0.2530916631221771, 0.0003265175619162619]"
model\Dataset_Flood\high\Shutterstock_7600209u.jpg,high,2,medium,1,0.48060134053230286,low,0.20420271158218384,medium,1,0.48134759068489075,low,0.20183798670768738,False,False,True,0.999966025352478,0.007714494597166777,0.005008056294173002,0.0038529932498931885,1.2226926628500223e-05,"[0.276398628950119, 0.48060134053230286, 0.2427271008491516, 0.00027294602477923036]","[0.27950960397720337, 0.48134759068489075, 0.23887410759925842, 0.0002686700318008661]"
model\Dataset_Flood\high\Shutterstock_7752059e.jpg,high,2,high,2,0.9543652534484863,medium,0.9179430417716503,high,2,0.9538872241973877,medium,0.9171189777553082,True,True,True,0.9999999403953552,0.0009560026228427887,0.0006044064066372812,0.0004780292510986328,6.760178621334489e-07,"[0.008960952050983906, 0.036422211676836014, 0.9543652534484863, 0.00025161850498989224]","[0.009091540239751339, 0.036768246442079544, 0.9538872241973877, 0.00025296895182691514]"
model\Dataset_Flood\high\Shutterstock_7936736aq.jpg,high,2,high,2,0.5664807558059692,medium,0.14146536588668823,high,2,0.5648842453956604,medium,0.13831499218940735,True,True,True,0.9999951124191284,0.0031936492305248976,0.002228268887847662,0.0015965104103088379,1.2548858876471058e-06,"[0.008472539484500885, 0.425015389919281, 0.5664807558059692, 3.132421988993883e-05]","[0.008515501394867897, 0.42656925320625305, 0.5648842453956604, 3.101059701293707e-05]"
model\Dataset_Flood\high\Shutterstock_7956443bg.jpg,high,2,high,2,0.7663331031799316,medium,0.6105953752994537,high,2,0.7656031250953674,medium,0.609736979007721,True,True,True,0.9999997019767761,0.0014599096029996872,0.000879308208823204,0.000729978084564209,6.708978617098182e-07,"[0.05777931958436966, 0.1557377278804779, 0.7663331031799316, 0.020149869844317436]","[0.058226559311151505, 0.15586614608764648, 0.7656031250953674, 0.02030414342880249]"
model\Dataset_Flood\high\Shutterstock_7956444u.jpg,high,2,high,2,0.8638635277748108,medium,0.736241415143013,high,2,0.8627432584762573,medium,0.7341260612010956,True,True,True,0.9999991655349731,0.0022404470946639776,0.0015014681266620755,0.0011202692985534668,1.3786020645056851e-06,"[0.005600801669061184, 0.1276221126317978, 0.8638635277748108, 0.00291358376853168]","[0.005689670797437429, 0.12861719727516174, 0.8627432584762573, 0.002949807792901993]"
model\Dataset_Flood\high\Shutterstock_9051020c.jpg,high,2,high,2,0.6169636249542236,medium,0.3973546624183655,high,2,0.6137614250183105,medium,0.3917328268289566,True,True,True,0.9999862909317017,0.006404370069503784,0.004051979165524244,0.003202199935913086,5.910653726459714e-06,"[0.11382421851158142, 0.21960896253585815, 0.6169636249542236, 0.04960314929485321]","[0.11425810307264328, 0.22202859818935394, 0.6137614250183105, 0.04995179921388626]"
model\Dataset_Flood\high\skynews-brazil-flood-rescue_5984981.jpg,high,2,non_flood,3,0.8459296226501465,high,0.7491773888468742,non_flood,3,0.8450869917869568,high,0.7477930262684822,False,False,True,0.9999995827674866,0.0016851946711540222,0.0010255322558805346,0.0008426308631896973,7.113703190952947e-07,"[0.03220022842288017, 0.025117941200733185, 0.09675223380327225, 0.8459296226501465]","[0.03231213241815567, 0.02530686929821968, 0.09729396551847458, 0.8450869917869568]"
model\Dataset_Flood\high\skynews-philippines-megi_5737099.jpg,high,2,high,2,0.6432363390922546,medium,0.3077259063720703,high,2,0.6459192633628845,medium,0.3129141628742218,True,True,True,0.9999886751174927,0.005365865770727396,0.0036729485727846622,0.002682924270629883,3.935299901058897e-06,"[0.006531103979796171, 0.3355104327201843, 0.6432363390922546, 0.014722088351845741]","[0.006440597586333752, 0.3330051004886627, 0.6459192633628845, 0.014634985476732254]"
model\Dataset_Flood\high\Song-Lo-Ngap-Lut.jpg,high,2,high,2,0.9775024056434631,non_flood,0.965538177639246,high,2,0.9776435494422913,non_flood,0.9657949190586805,True,True,True,0.9999999403953552,0.0003064582124352455,0.00018666661344468594,0.000141143798828125,2.1665981364549225e-07,"[0.004398775286972523, 0.006134585477411747, 0.9775024056434631, 0.011964228004217148]","[0.00436118571087718, 0.006146712694317102, 0.9776435494422913, 0.011848630383610725]"
model\Dataset_Flood\high\t11a-4331-4343.jpg.webp,high,2,high,2,0.9951528310775757,medium,0.9913204193580896,high,2,0.9951066970825195,medium,0.991238309070468,True,True,True,1.0,9.224485256709158e-05,5.894739297218621e-05,4.6133995056152344e-05,5.5568083467960605e-08,"[0.0005690111429430544, 0.0038324117194861174, 0.9951528310775757, 0.0004458076728042215]","[0.0005734454607591033, 0.0038683880120515823, 0.9951066970825195, 0.0004515079199336469]"
model\Dataset_Flood\high\texas14n_7_web_adya.jpg,high,2,high,2,0.9466016888618469,medium,0.8980869948863983,high,2,0.9468310475349426,medium,0.8985723033547401,True,True,True,1.0000001192092896,0.0005365730030462146,0.0003460977168288082,0.00025594979524612427,2.489652786152874e-07,"[0.0029951068572700024, 0.04851469397544861, 0.9466016888618469, 0.0018884886521846056]","[0.0030340414959937334, 0.048258744180202484, 0.9468310475349426, 0.0018761587562039495]"
model\Dataset_Flood\high\unnamed.jpg,high,2,medium,1,0.5124835968017578,high,0.26680196821689606,medium,1,0.5131790041923523,high,0.26754432916641235,False,False,True,0.9999992847442627,0.0013908445835113525,0.0008345636306330562,0.0006954073905944824,5.069086910225451e-07,"[0.19698548316955566, 0.5124835968017578, 0.24568162858486176, 0.04484935104846954]","[0.19667598605155945, 0.5131790041923523, 0.24563467502593994, 0.0445103645324707]"
model\Dataset_Flood\high\vna_potal_nghe_an_lu_lon_dang_cao_hang_tram_ho_dan_bi_ngap_lut_nhieu_ban_lang_bi_chia_cat_co_lap__stand.jpg,high,2,high,2,0.6343163847923279,medium,0.40025192499160767,high,2,0.6324597001075745,medium,0.3967173099517822,True,True,True,0.999994695186615,0.003713443875312805,0.00250619906000793,0.001856684684753418,2.23170718527399e-06,"[0.038773808628320694, 0.23406445980072021, 0.6343163847923279, 0.09284529089927673]","[0.03889724984765053, 0.23574239015579224, 0.6324597001075745, 0.09290067851543427]"
model\Dataset_Flood\high\z7243826042725e83c8d03deb27f56d1a1aad2b13b8e87-176362146979047283232-15-0-615-960-crop-17636214777741938859206.webp,high,2,high,2,0.9059449434280396,medium,0.8257389888167381,high,2,0.9051412343978882,medium,0.8241948559880257,True,True,True,0.9999995827674866,0.0016073640435934067,0.0010945904068648815,0.0008037090301513672,9.764137303136522e-07,"[0.013419510796666145, 0.08020595461130142, 0.9059449434280396, 0.00042962259612977505]","[0.013482378795742989, 0.08094637840986252, 0.9051412343978882, 0.000429985870141536]"
model\Dataset_Flood\high\다운로드 (10).jpg,high,2,high,2,0.5753061771392822,medium,0.22846701741218567,high,2,0.574552059173584,medium,0.22730553150177002,True,True,True,0.9999992251396179,0.001509221037849784,0.0009247836424037814,0.0007541179656982422,3.661937739707355e-07,"[0.07470613718032837, 0.34683915972709656, 0.5753061771392822, 0.003148552030324936]","[0.0750533863902092, 0.34724652767181396, 0.574552059173584, 0.0031480661127716303]"
model\Dataset_Flood\high\화면 캡처 2025-03-05 161554.jpg,high,2,low,0,0.8256212472915649,medium,0.7278988733887672,low,0,0.8254910707473755,medium,0.7273543924093246,False,False,True,0.9999998211860657,0.0008286479860544205,0.0005082840798422694,0.0004143044352531433,3.918298716598656e-07,"[0.8256212472915649, 0.0977223739027977, 0.05142301321029663, 0.02523345686495304]","[0.8254910707473755, 0.09813667833805084, 0.05115972086787224, 0.02521258220076561]"
model\Dataset_Flood\non_flood\1000_F_456742052_YudLlJwZCJdCGsCjS95JW1leO2jQrZcp.jpg,non_flood,3,non_flood,3,0.9601230025291443,high,0.9332332890480757,non_flood,3,0.9596620202064514,high,0.9324041660875082,True,True,True,0.9999998807907104,0.0009219618514180183,0.0005939782713539898,0.0004609823226928711,7.496636840187421e-07,"[0.005999990273267031, 0.00698725413531065, 0.02688971348106861, 0.9601230025291443]","[0.006061714142560959, 0.007018369156867266, 0.027257854118943214, 0.9596620202064514]"
model\Dataset_Flood\non_flood\1154127_581137_3051.jpg,non_flood,3,non_flood,3,0.9814815521240234,high,0.9678893154487014,non_flood,3,0.9816880822181702,high,0.9682236462831497,True,True,True,1.0,0.0004131875466555357,0.0002492302155587822,0.00020653009414672852,3.1754095175529073e-07,"[0.0029327678494155407, 0.0019935197196900845, 0.013592236675322056, 0.9814815521240234]","[0.0028902736958116293, 0.0019571571610867977, 0.013464435935020447, 0.9816880822181702]"
model\Dataset_Flood\non_flood\1184178968.jpg,non_flood,3,non_flood,3,0.9851983189582825,low,0.9796352228149772,non_flood,3,0.985301673412323,low,0.9797740001231432,True,True,True,1.0,0.00020669260993599892,0.00012693456665147096,0.00010335445404052734,1.3756653061136603e-07,"[0.005563096143305302, 0.004358245059847832, 0.004880332387983799, 0.9851983189582825]","[0.005527673289179802, 0.00435485877096653, 0.004815803375095129, 0.985301673412323]"
model\Dataset_Flood\non_flood\1210_5594_1621.jpg,non_flood,3,non_flood,3,0.9768288731575012,low,0.9681162545457482,non_flood,3,0.9763863682746887,low,0.9674593936651945,True,True,True,0.9999999403953552,0.0008849147707223892,0.0005201919702813029,0.0004425048828125,1.1051816954932292e-06,"[0.008712618611752987, 0.00842178612947464, 0.006036743521690369, 0.9768288731575012]","[0.00892697460949421, 0.008573471568524837, 0.006113111972808838, 0.9763863682746887]"
model\Dataset_Flood\non_flood\127465812-일본-교토의-봄비-폭풍우-동안-교토부의-스트리트-뷰.jpg,non_flood,3,non_flood,3,0.9340721964836121,low,0.8787935003638268,non_flood,3,0.9333200454711914,low,0.8773984834551811,True,True,True,0.9999998211860657,0.0015042764134705067,0.0009929799707606435,0.0007521510124206543,1.261578404410102e-06,"[0.05527869611978531, 0.007114081177860498, 0.0035351044498384, 0.9340721964836121]","[0.055921562016010284, 0.007145987823605537, 0.0036124573089182377, 0.9333200454711914]"
model\Dataset_Flood\non_flood\13382_13779_4019.jpg,non_flood,3,non_flood,3,0.9538480639457703,low,0.9243074152618647,non_flood,3,0.9537473917007446,low,0.9240897297859192,True,True,True,0.9999999403953552,0.0002741054631769657,0.00015985104255378246,0.00011701323091983795,5.742549191722901e-08,"[0.0295406486839056, 0.0035850561689585447, 0.013026178814470768, 0.9538480639457703]","[0.02965766191482544, 0.0036050884518772364, 0.012989791110157967, 0.9537473917007446]"
model\Dataset_Flood\non_flood\1356526039_1.jpg,non_flood,3,non_flood,3,0.9808154106140137,medium,0.9737952495925128,non_flood,3,0.9805338382720947,medium,0.9733868441544473,True,True,True,0.9999999403953552,0.0005630990490317345,0.00032811457640491426,0.0002815723419189453,5.467881578624656e-07,"[0.005946101155132055, 0.007020161021500826, 0.006218399852514267, 0.9808154106140137]","[0.006036185659468174, 0.0071469941176474094, 0.006283008959144354, 0.9805338382720947]"
model\Dataset_Flood\non_flood\16965057946_026c7cb314_c.jpg,non_flood,3,non_flood,3,0.9781081080436707,low,0.968072266317904,non_flood,3,0.9779727458953857,low,0.9678182080388069,True,True,True,1.0000001192092896,0.0003093392588198185,0.00018460428691469133,0.0001353621482849121,1.8708669813349843e-07,"[0.010035841725766659, 0.004703816492110491, 0.007152262609452009, 0.9781081080436707]","[0.010154537856578827, 0.004739795811474323, 0.007132960949093103, 0.9779727458953857]"
model\Dataset_Flood\non_flood\1737619229_376_Nhieu-hem-o-TPHCM-dong-loat-khoac-ao-moi-ruc.jpg,non_flood,3,non_flood,3,0.9651191234588623,high,0.949789073318243,non_flood,3,0.965273916721344,high,0.9499495420604944,True,True,True,1.0,0.000309712253510952,0.000189951533684507,0.00015479326248168945,1.4863327635339374e-07,"[0.013443587347865105, 0.006107312627136707, 0.015330050140619278, 0.9651191234588623]","[0.01334715262055397, 0.006054503843188286, 0.015324374660849571, 0.965273916721344]"
model\Dataset_Flood\non_flood\20180405_152525.jpg,non_flood,3,non_flood,3,0.9712437391281128,low,0.9523641355335712,non_flood,3,0.9711824655532837,low,0.9523206762969494,True,True,True,1.0,0.00015823403373360634,9.110000246437266e-05,6.297556683421135e-05,1.06143481559684e-07,"[0.01887960359454155, 0.004849246237426996, 0.005027430132031441, 0.9712437391281128]","[0.018861789256334305, 0.004865416791290045, 0.005090405698865652, 0.9711824655532837]"
model\Dataset_Flood\non_flood\20200212_134749.jpg,non_flood,3,non_flood,3,0.8500491380691528,medium,0.7429799661040306,non_flood,3,0.8512013554573059,medium,0.7451871410012245,True,True,True,0.9999990463256836,0.002310609444975853,0.0015654484741389751,0.0011522173881530762,1.5524564105362515e-06,"[0.02693575620651245, 0.10706917196512222, 0.015945956110954285, 0.8500491380691528]","[0.026835359632968903, 0.10601421445608139, 0.01594899408519268, 0.8512013554573059]"
model\Dataset_Flood\non_flood\202004131748333233_e.jpg,non_flood,3,non_flood,3,0.9952101111412048,high,0.9928051456809044,non_flood,3,0.9952037334442139,high,0.992794442223385,True,True,True,0.9999999403953552,1.3556098565459251e-05,8.110468115773983e-06,6.377696990966797e-06,1.787611947356993e-09,"[0.0014064101269468665, 0.0009784692665562034, 0.0024049654603004456, 0.9952101111412048]","[0.0014060616958886385, 0.0009809734765440226, 0.002409291220828891, 0.9952037334442139]"
model\Dataset_Flood\non_flood\20200521151920959_oen.jpg,non_flood,3,non_flood,3,0.9359988570213318,low,0.9139571841806173,non_flood,3,0.9353405237197876,low,0.9131891783326864,True,True,True,0.9999999403953552,0.0013165716081857681,0.0007772044627927244,0.0006583333015441895,1.0240036090181093e-06,"[0.022041672840714455, 0.02030097134411335, 0.021658573299646378, 0.9359988570213318]","[0.022151345387101173, 0.020511403679847717, 0.02199670672416687, 0.9353405237197876]"
model\Dataset_Flood\non_flood\202007011452_500.jpg,non_flood,3,non_flood,3,0.9686293601989746,low,0.9540361380204558,non_flood,3,0.9688041806221008,low,0.954356343485415,True,True,True,1.0,0.0003693262115120888,0.00023095497454050928,0.0001748204231262207,1.8708306015469134e-07,"[0.014593222178518772, 0.0103836078196764, 0.006393876858055592, 0.9686293601989746]","[0.014447837136685848, 0.010393423959612846, 0.0063545722514390945, 0.9688041806221008]"
model\Dataset_Flood\non_flood\20230113501845.jpg,non_flood,3,non_flood,3,0.9856603145599365,high,0.9771604696288705,non_flood,3,0.9855561852455139,high,0.9770057331770658,True,True,True,1.0,0.0002081084530800581,0.0001223990839207545,0.00010412931442260742,7.232119259015235e-08,"[0.004369823727756739, 0.0014700391329824924, 0.008499844931066036, 0.9856603145599365]","[0.0044052633456885815, 0.0014879715163260698, 0.008550452068448067, 0.9855561852455139]"
model\Dataset_Flood\non_flood\20230502503386.jpg,non_flood,3,non_flood,3,0.8522367477416992,high,0.768839567899704,non_flood,3,0.8519682288169861,high,0.7681800052523613,True,True,True,0.9999999403953552,0.0007821191102266312,0.00048292792052961886,0.0003910437226295471,2.867381851956452e-07,"[0.04598639905452728, 0.01837962307035923, 0.08339717984199524, 0.8522367477416992]","[0.045943718403577805, 0.01829974725842476, 0.08378822356462479, 0.8519682288169861]"
model\Dataset_Flood\non_flood\202309111114430145_l.jpg,non_flood,3,non_flood,3,0.982801079750061,high,0.9694612119346857,non_flood,3,0.9827557802200317,high,0.9693666957318783,True,True,True,1.0,0.00010489427950233221,6.735426723025739e-05,4.921667277812958e-05,,"[0.0026875229086726904, 0.001171639421954751, 0.013339867815375328, 0.982801079750061]","[0.0026802823413163424, 0.0011747769312933087, 0.013389084488153458, 0.9827557802200317]"
model\Dataset_Flood\non_flood\20241029050605_0.jpg,non_flood,3,non_flood,3,0.9667546153068542,medium,0.9492955766618252,non_flood,3,0.9667425751686096,medium,0.9492366295307875,True,True,True,0.9999999403953552,0.0001887311227619648,0.00010662087879609317,8.222460746765137e-05,1.5338946468546055e-07,"[0.007318766321986914, 0.017459038645029068, 0.008467478677630424, 0.9667546153068542]","[0.007366325706243515, 0.01750594563782215, 0.008385254070162773, 0.9667425751686096]"
model\Dataset_Flood\non_flood\23031215004403700.jpg,non_flood,3,non_flood,3,0.8924593925476074,medium,0.815796971321106,non_flood,3,0.8918840289115906,medium,0.8147554099559784,True,True,True,0.9999997615814209,0.0011508502066135406,0.0007479705382138491,0.0005753636360168457,5.493202479556203e-07,"[0.021627893671393394, 0.07666242122650146, 0.00925025250762701, 0.8924593925476074]","[0.02163201943039894, 0.07712861895561218, 0.009355415590107441, 0.8918840289115906]"
model\Dataset_Flood\non_flood\230415135430122_w.jpg,non_flood,3,non_flood,3,0.9604138731956482,low,0.9390013851225376,non_flood,3,0.9598192572593689,low,0.9381738845258951,True,True,True,0.9999999403953552,0.0011892588809132576,0.0007186656002886593,0.0005946159362792969,1.2550591463877936e-06,"[0.02141248807311058, 0.0161462239921093, 0.0020274019334465265, 0.9604138731956482]","[0.021645372733473778, 0.016474144533276558, 0.0020612396765500307, 0.9598192572593689]"
model\Dataset_Flood\non_flood\230415135444359_w.jpg,non_flood,3,non_flood,3,0.9468136429786682,low,0.9218014162033796,non_flood,3,0.9467899203300476,low,0.9218341689556837,True,True,True,0.9999999403953552,0.0001605236902832985,8.380497456528246e-05,5.647540092468262e-05,4.846879164688289e-08,"[0.025012226775288582, 0.02038254402577877, 0.007791559211909771, 0.9468136429786682]","[0.0249557513743639, 0.02042744681239128, 0.00782698206603527, 0.9467899203300476]"
model\Dataset_Flood\non_flood\255460_417247_943.jpg,non_flood,3,non_flood,3,0.9671084880828857,low,0.95246740616858,non_flood,3,0.9668956995010376,low,0.9521624222397804,True,True,True,0.9999999403953552,0.0004256688989698887,0.0002479618997313082,0.00021278858184814453,1.5284240362234414e-07,"[0.014641081914305687, 0.0050040557980537415, 0.013246296904981136, 0.9671084880828857]","[0.014733277261257172, 0.0050498428754508495, 0.013321194797754288, 0.9668956995010376]"
model\Dataset_Flood\non_flood\2810089_image2_1.jpg,non_flood,3,non_flood,3,0.9000411629676819,medium,0.8543006964027882,non_flood,3,0.8992862701416016,high,0.853050023317337,True,True,True,0.9999998807907104,0.0015571936964988708,0.000955652620177716,0.0007548928260803223,1.0195944923907518e-06,"[0.008512279950082302, 0.04574046656489372, 0.04570600762963295, 0.9000411629676819]","[0.008488602004945278, 0.04598885029554367, 0.046236246824264526, 0.8992862701416016]"
model\Dataset_Flood\non_flood\2962cbc75d21c1b1bb0e2525f371e5bb.jpeg,non_flood,3,non_flood,3,0.9313806295394897,medium,0.895318828523159,non_flood,3,0.9315690398216248,medium,0.8955756053328514,True,True,True,1.0,0.0003768894821405411,0.00022865050414111465,0.00018841028213500977,9.091309038922191e-08,"[0.009844927117228508, 0.03606180101633072, 0.022712670266628265, 0.9313806295394897]","[0.009834343567490578, 0.035993434488773346, 0.022603141143918037, 0.9315690398216248]"
model\Dataset_Flood\non_flood\3060579_image2_1.jpg,non_flood,3,non_flood,3,0.9941439032554626,medium,0.9904535154346377,non_flood,3,0.9941164255142212,medium,0.9904118638951331,True,True,True,1.0,5.511910421773791e-05,3.329391620354727e-05,2.7477741241455078e-05,5.000219971407205e-08,"[0.0007231715717352927, 0.0036903878208249807, 0.0014424461405724287, 0.9941439032554626]","[0.0007243432337418199, 0.0037045616190880537, 0.0014547420432791114, 0.9941164255142212]"
model\Dataset_Flood\non_flood\31361_25265_2717.jpg,non_flood,3,non_flood,3,0.9668972492218018,high,0.9536798438057303,non_flood,3,0.9669883251190186,high,0.9538103500381112,True,True,True,1.0000001192092896,0.00020560389384627342,0.00011835851182695478,9.107589721679688e-05,8.750065916274252e-08,"[0.012758753262460232, 0.007126652169972658, 0.013217405416071415, 0.9668972492218018]","[0.01269532646983862, 0.007138323038816452, 0.013177975080907345, 0.9669883251190186]"
model\Dataset_Flood\non_flood\32382_91800_4727.jpg,non_flood,3,non_flood,3,0.9559646248817444,low,0.9158779457211494,non_flood,3,0.9560254216194153,low,0.916021965444088,True,True,True,0.9999999403953552,0.00016648147720843554,0.00010489112901268527,8.322298526763916e-05,1.0092662705574185e-08,"[0.04008667916059494, 0.0033155723940581083, 0.0006330708274617791, 0.9559646248817444]","[0.0400034561753273, 0.003334790002554655, 0.0006363149732351303, 0.9560254216194153]"
model\Dataset_Flood\non_flood\3471ac30863afcbdc6989dc78f03fcb7_res.jpeg,non_flood,3,non_flood,3,0.9905656576156616,low,0.9830799824558198,non_flood,3,0.990544319152832,low,0.9830401963554323,True,True,True,1.0000001192092896,4.2781641241163015e-05,2.835857776517514e-05,2.1338462829589844e-05,6.712980837875193e-09,"[0.007485675159841776, 0.000888693321030587, 0.001059980597347021, 0.9905656576156616]","[0.007504122797399759, 0.0008886232972145081, 0.001062906114384532, 0.990544319152832]"
model\Dataset_Flood\non_flood\382335_275271_3551.jpg,non_flood,3,non_flood,3,0.9493085741996765,high,0.9162761680781841,non_flood,3,0.9488892555236816,high,0.915547288954258,True,True,True,1.0,0.0008386254776269197,0.0005304262740537524,0.00041931867599487305,4.3819457573590626e-07,"[0.002210103441029787, 0.015448953956365585, 0.033032406121492386, 0.9493085741996765]","[0.002222115872427821, 0.015546687878668308, 0.033341966569423676, 0.9488892555236816]"
model\Dataset_Flood\non_flood\3a2a027e226646e85ebcdd96c83db45b.jpg,non_flood,3,non_flood,3,0.9760251045227051,high,0.9569066110998392,non_flood,3,0.9758166670799255,high,0.9565466959029436,True,True,True,1.0000001192092896,0.0004168630111962557,0.0002609530056361109,0.00020843744277954102,2.0964215252661234e-07,"[0.0022135116159915924, 0.0026429477147758007, 0.019118493422865868, 0.9760251045227051]","[0.0022355332039296627, 0.0026778739411383867, 0.019269971176981926, 0.9758166670799255]"
model\Dataset_Flood\non_flood\442136_460425_0108.jpg,non_flood,3,non_flood,3,0.8464992642402649,low,0.7479228079319,non_flood,3,0.8452282547950745,low,0.7459367513656616,True,True,True,0.9999994039535522,0.0025420337915420532,0.00153662811499089,0.0012710094451904297,1.6225386616497417e-06,"[0.09857645630836487, 0.04172496125102043, 0.013199282810091972, 0.8464992642402649]","[0.09929150342941284, 0.042202841490507126, 0.013277379795908928, 0.8452282547950745]"
model\Dataset_Flood\non_flood\476176_356988_3643.jpg,non_flood,3,non_flood,3,0.957114040851593,medium,0.9369892589747906,non_flood,3,0.9571186304092407,medium,0.9370440151542425,True,True,True,0.9999999403953552,0.00010026432573795319,5.9777317801490426e-05,5.0166621804237366e-05,2.9157492420495146e-08,"[0.016395829617977142, 0.020124781876802444, 0.006365340203046799, 0.957114040851593]","[0.01641838625073433, 0.020074615254998207, 0.0063882917165756226, 0.9571186304092407]"
model\Dataset_Flood\non_flood\5f420ab85477f0364be7a38916496632.jpg,non_flood,3,non_flood,3,0.9899411797523499,high,0.9847533092834055,non_flood,3,0.9899653196334839,high,0.984782334882766,True,True,True,1.0,4.840653855353594e-05,2.8550746719702147e-05,2.4139881134033203e-05,3.9975933674440967e-08,"[0.0030918805859982967, 0.0017790794372558594, 0.005187870468944311, 0.9899411797523499]","[0.003078970592468977, 0.0017726084915921092, 0.005182984750717878, 0.9899653196334839]"
model\Dataset_Flood\non_flood\6.jpg,non_flood,3,non_flood,3,0.8984692096710205,medium,0.8614783585071564,non_flood,3,0.8980377912521362,medium,0.8609195910394192,True,True,True,0.9999999403953552,0.0008629113435745239,0.000501443981193006,0.00043141841888427734,2.686283551156521e-07,"[0.029938414692878723, 0.036990851163864136, 0.034601498395204544, 0.8984692096710205]","[0.030052706599235535, 0.037118200212717056, 0.03479135036468506, 0.8980377912521362]"
model\Dataset_Flood\non_flood\6f96ee2dccebef312d63aaac40b10bf7.jpg,non_flood,3,non_flood,3,0.9832603335380554,high,0.9701710781082511,non_flood,3,0.9830670952796936,high,0.9698377195745707,True,True,True,1.0000001192092896,0.00038641842547804117,0.00024237445904873312,0.0001932382583618164,2.5863846531137824e-07,"[0.0007167276926338673, 0.0029336342122405767, 0.013089255429804325, 0.9832603335380554]","[0.0007297856500372291, 0.002973636146634817, 0.013229375705122948, 0.9830670952796936]"
model\Dataset_Flood\non_flood\74899_66442_1121.jpg,non_flood,3,non_flood,3,0.9746764898300171,low,0.957106301560998,non_flood,3,0.9746435880661011,low,0.9570606835186481,True,True,True,0.9999999403953552,7.947866106405854e-05,4.499340502661653e-05,3.2901763916015625e-05,,"[0.017570188269019127, 0.006802113261073828, 0.0009511574753560126, 0.9746764898300171]","[0.017582904547452927, 0.006829214747995138, 0.0009443983435630798, 0.9746435880661011]"
model\Dataset_Flood\non_flood\7Seoul_Alley_Bukchon_01.jpg,non_flood,3,non_flood,3,0.9862641096115112,high,0.978968876414001,non_flood,3,0.986201822757721,high,0.9788872031494975,True,True,True,1.0000001192092896,0.00012456928379833698,7.506850670324638e-05,6.22868537902832e-05,2.486558337011502e-08,"[0.0028260317631065845, 0.0036146396305412054, 0.0072952331975102425, 0.9862641096115112]","[0.0028323179576545954, 0.0036512494552880526, 0.007314619608223438, 0.986201822757721]"
model\Dataset_Flood\non_flood\827778_739893_3348.jpg,non_flood,3,non_flood,3,0.989777147769928,low,0.984817972406745,non_flood,3,0.9898586869239807,low,0.9849276384338737,True,True,True,1.0,0.0001631221966817975,9.609154949430376e-05,8.153915405273438e-05,6.074697722624478e-08,"[0.0049591753631830215, 0.0016778698191046715, 0.003585818922147155, 0.989777147769928]","[0.0049310484901070595, 0.0016646519070491195, 0.0035455806646496058, 0.9898586869239807]"
model\Dataset_Flood\non_flood\953056_345891_5555.jpeg,non_flood,3,non_flood,3,0.903567910194397,high,0.8240099921822548,non_flood,3,0.9038135409355164,high,0.8245321363210678,True,True,True,0.9999999403953552,0.0005530877970159054,0.00037050695391371846,0.00027651339769363403,1.7027923604473472e-07,"[0.009494086727499962, 0.007380067370831966, 0.07955791801214218, 0.903567910194397]","[0.009508430026471615, 0.0073966677300632, 0.07928140461444855, 0.9038135409355164]"
model\Dataset_Flood\non_flood\9d3ea15d0f52a3bdcae7c68fcbbe700b_res.jpeg,non_flood,3,non_flood,3,0.8052461743354797,low,0.6557149738073349,non_flood,3,0.8048214316368103,low,0.6548822969198227,True,True,True,0.9999999403953552,0.0008986871689558029,0.0005908780149184167,0.0004247426986694336,1.8900755094364285e-07,"[0.14953120052814484, 0.010766735300421715, 0.034455832093954086, 0.8052461743354797]","[0.1499391347169876, 0.010808151215314865, 0.03443123772740364, 0.8048214316368103]"
model\Dataset_Flood\non_flood\a4a8bf528a64a86dcbe3f2fa4de26ca7.jpg,non_flood,3,non_flood,3,0.8239976763725281,high,0.7239564806222916,non_flood,3,0.8242759108543396,high,0.7236963659524918,True,True,True,0.9999994039535522,0.0016331858932971954,0.0009557338198646903,0.000734470784664154,1.4812104609518428e-06,"[0.008462196215987206, 0.06749893724918365, 0.10004119575023651, 0.8239976763725281]","[0.008380064740777016, 0.0667644664645195, 0.10057954490184784, 0.8242759108543396]"
model\Dataset_Flood\non_flood\AKR20190427044100004_14_i.jpg,non_flood,3,non_flood,3,0.9917017817497253,low,0.986934837885201,non_flood,3,0.9916415214538574,low,0.986853230278939,True,True,True,1.0000001192092896,0.00012046797201037407,7.217912207124755e-05,6.026029586791992e-05,7.177822425319391e-08,"[0.0047669438645243645, 0.002448044717311859, 0.001083176233805716, 0.9917017817497253]","[0.004788291174918413, 0.0024810349568724632, 0.0010890463599935174, 0.9916415214538574]"
model\Dataset_Flood\non_flood\AKR20190427044100004_15_i.jpg,non_flood,3,non_flood,3,0.9950335025787354,high,0.9924312012735754,non_flood,3,0.9949527978897095,high,0.9923070105724037,True,True,True,1.0,0.00016135169425979257,9.585823136148974e-05,8.07046890258789e-05,1.6371994604469364e-07,"[0.0016712684882804751, 0.0006929676164872944, 0.0026023013051599264, 0.9950335025787354]","[0.0016967065166682005, 0.0007046905811876059, 0.0026457873173058033, 0.9949527978897095]"
model\Dataset_Flood\non_flood\AKR20211228058800052_01_i_P4.jpg,non_flood,3,non_flood,3,0.9462653994560242,high,0.9234069865196943,non_flood,3,0.9470383524894714,high,0.924548801034689,True,True,True,0.9999998807907104,0.0015458408743143082,0.000905585999134928,0.0007729530334472656,1.4779070625081658e-06,"[0.021162936463952065, 0.00971318781375885, 0.02285841293632984, 0.9462653994560242]","[0.020911162719130516, 0.009560935199260712, 0.022489551454782486, 0.9470383524894714]"
model\Dataset_Flood\non_flood\AKR20220622132700062_01_i_P4.jpg,non_flood,3,non_flood,3,0.9023951292037964,medium,0.8444104492664337,non_flood,3,0.9014459252357483,medium,0.8429526947438717,True,True,True,0.9999997019767761,0.0018982971087098122,0.0011360349599272013,0.0009492039680480957,1.3166862800062518e-06,"[0.03091699443757534, 0.05798467993736267, 0.00870321225374937, 0.9023951292037964]","[0.03126750513911247, 0.0584932304918766, 0.008793244138360023, 0.9014459252357483]"
model\Dataset_Flood\non_flood\alley-5050499_1280.jpg,non_flood,3,non_flood,3,0.9799728989601135,medium,0.9658494284376502,non_flood,3,0.9799112677574158,medium,0.9657634506002069,True,True,True,1.0,0.00012308917939662933,7.194092904683203e-05,6.16312026977539e-05,4.24406643162456e-08,"[0.0033772869501262903, 0.014123470522463322, 0.0025264215655624866, 0.9799728989601135]","[0.003388924989849329, 0.01414781715720892, 0.0025518948677927256, 0.9799112677574158]"
model\Dataset_Flood\non_flood\busan_market.jpg,non_flood,3,non_flood,3,0.9248882532119751,low,0.8823828026652336,non_flood,3,0.924107015132904,low,0.8811565414071083,True,True,True,0.9999998807907104,0.001562490127980709,0.0009476849227212369,0.0007812380790710449,1.122854882851243e-06,"[0.042505450546741486, 0.028764965012669563, 0.0038413519505411386, 0.9248882532119751]","[0.042950473725795746, 0.029061926528811455, 0.003880619304254651, 0.924107015132904]"
model\Dataset_Flood\non_flood\City-Backdrop-Vibrant-Pink-Cherry-Trees-Blossom-Along-a-Charming_2461205_wh860.png,non_flood,3,non_flood,3,0.9893245100975037,high,0.9826839379966259,non_flood,3,0.9892162084579468,high,0.9825264844112098,True,True,True,0.9999999403953552,0.0002165058394894004,0.00013035506708547473,0.00010830163955688477,1.5646217832454568e-07,"[0.0006330652977339923, 0.003401900874450803, 0.006640572100877762, 0.9893245100975037]","[0.0006390999187715352, 0.003454918507486582, 0.006689724046736956, 0.9892162084579468]"
model\Dataset_Flood\non_flood\DSC05846-01.jpg,non_flood,3,non_flood,3,0.6183359026908875,low,0.42472662031650543,non_flood,3,0.6184530258178711,low,0.42524269223213196,True,True,True,0.9999997019767761,0.0007979124784469604,0.00047052002628333867,0.0003989487886428833,1.4365468814503402e-07,"[0.19360928237438202, 0.14266623556613922, 0.04538854956626892, 0.6183359026908875]","[0.19321033358573914, 0.14287346601486206, 0.045463159680366516, 0.6184530258178711]"
model\Dataset_Flood\non_flood\Exploring-the-Atmosphere-of-a-Japanese-City-Street-Unveiling-the_2498602_wh860.png,non_flood,3,non_flood,3,0.9920974969863892,low,0.9862667475827038,non_flood,3,0.9920198321342468,low,0.9861288191750646,True,True,True,1.0,0.0001553138718008995,9.931080421665683e-05,7.766485214233398e-05,1.3233875506557524e-07,"[0.005830749403685331, 0.0010253882501274347, 0.0010463668731972575, 0.9920974969863892]","[0.005891012959182262, 0.0010389790404587984, 0.0010501615470275283, 0.9920198321342468]"
model\Dataset_Flood\non_flood\f505096b10874776ee52afdcf02de1a6.jpg,non_flood,3,non_flood,3,0.9711825847625732,low,0.9560796897858381,non_flood,3,0.9714176058769226,low,0.9565343512222171,True,True,True,0.9999998807907104,0.0005151915829628706,0.00032469574944116175,0.00023502111434936523,4.7440335038118064e-07,"[0.015102894976735115, 0.00983342994004488, 0.0038811583071947098, 0.9711825847625732]","[0.014883254654705524, 0.00979546457529068, 0.0039037230890244246, 0.9714176058769226]"
model\Dataset_Flood\non_flood\flood_8873.png,non_flood,3,non_flood,3,0.8424276113510132,high,0.6902194619178772,non_flood,3,0.8412336111068726,high,0.6878687590360641,True,True,True,0.9999988079071045,0.002388056367635727,0.001662620110437274,0.001194000244140625,1.3052194844931364e-06,"[0.0015198044711723924, 0.00384433357976377, 0.152208149433136, 0.8424276113510132]","[0.0015362121630460024, 0.0038652794901281595, 0.1533648520708084, 0.8412336111068726]"
model\Dataset_Flood\non_flood\flood_8877.png,non_flood,3,non_flood,3,0.7238487005233765,high,0.46421337127685547,non_flood,3,0.7245211005210876,high,0.4654264748096466,True,True,True,0.9999995231628418,0.0013447427190840244,0.0008687871159054339,0.0006723999977111816,3.5119589369969617e-07,"[0.0044691795483231544, 0.012046818621456623, 0.259635329246521, 0.7238487005233765]","[0.004432035144418478, 0.011952323839068413, 0.25909462571144104, 0.7245211005210876]"
model\Dataset_Flood\non_flood\flood_9078.png,non_flood,3,non_flood,3,0.5422670841217041,high,0.19442909955978394,non_flood,3,0.5437033176422119,high,0.19655680656433105,True,True,True,0.9999971985816956,0.0028724372386932373,0.0017111578490585089,0.0014362335205078125,1.4096441418587347e-06,"[0.04511145502328873, 0.06478345394134521, 0.34783798456192017, 0.5422670841217041]","[0.04497344791889191, 0.06417673081159592, 0.34714651107788086, 0.5437033176422119]"
model\Dataset_Flood\non_flood\flood_9202.png,non_flood,3,non_flood,3,0.7233818173408508,high,0.6097031459212303,non_flood,3,0.7244824171066284,high,0.611647441983223,True,True,True,0.999998927116394,0.002201274037361145,0.0014087683521211147,0.0011005997657775879,1.0440709274917026e-06,"[0.06554291397333145, 0.09739665687084198, 0.11367867141962051, 0.7233818173408508]","[0.06553372740745544, 0.09714886546134949, 0.11283497512340546, 0.7244824171066284]"
model\Dataset_Flood\non_flood\flood_9268.png,non_flood,3,non_flood,3,0.7305585741996765,medium,0.5563710182905197,non_flood,3,0.7322974801063538,medium,0.5591491907835007,True,True,True,0.9999976754188538,0.0034778062254190445,0.0021340709645301104,0.001738905906677246,2.1437008399516344e-06,"[0.028557326644659042, 0.1741875559091568, 0.06669657677412033, 0.7305585741996765]","[0.02852817066013813, 0.1731482893228531, 0.06602609902620316, 0.7322974801063538]"
model\Dataset_Flood\non_flood\heavy+rain+and+flooding+safety.jpg,non_flood,3,non_flood,3,0.6223495602607727,low,0.3621528446674347,non_flood,3,0.6237421631813049,low,0.3648177981376648,True,True,True,0.9999968409538269,0.0027878880500793457,0.001890238025225699,0.0013926029205322266,1.198524728351913e-06,"[0.260196715593338, 0.0992402583360672, 0.018213419243693352, 0.6223495602607727]","[0.25892436504364014, 0.0991186872124672, 0.01821478269994259, 0.6237421631813049]"
model\Dataset_Flood\non_flood\hq720.jpg,non_flood,3,non_flood,3,0.9678175449371338,medium,0.9537423551082611,non_flood,3,0.9676258563995361,medium,0.9534488171339035,True,True,True,1.0,0.000383240170776844,0.00022645684657618403,0.00019168853759765625,1.903972588479519e-07,"[0.013772242702543736, 0.01407518982887268, 0.004335073288530111, 0.9678175449371338]","[0.013825509697198868, 0.01417703926563263, 0.004371508490294218, 0.9676258563995361]"
model\Dataset_Flood\non_flood\images (1).jpg,non_flood,3,non_flood,3,0.9085105657577515,low,0.8575692921876907,non_flood,3,0.9077805876731873,low,0.8563221767544746,True,True,True,0.9999997615814209,0.0014599412679672241,0.0009072247194126248,0.000729978084564209,8.962524589151144e-07,"[0.05094127357006073, 0.020031122490763664, 0.020517023280262947, 0.9085105657577515]","[0.051458410918712616, 0.020144958049058914, 0.020616013556718826, 0.9077805876731873]"
model\Dataset_Flood\non_flood\images (1)1.jpg,non_flood,3,non_flood,3,0.7509087920188904,low,0.6119639724493027,non_flood,3,0.7498258352279663,low,0.6104896366596222,True,True,True,0.9999991059303284,0.0021659955382347107,0.0013208971358835697,0.0010829567909240723,8.952338248491287e-07,"[0.1389448195695877, 0.009417320601642132, 0.10072904080152512, 0.7509087920188904]","[0.13933619856834412, 0.009463484399020672, 0.1013745367527008, 0.7498258352279663]"
model\Dataset_Flood\non_flood\images (10).jpg,non_flood,3,non_flood,3,0.978888213634491,low,0.9650118798017502,non_flood,3,0.9788779616355896,low,0.9649783913046122,True,True,True,1.0,4.636659286916256e-05,2.783454692689702e-05,2.323649823665619e-05,3.822560756816529e-08,"[0.013876333832740784, 0.005232802126556635, 0.0020026082638651133, 0.978888213634491]","[0.01389957033097744, 0.005221525672823191, 0.0020010066218674183, 0.9788779616355896]"
model\Dataset_Flood\non_flood\images (10)1.jpg,non_flood,3,non_flood,3,0.6759014129638672,low,0.5089048892259598,non_flood,3,0.675338864326477,low,0.5078361183404922,True,True,True,0.9999995231628418,0.0014725439250469208,0.0008098300895653665,0.0005625486373901367,3.7493012428058137e-07,"[0.1669965237379074, 0.09524541348218918, 0.06185664236545563, 0.6759014129638672]","[0.1675027459859848, 0.0954754650592804, 0.06168292090296745, 0.675338864326477]"
model\Dataset_Flood\non_flood\images (11).jpg,non_flood,3,non_flood,3,0.6211907267570496,low,0.28572121262550354,non_flood,3,0.6210395097732544,low,0.28527137637138367,True,True,True,0.9999999403953552,0.0005972571671009064,0.0003505921340547502,0.00029861927032470703,1.306471091311323e-07,"[0.335469514131546, 0.022391770035028458, 0.020948028191924095, 0.6211907267570496]","[0.3357681334018707, 0.022320101037621498, 0.02087227627635002, 0.6210395097732544]"
model\Dataset_Flood\non_flood\images (11)1.jpg,non_flood,3,non_flood,3,0.9396893978118896,low,0.8995736911892891,non_flood,3,0.9396512508392334,low,0.8994763568043709,True,True,True,1.0000001192092896,0.00012386031448841095,7.439708861056715e-05,5.918741226196289e-05,,"[0.040115706622600555, 0.007761558052152395, 0.012433436699211597, 0.9396893978118896]","[0.04017489403486252, 0.007737693842500448, 0.012436098419129848, 0.9396512508392334]"
model\Dataset_Flood\non_flood\images (12).jpg,non_flood,3,non_flood,3,0.6052078604698181,low,0.3359110653400421,non_flood,3,0.6051450371742249,low,0.3373320996761322,True,True,True,0.9999950528144836,0.0031272582709789276,0.0021565610077232122,0.0015635490417480469,4.900792191619985e-06,"[0.269296795129776, 0.04640350118279457, 0.07909190654754639, 0.6052078604698181]","[0.26781293749809265, 0.0463864728808403, 0.08065545558929443, 0.6051450371742249]"
model\Dataset_Flood\non_flood\images (12)1.jpg,non_flood,3,non_flood,3,0.8577798008918762,medium,0.7745142132043839,non_flood,3,0.8560483455657959,medium,0.7719316706061363,True,True,True,0.9999985694885254,0.0034628105349838734,0.0021117625292390585,0.0017314553260803223,3.2713869586586952e-06,"[0.05143767595291138, 0.08326558768749237, 0.007516918238252401, 0.8577798008918762]","[0.05229603126645088, 0.08411667495965958, 0.007538830861449242, 0.8560483455657959]"
model\Dataset_Flood\non_flood\images (13).jpg,non_flood,3,non_flood,3,0.6195783615112305,low,0.3475961983203888,non_flood,3,0.6212615966796875,low,0.35041314363479614,True,True,True,0.9999961853027344,0.003532327711582184,0.0021273086313158274,0.0016832351684570312,1.8684660290091415e-06,"[0.2719821631908417, 0.0760098323225975, 0.03242962434887886, 0.6195783615112305]","[0.27084845304489136, 0.07537738978862762, 0.032512564212083817, 0.6212615966796875]"
model\Dataset_Flood\non_flood\images (13)1.jpg,non_flood,3,non_flood,3,0.9782330989837646,high,0.9685766464099288,non_flood,3,0.9781333804130554,high,0.9684373158961535,True,True,True,0.9999999403953552,0.00019941502250730991,0.0001171912663266994,9.971857070922852e-05,5.8840669225901365e-08,"[0.009584262035787106, 0.0025261633563786745, 0.00965645257383585, 0.9782330989837646]","[0.009628723375499249, 0.002541786525398493, 0.00969606451690197, 0.9781333804130554]"
model\Dataset_Flood\non_flood\images (14).jpg,non_flood,3,non_flood,3,0.9687540531158447,low,0.9447810184210539,non_flood,3,0.9681621193885803,low,0.9437108840793371,True,True,True,0.9999999403953552,0.001183892134577036,0.0007662014686502516,0.0005919337272644043,1.4771211453989963e-06,"[0.02397303469479084, 0.00523827038705349, 0.0020346567034721375, 0.9687540531158447]","[0.024451235309243202, 0.0053228349424898624, 0.0020638499408960342, 0.9681621193885803]"
model\Dataset_Flood\non_flood\images (14)1.jpg,non_flood,3,non_flood,3,0.9960988759994507,low,0.9934960331302136,non_flood,3,0.9960981607437134,low,0.9935009991750121,True,True,True,1.0,1.2819247785955667e-05,7.910388376330957e-06,5.681300535798073e-06,3.7440788247522505e-08,"[0.0026028428692370653, 0.0006889211945235729, 0.0006093145930208266, 0.9960988759994507]","[0.0025971615687012672, 0.0006899924483150244, 0.000614666030742228, 0.9960981607437134]"
model\Dataset_Flood\non_flood\images (15).jpg,non_flood,3,low,0,0.8307473659515381,non_flood,0.693918377161026,low,0,0.8301122188568115,non_flood,0.6925895810127258,False,False,True,0.9999995231628418,0.0014796201139688492,0.0009474386461079121,0.0006936490535736084,6.297777304098418e-07,"[0.8307473659515381, 0.029499446973204613, 0.0029241135343909264, 0.13682898879051208]","[0.8301122188568115, 0.029394835233688354, 0.0029703257605433464, 0.1375226378440857]"
model\Dataset_Flood\non_flood\images (15)1.jpg,non_flood,3,non_flood,3,0.9338072538375854,low,0.8720949701964855,non_flood,3,0.9337459206581116,low,0.8719790764153004,True,True,True,1.0000001192092896,0.00013514328747987747,8.335005986737087e-05,6.133317947387695e-05,3.163950168527663e-08,"[0.06171228364109993, 0.003513739677146077, 0.0009666660334914923, 0.9338072538375854]","[0.0617668442428112, 0.0035075312480330467, 0.0009797071106731892, 0.9337459206581116]"
model\Dataset_Flood\non_flood\images (16).jpg,non_flood,3,non_flood,3,0.9946377873420715,high,0.992551023606211,non_flood,3,0.9946922659873962,high,0.992612570291385,True,True,True,0.9999999403953552,0.0001089298166334629,6.57240889267996e-05,5.447864532470703e-05,9.096584108192474e-08,"[0.0020842873491346836, 0.0011911449255421758, 0.002086763735860586, 0.9946377873420715]","[0.0020511301700025797, 0.0011769189732149243, 0.0020796956960111856, 0.9946922659873962]"
model\Dataset_Flood\non_flood\images (16)1.jpg,non_flood,3,non_flood,3,0.9526627659797668,high,0.9338738303631544,non_flood,3,0.9531421661376953,high,0.9344627074897289,True,True,True,0.9999999403953552,0.0009587826207280159,0.0005575350951403379,0.0004794001579284668,7.549752467639337e-07,"[0.010930240154266357, 0.017618073150515556, 0.018788935616612434, 0.9526627659797668]","[0.010762902908027172, 0.017415504902601242, 0.018679458647966385, 0.9531421661376953]"
model\Dataset_Flood\non_flood\images (17).jpg,non_flood,3,non_flood,3,0.9127048254013062,low,0.8315807357430458,non_flood,3,0.9121728539466858,low,0.8305703848600388,True,True,True,0.9999997615814209,0.0010640813270583749,0.0007171723409555852,0.0005319714546203613,4.674802767112851e-07,"[0.08112408965826035, 0.0019136257469654083, 0.004257415886968374, 0.9127048254013062]","[0.08160246908664703, 0.0019175546476617455, 0.004307217430323362, 0.9121728539466858]"
model\Dataset_Flood\non_flood\images (17)1.jpg,non_flood,3,non_flood,3,0.9660862684249878,low,0.9495975263416767,non_flood,3,0.9661263227462769,low,0.9495198857039213,True,True,True,1.0,0.00031547388061881065,0.0001677217660471797,0.00011769495904445648,2.875022175885533e-07,"[0.01648874208331108, 0.006257573142647743, 0.011167427524924278, 0.9660862684249878]","[0.016606437042355537, 0.00618956470862031, 0.01107771135866642, 0.9661263227462769]"
model\Dataset_Flood\non_flood\images (18).jpg,non_flood,3,non_flood,3,0.846250593662262,low,0.7372337654232979,non_flood,3,0.8460423350334167,low,0.7366790398955345,True,True,True,0.9999999403953552,0.0007085446268320084,0.0004298679996281862,0.00034646689891815186,2.422711702365632e-07,"[0.10901682823896408, 0.017731910571455956, 0.02700064331293106, 0.846250593662262]","[0.10936329513788223, 0.017739735543727875, 0.02685464918613434, 0.8460423350334167]"
model\Dataset_Flood\non_flood\images (18)1.jpg,non_flood,3,non_flood,3,0.9823343753814697,medium,0.9724940098822117,non_flood,3,0.9822559356689453,medium,0.9723227182403207,True,True,True,1.0,0.00018578767776489258,0.00012205617531435564,9.285192936658859e-05,1.1314659076333555e-07,"[0.004527537617832422, 0.009840365499258041, 0.003297824878245592, 0.9823343753814697]","[0.004517258610576391, 0.00993321742862463, 0.0032936078496277332, 0.9822559356689453]"
model\Dataset_Flood\non_flood\images (19).jpg,non_flood,3,low,0,0.8163002729415894,non_flood,0.6564423590898514,low,0,0.8177286982536316,non_flood,0.658967137336731,False,False,True,0.9999986290931702,0.0028568264096975327,0.0018159417668357491,0.0014284253120422363,1.935637556016445e-06,"[0.8163002729415894, 0.015427766367793083, 0.0084140719845891, 0.15985791385173798]","[0.8177286982536316, 0.015269739553332329, 0.0082400506362319, 0.15876156091690063]"
model\Dataset_Flood\non_flood\images (19)1.jpg,non_flood,3,non_flood,3,0.5627936124801636,medium,0.24544167518615723,non_flood,3,0.5620284080505371,medium,0.24452516436576843,True,True,True,0.999999463558197,0.0015304461121559143,0.0009144925279542804,0.0007652044296264648,5.967449396848679e-07,"[0.057732004672288895, 0.31735193729400635, 0.062122371047735214, 0.5627936124801636]","[0.0581793412566185, 0.3175032436847687, 0.06228896975517273, 0.5620284080505371]"
model\Dataset_Flood\non_flood\images (2).jpg,non_flood,3,non_flood,3,0.6234791874885559,low,0.27075695991516113,non_flood,3,0.6232625246047974,low,0.27038246393203735,True,True,True,0.9999998807907104,0.00043326010927557945,0.000273553334409371,0.00021666288375854492,1.0841175956954885e-08,"[0.3527222275733948, 0.016918368637561798, 0.0068802726455032825, 0.6234791874885559]","[0.35288006067276, 0.016972757875919342, 0.006884647533297539, 0.6232625246047974]"
model\Dataset_Flood\non_flood\images (2)1.jpg,non_flood,3,non_flood,3,0.9443797469139099,high,0.9053674377501011,non_flood,3,0.9437950253486633,high,0.9043157063424587,True,True,True,0.9999998211860657,0.0011692922562360764,0.0007535244221799076,0.000584721565246582,9.004289154290746e-07,"[0.01209403295069933, 0.004513976629823446, 0.03901230916380882, 0.9443797469139099]","[0.012131703086197376, 0.004593867342919111, 0.039479319006204605, 0.9437950253486633]"
model\Dataset_Flood\non_flood\images (20).jpg,non_flood,3,non_flood,3,0.961931049823761,low,0.9451123513281345,non_flood,3,0.9618514776229858,low,0.9450251720845699,True,True,True,1.0,0.0001591043546795845,9.550369577482343e-05,7.957220077514648e-05,3.487729927087457e-08,"[0.01681869849562645, 0.01073545590043068, 0.010514789260923862, 0.961931049823761]","[0.01682630553841591, 0.010762911289930344, 0.010559258982539177, 0.9618514776229858]"
model\Dataset_Flood\non_flood\images (20)1.jpg,non_flood,3,non_flood,3,0.9491954445838928,low,0.9187589790672064,non_flood,3,0.9497393369674683,low,0.919700251892209,True,True,True,0.9999998807907104,0.001087840530090034,0.0006881702574901283,0.0005438923835754395,7.955823662086914e-07,"[0.03043646551668644, 0.019876258447766304, 0.0004918749327771366, 0.9491954445838928]","[0.03003908507525921, 0.019735494628548622, 0.00048607101780362427, 0.9497393369674683]"
model\Dataset_Flood\non_flood\images (21).jpg,non_flood,3,non_flood,3,0.8255162239074707,low,0.6908684372901917,non_flood,3,0.8264612555503845,low,0.6927816420793533,True,True,True,0.9999991655349731,0.0019363639876246452,0.001353067229501903,0.0009681731462478638,9.733920478538494e-07,"[0.13464778661727905, 0.029834650456905365, 0.010001310147345066, 0.8255162239074707]","[0.1336796134710312, 0.029852498322725296, 0.010006621479988098, 0.8264612555503845]"
model\Dataset_Flood\non_flood\images (21)1.jpg,non_flood,3,non_flood,3,0.9811382293701172,low,0.971247123554349,non_flood,3,0.9811387658119202,low,0.9712258633226156,True,True,True,1.0000001192092896,5.638995207846165e-05,3.6107911000726745e-05,2.8174370527267456e-05,2.6279989739919074e-08,"[0.009891105815768242, 0.005269051995128393, 0.003701562061905861, 0.9811382293701172]","[0.009912902489304543, 0.005240877624601126, 0.003707444528117776, 0.9811387658119202]"
model\Dataset_Flood\non_flood\images (22).jpg,non_flood,3,non_flood,3,0.7674818634986877,low,0.6345274597406387,non_flood,3,0.7663201689720154,low,0.6326829493045807,True,True,True,0.9999992251396179,0.0023233219981193542,0.0013919973280280828,0.0011616945266723633,9.668583516031504e-07,"[0.132954403758049, 0.04867880791425705, 0.05088496953248978, 0.7674818634986877]","[0.1336372196674347, 0.04885798692703247, 0.051184602081775665, 0.7663201689720154]"
model\Dataset_Flood\non_flood\images (22)1.jpg,non_flood,3,non_flood,3,0.9351609349250793,low,0.9067804273217916,non_flood,3,0.9354920983314514,low,0.9073036797344685,True,True,True,0.9999999403953552,0.0006622718647122383,0.0003952666593249887,0.0003311634063720703,2.400483936071396e-07,"[0.028380507603287697, 0.009047269821166992, 0.02741125226020813, 0.9351609349250793]","[0.028188418596982956, 0.008976154960691929, 0.027343347668647766, 0.9354920983314514]"
model\Dataset_Flood\non_flood\images (23).jpg,non_flood,3,non_flood,3,0.7456480860710144,low,0.6301924884319305,non_flood,3,0.7449564933776855,low,0.6289886832237244,True,True,True,0.999999463558197,0.0015101246535778046,0.0008964681765064597,0.0006915926933288574,4.934699973091483e-07,"[0.11545559763908386, 0.0471184179186821, 0.09177794307470322, 0.7456480860710144]","[0.11596781015396118, 0.047361236065626144, 0.09171444177627563, 0.7449564933776855]"
model\Dataset_Flood\non_flood\images (23)1.jpg,non_flood,3,non_flood,3,0.9670336842536926,low,0.9408277459442616,non_flood,3,0.9672185182571411,low,0.9411504119634628,True,True,True,1.0,0.00036962609738111496,0.00023307412629947066,0.00018483400344848633,1.1249721865169704e-07,"[0.026205938309431076, 0.005266430322080851, 0.0014939242973923683, 0.9670336842536926]","[0.026068106293678284, 0.005237489007413387, 0.0014759055338799953, 0.9672185182571411]"
model\Dataset_Flood\non_flood\images (24).jpg,non_flood,3,non_flood,3,0.9037977457046509,low,0.861142735928297,non_flood,3,0.9037886261940002,low,0.8609398826956749,True,True,True,1.0,0.00038739852607250214,0.0002630879753269255,0.00019373372197151184,2.7353686959941115e-07,"[0.042655009776353836, 0.02375885285437107, 0.029788387939333916, 0.9037977457046509]","[0.04284874349832535, 0.023751934990286827, 0.029610760509967804, 0.9037886261940002]"
model\Dataset_Flood\non_flood\images (24)1.jpg,non_flood,3,non_flood,3,0.9745616912841797,low,0.9498303923755884,non_flood,3,0.9745157361030579,low,0.9497408345341682,True,True,True,1.0,9.196190512739122e-05,6.337169907055795e-05,4.595518112182617e-05,1.0907569958362728e-08,"[0.02473129890859127, 0.0003605796955525875, 0.0003463536559138447, 0.9745616912841797]","[0.024774901568889618, 0.00036185866338200867, 0.0003474787517916411, 0.9745157361030579]"
model\Dataset_Flood\non_flood\images (25).jpg,non_flood,3,non_flood,3,0.6923289895057678,low,0.4343623220920563,non_flood,3,0.6916343569755554,low,0.4326876401901245,True,True,True,0.9999986886978149,0.001972622238099575,0.0012361726257950068,0.0009800493717193604,7.607595762237906e-07,"[0.25796666741371155, 0.047784123569726944, 0.001920263166539371, 0.6923289895057678]","[0.2589467167854309, 0.04749245196580887, 0.001926531782373786, 0.6916343569755554]"
model\Dataset_Flood\non_flood\images (25)1.jpg,non_flood,3,non_flood,3,0.8430813550949097,low,0.7353258952498436,non_flood,3,0.8414163589477539,low,0.7321761846542358,True,True,True,0.9999980330467224,0.0033400394022464752,0.002238516230136156,0.0016649961471557617,3.0931842047721148e-06,"[0.10775545984506607, 0.029193781316280365, 0.01996946893632412, 0.8430813550949097]","[0.10924017429351807, 0.029379092156887054, 0.01996445097029209, 0.8414163589477539]"
model\Dataset_Flood\non_flood\images (26).jpg,non_flood,3,non_flood,3,0.8955473303794861,low,0.8142478838562965,non_flood,3,0.894262969493866,low,0.8120640516281128,True,True,True,0.9999992847442627,0.002568749012425542,0.0016109691932797432,0.0012843608856201172,2.321409056094126e-06,"[0.08129944652318954, 0.01988353207707405, 0.003269689390435815, 0.8955473303794861]","[0.08219891786575317, 0.020252780988812447, 0.0032853572629392147, 0.894262969493866]"
model\Dataset_Flood\non_flood\images (26)1.jpg,non_flood,3,non_flood,3,0.9886461496353149,low,0.9842851012945175,non_flood,3,0.9885497689247131,low,0.984158587642014,True,True,True,0.9999999403953552,0.00019275234080851078,0.00011134021042380482,9.638071060180664e-05,7.663584256079048e-08,"[0.004361048340797424, 0.0037452587857842445, 0.0032475744374096394, 0.9886461496353149]","[0.004391181282699108, 0.0037767011672258377, 0.0032823707442730665, 0.9885497689247131]"
model\Dataset_Flood\non_flood\images (27).jpg,non_flood,3,non_flood,3,0.9777514934539795,low,0.9602570664137602,non_flood,3,0.9776740074157715,low,0.9601304456591606,True,True,True,1.0,0.00015496235573664308,9.506772767053917e-05,7.748603820800781e-05,3.980858309660107e-08,"[0.017494427040219307, 0.004064378794282675, 0.0006897037383168936, 0.9777514934539795]","[0.01754356175661087, 0.0040889885276556015, 0.0006934356060810387, 0.9776740074157715]"
model\Dataset_Flood\non_flood\images (27)1.jpg,non_flood,3,non_flood,3,0.7277283072471619,low,0.49292702972888947,non_flood,3,0.7257093191146851,low,0.4886559695005417,True,True,True,0.9999935030937195,0.004520020447671413,0.003034187015146017,0.0022520720958709717,3.631168283391162e-06,"[0.2348012775182724, 0.0346640981733799, 0.0028063126374036074, 0.7277283072471619]","[0.23705334961414337, 0.034423086792230606, 0.002814261242747307, 0.7257093191146851]"
model\Dataset_Flood\non_flood\images (28).jpg,non_flood,3,non_flood,3,0.945466935634613,high,0.9136593900620937,non_flood,3,0.9454439878463745,high,0.9136934727430344,True,True,True,1.0,0.00015987642109394073,8.510520274285227e-05,5.703046917915344e-05,4.923276364365847e-08,"[0.00568020436912775, 0.017045309767127037, 0.0318075455725193, 0.945466935634613]","[0.005708492361009121, 0.01709691993892193, 0.03175051510334015, 0.9454439878463745]"
model\Dataset_Flood\non_flood\images (28)1.jpg,non_flood,3,non_flood,3,0.8780875205993652,low,0.8177311196923256,non_flood,3,0.8773964047431946,low,0.8167710267007351,True,True,True,0.9999999403953552,0.001382259652018547,0.0008152603986673057,0.0006911158561706543,5.808251444250345e-07,"[0.06035640090703964, 0.044917576014995575, 0.016638463363051414, 0.8780875205993652]","[0.06062537804245949, 0.04524167999625206, 0.016736526042222977, 0.8773964047431946]"
model\Dataset_Flood\non_flood\images (29).jpg,non_flood,3,non_flood,3,0.9573719501495361,low,0.9323812089860439,non_flood,3,0.9572727680206299,low,0.9322902951389551,True,True,True,1.0,0.0002149464562535286,0.0001299719006055966,9.918212890625e-05,1.0354779078625143e-07,"[0.024990741163492203, 0.008499213494360447, 0.0091380774974823, 0.9573719501495361]","[0.024982472881674767, 0.008577553555369377, 0.009167233482003212, 0.9572727680206299]"
model\Dataset_Flood\non_flood\images (3).jpg,non_flood,3,non_flood,3,0.9197189211845398,low,0.8432405814528465,non_flood,3,0.9193048477172852,low,0.8424312472343445,True,True,True,0.9999999403953552,0.0008282167837023735,0.000572685559745878,0.00041407346725463867,2.637171121477877e-07,"[0.07647833973169327, 0.0033565578050911427, 0.00044616946252062917, 0.9197189211845398]","[0.07687360048294067, 0.0033731607254594564, 0.00044844907824881375, 0.9193048477172852]"
model\Dataset_Flood\non_flood\images (3)1.jpg,non_flood,3,non_flood,3,0.8949792981147766,low,0.8431590683758259,non_flood,3,0.8952837586402893,low,0.8436494022607803,True,True,True,0.9999999403953552,0.0006088316440582275,0.00036702401121146977,0.0003044605255126953,1.3858517888820643e-07,"[0.05182022973895073, 0.04280996322631836, 0.010390489362180233, 0.8949792981147766]","[0.05163435637950897, 0.04273587092757225, 0.010346083901822567, 0.8952837586402893]"
model\Dataset_Flood\non_flood\images (30).jpg,non_flood,3,non_flood,3,0.488748699426651,low,0.05865398049354553,non_flood,3,0.4868628978729248,low,0.05487626791000366,True,True,True,0.9999917149543762,0.003999259322881699,0.002675842959433794,0.0018919110298156738,2.06942786462605e-06,"[0.43009471893310547, 0.01818353496491909, 0.06297307461500168, 0.488748699426651]","[0.43198662996292114, 0.018291236832737923, 0.06285922974348068, 0.4868628978729248]"
model\Dataset_Flood\non_flood\images (31).jpg,non_flood,3,non_flood,3,0.9887211918830872,low,0.9830605802126229,non_flood,3,0.9885333776473999,low,0.9827891965396702,True,True,True,1.0000001192092896,0.0003756447695195675,0.0002189831720897928,0.00018781423568725586,3.6863639252260327e-07,"[0.005660611670464277, 0.00322142755612731, 0.002396748634055257, 0.9887211918830872]","[0.005744181107729673, 0.0032849686685949564, 0.0024374686181545258, 0.9885333776473999]"
model\Dataset_Flood\non_flood\images (32).jpg,non_flood,3,low,0,0.8317751288414001,non_flood,0.7020195722579956,low,0,0.8319166302680969,non_flood,0.7023121416568756,False,False,True,0.9999999403953552,0.0004489254206418991,0.0002347625559195876,0.00015106797218322754,1.1369775876346466e-07,"[0.8317751288414001, 0.014043617062270641, 0.024425668641924858, 0.12975555658340454]","[0.8319166302680969, 0.01412657368928194, 0.024352269247174263, 0.1296044886112213]"
model\Dataset_Flood\non_flood\images (33).jpg,non_flood,3,non_flood,3,0.9169573187828064,low,0.8631795719265938,non_flood,3,0.9164481163024902,low,0.862225241959095,True,True,True,0.9999999403953552,0.0010278313420712948,0.0006798412650823593,0.0005092024803161621,5.191541845306347e-07,"[0.053777746856212616, 0.026308247819542885, 0.0029566213488578796, 0.9169573187828064]","[0.05422287434339523, 0.02637707069516182, 0.0029519428499042988, 0.9164481163024902]"
model\Dataset_Flood\non_flood\images (34).jpg,non_flood,3,non_flood,3,0.6095924973487854,low,0.3572176992893219,non_flood,3,0.6090742349624634,low,0.3566284775733948,True,True,True,0.9999995231628418,0.0011476799845695496,0.0007277537952177227,0.0005182623863220215,2.890737960115075e-07,"[0.2523747980594635, 0.12709088623523712, 0.010941796936094761, 0.6095924973487854]","[0.2524457573890686, 0.1275937855243683, 0.0108862379565835, 0.6090742349624634]"
model\Dataset_Flood\non_flood\images (35).jpg,non_flood,3,non_flood,3,0.839485228061676,medium,0.7233693450689316,non_flood,3,0.8384311199188232,medium,0.7217260897159576,True,True,True,0.9999995231628418,0.0021081846207380295,0.0012903803726658225,0.0010541081428527832,1.6309203374476056e-06,"[0.0202765092253685, 0.11611588299274445, 0.02412238158285618, 0.839485228061676]","[0.02028675377368927, 0.1167050302028656, 0.0245770663022995, 0.8384311199188232]"
model\Dataset_Flood\non_flood\images (36).jpg,non_flood,3,non_flood,3,0.9920650124549866,medium,0.988788372837007,non_flood,3,0.9920237064361572,medium,0.9887202407699078,True,True,True,1.0,8.254463318735361e-05,5.03866103827022e-05,4.13060188293457e-05,3.328386810608208e-08,"[0.002707236912101507, 0.0032766396179795265, 0.0019511057762429118, 0.9920650124549866]","[0.0027165792416781187, 0.0033034656662493944, 0.0019561760127544403, 0.9920237064361572]"
model\Dataset_Flood\non_flood\images (37).jpg,non_flood,3,non_flood,3,0.9932742118835449,low,0.9908947604708374,non_flood,3,0.9932819604873657,low,0.990913723828271,True,True,True,1.0000001192092896,4.0036626160144806e-05,2.0349922124296427e-05,1.2306729331612587e-05,,"[0.002379451412707567, 0.002148497151210904, 0.0021977804135531187, 0.9932742118835449]","[0.0023682366590946913, 0.0021397306118160486, 0.0022100871428847313, 0.9932819604873657]"
model\Dataset_Flood\non_flood\images (38).jpg,non_flood,3,non_flood,3,0.9436008930206299,low,0.9193535447120667,non_flood,3,0.9433758854866028,low,0.9188832212239504,True,True,True,0.9999999403953552,0.0005451580509543419,0.0003373625222593546,0.00024531595408916473,3.4671032267397095e-07,"[0.024247348308563232, 0.021268054842948914, 0.01088365726172924, 0.9436008930206299]","[0.024492664262652397, 0.021295346319675446, 0.010836114175617695, 0.9433758854866028]"
model\Dataset_Flood\non_flood\images (39).jpg,non_flood,3,non_flood,3,0.9493420720100403,high,0.907827366143465,non_flood,3,0.9489787817001343,high,0.9070811718702316,True,True,True,1.0,0.0007657469250261784,0.0005280203185975552,0.00038290396332740784,4.921166691929102e-07,"[0.004606954753398895, 0.004536178894340992, 0.04151470586657524, 0.9493420720100403]","[0.004594097379595041, 0.004529483616352081, 0.04189760982990265, 0.9489787817001343]"
model\Dataset_Flood\non_flood\images (4).jpg,non_flood,3,non_flood,3,0.9356808662414551,low,0.895441398024559,non_flood,3,0.9353950619697571,low,0.8949300535023212,True,True,True,0.9999999403953552,0.0005927407182753086,0.00037104717921465635,0.00028580427169799805,2.6655473561731924e-07,"[0.04023946821689606, 0.004891242366284132, 0.01918850839138031, 0.9356808662414551]","[0.04046500846743584, 0.004962030798196793, 0.01917790062725544, 0.9353950619697571]"
model\Dataset_Flood\non_flood\images (4)1.jpg,non_flood,3,non_flood,3,0.8094630241394043,low,0.7132495567202568,non_flood,3,0.8077625036239624,low,0.7107047140598297,True,True,True,0.9999985098838806,0.0034010098315775394,0.002066556829959154,0.0017005205154418945,2.3063910248311004e-06,"[0.09621346741914749, 0.0045728860422968864, 0.08975058794021606, 0.8094630241394043]","[0.09705778956413269, 0.00461399694904685, 0.09056564420461655, 0.8077625036239624]"
model\Dataset_Flood\non_flood\images (40).jpg,non_flood,3,non_flood,3,0.8663212060928345,low,0.7744218334555626,non_flood,3,0.8659191131591797,low,0.7736335471272469,True,True,True,0.9999999403953552,0.0009029144421219826,0.0005634878179989755,0.00040209293365478516,2.7307396521791816e-07,"[0.09189937263727188, 0.012962531298398972, 0.02881699800491333, 0.8663212060928345]","[0.09228556603193283, 0.013027739711105824, 0.028767578303813934, 0.8659191131591797]"
model\Dataset_Flood\non_flood\images (41).jpg,non_flood,3,non_flood,3,0.721263587474823,high,0.5687553435564041,non_flood,3,0.7200738191604614,high,0.5676946043968201,True,True,True,0.9999990463256836,0.0026376433670520782,0.0015179734909906983,0.0011897683143615723,2.1163723431527615e-06,"[0.04852605238556862, 0.07770207524299622, 0.15250824391841888, 0.721263587474823]","[0.04921989142894745, 0.07832708209753036, 0.15237921476364136, 0.7200738191604614]"
model\Dataset_Flood\non_flood\images (42).jpg,non_flood,3,non_flood,3,0.8320146799087524,low,0.6821449995040894,non_flood,3,0.8322889804840088,low,0.6825447827577591,True,True,True,1.0,0.0005485266447067261,0.0003313712659291923,0.00027430057525634766,1.9666914852223272e-07,"[0.14986968040466309, 0.004157504998147488, 0.013958167284727097, 0.8320146799087524]","[0.1497441977262497, 0.0041454145684838295, 0.013821514323353767, 0.8322889804840088]"
model\Dataset_Flood\non_flood\images (43).jpg,non_flood,3,non_flood,3,0.9733678698539734,medium,0.9613547017797828,non_flood,3,0.9732115864753723,medium,0.9610715853050351,True,True,True,0.9999998807907104,0.0003264280967414379,0.00020465267880354077,0.00015628337860107422,2.1073719835840166e-07,"[0.010578015819191933, 0.012013168074190617, 0.004040950909256935, 0.9733678698539734]","[0.010571084916591644, 0.0121400011703372, 0.004077331628650427, 0.9732115864753723]"
model\Dataset_Flood\non_flood\images (44).jpg,non_flood,3,non_flood,3,0.9786301255226135,low,0.9668723875656724,non_flood,3,0.978861927986145,low,0.9672518530860543,True,True,True,1.0,0.0004636491648852825,0.0002812579623423517,0.00023180246353149414,3.21008002401868e-07,"[0.011757737956941128, 0.0025430202949792147, 0.00706915557384491, 0.9786301255226135]","[0.011610074900090694, 0.0025045231450349092, 0.00702346907928586, 0.978861927986145]"
model\Dataset_Flood\non_flood\images (45).jpg,non_flood,3,non_flood,3,0.7281355857849121,medium,0.5556877255439758,non_flood,3,0.7285556793212891,medium,0.5565843135118484,True,True,True,0.9999995827674866,0.0010680817067623138,0.0006479374715127051,0.0004764944314956665,2.3446771990620618e-07,"[0.05631861835718155, 0.17244786024093628, 0.04309796914458275, 0.7281355857849121]","[0.0562610886991024, 0.1719713658094406, 0.043211933225393295, 0.7285556793212891]"
model\Dataset_Flood\non_flood\images (46).jpg,non_flood,3,non_flood,3,0.9970974922180176,low,0.9954795201774687,non_flood,3,0.9971202611923218,low,0.9955024142982438,True,True,True,1.0000001192092896,4.5500200940296054e-05,2.8730744816130027e-05,2.276897430419922e-05,5.171159500605427e-08,"[0.0016179720405489206, 0.00045598013093695045, 0.0008286464726552367, 0.9970974922180176]","[0.0016178468940779567, 0.00044975135824643075, 0.0008122691651806235, 0.9971202611923218]"
model\Dataset_Flood\non_flood\images (47).jpg,non_flood,3,non_flood,3,0.9781501889228821,low,0.9662401918321848,non_flood,3,0.9779467582702637,low,0.9659345680847764,True,True,True,0.9999999403953552,0.0004069425631314516,0.00024102606403175741,0.0002034306526184082,2.1286177798174322e-07,"[0.011909997090697289, 0.007241228595376015, 0.002698615426197648, 0.9781501889228821]","[0.01201219018548727, 0.007315692957490683, 0.0027254698798060417, 0.9779467582702637]"
model\Dataset_Flood\non_flood\images (48).jpg,non_flood,3,low,0,0.7411898374557495,non_flood,0.4887247383594513,low,0,0.744225263595581,non_flood,0.4947194755077362,False,False,True,0.9999883770942688,0.006070781499147415,0.004239609465003014,0.003035426139831543,6.036367722117575e-06,"[0.7411898374557495, 0.004460026975721121, 0.0018850124906748533, 0.2524650990962982]","[0.744225263595581, 0.004416334442794323, 0.00185266078915447, 0.24950578808784485]"
model\Dataset_Flood\non_flood\images (49).jpg,non_flood,3,non_flood,3,0.773076593875885,low,0.573833093047142,non_flood,3,0.7718115448951721,low,0.571543961763382,True,True,True,0.9999986886978149,0.002530154772102833,0.0016368182841688395,0.0012650489807128906,1.201871782541275e-06,"[0.19924350082874298, 0.012767174281179905, 0.014912642538547516, 0.773076593875885]","[0.20026758313179016, 0.012910430319607258, 0.015010409988462925, 0.7718115448951721]"
model\Dataset_Flood\non_flood\images (5).jpg,non_flood,3,non_flood,3,0.8349798917770386,low,0.7015877664089203,non_flood,3,0.8350333571434021,low,0.7016558349132538,True,True,True,1.0,0.00010686833411455154,6.20088103460148e-05,5.346536636352539e-05,3.658806235762313e-08,"[0.1333921253681183, 0.013197440654039383, 0.01843053102493286, 0.8349798917770386]","[0.13337752223014832, 0.013174832798540592, 0.018414339050650597, 0.8350333571434021]"
model\Dataset_Flood\non_flood\images (5)1.jpg,non_flood,3,non_flood,3,0.8232642412185669,low,0.7450575083494186,non_flood,3,0.8212576508522034,low,0.7423164620995522,True,True,True,0.9999984502792358,0.004013141617178917,0.0023432965390384197,0.0020065903663635254,3.4861150197684765e-06,"[0.07820673286914825, 0.029489150270819664, 0.06903991848230362, 0.8232642412185669]","[0.07894118875265121, 0.02988426759839058, 0.06991689652204514, 0.8212576508522034]"
model\Dataset_Flood\non_flood\images (50).jpg,non_flood,3,non_flood,3,0.9386178851127625,medium,0.8940300680696964,non_flood,3,0.9387168288230896,medium,0.8942582160234451,True,True,True,1.0000001192092896,0.00025847041979432106,0.00016540296201128513,0.00012920424342155457,5.685069837113588e-08,"[0.0034765328746289015, 0.044587817043066025, 0.013317784294486046, 0.9386178851127625]","[0.0034772923681885004, 0.04445861279964447, 0.013347347266972065, 0.9387168288230896]"
model\Dataset_Flood\non_flood\images (51).jpg,non_flood,3,non_flood,3,0.9896206855773926,low,0.982685380615294,non_flood,3,0.9895628094673157,low,0.982590691652149,True,True,True,1.0,0.00011577244731597602,7.118244684534147e-05,5.78761100769043e-05,1.1436895874794573e-08,"[0.0069353049620985985, 0.0004717624105978757, 0.0029721949249505997, 0.9896206855773926]","[0.006972117815166712, 0.00047394190914928913, 0.0029910989105701447, 0.9895628094673157]"
model\Dataset_Flood\non_flood\images (52).jpg,non_flood,3,non_flood,3,0.9678444862365723,low,0.9502339530736208,non_flood,3,0.9676738977432251,low,0.9499531798064709,True,True,True,0.9999999403953552,0.00034120725467801094,0.0002101682184729725,0.00017058849334716797,1.3348108041100204e-07,"[0.01761053316295147, 0.00815045926719904, 0.006394456140697002, 0.9678444862365723]","[0.017720717936754227, 0.008204164914786816, 0.006401184480637312, 0.9676738977432251]"
model\Dataset_Flood\non_flood\images (53).jpg,non_flood,3,non_flood,3,0.9184514880180359,low,0.8712445944547653,non_flood,3,0.9184771776199341,low,0.8713890761137009,True,True,True,1.0,0.00023760367184877396,0.00014620201545767486,0.00011879205703735352,1.0326084520784207e-07,"[0.04720689356327057, 0.010351674631237984, 0.023989951238036156, 0.9184514880180359]","[0.047088101506233215, 0.010364563204348087, 0.02407018467783928, 0.9184771776199341]"
model\Dataset_Flood\non_flood\images (54).jpg,non_flood,3,non_flood,3,0.9062304496765137,low,0.8657938204705715,non_flood,3,0.9071434140205383,low,0.8670039735734463,True,True,True,0.9999997019767761,0.001825885847210884,0.0010699210688471794,0.0009129643440246582,1.2641539797186852e-06,"[0.040436629205942154, 0.01778239570558071, 0.035550557076931, 0.9062304496765137]","[0.040139440447092056, 0.017603646963834763, 0.03511357307434082, 0.9071434140205383]"
model\Dataset_Flood\non_flood\images (55).jpg,non_flood,3,non_flood,3,0.9730044603347778,low,0.9539503697305918,non_flood,3,0.9731175303459167,low,0.9541496392339468,True,True,True,1.0,0.00022614281624555588,0.0001436650927644223,0.00011307001113891602,6.395384843926877e-08,"[0.019054090604186058, 0.004454249981790781, 0.003487169975414872, 0.9730044603347778]","[0.018967891111969948, 0.004435183480381966, 0.003479363163933158, 0.9731175303459167]"
model\Dataset_Flood\non_flood\images (56).jpg,non_flood,3,non_flood,3,0.9833033680915833,medium,0.9738750020042062,non_flood,3,0.9835716485977173,medium,0.9743317868560553,True,True,True,1.0,0.0005364380776882172,0.00033521809382364154,0.0002682805061340332,6.184200174175203e-07,"[0.004696115385740995, 0.009428366087377071, 0.002572109457105398, 0.9833033680915833]","[0.004627215210348368, 0.009239861741662025, 0.002561356406658888, 0.9835716485977173]"
model\Dataset_Flood\non_flood\images (57).jpg,non_flood,3,non_flood,3,0.9539002180099487,high,0.9346357826143503,non_flood,3,0.9533790946006775,high,0.9339163396507502,True,True,True,0.9999999403953552,0.0010422468185424805,0.0006027016788721085,0.0005211234092712402,8.009083103388548e-07,"[0.01448928751051426, 0.012346050702035427, 0.01926443539559841, 0.9539002180099487]","[0.014661823399364948, 0.01249631866812706, 0.01946275494992733, 0.9533790946006775]"
model\Dataset_Flood\non_flood\images (58).jpg,non_flood,3,non_flood,3,0.9411099553108215,low,0.9027725085616112,non_flood,3,0.940592885017395,low,0.9018510803580284,True,True,True,0.9999998807907104,0.0010340819135308266,0.0006628205883316696,0.0005170702934265137,6.250193109735847e-07,"[0.03833744674921036, 0.012133948504924774, 0.008418687619268894, 0.9411099553108215]","[0.03874180465936661, 0.01222282275557518, 0.008442467078566551, 0.940592885017395]"
model\Dataset_Flood\non_flood\images (59).jpg,non_flood,3,non_flood,3,0.8038939833641052,low,0.6591641902923584,non_flood,3,0.8039376139640808,low,0.6591394543647766,True,True,True,1.0,0.0002778768539428711,0.00016313033120241016,0.00013895705342292786,5.727087781792761e-08,"[0.14472979307174683, 0.03406935930252075, 0.017306849360466003, 0.8038939833641052]","[0.1447981595993042, 0.033930402249097824, 0.017333772033452988, 0.8039376139640808]"
model\Dataset_Flood\non_flood\images (6).jpg,non_flood,3,non_flood,3,0.9424850344657898,low,0.908090602606535,non_flood,3,0.9424294829368591,low,0.9080844633281231,True,True,True,0.9999999403953552,0.00020999368280172348,0.00010527046106290072,5.691312253475189e-05,3.814693272374825e-08,"[0.03439443185925484, 0.011707942001521587, 0.01141254510730505, 0.9424850344657898]","[0.03434501960873604, 0.011756058782339096, 0.011469458229839802, 0.9424294829368591]"
model\Dataset_Flood\non_flood\images (6)1.jpg,non_flood,3,non_flood,3,0.9632498621940613,low,0.9346874672919512,non_flood,3,0.9632149338722229,low,0.9346158262342215,True,True,True,1.0,0.00012508127838373184,6.322468834696338e-05,3.671273589134216e-05,8.168080256609755e-08,"[0.0285623949021101, 0.005018771626055241, 0.0031689477618783712, 0.9632498621940613]","[0.028599107638001442, 0.004991151392459869, 0.0031947677489370108, 0.9632149338722229]"
model\Dataset_Flood\non_flood\images (60).jpg,non_flood,3,non_flood,3,0.9946236610412598,low,0.9918837638106197,non_flood,3,0.9945532083511353,low,0.991783723467961,True,True,True,1.0,0.00014091498451307416,8.433276525465772e-05,7.045269012451172e-05,1.1982048420122737e-07,"[0.0027398972306400537, 0.00047868717228993773, 0.002157784067094326, 0.9946236610412598]","[0.0027694848831743, 0.00048433197662234306, 0.0021930139046162367, 0.9945532083511353]"
model\Dataset_Flood\non_flood\images (61).jpg,non_flood,3,non_flood,3,0.9658574461936951,high,0.9405438769608736,non_flood,3,0.9656157493591309,high,0.9401092920452356,True,True,True,1.0,0.000483496580272913,0.0003115640429314226,0.00024169683456420898,2.2540187671893364e-07,"[0.0073089031502604485, 0.001520011224783957, 0.025313569232821465, 0.9658574461936951]","[0.007344601675868034, 0.001533224363811314, 0.025506457313895226, 0.9656157493591309]"
model\Dataset_Flood\non_flood\images (62).jpg,non_flood,3,non_flood,3,0.9389150738716125,medium,0.912165904417634,non_flood,3,0.9389728903770447,medium,0.9122543130069971,True,True,True,1.0000001192092896,0.00018214434385299683,9.509102528681979e-05,6.0478225350379944e-05,4.355570482061921e-08,"[0.020407546311616898, 0.02674916945397854, 0.013928210362792015, 0.9389150738716125]","[0.020440803840756416, 0.02671857737004757, 0.013867732137441635, 0.9389728903770447]"
model\Dataset_Flood\non_flood\images (63).jpg,non_flood,3,non_flood,3,0.9836583733558655,low,0.971586536616087,non_flood,3,0.9838691353797913,low,0.971973579376936,True,True,True,1.0,0.0004214005311951041,0.0002762592339422554,0.00021076202392578125,3.943205513223802e-07,"[0.012071836739778519, 0.0032476158812642097, 0.0010221246629953384, 0.9836583733558655]","[0.011895556002855301, 0.003219634061679244, 0.001015748712234199, 0.9838691353797913]"
model\Dataset_Flood\non_flood\images (64).jpg,non_flood,3,non_flood,3,0.9620487093925476,low,0.9399853423237801,non_flood,3,0.9623927474021912,low,0.940562691539526,True,True,True,0.9999999403953552,0.0006880383007228374,0.0004235406522639096,0.0003440380096435547,4.5150952132644306e-07,"[0.022063367068767548, 0.010015062987804413, 0.005872773006558418, 0.9620487093925476]","[0.021830055862665176, 0.00994448084384203, 0.00583266606554389, 0.9623927474021912]"
model\Dataset_Flood\non_flood\images (65).jpg,non_flood,3,non_flood,3,0.9937900900840759,medium,0.9900252188090235,non_flood,3,0.9938461184501648,medium,0.9901458562817425,True,True,True,1.0,0.0001291801454499364,8.582220470998436e-05,6.46091066300869e-05,1.463795342715457e-07,"[0.0014216004638001323, 0.0037648712750524282, 0.0010234967339783907, 0.9937900900840759]","[0.00142309267539531, 0.0037002621684223413, 0.0010305471951141953, 0.9938461184501648]"
model\Dataset_Flood\non_flood\images (66).jpg,non_flood,3,non_flood,3,0.9683045148849487,low,0.9509756397455931,non_flood,3,0.9683220982551575,low,0.9510286673903465,True,True,True,0.9999999403953552,7.095630280673504e-05,4.221550625516102e-05,3.544427454471588e-05,,"[0.01732887513935566, 0.011097495444118977, 0.003269095439463854, 0.9683045148849487]","[0.017293430864810944, 0.011111749336123466, 0.003272770205512643, 0.9683220982551575]"
model\Dataset_Flood\non_flood\images (67).jpg,non_flood,3,non_flood,3,0.9540309309959412,low,0.9107778966426849,non_flood,3,0.9543842673301697,low,0.9114744029939175,True,True,True,0.9999999403953552,0.0007068772101774812,0.0004926639958284795,0.0003533363342285156,3.655223110854422e-07,"[0.043253034353256226, 0.002363336505368352, 0.0003527062654029578, 0.9540309309959412]","[0.04290986433625221, 0.0023530602920800447, 0.00035280088195577264, 0.9543842673301697]"
model\Dataset_Flood\non_flood\images (68).jpg,non_flood,3,non_flood,3,0.9720099568367004,low,0.9536616541445255,non_flood,3,0.971768856048584,low,0.9532985407859087,True,True,True,0.9999999403953552,0.00048229051753878593,0.000283090106677264,0.00024110078811645508,2.645465428940952e-07,"[0.01834830269217491, 0.003941711504012346, 0.005700055044144392, 0.9720099568367004]","[0.018470315262675285, 0.00399800157174468, 0.005762942135334015, 0.971768856048584]"
model\Dataset_Flood\non_flood\images (69).jpg,non_flood,3,non_flood,3,0.9745545387268066,medium,0.9553193338215351,non_flood,3,0.9744442701339722,medium,0.9551363680511713,True,True,True,1.0,0.00022052577696740627,0.00013482368376571685,0.00011026859283447266,6.343544356468556e-08,"[0.002164345933124423, 0.01923520490527153, 0.004045869689434767, 0.9745545387268066]","[0.0021793837659060955, 0.019307902082800865, 0.004068391863256693, 0.9744442701339722]"
model\Dataset_Flood\non_flood\images (7).jpg,non_flood,3,non_flood,3,0.9948988556861877,low,0.9925303354393691,non_flood,3,0.9948326349258423,low,0.9924210037570447,True,True,True,1.0000001192092896,0.0001325142802670598,8.113958756439388e-05,6.622076034545898e-05,1.5235308126193559e-07,"[0.0023685202468186617, 0.002188293030485511, 0.0005443298723548651, 0.9948988556861877]","[0.002411631168797612, 0.0022058498580008745, 0.0005499556427821517, 0.9948326349258423]"
model\Dataset_Flood\non_flood\images (7)1.jpg,non_flood,3,non_flood,3,0.8985387682914734,low,0.8110150322318077,non_flood,3,0.8985102772712708,low,0.810918927192688,True,True,True,1.0000001192092896,0.00013538915663957596,8.319261542055756e-05,6.761401891708374e-05,2.5506778911221772e-08,"[0.08752373605966568, 0.001225071377120912, 0.012712442316114902, 0.8985387682914734]","[0.08759135007858276, 0.0012251430889591575, 0.012673229910433292, 0.8985102772712708]"
model\Dataset_Flood\non_flood\images (8).jpg,non_flood,3,non_flood,3,0.8207331299781799,low,0.6827439665794373,non_flood,3,0.8211548924446106,low,0.6835276484489441,True,True,True,0.9999998211860657,0.00087769515812397,0.0005613165558315814,0.00042176246643066406,1.7883576219901443e-07,"[0.13798916339874268, 0.024859944358468056, 0.016417764127254486, 0.8207331299781799]","[0.1376272439956665, 0.024783039465546608, 0.016434872522950172, 0.8211548924446106]"
model\Dataset_Flood\non_flood\images (8)1.jpg,non_flood,3,non_flood,3,0.6375923752784729,low,0.43847011029720306,non_flood,3,0.6338557004928589,low,0.4316680133342743,True,True,True,0.9999812245368958,0.00747331976890564,0.004857261665165424,0.0037366747856140137,8.949951734393835e-06,"[0.19912226498126984, 0.09485316276550293, 0.06843220442533493, 0.6375923752784729]","[0.2021876871585846, 0.09512485563755035, 0.06883173435926437, 0.6338557004928589]"
model\Dataset_Flood\non_flood\images (9).jpg,non_flood,3,low,0,0.804428219795227,non_flood,0.6588575541973114,low,0,0.8055093288421631,non_flood,0.6606865227222443,False,False,True,0.9999992847442627,0.00216218875721097,0.0013554241741076112,0.0010811090469360352,9.494542609900236e-07,"[0.804428219795227, 0.04887467622756958, 0.0011263700434938073, 0.14557066559791565]","[0.8055093288421631, 0.04854441061615944, 0.0011234153062105179, 0.14482280611991882]"
model\Dataset_Flood\non_flood\images (9)1.jpg,non_flood,3,non_flood,3,0.9759089350700378,low,0.9649680564180017,non_flood,3,0.9756773114204407,low,0.9646561471745372,True,True,True,1.0,0.0004632524214684963,0.00026950682513415813,0.00023162364959716797,3.126588126178831e-07,"[0.01094087865203619, 0.006794096902012825, 0.006356086116284132, 0.9759089350700378]","[0.011021164245903492, 0.006893073674291372, 0.006408452522009611, 0.9756773114204407]"
model\Dataset_Flood\non_flood\images - 2025-01-28T164453.238.jpg,non_flood,3,low,0,0.9266831874847412,non_flood,0.8956597764045,low,0,0.9274476170539856,non_flood,0.8967314343899488,False,False,True,0.9999998807907104,0.0015289057046175003,0.0009005773463286459,0.0007644295692443848,1.0993172736561974e-06,"[0.9266831874847412, 0.026392308995127678, 0.015901103615760803, 0.031023411080241203]","[0.9274476170539856, 0.026045871898531914, 0.015790292993187904, 0.03071618266403675]"
model\Dataset_Flood\non_flood\images - 2025-01-28T164753.512.jpg,non_flood,3,low,0,0.789058268070221,medium,0.6865121275186539,low,0,0.7894984483718872,medium,0.6869808882474899,False,False,True,0.9999998807907104,0.0008802786469459534,0.0005379147478379309,0.00044018030166625977,3.185014350037818e-07,"[0.789058268070221, 0.10254614055156708, 0.0340646356344223, 0.07433093339204788]","[0.7894984483718872, 0.10251756012439728, 0.033787801861763, 0.07419624924659729]"
model\Dataset_Flood\non_flood\images - 2025-01-28T164907.844.jpg,non_flood,3,low,0,0.5867937207221985,non_flood,0.32590991258621216,low,0,0.5850483775138855,non_flood,0.32206055521965027,False,False,True,0.9999918937683105,0.004208087921142578,0.0027491857763379812,0.0021040141582489014,2.867483999580145e-06,"[0.5867937207221985, 0.06729432195425034, 0.08502817153930664, 0.26088380813598633]","[0.5850483775138855, 0.06721639633178711, 0.08474736660718918, 0.26298782229423523]"
model\Dataset_Flood\non_flood\images - 2025-01-28T184427.744.jpg,non_flood,3,non_flood,3,0.8849125504493713,low,0.8166809529066086,non_flood,3,0.8846489191055298,low,0.8163762763142586,True,True,True,1.0,0.0005272775888442993,0.0003101311740465462,0.00026363134384155273,1.299413270317018e-07,"[0.06823159754276276, 0.02795041725039482, 0.01890544965863228, 0.8849125504493713]","[0.06827264279127121, 0.028051240369677544, 0.01902722753584385, 0.8846489191055298]"
model\Dataset_Flood\non_flood\images - 2025-01-28T184436.464.jpg,non_flood,3,non_flood,3,0.7918305993080139,low,0.655843049287796,non_flood,3,0.7904821038246155,low,0.653058797121048,True,True,True,0.9999978542327881,0.0029046889394521713,0.0019725351594388485,0.0014357566833496094,2.215907670688466e-06,"[0.1359875500202179, 0.041363559663295746, 0.03081830032169819, 0.7918305993080139]","[0.1374233067035675, 0.04138015955686569, 0.03071446344256401, 0.7904821038246155]"
model\Dataset_Flood\non_flood\images - 2025-01-28T184942.058.jpg,non_flood,3,low,0,0.9885269403457642,non_flood,0.9778637373819947,low,0,0.9885742664337158,non_flood,0.9779568407684565,False,False,True,1.0,9.455105464439839e-05,6.58554199617356e-05,4.7326087951660156e-05,2.5228473532479256e-08,"[0.9885269403457642, 0.0007183539564721286, 9.13986805244349e-05, 0.010663202963769436]","[0.9885742664337158, 0.0007170969620347023, 9.12080067791976e-05, 0.010617425665259361]"
model\Dataset_Flood\non_flood\images - 2025-01-28T185032.319.jpg,non_flood,3,low,0,0.686754584312439,non_flood,0.4958404004573822,low,0,0.6862896680831909,non_flood,0.4945927858352661,False,False,True,0.9999993443489075,0.0015654481248930097,0.000964220380410552,0.000782698392868042,5.694455467164516e-07,"[0.686754584312439, 0.1217799112200737, 0.0005513065261766315, 0.19091418385505676]","[0.6862896680831909, 0.12146217375993729, 0.0005512104835361242, 0.1916968822479248]"
model\Dataset_Flood\non_flood\images - 2025-01-28T185039.760.jpg,non_flood,3,non_flood,3,0.6912083625793457,low,0.42415323853492737,non_flood,3,0.6923756003379822,low,0.42625418305397034,True,True,True,0.9999985098838806,0.0023467610590159893,0.0015138433082029223,0.0011672377586364746,8.07660399004817e-07,"[0.26705512404441833, 0.041082367300987244, 0.0006541243055835366, 0.6912083625793457]","[0.26612141728401184, 0.04084271937608719, 0.0006602930370718241, 0.6923756003379822]"
model\Dataset_Flood\non_flood\images.jpg,non_flood,3,non_flood,3,0.9471709132194519,low,0.9018510468304157,non_flood,3,0.9470028281211853,low,0.9015343375504017,True,True,True,1.0,0.00033609638921916485,0.00022487036767415702,0.00016808509826660156,1.0408620454427364e-07,"[0.04531986638903618, 0.0026827550027519464, 0.004826426971703768, 0.9471709132194519]","[0.045468490570783615, 0.002696750219911337, 0.004831818863749504, 0.9470028281211853]"
model\Dataset_Flood\non_flood\img (1).jpg,non_flood,3,non_flood,3,0.9567065834999084,high,0.9254059828817844,non_flood,3,0.9564474821090698,high,0.925044909119606,True,True,True,0.9999999403953552,0.0005181594751775265,0.000311213661916554,0.00025910139083862305,2.850792952813208e-07,"[0.00949188880622387, 0.002500940579921007, 0.03130060061812401, 0.9567065834999084]","[0.009629525244235992, 0.0025203898549079895, 0.031402572989463806, 0.9564474821090698]"
model\Dataset_Flood\non_flood\img (2).jpg,non_flood,3,non_flood,3,0.9963222742080688,high,0.9943643878214061,non_flood,3,0.9963064193725586,high,0.9943432048894465,True,True,True,0.9999999403953552,3.17046360578388e-05,1.882361902971752e-05,1.5854835510253906e-05,1.0008080586487722e-08,"[0.00048062449786812067, 0.0012392130447551608, 0.0019578863866627216, 0.9963222742080688]","[0.00048278606845997274, 0.0012475731782615185, 0.001963214483112097, 0.9963064193725586]"
model\Dataset_Flood\non_flood\img-20171122-183945-largejpg.jpg,non_flood,3,non_flood,3,0.949637770652771,low,0.9258221462368965,non_flood,3,0.9502979516983032,low,0.9269038755446672,True,True,True,0.9999998807907104,0.0013205213472247124,0.0008026328287087381,0.0006601810455322266,1.3067618738205056e-06,"[0.02381562441587448, 0.011984419077634811, 0.014562256634235382, 0.949637770652771]","[0.02339407615363598, 0.011832108721137047, 0.014475774951279163, 0.9502979516983032]"
model\Dataset_Flood\non_flood\img.jpg,non_flood,3,non_flood,3,0.9904690384864807,high,0.9814208839088678,non_flood,3,0.9903344511985779,high,0.9811517540365458,True,True,True,1.0,0.0002695381408557296,0.00019030377734452486,0.00013458728790283203,2.5009288151522924e-07,"[0.00016640263493172824, 0.00031649001175537705, 0.009048154577612877, 0.9904690384864807]","[0.0001666043681325391, 0.00031628349097445607, 0.009182697162032127, 0.9903344511985779]"
model\Dataset_Flood\non_flood\IMG_5052.jpg,non_flood,3,non_flood,3,0.9098925590515137,low,0.8633526153862476,non_flood,3,0.9093897938728333,low,0.8624312244355679,True,True,True,0.9999998807907104,0.0010055024176836014,0.0006574683357030153,0.0005027651786804199,5.532929208129644e-07,"[0.04653994366526604, 0.016256151720881462, 0.027311353012919426, 0.9098925590515137]","[0.046958569437265396, 0.01627940684556961, 0.0273722093552351, 0.9093897938728333]"
model\Dataset_Flood\non_flood\IMG_7678.jpg,non_flood,3,non_flood,3,0.9981004595756531,low,0.9973020786419511,non_flood,3,0.9980984330177307,low,0.9973019594908692,True,True,True,1.0,7.879280019551516e-06,4.350870767666493e-06,3.2769166864454746e-06,2.50338438867459e-09,"[0.000798380933701992, 0.0003447587660048157, 0.0007564023835584521, 0.9981004595756531]","[0.0007964735268615186, 0.00034542716457508504, 0.0007596793002448976, 0.9980984330177307]"
model\Dataset_Flood\non_flood\IMG_7684.jpg,non_flood,3,non_flood,3,0.9493729472160339,high,0.9147501401603222,non_flood,3,0.9493286609649658,high,0.9146046414971352,True,True,True,0.9999999403953552,0.00020254449918866158,0.00011876779899466783,0.00010121241211891174,7.081326458546755e-08,"[0.009192932397127151, 0.00681137153878808, 0.034622807055711746, 0.9493729472160339]","[0.009176102466881275, 0.006771155633032322, 0.03472401946783066, 0.9493286609649658]"
model\Dataset_Flood\non_flood\istockphoto-105934727-612x612.jpg,non_flood,3,low,0,0.7003777027130127,non_flood,0.4198048412799835,low,0,0.701969563961029,non_flood,0.4228212535381317,False,False,True,0.9999967813491821,0.0031838298309594393,0.002141697099432349,0.0015918612480163574,1.533713543722115e-06,"[0.7003777027130127, 0.018130121752619743, 0.0009193468140438199, 0.2805728614330292]","[0.701969563961029, 0.017977548763155937, 0.0009045021724887192, 0.27914831042289734]"
model\Dataset_Flood\non_flood\maxresdefault.jpg,non_flood,3,non_flood,3,0.9800695180892944,low,0.9721013139933348,non_flood,3,0.9799779057502747,low,0.9719827594235539,True,True,True,1.0,0.0001832009293138981,0.00010824413766385987,9.161233901977539e-05,6.087794446330008e-08,"[0.007968204095959663, 0.007000617682933807, 0.004961651284247637, 0.9800695180892944]","[0.007995146326720715, 0.007048886269330978, 0.004978029057383537, 0.9799779057502747]"
model\Dataset_Flood\non_flood\NISI20241012_0001674606_web.jpg,non_flood,3,non_flood,3,0.9434385299682617,low,0.8890569470822811,non_flood,3,0.9439065456390381,low,0.8899773024022579,True,True,True,0.9999998807907104,0.0009361272677779198,0.0006510245148092508,0.0004680156707763672,5.436231731437147e-07,"[0.054381582885980606, 0.0018885546596720815, 0.00029138484387658536, 0.9434385299682617]","[0.05392924323678017, 0.0018752515316009521, 0.000288916053250432, 0.9439065456390381]"
model\Dataset_Flood\non_flood\noise_mua (2).jpg,non_flood,3,non_flood,3,0.8543139696121216,low,0.7155572026968002,non_flood,3,0.8528372645378113,low,0.7126159071922302,True,True,True,0.999998152256012,0.002977142808958888,0.002079999540001154,0.0014767050743103027,2.2692838683724403e-06,"[0.13875676691532135, 0.0057637738063931465, 0.0011655186535790563, 0.8543139696121216]","[0.14022135734558105, 0.005787720438092947, 0.001153617980889976, 0.8528372645378113]"
model\Dataset_Flood\non_flood\noise_mua.jpg,non_flood,3,non_flood,3,0.9277538061141968,low,0.8595450222492218,non_flood,3,0.9279389381408691,low,0.8599274531006813,True,True,True,0.9999999403953552,0.0004080662038177252,0.0002713004359975457,0.0001972988247871399,6.749178993459282e-08,"[0.06820878386497498, 0.0033106051851063967, 0.0007267540204338729, 0.9277538061141968]","[0.06801148504018784, 0.0033295322209596634, 0.0007200457039289176, 0.9279389381408691]"
model\Dataset_Flood\non_flood\noise_muaa.jpg,non_flood,3,low,0,0.4706622064113617,medium,0.11416259407997131,low,0,0.470177561044693,medium,0.11343595385551453,False,False,True,0.9999995231628418,0.0010857060551643372,0.0006223846576176584,0.00048464536666870117,1.7742422642186284e-07,"[0.4706622064113617, 0.3564996123313904, 0.06273514032363892, 0.11010301858186722]","[0.470177561044693, 0.35674160718917847, 0.06267696619033813, 0.11040391027927399]"
model\Dataset_Flood\non_flood\noise_muaaa.jpg,non_flood,3,non_flood,3,0.6008135080337524,low,0.20927676558494568,non_flood,3,0.6024982333183289,low,0.21258598566055298,True,True,True,0.9999949932098389,0.0033694226294755936,0.0023410823196172714,0.001684725284576416,1.5399128869830747e-06,"[0.39153674244880676, 0.0075479475781321526, 0.00010181015386478975, 0.6008135080337524]","[0.3899122476577759, 0.00748980650678277, 9.974857675842941e-05, 0.6024982333183289]"
model\Dataset_Flood\non_flood\optimize.jpg,non_flood,3,non_flood,3,0.986153244972229,low,0.977613577619195,non_flood,3,0.9862106442451477,low,0.9777519050985575,True,True,True,0.9999999403953552,0.00016182137187570333,0.00010060000931844115,8.092820644378662e-05,1.1704741353923964e-07,"[0.00853966735303402, 0.0041579497046768665, 0.00114913668949157, 0.986153244972229]","[0.008458739146590233, 0.0041692908853292465, 0.0011612894013524055, 0.9862106442451477]"
model\Dataset_Flood\non_flood\p1065569336329878_240_thum.jpg,non_flood,3,non_flood,3,0.8311787247657776,high,0.7480244264006615,non_flood,3,0.831660807132721,high,0.7485021203756332,True,True,True,0.9999999403953552,0.0009728819131851196,0.0006266156560741365,0.0004820823669433594,4.339235886163806e-07,"[0.03361807018518448, 0.05204889178276062, 0.08315429836511612, 0.8311787247657776]","[0.03351965174078941, 0.05166089907288551, 0.08315868675708771, 0.831660807132721]"
model\Dataset_Flood\non_flood\p1065625174472492_706.jpg,non_flood,3,non_flood,3,0.9638451933860779,low,0.9342051204293966,non_flood,3,0.963616669178009,low,0.9337499048560858,True,True,True,1.0,0.00046255171764642,0.0003219330101273954,0.00022852420806884766,2.53392499871552e-07,"[0.02964007295668125, 0.0015746724093332887, 0.004940035752952099, 0.9638451933860779]","[0.029866764321923256, 0.0015792523045092821, 0.004937279503792524, 0.963616669178009]"
model\Dataset_Flood\non_flood\pngtree-an-alleyway-in-a-japanese-village-with-no-street-lights-picture-image_2507160.jpg,non_flood,3,non_flood,3,0.9593240022659302,low,0.944448652677238,non_flood,3,0.959292471408844,low,0.9443893618881702,True,True,True,1.0,0.00013243872672319412,6.668631976936013e-05,3.843754529953003e-05,3.372497303644195e-08,"[0.014875349588692188, 0.012214582413434982, 0.013586067594587803, 0.9593240022659302]","[0.014903109520673752, 0.012253019958734512, 0.013551357202231884, 0.959292471408844]"
model\Dataset_Flood\non_flood\pngtree-an-alleyway-with-buildings-leading-up-to-a-sidewalk-image_13024957.jpg,non_flood,3,non_flood,3,0.9615091681480408,high,0.9450488574802876,non_flood,3,0.9613682627677917,high,0.944879936054349,True,True,True,1.0,0.00028188247233629227,0.00016460708866361529,0.00014090538024902344,8.273127605207264e-08,"[0.010620852001011372, 0.011409674771130085, 0.01646031066775322, 0.9615091681480408]","[0.010683503933250904, 0.011459983885288239, 0.016488326713442802, 0.9613682627677917]"
model\Dataset_Flood\non_flood\pngtree-quaint-little-alleyway-in-japan-picture-image_2507159.jpg,non_flood,3,non_flood,3,0.9543374180793762,low,0.9151423834264278,non_flood,3,0.9545815587043762,low,0.9155671633780003,True,True,True,0.9999999403953552,0.0004883494693785906,0.0003078152658417821,0.000244140625,1.6528066737464542e-07,"[0.03919503465294838, 0.004303386434912682, 0.002164150821045041, 0.9543374180793762]","[0.03901439532637596, 0.004255877807736397, 0.0021480899304151535, 0.9545815587043762]"
model\Dataset_Flood\non_flood\PYH2023040513890006100_P4.jpg,non_flood,3,non_flood,3,0.8795155882835388,low,0.8040914684534073,non_flood,3,0.8780792355537415,low,0.8017961755394936,True,True,True,0.9999992251396179,0.0028727762401103973,0.0017242919420823455,0.0014363527297973633,2.4276957901747664e-06,"[0.07542411983013153, 0.02688092552125454, 0.01817926950752735, 0.8795155882835388]","[0.0762830600142479, 0.02722235396504402, 0.01841532438993454, 0.8780792355537415]"
model\Dataset_Flood\non_flood\restmb_allidxmake.jpg,non_flood,3,non_flood,3,0.781762421131134,low,0.6052487790584564,non_flood,3,0.7815430760383606,low,0.6051277667284012,True,True,True,1.0,0.0006354153156280518,0.00034178391797468066,0.00022427551448345184,3.3724060699569236e-07,"[0.1765136420726776, 0.016685158014297485, 0.025038760155439377, 0.781762421131134]","[0.1764153093099594, 0.016778619959950447, 0.02526303566992283, 0.7815430760383606]"
model\Dataset_Flood\non_flood\RPR20231226002000353_01_i.jpg,non_flood,3,non_flood,3,0.97413569688797,high,0.9630991565063596,non_flood,3,0.9740900993347168,high,0.9629414426162839,True,True,True,1.0,0.00022425362840294838,0.00012992323900107294,0.00011211633682250977,2.1373578817929229e-07,"[0.010382088832557201, 0.004445706959813833, 0.011036540381610394, 0.97413569688797]","[0.010345897637307644, 0.004415358416736126, 0.011148656718432903, 0.9740900993347168]"
model\Dataset_Flood\non_flood\sddefault.jpg,non_flood,3,high,2,0.6379526257514954,non_flood,0.3803257644176483,high,2,0.6368871331214905,non_flood,0.3785398006439209,False,False,True,0.9999986290931702,0.0021309256553649902,0.0013138779904693365,0.0010654926300048828,6.402988788067887e-07,"[0.06318888068199158, 0.0412316769361496, 0.6379526257514954, 0.25762686133384705]","[0.06344017386436462, 0.041325345635414124, 0.6368871331214905, 0.2583473324775696]"
model\Dataset_Flood\non_flood\svcKHNYsxdUofszkcGPLASHtXKWLHVrs.jpg,non_flood,3,non_flood,3,0.9797121286392212,low,0.9618560578674078,non_flood,3,0.9798210859298706,low,0.9620477948337793,True,True,True,1.0,0.00021787721198052168,0.00013807926734443754,0.00010895729064941406,1.1708652891684324e-07,"[0.017856070771813393, 0.0014688997762277722, 0.0009628402767702937, 0.9797121286392212]","[0.01777329109609127, 0.0014556525275111198, 0.0009499472798779607, 0.9798210859298706]"
model\Dataset_Flood\non_flood\unnamed (1).jpg,non_flood,3,non_flood,3,0.918441653251648,low,0.877035241574049,non_flood,3,0.9182887077331543,low,0.8768479153513908,True,True,True,0.9999999403953552,0.00030582211911678314,0.00019154745677951723,0.00015294551849365234,6.309346645139158e-08,"[0.04140641167759895, 0.022456491366028786, 0.0176954735070467, 0.918441653251648]","[0.04144079238176346, 0.022465264424681664, 0.017805196344852448, 0.9182887077331543]"
model\Dataset_Flood\non_flood\unnamed (2).jpg,non_flood,3,non_flood,3,0.9508357048034668,high,0.9229552783071995,non_flood,3,0.9512287974357605,high,0.9234822504222393,True,True,True,0.9999999403953552,0.0007862355560064316,0.00046815170207992196,0.00039309263229370117,5.038673407398164e-07,"[0.016268625855445862, 0.005015253555029631, 0.02788042649626732, 0.9508357048034668]","[0.016058025881648064, 0.004966590087860823, 0.027746547013521194, 0.9512287974357605]"
model\Dataset_Flood\non_flood\unnamed.jpg,non_flood,3,non_flood,3,0.8881121277809143,low,0.8483077883720398,non_flood,3,0.887526273727417,low,0.8474951200187206,True,True,True,0.9999999403953552,0.0011717788875102997,0.0006779367104172707,0.0005858540534973145,4.7158388838397514e-07,"[0.03980433940887451, 0.03959425166249275, 0.03248925879597664, 0.8881121277809143]","[0.040031153708696365, 0.0397588349878788, 0.03268378600478172, 0.887526273727417]"
model\Dataset_Flood\non_flood\다운로드 (1).jpg,non_flood,3,non_flood,3,0.9886137247085571,high,0.9836133997887373,non_flood,3,0.98860102891922,high,0.9836072474718094,True,True,True,1.0000001192092896,3.837817348539829e-05,1.9682674974319525e-05,1.2695789337158203e-05,3.8808593672001734e-08,"[0.004071975126862526, 0.002314056735485792, 0.005000324919819832, 0.9886137247085571]","[0.004081184975802898, 0.0023239857982844114, 0.0049937814474105835, 0.98860102891922]"
model\Dataset_Flood\non_flood\다운로드 (10) 3.jpg,non_flood,3,non_flood,3,0.9690642952919006,high,0.9514513052999973,non_flood,3,0.9690920114517212,high,0.9514985289424658,True,True,True,1.0000001192092896,6.406428292393684e-05,3.640955037553795e-05,2.771615982055664e-05,4.480171345022654e-09,"[0.008293412625789642, 0.005029392894357443, 0.017612989991903305, 0.9690642952919006]","[0.008280801586806774, 0.005033622495830059, 0.01759348250925541, 0.9690920114517212]"
model\Dataset_Flood\non_flood\다운로드 (10).jpg,non_flood,3,non_flood,3,0.9566141963005066,medium,0.9336071442812681,non_flood,3,0.9566829800605774,medium,0.9337042775005102,True,True,True,0.9999999403953552,0.00017373333685100079,9.637940092943609e-05,6.878376007080078e-05,4.221328708808869e-08,"[0.017392219975590706, 0.023007052019238472, 0.002986582461744547, 0.9566141963005066]","[0.01733366772532463, 0.022978702560067177, 0.0030046303290873766, 0.9566829800605774]"
model\Dataset_Flood\non_flood\다운로드 (11) 3.jpg,non_flood,3,non_flood,3,0.9775566458702087,medium,0.9633567286655307,non_flood,3,0.9774571657180786,medium,0.9632107196375728,True,True,True,0.9999999403953552,0.00019888300448656082,0.00012156231969129294,9.948015213012695e-05,3.756031574653207e-08,"[0.007204874884337187, 0.014199917204678059, 0.0010386583162471652, 0.9775566458702087]","[0.007256986107677221, 0.014246446080505848, 0.0010394210694357753, 0.9774571657180786]"
model\Dataset_Flood\non_flood\다운로드 (11).jpg,non_flood,3,non_flood,3,0.8323899507522583,low,0.6960204839706421,non_flood,3,0.8330398797988892,low,0.6973024606704712,True,True,True,0.9999996423721313,0.0014401543885469437,0.0009135434520430863,0.0006499290466308594,5.228649229138682e-07,"[0.1363694667816162, 0.01867227628827095, 0.012568365782499313, 0.8323899507522583]","[0.13573741912841797, 0.018584255129098892, 0.012638522312045097, 0.8330398797988892]"
model\Dataset_Flood\non_flood\다운로드 (12) 3.jpg,non_flood,3,non_flood,3,0.9226940870285034,low,0.8613847084343433,non_flood,3,0.9226155877113342,low,0.8613280206918716,True,True,True,1.0000001192092896,0.00020059430971741676,0.00011984165757894516,8.685514330863953e-05,6.172922439873219e-08,"[0.06130937859416008, 0.00526925316080451, 0.010727310553193092, 0.9226940870285034]","[0.061287567019462585, 0.005282681435346603, 0.010814165696501732, 0.9226155877113342]"
model\Dataset_Flood\non_flood\다운로드 (12).jpg,non_flood,3,non_flood,3,0.9132653474807739,low,0.8441839292645454,non_flood,3,0.9123222827911377,low,0.842452846467495,True,True,True,0.9999995827674866,0.0018861466087400913,0.0012338989181444049,0.0009430646896362305,1.4334071920529823e-06,"[0.06908141821622849, 0.006491385865956545, 0.011161924339830875, 0.9132653474807739]","[0.06986943632364273, 0.0065773045644164085, 0.011231069453060627, 0.9123222827911377]"
model\Dataset_Flood\non_flood\다운로드 (13) 3.jpg,non_flood,3,non_flood,3,0.9008598923683167,high,0.8617245405912399,non_flood,3,0.9007667303085327,high,0.8615969941020012,True,True,True,1.0,0.00021337904036045074,0.00012357965169940144,9.316205978393555e-05,,"[0.029079187661409378, 0.030925609171390533, 0.03913535177707672, 0.9008598923683167]","[0.029151488095521927, 0.03091207705438137, 0.039169736206531525, 0.9007667303085327]"
model\Dataset_Flood\non_flood\다운로드 (13).jpg,non_flood,3,non_flood,3,0.9680353403091431,low,0.9573104996234179,non_flood,3,0.9680495262145996,low,0.9573028385639191,True,True,True,1.0,7.209554314613342e-05,3.738501254701987e-05,2.3898668587207794e-05,1.4523948266287334e-08,"[0.010724840685725212, 0.010614635422825813, 0.010625254362821579, 0.9680353403091431]","[0.010746687650680542, 0.010590736754238605, 0.010613090358674526, 0.9680495262145996]"
model\Dataset_Flood\non_flood\다운로드 (14) 3.jpg,non_flood,3,non_flood,3,0.9465395212173462,low,0.9007186852395535,non_flood,3,0.9463902115821838,low,0.900458000600338,True,True,True,1.0000001192092896,0.0002985084429383278,0.00018925454060081393,0.00014930963516235352,9.172071457896891e-08,"[0.04582083597779274, 0.005700975190848112, 0.001938757486641407, 0.9465395212173462]","[0.045932210981845856, 0.005734103266149759, 0.0019434532150626183, 0.9463902115821838]"
model\Dataset_Flood\non_flood\다운로드 (14).jpg,non_flood,3,non_flood,3,0.9501055479049683,low,0.9051689989864826,non_flood,3,0.9490872025489807,low,0.9032110311090946,True,True,True,0.999999463558197,0.0020366336684674025,0.0013867979869246483,0.0010183453559875488,2.723681745919748e-06,"[0.04493654891848564, 0.0022303664591163397, 0.002727541606873274, 0.9501055479049683]","[0.04587617143988609, 0.0022597801871597767, 0.002776793669909239, 0.9490872025489807]"
model\Dataset_Flood\non_flood\다운로드 (15) 3.jpg,non_flood,3,non_flood,3,0.9892866015434265,low,0.9820443456992507,non_flood,3,0.9893659353256226,low,0.9821497807279229,True,True,True,1.0,0.00015852798242121935,9.156773012364283e-05,7.933378219604492e-05,8.556889241617682e-08,"[0.007242255844175816, 0.0016084403032436967, 0.0018626749515533447, 0.9892866015434265]","[0.007216154597699642, 0.0015821114648133516, 0.0018359108362346888, 0.9893659353256226]"
model\Dataset_Flood\non_flood\다운로드 (15).jpg,non_flood,3,non_flood,3,0.8645250797271729,high,0.7572801783680916,non_flood,3,0.8642284870147705,high,0.7567689195275307,True,True,True,0.9999998211860657,0.0005933260545134544,0.0003706974966917187,0.00029659271240234375,9.837093983833256e-08,"[0.0179621372371912, 0.010267782025039196, 0.10724490135908127, 0.8645250797271729]","[0.01800357922911644, 0.010308407247066498, 0.10745956748723984, 0.8642284870147705]"
model\Dataset_Flood\non_flood\다운로드 (16) 3.jpg,non_flood,3,non_flood,3,0.8651466369628906,low,0.7667100206017494,non_flood,3,0.8650094270706177,low,0.7663600295782089,True,True,True,0.9999999403953552,0.0004254700616002083,0.0002631183306220919,0.0002127811312675476,7.533890311606228e-08,"[0.0984366163611412, 0.022145936265587807, 0.014270753599703312, 0.8651466369628906]","[0.09864939749240875, 0.022141963243484497, 0.01419924758374691, 0.8650094270706177]"
model\Dataset_Flood\non_flood\다운로드 (16).jpg,non_flood,3,low,0,0.9844160676002502,non_flood,0.9696556692942977,low,0,0.9847416281700134,non_flood,0.9703129529953003,False,False,True,0.9999998807907104,0.0006653828895650804,0.00046484675840474665,0.0003317231312394142,9.958383770936052e-07,"[0.9844160676002502, 0.000691636058036238, 0.00013184842828195542, 0.014760398305952549]","[0.9847416281700134, 0.000698830233886838, 0.00013094341557007283, 0.014428675174713135]"
model\Dataset_Flood\non_flood\다운로드 (17) 3.jpg,non_flood,3,non_flood,3,0.8451476097106934,low,0.7196558713912964,non_flood,3,0.8448758721351624,low,0.7194074094295502,True,True,True,1.0,0.000589999370276928,0.0003550250257831067,0.00027173757553100586,3.7311838241294026e-07,"[0.12549173831939697, 0.008822981268167496, 0.020537644624710083, 0.8451476097106934]","[0.12546846270561218, 0.008906633593142033, 0.020748978480696678, 0.8448758721351624]"
model\Dataset_Flood\non_flood\다운로드 (17).jpg,non_flood,3,non_flood,3,0.8441745638847351,low,0.7079195529222488,non_flood,3,0.8445913791656494,low,0.7086811363697052,True,True,True,0.9999998211860657,0.0008336296305060387,0.0005442368565127254,0.00041681528091430664,1.6063130203747278e-07,"[0.13625501096248627, 0.00923190638422966, 0.010338535532355309, 0.8441745638847351]","[0.1359102427959442, 0.009173540398478508, 0.010324855335056782, 0.8445913791656494]"
model\Dataset_Flood\non_flood\다운로드 (18) 3.jpg,non_flood,3,non_flood,3,0.9814691543579102,medium,0.9739918075501919,non_flood,3,0.9814923405647278,medium,0.9740398651920259,True,True,True,0.9999999403953552,9.385962039232254e-05,4.697202530223876e-05,2.487143501639366e-05,3.598643516511402e-08,"[0.006926124449819326, 0.007477346807718277, 0.004127408843487501, 0.9814691543579102]","[0.00690402090549469, 0.007452475372701883, 0.004151107277721167, 0.9814923405647278]"
model\Dataset_Flood\non_flood\다운로드 (18).jpg,non_flood,3,non_flood,3,0.9806724190711975,low,0.965112267062068,non_flood,3,0.9805372357368469,low,0.9648471735417843,True,True,True,0.9999999403953552,0.00027036736719310284,0.0001875236921478063,0.00013518333435058594,1.374428251210702e-07,"[0.015560152009129524, 0.0024205162189900875, 0.0013469060650095344, 0.9806724190711975]","[0.015690062195062637, 0.0024230172857642174, 0.0013496788451448083, 0.9805372357368469]"
model\Dataset_Flood\non_flood\다운로드 (19) 3.jpg,non_flood,3,non_flood,3,0.9140726923942566,medium,0.8649707585573196,non_flood,3,0.9134211540222168,medium,0.8641262389719486,True,True,True,0.9999998807907104,0.001303049735724926,0.0007661932031624019,0.0006515383720397949,9.078648304239323e-07,"[0.01502296980470419, 0.04910193383693695, 0.021802391856908798, 0.9140726923942566]","[0.015151778236031532, 0.04929491505026817, 0.022132113575935364, 0.9134211540222168]"
model\Dataset_Flood\non_flood\다운로드 (19).jpg,non_flood,3,non_flood,3,0.9294538497924805,low,0.8782897517085075,non_flood,3,0.9293584823608398,low,0.8780637942254543,True,True,True,1.0000001192092896,0.0002765487879514694,0.0001674845116212964,0.0001305900514125824,6.763002602383494e-08,"[0.05116409808397293, 0.009376347064971924, 0.01000578235834837, 0.9294538497924805]","[0.05129468813538551, 0.009383998811244965, 0.009962842799723148, 0.9293584823608398]"
model\Dataset_Flood\non_flood\다운로드 (20) 3.jpg,non_flood,3,non_flood,3,0.9515007734298706,medium,0.931878974661231,non_flood,3,0.9510442614555359,medium,0.9312299322336912,True,True,True,0.9999999403953552,0.0009130053222179413,0.0005317562608979642,0.0004565119743347168,5.667170626111329e-07,"[0.01669454202055931, 0.019621798768639565, 0.012182855978608131, 0.9515007734298706]","[0.016861561685800552, 0.019814329221844673, 0.012279799208045006, 0.9510442614555359]"
model\Dataset_Flood\non_flood\다운로드 (20).jpg,non_flood,3,non_flood,3,0.9745372533798218,low,0.9572305623441935,non_flood,3,0.9745713472366333,low,0.9572624322026968,True,True,True,1.0,7.258355617523193e-05,4.8738093028077856e-05,3.472296521067619e-05,5.17984481973599e-08,"[0.01730669103562832, 0.00735608721151948, 0.0007998977671377361, 0.9745372533798218]","[0.0173089150339365, 0.0073213642463088036, 0.0007983550312928855, 0.9745713472366333]"
model\Dataset_Flood\non_flood\다운로드 (21) 3.jpg,non_flood,3,non_flood,3,0.9336570501327515,low,0.8690473362803459,non_flood,3,0.9330992698669434,low,0.8679537996649742,True,True,True,0.9999998807907104,0.001115627121180296,0.0007735681138001382,0.0005577802658081055,6.002082955092192e-07,"[0.06460971385240555, 0.00043304619612172246, 0.001300158677622676, 0.9336570501327515]","[0.06514547020196915, 0.00044185761362314224, 0.0013134378241375089, 0.9330992698669434]"
model\Dataset_Flood\non_flood\다운로드 (21).jpg,non_flood,3,low,0,0.6602752208709717,non_flood,0.34411805868148804,low,0,0.6571807265281677,non_flood,0.33798035979270935,False,False,True,0.9999843835830688,0.006189039908349514,0.004340382758527994,0.003094494342803955,5.500857241713675e-06,"[0.6602752208709717, 0.014109008945524693, 0.009458506479859352, 0.31615716218948364]","[0.6571807265281677, 0.014117143116891384, 0.009501713328063488, 0.3192003667354584]"
model\Dataset_Flood\non_flood\다운로드 (22) 3.jpg,non_flood,3,non_flood,3,0.9702104926109314,low,0.9543168004602194,non_flood,3,0.970652163028717,low,0.9550284901633859,True,True,True,0.9999999403953552,0.0008832733146846294,0.0005321866483427584,0.00044167041778564453,8.717034347682784e-07,"[0.015893692150712013, 0.008753092028200626, 0.005142694339156151, 0.9702104926109314]","[0.015623672865331173, 0.008651191368699074, 0.005073011387139559, 0.970652163028717]"
model\Dataset_Flood\non_flood\다운로드 (22).jpg,non_flood,3,non_flood,3,0.7738722562789917,low,0.5855749845504761,non_flood,3,0.7740206122398376,low,0.5860201269388199,True,True,True,0.9999998807907104,0.0005936594679951668,0.0003505585773382336,0.00029678642749786377,1.354310370516032e-07,"[0.18829727172851562, 0.02802468277513981, 0.009805741719901562, 0.7738722562789917]","[0.18800048530101776, 0.028128698468208313, 0.009850243106484413, 0.7740206122398376]"
model\Dataset_Flood\non_flood\다운로드 (23) 3.jpg,non_flood,3,non_flood,3,0.8837946057319641,low,0.7807934880256653,non_flood,3,0.8828901648521423,low,0.7791251614689827,True,True,True,0.9999995231628418,0.0018087765201926231,0.001188670750707388,0.0009044408798217773,1.0101938414663891e-06,"[0.10300111770629883, 0.009058374911546707, 0.004145992454141378, 0.8837946057319641]","[0.10376500338315964, 0.009156353771686554, 0.004188463557511568, 0.8828901648521423]"
model\Dataset_Flood\non_flood\다운로드 (23).jpg,non_flood,3,non_flood,3,0.9867803454399109,low,0.9810819234699011,non_flood,3,0.9866576790809631,low,0.980871859472245,True,True,True,1.0,0.00024548405781388283,0.00015273145982064307,0.0001226663589477539,1.6342166020422155e-07,"[0.005698421970009804, 0.005694021005183458, 0.0018271590815857053, 0.9867803454399109]","[0.005785819608718157, 0.005714397877454758, 0.0018422022694721818, 0.9866576790809631]"
model\Dataset_Flood\non_flood\다운로드 (24) 3.jpg,non_flood,3,non_flood,3,0.9672251343727112,low,0.9504934884607792,non_flood,3,0.9669608473777771,low,0.9499799907207489,True,True,True,1.0,0.0005972082726657391,0.0003681979433167726,0.00026428699493408203,5.285546649247408e-07,"[0.01673164591193199, 0.007005415391176939, 0.009037773124873638, 0.9672251343727112]","[0.016980856657028198, 0.0070547666400671005, 0.00900341384112835, 0.9669608473777771]"
model\Dataset_Flood\non_flood\다운로드 (24).jpg,non_flood,3,non_flood,3,0.8728762865066528,low,0.8014944791793823,non_flood,3,0.8711878061294556,low,0.7982330173254013,True,True,True,0.9999980330467224,0.0034466972574591637,0.0023128052707761526,0.0016884803771972656,4.96974053021404e-06,"[0.07138180732727051, 0.010462375357747078, 0.04527956619858742, 0.8728762865066528]","[0.07295478880405426, 0.01061276812106371, 0.0452447235584259, 0.8711878061294556]"
model\Dataset_Flood\non_flood\다운로드 (25) 3.jpg,non_flood,3,non_flood,3,0.9779552817344666,high,0.9688077941536903,non_flood,3,0.977933406829834,high,0.9688073415309191,True,True,True,1.0,0.00010255863890051842,6.0288348322501406e-05,5.132518708705902e-05,4.949515286511996e-08,"[0.007754846941679716, 0.00514235207810998, 0.009147487580776215, 0.9779552817344666]","[0.007806172128766775, 0.005134415812790394, 0.00912606529891491, 0.977933406829834]"
model\Dataset_Flood\non_flood\다운로드 (25).jpg,non_flood,3,non_flood,3,0.9327792525291443,low,0.8876594752073288,non_flood,3,0.9329374432563782,low,0.8879836462438107,True,True,True,0.9999999403953552,0.000417931005358696,0.00023874636099208146,0.00016598030924797058,9.852374915908513e-08,"[0.04511977732181549, 0.011430447921156883, 0.010670410469174385, 0.9327792525291443]","[0.04495379701256752, 0.011387478560209274, 0.010721201077103615, 0.9329374432563782]"
model\Dataset_Flood\non_flood\다운로드 (26) 3.jpg,non_flood,3,non_flood,3,0.9881781935691833,medium,0.9800888858735561,non_flood,3,0.988223671913147,medium,0.980143983848393,True,True,True,1.0,9.105470962822437e-05,5.323520235833712e-05,4.547834396362305e-05,1.5621480997651815e-08,"[0.0013433793792501092, 0.008089307695627213, 0.0023891127202659845, 0.9881781935691833]","[0.0013290565693750978, 0.00807968806475401, 0.002367478795349598, 0.988223671913147]"
model\Dataset_Flood\non_flood\다운로드 (26).jpg,non_flood,3,non_flood,3,0.9983192086219788,medium,0.9976883586496115,non_flood,3,0.9982954859733582,medium,0.9976538411574438,True,True,True,0.9999999403953552,4.760906449519098e-05,2.814650179061573e-05,2.372264862060547e-05,2.494516770923383e-08,"[0.0006209067068994045, 0.0006308499723672867, 0.0004289521893952042, 0.9983192086219788]","[0.0006237620837055147, 0.0006416448159143329, 0.00043918838491663337, 0.9982954859733582]"
model\Dataset_Flood\non_flood\다운로드 (27) 3.jpg,non_flood,3,non_flood,3,0.9825187921524048,low,0.972383551299572,non_flood,3,0.9826838374137878,low,0.9726704144850373,True,True,True,1.0000001192092896,0.0003301766701042652,0.00020771381969098002,0.00016504526138305664,2.5007466319948435e-07,"[0.010135240852832794, 0.0029172904323786497, 0.0044287340715527534, 0.9825187921524048]","[0.010013422928750515, 0.0029036167543381453, 0.0043990942649543285, 0.9826838374137878]"
model\Dataset_Flood\non_flood\다운로드 (27).jpg,non_flood,3,non_flood,3,0.8623695969581604,high,0.780480794608593,non_flood,3,0.8621198534965515,high,0.7799953743815422,True,True,True,0.9999999403953552,0.0004995893687009811,0.00034367822809144855,0.0002497434616088867,9.796349331736565e-08,"[0.03874517232179642, 0.016996391117572784, 0.08188880234956741, 0.8623695969581604]","[0.0387452207505703, 0.017010511830449104, 0.08212447911500931, 0.8621198534965515]"
model\Dataset_Flood\non_flood\다운로드 (28) 3.jpg,non_flood,3,non_flood,3,0.9682517647743225,medium,0.9515334144234657,non_flood,3,0.9683701395988464,medium,0.9517598301172256,True,True,True,1.0,0.00030826544389128685,0.00017055287025868893,0.00011837482452392578,1.5181285561993718e-07,"[0.005976380780339241, 0.01671835035085678, 0.009053473360836506, 0.9682517647743225]","[0.005930300336331129, 0.01661030948162079, 0.009089242666959763, 0.9683701395988464]"
model\Dataset_Flood\non_flood\다운로드 (28).jpg,non_flood,3,non_flood,3,0.9258407354354858,high,0.8749196045100689,non_flood,3,0.9258260726928711,high,0.8749276176095009,True,True,True,1.0,7.4814073741436e-05,4.056425314047374e-05,2.9083341360092163e-05,1.1542851119372699e-08,"[0.008981304243206978, 0.014256802387535572, 0.050921130925416946, 0.9258407354354858]","[0.008989696390926838, 0.014285885728895664, 0.05089845508337021, 0.9258260726928711]"
model\Dataset_Flood\non_flood\다운로드 (29) 3.jpg,non_flood,3,non_flood,3,0.9675127267837524,low,0.948942095041275,non_flood,3,0.9673258066177368,low,0.9486070573329926,True,True,True,1.0,0.0003737276419997215,0.00024011115601751953,0.000186920166015625,1.3603131776562805e-07,"[0.018570631742477417, 0.0065757110714912415, 0.007341001648455858, 0.9675127267837524]","[0.018718749284744263, 0.006598727311939001, 0.007356675341725349, 0.9673258066177368]"
model\Dataset_Flood\non_flood\다운로드 (29).jpg,non_flood,3,non_flood,3,0.9515546560287476,low,0.9107271693646908,non_flood,3,0.9513040781021118,low,0.9102801457047462,True,True,True,0.9999999403953552,0.0005017907824367285,0.00032302478211931884,0.0002505779266357422,1.8480203323179012e-07,"[0.04082748666405678, 0.00649681594222784, 0.0011209802469238639, 0.9515546560287476]","[0.04102393239736557, 0.00655126478523016, 0.001120661967433989, 0.9513040781021118]"
model\Dataset_Flood\non_flood\다운로드 (3).jpg,non_flood,3,non_flood,3,0.9344966411590576,low,0.8725183084607124,non_flood,3,0.9341500997543335,low,0.8718412630259991,True,True,True,0.9999999403953552,0.0006930103409104049,0.0004791333631146699,0.0003465414047241211,2.4950713850557804e-07,"[0.061978332698345184, 0.0009166267700493336, 0.002608461305499077, 0.9344966411590576]","[0.06230883672833443, 0.0009169449913315475, 0.002624107990413904, 0.9341500997543335]"
model\Dataset_Flood\non_flood\다운로드 (30) 3.jpg,non_flood,3,non_flood,3,0.8190677762031555,high,0.6483980119228363,non_flood,3,0.8196452260017395,high,0.6495451331138611,True,True,True,0.9999996423721313,0.0011548269540071487,0.0008111782954074442,0.0005774497985839844,2.8971408028155565e-07,"[0.0038505273405462503, 0.006411908194422722, 0.1706697642803192, 0.8190677762031555]","[0.0038485119584947824, 0.006406217813491821, 0.17010009288787842, 0.8196452260017395]"
model\Dataset_Flood\non_flood\다운로드 (30).jpg,non_flood,3,non_flood,3,0.9407914280891418,low,0.9053640067577362,non_flood,3,0.9407923817634583,low,0.905454870313406,True,True,True,1.0,0.00017980113625526428,0.00010980173829011619,8.99098813533783e-05,7.875962637626799e-08,"[0.03542742133140564, 0.015961218625307083, 0.007819931022822857, 0.9407914280891418]","[0.03533751145005226, 0.01600279100239277, 0.007867296226322651, 0.9407923817634583]"
model\Dataset_Flood\non_flood\다운로드 (31) 3.jpg,non_flood,3,non_flood,3,0.975274920463562,low,0.9564912393689156,non_flood,3,0.9753613471984863,low,0.9566549826413393,True,True,True,1.0,0.00020414567552506924,0.00011959842231590301,8.64267349243164e-05,7.664312562383202e-08,"[0.018783681094646454, 0.002912553260102868, 0.003028733888641, 0.975274920463562]","[0.018706364557147026, 0.0029282723553478718, 0.0030040505807846785, 0.9753613471984863]"
model\Dataset_Flood\non_flood\다운로드 (31).jpg,non_flood,3,non_flood,3,0.9425665736198425,low,0.8962560780346394,non_flood,3,0.943156898021698,low,0.8974022679030895,True,True,True,0.9999997615814209,0.0011805887334048748,0.0008112169452942908,0.0005903244018554688,8.718780009075999e-07,"[0.04631049558520317, 0.006284097209572792, 0.004838770255446434, 0.9425665736198425]","[0.045754630118608475, 0.006269351113587618, 0.004819117486476898, 0.943156898021698]"
model\Dataset_Flood\non_flood\다운로드 (32) 3.jpg,non_flood,3,non_flood,3,0.9906202554702759,low,0.9829578134231269,non_flood,3,0.9906027317047119,low,0.9829368544742465,True,True,True,1.0000001192092896,3.4932301787193865e-05,2.2556625481229275e-05,1.7523765563964844e-05,,"[0.007662442047148943, 0.0016490831039845943, 6.827346078353003e-05, 0.9906202554702759]","[0.007665877230465412, 0.0016628628363832831, 6.846708129160106e-05, 0.9906027317047119]"
model\Dataset_Flood\non_flood\다운로드 (32).jpg,non_flood,3,non_flood,3,0.9804004430770874,low,0.9633489605039358,non_flood,3,0.9805513620376587,low,0.9636392798274755,True,True,True,1.0,0.0003017399867530912,0.0002056446683127433,0.00015091896057128906,1.5418116561249917e-07,"[0.01705148257315159, 0.0022160441149026155, 0.0003320267132949084, 0.9804004430770874]","[0.016912082210183144, 0.0022075483575463295, 0.0003291018074378371, 0.9805513620376587]"
model\Dataset_Flood\non_flood\다운로드 (33) 3.jpg,non_flood,3,non_flood,3,0.9520196914672852,low,0.9296289347112179,non_flood,3,0.9520131945610046,low,0.9295014478266239,True,True,True,0.9999999403953552,0.0002418961375951767,0.0001506231928942725,0.00012098997831344604,1.7484158831848617e-07,"[0.022390756756067276, 0.01682365871965885, 0.008765879087150097, 0.9520196914672852]","[0.022511746734380722, 0.016739418730139732, 0.008735709823668003, 0.9520131945610046]"
model\Dataset_Flood\non_flood\다운로드 (33).jpg,non_flood,3,non_flood,3,0.8042393326759338,low,0.6195592880249023,non_flood,3,0.8024798631668091,low,0.6160765141248703,True,True,True,0.9999967813491821,0.003551741596311331,0.0024634418077766895,0.0017594695091247559,2.537038881200715e-06,"[0.1846800446510315, 0.0048209261149168015, 0.006259665824472904, 0.8042393326759338]","[0.18640334904193878, 0.004873530939221382, 0.0062433029524981976, 0.8024798631668091]"
model\Dataset_Flood\non_flood\다운로드 (34) 3.jpg,non_flood,3,non_flood,3,0.9536527395248413,low,0.9283837042748928,non_flood,3,0.9538328647613525,low,0.9286748003214598,True,True,True,1.0,0.0003602588549256325,0.00021760807430837303,0.00018012523651123047,9.385620813873174e-08,"[0.0252690352499485, 0.008993299677968025, 0.01208493486046791, 0.9536527395248413]","[0.02515806443989277, 0.00896876584738493, 0.012040305882692337, 0.9538328647613525]"
model\Dataset_Flood\non_flood\다운로드 (34).jpg,non_flood,3,non_flood,3,0.9959801435470581,low,0.9928640318103135,non_flood,3,0.9959810972213745,low,0.9928673901595175,True,True,True,1.0000001192092896,4.7277717385441065e-06,2.789578729789355e-06,2.4046748876571655e-06,6.074002967260128e-10,"[0.0031161117367446423, 0.0005633014370687306, 0.0003405314637348056, 0.9959801435470581]","[0.003113707061856985, 0.0005637103458866477, 0.00034149197745136917, 0.9959810972213745]"
model\Dataset_Flood\non_flood\다운로드 (35) 3.jpg,non_flood,3,non_flood,3,0.9349744915962219,low,0.8890441507101059,non_flood,3,0.9346444606781006,low,0.8884659223258495,True,True,True,0.9999999403953552,0.0006600962951779366,0.0004171362379565835,0.0003300309181213379,2.628366928547621e-07,"[0.04593034088611603, 0.010925570502877235, 0.008169583044946194, 0.9349744915962219]","[0.04617853835225105, 0.010958470404148102, 0.008218551054596901, 0.9346444606781006]"
model\Dataset_Flood\non_flood\다운로드 (35).jpg,non_flood,3,non_flood,3,0.8647390007972717,low,0.7666887491941452,non_flood,3,0.8648532629013062,low,0.7668632045388222,True,True,True,1.0,0.00022854655981063843,0.00013646783190779388,0.00011426210403442383,1.8699211068451405e-08,"[0.09805025160312653, 0.01699766516685486, 0.020213061943650246, 0.8647390007972717]","[0.09799005836248398, 0.01698613539338112, 0.02017050050199032, 0.8648532629013062]"
model\Dataset_Flood\non_flood\다운로드 (36) 3.jpg,non_flood,3,non_flood,3,0.9690077304840088,medium,0.9487143084406853,non_flood,3,0.9690026044845581,medium,0.9486861061304808,True,True,True,1.0000001192092896,4.6138884499669075e-05,2.8061445846105926e-05,2.3076310753822327e-05,8.570395948481746e-09,"[0.008568254299461842, 0.020293422043323517, 0.0021305710542947054, 0.9690077304840088]","[0.008553463965654373, 0.02031649835407734, 0.0021274248138070107, 0.9690026044845581]"
model\Dataset_Flood\non_flood\다운로드 (36).jpg,non_flood,3,non_flood,3,0.9674893617630005,low,0.9546998050063848,non_flood,3,0.9671174883842468,low,0.9541147407144308,True,True,True,0.9999999403953552,0.000743648037314415,0.00044746979256160557,0.0003718733787536621,6.583432536899636e-07,"[0.012789556756615639, 0.01029865350574255, 0.00942249409854412, 0.9674893617630005]","[0.013002747669816017, 0.01042218692600727, 0.009457544423639774, 0.9671174883842468]"
model\Dataset_Flood\non_flood\다운로드 (37) 3.jpg,non_flood,3,non_flood,3,0.956708550453186,high,0.9339258540421724,non_flood,3,0.9564084410667419,high,0.9334772527217865,True,True,True,1.0,0.0006002113223075867,0.00035205206950195134,0.0003001093864440918,3.1048693927004933e-07,"[0.009300075471401215, 0.011208717711269855, 0.022782696411013603, 0.956708550453186]","[0.009388771839439869, 0.011271631345152855, 0.022931188344955444, 0.9564084410667419]"
model\Dataset_Flood\non_flood\다운로드 (37).jpg,non_flood,3,non_flood,3,0.971732497215271,low,0.9538892563432455,non_flood,3,0.9716310501098633,low,0.9537497851997614,True,True,True,1.0,0.00020286813378334045,0.00012261411757208407,0.00010144710540771484,7.326525519602001e-08,"[0.01784324087202549, 0.0037215386983007193, 0.006702722050249577, 0.971732497215271]","[0.01788126491010189, 0.0037278670351952314, 0.006759790703654289, 0.9716310501098633]"
model\Dataset_Flood\non_flood\다운로드 (38) 3.jpg,non_flood,3,non_flood,3,0.6645503640174866,low,0.42020130157470703,non_flood,3,0.6628274917602539,low,0.41706226766109467,True,True,True,0.9999962449073792,0.003445759415626526,0.002241426380351186,0.001722872257232666,1.7926505506693502e-06,"[0.24434906244277954, 0.05932987481355667, 0.03177069127559662, 0.6645503640174866]","[0.24576522409915924, 0.059443555772304535, 0.031963735818862915, 0.6628274917602539]"
model\Dataset_Flood\non_flood\다운로드 (38).jpg,non_flood,3,non_flood,3,0.9620258808135986,medium,0.9465438919141889,non_flood,3,0.9619284868240356,medium,0.9464329248294234,True,True,True,1.0,0.00019487179815769196,0.0001215356242028065,9.739398956298828e-05,5.912988498835148e-08,"[0.011272192932665348, 0.015481988899409771, 0.011219914071261883, 0.9620258808135986]","[0.011342261917889118, 0.015495561994612217, 0.01123374979943037, 0.9619284868240356]"
model\Dataset_Flood\non_flood\다운로드 (39) 3.jpg,non_flood,3,non_flood,3,0.790597677230835,low,0.5985852628946304,non_flood,3,0.7888434529304504,low,0.5951246172189713,True,True,True,0.9999967813491821,0.003508500987663865,0.002447628416121006,0.0017542243003845215,2.4213220513047418e-06,"[0.19201241433620453, 0.015307225286960602, 0.002082646358758211, 0.790597677230835]","[0.1937188357114792, 0.015347928740084171, 0.002089798217639327, 0.7888434529304504]"
model\Dataset_Flood\non_flood\다운로드 (39).jpg,non_flood,3,non_flood,3,0.9775911569595337,low,0.9620229490101337,non_flood,3,0.977601945400238,low,0.9619948323816061,True,True,True,1.0,9.948678780347109e-05,6.348457100102678e-05,4.898617044091225e-05,2.997444426000584e-08,"[0.015568207949399948, 0.006377454847097397, 0.00046325853327289224, 0.9775911569595337]","[0.015607113018631935, 0.006328468676656485, 0.0004624514258466661, 0.977601945400238]"
model\Dataset_Flood\non_flood\다운로드 (4).jpg,non_flood,3,non_flood,3,0.9509273171424866,low,0.912411767989397,non_flood,3,0.9511259198188782,low,0.9127826280891895,True,True,True,0.9999999403953552,0.00043408945202827454,0.0002673273556865752,0.00019860267639160156,1.5151819354741747e-07,"[0.03851554915308952, 0.006954174023121595, 0.0036030535120517015, 0.9509273171424866]","[0.038343291729688644, 0.006909343879669905, 0.003621452720835805, 0.9511259198188782]"
model\Dataset_Flood\non_flood\다운로드 (40) 3.jpg,non_flood,3,non_flood,3,0.9614256620407104,medium,0.9378024339675903,non_flood,3,0.9609853029251099,medium,0.9369844645261765,True,True,True,0.9999999403953552,0.0008806872647255659,0.000582402921281755,0.00044035911560058594,8.271090337075293e-07,"[0.0006050138617865741, 0.023623228073120117, 0.014346124604344368, 0.9614256620407104]","[0.0006173899746499956, 0.02400083839893341, 0.014396466314792633, 0.9609853029251099]"
model\Dataset_Flood\non_flood\다운로드 (40).jpg,non_flood,3,non_flood,3,0.9919083714485168,high,0.9872239110991359,non_flood,3,0.9918196201324463,high,0.9870766759850085,True,True,True,1.0000001192092896,0.00017747364472597837,0.00010847169323824346,8.875131607055664e-05,1.3063799997325987e-07,"[0.0025776561815291643, 0.0008294864092022181, 0.00468446034938097, 0.9919083714485168]","[0.002595201600342989, 0.0008421795209869742, 0.004742944147437811, 0.9918196201324463]"
model\Dataset_Flood\non_flood\다운로드 (41) 3.jpg,non_flood,3,non_flood,3,0.9580571055412292,medium,0.9407586194574833,non_flood,3,0.9583662152290344,medium,0.9412218201905489,True,True,True,0.9999999403953552,0.0006182705983519554,0.00036921713035553694,0.0003091096878051758,3.7060814861433755e-07,"[0.013162316754460335, 0.017298486083745956, 0.011482144705951214, 0.9580571055412292]","[0.013134807348251343, 0.017144395038485527, 0.011354584246873856, 0.9583662152290344]"
model\Dataset_Flood\non_flood\다운로드 (41).jpg,non_flood,3,non_flood,3,0.8344720602035522,high,0.6827485710382462,non_flood,3,0.833052396774292,high,0.6801335662603378,True,True,True,0.9999985098838806,0.0028392812237143517,0.001865988364443183,0.001419663429260254,1.9274011719971895e-06,"[0.011902548372745514, 0.0019019227474927902, 0.1517234891653061, 0.8344720602035522]","[0.012093671597540379, 0.001935075968503952, 0.15291883051395416, 0.833052396774292]"
model\Dataset_Flood\non_flood\다운로드 (42) 3.jpg,non_flood,3,non_flood,3,0.972077488899231,low,0.9536000024527311,non_flood,3,0.9719510078430176,low,0.9533788282424212,True,True,True,1.0000001192092896,0.0002529092598706484,0.00015967118088155985,0.0001264810562133789,4.8643414629623294e-08,"[0.018477486446499825, 0.007227362599223852, 0.0022176471538841724, 0.972077488899231]","[0.018572179600596428, 0.007246909663081169, 0.0022298351395875216, 0.9719510078430176]"
model\Dataset_Flood\non_flood\다운로드 (42).jpg,non_flood,3,non_flood,3,0.983264148235321,high,0.9767316705547273,non_flood,3,0.9832780957221985,high,0.9767694603651762,True,True,True,1.0,5.283579230308533e-05,3.0420707844314165e-05,2.3842323571443558e-05,1.462490129000571e-08,"[0.005516655743122101, 0.004686654079705477, 0.006532477680593729, 0.983264148235321]","[0.005529140587896109, 0.004684092942625284, 0.0065086353570222855, 0.9832780957221985]"
model\Dataset_Flood\non_flood\다운로드 (43) 3.jpg,non_flood,3,non_flood,3,0.9449466466903687,medium,0.9114105738699436,non_flood,3,0.9448612928390503,medium,0.9112501665949821,True,True,True,1.0,0.00017072574701160192,0.00011401762458262965,8.535385131835938e-05,2.464548742864281e-08,"[0.020869608968496323, 0.033536072820425034, 0.0006476662820205092, 0.9449466466903687]","[0.020878542214632034, 0.033611126244068146, 0.0006490515079349279, 0.9448612928390503]"
model\Dataset_Flood\non_flood\다운로드 (43).jpg,non_flood,3,non_flood,3,0.9695649147033691,low,0.9542177682742476,non_flood,3,0.969804584980011,low,0.9545630952343345,True,True,True,0.9999998807907104,0.00047939526848495007,0.00028716225642710924,0.0002396702766418457,2.8360955184325576e-07,"[0.015347146429121494, 0.0031315626110881567, 0.011956405825912952, 0.9695649147033691]","[0.015241489745676517, 0.003113873302936554, 0.011840026825666428, 0.969804584980011]"
model\Dataset_Flood\non_flood\다운로드 (44) 3.jpg,non_flood,3,non_flood,3,0.8809143304824829,low,0.7937084659934044,non_flood,3,0.8805695176124573,low,0.793118841946125,True,True,True,0.9999999403953552,0.0006897440180182457,0.0004289568751119077,0.00034481287002563477,1.462685759179294e-07,"[0.08720586448907852, 0.015113052912056446, 0.016766687855124474, 0.8809143304824829]","[0.08745067566633224, 0.015154069289565086, 0.01682579144835472, 0.8805695176124573]"
model\Dataset_Flood\non_flood\다운로드 (44).jpg,non_flood,3,non_flood,3,0.982455313205719,low,0.9714659536257386,non_flood,3,0.9823830127716064,low,0.9713862584903836,True,True,True,1.0,0.00014453544281423092,9.31972754187882e-05,7.230043411254883e-05,1.3597674808352167e-07,"[0.010989359579980373, 0.0025058926548808813, 0.004049481358379126, 0.982455313205719]","[0.01099675428122282, 0.002512802369892597, 0.004107411950826645, 0.9823830127716064]"
model\Dataset_Flood\non_flood\다운로드 (45) 3.jpg,non_flood,3,non_flood,3,0.7201442718505859,low,0.5901996046304703,non_flood,3,0.7209398746490479,low,0.5911864787340164,True,True,True,0.9999995827674866,0.0015912242233753204,0.000946718908380717,0.0007956027984619141,4.893809091299772e-07,"[0.12994466722011566, 0.12458152323961258, 0.02532952092587948, 0.7201442718505859]","[0.12975339591503143, 0.12413087487220764, 0.02517581917345524, 0.7209398746490479]"
model\Dataset_Flood\non_flood\다운로드 (46) 3.jpg,non_flood,3,low,0,0.8318310976028442,non_flood,0.7108863890171051,low,0,0.8324134349822998,non_flood,0.7121384143829346,False,False,True,0.9999996423721313,0.0014152033254504204,0.0008970643975771964,0.0006696879863739014,5.853217430740187e-07,"[0.8318310976028442, 0.008399012498557568, 0.03882523253560066, 0.12094470858573914]","[0.8324134349822998, 0.008361082524061203, 0.03895048052072525, 0.12027502059936523]"
model\Dataset_Flood\non_flood\다운로드 (47) 3.jpg,non_flood,3,non_flood,3,0.8766403794288635,low,0.7814125195145607,non_flood,3,0.8763783574104309,low,0.7812118008732796,True,True,True,0.9999999403953552,0.000646672211587429,0.0003658838104456663,0.0002620220184326172,5.027904990129173e-07,"[0.09522785991430283, 0.011508811265230179, 0.016622912138700485, 0.8766403794288635]","[0.09516655653715134, 0.011602732352912426, 0.01685233786702156, 0.8763783574104309]"
model\Dataset_Flood\non_flood\다운로드 (47).jpg,non_flood,3,low,0,0.877947986125946,non_flood,0.7648459300398827,low,0,0.8783767819404602,non_flood,0.7657807171344757,False,False,True,0.9999997615814209,0.0010119692888110876,0.0006661012303084135,0.0005059912800788879,3.95972136857381e-07,"[0.877947986125946, 0.006859776563942432, 0.0020901651587337255, 0.11310205608606339]","[0.8783767819404602, 0.006918607745319605, 0.0021085161715745926, 0.1125960648059845]"
model\Dataset_Flood\non_flood\다운로드 (48) 3.jpg,non_flood,3,non_flood,3,0.9812768697738647,medium,0.9708834607154131,non_flood,3,0.9813154339790344,medium,0.9708984848111868,True,True,True,1.0000001192092896,0.0001241345889866352,6.524944910779595e-05,4.3103937059640884e-05,7.180824468377978e-08,"[0.006855425424873829, 0.010393409058451653, 0.0014742464991286397, 0.9812768697738647]","[0.006812321487814188, 0.010416949167847633, 0.001455320161767304, 0.9813154339790344]"
model\Dataset_Flood\non_flood\다운로드 (49) 3.jpg,non_flood,3,non_flood,3,0.9665223360061646,high,0.9507388435304165,non_flood,3,0.9664308428764343,high,0.9505999069660902,True,True,True,1.0,0.00018310640007257462,0.00011176335829077289,9.149312973022461e-05,6.1681926233347895e-09,"[0.004567799158394337, 0.01312635000795126, 0.015783492475748062, 0.9665223360061646]","[0.004568745382130146, 0.013169573619961739, 0.015830935910344124, 0.9664308428764343]"
model\Dataset_Flood\non_flood\다운로드 (49).jpg,non_flood,3,non_flood,3,0.7044811844825745,low,0.48772354423999786,non_flood,3,0.7017302513122559,low,0.48297835886478424,True,True,True,0.9999926686286926,0.005501879379153252,0.003450312651693821,0.0027509331703186035,4.607951723301085e-06,"[0.2167576402425766, 0.06591201573610306, 0.012849177233874798, 0.7044811844825745]","[0.21875189244747162, 0.066482312977314, 0.013035573996603489, 0.7017302513122559]"
model\Dataset_Flood\non_flood\다운로드 (5).jpg,non_flood,3,non_flood,3,0.8661974668502808,low,0.7424434423446655,non_flood,3,0.8646693825721741,low,0.7393555045127869,True,True,True,0.9999980330467224,0.003156328108161688,0.00218426831997931,0.0015598535537719727,2.825283445417881e-06,"[0.12375402450561523, 0.005383727606385946, 0.00466482387855649, 0.8661974668502808]","[0.1253138780593872, 0.00540204020217061, 0.004614746198058128, 0.8646693825721741]"
model\Dataset_Flood\non_flood\다운로드 (50) 3.jpg,non_flood,3,non_flood,3,0.9662666320800781,low,0.9503544420003891,non_flood,3,0.9664075374603271,low,0.9506069011986256,True,True,True,1.0000001192092896,0.00028278306126594543,0.00018218568584416062,0.00014090538024902344,1.3933096454366023e-07,"[0.015912190079689026, 0.010655549354851246, 0.007165633607655764, 0.9662666320800781]","[0.015800636261701584, 0.010625668801367283, 0.007166076917201281, 0.9664075374603271]"
model\Dataset_Flood\non_flood\다운로드 (51) 3.jpg,non_flood,3,non_flood,3,0.9797971844673157,high,0.966330798342824,non_flood,3,0.9796977639198303,high,0.9661661069840193,True,True,True,0.9999999403953552,0.00019883899949491024,0.00012144690845161676,9.942054748535156e-05,6.401568697356197e-08,"[0.003700567875057459, 0.003035947447642684, 0.013466386124491692, 0.9797971844673157]","[0.0037143556401133537, 0.0030563073232769966, 0.013531656935811043, 0.9796977639198303]"
model\Dataset_Flood\non_flood\다운로드 (52) 3.jpg,non_flood,3,non_flood,3,0.9786807894706726,low,0.9686724757775664,non_flood,3,0.9785036444664001,low,0.9684309344738722,True,True,True,1.0,0.0003542965278029442,0.00020609742205124348,0.00017714500427246094,1.950502337422222e-07,"[0.010008313693106174, 0.004052271600812674, 0.007258604280650616, 0.9786807894706726]","[0.010072709992527962, 0.004091443959623575, 0.00733218714594841, 0.9785036444664001]"
model\Dataset_Flood\non_flood\다운로드 (53) 3.jpg,non_flood,3,non_flood,3,0.9842239022254944,low,0.9696454582735896,non_flood,3,0.9841693639755249,low,0.9695467595010996,True,True,True,0.9999999403953552,0.00010900203778874129,7.09269370418042e-05,5.453824996948242e-05,6.020946585749698e-08,"[0.014578443951904774, 0.001025127014145255, 0.00017261612811125815, 0.9842239022254944]","[0.014622604474425316, 0.0010354254627600312, 0.00017261131142731756, 0.9841693639755249]"
model\Dataset_Flood\non_flood\다운로드 (54) 3.jpg,non_flood,3,non_flood,3,0.9953108429908752,low,0.9929094340186566,non_flood,3,0.9953237175941467,low,0.9929293484892696,True,True,True,1.0000001192092896,2.5615445338189602e-05,1.534975308459252e-05,1.2874603271484375e-05,3.5441644286038354e-08,"[0.0024014089722186327, 0.0008251836406998336, 0.0014625287149101496, 0.9953108429908752]","[0.0023943691048771143, 0.0008209102670662105, 0.0014611011138185859, 0.9953237175941467]"
model\Dataset_Flood\non_flood\다운로드 (55) 3.jpg,non_flood,3,non_flood,3,0.5494282841682434,low,0.288539320230484,non_flood,3,0.5458770990371704,low,0.2826702296733856,True,True,True,0.9999808669090271,0.007102303206920624,0.004347851499915123,0.003551185131072998,7.592432211822597e-06,"[0.2608889639377594, 0.048088811337947845, 0.14159399271011353, 0.5494282841682434]","[0.2632068693637848, 0.048988088965415955, 0.14192792773246765, 0.5458770990371704]"
model\Dataset_Flood\non_flood\다운로드 (56) 3.jpg,non_flood,3,non_flood,3,0.9633842706680298,low,0.9414395000785589,non_flood,3,0.9636718034744263,low,0.9419442024081945,True,True,True,0.9999999403953552,0.0005750707350671291,0.0003639755886979401,0.0002875328063964844,3.254535556607152e-07,"[0.021944770589470863, 0.007290761452168226, 0.007380129303783178, 0.9633842706680298]","[0.021727601066231728, 0.007264650426805019, 0.007335871923714876, 0.9636718034744263]"
model\Dataset_Flood\non_flood\다운로드 (57) 3.jpg,non_flood,3,non_flood,3,0.7323602437973022,low,0.5242356508970261,non_flood,3,0.7316933274269104,low,0.5231970101594925,True,True,True,0.9999997019767761,0.001333845779299736,0.0008156080148182809,0.0006669163703918457,4.4074843685848464e-07,"[0.20812459290027618, 0.026760458946228027, 0.03275475278496742, 0.7323602437973022]","[0.2084963172674179, 0.02676898054778576, 0.03304143622517586, 0.7316933274269104]"
model\Dataset_Flood\non_flood\다운로드 (58) 3.jpg,non_flood,3,non_flood,3,0.9492121338844299,high,0.9230477511882782,non_flood,3,0.9493803381919861,high,0.9232537169009447,True,True,True,1.0000001192092896,0.0003364821895956993,0.0002077220124192536,0.00016820430755615234,1.1266457278225062e-07,"[0.017023686319589615, 0.007599766831845045, 0.026164382696151733, 0.9492121338844299]","[0.01690886728465557, 0.007584069389849901, 0.026126621291041374, 0.9493803381919861]"
model\Dataset_Flood\non_flood\다운로드 (59) 3.jpg,non_flood,3,non_flood,3,0.8481627702713013,high,0.7557404786348343,non_flood,3,0.8490701913833618,high,0.7572038024663925,True,True,True,0.9999997019767761,0.00181489996612072,0.0010984705295413733,0.0009074211120605469,8.214992703869939e-07,"[0.048915453255176544, 0.010499457828700542, 0.09242229163646698, 0.8481627702713013]","[0.048660945147275925, 0.01040238980203867, 0.0918663889169693, 0.8490701913833618]"
model\Dataset_Flood\non_flood\다운로드 (6).jpg,non_flood,3,non_flood,3,0.9199322462081909,low,0.8508405387401581,non_flood,3,0.9190022945404053,low,0.849071703851223,True,True,True,0.9999995231628418,0.001859715674072504,0.0012540639145299792,0.0009299516677856445,1.5015247072369675e-06,"[0.06909170746803284, 0.00762215768918395, 0.0033539780415594578, 0.9199322462081909]","[0.06993059068918228, 0.0076651982963085175, 0.0034018182195723057, 0.9190022945404053]"
model\Dataset_Flood\non_flood\다운로드 (60) 3.jpg,non_flood,3,non_flood,3,0.9338783621788025,medium,0.9062933549284935,non_flood,3,0.9335801601409912,medium,0.9057142399251461,True,True,True,0.9999999403953552,0.0005965372547507286,0.000409881176892668,0.0002982020378112793,3.706809366121888e-07,"[0.02732783742249012, 0.02758500725030899, 0.011208729818463326, 0.9338783621788025]","[0.027333877980709076, 0.027865920215845108, 0.011220111511647701, 0.9335801601409912]"
model\Dataset_Flood\non_flood\다운로드 (61) 3.jpg,non_flood,3,non_flood,3,0.9481638073921204,low,0.9061645343899727,non_flood,3,0.9482723474502563,low,0.9063294380903244,True,True,True,1.0000001192092896,0.00021720945369452238,0.00012989496462978423,0.00010854005813598633,4.359208105597645e-08,"[0.041999273002147675, 0.007881473749876022, 0.001955486135557294, 0.9481638073921204]","[0.041942909359931946, 0.007838783785700798, 0.001945870346389711, 0.9482723474502563]"
model\Dataset_Flood\non_flood\다운로드 (62) 3.jpg,non_flood,3,non_flood,3,0.7100563049316406,low,0.5313379019498825,non_flood,3,0.7082242965698242,low,0.5285190045833588,True,True,True,0.9999975562095642,0.003664020448923111,0.0021657226607203484,0.0018320083618164062,2.091837814077735e-06,"[0.17871840298175812, 0.04063810408115387, 0.07058721035718918, 0.7100563049316406]","[0.17970529198646545, 0.04102172330021858, 0.07104871422052383, 0.7082242965698242]"
model\Dataset_Flood\non_flood\다운로드 (63) 3.jpg,non_flood,3,non_flood,3,0.9886578917503357,low,0.9815318123437464,non_flood,3,0.9886112809181213,low,0.9814509218558669,True,True,True,1.0,9.319570381194353e-05,5.869280357728712e-05,4.661083221435547e-05,2.607703031287656e-08,"[0.00712607940658927, 0.001650048652663827, 0.002565996488556266, 0.9886578917503357]","[0.007160359062254429, 0.0016529246931895614, 0.0025754256639629602, 0.9886112809181213]"
model\Dataset_Flood\non_flood\다운로드 (64) 3.jpg,non_flood,3,non_flood,3,0.9974679946899414,low,0.9951569582335651,non_flood,3,0.9974615573883057,low,0.995144302258268,True,True,True,0.9999999403953552,1.3230055628810078e-05,8.961632374848705e-06,6.4373016357421875e-06,2.4920154828578234e-09,"[0.002311036456376314, 0.00013754059909842908, 8.342084038304165e-05, 0.9974679946899414]","[0.0023172551300376654, 0.000137386450660415, 8.384077227674425e-05, 0.9974615573883057]"
model\Dataset_Flood\non_flood\다운로드 (65) 3.jpg,non_flood,3,non_flood,3,0.9512258768081665,high,0.9169205576181412,non_flood,3,0.9514040946960449,high,0.917267944663763,True,True,True,1.0,0.0003616572357714176,0.0002460152900312096,0.00017821788787841797,1.122352912830138e-07,"[0.008185070939362049, 0.006283816881477833, 0.03430531919002533, 0.9512258768081665]","[0.008187630213797092, 0.0062721059657633305, 0.034136150032281876, 0.9514040946960449]"
model\Dataset_Flood\non_flood\다운로드 (66) 3.jpg,non_flood,3,non_flood,3,0.8921507596969604,low,0.826923668384552,non_flood,3,0.8921517729759216,low,0.8269595503807068,True,True,True,1.0000001192092896,6.959587335586548e-05,4.648153844755143e-05,3.4868717193603516e-05,,"[0.06522709131240845, 0.01888858526945114, 0.023733600974082947, 0.8921507596969604]","[0.06519222259521484, 0.018891742452979088, 0.02376415766775608, 0.8921517729759216]"
model\Dataset_Flood\non_flood\다운로드 (67) 3.jpg,non_flood,3,non_flood,3,0.9133101105690002,low,0.8623448982834816,non_flood,3,0.9133552312850952,low,0.862380962818861,True,True,True,0.9999999403953552,0.00012808572500944138,7.948191341711208e-05,6.404891610145569e-05,,"[0.050965212285518646, 0.02544516697525978, 0.010279555805027485, 0.9133101105690002]","[0.05097426846623421, 0.025381118059158325, 0.010289415717124939, 0.9133552312850952]"
model\Dataset_Flood\non_flood\다운로드 (7).jpg,non_flood,3,non_flood,3,0.8582583069801331,low,0.7782767564058304,non_flood,3,0.8564585447311401,low,0.7753356024622917,True,True,True,0.9999985694885254,0.0035994630306959152,0.002197367139160633,0.00179976224899292,3.4205149859189987e-06,"[0.07998155057430267, 0.0206427201628685, 0.04111744090914726, 0.8582583069801331]","[0.08112294226884842, 0.02078503556549549, 0.04163343459367752, 0.8564585447311401]"
model\Dataset_Flood\non_flood\다운로드 (8).jpg,non_flood,3,non_flood,3,0.9340311884880066,low,0.8772723004221916,non_flood,3,0.9346263408660889,low,0.8784873075783253,True,True,True,0.9999998211860657,0.0012733122566714883,0.0008604830945841968,0.0006198547780513763,9.190261494040897e-07,"[0.05675888806581497, 0.0017971816705539823, 0.00741273770108819, 0.9340311884880066]","[0.056139033287763596, 0.0017803800292313099, 0.007454241160303354, 0.9346263408660889]"
model\Dataset_Flood\non_flood\다운로드 (9) 3.jpg,non_flood,3,non_flood,3,0.8928823471069336,low,0.8042691648006439,non_flood,3,0.8931728601455688,low,0.8048434555530548,True,True,True,1.0,0.0005909716710448265,0.0004063122905790806,0.0002905130386352539,1.019361661747098e-07,"[0.08861318230628967, 0.0072677782736718655, 0.011236685328185558, 0.8928823471069336]","[0.08832940459251404, 0.007256051059812307, 0.011241639032959938, 0.8931728601455688]"
model\Dataset_Flood\non_flood\다운로드 (9).jpg,non_flood,3,non_flood,3,0.709592878818512,low,0.44151073694229126,non_flood,3,0.7111208438873291,low,0.4447934925556183,True,True,True,0.9999958872795105,0.003509660717099905,0.0023366622626781464,0.0017547905445098877,2.140644710380002e-06,"[0.2680821418762207, 0.0214660856872797, 0.0008588886121287942, 0.709592878818512]","[0.2663273513317108, 0.021680235862731934, 0.0008716436568647623, 0.7111208438873291]"
model\Dataset_Flood\non_flood\사진-1.jpg,non_flood,3,non_flood,3,0.5973390936851501,low,0.38943468034267426,non_flood,3,0.5945942997932434,low,0.3848308175802231,True,True,True,0.9999902248382568,0.005489625036716461,0.0033741267397999763,0.0027447938919067383,4.172673925495474e-06,"[0.2079044133424759, 0.08686007559299469, 0.10789638757705688, 0.5973390936851501]","[0.20976348221302032, 0.0873376876115799, 0.10830453783273697, 0.5945942997932434]"
model\Dataset_Flood\non_flood\화면 캡처 2025-03-05 151816.jpg,non_flood,3,non_flood,3,0.9488933086395264,low,0.8997060358524323,non_flood,3,0.9490011930465698,low,0.8999246805906296,True,True,True,1.0000001192092896,0.00022147683193907142,0.00015463378804270178,0.00011076033115386963,6.117261364124715e-08,"[0.049187272787094116, 0.001481387997046113, 0.000437977840192616, 0.9488933086395264]","[0.04907651245594025, 0.0014833963941782713, 0.00043880153680220246, 0.9490011930465698]"
model\Dataset_Flood\non_flood\화면 캡처 2025-03-05 151842.jpg,non_flood,3,non_flood,3,0.9325281381607056,low,0.8723087012767792,non_flood,3,0.9326477646827698,low,0.872547835111618,True,True,True,1.0,0.00024136085994541645,0.00016910051635932177,0.00011962652206420898,2.1700543584302068e-09,"[0.06021943688392639, 0.006030162796378136, 0.0012222277000546455, 0.9325281381607056]","[0.06009992957115173, 0.006029010284692049, 0.0012233022134751081, 0.9326477646827698]"
model\Dataset_Flood\non_flood\화면 캡처 2025-03-05 151856.jpg,non_flood,3,non_flood,3,0.9765080213546753,medium,0.9647041112184525,non_flood,3,0.976436972618103,medium,0.9645217638462782,True,True,True,0.9999999403953552,0.0002226009964942932,0.00013727387704420835,0.00011129863560199738,1.5664043928609317e-07,"[0.006835365202277899, 0.01180391013622284, 0.004852781537920237, 0.9765080213546753]","[0.006797937676310539, 0.011915208771824837, 0.004849955439567566, 0.976436972618103]"
model\Dataset_Flood\non_flood\화면 캡처 2025-03-05 151912.jpg,non_flood,3,non_flood,3,0.9861176609992981,low,0.9788138112053275,non_flood,3,0.9859995245933533,low,0.9786231899634004,True,True,True,1.0,0.00023622112348675728,0.0001453661679988727,0.00011813640594482422,1.4569195627700537e-07,"[0.007303849793970585, 0.004395924508571625, 0.002182609401643276, 0.9861176609992981]","[0.0073763346299529076, 0.004439717158675194, 0.0021844166330993176, 0.9859995245933533]"
model\Dataset_Flood\non_flood\화면 캡처 2025-03-05 151926.jpg,non_flood,3,non_flood,3,0.9972418546676636,low,0.9952031057327986,non_flood,3,0.9972195625305176,low,0.9951646900735795,True,True,True,1.0000001192092896,4.461150092538446e-05,2.7960391889791936e-05,2.2292137145996094e-05,,"[0.002038748934864998, 0.0005250365938991308, 0.00019432867702562362, 0.9972418546676636]","[0.0020548724569380283, 0.0005298200412653387, 0.00019574107136577368, 0.9972195625305176]"
model\Dataset_Flood\non_flood\화면 캡처 2025-03-05 151943.jpg,non_flood,3,non_flood,3,0.9454930424690247,medium,0.9121541269123554,non_flood,3,0.9451102614402771,medium,0.9115626439452171,True,True,True,0.9999999403953552,0.0007655115332454443,0.0004619073879439384,0.0003827810287475586,4.0961458580568433e-07,"[0.01997019350528717, 0.033338915556669235, 0.0011978476541116834, 0.9454930424690247]","[0.020120995119214058, 0.03354761749505997, 0.0012210746062919497, 0.9451102614402771]"
model\Dataset_Flood\non_flood\화면 캡처 2025-03-05 151958.jpg,non_flood,3,non_flood,3,0.9926347136497498,low,0.986584659665823,non_flood,3,0.9925556778907776,low,0.9864217904396355,True,True,True,1.0,0.00016766920452937484,0.00011530188203323632,8.38334672152996e-05,1.4718898455612361e-07,"[0.006050053983926773, 0.001041893963702023, 0.00027332137688063085, 0.9926347136497498]","[0.006133887451142073, 0.001037456444464624, 0.0002729589177761227, 0.9925556778907776]"
model\Dataset_Flood\non_flood\화면 캡처 2025-03-05 152017.jpg,non_flood,3,non_flood,3,0.9984387755393982,low,0.9975153257837519,non_flood,3,0.998458981513977,low,0.9975491449586116,True,True,True,1.0,4.0370869101025164e-05,2.4988337827380747e-05,2.0205974578857422e-05,6.415938713644209e-08,"[0.0009234497556462884, 0.00045165338087826967, 0.00018611035193316638, 0.9984387755393982]","[0.000909836555365473, 0.00044621489359997213, 0.00018499714497011155, 0.998458981513977]"
model\Dataset_Flood\non_flood\화면 캡처 2025-03-05 152031.jpg,non_flood,3,non_flood,3,0.9920735955238342,low,0.9848066554404795,non_flood,3,0.9919317364692688,low,0.9845341318286955,True,True,True,0.9999999403953552,0.00028381118318066,0.00019304493616800755,0.0001418590545654297,2.8755675884895027e-07,"[0.0072669400833547115, 0.00024371549079660326, 0.00041570389294065535, 0.9920735955238342]","[0.007397604640573263, 0.0002477126254234463, 0.00042299434426240623, 0.9919317364692688]"
model\Dataset_Flood\non_flood\화면 캡처 2025-03-05 152042.jpg,non_flood,3,non_flood,3,0.784817636013031,low,0.6181085854768753,non_flood,3,0.7827066779136658,low,0.6144584864377975,True,True,True,0.9999969601631165,0.004221932962536812,0.002645390573889017,0.0021109580993652344,3.516674041748047e-06,"[0.1667090505361557, 0.029986022040247917, 0.01848725788295269, 0.784817636013031]","[0.16824819147586823, 0.030203035101294518, 0.018842078745365143, 0.7827066779136658]"
model\Dataset_Flood\non_flood\화면 캡처 2025-03-05 152054.jpg,non_flood,3,non_flood,3,0.9725574851036072,low,0.9566127303987741,non_flood,3,0.9723857045173645,low,0.9563370924443007,True,True,True,1.0,0.00034354301169514656,0.00020966195734217763,0.00017178058624267578,1.512853629037636e-07,"[0.01594475470483303, 0.00416138768196106, 0.007336430251598358, 0.9725574851036072]","[0.01604861207306385, 0.004169285763055086, 0.007396437227725983, 0.9723857045173645]"
model\Dataset_Flood\non_flood\화면 캡처 2025-03-05 152112.jpg,non_flood,3,non_flood,3,0.9720127582550049,low,0.9508616998791695,non_flood,3,0.9719160199165344,low,0.9506790209561586,True,True,True,1.0000001192092896,0.00019344757311046124,0.0001296883128816262,9.673833847045898e-05,7.787639333400875e-08,"[0.02115105837583542, 0.004790653474628925, 0.0020455368794500828, 0.9720127582550049]","[0.021236998960375786, 0.004793123342096806, 0.0020538356620818377, 0.9719160199165344]"
model\Dataset_Flood\non_flood\화면 캡처 2025-03-05 152130.jpg,non_flood,3,non_flood,3,0.9761245250701904,medium,0.9667277736589313,non_flood,3,0.9759891033172607,medium,0.966531103476882,True,True,True,1.0000001192092896,0.00027085980400443077,0.00015763964620418847,0.0001354217529296875,1.0074654710479081e-07,"[0.008672405034303665, 0.009396751411259174, 0.005806346889585257, 0.9761245250701904]","[0.00871147308498621, 0.009457999840378761, 0.005841468460857868, 0.9759891033172607]"
model\Dataset_Flood\non_flood\화면 캡처 2025-03-05 152144.jpg,non_flood,3,non_flood,3,0.9151979088783264,low,0.8580045960843563,non_flood,3,0.9156424403190613,low,0.8589070551097393,True,True,True,0.9999998807907104,0.0009661698713898659,0.0006398627883754671,0.0004579275846481323,4.849207471124828e-07,"[0.05719331279397011, 0.02283969148993492, 0.004769051913172007, 0.9151979088783264]","[0.056735385209321976, 0.022878216579556465, 0.00474386615678668, 0.9156424403190613]"
model\Dataset_Flood\non_flood\화면 캡처 2025-03-05 152259.jpg,non_flood,3,non_flood,3,0.9887735247612,low,0.9799428479745984,non_flood,3,0.9887185096740723,low,0.9798563243821263,True,True,True,1.0000001192092896,0.00011005986016243696,6.59261568216607e-05,5.501508712768555e-05,1.9060278688698418e-08,"[0.008830676786601543, 0.0012278187787160277, 0.0011679672170430422, 0.9887735247612]","[0.008862185291945934, 0.0012345951981842518, 0.0011847270652651787, 0.9887185096740723]"
model\Dataset_Flood\non_flood\화면 캡처 2025-03-05 152318.jpg,non_flood,3,non_flood,3,0.9765012860298157,low,0.9638315076008439,non_flood,3,0.9763628840446472,low,0.9636643538251519,True,True,True,1.0,0.0002768097911030054,0.00016488024266436696,0.00013840198516845703,1.5651676221750677e-07,"[0.012669778428971767, 0.008798469789326191, 0.002030501142144203, 0.9765012860298157]","[0.012698530219495296, 0.008877705782651901, 0.002060921164229512, 0.9763628840446472]"
model\Dataset_Flood\non_flood\화면 캡처 2025-03-05 152330.jpg,non_flood,3,non_flood,3,0.8934518694877625,low,0.8135910034179688,non_flood,3,0.8938909769058228,low,0.8144432529807091,True,True,True,0.9999998807907104,0.0009562522172927856,0.0006076563731767237,0.00043910741806030273,3.535169526003301e-07,"[0.0798608660697937, 0.01145225390791893, 0.015234972350299358, 0.8934518694877625]","[0.07944772392511368, 0.011387286707758904, 0.015274007804691792, 0.8938909769058228]"
model\Dataset_Flood\non_flood\화면 캡처 2025-03-05 152345.jpg,non_flood,3,non_flood,3,0.9952901601791382,low,0.9926735195331275,non_flood,3,0.9952754974365234,low,0.9926629944238812,True,True,True,0.9999999403953552,4.141544923186302e-05,2.5790433937800117e-05,2.0723207853734493e-05,4.116781937568703e-08,"[0.0026166406460106373, 0.0007461394998244941, 0.0013470492558553815, 0.9952901601791382]","[0.0026125030126422644, 0.0007442476344294846, 0.001367772463709116, 0.9952754974365234]"
model\Dataset_Flood\non_flood\화면 캡처 2025-03-05 152428.jpg,non_flood,3,non_flood,3,0.9752678275108337,medium,0.9604509109631181,non_flood,3,0.9753190279006958,medium,0.9605374019593,True,True,True,1.0,0.00010851188562810421,6.509682134492323e-05,5.120038986206055e-05,1.7021193343680352e-08,"[0.0088413180783391, 0.014816916547715664, 0.0010740039870142937, 0.9752678275108337]","[0.008822300471365452, 0.01478162594139576, 0.001077007269486785, 0.9753190279006958]"
model\Dataset_Flood\non_flood\화면 캡처 2025-03-05 152437.jpg,non_flood,3,non_flood,3,0.8509738445281982,low,0.7138375639915466,non_flood,3,0.8494038581848145,low,0.7107568681240082,True,True,True,0.9999979734420776,0.0031398842111229897,0.0021792042534798384,0.001569986343383789,2.501357812434435e-06,"[0.1371362805366516, 0.009342923760414124, 0.002547008451074362, 0.8509738445281982]","[0.13864699006080627, 0.009366210550069809, 0.002582910005003214, 0.8494038581848145]"
model\Dataset_Flood\non_flood\화면 캡처 2025-03-05 152451.jpg,non_flood,3,non_flood,3,0.9923721551895142,medium,0.9896524373907596,non_flood,3,0.9922577142715454,medium,0.9895139960572124,True,True,True,1.0000001192092896,0.00022885738871991634,0.000134358779178001,0.00011444091796875,2.407741703791544e-07,"[0.002238693181425333, 0.002719717798754573, 0.002669471548870206, 0.9923721551895142]","[0.002271817997097969, 0.0027437182143330574, 0.0027267627883702517, 0.9922577142715454]"
model\Dataset_Flood\non_flood\화면 캡처 2025-03-05 152504.jpg,non_flood,3,non_flood,3,0.8744525909423828,low,0.8034890368580818,non_flood,3,0.8741632103919983,low,0.8032918125391006,True,True,True,1.0,0.0007630146574229002,0.00046920901513658464,0.0003568120300769806,3.9520091377198696e-07,"[0.070963554084301, 0.05160750448703766, 0.0029763809870928526, 0.8744525909423828]","[0.07087139785289764, 0.05196431651711464, 0.0030010468326509, 0.8741632103919983]"
model\Dataset_Flood\non_flood\화면 캡처 2025-03-05 152513.jpg,non_flood,3,non_flood,3,0.9500116109848022,low,0.9045532681047916,non_flood,3,0.9500089883804321,low,0.9045332446694374,True,True,True,1.0,3.484345506876707e-05,2.0670386220444925e-05,1.74008309841156e-05,4.1203922052091e-08,"[0.045458342880010605, 0.0033480755519121885, 0.0011819617357105017, 0.9500116109848022]","[0.04547574371099472, 0.003342638025060296, 0.0011725792428478599, 0.9500089883804321]"
model\Dataset_Flood\non_flood\화면 캡처 2025-03-05 152524.jpg,non_flood,3,non_flood,3,0.9647082686424255,low,0.931131899356842,non_flood,3,0.9649357199668884,low,0.9315754733979702,True,True,True,0.9999999403953552,0.00045491871424019337,0.00031389869400300086,0.00022745132446289062,2.0060180361269886e-07,"[0.033576369285583496, 0.00109039933886379, 0.0006249636644497514, 0.9647082686424255]","[0.03336024656891823, 0.0010882558999583125, 0.0006157624302431941, 0.9649357199668884]"
model\Dataset_Flood\non_flood\화면 캡처 2025-03-05 152534.jpg,non_flood,3,non_flood,3,0.9180009365081787,medium,0.8594790771603584,non_flood,3,0.9177809953689575,medium,0.8591475896537304,True,True,True,1.0,0.0004398706369102001,0.00026809010887518525,0.0002199411392211914,9.641007636673748e-08,"[0.021351052448153496, 0.05852185934782028, 0.0021262436639517546, 0.9180009365081787]","[0.021456146612763405, 0.05863340571522713, 0.002129532629624009, 0.9177809953689575]"
model\Dataset_Flood\non_flood\화면 캡처 2025-03-05 152545.jpg,non_flood,3,non_flood,3,0.9665619134902954,medium,0.951004745438695,non_flood,3,0.9667701125144958,medium,0.9512837324291468,True,True,True,0.9999999403953552,0.00041658198460936546,0.0002593543322291225,0.00020819902420043945,2.469860191922635e-07,"[0.01389045175164938, 0.015557168051600456, 0.003990455064922571, 0.9665619134902954]","[0.013752949424088001, 0.015486380085349083, 0.003990547731518745, 0.9667701125144958]"
model\Dataset_Flood\non_flood\화면 캡처 2025-03-05 152600.jpg,non_flood,3,non_flood,3,0.9440789818763733,medium,0.8985451124608517,non_flood,3,0.9436968564987183,medium,0.8978238739073277,True,True,True,0.9999999403953552,0.0007643685676157475,0.0005119434790685773,0.0003821253776550293,3.8401776691898704e-07,"[0.006852741818875074, 0.04553386941552162, 0.0035344110801815987, 0.9440789818763733]","[0.006882627494633198, 0.04587298259139061, 0.0035476554185152054, 0.9436968564987183]"
model\Dataset_Flood\non_flood\화면 캡처 2025-03-05 152609.jpg,non_flood,3,non_flood,3,0.9693751335144043,medium,0.9480699300765991,non_flood,3,0.9694477319717407,medium,0.9481782596558332,True,True,True,1.0,0.00014520215336233377,8.665733912494034e-05,7.259845733642578e-05,2.831075107678771e-08,"[0.00829782523214817, 0.021305203437805176, 0.0010218342067673802, 0.9693751335144043]","[0.008267505094408989, 0.02126947231590748, 0.0010152817703783512, 0.9694477319717407]"
model\Dataset_Flood\non_flood\화면 캡처 2025-03-05 152624.jpg,non_flood,3,non_flood,3,0.9911066889762878,low,0.9846545225009322,non_flood,3,0.9911069273948669,low,0.9846718702465296,True,True,True,1.0,3.696931526064873e-05,2.5113720766967162e-05,1.8337508663535118e-05,5.776888301056715e-08,"[0.006452166475355625, 0.001937969122081995, 0.0005031013279221952, 0.9911066889762878]","[0.006435057148337364, 0.00195630663074553, 0.0005018172669224441, 0.9911069273948669]"
model\Dataset_Flood\non_flood\화면 캡처 2025-03-05 152638.jpg,non_flood,3,non_flood,3,0.9903677701950073,low,0.9829407064244151,non_flood,3,0.9903953671455383,low,0.9829983157105744,True,True,True,1.0,6.098314770497382e-05,4.0877959690988064e-05,3.0012335628271103e-05,,"[0.007427063770592213, 0.0019476173911243677, 0.00025754314265213907, 0.9903677701950073]","[0.007397051434963942, 0.00195052579510957, 0.0002570776850916445, 0.9903953671455383]"
model\Dataset_Flood\non_flood\화면 캡처 2025-03-05 152648.jpg,non_flood,3,non_flood,3,0.9981039762496948,high,0.9971278174198233,non_flood,3,0.9980738162994385,high,0.9970752451336011,True,True,True,1.0000001192092896,6.035325350239873e-05,3.799773912760429e-05,3.0159950256347656e-05,1.0305119957365605e-07,"[0.0007229881593957543, 0.000196773573406972, 0.0009761588298715651, 0.9981039762496948]","[0.0007277789409272373, 0.00019976375915575773, 0.0009985711658373475, 0.9980738162994385]"
model\Dataset_Flood\non_flood\화면 캡처 2025-03-05 152659.jpg,non_flood,3,non_flood,3,0.9865441918373108,medium,0.9758553756400943,non_flood,3,0.9866536259651184,medium,0.9760578637942672,True,True,True,1.0,0.00021883592125959694,0.00014425009430851787,0.00010943412780761719,1.1610427463892847e-07,"[0.0023769366089254618, 0.01068881619721651, 0.0003900347219314426, 0.9865441918373108]","[0.002364313928410411, 0.01059576217085123, 0.0003863096353597939, 0.9866536259651184]"
model\Dataset_Flood\non_flood\화면 캡처 2025-03-05 152710.jpg,non_flood,3,non_flood,3,0.9759624600410461,low,0.9595780353993177,non_flood,3,0.9757714867591858,low,0.9592273570597172,True,True,True,0.9999999403953552,0.00038181967101991177,0.000250098091783002,0.00019097328186035156,2.2314998204819858e-07,"[0.0163844246417284, 0.0026861936785280704, 0.004967018496245146, 0.9759624600410461]","[0.016544129699468613, 0.002708384534344077, 0.004975968971848488, 0.9757714867591858]"
model\Dataset_Flood\non_flood\화면 캡처 2025-03-05 152726.jpg,non_flood,3,non_flood,3,0.9957209229469299,high,0.9931241706945002,non_flood,3,0.9957242012023926,high,0.9931254123803228,True,True,True,1.0000001192092896,1.0709278285503387e-05,5.612023414869327e-06,3.709690645337105e-06,,"[0.0006786519079469144, 0.0010037762112915516, 0.0025967522524297237, 0.9957209229469299]","[0.0006749422173015773, 0.0010020914487540722, 0.002598788822069764, 0.9957242012023926]"
model\Dataset_Flood\non_flood\화면 캡처 2025-03-05 152738.jpg,non_flood,3,non_flood,3,0.8521915674209595,medium,0.7502789795398712,non_flood,3,0.8509332537651062,medium,0.7484771236777306,True,True,True,0.9999994039535522,0.0025166869163513184,0.0014724638313055038,0.0012583136558532715,2.5205665679095546e-06,"[0.02830435521900654, 0.10191258788108826, 0.017591459676623344, 0.8521915674209595]","[0.028531642630696297, 0.10245613008737564, 0.01807900331914425, 0.8509332537651062]"
model\Dataset_Flood\non_flood\화면 캡처 2025-03-05 152809.jpg,non_flood,3,non_flood,3,0.9895137548446655,high,0.9839212214574218,non_flood,3,0.989423930644989,high,0.9837729656137526,True,True,True,1.0,0.00017970113549381495,0.00011106985039077699,8.982419967651367e-05,1.69466133570495e-07,"[0.0016772306989878416, 0.003216542536392808, 0.005592533387243748, 0.9895137548446655]","[0.0017063597915694118, 0.0032188587356358767, 0.00565096503123641, 0.989423930644989]"
model\Dataset_Flood\non_flood\화면 캡처 2025-03-05 152821.jpg,non_flood,3,non_flood,3,0.7985570430755615,low,0.6789730116724968,non_flood,3,0.7977386713027954,low,0.6780594512820244,True,True,True,0.9999997019767761,0.0016367658972740173,0.000970423046965152,0.0008183717727661133,9.397336384608934e-07,"[0.11958403140306473, 0.04587319493293762, 0.035985782742500305, 0.7985570430755615]","[0.11967922002077103, 0.046208202838897705, 0.03637398034334183, 0.7977386713027954]"
model\Dataset_Flood\non_flood\화면 캡처 2025-03-05 152839.jpg,non_flood,3,non_flood,3,0.7556969523429871,low,0.5984791070222855,non_flood,3,0.7529535293579102,low,0.5940879434347153,True,True,True,0.9999946355819702,0.005486804060637951,0.00338245602324605,0.0027434229850769043,5.130888439452974e-06,"[0.1572178453207016, 0.08619410544633865, 0.0008910702890716493, 0.7556969523429871]","[0.15886558592319489, 0.08728936314582825, 0.0008914531790651381, 0.7529535293579102]"
model\Dataset_Flood\non_flood\화면 캡처 2025-03-05 152852.jpg,non_flood,3,non_flood,3,0.9802138209342957,low,0.9700594954192638,non_flood,3,0.9800465106964111,low,0.969806021079421,True,True,True,1.0,0.000334693118929863,0.00019994219474028796,0.00016731023788452148,2.1392044402546162e-07,"[0.010154325515031815, 0.0027162167243659496, 0.006915649864822626, 0.9802138209342957]","[0.01024048961699009, 0.0027317097410559654, 0.006981375627219677, 0.9800465106964111]"
model\Dataset_Flood\non_flood\화면 캡처 2025-03-05 152904.jpg,non_flood,3,non_flood,3,0.9929218888282776,low,0.9894224666059017,non_flood,3,0.9927884936332703,low,0.9892380251549184,True,True,True,0.9999998807907104,0.00026686349883675575,0.00016015794244594872,0.00013339519500732422,3.4371990409454156e-07,"[0.0034994222223758698, 0.000849472067784518, 0.002729209838435054, 0.9929218888282776]","[0.0035504684783518314, 0.000860237458255142, 0.0028008664958178997, 0.9927884936332703]"
model\Dataset_Flood\non_flood\화면 캡처 2025-03-05 152921.jpg,non_flood,3,non_flood,3,0.9939119815826416,low,0.989843042101711,non_flood,3,0.9938122034072876,low,0.9896777020767331,True,True,True,1.0,0.0001994693884626031,0.0001235499366885051,9.97781753540039e-05,1.7619821335301822e-07,"[0.004068939480930567, 0.0017539053224027157, 0.000265211274381727, 0.9939119815826416]","[0.004134501330554485, 0.001785601139999926, 0.0002676448202691972, 0.9938122034072876]"
model\Dataset_Flood\non_flood\화면 캡처 2025-03-05 152934.jpg,non_flood,3,non_flood,3,0.9902113080024719,low,0.9835911407135427,non_flood,3,0.9901509284973145,low,0.9834522386081517,True,True,True,0.9999999403953552,0.00017213844694197178,0.00010259642294840887,7.852260023355484e-05,1.6295142302169552e-07,"[0.006620167288929224, 0.001127496361732483, 0.002040962688624859, 0.9902113080024719]","[0.006698689889162779, 0.0011351085267961025, 0.0020153385121375322, 0.9901509284973145]"
model\Dataset_Flood\non_flood\화면 캡처 2025-03-05 152953.jpg,non_flood,3,non_flood,3,0.9843983054161072,low,0.9749440178275108,non_flood,3,0.9842678904533386,low,0.9747739052399993,True,True,True,1.0,0.0002607685746625066,0.00015223075752146542,0.0001304149627685547,1.6376725398004055e-07,"[0.009454287588596344, 0.00459113297984004, 0.0015562635380774736, 0.9843983054161072]","[0.009493985213339329, 0.0046519688330590725, 0.0015860836720094085, 0.9842678904533386]"
model\Dataset_Flood\non_flood\화면 캡처 2025-03-05 153006.jpg,non_flood,3,non_flood,3,0.9932350516319275,low,0.9883800530806184,non_flood,3,0.9933171272277832,low,0.9885259065777063,True,True,True,1.0,0.0001642035786062479,0.00010520436626393348,8.207559585571289e-05,1.289772626478225e-07,"[0.004854998551309109, 0.0017568293260410428, 0.00015307773719541728, 0.9932350516319275]","[0.004791220650076866, 0.0017407415434718132, 0.00015081543824635446, 0.9933171272277832]"
model\Dataset_Flood\non_flood\화면 캡처 2025-03-05 153034.jpg,non_flood,3,non_flood,3,0.9466539025306702,low,0.9192776903510094,non_flood,3,0.9464650750160217,low,0.9190035853534937,True,True,True,0.9999999403953552,0.0003776075318455696,0.0002219297457486391,0.0001888275146484375,6.819026765469971e-08,"[0.027376212179660797, 0.013311552815139294, 0.012658342719078064, 0.9466539025306702]","[0.027461489662528038, 0.013385307975113392, 0.012688090093433857, 0.9464650750160217]"
model\Dataset_Flood\non_flood\화면 캡처 2025-03-05 153100.jpg,non_flood,3,non_flood,3,0.9750012755393982,low,0.9622988179326057,non_flood,3,0.9747055172920227,low,0.9618573803454638,True,True,True,1.0,0.0005915849469602108,0.0003463639586698264,0.0002957582473754883,4.972462193109095e-07,"[0.01270245760679245, 0.007991175167262554, 0.0043050367385149, 0.9750012755393982]","[0.012848136946558952, 0.008066732436418533, 0.004379626829177141, 0.9747055172920227]"
model\Dataset_Flood\non_flood\화면 캡처 2025-03-05 153117.jpg,non_flood,3,non_flood,3,0.7102364301681519,low,0.4678189307451248,non_flood,3,0.7104021906852722,low,0.4683000147342682,True,True,True,0.9999998807907104,0.0006306364084593952,0.0003829252382274717,0.00031532347202301025,1.573789631947875e-07,"[0.24241749942302704, 0.04650966450572014, 0.0008364536333829165, 0.7102364301681519]","[0.24210217595100403, 0.04664979875087738, 0.0008458718075416982, 0.7104021906852722]"
model\Dataset_Flood\non_flood\화면 캡처 2025-03-05 153135.jpg,non_flood,3,non_flood,3,0.7595492005348206,low,0.5898640900850296,non_flood,3,0.7606286406517029,low,0.5925049036741257,True,True,True,0.9999974370002747,0.003122778609395027,0.0019463736098259687,0.0015613734722137451,2.5736226234585047e-06,"[0.16968511044979095, 0.030756784602999687, 0.04000889137387276, 0.7595492005348206]","[0.1681237369775772, 0.03081182762980461, 0.04043581336736679, 0.7606286406517029]"
model\Dataset_Flood\non_flood\화면 캡처 2025-03-05 153152.jpg,non_flood,3,non_flood,3,0.9631230235099792,low,0.9441137425601482,non_flood,3,0.9626110792160034,low,0.9433027002960443,True,True,True,0.9999998807907104,0.0010238818358629942,0.0006217140471562743,0.0005119442939758301,9.664945537224412e-07,"[0.01900928094983101, 0.016056904569268227, 0.0018107956275343895, 0.9631230235099792]","[0.01930837891995907, 0.01624184660613537, 0.0018386931624263525, 0.9626110792160034]"
model\Dataset_Flood\non_flood\화면 캡처 2025-03-05 153209.jpg,non_flood,3,non_flood,3,0.9835312366485596,low,0.9691688232123852,non_flood,3,0.9834024906158447,low,0.968928181566298,True,True,True,1.0,0.00025753339286893606,0.00017104418657254428,0.00012874603271484375,1.5810290676654404e-07,"[0.014362413436174393, 0.0016091782599687576, 0.0004971317248418927, 0.9835312366485596]","[0.014474309049546719, 0.0016205633291974664, 0.0005026384023949504, 0.9834024906158447]"
model\Dataset_Flood\non_flood\화면 캡처 2025-03-05 153221.jpg,non_flood,3,non_flood,3,0.9667346477508545,low,0.9466449189931154,non_flood,3,0.9663923978805542,low,0.9461253937333822,True,True,True,1.0000001192092896,0.0006844885065220296,0.0004180973337497562,0.00034224987030029297,4.73250139521042e-07,"[0.020089728757739067, 0.012438585050404072, 0.0007370337843894958, 0.9667346477508545]","[0.020267004147171974, 0.012600556947290897, 0.0007400251342914999, 0.9663923978805542]"
model\Dataset_Flood\non_flood\화면 캡처 2025-03-05 153232.jpg,non_flood,3,non_flood,3,0.9652197360992432,low,0.9490774553269148,non_flood,3,0.9649397134780884,low,0.9487268049269915,True,True,True,0.9999999403953552,0.0005600252188742161,0.00032490023295395076,0.00028002262115478516,3.4577533369883895e-07,"[0.016142280772328377, 0.011532112024724483, 0.007105913944542408, 0.9652197360992432]","[0.016212908551096916, 0.01164776086807251, 0.007199639920145273, 0.9649397134780884]"
model\Dataset_Flood\non_flood\화면 캡처 2025-03-05 153248.jpg,non_flood,3,non_flood,3,0.8655595183372498,low,0.7400111556053162,non_flood,3,0.8656666278839111,low,0.7402262687683105,True,True,True,1.0,0.00023422343656420708,0.00015270976291503757,0.00010800361633300781,,"[0.1255483627319336, 0.006855426821857691, 0.002036689082160592, 0.8655595183372498]","[0.12544035911560059, 0.006865448318421841, 0.0020276003051549196, 0.8656666278839111]"
model\Dataset_Flood\non_flood\화면 캡처 2025-03-05 153259.jpg,non_flood,3,non_flood,3,0.970893144607544,medium,0.9541671685874462,non_flood,3,0.9703409075737,medium,0.9533222522586584,True,True,True,0.9999998807907104,0.0011044603306800127,0.0006590444827452302,0.0005522370338439941,1.356835014121316e-06,"[0.008887720294296741, 0.016725976020097733, 0.003493130672723055, 0.970893144607544]","[0.009088313207030296, 0.017018655315041542, 0.003552081761881709, 0.9703409075737]"
model\Dataset_Flood\non_flood\화면 캡처 2025-03-05 153313.jpg,non_flood,3,non_flood,3,0.7703647017478943,low,0.6082556396722794,non_flood,3,0.7711105346679688,low,0.6102551966905594,True,True,True,0.9999983906745911,0.002507354598492384,0.0015208916738629341,0.0012537240982055664,1.8399585997030954e-06,"[0.16210906207561493, 0.06309693306684494, 0.004429374821484089, 0.7703647017478943]","[0.16085533797740936, 0.06351830065250397, 0.0045158048160374165, 0.7711105346679688]"
model\Dataset_Flood\non_flood\화면 캡처 2025-03-05 153324.jpg,non_flood,3,non_flood,3,0.9898998141288757,low,0.9832115899771452,non_flood,3,0.9898402690887451,low,0.9831258873455226,True,True,True,0.9999999403953552,0.00011911825276911259,6.930542440386489e-05,5.9545040130615234e-05,2.614251570776105e-08,"[0.006688224151730537, 0.0016271957429125905, 0.0017847787821665406, 0.9898998141288757]","[0.006714381743222475, 0.0016466520028188825, 0.0017987381434068084, 0.9898402690887451]"
model\Dataset_Flood\non_flood\화면 캡처 2025-03-05 153348.jpg,non_flood,3,non_flood,3,0.9826248288154602,low,0.97107117716223,non_flood,3,0.9827662706375122,low,0.9713345244526863,True,True,True,1.0,0.00028293562354519963,0.0001872963912319392,0.00014144182205200195,1.4507168089039624e-07,"[0.01155365165323019, 0.00504728639498353, 0.0007742855814285576, 0.9826248288154602]","[0.011431746184825897, 0.005034224595874548, 0.0007677590474486351, 0.9827662706375122]"
model\Dataset_Flood\non_flood\화면 캡처 2025-03-05 153403.jpg,non_flood,3,non_flood,3,0.9831864833831787,low,0.9698736974969506,non_flood,3,0.9828194975852966,low,0.9691996620967984,True,True,True,0.9999999403953552,0.0007339835283346474,0.00048146917833946645,0.0003669857978820801,9.90381636256643e-07,"[0.013312785886228085, 0.003006179817020893, 0.000494542415253818, 0.9831864833831787]","[0.013619835488498211, 0.0030591501854360104, 0.0005015201750211418, 0.9828194975852966]"
model\Dataset_Flood\non_flood\화면 캡처 2025-03-05 153417.jpg,non_flood,3,non_flood,3,0.9980013966560364,medium,0.9968594036763534,non_flood,3,0.9980225563049316,medium,0.9968878340441734,True,True,True,0.9999999403953552,4.222861025482416e-05,2.4759332518442534e-05,2.1159648895263672e-05,3.4525783121353015e-08,"[0.0005473975325003266, 0.001141992979682982, 0.0003091677208431065, 0.9980013966560364]","[0.000537562882527709, 0.0011347222607582808, 0.00030520412838086486, 0.9980225563049316]"
model\Dataset_Flood\non_flood\화면 캡처 2025-03-05 153429.jpg,non_flood,3,non_flood,3,0.9090715050697327,low,0.8261863738298416,non_flood,3,0.9091282486915588,low,0.8262917771935463,True,True,True,1.0,0.00012085959315299988,7.576435746159405e-05,5.6743621826171875e-05,2.150500044706405e-08,"[0.08288513123989105, 0.006727205589413643, 0.001316204434260726, 0.9090715050697327]","[0.08283647149801254, 0.006730860564857721, 0.001304403180256486, 0.9091282486915588]"
model\Dataset_Flood\non_flood\화면 캡처 2025-03-05 153447.jpg,non_flood,3,non_flood,3,0.9213099479675293,low,0.8630046769976616,non_flood,3,0.9209457039833069,low,0.8622968606650829,True,True,True,0.9999997615814209,0.0008455934002995491,0.0005103152943775058,0.0003642439842224121,3.937457506708597e-07,"[0.058305270969867706, 0.009109693579375744, 0.011275019496679306, 0.9213099479675293]","[0.05864884331822395, 0.009188945405185223, 0.011216494254767895, 0.9209457039833069]"
model\Dataset_Flood\non_flood\화면 캡처 2025-03-05 153459.jpg,non_flood,3,non_flood,3,0.9745069146156311,high,0.9520079530775547,non_flood,3,0.9743717312812805,high,0.9517713189125061,True,True,True,1.0,0.00027035450330004096,0.00017079619283322245,0.00013518333435058594,1.1144220479764044e-07,"[0.0007046033279038966, 0.0022894470021128654, 0.0224989615380764, 0.9745069146156311]","[0.0007172205951064825, 0.0023105500731617212, 0.022600412368774414, 0.9743717312812805]"
model\Dataset_Flood\non_flood\화면 캡처 2025-03-05 153513.jpg,non_flood,3,non_flood,3,0.9692716598510742,low,0.9538608640432358,non_flood,3,0.9691734313964844,low,0.9536638176068664,True,True,True,1.0,0.00020533660426735878,0.0001394576538586989,9.881798177957535e-05,5.075344233773649e-08,"[0.01541079580783844, 0.00998008344322443, 0.005337543785572052, 0.9692716598510742]","[0.015509613789618015, 0.009975585155189037, 0.005341335665434599, 0.9691734313964844]"
model\Dataset_Flood\non_flood\화면 캡처 2025-03-05 153533.jpg,non_flood,3,non_flood,3,0.4352780878543854,high,0.04186868667602539,non_flood,3,0.4348996579647064,high,0.04148834943771362,True,True,True,0.9999998211860657,0.0007568001747131348,0.00046313510392792523,0.0003784298896789551,1.779626330744577e-07,"[0.12486787885427475, 0.04644464701414108, 0.39340940117836, 0.4352780878543854]","[0.1250416338443756, 0.04664735496044159, 0.3934113085269928, 0.4348996579647064]"
model\Dataset_Flood\non_flood\화면 캡처 2025-03-05 153554.jpg,non_flood,3,non_flood,3,0.9909157156944275,low,0.9829095918685198,non_flood,3,0.9907508492469788,low,0.9825962306931615,True,True,True,1.0,0.0003298225055914372,0.00022222341794986278,0.00016486644744873047,4.0551819324718963e-07,"[0.008006123825907707, 0.0007131986785680056, 0.00036489643389359117, 0.9909157156944275]","[0.008154618553817272, 0.0007242689607664943, 0.00037028748192824423, 0.9907508492469788]"
model\Dataset_Flood\non_flood\화면 캡처 2025-03-05 153607.jpg,non_flood,3,non_flood,3,0.9971436858177185,low,0.9954826268367469,non_flood,3,0.9971398115158081,low,0.995475705829449,True,True,True,1.0,1.1550378985702991e-05,5.944357781118015e-06,3.874301910400391e-06,3.2737375477154274e-08,"[0.0016610589809715748, 0.0008081174455583096, 0.00038721627788618207, 0.9971436858177185]","[0.0016641056863591075, 0.0008108366164378822, 0.0003853060770779848, 0.9971398115158081]"
model\Dataset_Flood\non_flood\화면 캡처 2025-03-05 153618.jpg,non_flood,3,non_flood,3,0.9960666298866272,low,0.9931391910649836,non_flood,3,0.9960501790046692,low,0.9931132206693292,True,True,True,1.0,3.2762589398771524e-05,1.968558171938639e-05,1.6450881958007812e-05,3.997228859020652e-08,"[0.002927438821643591, 0.0004753358953166753, 0.0005306756938807666, 0.9960666298866272]","[0.002936958335340023, 0.0004774665867444128, 0.0005353371961973608, 0.9960501790046692]"
model\Dataset_Flood\non_flood\화면 캡처 2025-03-05 153633.jpg,non_flood,3,non_flood,3,0.9894982576370239,high,0.9847491919063032,non_flood,3,0.9893792271614075,high,0.9845676082186401,True,True,True,1.0000001192092896,0.0002380490768700838,0.00014053196355234832,0.00011903047561645508,1.5244768292177469e-07,"[0.0032952853944152594, 0.0024574294220656157, 0.0047490657307207584, 0.9894982576370239]","[0.003317439230158925, 0.0024917409755289555, 0.004811618942767382, 0.9893792271614075]"
model\Dataset_Flood\non_flood\화면 캡처 2025-03-05 153645.jpg,non_flood,3,non_flood,3,0.9932661056518555,low,0.9881855989806354,non_flood,3,0.9932077527046204,low,0.9880953086540103,True,True,True,0.9999999403953552,0.00011664602789096534,7.002851634752005e-05,5.835294723510742e-05,7.779545541097832e-08,"[0.005080506671220064, 0.0013785564806312323, 0.00027483783196657896, 0.9932661056518555]","[0.0051124440506100655, 0.001399846631102264, 0.0002799033827614039, 0.9932077527046204]"
model\Dataset_Flood\non_flood\화면 캡처 2025-03-05 153657.jpg,non_flood,3,non_flood,3,0.9669491648674011,low,0.9457701276987791,non_flood,3,0.9668712615966797,low,0.9455879647284746,True,True,True,0.9999999403953552,0.00020851567387580872,0.00013152247993275523,0.00010425969958305359,7.527523138151082e-08,"[0.021179037168622017, 0.009741604328155518, 0.0021301605738699436, 0.9669491648674011]","[0.02128329686820507, 0.009725986048579216, 0.0021194261498749256, 0.9668712615966797]"
model\Dataset_Flood\non_flood\화면 캡처 2025-03-05 153712.jpg,non_flood,3,non_flood,3,0.9682056307792664,low,0.9515449292957783,non_flood,3,0.9681735634803772,low,0.9515082333236933,True,True,True,0.9999999403953552,8.435966446995735e-05,5.063110438641161e-05,3.757700324058533e-05,1.9079381630149328e-08,"[0.016660701483488083, 0.01080254651606083, 0.004331132397055626, 0.9682056307792664]","[0.016665330156683922, 0.010840123519301414, 0.004321045707911253, 0.9681735634803772]"
model\Dataset_Flood\non_flood\화면 캡처 2025-03-05 153721.jpg,non_flood,3,non_flood,3,0.986142098903656,low,0.9738747868686914,non_flood,3,0.9861576557159424,low,0.9739002417773008,True,True,True,1.0,3.10793038806878e-05,1.8959661247208714e-05,1.5556812286376953e-05,6.38419805909507e-09,"[0.012267312034964561, 0.0015128179220482707, 7.771857781335711e-05, 0.986142098903656]","[0.012257413938641548, 0.0015086519997566938, 7.626010483363643e-05, 0.9861576557159424]"
model\Dataset_Flood\non_flood\화면 캡처 2025-03-05 153735.jpg,non_flood,3,non_flood,3,0.9936589598655701,medium,0.9890314945951104,non_flood,3,0.9936698079109192,medium,0.9890534328296781,True,True,True,1.0,2.208902151323855e-05,1.551404784549959e-05,1.1090189218521118e-05,3.331933484673755e-08,"[0.0012760006356984377, 0.004627465270459652, 0.000437594746472314, 0.9936589598655701]","[0.0012761070393025875, 0.004616375081241131, 0.0004376391298137605, 0.9936698079109192]"
model\Dataset_Flood\non_flood\화면 캡처 2025-03-05 153747.jpg,non_flood,3,non_flood,3,0.9861337542533875,low,0.9756766129285097,non_flood,3,0.9861946105957031,low,0.9757858226075768,True,True,True,1.0,0.00012510688975453377,7.903199730208144e-05,6.085634231567383e-05,7.625204290206966e-08,"[0.010457141324877739, 0.0020211334340274334, 0.0013879116158932447, 0.9861337542533875]","[0.010408787988126278, 0.00202283076941967, 0.0013737117405980825, 0.9861946105957031]"
model\Dataset_Flood\non_flood\화면 캡처 2025-03-05 153800.jpg,non_flood,3,non_flood,3,0.9908456206321716,medium,0.9862849749624729,non_flood,3,0.9907936453819275,medium,0.9862013724632561,True,True,True,1.0,0.00010397436562925577,6.256395863601938e-05,5.1975250244140625e-05,4.5547494664788246e-08,"[0.00393565883859992, 0.004560645669698715, 0.0006580627523362637, 0.9908456206321716]","[0.003947431221604347, 0.0045922729186713696, 0.0006666622357442975, 0.9907936453819275]"
model\Dataset_Flood\non_flood\화면 캡처 2025-03-05 153812.jpg,non_flood,3,non_flood,3,0.9087910056114197,low,0.8358696028590202,non_flood,3,0.909459114074707,low,0.8370627909898758,True,True,True,0.9999997615814209,0.0013361955061554909,0.0008579657878726721,0.0006681084632873535,6.884947651997209e-07,"[0.07292140275239944, 0.012183800339698792, 0.0061037372797727585, 0.9087910056114197]","[0.07239632308483124, 0.01206869538873434, 0.006075834855437279, 0.909459114074707]"
model\Dataset_Flood\non_flood\화면 캡처 2025-03-05 153835.jpg,non_flood,3,non_flood,3,0.6690519452095032,medium,0.4397841542959213,non_flood,3,0.6713599562644958,medium,0.4426303654909134,True,True,True,0.9999948740005493,0.00461598951369524,0.002905393484979868,0.0023080110549926758,5.0783851293090265e-06,"[0.09357557445764542, 0.22926779091358185, 0.008104690350592136, 0.6690519452095032]","[0.0918973758816719, 0.22872959077358246, 0.008013110607862473, 0.6713599562644958]"
model\Dataset_Flood\non_flood\화면 캡처 2025-03-05 153850.jpg,non_flood,3,non_flood,3,0.983875036239624,low,0.9763193381950259,non_flood,3,0.9839059710502625,low,0.9764309818856418,True,True,True,1.0,0.00016139470972120762,9.444098395761102e-05,8.070887997746468e-05,1.7450383893446997e-07,"[0.007555698044598103, 0.006074063945561647, 0.0024952655658125877, 0.983875036239624]","[0.007474989164620638, 0.006109201814979315, 0.0025098787155002356, 0.9839059710502625]"
model\Dataset_Flood\non_flood\화면 캡처 2025-03-05 153859.jpg,non_flood,3,non_flood,3,0.9823186993598938,medium,0.9672402115538716,non_flood,3,0.9825671315193176,medium,0.9677177602425218,True,True,True,1.0,0.0004969199653714895,0.0003382388676982373,0.0002484321594238281,4.950634320266545e-07,"[0.001268428866751492, 0.015078487806022167, 0.001334348926320672, 0.9823186993598938]","[0.0012603206560015678, 0.014849371276795864, 0.001323085860349238, 0.9825671315193176]"
model\Dataset_Flood\non_flood\화면 캡처 2025-03-05 155955.jpg,non_flood,3,low,0,0.6419015526771545,non_flood,0.354444295167923,low,0,0.6436768174171448,non_flood,0.3581288754940033,False,False,True,0.9999939799308777,0.0038203527219593525,0.0026106033474206924,0.0019093155860900879,2.236658474430442e-06,"[0.6419015526771545, 0.06836634874343872, 0.0022748771589249372, 0.28745725750923157]","[0.6436768174171448, 0.06850124895572662, 0.00227400497533381, 0.2855479419231415]"
model\Dataset_Flood\non_flood\화면 캡처 2025-03-05 160126.jpg,non_flood,3,non_flood,3,0.896009087562561,low,0.806086041033268,non_flood,3,0.8953704833984375,low,0.804730124771595,True,True,True,0.9999996423721313,0.0014346973039209843,0.0009634849848225713,0.0007173120975494385,8.790958077042887e-07,"[0.08992304652929306, 0.008838477544486523, 0.005229390226304531, 0.896009087562561]","[0.0906403586268425, 0.00883682444691658, 0.005152262281626463, 0.8953704833984375]"
model\Dataset_Flood\non_flood\화면 캡처 2025-03-05 160226.jpg,non_flood,3,non_flood,3,0.8066843152046204,low,0.6839750185608864,non_flood,3,0.8073614239692688,low,0.6843721717596054,True,True,True,0.9999992847442627,0.001914145890623331,0.0011799141066148877,0.0009242668747901917,1.819091266952455e-06,"[0.12270929664373398, 0.06548884510993958, 0.005117548629641533, 0.8066843152046204]","[0.12298925220966339, 0.06456457823514938, 0.005084733944386244, 0.8073614239692688]"
model\Dataset_Flood\non_flood\화면 캡처 2025-03-05 160308.jpg,non_flood,3,non_flood,3,0.9056693911552429,low,0.825527124106884,non_flood,3,0.905529797077179,low,0.8252947852015495,True,True,True,1.0000001192092896,0.00032094400376081467,0.00018195951997768134,0.00013959407806396484,1.5073965187184513e-07,"[0.08014226704835892, 0.004390401765704155, 0.009797973558306694, 0.9056693911552429]","[0.08023501187562943, 0.0044581107795238495, 0.009777077473700047, 0.905529797077179]"
model\Dataset_Flood\non_flood\화면 캡처 2025-03-05 160330.jpg,non_flood,3,non_flood,3,0.5251773595809937,low,0.13385820388793945,non_flood,3,0.5239863395690918,low,0.13122457265853882,True,True,True,0.9999958872795105,0.002885031048208475,0.0018857184331864119,0.0014426112174987793,1.120759520745196e-06,"[0.3913191556930542, 0.08271918445825577, 0.0007842021877877414, 0.5251773595809937]","[0.392761766910553, 0.08248240500688553, 0.0007695818785578012, 0.5239863395690918]"
model\Dataset_Flood\non_flood\화면 캡처 2025-03-05 160346.jpg,non_flood,3,low,0,0.6758483648300171,non_flood,0.4914717376232147,low,0,0.6801097393035889,non_flood,0.5002702623605728,False,False,True,0.9999703168869019,0.009109423495829105,0.006231485866010189,0.004537150263786316,1.7535288861836307e-05,"[0.6758483648300171, 0.13172534108161926, 0.008049610070884228, 0.18437662720680237]","[0.6801097393035889, 0.13201870024204254, 0.008032070472836494, 0.17983947694301605]"
model\Dataset_Flood\non_flood\화면 캡처 2025-03-05 161442.jpg,non_flood,3,non_flood,3,0.7651219367980957,low,0.5506978183984756,non_flood,3,0.7634210586547852,low,0.5473388433456421,True,True,True,0.9999967813491821,0.0034118813928216696,0.002375833922997117,0.0017008781433105469,2.079352270811796e-06,"[0.21442411839962006, 0.018561003729701042, 0.00189294817391783, 0.7651219367980957]","[0.21608221530914307, 0.01860884763300419, 0.001887885737232864, 0.7634210586547852]"
model\Dataset_Flood\non_flood\화면 캡처 2025-03-05 161503.jpg,non_flood,3,non_flood,3,0.9173034429550171,low,0.8380641862750053,non_flood,3,0.9177377223968506,low,0.8389047905802727,True,True,True,0.9999999403953552,0.0008699437603354454,0.0005954144289717078,0.0004342794418334961,3.3799733500927687e-07,"[0.07923925668001175, 0.0014404128305613995, 0.002016956452280283, 0.9173034429550171]","[0.07883293181657791, 0.0014411290176212788, 0.001988333184272051, 0.9177377223968506]"
model\Dataset_Flood\non_flood\화면 캡처 2025-03-05 161537.jpg,non_flood,3,non_flood,3,0.8599639534950256,low,0.794305145740509,non_flood,3,0.8600213527679443,low,0.7940378859639168,True,True,True,0.9999998211860657,0.0007935203611850739,0.0005160979926586151,0.00039679184556007385,5.606625563814305e-07,"[0.0656588077545166, 0.01526111550629139, 0.059116169810295105, 0.8599639534950256]","[0.06598346680402756, 0.015275785699486732, 0.05871937796473503, 0.8600213527679443]"
model\Dataset_Flood\non_flood\화면 캡처 2025-03-05 164114.jpg,non_flood,3,low,0,0.46544525027275085,non_flood,0.034836411476135254,low,0,0.4680919349193573,non_flood,0.03984484076499939,False,False,True,0.9999846816062927,0.005311783403158188,0.0035594129003584385,0.0026466846466064453,3.667257260531187e-06,"[0.46544525027275085, 0.07199300080537796, 0.03195296600461006, 0.4306088387966156]","[0.4680919349193573, 0.07169879227876663, 0.031962111592292786, 0.4282470941543579]"
model\Dataset_Flood\non_flood\화면 캡처 2025-03-05 164129.jpg,non_flood,3,non_flood,3,0.9559555053710938,low,0.929232744500041,non_flood,3,0.9561970829963684,low,0.9297493174672127,True,True,True,1.0,0.0005680769681930542,0.00036860082764178514,0.0002749953418970108,4.137291682582145e-07,"[0.026722760871052742, 0.014893400482833385, 0.002428376115858555, 0.9559555053710938]","[0.02644776552915573, 0.014935856685042381, 0.0024193283170461655, 0.9561970829963684]"
model\Dataset_Flood\non_flood\화면 캡처 2025-03-05 164144.jpg,non_flood,3,non_flood,3,0.893845796585083,low,0.8151440918445587,non_flood,3,0.8927634358406067,low,0.8132859244942665,True,True,True,0.9999994039535522,0.0021648239344358444,0.001359977526590228,0.0010823607444763184,1.5407277942358633e-06,"[0.07870170474052429, 0.024212459102272987, 0.003240000456571579, 0.893845796585083]","[0.07947751134634018, 0.024486491456627846, 0.003272624686360359, 0.8927634358406067]"
model\Dataset_Flood\non_flood\화면 캡처 2025-03-05 164154.jpg,non_flood,3,non_flood,3,0.8562830090522766,low,0.7209538072347641,non_flood,3,0.8563823699951172,low,0.7211869060993195,True,True,True,1.0000001192092896,0.00028041296172887087,0.00017166139150504023,0.00013373792171478271,7.433845894411206e-08,"[0.1353292018175125, 0.006765549071133137, 0.0016222723061218858, 0.8562830090522766]","[0.13519546389579773, 0.0068063801154494286, 0.0016157892532646656, 0.8563823699951172]"
model\Dataset_Flood\non_flood\화면 캡처 2025-03-05 164210.jpg,non_flood,3,non_flood,3,0.9278727173805237,low,0.8838892728090286,non_flood,3,0.9283124208450317,low,0.884540431201458,True,True,True,0.9999999403953552,0.0008799885981716216,0.0005387519486248493,0.00043970346450805664,3.9127914419623266e-07,"[0.043983444571495056, 0.027439633384346962, 0.0007041479111649096, 0.9278727173805237]","[0.04377198964357376, 0.027211157605051994, 0.0007045023376122117, 0.9283124208450317]"
model\Dataset_Flood\non_flood\화면 캡처 2025-03-05 164238.jpg,non_flood,3,non_flood,3,0.5269559025764465,low,0.10606497526168823,non_flood,3,0.5240009427070618,low,0.1001037061214447,True,True,True,0.9999806880950928,0.006156537681818008,0.0042178272269666195,0.0030063092708587646,4.8421793508168776e-06,"[0.4208909273147583, 0.029292786493897438, 0.02286040224134922, 0.5269559025764465]","[0.42389723658561707, 0.029364747926592827, 0.02273709513247013, 0.5240009427070618]"
model\Dataset_Flood\non_flood\화면 캡처 2025-03-05 164255.jpg,non_flood,3,non_flood,3,0.86463862657547,low,0.7319033294916153,non_flood,3,0.8684962391853333,low,0.7395826876163483,True,True,True,0.9999876618385315,0.00771527923643589,0.005430259741842747,0.0038576126098632812,1.6138537830556743e-05,"[0.13273529708385468, 0.00220761401578784, 0.0004184615390840918, 0.86463862657547]","[0.12891355156898499, 0.0021807074081152678, 0.00040944686043076217, 0.8684962391853333]"
model\Dataset_Flood\non_flood\화면 캡처 2025-03-05 164311.jpg,non_flood,3,non_flood,3,0.9072123765945435,low,0.8519025519490242,non_flood,3,0.9074989557266235,low,0.8522995673120022,True,True,True,1.0,0.0005732458084821701,0.000353244278812781,0.0002865791320800781,2.8443898258956324e-07,"[0.05530982464551926, 0.017658649012446404, 0.019819185137748718, 0.9072123765945435]","[0.05519938841462135, 0.017484135925769806, 0.019817467778921127, 0.9074989557266235]"
model\Dataset_Flood\non_flood\화면 캡처 2025-03-05 164421.jpg,non_flood,3,low,0,0.5430336594581604,non_flood,0.15959814190864563,low,0,0.5461970567703247,non_flood,0.1652446687221527,False,False,True,0.999983012676239,0.006326775997877121,0.004050862044095993,0.0031633973121643066,5.3572584874928e-06,"[0.5430336594581604, 0.05133553594350815, 0.02219528704881668, 0.38343551754951477]","[0.5461970567703247, 0.05104590579867363, 0.02180466800928116, 0.380952388048172]"
model\Dataset_Flood\non_flood\화면 캡처 2025-03-05 164447.jpg,non_flood,3,non_flood,3,0.91831374168396,low,0.8754525817930698,non_flood,3,0.9179745316505432,low,0.8748055994510651,True,True,True,1.0,0.0006983578205108643,0.00046000172733329237,0.00033921003341674805,3.258683136664331e-07,"[0.04286115989089012, 0.0339810736477375, 0.004844049457460642, 0.91831374168396]","[0.04316893219947815, 0.034022487699985504, 0.004834088031202555, 0.9179745316505432]"
model\Dataset_Flood\non_flood\화면 캡처 2025-03-05 165840.jpg,non_flood,3,non_flood,3,0.877263605594635,low,0.7928007021546364,non_flood,3,0.8775946497917175,low,0.7930862978100777,True,True,True,1.0,0.0007529195863753557,0.0004685793537646532,0.00033104419708251953,5.031906766816974e-07,"[0.08446290343999863, 0.035197190940380096, 0.0030762911774218082, 0.877263605594635]","[0.08450835198163986, 0.03487284854054451, 0.003024206729605794, 0.8775946497917175]"
model\Dataset_Flood\non_flood\화면 캡처 2025-03-05 165942.jpg,non_flood,3,non_flood,3,0.9775514006614685,low,0.9572226591408253,non_flood,3,0.9777359962463379,low,0.9575903695076704,True,True,True,1.0,0.00037012144457548857,0.0002600203442852944,0.00018459558486938477,2.1246161452381784e-07,"[0.020328741520643234, 0.001616029185242951, 0.0005038060480728745, 0.9775514006614685]","[0.020145626738667488, 0.0016164854168891907, 0.0005018512019887567, 0.9777359962463379]"
model\Dataset_Flood\non_flood\화면 캡처 2025-03-05 172001.jpg,non_flood,3,non_flood,3,0.9879393577575684,low,0.9818337075412273,non_flood,3,0.9878749251365662,low,0.9817579328082502,True,True,True,0.9999999403953552,0.00012892449740320444,7.79662441345863e-05,6.443262100219727e-05,6.307163857854903e-08,"[0.006105650216341019, 0.0017977338284254074, 0.004157226532697678, 0.9879393577575684]","[0.006116992328315973, 0.0018104148330166936, 0.004197695292532444, 0.9878749251365662]"
model\Dataset_Flood\non_flood\화면 캡처 2025-03-05 172047.jpg,non_flood,3,non_flood,3,0.988925039768219,low,0.9842064720578492,non_flood,3,0.9888172149658203,low,0.9840544085018337,True,True,True,1.0000001192092896,0.00021573994308710098,0.0001249588094651699,0.00010782480239868164,1.0738403943832964e-07,"[0.004718567710369825, 0.002274536993354559, 0.004081827122718096, 0.988925039768219]","[0.004762806463986635, 0.0023049423471093178, 0.0041150981560349464, 0.9888172149658203]"
model\Dataset_Flood\non_flood\화면 캡처 2025-03-05 172100.jpg,non_flood,3,non_flood,3,0.9174988865852356,medium,0.8783059194684029,non_flood,3,0.9164816737174988,medium,0.8769529089331627,True,True,True,0.9999997019767761,0.002034611999988556,0.0012396579841151834,0.0010172128677368164,1.9678554963320494e-06,"[0.033597059547901154, 0.03919296711683273, 0.009710988029837608, 0.9174988865852356]","[0.03421802073717117, 0.03952876478433609, 0.009771628305315971, 0.9164816737174988]"
model\Dataset_Flood\non_flood\화면 캡처 2025-03-05 172133.jpg,non_flood,3,non_flood,3,0.9758976101875305,medium,0.9628542782738805,non_flood,3,0.975445032119751,medium,0.9620994376018643,True,True,True,0.9999999403953552,0.0009051701053977013,0.0005618227878585458,0.000452578067779541,1.1793163139373064e-06,"[0.009812052361667156, 0.013043331913650036, 0.0012469753855839372, 0.9758976101875305]","[0.009951075538992882, 0.013345594517886639, 0.001258281641639769, 0.975445032119751]"
model\Dataset_Flood\non_flood\화면 캡처 2025-03-05 172144.jpg,non_flood,3,non_flood,3,0.990504801273346,medium,0.9853248735889792,non_flood,3,0.9903973340988159,medium,0.9851521737873554,True,True,True,1.0,0.00022166123380884528,0.000133762790937908,0.0001074671745300293,1.7419188225176185e-07,"[0.003782247193157673, 0.005179927684366703, 0.0005330126150511205, 0.990504801273346]","[0.00382781564258039, 0.005245160311460495, 0.0005296196322888136, 0.9903973340988159]"
model\Dataset_Flood\non_flood\화면 캡처 2025-03-05 172154.jpg,non_flood,3,non_flood,3,0.9951000809669495,low,0.9933597960043699,non_flood,3,0.9949833154678345,low,0.9932000177213922,True,True,True,0.9999999403953552,0.0002334559103474021,0.00013496824249159545,0.00011676549911499023,3.4532970971667964e-07,"[0.001740284962579608, 0.0014797260519117117, 0.001679947366937995, 0.9951000809669495]","[0.0017832977464422584, 0.001513569033704698, 0.00171978201251477, 0.9949833154678345]"
model\Dataset_Flood\non_flood\화면 캡처 2025-03-05 172203.jpg,non_flood,3,non_flood,3,0.9956260919570923,high,0.9940670569194481,non_flood,3,0.9955692887306213,high,0.993980594095774,True,True,True,0.9999999403953552,0.00011363520752638578,6.812575156800449e-05,5.6803226470947266e-05,8.454663458223877e-08,"[0.0015175369335338473, 0.0012973151169717312, 0.0015590350376442075, 0.9956260919570923]","[0.0015402239514514804, 0.0013018004829064012, 0.001588694634847343, 0.9955692887306213]"
model\Dataset_Flood\non_flood\화면 캡처 2025-03-05 172215.jpg,non_flood,3,non_flood,3,0.995808482170105,high,0.9938988134963438,non_flood,3,0.9957624077796936,high,0.9938307158881798,True,True,True,0.9999999403953552,9.223353117704391e-05,5.386579505284317e-05,4.607439041137695e-05,9.337964002043009e-08,"[0.001248907414264977, 0.0010329169454053044, 0.001909668673761189, 0.995808482170105]","[0.0012620664201676846, 0.001043893862515688, 0.0019316918915137649, 0.9957624077796936]"
model\Dataset_Flood\non_flood\화면 캡처 2025-03-05 172224.jpg,non_flood,3,non_flood,3,0.9419987201690674,low,0.9130096510052681,non_flood,3,0.9418653845787048,low,0.9127863235771656,True,True,True,1.0,0.00030924007296562195,0.0001746659545460716,0.00013333559036254883,7.071867003105581e-08,"[0.028989069163799286, 0.020413439720869064, 0.008598793298006058, 0.9419987201690674]","[0.02907906100153923, 0.020392172038555145, 0.008663438260555267, 0.9418653845787048]"
model\Dataset_Flood\non_flood\화면 캡처 2025-03-05 172234.jpg,non_flood,3,non_flood,3,0.9847939610481262,low,0.977143781259656,non_flood,3,0.9849408268928528,low,0.9773949668742716,True,True,True,1.0000001192092896,0.0002965735038742423,0.00018544099293649197,0.0001468658447265625,2.2034146240912378e-07,"[0.007650179788470268, 0.006313642021268606, 0.001242262776941061, 0.9847939610481262]","[0.007545860018581152, 0.006269662640988827, 0.001243671285919845, 0.9849408268928528]"
model\Dataset_Flood\non_flood\화면 캡처 2025-03-05 172249.jpg,non_flood,3,non_flood,3,0.9727711081504822,medium,0.9534222651273012,non_flood,3,0.9723925590515137,medium,0.9527578745037317,True,True,True,1.0,0.0007570195011794567,0.00047887308755889535,0.00037854909896850586,6.766858291484823e-07,"[0.0041812933050096035, 0.01934884302318096, 0.003698765067383647, 0.9727711081504822]","[0.004231113009154797, 0.019634684547781944, 0.003741574240848422, 0.9723925590515137]"
model\Dataset_Flood\non_flood\화면 캡처 2025-03-05 172300.jpg,non_flood,3,non_flood,3,0.9829180836677551,low,0.9746734201908112,non_flood,3,0.9826256036758423,low,0.9742473233491182,True,True,True,1.0,0.000584872905164957,0.00034125923411920667,0.0002924799919128418,6.335831130854785e-07,"[0.00824466347694397, 0.005008034408092499, 0.0038292445242404938, 0.9829180836677551]","[0.008378280326724052, 0.005102504510432482, 0.0038935504853725433, 0.9826256036758423]"
model\Dataset_Flood\non_flood\화면 캡처 2025-03-05 172321.jpg,non_flood,3,non_flood,3,0.9880335927009583,low,0.9795465487986803,non_flood,3,0.9879343509674072,low,0.9793762695044279,True,True,True,1.0,0.00019866880029439926,0.00012382327986415476,9.924173355102539e-05,1.3390672393143177e-07,"[0.008487043902277946, 0.002223116811364889, 0.0012561341281980276, 0.9880335927009583]","[0.008558081462979317, 0.0022414326667785645, 0.001266207778826356, 0.9879343509674072]"
model\Dataset_Flood\non_flood\화면 캡처 2025-03-05 172345.jpg,non_flood,3,non_flood,3,0.9014877676963806,low,0.8211715221405029,non_flood,3,0.9008005857467651,low,0.8199682310223579,True,True,True,0.9999997615814209,0.0013743960298597813,0.0008717973250895739,0.0006871819496154785,7.387862410723756e-07,"[0.08031624555587769, 0.011720090173184872, 0.0064758723601698875, 0.9014877676963806]","[0.0808323547244072, 0.011863971129059792, 0.00650309631600976, 0.9008005857467651]"
model\Dataset_Flood\non_flood\화면 캡처 2025-03-05 172356.jpg,non_flood,3,non_flood,3,0.9853482842445374,low,0.974987437017262,non_flood,3,0.9854423999786377,low,0.9751486368477345,True,True,True,1.0,0.00018814648501574993,0.00011721227201633155,9.41157341003418e-05,5.007677472690375e-08,"[0.010360847227275372, 0.0018004400189965963, 0.002490419428795576, 0.9853482842445374]","[0.010293763130903244, 0.001783999614417553, 0.002479913178831339, 0.9854423999786377]"
model\Dataset_Flood\non_flood\화면 캡처 2025-03-05 172413.jpg,non_flood,3,non_flood,3,0.9239128828048706,low,0.8807231076061726,non_flood,3,0.9242435097694397,low,0.8811650946736336,True,True,True,0.9999999403953552,0.0006612245924770832,0.0004041941720061004,0.0003306269645690918,2.1639424119257455e-07,"[0.043189775198698044, 0.02772793360054493, 0.005169385578483343, 0.9239128828048706]","[0.04307841509580612, 0.027524439617991447, 0.005153642036020756, 0.9242435097694397]"
model\Dataset_Flood\non_flood\화면 캡처 2025-03-05 172439.jpg,non_flood,3,non_flood,3,0.9100039005279541,low,0.8380435258150101,non_flood,3,0.9099212884902954,low,0.8380180299282074,True,True,True,1.0,0.00027958047576248646,0.0001679086999502033,0.00013445131480693817,1.0974508768413216e-07,"[0.07196037471294403, 0.01685585267841816, 0.0011797946644946933, 0.9100039005279541]","[0.07190325856208801, 0.016990303993225098, 0.001185195636935532, 0.9099212884902954]"
model\Dataset_Flood\non_flood\화면 캡처 2025-03-05 172557.jpg,non_flood,3,non_flood,3,0.9285064339637756,low,0.8691985718905926,non_flood,3,0.928115725517273,low,0.8685077652335167,True,True,True,0.9999999403953552,0.000781273003667593,0.0004995176568627357,0.00039070844650268555,3.4005640259238135e-07,"[0.05930786207318306, 0.008732498623430729, 0.003453254234045744, 0.9285064339637756]","[0.059607960283756256, 0.00881456770002842, 0.0034616515040397644, 0.928115725517273]"
model\Dataset_Flood\non_flood\화면 캡처 2025-03-05 172612.jpg,non_flood,3,non_flood,3,0.8886277675628662,low,0.7818653509020805,non_flood,3,0.8896223902702332,low,0.7838570028543472,True,True,True,0.9999992847442627,0.0019941197242587805,0.001408312818966806,0.0009970292448997498,1.3087993693261524e-06,"[0.10676241666078568, 0.0036954758688807487, 0.000914299744181335, 0.8886277675628662]","[0.10576538741588593, 0.0036965187173336744, 0.0009157247259281576, 0.8896223902702332]"
model\Dataset_Flood\non_flood\화면 캡처 2025-03-05 172657.jpg,non_flood,3,non_flood,3,0.9706752896308899,low,0.9513473697006702,non_flood,3,0.9708878397941589,low,0.9516835063695908,True,True,True,1.0,0.00042505806777626276,0.00025885587092489004,0.00021255016326904297,2.3276879801414907e-07,"[0.01932791993021965, 0.00894043780863285, 0.001056310604326427, 0.9706752896308899]","[0.019204333424568176, 0.008859910070896149, 0.0010479169432073832, 0.9708878397941589]"
model\Dataset_Flood\non_flood\화면 캡처 2025-03-05 172713.jpg,non_flood,3,non_flood,3,0.9594669342041016,low,0.9327057916671038,non_flood,3,0.9588718414306641,low,0.9316885508596897,True,True,True,0.9999998211860657,0.0011901212856173515,0.0007417010492645204,0.0005950927734375,1.1452502803876996e-06,"[0.026761142536997795, 0.009007136337459087, 0.0047648632898926735, 0.9594669342041016]","[0.02718329057097435, 0.009131208062171936, 0.0048136720433831215, 0.9588718414306641]"
model\Dataset_Flood\non_flood\화면 캡처 2025-03-05 172739.jpg,non_flood,3,non_flood,3,0.983258843421936,low,0.9768149596638978,non_flood,3,0.9832502007484436,low,0.9768237993121147,True,True,True,1.0,5.22565096616745e-05,3.162691427860409e-05,2.4866312742233276e-05,,"[0.006443883758038282, 0.006206447258591652, 0.004090830683708191, 0.983258843421936]","[0.006426401436328888, 0.006231313571333885, 0.004092095885425806, 0.9832502007484436]"
model\Dataset_Flood\non_flood\화면 캡처 2025-03-05 172751.jpg,non_flood,3,non_flood,3,0.8783225417137146,low,0.785979337990284,non_flood,3,0.8772287964820862,low,0.7841442078351974,True,True,True,0.9999994039535522,0.002187523990869522,0.0013590710004791617,0.001093745231628418,1.4645919463873724e-06,"[0.09234320372343063, 0.023878058418631554, 0.00545617425814271, 0.8783225417137146]","[0.09308458864688873, 0.02419399283826351, 0.0054926336742937565, 0.8772287964820862]"
model\Dataset_Flood\non_flood\화면 캡처 2025-03-05 173652.jpg,non_flood,3,non_flood,3,0.9841057658195496,low,0.9734994014725089,non_flood,3,0.983966052532196,low,0.9732562759891152,True,True,True,1.0000001192092896,0.00027930387295782566,0.00017623635358177125,0.00013971328735351562,1.9163053366355598e-07,"[0.010606364347040653, 0.003254816634580493, 0.0020331405103206635, 0.9841057658195496]","[0.010709776543080807, 0.003282676450908184, 0.002041459083557129, 0.983966052532196]"
model\Dataset_Flood\non_flood\화면 캡처 2025-03-05 173725.jpg,non_flood,3,non_flood,3,0.989946186542511,low,0.9840914839878678,non_flood,3,0.9898896217346191,low,0.9839951922185719,True,True,True,0.9999999403953552,0.00011306290980428457,7.078511407598853e-05,5.65648078918457e-05,8.215465641114861e-08,"[0.005854702554643154, 0.0015950718661770225, 0.00260408828034997, 0.989946186542511]","[0.005894429516047239, 0.0016102429945021868, 0.0026056882925331593, 0.9898896217346191]"
model\Dataset_Flood\non_flood\화면 캡처 2025-03-05 173737.jpg,non_flood,3,non_flood,3,0.7097463011741638,high,0.5069465786218643,non_flood,3,0.7104120254516602,high,0.508065938949585,True,True,True,0.9999995827674866,0.0013314113020896912,0.0008234769920818508,0.0006657242774963379,2.7327044449521054e-07,"[0.034649938344955444, 0.05280398204922676, 0.2027997225522995, 0.7097463011741638]","[0.0346016064286232, 0.05264026299118996, 0.2023460865020752, 0.7104120254516602]"
model\Dataset_Flood\non_flood\화면 캡처 2025-03-05 173752.jpg,non_flood,3,non_flood,3,0.8722407817840576,low,0.7688237801194191,non_flood,3,0.870216429233551,low,0.7649857923388481,True,True,True,0.9999971985816956,0.004048687405884266,0.0027224121149629354,0.002024352550506592,4.8323422561225016e-06,"[0.10341700166463852, 0.010381978936493397, 0.013960270211100578, 0.8722407817840576]","[0.10523063689470291, 0.010519380681216717, 0.01403356809169054, 0.870216429233551]"
model\Dataset_Flood\non_flood\화면 캡처 2025-03-05 173811.jpg,non_flood,3,non_flood,3,0.9882115721702576,high,0.981569588650018,non_flood,3,0.9881798028945923,high,0.98154207598418,True,True,True,1.0000001192092896,7.208110764622688e-05,4.317047569202259e-05,3.17692756652832e-05,6.942718755453825e-08,"[0.00245143030770123, 0.0026950398460030556, 0.006641983520239592, 0.9882115721702576]","[0.0024598066229373217, 0.0027227187529206276, 0.0066377269104123116, 0.9881798028945923]"
model\Dataset_Flood\non_flood\화면 캡처 2025-03-05 173824.jpg,non_flood,3,non_flood,3,0.9272391200065613,high,0.8845213986933231,non_flood,3,0.9267863035202026,high,0.8835596032440662,True,True,True,0.9999998807907104,0.0011369958519935608,0.000693556503392756,0.0005089789628982544,9.085633791983128e-07,"[0.02149099111557007, 0.008552094921469688, 0.042717721313238144, 0.9272391200065613]","[0.021375367417931557, 0.00861167162656784, 0.0432267002761364, 0.9267863035202026]"
model\Dataset_Flood\non_flood\화면 캡처 2025-03-05 173839.jpg,non_flood,3,non_flood,3,0.991214394569397,low,0.9874899743590504,non_flood,3,0.9911938309669495,low,0.9874422191642225,True,True,True,1.0,5.4308329708874226e-05,3.445454785833135e-05,2.7191592380404472e-05,2.6584530132822692e-08,"[0.0037244202103465796, 0.0034848195500671864, 0.001576325623318553, 0.991214394569397]","[0.003751611802726984, 0.003482846776023507, 0.0015717452624812722, 0.9911938309669495]"
model\Dataset_Flood\non_flood\화면 캡처 2025-03-05 173857.jpg,non_flood,3,non_flood,3,0.8749770522117615,low,0.7529253363609314,non_flood,3,0.8739762306213379,low,0.7509354948997498,True,True,True,0.9999992847442627,0.002001696266233921,0.0014070816105231643,0.001000821590423584,1.1188677717655082e-06,"[0.12205171585083008, 0.0010563930263742805, 0.0019148132996633649, 0.8749770522117615]","[0.12304073572158813, 0.0010637667728587985, 0.0019192942418158054, 0.8739762306213379]"
model\Dataset_Flood\non_flood\화면 캡처 2025-03-05 173907.jpg,non_flood,3,non_flood,3,0.9940589666366577,low,0.9903609994798899,non_flood,3,0.9940937161445618,low,0.9904236178845167,True,True,True,1.0,6.9475790951401e-05,4.486312536755577e-05,3.4749507904052734e-05,5.901983968215063e-08,"[0.003697967156767845, 0.0006241227383725345, 0.0016188891604542732, 0.9940589666366577]","[0.0036700982600450516, 0.0006222727242857218, 0.0016138817882165313, 0.9940937161445618]"
model\Dataset_Flood\non_flood\화면 캡처 2025-03-05 173917.jpg,non_flood,3,non_flood,3,0.9403444528579712,low,0.8919730111956596,non_flood,3,0.9401044845581055,low,0.891528557986021,True,True,True,1.0,0.0004852418787777424,0.00031758687691763043,0.00023996829986572266,1.5002662223650987e-07,"[0.048371441662311554, 0.005030637141317129, 0.006253440398722887, 0.9403444528579712]","[0.04857592657208443, 0.005068789701908827, 0.006250804290175438, 0.9401044845581055]"
model\Dataset_Flood\non_flood\화면 캡처 2025-03-05 173926.jpg,non_flood,3,non_flood,3,0.9898160696029663,low,0.9821755844168365,non_flood,3,0.9899052977561951,low,0.9823405314236879,True,True,True,1.0000001192092896,0.00017847030539996922,0.00011775876919273287,8.922815322875977e-05,1.358366574777392e-07,"[0.007640485186129808, 0.002059117890894413, 0.00048437013174407184, 0.9898160696029663]","[0.0075647663325071335, 0.002046004869043827, 0.00048395985504612327, 0.9899052977561951]"
model\Dataset_Flood\non_flood\화면 캡처 2025-03-05 173938.jpg,non_flood,3,non_flood,3,0.9966834187507629,high,0.9951536318985745,non_flood,3,0.996684730052948,high,0.9951628666603938,True,True,True,1.0,1.5784811694175005e-05,9.271559065382462e-06,7.923459634184837e-06,3.941138970731117e-08,"[0.0013777459971606731, 0.00040904092020355165, 0.0015297868521884084, 0.9966834187507629]","[0.001380952075123787, 0.00041238489211536944, 0.0015218633925542235, 0.996684730052948]"
model\Dataset_Flood\non_flood\화면 캡처 2025-03-05 173950.jpg,non_flood,3,non_flood,3,0.9822684526443481,low,0.971386251039803,non_flood,3,0.9822949171066284,low,0.97149165160954,True,True,True,0.9999999403953552,0.00015801936388015747,9.749392484081909e-05,7.893610745668411e-05,1.4286978000654926e-07,"[0.010882201604545116, 0.0023412820883095264, 0.004507959820330143, 0.9822684526443481]","[0.010803265497088432, 0.00234320480376482, 0.004558655899018049, 0.9822949171066284]"
model\Dataset_Flood\non_flood\화면 캡처 2025-03-05 174000.jpg,non_flood,3,non_flood,3,0.9787759184837341,low,0.9622973464429379,non_flood,3,0.9789081811904907,low,0.9625354837626219,True,True,True,1.0,0.00026453303871676326,0.00017122416466008872,0.0001322627067565918,1.3536555343307555e-07,"[0.01647857204079628, 0.004258505068719387, 0.00048698257887735963, 0.9787759184837341]","[0.016372697427868843, 0.0042337640188634396, 0.0004853279097005725, 0.9789081811904907]"
model\Dataset_Flood\non_flood\화면 캡처 2025-03-05 174026.jpg,non_flood,3,non_flood,3,0.9656834006309509,low,0.9406106118112803,non_flood,3,0.9655823707580566,low,0.9404537230730057,True,True,True,1.0000001192092896,0.00020194542594254017,0.00011993454245384783,0.00010102987289428711,5.0025846576318145e-08,"[0.025072788819670677, 0.003496972844004631, 0.005746885668486357, 0.9656834006309509]","[0.025128647685050964, 0.003524083411321044, 0.00576483178883791, 0.9655823707580566]"
model\Dataset_Flood\non_flood\화면 캡처 2025-03-05 174046.jpg,non_flood,3,non_flood,3,0.7569705247879028,low,0.5263215750455856,non_flood,3,0.757877767086029,low,0.5282127261161804,True,True,True,0.9999987483024597,0.0019677814561873674,0.0013396767899394035,0.000983908772468567,7.214258062049339e-07,"[0.2306489497423172, 0.00869961641728878, 0.003680908353999257, 0.7569705247879028]","[0.22966504096984863, 0.008755715563893318, 0.003701439592987299, 0.757877767086029]"
model\Dataset_Flood\non_flood\화면 캡처 2025-03-05 174059.jpg,non_flood,3,non_flood,3,0.9730466604232788,low,0.9493371155112982,non_flood,3,0.9728354215621948,low,0.9489482287317514,True,True,True,1.0000001192092896,0.00042360404040664434,0.00027811675681732595,0.00021123886108398438,2.3643224267289042e-07,"[0.02370954491198063, 0.002232438186183572, 0.0010113742901012301, 0.9730466604232788]","[0.023887192830443382, 0.002266614232212305, 0.0010108330752700567, 0.9728354215621948]"
model\Dataset_Flood\non_flood\화면 캡처 2025-03-05 174110.jpg,non_flood,3,non_flood,3,0.9885079264640808,low,0.9807407697662711,non_flood,3,0.9881548881530762,low,0.9801093731075525,True,True,True,0.9999999403953552,0.0007060918724164367,0.00045309594133868814,0.00035303831100463867,1.4705002513437648e-06,"[0.007767156697809696, 0.0020383328665047884, 0.0016865297220647335, 0.9885079264640808]","[0.008045515045523643, 0.002089587738737464, 0.0017099700635299087, 0.9881548881530762]"
model\Dataset_Flood\non_flood\화면 캡처 2025-03-05 174129.jpg,non_flood,3,non_flood,3,0.9592418074607849,low,0.9230156168341637,non_flood,3,0.9600794911384583,low,0.9246445707976818,True,True,True,0.9999997019767761,0.0016754838870838284,0.0011531555792316794,0.0008376836776733398,2.3891334421932697e-06,"[0.036226190626621246, 0.0029414824675768614, 0.0015905757900327444, 0.9592418074607849]","[0.035434920340776443, 0.002897450001910329, 0.0015880783321335912, 0.9600794911384583]"
model\Dataset_Flood\non_flood\화면 캡처 2025-03-05 174348.jpg,non_flood,3,non_flood,3,0.7804866433143616,low,0.5758801251649857,non_flood,3,0.7805079817771912,low,0.5760173350572586,True,True,True,0.9999998807907104,0.00023159384727478027,0.0001369126111967489,0.00011587142944335938,8.584630251107228e-08,"[0.20460651814937592, 0.0068252296186983585, 0.008081665262579918, 0.7804866433143616]","[0.20449064671993256, 0.006858114618808031, 0.008143164217472076, 0.7805079817771912]"
model\Dataset_Flood\non_flood\화면 캡처 2025-03-05 174358.jpg,non_flood,3,non_flood,3,0.9977269768714905,low,0.9956249801907688,non_flood,3,0.9977157115936279,low,0.9956026137806475,True,True,True,1.0,2.2674732463201508e-05,1.5817513485671952e-05,1.1265277862548828e-05,3.736113285413012e-08,"[0.0021019966807216406, 0.00012368857278488576, 4.7384768549818546e-05, 0.9977269768714905]","[0.0021130978129804134, 0.0001235824602190405, 4.7586978325853124e-05, 0.9977157115936279]"
model\Dataset_Flood\non_flood\화면 캡처 2025-03-05 174410.jpg,non_flood,3,non_flood,3,0.9693185687065125,low,0.9527650866657495,non_flood,3,0.9689323902130127,low,0.952110406011343,True,True,True,0.9999999403953552,0.0007723835296928883,0.0004805067728739232,0.00038617849349975586,7.159978849813342e-07,"[0.0165534820407629, 0.010137892328202724, 0.003989979159086943, 0.9693185687065125]","[0.016821984201669693, 0.010233706794679165, 0.004011867567896843, 0.9689323902130127]"
model\Dataset_Flood\non_flood\화면 캡처 2025-03-05 174423.jpg,non_flood,3,non_flood,3,0.8408311009407043,medium,0.7352180406451225,non_flood,3,0.8387743234634399,medium,0.7312024012207985,True,True,True,0.9999966025352478,0.004116907715797424,0.00284207658842206,0.0020567774772644043,5.2293175940576475e-06,"[0.04404103383421898, 0.10561306029558182, 0.009514792822301388, 0.8408311009407043]","[0.04403937980532646, 0.10757192224264145, 0.00961440708488226, 0.8387743234634399]"
model\Dataset_Flood\non_flood\화면 캡처 2025-03-05 174439.jpg,non_flood,3,non_flood,3,0.9980497360229492,low,0.9967598249204457,non_flood,3,0.9980390667915344,low,0.9967439487809315,True,True,True,1.0,2.135871909558773e-05,1.2489469554566313e-05,1.0669231414794922e-05,3.8231064536375925e-08,"[0.0012899111025035381, 0.00037956133019179106, 0.00028081738855689764, 0.9980497360229492]","[0.0012951180106028914, 0.0003822216240223497, 0.0002836396743077785, 0.9980390667915344]"
model\Dataset_Flood\non_flood\화면 캡처 2025-03-05 174451.jpg,non_flood,3,non_flood,3,0.9971107244491577,low,0.9949452050495893,non_flood,3,0.9971137046813965,low,0.9949482171796262,True,True,True,1.0,5.9893791330978274e-06,3.6525382256513694e-06,2.9802322387695312e-06,,"[0.0021655193995684385, 0.0004786044009961188, 0.00024514266988262534, 0.9971107244491577]","[0.002165487501770258, 0.00047723029274493456, 0.00024353952903766185, 0.9971137046813965]"
model\Dataset_Flood\non_flood\화면 캡처 2025-03-05 174505.jpg,non_flood,3,non_flood,3,0.9161967039108276,low,0.8692662864923477,non_flood,3,0.9161423444747925,low,0.8691545017063618,True,True,True,1.0000001192092896,0.00012855383101850748,7.998555520316586e-05,5.7425349950790405e-05,1.806711225071922e-08,"[0.04693041741847992, 0.035644952207803726, 0.001227915519848466, 0.9161967039108276]","[0.04698784276843071, 0.035635072737932205, 0.0012348050950095057, 0.9161423444747925]"
model\Dataset_Flood\non_flood\화면 캡처 2025-03-05 174514.jpg,non_flood,3,non_flood,3,0.9928777813911438,low,0.9872131682932377,non_flood,3,0.9928677082061768,low,0.9871834488585591,True,True,True,1.0,3.9376725908368826e-05,2.3763408535160124e-05,1.964624971151352e-05,,"[0.005664613097906113, 0.0006700847879983485, 0.0007876084418967366, 0.9928777813911438]","[0.005684259347617626, 0.0006691691814921796, 0.0007788667571730912, 0.9928677082061768]"
model\Dataset_Flood\non_flood\화면 캡처 2025-03-05 174529.jpg,non_flood,3,non_flood,3,0.9553994536399841,low,0.9157135151326656,non_flood,3,0.9552978277206421,low,0.9155348613858223,True,True,True,0.9999999403953552,0.0002033105120062828,0.0001291426015086472,0.00010162591934204102,3.5748602300600396e-08,"[0.0396859385073185, 0.004187370650470257, 0.0007271744543686509, 0.9553994536399841]","[0.039762966334819794, 0.004207206424325705, 0.0007319954456761479, 0.9552978277206421]"
model\Dataset_Flood\non_flood\화면 캡처 2025-03-05 174553.jpg,non_flood,3,non_flood,3,0.8133494257926941,low,0.6318109333515167,non_flood,3,0.8116588592529297,low,0.6284490525722504,True,True,True,0.999997079372406,0.003394762519747019,0.0023774001747369766,0.0016905665397644043,2.3891918772278586e-06,"[0.18153849244117737, 0.0035589137114584446, 0.0015532003017142415, 0.8133494257926941]","[0.18320980668067932, 0.0035849378909915686, 0.001546342857182026, 0.8116588592529297]"
model\Dataset_Flood\non_flood\화면 캡처 2025-03-05 174619.jpg,non_flood,3,non_flood,3,0.5347669720649719,low,0.10824567079544067,non_flood,3,0.538986086845398,low,0.11605212092399597,True,True,True,0.9999681711196899,0.008438172750175,0.005567996297031641,0.004219114780426025,9.218347258865833e-06,"[0.42652130126953125, 0.0352485217154026, 0.003463244764134288, 0.5347669720649719]","[0.422933965921402, 0.03467464819550514, 0.0034053954295814037, 0.538986086845398]"
model\Dataset_Flood\non_flood\화면 캡처 2025-03-05 174829.jpg,non_flood,3,non_flood,3,0.984120786190033,medium,0.9773655198514462,non_flood,3,0.9839885830879211,medium,0.9771595834754407,True,True,True,0.9999999403953552,0.0002644062042236328,0.000157093076268211,0.0001322031021118164,1.4948818716220558e-07,"[0.004231867380440235, 0.006755266338586807, 0.0048920148983597755, 0.984120786190033]","[0.004255876410752535, 0.006828999612480402, 0.0049264756962656975, 0.9839885830879211]"
model\Dataset_Flood\non_flood\화면 캡처 2025-03-05 174840.jpg,non_flood,3,non_flood,3,0.8898534178733826,low,0.8037257716059685,non_flood,3,0.890325129032135,low,0.8046061769127846,True,True,True,0.9999999403953552,0.0009907381609082222,0.0006305673741735518,0.0004717111587524414,3.5963600453214895e-07,"[0.08612764626741409, 0.011909415945410728, 0.012109446339309216, 0.8898534178733826]","[0.08571895211935043, 0.011822735890746117, 0.012133099138736725, 0.890325129032135]"
model\Dataset_Flood\non_flood\화면 캡처 2025-03-05 174904.jpg,non_flood,3,non_flood,3,0.9786873459815979,low,0.962844567373395,non_flood,3,0.9788221716880798,low,0.9631497524678707,True,True,True,0.9999998807907104,0.00034842523746192455,0.00022082900977693498,0.00017035938799381256,2.783126262784208e-07,"[0.015842778608202934, 0.00449637696146965, 0.0009735241183079779, 0.9786873459815979]","[0.01567241922020912, 0.004535749554634094, 0.0009696565684862435, 0.9788221716880798]"
model\Dataset_Flood\non_flood\화면 캡처 2025-03-05 174915.jpg,non_flood,3,non_flood,3,0.8927149176597595,high,0.8234162628650665,non_flood,3,0.8931685090065002,high,0.8238479793071747,True,True,True,0.9999999403953552,0.0009509655646979809,0.0005973504739813507,0.00045359134674072266,7.792986593813112e-07,"[0.0075848279520869255, 0.030401630327105522, 0.069298654794693, 0.8927149176597595]","[0.007484107743948698, 0.03002685122191906, 0.06932052969932556, 0.8931685090065002]"
model\Dataset_Flood\non_flood\화면 캡처 2025-03-05 174935.jpg,non_flood,3,non_flood,3,0.9235118627548218,high,0.8681767657399178,non_flood,3,0.9233744144439697,high,0.8679499290883541,True,True,True,1.0,0.0002748491242527962,0.0001678423141129315,0.00013744831085205078,3.3101969165727496e-08,"[0.008486549369990826, 0.012666539289057255, 0.05533509701490402, 0.9235118627548218]","[0.00850230548530817, 0.012698795646429062, 0.055424485355615616, 0.9233744144439697]"
model\Dataset_Flood\non_flood\화면 캡처 2025-03-05 174953.jpg,non_flood,3,non_flood,3,0.9873732924461365,low,0.9797576609998941,non_flood,3,0.9873069524765015,low,0.9796603946015239,True,True,True,1.0,0.00013261334970593452,7.768182695144787e-05,6.633996963500977e-05,4.7650246415287256e-08,"[0.0076156314462423325, 0.0028213656041771173, 0.002189742401242256, 0.9873732924461365]","[0.007646557874977589, 0.0028441541362553835, 0.0022023008204996586, 0.9873069524765015]"
model\Dataset_Flood\non_flood\화면 캡처 2025-03-05 175003.jpg,non_flood,3,non_flood,3,0.8932589292526245,low,0.8217920884490013,non_flood,3,0.8906183838844299,low,0.8167256787419319,True,True,True,0.9999957084655762,0.005286042578518391,0.003592277644202113,0.00264054536819458,1.145602436736226e-05,"[0.0714668408036232, 0.01513860933482647, 0.020135650411248207, 0.8932589292526245]","[0.07389270514249802, 0.015355761162936687, 0.02013316936790943, 0.8906183838844299]"
model\Dataset_Flood\non_flood\화면 캡처 2025-03-05 175015.jpg,non_flood,3,non_flood,3,0.9587739706039429,high,0.9317405261099339,non_flood,3,0.9587620496749878,high,0.9317392334342003,True,True,True,1.0000001192092896,4.5087188482284546e-05,2.4151428078766912e-05,1.736171543598175e-05,3.618788468884304e-08,"[0.008505087345838547, 0.005687469616532326, 0.027033444494009018, 0.9587739706039429]","[0.00851026363670826, 0.0057048313319683075, 0.027022816240787506, 0.9587620496749878]"
model\Dataset_Flood\non_flood\화면 캡처 2025-03-05 175024.jpg,non_flood,3,non_flood,3,0.9862660765647888,medium,0.9803689564578235,non_flood,3,0.9863364696502686,medium,0.9804821438156068,True,True,True,1.0,0.0001544563565403223,8.955019438872114e-05,7.039308547973633e-05,5.2625182433985174e-08,"[0.003561766119673848, 0.005897120106965303, 0.004275085404515266, 0.9862660765647888]","[0.003527326975017786, 0.005854325834661722, 0.004281915258616209, 0.9863364696502686]"
model\Dataset_Flood\non_flood\화면 캡처 2025-03-05 175038.jpg,non_flood,3,non_flood,3,0.7895486950874329,low,0.5908009558916092,non_flood,3,0.7888162732124329,low,0.5893552601337433,True,True,True,0.999999463558197,0.0014651552774012089,0.0010225340956822038,0.000732421875,3.9151927921921015e-07,"[0.19874773919582367, 0.009004193358123302, 0.002699326490983367, 0.7895486950874329]","[0.19946101307868958, 0.009004089049994946, 0.002718681702390313, 0.7888162732124329]"
model\Dataset_Flood\non_flood\화면 캡처 2025-03-05 175053.jpg,non_flood,3,non_flood,3,0.9726836681365967,low,0.9590758234262466,non_flood,3,0.9725788235664368,low,0.9589665802195668,True,True,True,1.0,0.00020971125923097134,0.00013859996397513896,0.00010484457015991211,9.461108874120328e-08,"[0.013607844710350037, 0.0020501117687672377, 0.01165826991200447, 0.9726836681365967]","[0.013612243346869946, 0.0020606513135135174, 0.011748198419809341, 0.9725788235664368]"
model\Dataset_Flood\non_flood\화면 캡처 2025-03-05 175246.jpg,non_flood,3,non_flood,3,0.975236177444458,high,0.9582582972943783,non_flood,3,0.9749148488044739,high,0.9577414523810148,True,True,True,0.9999999403953552,0.0006425781175494194,0.0003865190374199301,0.00032132863998413086,5.447509465739131e-07,"[0.004094586707651615, 0.0036913943476974964, 0.016977880150079727, 0.975236177444458]","[0.004160084296017885, 0.003751629963517189, 0.017173396423459053, 0.9749148488044739]"
model\Dataset_Flood\non_flood\화면 캡처 2025-03-05 175311.jpg,non_flood,3,non_flood,3,0.9980111122131348,high,0.9969031043583527,non_flood,3,0.9980304837226868,high,0.9969336120411754,True,True,True,1.0000001192092896,3.867270424962044e-05,2.3175925889518112e-05,1.9371509552001953e-05,5.573838279815391e-08,"[0.0004958740319125354, 0.00038498907815665007, 0.0011080078547820449, 0.9980111122131348]","[0.0004932948504574597, 0.0003794032381847501, 0.0010968716815114021, 0.9980304837226868]"
model\Dataset_Flood\non_flood\화면 캡처 2025-03-05 175319.jpg,non_flood,3,non_flood,3,0.9631509184837341,low,0.9484111201018095,non_flood,3,0.9625503420829773,low,0.9477116391062737,True,True,True,0.9999999403953552,0.0012011080980300903,0.0007170288008637726,0.0006005764007568359,1.5727855497971177e-06,"[0.01473979838192463, 0.008662213571369648, 0.013447131030261517, 0.9631509184837341]","[0.014838702976703644, 0.008818577975034714, 0.01379239372909069, 0.9625503420829773]"
model\Dataset_Flood\non_flood\화면 캡처 2025-03-05 175329.jpg,non_flood,3,non_flood,3,0.9795678853988647,high,0.9705420006066561,non_flood,3,0.9794341921806335,high,0.9703172566369176,True,True,True,1.0,0.0002674635034054518,0.00016508938279002905,0.00013369321823120117,1.0610893497187135e-07,"[0.008340870030224323, 0.0030653548892587423, 0.009025884792208672, 0.9795678853988647]","[0.00837166141718626, 0.0030772830359637737, 0.009116935543715954, 0.9794341921806335]"
model\Dataset_Flood\non_flood\화면 캡처 2025-03-05 175341.jpg,non_flood,3,non_flood,3,0.9546206593513489,low,0.9245482292026281,non_flood,3,0.9543156027793884,low,0.9241091459989548,True,True,True,1.0,0.0006100148893892765,0.00035611828207038343,0.0003050565719604492,3.240492958411778e-07,"[0.03007243014872074, 0.006016296800225973, 0.009290688671171665, 0.9546206593513489]","[0.030206456780433655, 0.00607738271355629, 0.009400534443557262, 0.9543156027793884]"
model\Dataset_Flood\non_flood\화면 캡처 2025-03-05 175530.jpg,non_flood,3,non_flood,3,0.7675495147705078,high,0.5871661603450775,non_flood,3,0.763424813747406,high,0.5794126838445663,True,True,True,0.9999836683273315,0.008249426260590553,0.005504965782165527,0.004124701023101807,1.2362375855445862e-05,"[0.023747412487864494, 0.028319697827100754, 0.1803833544254303, 0.7675495147705078]","[0.023979686200618744, 0.028583373874425888, 0.18401212990283966, 0.763424813747406]"
model\Dataset_Flood\non_flood\화면 캡처 2025-03-05 175602.jpg,non_flood,3,non_flood,3,0.9554951190948486,low,0.936316130682826,non_flood,3,0.9560752511024475,low,0.9372775573283434,True,True,True,0.9999998807907104,0.001160244457423687,0.0007086542318575084,0.000580132007598877,1.1727389619409223e-06,"[0.01917898841202259, 0.008654112927615643, 0.016671832650899887, 0.9554951190948486]","[0.01879769377410412, 0.008570320904254913, 0.01655680686235428, 0.9560752511024475]"
model\Dataset_Flood\non_flood\화면 캡처 2025-03-05 175615.jpg,non_flood,3,non_flood,3,0.8857117891311646,low,0.7855290547013283,non_flood,3,0.885754406452179,low,0.7856834381818771,True,True,True,0.9999999403953552,0.00022835753043182194,0.00013939918426331133,0.00011176615953445435,3.8229703847036944e-08,"[0.10018273442983627, 0.013739198446273804, 0.00036633911076933146, 0.8857117891311646]","[0.10007096827030182, 0.013810740783810616, 0.00036390739842318, 0.885754406452179]"
model\Dataset_Flood\non_flood\화면 캡처 2025-03-05 175626.jpg,non_flood,3,non_flood,3,0.8572291731834412,high,0.7996571622788906,non_flood,3,0.8561885356903076,high,0.7982843965291977,True,True,True,0.9999995231628418,0.002081356942653656,0.0012221679789945483,0.001040637493133545,1.188542228192091e-06,"[0.03577128052711487, 0.049427468329668045, 0.05757201090455055, 0.8572291731834412]","[0.03596840053796768, 0.04993893951177597, 0.057904139161109924, 0.8561885356903076]"
model\Dataset_Flood\non_flood\화면 캡처 2025-03-05 175636.jpg,non_flood,3,non_flood,3,0.947930097579956,low,0.9197849482297897,non_flood,3,0.9477667808532715,low,0.9195624180138111,True,True,True,1.0,0.0003429683856666088,0.00020702597976196557,0.0001633167266845703,1.1628436169530687e-07,"[0.02814514935016632, 0.007369163911789656, 0.016555480659008026, 0.947930097579956]","[0.028204362839460373, 0.007361043244600296, 0.016667798161506653, 0.9477667808532715]"
model\Dataset_Flood\non_flood\화면 캡처 2025-03-05 175647.jpg,non_flood,3,non_flood,3,0.6786221265792847,low,0.3916986286640167,non_flood,3,0.6774800419807434,low,0.38925883173942566,True,True,True,0.9999974966049194,0.0025953371077775955,0.001732558710500598,0.0012977123260498047,1.040054371514998e-06,"[0.28692349791526794, 0.017587410286068916, 0.01686694286763668, 0.6786221265792847]","[0.28822121024131775, 0.01753462664783001, 0.016764186322689056, 0.6774800419807434]"
model\Dataset_Flood\non_flood\화면 캡처 2025-03-05 175659.jpg,non_flood,3,non_flood,3,0.93263179063797,low,0.9002231322228909,non_flood,3,0.9331228137016296,low,0.9006595350801945,True,True,True,0.9999998807907104,0.001091368030756712,0.000716020236723125,0.0005174949765205383,1.1648954796328326e-06,"[0.03240865841507912, 0.030705958604812622, 0.004253674298524857, 0.93263179063797]","[0.032463278621435165, 0.030188463628292084, 0.0042254445143043995, 0.9331228137016296]"
model\Dataset_Flood\non_flood\화면 캡처 2025-03-05 175713.jpg,non_flood,3,non_flood,3,0.9913433790206909,low,0.986900094896555,non_flood,3,0.9913731217384338,low,0.9869561563245952,True,True,True,1.0,6.61853700876236e-05,4.0434690163237974e-05,2.9742717742919922e-05,,"[0.004443284124135971, 0.0010343416361138225, 0.0031790584325790405, 0.9913433790206909]","[0.004416965413838625, 0.0010274889646098018, 0.0031823297031223774, 0.9913731217384338]"
model\Dataset_Flood\non_flood\화면 캡처 2025-03-05 175742.jpg,non_flood,3,non_flood,3,0.9218883514404297,medium,0.8641125410795212,non_flood,3,0.9219046831130981,medium,0.8642281368374825,True,True,True,1.0,0.0001985057897400111,0.00012951747339684516,9.926408529281616e-05,6.362051863106899e-08,"[0.019887566566467285, 0.05777581036090851, 0.00044826595694758, 0.9218883514404297]","[0.01996913179755211, 0.05767654627561569, 0.0004496107576414943, 0.9219046831130981]"
model\Dataset_Flood\non_flood\화면 캡처 2025-03-05 175752.jpg,non_flood,3,non_flood,3,0.9865570664405823,low,0.978552931919694,non_flood,3,0.9865096211433411,low,0.978487366810441,True,True,True,1.0,9.482167661190033e-05,5.502357453224249e-05,4.744529724121094e-05,,"[0.008004134520888329, 0.0031286231242120266, 0.0023101812694221735, 0.9865570664405823]","[0.008022254332900047, 0.003146432340145111, 0.0023216286208480597, 0.9865096211433411]"
model\Dataset_Flood\non_flood\화면 캡처 2025-03-05 175802.jpg,non_flood,3,non_flood,3,0.9798261523246765,high,0.9658676981925964,non_flood,3,0.9798341393470764,high,0.9658739874139428,True,True,True,1.0,1.9309809431433678e-05,1.0679909792088438e-05,7.987022399902344e-06,3.31908722728258e-08,"[0.005335120018571615, 0.0008802121737971902, 0.013958454132080078, 0.9798261523246765]","[0.0053295777179300785, 0.0008761294884607196, 0.013960151933133602, 0.9798341393470764]"
model\Dataset_Flood\non_flood\화면 캡처 2025-03-05 175812.jpg,non_flood,3,non_flood,3,0.9115865230560303,low,0.833034373819828,non_flood,3,0.9109795689582825,low,0.8318351283669472,True,True,True,0.9999997019767761,0.0012281490489840508,0.0008483672863803804,0.0006069540977478027,6.471527740359306e-07,"[0.07855214923620224, 0.007812258787453175, 0.002049071481451392, 0.9115865230560303]","[0.0791444405913353, 0.007834025658667088, 0.0020419347565621138, 0.9109795689582825]"
model\Dataset_Flood\non_flood\화면 캡처 2025-03-05 175831.jpg,non_flood,3,non_flood,3,0.9927724003791809,medium,0.9884484326466918,non_flood,3,0.9925910234451294,medium,0.9881579233333468,True,True,True,1.0,0.00036278594052419066,0.0002225184434792027,0.00018137693405151367,5.367510311771184e-07,"[0.0027347649447619915, 0.004323967732489109, 0.00016887897800188512, 0.9927724003791809]","[0.0028032686095684767, 0.004433100111782551, 0.00017265192582271993, 0.9925910234451294]"
model\Dataset_Flood\non_flood\화면 캡처 2025-03-05 175845.jpg,non_flood,3,non_flood,3,0.4892672896385193,medium,0.12178924679756165,non_flood,3,0.48821133375167847,medium,0.11906060576438904,True,True,True,0.9999944567680359,0.0034183445386588573,0.0020834810566157103,0.0016726851463317871,1.6741978470236063e-06,"[0.13722750544548035, 0.36747804284095764, 0.006027119234204292, 0.4892672896385193]","[0.13657432794570923, 0.36915072798728943, 0.006063645239919424, 0.48821133375167847]"
model\Dataset_Flood\non_flood\화면 캡처 2025-03-05 175855.jpg,non_flood,3,non_flood,3,0.8848366737365723,high,0.7717002481222153,non_flood,3,0.8836155533790588,high,0.7692701295018196,True,True,True,0.9999988675117493,0.002442204160615802,0.0017184047028422356,0.0012211203575134277,1.826556513151445e-06,"[0.0014756525633856654, 0.0005511916242539883, 0.113136425614357, 0.8848366737365723]","[0.0014855528715997934, 0.0005533768562600017, 0.11434542387723923, 0.8836155533790588]"
model\Dataset_Flood\non_flood\화면 캡처 2025-03-05 175902.jpg,non_flood,3,non_flood,3,0.9880920648574829,high,0.9809780982322991,non_flood,3,0.9880452752113342,high,0.9809406958520412,True,True,True,1.0,0.00011232332326471806,7.092144369380549e-05,5.232449620962143e-05,7.874042040612039e-08,"[0.003208605572581291, 0.0015853829681873322, 0.007113966625183821, 0.9880920648574829]","[0.0032609300687909126, 0.0015892048832029104, 0.007104579359292984, 0.9880452752113342]"
model\Dataset_Flood\non_flood\화면 캡처 2025-03-05 175914.jpg,non_flood,3,non_flood,3,0.9910202622413635,high,0.9861200097948313,non_flood,3,0.9909238219261169,high,0.985952178016305,True,True,True,0.9999999403953552,0.00019291695207357407,0.00012136923032812774,9.644031524658203e-05,1.5101431927178055e-07,"[0.002081623300909996, 0.0019978361669927835, 0.0049002524465322495, 0.9910202622413635]","[0.002091134199872613, 0.0020134104415774345, 0.004971643909811974, 0.9909238219261169]"
model\Dataset_Flood\non_flood\화면 캡처 2025-03-05 175927.jpg,non_flood,3,non_flood,3,0.8700684905052185,medium,0.7836708873510361,non_flood,3,0.8706039786338806,medium,0.7846211344003677,True,True,True,0.9999998211860657,0.0011841515079140663,0.0007024311344139278,0.0005354881286621094,4.542962699360942e-07,"[0.014442004263401031, 0.08639760315418243, 0.029091879725456238, 0.8700684905052185]","[0.014498618431389332, 0.08598284423351288, 0.028914589434862137, 0.8706039786338806]"
model\Dataset_Flood\non_flood\화면 캡처 2025-03-05 175938.jpg,non_flood,3,non_flood,3,0.9208633303642273,low,0.8763595186173916,non_flood,3,0.9215368628501892,low,0.8775317221879959,True,True,True,0.9999997615814209,0.0013880692422389984,0.0008607677300460637,0.0006735324859619141,9.377981768921018e-07,"[0.04450381174683571, 0.029653755947947502, 0.004979157820343971, 0.9208633303642273]","[0.0440051406621933, 0.02945834957063198, 0.004999617114663124, 0.9215368628501892]"
model\Dataset_Flood\non_flood\화면 캡처 2025-03-05 175950.jpg,non_flood,3,non_flood,3,0.9886287450790405,medium,0.9831634946167469,non_flood,3,0.9886296987533569,medium,0.9831629493273795,True,True,True,0.9999999403953552,1.1308351531624794e-05,6.741065590176731e-06,5.6675635278224945e-06,1.1343671557639823e-09,"[0.0039305961690843105, 0.005465250462293625, 0.001975413179025054, 0.9886287450790405]","[0.003924928605556488, 0.0054667494259774685, 0.0019786013290286064, 0.9886296987533569]"
model\Dataset_Flood\non_flood\화면 캡처 2025-03-05 180052.jpg,non_flood,3,non_flood,3,0.668694794178009,high,0.38591083884239197,non_flood,3,0.6698474884033203,high,0.38805511593818665,True,True,True,0.9999983310699463,0.0023052915930747986,0.0015247674891725183,0.0011526942253112793,7.461057975888252e-07,"[0.03137706592679024, 0.01714412122964859, 0.28278395533561707, 0.668694794178009]","[0.031299080699682236, 0.01706109195947647, 0.28179237246513367, 0.6698474884033203]"
model\Dataset_Flood\non_flood\화면 캡처 2025-03-05 180137.jpg,non_flood,3,non_flood,3,0.9921918511390686,medium,0.9878574889153242,non_flood,3,0.9921716451644897,medium,0.9878207850269973,True,True,True,1.0,4.64765471406281e-05,2.7110751034342684e-05,2.0205974578857422e-05,,"[0.0026062934193760157, 0.004334362223744392, 0.0008674947894178331, 0.9921918511390686]","[0.002603247994557023, 0.004350860137492418, 0.0008742220234125853, 0.9921716451644897]"
model\Dataset_Flood\non_flood\화면 캡처 2025-03-05 180153.jpg,non_flood,3,non_flood,3,0.9975294470787048,medium,0.9963354162173346,non_flood,3,0.9975141286849976,medium,0.9963184701045975,True,True,True,1.0,3.062929317820817e-05,2.021890577452723e-05,1.531839370727539e-05,4.896446625934914e-08,"[0.00012614967999979854, 0.0011940308613702655, 0.0011503883870318532, 0.9975294470787048]","[0.00012675080506596714, 0.0011956585804000497, 0.0011634704424068332, 0.9975141286849976]"
model\Dataset_Flood\non_flood\화면 캡처 2025-03-05 180214.jpg,non_flood,3,non_flood,3,0.9965219497680664,high,0.9950003183912486,non_flood,3,0.9965232610702515,high,0.9949953987961635,True,True,True,1.0,1.5054945833981037e-05,8.72931741469074e-06,6.230897270143032e-06,9.6251824288629e-09,"[0.0012934519909322262, 0.0006629861309193075, 0.0015216313768178225, 0.9965219497680664]","[0.0012916239211335778, 0.0006573014543391764, 0.0015278622740879655, 0.9965232610702515]"
model\Dataset_Flood\non_flood\화면 캡처 2025-03-05 180248.jpg,non_flood,3,non_flood,3,0.9934796094894409,low,0.9891378390602767,non_flood,3,0.9934705495834351,low,0.9891253435052931,True,True,True,1.0,1.8252700101584196e-05,1.1073764653701801e-05,9.059906005859375e-06,,"[0.004341770429164171, 0.0013068991247564554, 0.0008716898737475276, 0.9934796094894409]","[0.004345206078141928, 0.0013073108857497573, 0.000877035257872194, 0.9934705495834351]"
model\Dataset_Flood\non_flood\화면 캡처 2025-03-05 180300.jpg,non_flood,3,non_flood,3,0.9974164962768555,medium,0.9962977024260908,non_flood,3,0.9974198341369629,medium,0.99629982910119,True,True,True,0.9999999403953552,9.144830983132124e-06,4.828876626561396e-06,3.337860107421875e-06,1.8565060599939898e-09,"[0.0007920985226519406, 0.0011187938507646322, 0.0006726794526912272, 0.9974164962768555]","[0.0007895275484770536, 0.0011200050357729197, 0.0006706546409986913, 0.9974198341369629]"
model\Dataset_Flood\non_flood\화면 캡처 2025-03-05 180321.jpg,non_flood,3,non_flood,3,0.9708967208862305,low,0.9451309870928526,non_flood,3,0.9709553122520447,low,0.9452093038707972,True,True,True,1.0000001192092896,0.00011732452549040318,6.952466355869547e-05,5.8591365814208984e-05,6.078972347722811e-08,"[0.025765733793377876, 0.0023381041828542948, 0.0009995190193876624, 0.9708967208862305]","[0.02574600838124752, 0.0023074012715369463, 0.0009912141831591725, 0.9709553122520447]"
model\Dataset_Flood\non_flood\화면 캡처 2025-03-05 180343.jpg,non_flood,3,non_flood,3,0.9188336730003357,medium,0.8823813982307911,non_flood,3,0.9180648326873779,medium,0.8812746033072472,True,True,True,0.9999998807907104,0.0015377141535282135,0.0008941058185882866,0.0007688403129577637,1.012871621242084e-06,"[0.029747476801276207, 0.0364522747695446, 0.014966534450650215, 0.9188336730003357]","[0.029987944290041924, 0.03679022938013077, 0.015156986191868782, 0.9180648326873779]"
model\Dataset_Flood\non_flood\화면 캡처 2025-03-05 181132.jpg,non_flood,3,non_flood,3,0.9781004190444946,low,0.9622455183416605,non_flood,3,0.977536141872406,low,0.9612150806933641,True,True,True,0.9999998807907104,0.001128500560298562,0.0007362851756624877,0.000564277172088623,1.9513681763783097e-06,"[0.01585490070283413, 0.003684072755277157, 0.002360582584515214, 0.9781004190444946]","[0.016321061179041862, 0.003761329920962453, 0.0023813883308321238, 0.977536141872406]"
model\Dataset_Flood\non_flood\화면 캡처 2025-03-05 181141.jpg,non_flood,3,non_flood,3,0.9825358390808105,low,0.9744951082393527,non_flood,3,0.9827175736427307,low,0.9747739378362894,True,True,True,1.0,0.0003636064939200878,0.000215228705201298,0.00018173456192016602,2.613232936710119e-07,"[0.008040730841457844, 0.006370849907398224, 0.0030526972841471434, 0.9825358390808105]","[0.007943635806441307, 0.006340186111629009, 0.002998584182932973, 0.9827175736427307]"
model\Dataset_Flood\non_flood\화면 캡처 2025-03-05 181150.jpg,non_flood,3,non_flood,3,0.8370922803878784,low,0.6882706135511398,non_flood,3,0.838461697101593,low,0.690998986363411,True,True,True,0.9999982118606567,0.0027716215699911118,0.001929521793499589,0.0013694167137145996,1.864042246779718e-06,"[0.1488216668367386, 0.01062889862805605, 0.0034571539144963026, 0.8370922803878784]","[0.14746271073818207, 0.010602018795907497, 0.0034735228400677443, 0.838461697101593]"
model\Dataset_Flood\non_flood\화면 캡처 2025-03-05 181159.jpg,non_flood,3,non_flood,3,0.9729456305503845,medium,0.9563787188380957,non_flood,3,0.9730446338653564,medium,0.9566159229725599,True,True,True,1.0,0.00028502289205789566,0.00017554775695316494,0.0001382008194923401,2.0458537619560957e-07,"[0.0024386930745095015, 0.016566911712288857, 0.008048675023019314, 0.9729456305503845]","[0.0024344378616660833, 0.016428710892796516, 0.008092238567769527, 0.9730446338653564]"
model\Dataset_Flood\non_flood\화면 캡처 2025-03-05 181215.jpg,non_flood,3,non_flood,3,0.9449816942214966,low,0.9148217290639877,non_flood,3,0.9450467228889465,low,0.914954012259841,True,True,True,1.0,0.00020069070160388947,0.00010532791930017993,6.725452840328217e-05,4.316098056733608e-08,"[0.03015996515750885, 0.011391536332666874, 0.013466808944940567, 0.9449816942214966]","[0.030092710629105568, 0.011426807381212711, 0.013433672487735748, 0.9450467228889465]"
model\Dataset_Flood\non_flood\화면 캡처 2025-03-05 181226.jpg,non_flood,3,non_flood,3,0.9775838851928711,low,0.9665212202817202,non_flood,3,0.9775933027267456,low,0.9665882540866733,True,True,True,1.0,0.00011517759412527084,7.007969543337822e-05,5.761627107858658e-05,3.7289055399014615e-08,"[0.011062664911150932, 0.004814505577087402, 0.0065389592200517654, 0.9775838851928711]","[0.011005048640072346, 0.004825463984161615, 0.006576144602149725, 0.9775933027267456]"
model\Dataset_Flood\non_flood\화면 캡처 2025-03-05 181236.jpg,non_flood,3,non_flood,3,0.9586107134819031,low,0.9329510480165482,non_flood,3,0.9585357904434204,low,0.9328991342335939,True,True,True,1.0,0.00019595865160226822,0.0001086263291654177,7.492303848266602e-05,5.5346390581689775e-08,"[0.02565966546535492, 0.00913353729993105, 0.0065959757193923, 0.9586107134819031]","[0.02563665620982647, 0.00920319277793169, 0.006624346598982811, 0.9585357904434204]"
model\Dataset_Flood\non_flood\화면 캡처 2025-03-05 181251.jpg,non_flood,3,non_flood,3,0.9008599519729614,low,0.8644268959760666,non_flood,3,0.9011105298995972,low,0.864724900573492,True,True,True,0.9999999403953552,0.000501096248626709,0.0003000873839482665,0.0002505779266357422,1.222215360030532e-07,"[0.036433055996894836, 0.03219215199351311, 0.03051481582224369, 0.9008599519729614]","[0.03638562932610512, 0.03213746100664139, 0.03036641515791416, 0.9011105298995972]"
model\Dataset_Flood\non_flood\화면 캡처 2025-03-05 181325.jpg,non_flood,3,non_flood,3,0.6442494988441467,medium,0.46320676803588867,non_flood,3,0.6448132991790771,medium,0.4644002616405487,True,True,True,0.9999992847442627,0.0016488917171955109,0.0009056800045073032,0.0006296932697296143,5.308975232765079e-07,"[0.1161978468298912, 0.18104273080825806, 0.05850990489125252, 0.6442494988441467]","[0.11600314825773239, 0.18041303753852844, 0.05877060443162918, 0.6448132991790771]"
model\Dataset_Flood\non_flood\화면 캡처 2025-03-05 181339.jpg,non_flood,3,non_flood,3,0.9480181932449341,medium,0.9208416528999805,non_flood,3,0.9478810429573059,medium,0.9205833598971367,True,True,True,1.0,0.0002742735669016838,0.00018341070972383022,0.00013715028762817383,4.1043676901608706e-08,"[0.022822145372629166, 0.027176540344953537, 0.00198313663713634, 0.9480181932449341]","[0.022833744063973427, 0.02729768306016922, 0.001987518509849906, 0.9478810429573059]"
model\Dataset_Flood\non_flood\화면 캡처 2025-03-05 181348.jpg,non_flood,3,non_flood,3,0.9935188889503479,low,0.9904284756630659,non_flood,3,0.9934751391410828,low,0.9903488880954683,True,True,True,0.9999999403953552,9.679369395598769e-05,5.8118384913541377e-05,4.374980926513672e-05,6.264780694209549e-08,"[0.00309041328728199, 0.002450647298246622, 0.0009399708360433578, 0.9935188889503479]","[0.003126251045614481, 0.0024632082786411047, 0.0009353256900794804, 0.9934751391410828]"
model\Dataset_Flood\non_flood\화면 캡처 2025-03-05 181358.jpg,non_flood,3,non_flood,3,0.8800885677337646,medium,0.7949196621775627,non_flood,3,0.8795912265777588,medium,0.7939646542072296,True,True,True,0.9999997615814209,0.000994691625237465,0.000676531984936446,0.0004973411560058594,3.562454367056489e-07,"[0.02646154724061489, 0.08516890555620193, 0.008280985988676548, 0.8800885677337646]","[0.026474282145500183, 0.08562657237052917, 0.008307934738695621, 0.8795912265777588]"
model\Dataset_Flood\non_flood\화면 캡처 2025-03-05 181412.jpg,non_flood,3,non_flood,3,0.8875121474266052,medium,0.7981995716691017,non_flood,3,0.8870877027511597,medium,0.7973460406064987,True,True,True,0.9999997615814209,0.0008684885106049478,0.000603647786192596,0.0004290863871574402,2.866145223379135e-07,"[0.022246506065130234, 0.08931257575750351, 0.0009287087013944983, 0.8875121474266052]","[0.02223675139248371, 0.08974166214466095, 0.0009339114767499268, 0.8870877027511597]"
model\Dataset_Flood\non_flood\화면 캡처 2025-03-05 181429.jpg,non_flood,3,non_flood,3,0.8508926033973694,low,0.7941865809261799,non_flood,3,0.8517621755599976,low,0.7953371219336987,True,True,True,0.9999997615814209,0.0017391592264175415,0.0010414918651804328,0.0008695721626281738,8.946225875661185e-07,"[0.0567060224711895, 0.04934871569275856, 0.043052662163972855, 0.8508926033973694]","[0.056425053626298904, 0.048858996480703354, 0.04295376315712929, 0.8517621755599976]"
model\Dataset_Flood\non_flood\화면 캡처 2025-03-05 181439.jpg,non_flood,3,non_flood,3,0.8973612189292908,medium,0.8044258877635002,non_flood,3,0.8967879414558411,medium,0.8032992482185364,True,True,True,0.9999997615814209,0.0011589201167225838,0.0007972289458848536,0.000573277473449707,4.702887963503599e-07,"[0.007502146530896425, 0.09293533116579056, 0.0022013820707798004, 0.8973612189292908]","[0.007528194226324558, 0.09348869323730469, 0.0021951491944491863, 0.8967879414558411]"
model\Dataset_Flood\non_flood\화면 캡처 2025-03-05 181547.jpg,non_flood,3,non_flood,3,0.9028488397598267,medium,0.8155631199479103,non_flood,3,0.9028427600860596,medium,0.8155355900526047,True,True,True,1.0,6.289733573794365e-05,3.522022961988114e-05,2.5363638997077942e-05,3.0237288228818215e-08,"[0.006524982862174511, 0.08728571981191635, 0.003340445226058364, 0.9028488397598267]","[0.006534986663609743, 0.0873071700334549, 0.003315081587061286, 0.9028427600860596]"
model\Dataset_Flood\non_flood\화면 캡처 2025-03-05 181559.jpg,non_flood,3,non_flood,3,0.9904007315635681,medium,0.9845111332833767,non_flood,3,0.9901838898658752,medium,0.9841438848525286,True,True,True,0.9999999403953552,0.00043361412826925516,0.00026964687276631594,0.0002168416976928711,6.283153197728097e-07,"[0.0031376490369439125, 0.0058895982801914215, 0.0005720850313082337, 0.9904007315635681]","[0.0031916252337396145, 0.006040005013346672, 0.0005844745319336653, 0.9901838898658752]"
model\Dataset_Flood\non_flood\화면 캡처 2025-03-05 182737.jpg,non_flood,3,non_flood,3,0.9751399159431458,low,0.9600828541442752,non_flood,3,0.9752724766731262,low,0.9603113746270537,True,True,True,0.9999999403953552,0.0002651396207511425,0.00016579637303948402,0.00013256072998046875,9.763607522472739e-08,"[0.015057061798870564, 0.007338585797697306, 0.0024644394870847464, 0.9751399159431458]","[0.014961102046072483, 0.007315955590456724, 0.0024504505563527346, 0.9752724766731262]"
model\Dataset_Flood\non_flood\화면 캡처 2025-03-05 182746.jpg,non_flood,3,non_flood,3,0.7912764549255371,medium,0.6532753258943558,non_flood,3,0.7905253767967224,medium,0.6518644690513611,True,True,True,0.999999463558197,0.0015020817518234253,0.0010021833004429936,0.0007510781288146973,5.051696803093364e-07,"[0.046195123344659805, 0.13800112903118134, 0.024527307599782944, 0.7912764549255371]","[0.04622093588113785, 0.13866090774536133, 0.024592719972133636, 0.7905253767967224]"
model\Dataset_Flood\non_flood\화면 캡처 2025-03-05 182755.jpg,non_flood,3,non_flood,3,0.9400270581245422,low,0.8998360447585583,non_flood,3,0.9399252533912659,low,0.8997982032597065,True,True,True,1.0000001192092896,0.0003316025249660015,0.00017833684978540987,0.0001253318041563034,1.6391093993206596e-07,"[0.04019101336598396, 0.016222471371293068, 0.003559404518455267, 0.9400270581245422]","[0.04012705013155937, 0.01634780317544937, 0.003599907271564007, 0.9399252533912659]"
model\Dataset_Flood\non_flood\화면 캡처 2025-03-05 182805.jpg,non_flood,3,non_flood,3,0.9422839283943176,low,0.9045292660593987,non_flood,3,0.9422019720077515,low,0.9044603742659092,True,True,True,1.0000001192092896,0.00019001029431819916,0.00010681517596822232,8.195638656616211e-05,1.0478652967549351e-07,"[0.037754662334918976, 0.0052710119634866714, 0.014690352603793144, 0.9422839283943176]","[0.03774159774184227, 0.005320793949067593, 0.014735559932887554, 0.9422019720077515]"
model\Dataset_Flood\non_flood\화면 캡처 2025-03-05 182915.jpg,non_flood,3,non_flood,3,0.9894564747810364,low,0.9846390872262418,non_flood,3,0.9893916845321655,low,0.9845329434610903,True,True,True,1.0000001192092896,0.000129544991068542,7.874375296523795e-05,6.479024887084961e-05,2.8119755413058556e-08,"[0.00481738755479455, 0.0013673561625182629, 0.004358826205134392, 0.9894564747810364]","[0.004858741071075201, 0.0013759842840954661, 0.00437359930947423, 0.9893916845321655]"
model\Dataset_Flood\non_flood\화면 캡처 2025-03-05 182928.jpg,non_flood,3,non_flood,3,0.9840413331985474,high,0.9774392833933234,non_flood,3,0.9839350581169128,high,0.9772540498524904,True,True,True,1.0,0.00021263537928462029,0.00013446406228467822,0.00010627508163452148,1.0337862477172166e-07,"[0.00470155430957675, 0.004655060358345509, 0.006602049805223942, 0.9840413331985474]","[0.004724644590169191, 0.004659371916204691, 0.006681008264422417, 0.9839350581169128]"
model\Dataset_Flood\non_flood\화면 캡처 2025-03-05 182937.jpg,non_flood,3,non_flood,3,0.9943351149559021,medium,0.9917416635435075,non_flood,3,0.9943207502365112,medium,0.99171840865165,True,True,True,1.0000001192092896,3.460084553807974e-05,1.9094484741799533e-05,1.436471939086914e-05,4.038952283735853e-08,"[0.0015803350834175944, 0.002593451412394643, 0.0014911122852936387, 0.9943351149559021]","[0.0015773873310536146, 0.0026023415848612785, 0.0014995104866102338, 0.9943207502365112]"
model\Dataset_Flood\non_flood\화면 캡처 2025-03-05 182945.jpg,non_flood,3,non_flood,3,0.9701472520828247,low,0.9431444760411978,non_flood,3,0.9698745608329773,low,0.9426057860255241,True,True,True,0.9999998807907104,0.0005499657709151506,0.00038105269777588546,0.0002726912498474121,3.421082510612905e-07,"[0.02700277604162693, 0.001175855752080679, 0.0016741814324632287, 0.9701472520828247]","[0.027268774807453156, 0.0011735140578821301, 0.0016831154935061932, 0.9698745608329773]"
model\Dataset_Flood\non_flood\화면 캡처 2025-03-05 182955.jpg,non_flood,3,non_flood,3,0.9670449495315552,low,0.9403184708207846,non_flood,3,0.9669481515884399,low,0.9401830919086933,True,True,True,0.9999999403953552,0.00019354023970663548,0.00011289130634395406,9.679794311523438e-05,1.0554686724617568e-07,"[0.026726478710770607, 0.004186535719782114, 0.0020420276559889317, 0.9670449495315552]","[0.026765059679746628, 0.004225484095513821, 0.0020612406078726053, 0.9669481515884399]"
model\Dataset_Flood\non_flood\화면 캡처 2025-03-05 183007.jpg,non_flood,3,non_flood,3,0.9550319314002991,low,0.9161949194967747,non_flood,3,0.9553447365760803,low,0.9167639948427677,True,True,True,1.0,0.00062559824436903,0.00040644590626470745,0.00031280517578125,2.590750511899387e-07,"[0.0388370119035244, 0.0039032017812132835, 0.00222781952470541, 0.9550319314002991]","[0.03858074173331261, 0.003868640400469303, 0.0022058580070734024, 0.9553447365760803]"
model\Dataset_Flood\non_flood\화면 캡처 2025-03-05 183016.jpg,non_flood,3,non_flood,3,0.5376144647598267,low,0.12399172782897949,non_flood,3,0.5380926132202148,low,0.12490701675415039,True,True,True,0.9999995827674866,0.0009658969938755035,0.0006494886474683881,0.0004781484603881836,1.1826340795551005e-07,"[0.41362273693084717, 0.028888534754514694, 0.01987423561513424, 0.5376144647598267]","[0.41318559646606445, 0.02884277142584324, 0.01987908035516739, 0.5380926132202148]"
model\Dataset_Flood\non_flood\화면 캡처 2025-03-05 183025.jpg,non_flood,3,non_flood,3,0.863610029220581,low,0.7377716302871704,non_flood,3,0.8644779324531555,low,0.7395586892962456,True,True,True,0.9999992251396179,0.0018741204403340816,0.0012661763466894627,0.0009191557765007019,1.0974617907777429e-06,"[0.12583839893341064, 0.006074600853025913, 0.004476992413401604, 0.863610029220581]","[0.12491924315690994, 0.006056655198335648, 0.004546108189970255, 0.8644779324531555]"
model\Dataset_Flood\non_flood\화면 캡처 2025-03-05 183036.jpg,non_flood,3,non_flood,3,0.9110752940177917,low,0.8550414443016052,non_flood,3,0.9112186431884766,low,0.8552893847227097,True,True,True,1.0,0.00039872806519269943,0.00020883057732135057,0.00014334917068481445,8.599455014746127e-08,"[0.05603384971618652, 0.023288115859031677, 0.009602781385183334, 0.9110752940177917]","[0.05592925846576691, 0.02319331280887127, 0.009658765979111195, 0.9112186431884766]"
model\Dataset_Flood\non_flood\화면 캡처 2025-03-05 183047.jpg,non_flood,3,non_flood,3,0.9685442447662354,low,0.9447015188634396,non_flood,3,0.968572735786438,low,0.9447703436017036,True,True,True,1.0,9.480956941843033e-05,5.335600508260541e-05,4.0333718061447144e-05,2.7667283575283363e-08,"[0.02384272590279579, 0.005105239804834127, 0.0025077874306589365, 0.9685442447662354]","[0.023802392184734344, 0.005098193418234587, 0.0025267258752137423, 0.968572735786438]"
model\Dataset_Flood\non_flood\화면 캡처 2025-03-05 183056.jpg,non_flood,3,non_flood,3,0.9278680086135864,low,0.8859382718801498,non_flood,3,0.9273863434791565,low,0.8852736055850983,True,True,True,1.0,0.0009634103626012802,0.0005604495527222753,0.00048166513442993164,5.023539415560663e-07,"[0.041929736733436584, 0.009985937736928463, 0.02021627686917782, 0.9278680086135864]","[0.04211273789405823, 0.01009065005928278, 0.020410308614373207, 0.9273863434791565]"
model\Dataset_Flood\non_flood\화면 캡처 2025-03-05 183110.jpg,non_flood,3,non_flood,3,0.9755085706710815,low,0.9578866083174944,non_flood,3,0.975517988204956,low,0.957922825589776,True,True,True,1.0000001192092896,5.360634531825781e-05,3.103427661699243e-05,2.679973840713501e-05,1.322291520722274e-08,"[0.01762196235358715, 0.005026889964938164, 0.001842639409005642, 0.9755085706710815]","[0.017595162615180016, 0.005034000147134066, 0.0018529182998463511, 0.975517988204956]"
model\Dataset_Flood\non_flood\화면 캡처 2025-03-05 183124.jpg,non_flood,3,non_flood,3,0.925251305103302,low,0.8596446514129639,non_flood,3,0.9250180125236511,low,0.859212338924408,True,True,True,1.0,0.0004666049499064684,0.0003081164904870093,0.0002332925796508789,1.0191796917524698e-07,"[0.06560665369033813, 0.003206539200618863, 0.005935487803071737, 0.925251305103302]","[0.06580567359924316, 0.0032111667096614838, 0.005965152755379677, 0.9250180125236511]"
model\Dataset_Flood\non_flood\화면 캡처 2025-03-05 183135.jpg,non_flood,3,non_flood,3,0.9668940305709839,low,0.9429311510175467,non_flood,3,0.9668723940849304,low,0.9428566191345453,True,True,True,1.0,0.00010588858276605606,6.184467201819643e-05,5.289539694786072e-05,,"[0.023962879553437233, 0.004272121004760265, 0.004871048498898745, 0.9668940305709839]","[0.024015774950385094, 0.004262234084308147, 0.004849578719586134, 0.9668723940849304]"
model\Dataset_Flood\non_flood\화면 캡처 2025-03-05 183145.jpg,non_flood,3,non_flood,3,0.9626502990722656,low,0.9395152796059847,non_flood,3,0.9626134037971497,low,0.9394556414335966,True,True,True,1.0,9.307847358286381e-05,5.038308881921694e-05,3.68952751159668e-05,4.4025913581435816e-08,"[0.023135019466280937, 0.011705351993441582, 0.0025093054864555597, 0.9626502990722656]","[0.023157762363553047, 0.011729172430932522, 0.002499685622751713, 0.9626134037971497]"
