image_path,ground_truth,gt_idx,pred_onnx_fp32,confidence_onnx_fp32,latency_ms_onnx_fp32,margin_onnx_fp32,probabilities_onnx_fp32,pred_ptq_int8,confidence_ptq_int8,latency_ms_ptq_int8,margin_ptq_int8,probabilities_ptq_int8,pred_qat_int8,confidence_qat_int8,latency_ms_qat_int8,margin_qat_int8,probabilities_qat_int8
E:\RHNA\1Visual\NCKH\nckh2\products\fe\model\Dataset_Flood\low\images - 2025-01-28T163251.007.jpg,low,0,low,0.7433398962020874,12.682100001256913,0.5900698304176331,"[0.7433398962020874, 0.07202469557523727, 0.03136533498764038, 0.15327008068561554]",low,0.7176470756530762,16.086799994809553,0.5372549295425415,"[0.7176470756530762, 0.18039216101169586, 0.05098039656877518, 0.05098039656877518]",low,0.43034276366233826,71.95439998758957,0.08256658911705017,"[0.43034276366233826, 0.3477761745452881, 0.16500549018383026, 0.05687546730041504]"
E:\RHNA\1Visual\NCKH\nckh2\products\fe\model\Dataset_Flood\low\다운로드 (54).jpg,low,0,low,0.6131573915481567,11.566200002562255,0.3904474675655365,"[0.6131573915481567, 0.08579949289560318, 0.07833322137594223, 0.22270992398262024]",low,0.5921568870544434,9.976700006518513,0.4235294461250305,"[0.5921568870544434, 0.16862745583057404, 0.11372549831867218, 0.11764706671237946]",medium,0.3924579322338104,43.28350001014769,0.06383523344993591,"[0.3286226987838745, 0.3924579322338104, 0.16155308485031128, 0.1173662543296814]"
E:\RHNA\1Visual\NCKH\nckh2\products\fe\model\Dataset_Flood\low\808137151_1065873222862956_2369990287917085533_n.jpg,low,0,medium,0.6701967716217041,13.988899998366833,0.4640020430088043,"[0.20619472861289978, 0.6701967716217041, 0.036695219576358795, 0.08691322058439255]",non_flood,0.34117648005485535,11.930300010135397,0.0,"[0.2862745225429535, 0.34117648005485535, 0.02352941408753395, 0.34117648005485535]",non_flood,0.819836437702179,41.952400002628565,0.7291082739830017,"[0.09072814881801605, 0.05925331637263298, 0.03018210642039776, 0.819836437702179]"
E:\RHNA\1Visual\NCKH\nckh2\products\fe\model\Dataset_Flood\low\SSI_20170716151354_O2.jpg,low,0,medium,0.7966292500495911,15.361700003268197,0.6160896420478821,"[0.18053960800170898, 0.7966292500495911, 0.010662669315934181, 0.012168490327894688]",medium,0.5176470875740051,18.106300005456433,0.10196077823638916,"[0.41568630933761597, 0.5176470875740051, 0.011764707043766975, 0.05098039656877518]",low,0.37414634227752686,38.984700018772855,0.08233126997947693,"[0.37414634227752686, 0.2918150722980499, 0.19058044254779816, 0.14345820248126984]"
E:\RHNA\1Visual\NCKH\nckh2\products\fe\model\Dataset_Flood\low\화면 캡처 2025-03-05 161811.jpg,low,0,low,0.3782104551792145,12.013999978080392,0.11128401756286621,"[0.3782104551792145, 0.26692643761634827, 0.09464026242494583, 0.2602228820323944]",low,0.34117648005485535,9.70439999946393,0.0156862735748291,"[0.34117648005485535, 0.22745099663734436, 0.10196079313755035, 0.32549020648002625]",medium,0.45053574442863464,52.148700022371486,0.1562969982624054,"[0.29423874616622925, 0.45053574442863464, 0.22148634493350983, 0.0337391272187233]"
E:\RHNA\1Visual\NCKH\nckh2\products\fe\model\Dataset_Flood\low\images - 2025-01-28T163030.279.jpg,low,0,low,0.9183318614959717,10.93140000011772,0.8799411058425903,"[0.9183318614959717, 0.03087760880589485, 0.012399832718074322, 0.03839075192809105]",low,0.7843137979507446,13.621099991723895,0.6862745881080627,"[0.7843137979507446, 0.09803922474384308, 0.07450980693101883, 0.04313725605607033]",high,0.4302160143852234,46.74910000176169,0.16850683093070984,"[0.16495691239833832, 0.26170918345451355, 0.4302160143852234, 0.14311791956424713]"
E:\RHNA\1Visual\NCKH\nckh2\products\fe\model\Dataset_Flood\low\images - 2025-01-28T185425.621.jpg,low,0,low,0.8010507225990295,15.734099986730143,0.679948627948761,"[0.8010507225990295, 0.06730100512504578, 0.01054623443633318, 0.12110210955142975]",low,0.8117647767066956,13.090399996144697,0.7215687036514282,"[0.8117647767066956, 0.0784313753247261, 0.011764707043766975, 0.09019608050584793]",low,0.5105428099632263,41.68309998931363,0.30038076639175415,"[0.5105428099632263, 0.17597812414169312, 0.21016205847263336, 0.10331705957651138]"
E:\RHNA\1Visual\NCKH\nckh2\products\fe\model\Dataset_Flood\low\images - 2025-01-28T154416.248.jpg,low,0,low,0.6116239428520203,13.199200009694323,0.3406652510166168,"[0.6116239428520203, 0.27095869183540344, 0.08516678214073181, 0.03225066885352135]",low,0.6980392336845398,10.948200011625886,0.5215686559677124,"[0.6980392336845398, 0.1764705926179886, 0.05882353335618973, 0.062745101749897]",non_flood,0.3269985020160675,48.58010000316426,0.053187936544418335,"[0.27381056547164917, 0.27381056547164917, 0.12538039684295654, 0.3269985020160675]"
E:\RHNA\1Visual\NCKH\nckh2\products\fe\model\Dataset_Flood\low\images - 2025-01-28T154231.729.jpg,low,0,low,0.5600684881210327,13.885399996070191,0.30250558257102966,"[0.5600684881210327, 0.25756290555000305, 0.038890816271305084, 0.1434778869152069]",non_flood,0.4705882668495178,17.82939999247901,0.07843136787414551,"[0.3921568989753723, 0.125490203499794, 0.007843137718737125, 0.4705882668495178]",non_flood,0.4752846658229828,49.052300018956885,0.048020511865615845,"[0.42726415395736694, 0.07501702755689621, 0.022434163838624954, 0.4752846658229828]"
E:\RHNA\1Visual\NCKH\nckh2\products\fe\model\Dataset_Flood\low\화면 캡처 2025-03-05 162152.jpg,low,0,non_flood,0.7368943095207214,17.749199992977083,0.4917265772819519,"[0.24516773223876953, 0.010535177774727345, 0.007402773480862379, 0.7368943095207214]",non_flood,0.6196078658103943,17.588899994734675,0.3176470696926117,"[0.3019607961177826, 0.03529411926865578, 0.03921568766236305, 0.6196078658103943]",high,0.34137144684791565,69.87639999715611,0.0,"[0.34137144684791565, 0.2151685208082199, 0.34137144684791565, 0.10208861529827118]"
E:\RHNA\1Visual\NCKH\nckh2\products\fe\model\Dataset_Flood\low\images (93).jpg,low,0,low,0.7503064274787903,11.129300022730604,0.5270659923553467,"[0.7503064274787903, 0.2232404351234436, 0.007798767648637295, 0.01865442283451557]",medium,0.5647059082984924,10.50449998001568,0.16862744092941284,"[0.3960784673690796, 0.5647059082984924, 0.019607843831181526, 0.01568627543747425]",low,0.47553420066833496,44.53849999117665,0.1649692952632904,"[0.47553420066833496, 0.16983509063720703, 0.044065747410058975, 0.31056490540504456]"
E:\RHNA\1Visual\NCKH\nckh2\products\fe\model\Dataset_Flood\low\images (99).jpg,low,0,low,0.438313752412796,16.360500012524426,0.015569299459457397,"[0.438313752412796, 0.4227444529533386, 0.11140532791614532, 0.02753647044301033]",medium,0.6117647290229797,11.320499994326383,0.3490196168422699,"[0.26274511218070984, 0.6117647290229797, 0.10196079313755035, 0.01568627543747425]",low,0.40734803676605225,58.605600002920255,0.13169971108436584,"[0.40734803676605225, 0.2756483256816864, 0.20749253034591675, 0.10951115190982819]"
E:\RHNA\1Visual\NCKH\nckh2\products\fe\model\Dataset_Flood\low\화면 캡처 2025-03-05 165853.jpg,low,0,low,0.4571909010410309,17.185700009576976,0.07977688312530518,"[0.4571909010410309, 0.09782324731349945, 0.06757178902626038, 0.3774140179157257]",non_flood,0.6784313917160034,11.881499987794086,0.4745098054409027,"[0.2039215862751007, 0.06666667014360428, 0.0470588281750679, 0.6784313917160034]",non_flood,0.38857001066207886,61.74029997782782,0.0,"[0.38857001066207886, 0.16573359072208405, 0.05712643265724182, 0.38857001066207886]"
E:\RHNA\1Visual\NCKH\nckh2\products\fe\model\Dataset_Flood\low\images - 2025-01-28T164427.465.jpg,low,0,low,0.8215270042419434,15.078700002050027,0.6732006072998047,"[0.8215270042419434, 0.14832641184329987, 0.02576260082423687, 0.004383988678455353]",low,0.7764706611633301,15.15089999884367,0.6117647886276245,"[0.7764706611633301, 0.16470588743686676, 0.0470588281750679, 0.007843137718737125]",low,0.3730759620666504,68.84990000980906,0.02557256817817688,"[0.3730759620666504, 0.3475033938884735, 0.25245675444602966, 0.02696390077471733]"
E:\RHNA\1Visual\NCKH\nckh2\products\fe\model\Dataset_Flood\low\images (38).jpg,low,0,medium,0.5172597765922546,21.647399989888072,0.07808557152748108,"[0.43917420506477356, 0.5172597765922546, 0.015665309503674507, 0.02790071815252304]",low,0.4941176772117615,11.39500000863336,0.0627450942993164,"[0.4941176772117615, 0.43137258291244507, 0.02352941408753395, 0.0470588281750679]",non_flood,0.33726659417152405,42.25790000054985,0.05485808849334717,"[0.23647332191467285, 0.2824085056781769, 0.14385156333446503, 0.33726659417152405]"
E:\RHNA\1Visual\NCKH\nckh2\products\fe\model\Dataset_Flood\low\images - 2025-01-28T151232.035.jpg,low,0,low,0.5574045777320862,12.312800012296066,0.27283811569213867,"[0.5574045777320862, 0.2845664620399475, 0.09771274030208588, 0.06031620875000954]",low,0.4784314036369324,12.114100012695417,0.2549019753932953,"[0.4784314036369324, 0.22352942824363708, 0.125490203499794, 0.16470588743686676]",non_flood,0.6236646175384521,53.27369997394271,0.4086947441101074,"[0.21496988832950592, 0.12620918452739716, 0.03515627235174179, 0.6236646175384521]"
E:\RHNA\1Visual\NCKH\nckh2\products\fe\model\Dataset_Flood\low\images (33).jpg,low,0,medium,0.5204843878746033,18.732199998339638,0.08465033769607544,"[0.43583405017852783, 0.5204843878746033, 0.01257211621850729, 0.03110942430794239]",low,0.458823561668396,12.373599980492145,0.019607841968536377,"[0.458823561668396, 0.4392157196998596, 0.08235294371843338, 0.019607843831181526]",low,0.5911951661109924,43.47460001008585,0.38005223870277405,"[0.5911951661109924, 0.21114292740821838, 0.14287830889225006, 0.05478356033563614]"
E:\RHNA\1Visual\NCKH\nckh2\products\fe\model\Dataset_Flood\low\다운로드 (15) 1.jpg,low,0,low,0.8534190058708191,18.113700003596023,0.7641919255256653,"[0.8534190058708191, 0.053135477006435394, 0.004218356683850288, 0.0892270877957344]",low,0.760784387588501,16.318800015142187,0.6196079254150391,"[0.760784387588501, 0.08627451211214066, 0.007843137718737125, 0.1411764770746231]",low,0.449300616979599,57.1483000239823,0.24356168508529663,"[0.449300616979599, 0.20573893189430237, 0.20573893189430237, 0.13922147452831268]"
E:\RHNA\1Visual\NCKH\nckh2\products\fe\model\Dataset_Flood\low\noise.jpg,low,0,medium,0.5506919622421265,19.2090000200551,0.24966949224472046,"[0.1356927752494812, 0.5506919622421265, 0.301022469997406, 0.012592763639986515]",medium,0.5058823823928833,22.38680000300519,0.25882354378700256,"[0.22745099663734436, 0.5058823823928833, 0.24705883860588074, 0.019607843831181526]",low,0.3367561101913452,83.48030000342987,0.0,"[0.3367561101913452, 0.3367561101913452, 0.28198105096817017, 0.04450675845146179]"
E:\RHNA\1Visual\NCKH\nckh2\products\fe\model\Dataset_Flood\low\images - 2025-01-28T151759.595.jpg,low,0,low,0.7692956328392029,26.47029998479411,0.6334541440010071,"[0.7692956328392029, 0.048315487802028656, 0.046547405421733856, 0.1358414739370346]",non_flood,0.4549019932746887,17.3066999996081,0.019607841968536377,"[0.43529415130615234, 0.02352941408753395, 0.08235294371843338, 0.4549019932746887]",non_flood,0.4708021581172943,67.16579999192618,0.25521746277809143,"[0.21558469533920288, 0.1870429962873459, 0.12657010555267334, 0.4708021581172943]"
E:\RHNA\1Visual\NCKH\nckh2\products\fe\model\Dataset_Flood\low\721750ca-9b42-42b5-8b16-353112338174-Flood3.jpg,low,0,low,0.5464641451835632,14.069099997868761,0.36170095205307007,"[0.5464641451835632, 0.18476317822933197, 0.16220445930957794, 0.10656825453042984]",low,0.48235297203063965,8.70590002159588,0.2549019753932953,"[0.48235297203063965, 0.12156863510608673, 0.22745099663734436, 0.16470588743686676]",low,0.3670807182788849,37.552199995843694,0.08077648282051086,"[0.3670807182788849, 0.286304235458374, 0.2155136913061142, 0.13110136985778809]"
E:\RHNA\1Visual\NCKH\nckh2\products\fe\model\Dataset_Flood\low\화면 캡처 2025-03-05 161202.jpg,low,0,low,0.7726475596427917,15.313499985495582,0.5830494165420532,"[0.7726475596427917, 0.1895981729030609, 0.006872609723359346, 0.03088168427348137]",low,0.7568628191947937,10.779399977764115,0.6352941989898682,"[0.7568628191947937, 0.10196079313755035, 0.01568627543747425, 0.12156863510608673]",low,0.467319518327713,43.62759998184629,0.17276519536972046,"[0.467319518327713, 0.29455432295799255, 0.15003834664821625, 0.08808775246143341]"
E:\RHNA\1Visual\NCKH\nckh2\products\fe\model\Dataset_Flood\low\images - 2025-01-28T164448.787.jpg,low,0,low,0.8732543587684631,9.613900008844212,0.8105822205543518,"[0.8732543587684631, 0.05668450519442558, 0.0073889330960810184, 0.06267211586236954]",low,0.7372549176216125,13.588500005425885,0.5254901647567749,"[0.7372549176216125, 0.03921568766236305, 0.007843137718737125, 0.21176472306251526]",non_flood,0.6654815077781677,56.403900001896545,0.3915398120880127,"[0.27394169569015503, 0.048097383230924606, 0.012479441240429878, 0.6654815077781677]"
E:\RHNA\1Visual\NCKH\nckh2\products\fe\model\Dataset_Flood\low\images - 2025-01-28T164438.545.jpg,low,0,low,0.501034677028656,22.059899987652898,0.06598317623138428,"[0.501034677028656, 0.04720025137066841, 0.01671351119875908, 0.43505150079727173]",low,0.615686297416687,10.55629999609664,0.3019607961177826,"[0.615686297416687, 0.05098039656877518, 0.01568627543747425, 0.3137255012989044]",low,0.5034997463226318,74.10549998166971,0.23776081204414368,"[0.5034997463226318, 0.19305594265460968, 0.037705425173044205, 0.26573893427848816]"
E:\RHNA\1Visual\NCKH\nckh2\products\fe\model\Dataset_Flood\low\images - 2025-01-28T164633.825.jpg,low,0,low,0.9217808842658997,20.09629999520257,0.8674208521842957,"[0.9217808842658997, 0.05436001718044281, 0.0022807952482253313, 0.021578336134552956]",low,0.7921569347381592,12.094100005924702,0.64705890417099,"[0.7921569347381592, 0.14509804546833038, 0.007843137718737125, 0.05098039656877518]",high,0.4759259521961212,55.27159999473952,0.21566173434257507,"[0.1528015434741974, 0.26026421785354614, 0.4759259521961212, 0.11100835353136063]"
E:\RHNA\1Visual\NCKH\nckh2\products\fe\model\Dataset_Flood\low\images - 2025-01-28T161955.443.jpg,low,0,low,0.7375980019569397,22.74099999340251,0.4856644868850708,"[0.7375980019569397, 0.008773856796324253, 0.0016946326941251755, 0.2519335150718689]",low,0.9137255549430847,21.60779997939244,0.874509871006012,"[0.9137255549430847, 0.03529411926865578, 0.007843137718737125, 0.03921568766236305]",low,0.4756552278995514,73.33710000966676,0.27277788519859314,"[0.4756552278995514, 0.20287734270095825, 0.1324964165687561, 0.18897105753421783]"
E:\RHNA\1Visual\NCKH\nckh2\products\fe\model\Dataset_Flood\low\images - 2025-01-28T154034.580.jpg,low,0,non_flood,0.7134258151054382,22.310500004095957,0.4462844431400299,"[0.2671413719654083, 0.015481902286410332, 0.003950864542275667, 0.7134258151054382]",non_flood,0.6352941393852234,23.18139999988489,0.32549020648002625,"[0.30980393290519714, 0.03921568766236305, 0.011764707043766975, 0.6352941393852234]",non_flood,0.5616607666015625,50.94060002011247,0.3680628538131714,"[0.1935979276895523, 0.18684503436088562, 0.05789629742503166, 0.5616607666015625]"
E:\RHNA\1Visual\NCKH\nckh2\products\fe\model\Dataset_Flood\low\다운로드 (24).jpg,low,0,non_flood,0.7445239424705505,12.35659999656491,0.5312042236328125,"[0.21331971883773804, 0.03140748664736748, 0.01074886228889227, 0.7445239424705505]",non_flood,0.5529412031173706,9.72830000682734,0.2705882489681244,"[0.2823529541492462, 0.11764706671237946, 0.04313725605607033, 0.5529412031173706]",low,0.3845522403717041,38.47930001211353,0.06254935264587402,"[0.3845522403717041, 0.3220028877258301, 0.18245422840118408, 0.11099063605070114]"
E:\RHNA\1Visual\NCKH\nckh2\products\fe\model\Dataset_Flood\low\화면 캡처 2025-03-05 165641.jpg,low,0,non_flood,0.5316320061683655,10.626600007526577,0.0929601788520813,"[0.4386718273162842, 0.02248801290988922, 0.007208146154880524, 0.5316320061683655]",non_flood,0.7176470756530762,9.198899992043152,0.4588235318660736,"[0.25882354378700256, 0.01568627543747425, 0.003921568859368563, 0.7176470756530762]",medium,0.34473133087158203,65.68090000655502,0.012024551630020142,"[0.3327067792415619, 0.34473133087158203, 0.2785903513431549, 0.04397158324718475]"
E:\RHNA\1Visual\NCKH\nckh2\products\fe\model\Dataset_Flood\low\images (23) 2.jpg,low,0,low,0.4907572567462921,24.627900013001636,0.11251550912857056,"[0.4907572567462921, 0.37824174761772156, 0.1161699891090393, 0.014830945059657097]",low,0.5137255191802979,23.521499999333173,0.18431374430656433,"[0.5137255191802979, 0.3294117748737335, 0.11764706671237946, 0.03921568766236305]",high,0.43817993998527527,75.28759998967871,0.14166796207427979,"[0.19364792108535767, 0.2965119779109955, 0.43817993998527527, 0.07166014611721039]"
E:\RHNA\1Visual\NCKH\nckh2\products\fe\model\Dataset_Flood\low\images - 2025-01-28T151814.128.jpg,low,0,low,0.5324286222457886,21.904299996094778,0.08685305714607239,"[0.5324286222457886, 0.019800670444965363, 0.00219512777402997, 0.4455755650997162]",non_flood,0.4941176772117615,18.929399986518547,0.023529410362243652,"[0.4705882668495178, 0.0313725508749485, 0.003921568859368563, 0.4941176772117615]",non_flood,0.5007981657981873,64.55540002207272,0.17373371124267578,"[0.3270644545555115, 0.13463421165943146, 0.037503112107515335, 0.5007981657981873]"
E:\RHNA\1Visual\NCKH\nckh2\products\fe\model\Dataset_Flood\low\803005566_1065370432913235_8636202584573284675_n.jpg,low,0,medium,0.7760429382324219,12.04850000794977,0.6514027714729309,"[0.12464018166065216, 0.7760429382324219, 0.025900360196828842, 0.07341651618480682]",medium,0.5529412031173706,11.542799999006093,0.29411765933036804,"[0.15294118225574493, 0.5529412031173706, 0.0313725508749485, 0.25882354378700256]",low,0.42638006806373596,61.663500004215166,0.08180630207061768,"[0.42638006806373596, 0.18186041712760925, 0.04718584194779396, 0.3445737659931183]"
E:\RHNA\1Visual\NCKH\nckh2\products\fe\model\Dataset_Flood\low\images (16) 2.jpg,low,0,low,0.6438365578651428,15.115799993509427,0.39528530836105347,"[0.6438365578651428, 0.24855123460292816, 0.09740044921636581, 0.010211732238531113]",low,0.6000000238418579,10.328000003937632,0.29411765933036804,"[0.6000000238418579, 0.30588236451148987, 0.05882353335618973, 0.0313725508749485]",low,0.34943756461143494,49.53629997908138,0.02395227551460266,"[0.34943756461143494, 0.3254852890968323, 0.19109293818473816, 0.13398417830467224]"
E:\RHNA\1Visual\NCKH\nckh2\products\fe\model\Dataset_Flood\low\image_297.jpg,low,0,medium,0.7150513529777527,12.029700010316446,0.5611956715583801,"[0.15385566651821136, 0.7150513529777527, 0.10677537322044373, 0.024317564442753792]",medium,0.45098042488098145,11.049099994124845,0.07450979948043823,"[0.3764706254005432, 0.45098042488098145, 0.11372549831867218, 0.05490196496248245]",high,0.3908931016921997,51.43140000291169,0.026793867349624634,"[0.18546269834041595, 0.3640992343425751, 0.3908931016921997, 0.05954494699835777]"
E:\RHNA\1Visual\NCKH\nckh2\products\fe\model\Dataset_Flood\low\images - 2025-01-28T162855.395.jpg,low,0,low,0.9246793389320374,18.226999993203208,0.8827422857284546,"[0.9246793389320374, 0.041937053203582764, 0.011775990016758442, 0.0216076597571373]",low,0.8392157554626465,25.89379998971708,0.7686275243759155,"[0.8392157554626465, 0.07058823853731155, 0.0313725508749485, 0.05490196496248245]",medium,0.34074142575263977,69.09499998437241,0.05542328953742981,"[0.28531813621520996, 0.34074142575263977, 0.25649091601371765, 0.11744958162307739]"
E:\RHNA\1Visual\NCKH\nckh2\products\fe\model\Dataset_Flood\low\images (32).jpg,low,0,medium,0.47939395904541016,16.487799992319196,0.16660812497138977,"[0.3127858340740204, 0.47939395904541016, 0.07628124207258224, 0.131538987159729]",medium,0.5686274766921997,12.402899999869987,0.27450981736183167,"[0.29411765933036804, 0.5686274766921997, 0.08235294371843338, 0.05098039656877518]",high,0.31972700357437134,49.634299997705966,0.0,"[0.22417549788951874, 0.31972700357437134, 0.31972700357437134, 0.13637053966522217]"
E:\RHNA\1Visual\NCKH\nckh2\products\fe\model\Dataset_Flood\low\다운로드 (13).jpg,low,0,low,0.8131327629089355,13.071399996988475,0.6409325003623962,"[0.8131327629089355, 0.1722002774477005, 0.014082808047533035, 0.0005841242964379489]",low,0.6039215922355652,9.177800006000325,0.2666666805744171,"[0.6039215922355652, 0.33725491166114807, 0.05098039656877518, 0.003921568859368563]",low,0.46161478757858276,51.53900000732392,0.1905999779701233,"[0.46161478757858276, 0.2710148096084595, 0.1833929866552353, 0.0839773565530777]"
E:\RHNA\1Visual\NCKH\nckh2\products\fe\model\Dataset_Flood\low\images - 2025-01-28T151448.228.jpg,low,0,non_flood,0.440720796585083,12.291799997910857,0.1829814910888672,"[0.2577393054962158, 0.15948525071144104, 0.1420547068119049, 0.440720796585083]",non_flood,0.3529411852359772,9.611699992092326,0.05882352590560913,"[0.1882353127002716, 0.1568627506494522, 0.29411765933036804, 0.3529411852359772]",low,0.27940672636032104,54.63750002672896,0.01915198564529419,"[0.27940672636032104, 0.24241551756858826, 0.26025474071502686, 0.21792298555374146]"
E:\RHNA\1Visual\NCKH\nckh2\products\fe\model\Dataset_Flood\low\images - 2025-01-28T184905.989.jpg,low,0,low,0.7267225384712219,18.630300008226186,0.56510990858078,"[0.7267225384712219, 0.1616126149892807, 0.08797065168619156, 0.0236941110342741]",low,0.6823529601097107,13.949200016213581,0.5098039507865906,"[0.6823529601097107, 0.1725490242242813, 0.1098039299249649, 0.0313725508749485]",low,0.35645630955696106,68.0698000069242,0.04719194769859314,"[0.35645630955696106, 0.2780177593231201, 0.3092643618583679, 0.056261636316776276]"
E:\RHNA\1Visual\NCKH\nckh2\products\fe\model\Dataset_Flood\low\images - 2025-01-28T155237.362.jpg,low,0,low,0.8751249313354492,17.964800004847348,0.8002487421035767,"[0.8751249313354492, 0.04385371878743172, 0.0061451527290046215, 0.07487617433071136]",low,0.8862745761871338,21.637900004861876,0.8235294818878174,"[0.8862745761871338, 0.062745101749897, 0.019607843831181526, 0.0313725508749485]",low,0.5574374794960022,45.877199998358265,0.3437002897262573,"[0.5574374794960022, 0.17897175252437592, 0.04985358938574791, 0.21373718976974487]"
E:\RHNA\1Visual\NCKH\nckh2\products\fe\model\Dataset_Flood\low\images - 2025-01-28T154421.186.jpg,low,0,low,0.5380392074584961,15.276599995559081,0.08896175026893616,"[0.5380392074584961, 0.011413026601076126, 0.0014703520573675632, 0.44907745718955994]",low,0.5568627715110779,14.405100024305284,0.14901959896087646,"[0.5568627715110779, 0.027450982481241226, 0.003921568859368563, 0.4078431725502014]",non_flood,0.4728999733924866,44.842900009825826,0.03241506218910217,"[0.4404849112033844, 0.07203710079193115, 0.014577933587133884, 0.4728999733924866]"
E:\RHNA\1Visual\NCKH\nckh2\products\fe\model\Dataset_Flood\low\images - 2025-01-28T164917.120.jpg,low,0,low,0.7330392599105835,17.896700010169297,0.5892655849456787,"[0.7330392599105835, 0.14377368986606598, 0.039592765271663666, 0.08359434455633163]",low,0.5882353186607361,14.5419999898877,0.3019607961177826,"[0.5882353186607361, 0.2862745225429535, 0.09803922474384308, 0.02352941408753395]",medium,0.33072900772094727,67.58979998994619,0.01153615117073059,"[0.2579517364501953, 0.33072900772094727, 0.3191928565502167, 0.09212640672922134]"
E:\RHNA\1Visual\NCKH\nckh2\products\fe\model\Dataset_Flood\low\images - 2025-01-28T152045.509.jpg,low,0,low,0.7572987675666809,30.114499997580424,0.6421635746955872,"[0.7572987675666809, 0.08653725683689117, 0.04102885350584984, 0.11513521522283554]",low,0.7725490927696228,15.309200010960922,0.69019615650177,"[0.7725490927696228, 0.08235294371843338, 0.07058823853731155, 0.07450980693101883]",low,0.31707894802093506,53.557699982775375,0.01106002926826477,"[0.31707894802093506, 0.2751002311706543, 0.3060189187526703, 0.10180186480283737]"
E:\RHNA\1Visual\NCKH\nckh2\products\fe\model\Dataset_Flood\low\images - 2025-01-28T164148.602.jpg,low,0,low,0.5650250315666199,25.315299979411066,0.36113178730010986,"[0.5650250315666199, 0.1842251420021057, 0.04685657471418381, 0.20389324426651]",low,0.4392157196998596,28.74439998413436,0.1568627655506134,"[0.4392157196998596, 0.2823529541492462, 0.1882353127002716, 0.09019608050584793]",high,0.34672442078590393,62.58569998317398,0.06652337312698364,"[0.17661243677139282, 0.2802010476589203, 0.34672442078590393, 0.196462020277977]"
E:\RHNA\1Visual\NCKH\nckh2\products\fe\model\Dataset_Flood\low\화면 캡처 2025-03-05 163923.jpg,low,0,non_flood,0.4391787648200989,14.38479998614639,0.0016308724880218506,"[0.437547892332077, 0.09988867491483688, 0.023384643718600273, 0.4391787648200989]",non_flood,0.7490196228027344,12.182200007373467,0.5529412031173706,"[0.19607844948768616, 0.03529411926865578, 0.011764707043766975, 0.7490196228027344]",low,0.37169349193573,49.51360000995919,0.06045779585838318,"[0.37169349193573, 0.3112356960773468, 0.15853537619113922, 0.15853537619113922]"
E:\RHNA\1Visual\NCKH\nckh2\products\fe\model\Dataset_Flood\low\img_india_20151202_title-759x500.jpg,low,0,medium,0.5241528153419495,17.988799983868375,0.25059565901756287,"[0.16513754427433014, 0.5241528153419495, 0.2735571563243866, 0.03715244308114052]",high,0.46274513006210327,20.248599990736693,0.07450979948043823,"[0.09803922474384308, 0.38823533058166504, 0.46274513006210327, 0.05098039656877518]",high,0.2929973900318146,99.31180000421591,0.02960306406021118,"[0.24533990025520325, 0.2633943259716034, 0.2929973900318146, 0.19826839864253998]"
E:\RHNA\1Visual\NCKH\nckh2\products\fe\model\Dataset_Flood\low\다운로드 (17).jpg,low,0,low,0.46238917112350464,10.209999978542328,0.17806637287139893,"[0.46238917112350464, 0.14829722046852112, 0.10499082505702972, 0.2843227982521057]",non_flood,0.5568627715110779,11.748899996746331,0.29411765933036804,"[0.26274511218070984, 0.09803922474384308, 0.0784313753247261, 0.5568627715110779]",medium,0.38077598810195923,41.903700010152534,0.1137961745262146,"[0.26697981357574463, 0.38077598810195923, 0.15127688646316528, 0.20096732676029205]"
E:\RHNA\1Visual\NCKH\nckh2\products\fe\model\Dataset_Flood\low\images.jpg,low,0,low,0.47656676173210144,12.36560000688769,0.00879397988319397,"[0.47656676173210144, 0.46777278184890747, 0.0025869670789688826, 0.05307356268167496]",medium,0.5333333611488342,15.202000009594485,0.1254901885986328,"[0.4078431725502014, 0.5333333611488342, 0.011764707043766975, 0.0470588281750679]",non_flood,0.5332280397415161,66.86739998986013,0.3620290160179138,"[0.1243739053606987, 0.1711990386247635, 0.1711990386247635, 0.5332280397415161]"
E:\RHNA\1Visual\NCKH\nckh2\products\fe\model\Dataset_Flood\low\images - 2025-01-28T152051.161.jpg,low,0,medium,0.48449811339378357,17.766599979950115,0.18021070957183838,"[0.3042874038219452, 0.48449811339378357, 0.017514070495963097, 0.19370044767856598]",non_flood,0.48235297203063965,13.415499997790903,0.24705883860588074,"[0.2352941334247589, 0.2352941334247589, 0.04313725605607033, 0.48235297203063965]",non_flood,0.591087281703949,58.9693000074476,0.36444783210754395,"[0.22663944959640503, 0.1533646583557129, 0.028908584266901016, 0.591087281703949]"
E:\RHNA\1Visual\NCKH\nckh2\products\fe\model\Dataset_Flood\low\images - 2025-01-28T164419.296.jpg,low,0,low,0.4885983467102051,13.30620000953786,0.17062315344810486,"[0.4885983467102051, 0.3179751932621002, 0.12097322195768356, 0.07245320081710815]",low,0.6549019813537598,19.637999997939914,0.45098039507865906,"[0.6549019813537598, 0.2039215862751007, 0.062745101749897, 0.07058823853731155]",low,0.3449079096317291,85.98689999780618,0.03484785556793213,"[0.3449079096317291, 0.2173975706100464, 0.1276344656944275, 0.310060054063797]"
E:\RHNA\1Visual\NCKH\nckh2\products\fe\model\Dataset_Flood\low\images - 2025-01-28T152202.438.jpg,low,0,non_flood,0.6480584144592285,19.97329998994246,0.3282475471496582,"[0.3198108673095703, 0.028292404487729073, 0.00383831188082695, 0.6480584144592285]",non_flood,0.729411780834198,28.038899996317923,0.529411792755127,"[0.20000001788139343, 0.05098039656877518, 0.01568627543747425, 0.729411780834198]",low,0.46594753861427307,91.05909999925643,0.0757887065410614,"[0.46594753861427307, 0.11667869985103607, 0.02721497230231762, 0.39015883207321167]"
E:\RHNA\1Visual\NCKH\nckh2\products\fe\model\Dataset_Flood\low\flood_6194.jpg,low,0,medium,0.4199292063713074,13.273999997181818,0.01693865656852722,"[0.40299054980278015, 0.4199292063713074, 0.1434984803199768, 0.03358179330825806]",low,0.3921568989753723,11.431899998569861,0.04705885052680969,"[0.3921568989753723, 0.3450980484485626, 0.21176472306251526, 0.0470588281750679]",non_flood,0.4326286017894745,47.665599995525554,0.20429430902004242,"[0.22833429276943207, 0.15451154112815857, 0.1845255345106125, 0.4326286017894745]"
E:\RHNA\1Visual\NCKH\nckh2\products\fe\model\Dataset_Flood\low\images - 2025-01-28T164411.442.jpg,low,0,low,0.8116031885147095,16.06530000572093,0.6899866461753845,"[0.8116031885147095, 0.12161654233932495, 0.03049614652991295, 0.036284126341342926]",low,0.6901960968971252,12.597399996593595,0.48235294222831726,"[0.6901960968971252, 0.20784315466880798, 0.07058823853731155, 0.02352941408753395]",low,0.5053110718727112,42.33070000191219,0.24791869521141052,"[0.5053110718727112, 0.25739237666130066, 0.16809943318367004, 0.06919717788696289]"
E:\RHNA\1Visual\NCKH\nckh2\products\fe\model\Dataset_Flood\low\images - 2025-01-28T164431.273.jpg,low,0,low,0.7346147298812866,15.4206000152044,0.585639476776123,"[0.7346147298812866, 0.14897528290748596, 0.05850578472018242, 0.05790430307388306]",low,0.5568627715110779,11.255200020968914,0.35686275362968445,"[0.5568627715110779, 0.20000001788139343, 0.10196079313755035, 0.13333334028720856]",medium,0.32064905762672424,57.098899997072294,0.03239685297012329,"[0.20941153168678284, 0.32064905762672424, 0.1816871166229248, 0.28825220465660095]"
E:\RHNA\1Visual\NCKH\nckh2\products\fe\model\Dataset_Flood\low\image_203.jpeg,low,0,medium,0.8388938307762146,18.738299986580387,0.7466767430305481,"[0.09221706539392471, 0.8388938307762146, 0.06699564307928085, 0.0018934642430394888]",medium,0.7568628191947937,13.455600012093782,0.6392157673835754,"[0.11764706671237946, 0.7568628191947937, 0.11764706671237946, 0.007843137718737125]",high,0.27722328901290894,37.54050002316944,0.019002318382263184,"[0.25822097063064575, 0.22403456270694733, 0.27722328901290894, 0.2405211478471756]"
E:\RHNA\1Visual\NCKH\nckh2\products\fe\model\Dataset_Flood\low\다운로드 (50).jpg,low,0,low,0.546085774898529,10.731599992141128,0.28922387957572937,"[0.546085774898529, 0.1029677465558052, 0.09408467262983322, 0.2568618953227997]",low,0.43529415130615234,8.983800013083965,0.12941178679466248,"[0.43529415130615234, 0.14509804546833038, 0.30588236451148987, 0.1098039299249649]",low,0.3444414734840393,35.692399978870526,0.0,"[0.3444414734840393, 0.3444414734840393, 0.1693297028541565, 0.14178737998008728]"
E:\RHNA\1Visual\NCKH\nckh2\products\fe\model\Dataset_Flood\medium\images - 2025-01-28T164558.649.jpg,medium,1,low,0.43394792079925537,12.077499995939434,0.1413346529006958,"[0.43394792079925537, 0.24520783126354218, 0.028231047093868256, 0.29261326789855957]",low,0.5254902243614197,8.976199984317645,0.2549019753932953,"[0.5254902243614197, 0.2705882489681244, 0.062745101749897, 0.13725490868091583]",medium,0.30259063839912415,40.09249998489395,0.030572324991226196,"[0.22777315974235535, 0.30259063839912415, 0.1976178139448166, 0.27201831340789795]"
E:\RHNA\1Visual\NCKH\nckh2\products\fe\model\Dataset_Flood\medium\images (40).jpg,medium,1,low,0.5993786454200745,10.447299981024116,0.29328861832618713,"[0.5993786454200745, 0.30609002709388733, 0.07639569044113159, 0.01813563145697117]",low,0.7098039388656616,9.032000001752749,0.49803921580314636,"[0.7098039388656616, 0.21176472306251526, 0.03921568766236305, 0.03529411926865578]",low,0.5501441359519958,35.3017000015825,0.33157968521118164,"[0.5501441359519958, 0.2185644507408142, 0.10744772851467133, 0.12384362518787384]"
E:\RHNA\1Visual\NCKH\nckh2\products\fe\model\Dataset_Flood\medium\다운로드 (32).jpg,medium,1,low,0.6392161250114441,9.52809999580495,0.3449295163154602,"[0.6392161250114441, 0.0515194907784462, 0.014977875165641308, 0.2942866086959839]",low,0.6196078658103943,10.008599987486377,0.38823530077934265,"[0.6196078658103943, 0.11764706671237946, 0.02352941408753395, 0.23137256503105164]",low,0.4376424551010132,38.26419997494668,0.18966418504714966,"[0.4376424551010132, 0.24797827005386353, 0.1405101716518402, 0.17386913299560547]"
E:\RHNA\1Visual\NCKH\nckh2\products\fe\model\Dataset_Flood\medium\다운로드 (14) 1.jpg,medium,1,medium,0.5130665302276611,15.024099993752316,0.1892145574092865,"[0.32385197281837463, 0.5130665302276611, 0.11170820146799088, 0.05137329176068306]",medium,0.458823561668396,13.661700009834021,0.1882353127002716,"[0.2352941334247589, 0.458823561668396, 0.2705882489681244, 0.027450982481241226]",medium,0.41022390127182007,38.171299995156005,0.10143047571182251,"[0.30879342555999756, 0.41022390127182007, 0.20895741879940033, 0.07202517986297607]"
E:\RHNA\1Visual\NCKH\nckh2\products\fe\model\Dataset_Flood\medium\images (31).jpg,medium,1,medium,0.7274879813194275,9.921500022755936,0.535266637802124,"[0.07699171453714371, 0.7274879813194275, 0.19222131371498108, 0.0032989531755447388]",medium,0.7137255072593689,11.430400016251951,0.5254901647567749,"[0.08627451211214066, 0.7137255072593689, 0.1882353127002716, 0.007843137718737125]",medium,0.3381921648979187,64.41730001824908,0.02318146824836731,"[0.3150106966495514, 0.3381921648979187, 0.2934182286262512, 0.05337889492511749]"
E:\RHNA\1Visual\NCKH\nckh2\products\fe\model\Dataset_Flood\medium\cuuho-19-4795-1763627595.webp,medium,1,medium,0.8109928369522095,11.016500007826835,0.6279868483543396,"[0.005860204808413982, 0.8109928369522095, 0.18300597369670868, 0.00014103179273661226]",medium,0.8156863451004028,8.669700007885695,0.6588236093521118,"[0.02352941408753395, 0.8156863451004028, 0.1568627506494522, 0.0]",medium,0.448478639125824,39.80360002606176,0.09868815541267395,"[0.16017231345176697, 0.448478639125824, 0.34979048371315, 0.04155861958861351]"
E:\RHNA\1Visual\NCKH\nckh2\products\fe\model\Dataset_Flood\medium\38.jpg,medium,1,medium,0.6203584671020508,10.700399987399578,0.32980895042419434,"[0.0821615681052208, 0.6203584671020508, 0.29054951667785645, 0.006930442992597818]",low,0.5176470875740051,13.609199988422915,0.20000001788139343,"[0.5176470875740051, 0.3176470696926117, 0.1098039299249649, 0.05098039656877518]",low,0.5464346408843994,51.75499999313615,0.3049449622631073,"[0.5464346408843994, 0.24148967862129211, 0.1577136218547821, 0.05436205491423607]"
E:\RHNA\1Visual\NCKH\nckh2\products\fe\model\Dataset_Flood\medium\z5675153483527cd80a92c47aaeb3ab9a8fbe5fd9bdaba-1722134771986321631296.webp,medium,1,medium,0.7103907465934753,11.23639999423176,0.5412207841873169,"[0.16916999220848083, 0.7103907465934753, 0.09461182355880737, 0.0258274357765913]",low,0.5098039507865906,10.843000025488436,0.15294119715690613,"[0.5098039507865906, 0.35686275362968445, 0.05490196496248245, 0.07058823853731155]",non_flood,0.4322812557220459,36.2553000159096,0.08293852210044861,"[0.3493427336215973, 0.13394781947135925, 0.08442813158035278, 0.4322812557220459]"
E:\RHNA\1Visual\NCKH\nckh2\products\fe\model\Dataset_Flood\medium\img0412-173554575-1648898672886468709355.jpg,medium,1,medium,0.6046767830848694,16.693000012310222,0.2656860649585724,"[0.053754426538944244, 0.6046767830848694, 0.338990718126297, 0.002578004729002714]",medium,0.5607843399047852,19.207200006349012,0.16862744092941284,"[0.03921568766236305, 0.5607843399047852, 0.3921568989753723, 0.003921568859368563]",low,0.4421566426753998,57.983199978480116,0.17318373918533325,"[0.4421566426753998, 0.26897290349006653, 0.18201127648353577, 0.10685911774635315]"
E:\RHNA\1Visual\NCKH\nckh2\products\fe\model\Dataset_Flood\medium\images - 2025-01-28T164335.071.jpg,medium,1,medium,0.41728007793426514,15.194799983873963,0.09860050678253174,"[0.3186795711517334, 0.41728007793426514, 0.25954654812812805, 0.004493743181228638]",medium,0.41960787773132324,15.389300009701401,0.1254902184009552,"[0.29411765933036804, 0.41960787773132324, 0.2823529541492462, 0.003921568859368563]",low,0.4889555275440216,36.75710002426058,0.20188894867897034,"[0.4889555275440216, 0.28706657886505127, 0.14112383127212524, 0.0828540250658989]"
E:\RHNA\1Visual\NCKH\nckh2\products\fe\model\Dataset_Flood\medium\11111_20240910092935.jpg,medium,1,medium,0.7116610407829285,19.944400002714247,0.44539403915405273,"[0.019898977130651474, 0.7116610407829285, 0.26626700162887573, 0.002172968117520213]",medium,0.5176470875740051,17.91409999714233,0.08627450466156006,"[0.03921568766236305, 0.5176470875740051, 0.43137258291244507, 0.003921568859368563]",non_flood,0.3476942479610443,51.039200014201924,0.10390958189964294,"[0.21150951087474823, 0.24378466606140137, 0.1970115453004837, 0.3476942479610443]"
E:\RHNA\1Visual\NCKH\nckh2\products\fe\model\Dataset_Flood\medium\803102991_1065370649579880_774651092268573661_n.jpg,medium,1,medium,0.7876155376434326,9.12819997756742,0.6102501749992371,"[0.17736537754535675, 0.7876155376434326, 0.02680155448615551, 0.00821754615753889]",medium,0.5490196347236633,9.27030001184903,0.16470587253570557,"[0.38431376218795776, 0.5490196347236633, 0.0313725508749485, 0.0313725508749485]",non_flood,0.49543842673301697,36.07840000768192,0.18316054344177246,"[0.1429949402809143, 0.3122778832912445, 0.049288686364889145, 0.49543842673301697]"
E:\RHNA\1Visual\NCKH\nckh2\products\fe\model\Dataset_Flood\medium\images (17) 2.jpg,medium,1,low,0.6591565012931824,12.892600003397092,0.4543045163154602,"[0.6591565012931824, 0.20485198497772217, 0.09527420252561569, 0.04071735590696335]",low,0.7960785031318665,12.581499991938472,0.6823530197143555,"[0.7960785031318665, 0.11372549831867218, 0.0313725508749485, 0.05490196496248245]",low,0.3187938630580902,33.29920000396669,0.032209426164627075,"[0.3187938630580902, 0.28658443689346313, 0.2486429363489151, 0.1459786742925644]"
E:\RHNA\1Visual\NCKH\nckh2\products\fe\model\Dataset_Flood\medium\images (21).jpg,medium,1,medium,0.7807613611221313,10.661899985279888,0.660221517086029,"[0.09830589592456818, 0.7807613611221313, 0.12053985893726349, 0.000392851943615824]",medium,0.7215686440467834,10.99049998447299,0.5568627715110779,"[0.16470588743686676, 0.7215686440467834, 0.10588236153125763, 0.0]",medium,0.377732515335083,48.83650000556372,0.09339678287506104,"[0.284335732460022, 0.377732515335083, 0.284335732460022, 0.05359608680009842]"
E:\RHNA\1Visual\NCKH\nckh2\products\fe\model\Dataset_Flood\medium\images - 2025-01-28T184948.206.jpg,medium,1,high,0.573131263256073,14.990999974543229,0.22073230147361755,"[0.06753266602754593, 0.35239896178245544, 0.573131263256073, 0.0069370511919260025]",high,0.5411764979362488,14.64259999920614,0.1607843041419983,"[0.07450980693101883, 0.3803921937942505, 0.5411764979362488, 0.003921568859368563]",low,0.3648841679096222,47.62060000211932,0.05935022234916687,"[0.3648841679096222, 0.3055339455604553, 0.17937947809696198, 0.15020249783992767]"
E:\RHNA\1Visual\NCKH\nckh2\products\fe\model\Dataset_Flood\medium\805785436_1065873412862937_6378472947375029280_n.jpg,medium,1,medium,0.6186947226524353,18.462800013367087,0.362326443195343,"[0.0815209448337555, 0.6186947226524353, 0.2563682794570923, 0.0434161014854908]",medium,0.44705885648727417,21.94700000109151,0.054901957511901855,"[0.09019608050584793, 0.44705885648727417, 0.3921568989753723, 0.06666667014360428]",non_flood,0.7328020930290222,98.47510000690818,0.5946719646453857,"[0.1381300985813141, 0.0968494564294815, 0.03221844881772995, 0.7328020930290222]"
E:\RHNA\1Visual\NCKH\nckh2\products\fe\model\Dataset_Flood\medium\z6586657762546_35b240fb22ac28c998ad31a1de0491e8.webp,medium,1,medium,0.8557567000389099,10.79790000221692,0.7527655363082886,"[0.04059424251317978, 0.8557567000389099, 0.10299114137887955, 0.0006578443571925163]",medium,0.7843137979507446,11.335499992128462,0.64705890417099,"[0.07058823853731155, 0.7843137979507446, 0.13725490868091583, 0.0]",medium,0.399830162525177,60.879900003783405,0.040396928787231445,"[0.35943323373794556, 0.399830162525177, 0.17053627967834473, 0.07020028680562973]"
E:\RHNA\1Visual\NCKH\nckh2\products\fe\model\Dataset_Flood\medium\803102985_1065370659579879_8461065299246796518_n.jpg,medium,1,medium,0.5154169201850891,15.782999980729073,0.15118315815925598,"[0.36423376202583313, 0.5154169201850891, 0.04130597785115242, 0.07904336601495743]",low,0.5098039507865906,15.471500024432316,0.15294119715690613,"[0.5098039507865906, 0.35686275362968445, 0.05098039656877518, 0.0784313753247261]",high,0.33583271503448486,51.24139998224564,0.03393092751502991,"[0.30190178751945496, 0.19716793298721313, 0.33583271503448486, 0.16509759426116943]"
E:\RHNA\1Visual\NCKH\nckh2\products\fe\model\Dataset_Flood\medium\images - 2025-01-28T155605.972.jpg,medium,1,low,0.7713679075241089,15.228200005367398,0.59224534034729,"[0.7713679075241089, 0.0472201369702816, 0.002289430471137166, 0.17912255227565765]",low,0.7372549176216125,18.153399985749274,0.5529412031173706,"[0.7372549176216125, 0.062745101749897, 0.007843137718737125, 0.18431372940540314]",low,0.4009206295013428,69.92619999800809,0.1096569299697876,"[0.4009206295013428, 0.1835852861404419, 0.12423032522201538, 0.2912636995315552]"
E:\RHNA\1Visual\NCKH\nckh2\products\fe\model\Dataset_Flood\medium\mua-lu-thai-nguyen-1760069078776-17600690791511790978445.jpg,medium,1,medium,0.8612375855445862,14.06640000641346,0.7596035599708557,"[0.03247172012925148, 0.8612375855445862, 0.10163403302431107, 0.004656731616705656]",medium,0.7058823704719543,11.902199999894947,0.5568627715110779,"[0.07450980693101883, 0.7058823704719543, 0.14901961386203766, 0.06666667014360428]",high,0.29953476786613464,42.41699998965487,0.010448038578033447,"[0.2790030837059021, 0.2890867292881012, 0.29953476786613464, 0.13237549364566803]"
E:\RHNA\1Visual\NCKH\nckh2\products\fe\model\Dataset_Flood\medium\flood_172.jpg,medium,1,medium,0.484822541475296,15.482299990253523,0.262767493724823,"[0.14614112675189972, 0.484822541475296, 0.22205503284931183, 0.1469813585281372]",high,0.4235294461250305,30.05729999858886,0.10196080803871155,"[0.20000001788139343, 0.32156863808631897, 0.4235294461250305, 0.05098039656877518]",non_flood,0.6263077259063721,50.921999994898215,0.4638047218322754,"[0.16250301897525787, 0.08886615931987762, 0.12232311815023422, 0.6263077259063721]"
E:\RHNA\1Visual\NCKH\nckh2\products\fe\model\Dataset_Flood\medium\images - 2025-01-28T153853.563.jpg,medium,1,low,0.6645614504814148,9.648700011894107,0.3557417094707489,"[0.6645614504814148, 0.024105919525027275, 0.002512772334739566, 0.3088197410106659]",low,0.5882353186607361,8.47930001327768,0.21176469326019287,"[0.5882353186607361, 0.027450982481241226, 0.003921568859368563, 0.3764706254005432]",non_flood,0.5619323253631592,34.527999989222735,0.27569857239723206,"[0.2862337529659271, 0.11782650649547577, 0.034007444977760315, 0.5619323253631592]"
E:\RHNA\1Visual\NCKH\nckh2\products\fe\model\Dataset_Flood\medium\1582606863.jpg,medium,1,medium,0.785478413105011,10.96689997939393,0.6207020878791809,"[0.04825226217508316, 0.785478413105011, 0.16477632522583008, 0.00149296666495502]",medium,0.6039215922355652,10.027400014223531,0.3333333432674408,"[0.12156863510608673, 0.6039215922355652, 0.2705882489681244, 0.003921568859368563]",high,0.4593696892261505,38.069100002758205,0.17992573976516724,"[0.2103496640920639, 0.2794439494609833, 0.4593696892261505, 0.050836678594350815]"
E:\RHNA\1Visual\NCKH\nckh2\products\fe\model\Dataset_Flood\medium\noise2.jpeg,medium,1,medium,0.7232688665390015,14.016300003277138,0.48098066449165344,"[0.03126182034611702, 0.7232688665390015, 0.24228820204734802, 0.003181220730766654]",medium,0.7647059559822083,10.589199984678999,0.5725491046905518,"[0.0313725508749485, 0.7647059559822083, 0.19215688109397888, 0.007843137718737125]",high,0.459417462348938,54.88949999562465,0.13729846477508545,"[0.10342003405094147, 0.32211899757385254, 0.459417462348938, 0.11504347622394562]"
E:\RHNA\1Visual\NCKH\nckh2\products\fe\model\Dataset_Flood\medium\image_0166.jpg,medium,1,medium,0.5100129842758179,14.812100009294227,0.1639362871646881,"[0.34607669711112976, 0.5100129842758179, 0.11932940781116486, 0.024580854922533035]",medium,0.4274510145187378,9.317099989857525,0.07058826088905334,"[0.35686275362968445, 0.4274510145187378, 0.1764705926179886, 0.03921568766236305]",high,0.3341972231864929,45.43470000498928,0.04424503445625305,"[0.26065680384635925, 0.28995218873023987, 0.3341972231864929, 0.11519387364387512]"
E:\RHNA\1Visual\NCKH\nckh2\products\fe\model\Dataset_Flood\medium\image_358.jpg,medium,1,medium,0.6823788285255432,11.4307000185363,0.4105743169784546,"[0.2718045115470886, 0.6823788285255432, 0.04227213189005852, 0.003544563427567482]",medium,0.545098066329956,9.755100007168949,0.22745099663734436,"[0.3176470696926117, 0.545098066329956, 0.10588236153125763, 0.027450982481241226]",high,0.3913057744503021,49.052199989091605,0.08610722422599792,"[0.3051985502243042, 0.22973626852035522, 0.3913057744503021, 0.07375948131084442]"
E:\RHNA\1Visual\NCKH\nckh2\products\fe\model\Dataset_Flood\medium\images (61).jpg,medium,1,low,0.48870113492012024,13.782499998342246,0.1285673975944519,"[0.48870113492012024, 0.36013373732566833, 0.14827369153499603, 0.0028914983849972486]",medium,0.4431372880935669,12.53869998618029,0.09019610285758972,"[0.3529411852359772, 0.4431372880935669, 0.20000001788139343, 0.0]",low,0.6082815527915955,50.46930001117289,0.4447515606880188,"[0.6082815527915955, 0.14187991619110107, 0.08630845695734024, 0.16352999210357666]"
E:\RHNA\1Visual\NCKH\nckh2\products\fe\model\Dataset_Flood\medium\nguoi-dan-di-chuyen-bang-do-1726905142020203369784.webp,medium,1,high,0.6074429750442505,17.007799993734807,0.2638399302959442,"[0.04488297179341316, 0.3436030447483063, 0.6074429750442505, 0.0040709939785301685]",high,0.6784313917160034,11.986499972408637,0.4000000059604645,"[0.03529411926865578, 0.27843138575553894, 0.6784313917160034, 0.003921568859368563]",non_flood,0.2629873752593994,42.850400001043454,0.0,"[0.25381413102149963, 0.2629873752593994, 0.22021116316318512, 0.2629873752593994]"
E:\RHNA\1Visual\NCKH\nckh2\products\fe\model\Dataset_Flood\medium\807659213_1065873136196298_5615785750511825525_n.jpg,medium,1,medium,0.529599666595459,13.294899981701747,0.13890907168388367,"[0.3906905949115753, 0.529599666595459, 0.014281327836215496, 0.06542845815420151]",low,0.5843137502670288,11.344099999405444,0.2705882489681244,"[0.5843137502670288, 0.3137255012989044, 0.019607843831181526, 0.08235294371843338]",non_flood,0.6195513606071472,43.41410001507029,0.41344815492630005,"[0.20610322058200836, 0.11270931363105774, 0.0616360604763031, 0.6195513606071472]"
E:\RHNA\1Visual\NCKH\nckh2\products\fe\model\Dataset_Flood\medium\images - 2025-01-28T152117.659.jpg,medium,1,low,0.43522965908050537,11.161799979163334,0.09737655520439148,"[0.43522965908050537, 0.3378531038761139, 0.20700158178806305, 0.019915573298931122]",medium,0.4078431725502014,13.557199999922886,0.05098041892051697,"[0.20784315466880798, 0.4078431725502014, 0.35686275362968445, 0.02352941408753395]",medium,0.4441957473754883,47.588399989763275,0.04487943649291992,"[0.13763967156410217, 0.4441957473754883, 0.39931631088256836, 0.018848346546292305]"
E:\RHNA\1Visual\NCKH\nckh2\products\fe\model\Dataset_Flood\medium\images - 2025-01-28T154106.043.jpg,medium,1,low,0.8257630467414856,16.243400023085997,0.7438259124755859,"[0.8257630467414856, 0.07232043147087097, 0.019979501143097878, 0.08193710446357727]",low,0.760784387588501,15.202200011117384,0.6156863570213318,"[0.760784387588501, 0.14509804546833038, 0.05098039656877518, 0.03529411926865578]",low,0.587580144405365,51.25129999942146,0.3921126425266266,"[0.587580144405365, 0.1954675018787384, 0.07494772225618362, 0.14200463891029358]"
E:\RHNA\1Visual\NCKH\nckh2\products\fe\model\Dataset_Flood\medium\hoi_an_ngap_lut_tro_lai_nguoi_dan_lo_chay_lu_lan_2_.webp,medium,1,medium,0.7774522304534912,11.02760000503622,0.667598307132721,"[0.10985391587018967, 0.7774522304534912, 0.10588966310024261, 0.006804158911108971]",medium,0.6784313917160034,10.462100006407127,0.4470588266849518,"[0.23137256503105164, 0.6784313917160034, 0.06666667014360428, 0.01568627543747425]",non_flood,0.39283397793769836,33.66899999673478,0.16220051050186157,"[0.16170787811279297, 0.2148246467113495, 0.2306334674358368, 0.39283397793769836]"
E:\RHNA\1Visual\NCKH\nckh2\products\fe\model\Dataset_Flood\medium\images (35).jpg,medium,1,medium,0.6254028081893921,13.193499995395541,0.3471132218837738,"[0.2782895863056183, 0.6254028081893921, 0.0935334786772728, 0.0027741100639104843]",medium,0.5254902243614197,10.924400005023926,0.1568627655506134,"[0.3686274588108063, 0.5254902243614197, 0.09803922474384308, 0.003921568859368563]",low,0.5178945064544678,48.032699996838346,0.3047061562538147,"[0.5178945064544678, 0.21318833529949188, 0.1392303854227066, 0.12968680262565613]"
E:\RHNA\1Visual\NCKH\nckh2\products\fe\model\Dataset_Flood\medium\noise4.jpg,medium,1,medium,0.745360791683197,15.870300005190074,0.5712729096412659,"[0.07883234322071075, 0.745360791683197, 0.17408786714076996, 0.0017190176295116544]",medium,0.46274513006210327,10.259700007736683,0.023529410362243652,"[0.0941176563501358, 0.46274513006210327, 0.4392157196998596, 0.0]",low,0.3443855941295624,40.83300000638701,0.0757824182510376,"[0.3443855941295624, 0.25019171833992004, 0.2686031758785248, 0.1368194967508316]"
E:\RHNA\1Visual\NCKH\nckh2\products\fe\model\Dataset_Flood\medium\다운로드 (11) 1.jpg,medium,1,medium,0.5449379682540894,12.164099985966459,0.24501603841781616,"[0.2999219298362732, 0.5449379682540894, 0.14939171075820923, 0.005748406518250704]",medium,0.5529412031173706,10.342699999455363,0.2705882489681244,"[0.2823529541492462, 0.5529412031173706, 0.15294118225574493, 0.007843137718737125]",high,0.533859372138977,45.86999997263774,0.18520310521125793,"[0.09712015092372894, 0.3486562669277191, 0.533859372138977, 0.020364245399832726]"
E:\RHNA\1Visual\NCKH\nckh2\products\fe\model\Dataset_Flood\medium\images (27).jpg,medium,1,medium,0.6893448829650879,14.928100019460544,0.5165652632713318,"[0.1727796047925949, 0.6893448829650879, 0.13558098673820496, 0.0022945126984268427]",medium,0.5490196347236633,10.889199998928234,0.2666666805744171,"[0.1568627506494522, 0.5490196347236633, 0.2823529541492462, 0.007843137718737125]",low,0.3046557903289795,48.29329997301102,0.0,"[0.3046557903289795, 0.3046557903289795, 0.27387481927871704, 0.11681359261274338]"
E:\RHNA\1Visual\NCKH\nckh2\products\fe\model\Dataset_Flood\medium\image_0294.jpg,medium,1,medium,0.5128500461578369,12.5566000060644,0.07584241032600403,"[0.04460333287715912, 0.5128500461578369, 0.4370076358318329, 0.00553899398073554]",medium,0.501960813999176,12.081900000339374,0.0627450942993164,"[0.05098039656877518, 0.501960813999176, 0.4392157196998596, 0.003921568859368563]",medium,0.37417998909950256,46.18269999627955,0.0925183892250061,"[0.28166159987449646, 0.37417998909950256, 0.21968168020248413, 0.12447667121887207]"
E:\RHNA\1Visual\NCKH\nckh2\products\fe\model\Dataset_Flood\medium\images (85).jpg,medium,1,medium,0.5781165957450867,10.723200015490875,0.3027689754962921,"[0.27534762024879456, 0.5781165957450867, 0.12743009626865387, 0.019105741754174232]",medium,0.6235294342041016,9.782400011317804,0.41960784792900085,"[0.1568627506494522, 0.6235294342041016, 0.2039215862751007, 0.007843137718737125]",medium,0.44414022564888,37.38939997856505,0.2012583166360855,"[0.22623352706432343, 0.44414022564888, 0.2428819090127945, 0.0867442861199379]"
E:\RHNA\1Visual\NCKH\nckh2\products\fe\model\Dataset_Flood\medium\image_251.png,medium,1,high,0.48912402987480164,9.69710000208579,0.16329950094223022,"[0.3258245289325714, 0.15170162916183472, 0.48912402987480164, 0.033349860459566116]",high,0.6431372761726379,12.365199974738061,0.4000000059604645,"[0.24313727021217346, 0.09019608050584793, 0.6431372761726379, 0.019607843831181526]",low,0.36443084478378296,51.53810000047088,0.05927649140357971,"[0.36443084478378296, 0.30515435338020325, 0.1856316328048706, 0.14478319883346558]"
E:\RHNA\1Visual\NCKH\nckh2\products\fe\model\Dataset_Flood\medium\AKR20200101044751104_09_i.jpg,medium,1,medium,0.730274498462677,13.878800004022196,0.6166356205940247,"[0.10546725243330002, 0.730274498462677, 0.11363889276981354, 0.05061937868595123]",medium,0.4431372880935669,14.596599998185411,0.16078433394432068,"[0.2823529541492462, 0.4431372880935669, 0.06666667014360428, 0.20784315466880798]",low,0.540653645992279,55.26580000878312,0.2930833101272583,"[0.540653645992279, 0.1560450941324234, 0.055730871856212616, 0.24757035076618195]"
E:\RHNA\1Visual\NCKH\nckh2\products\fe\model\Dataset_Flood\medium\images (41).jpg,medium,1,medium,0.5687758922576904,14.427600021008402,0.27131158113479614,"[0.12494554370641708, 0.5687758922576904, 0.2974643111228943, 0.008814247325062752]",medium,0.458823561668396,10.953800025163218,0.13725492358207703,"[0.16470588743686676, 0.458823561668396, 0.32156863808631897, 0.05098039656877518]",medium,0.38152068853378296,41.66690001147799,0.05051031708717346,"[0.14118315279483795, 0.38152068853378296, 0.3310103714466095, 0.146285742521286]"
E:\RHNA\1Visual\NCKH\nckh2\products\fe\model\Dataset_Flood\medium\image_012.jpg,medium,1,medium,0.7769206166267395,9.52959997812286,0.5895590782165527,"[0.035538025200366974, 0.7769206166267395, 0.18736152350902557, 0.00017981303972192109]",high,0.46666669845581055,8.39169998653233,0.07843136787414551,"[0.12941177189350128, 0.38823533058166504, 0.46666669845581055, 0.011764707043766975]",high,0.44409269094467163,34.43250001873821,0.16417834162712097,"[0.21070373058319092, 0.27991434931755066, 0.44409269094467163, 0.0652892142534256]"
E:\RHNA\1Visual\NCKH\nckh2\products\fe\model\Dataset_Flood\medium\images (26).jpg,medium,1,non_flood,0.7514508366584778,9.860299993306398,0.5897956490516663,"[0.16165517270565033, 0.08511973917484283, 0.0017741868505254388, 0.7514508366584778]",non_flood,0.8313726186752319,9.841499995673075,0.7254902720451355,"[0.10588236153125763, 0.05098039656877518, 0.007843137718737125, 0.8313726186752319]",non_flood,0.3835861086845398,34.30200001457706,0.12401723861694336,"[0.20976737141609192, 0.14707767963409424, 0.25956887006759644, 0.3835861086845398]"
E:\RHNA\1Visual\NCKH\nckh2\products\fe\model\Dataset_Flood\medium\images - 2025-01-28T155421.285.jpg,medium,1,medium,0.5538394451141357,10.299200017470866,0.17078560590744019,"[0.38305383920669556, 0.5538394451141357, 0.055254820734262466, 0.007851874455809593]",low,0.43137258291244507,9.33120000991039,0.0156862735748291,"[0.43137258291244507, 0.41568630933761597, 0.09019608050584793, 0.05882353335618973]",medium,0.3951393961906433,36.722399992868304,0.12775251269340515,"[0.26738688349723816, 0.3951393961906433, 0.20127376914024353, 0.1361999213695526]"
E:\RHNA\1Visual\NCKH\nckh2\products\fe\model\Dataset_Flood\medium\images - 2025-01-28T154314.514.jpg,medium,1,low,0.8087655901908875,9.361600008560345,0.6678017377853394,"[0.8087655901908875, 0.1409638375043869, 0.015297922305762768, 0.03497263416647911]",low,0.7333333492279053,9.694400010630488,0.5568627715110779,"[0.7333333492279053, 0.1764705926179886, 0.06666667014360428, 0.02352941408753395]",low,0.38958650827407837,34.87219999078661,0.11642923951148987,"[0.38958650827407837, 0.2207486629486084, 0.2731572687625885, 0.11650754511356354]"
E:\RHNA\1Visual\NCKH\nckh2\products\fe\model\Dataset_Flood\medium\chay-lu-3-21413569-1730073550943-1730073551814934630676.jpg,medium,1,medium,0.761159360408783,10.37130001350306,0.6593431830406189,"[0.06478022038936615, 0.761159360408783, 0.10181616246700287, 0.07224423438310623]",medium,0.6313725709915161,8.993800001917407,0.37254902720451355,"[0.05882353335618973, 0.6313725709915161, 0.25882354378700256, 0.05098039656877518]",medium,0.3742745518684387,34.315999975660816,0.04955095052719116,"[0.32472360134124756, 0.3742745518684387, 0.2624213397502899, 0.03858042508363724]"
E:\RHNA\1Visual\NCKH\nckh2\products\fe\model\Dataset_Flood\medium\images - 2025-01-28T185102.902.jpg,medium,1,low,0.6836962103843689,8.886399999028072,0.4844776391983032,"[0.6836962103843689, 0.09948279708623886, 0.01760239154100418, 0.19921857118606567]",low,0.6941176652908325,9.022200014442205,0.5019607543945312,"[0.6941176652908325, 0.19215688109397888, 0.03921568766236305, 0.07058823853731155]",medium,0.31707894802093506,36.926800006767735,0.01106002926826477,"[0.3060189187526703, 0.31707894802093506, 0.2751002311706543, 0.10180186480283737]"
E:\RHNA\1Visual\NCKH\nckh2\products\fe\model\Dataset_Flood\medium\3_ngoai_giao_doan1.webp,medium,1,medium,0.8523162603378296,11.079999996582046,0.7207635641098022,"[0.015541531145572662, 0.8523162603378296, 0.13155266642570496, 0.0005895171198062599]",medium,0.760784387588501,10.404100001323968,0.5607843399047852,"[0.03529411926865578, 0.760784387588501, 0.20000001788139343, 0.0]",medium,0.34326857328414917,38.59289997490123,0.011973559856414795,"[0.25839322805404663, 0.34326857328414917, 0.3312950134277344, 0.06704320758581161]"
E:\RHNA\1Visual\NCKH\nckh2\products\fe\model\Dataset_Flood\medium\다운로드 (14).jpg,medium,1,medium,0.6112439632415771,10.57129999389872,0.296490341424942,"[0.06950122117996216, 0.6112439632415771, 0.31475362181663513, 0.004501239862293005]",medium,0.458823561668396,9.28820000262931,0.054901957511901855,"[0.12156863510608673, 0.458823561668396, 0.40392160415649414, 0.011764707043766975]",high,0.4393228590488434,75.30910000787117,0.21554318070411682,"[0.16844871640205383, 0.22377967834472656, 0.4393228590488434, 0.16844871640205383]"
E:\RHNA\1Visual\NCKH\nckh2\products\fe\model\Dataset_Flood\medium\img14.jpg,medium,1,high,0.43847864866256714,42.65349998604506,0.032442688941955566,"[0.15189293026924133, 0.4060359597206116, 0.43847864866256714, 0.0035924857947975397]",high,0.4941176772117615,64.02459999662824,0.19215688109397888,"[0.19607844948768616, 0.3019607961177826, 0.4941176772117615, 0.003921568859368563]",low,0.32750722765922546,151.6991000098642,0.02244904637336731,"[0.32750722765922546, 0.30505818128585815, 0.20642980933189392, 0.16100472211837769]"
E:\RHNA\1Visual\NCKH\nckh2\products\fe\model\Dataset_Flood\medium\cd3a096a-084a-49d7-8d1f-345c16612ce9.jpg.webp,medium,1,high,0.5806009769439697,57.22389998845756,0.1876707375049591,"[0.023458097130060196, 0.3929302394390106, 0.5806009769439697, 0.003010702086612582]",high,0.8980392813682556,57.99400000250898,0.8156863451004028,"[0.011764707043766975, 0.08235294371843338, 0.8980392813682556, 0.007843137718737125]",high,0.48806232213974,110.68780001369305,0.27989310026168823,"[0.10986831039190292, 0.1939002275466919, 0.48806232213974, 0.20816923677921295]"
E:\RHNA\1Visual\NCKH\nckh2\products\fe\model\Dataset_Flood\medium\flood_6358.jpg,medium,1,medium,0.783963680267334,31.591200007824227,0.5997132062911987,"[0.18425048887729645, 0.783963680267334, 0.02965661510825157, 0.0021292525343596935]",medium,0.6274510025978088,40.87120000622235,0.3333333432674408,"[0.29411765933036804, 0.6274510025978088, 0.06666667014360428, 0.007843137718737125]",low,0.5591921210289001,121.07930000638589,0.3031328320503235,"[0.5591921210289001, 0.25605928897857666, 0.07934320718050003, 0.10540535300970078]"
E:\RHNA\1Visual\NCKH\nckh2\products\fe\model\Dataset_Flood\medium\image_0428.jpg,medium,1,medium,0.6998318433761597,32.258099992759526,0.47779136896133423,"[0.22204045951366425, 0.6998318433761597, 0.0742848664522171, 0.003842859761789441]",medium,0.5568627715110779,54.56710001453757,0.18431374430656433,"[0.37254902720451355, 0.5568627715110779, 0.05882353335618973, 0.007843137718737125]",high,0.3603847324848175,145.72010000119917,0.036411553621292114,"[0.3239731788635254, 0.2712773084640503, 0.3603847324848175, 0.0443648099899292]"
E:\RHNA\1Visual\NCKH\nckh2\products\fe\model\Dataset_Flood\medium\images (23).jpg,medium,1,medium,0.5466626882553101,36.89630000735633,0.24517682194709778,"[0.3014858663082123, 0.5466626882553101, 0.14442968368530273, 0.007421810179948807]",medium,0.5882353186607361,41.984800016507506,0.3333333432674408,"[0.14901961386203766, 0.5882353186607361, 0.2549019753932953, 0.003921568859368563]",medium,0.3601504862308502,139.40800001728348,0.11644028127193451,"[0.2437102049589157, 0.3601504862308502, 0.2190869003534317, 0.1770523637533188]"
E:\RHNA\1Visual\NCKH\nckh2\products\fe\model\Dataset_Flood\medium\img12.jpg,medium,1,medium,0.5416889190673828,35.62669997336343,0.20256072282791138,"[0.33912819623947144, 0.5416889190673828, 0.11658293008804321, 0.002599867293611169]",low,0.5215686559677124,35.804999992251396,0.12156862020492554,"[0.5215686559677124, 0.40000003576278687, 0.07450980693101883, 0.003921568859368563]",high,0.3978967070579529,122.54070001654327,0.0763414204120636,"[0.169711634516716, 0.3215552866458893, 0.3978967070579529, 0.11083634197711945]"
E:\RHNA\1Visual\NCKH\nckh2\products\fe\model\Dataset_Flood\medium\image_242.jpg,medium,1,medium,0.7599269151687622,35.03229998750612,0.5492687821388245,"[0.028641341254115105, 0.7599269151687622, 0.21065813302993774, 0.0007736405823379755]",high,0.5529412031173706,42.990799993276596,0.14901959896087646,"[0.03529411926865578, 0.40392160415649414, 0.5529412031173706, 0.003921568859368563]",medium,0.383525013923645,129.6738999953959,0.13305005431175232,"[0.2024182230234146, 0.383525013923645, 0.2504749596118927, 0.16358178853988647]"
E:\RHNA\1Visual\NCKH\nckh2\products\fe\model\Dataset_Flood\medium\Mua-Lu-00.jpg,medium,1,medium,0.9093316197395325,34.716399997705594,0.8530603051185608,"[0.05627132207155228, 0.9093316197395325, 0.0301325935870409, 0.004264472052454948]",medium,0.8901961445808411,38.44900001422502,0.8509804606437683,"[0.03529411926865578, 0.8901961445808411, 0.0313725508749485, 0.03921568766236305]",medium,0.4441695809364319,122.65279999701306,0.21792110800743103,"[0.21835669875144958, 0.4441695809364319, 0.22624847292900085, 0.11122522503137589]"
E:\RHNA\1Visual\NCKH\nckh2\products\fe\model\Dataset_Flood\medium\AA.34456276.1.jpg,medium,1,medium,0.4755951464176178,43.287299980875105,0.18675711750984192,"[0.10704455524682999, 0.4755951464176178, 0.2888380289077759, 0.12852227687835693]",medium,0.33725491166114807,37.8740000014659,0.0156862735748291,"[0.14901961386203766, 0.33725491166114807, 0.32156863808631897, 0.1882353127002716]",low,0.3672051727771759,129.36859999899752,0.09079381823539734,"[0.3672051727771759, 0.21558675169944763, 0.27641135454177856, 0.14079676568508148]"
E:\RHNA\1Visual\NCKH\nckh2\products\fe\model\Dataset_Flood\medium\mien-trung-mua-lu-bao-so-13-kalmaegi-14062802.jpg,medium,1,medium,0.9806392788887024,34.765099990181625,0.9709038734436035,"[0.009125933982431889, 0.9806392788887024, 0.009735419414937496, 0.0004994524642825127]",medium,0.9294118285179138,40.01639998750761,0.8941177129745483,"[0.03529411926865578, 0.9294118285179138, 0.0313725508749485, 0.003921568859368563]",medium,0.38966113328933716,126.43709999974817,0.11645153164863586,"[0.2732096016407013, 0.38966113328933716, 0.26367977261543274, 0.07344947755336761]"
E:\RHNA\1Visual\NCKH\nckh2\products\fe\model\Dataset_Flood\medium\images (5).jpg,medium,1,medium,0.6191818714141846,36.046699999133125,0.35773205757141113,"[0.26144981384277344, 0.6191818714141846, 0.11699902266263962, 0.0023693067487329245]",medium,0.48235297203063965,40.7069000066258,0.14509806036949158,"[0.33725491166114807, 0.48235297203063965, 0.1725490242242813, 0.003921568859368563]",low,0.41594362258911133,144.2252999986522,0.0676552951335907,"[0.41594362258911133, 0.34828832745552063, 0.1485525667667389, 0.08721545338630676]"
E:\RHNA\1Visual\NCKH\nckh2\products\fe\model\Dataset_Flood\high\flood_208.jpg,high,2,high,0.5818616151809692,35.04250000696629,0.3941006660461426,"[0.09228098392486572, 0.13809648156166077, 0.5818616151809692, 0.18776093423366547]",high,0.4784314036369324,40.12790002161637,0.07843136787414551,"[0.03921568766236305, 0.0784313753247261, 0.4784314036369324, 0.40000003576278687]",non_flood,0.4260147213935852,119.72409998998046,0.18462499976158142,"[0.16924959421157837, 0.16334600746631622, 0.24138972163200378, 0.4260147213935852]"
E:\RHNA\1Visual\NCKH\nckh2\products\fe\model\Dataset_Flood\high\img31.webp,high,2,high,0.8077841997146606,33.7598999904003,0.6621637344360352,"[0.0387628972530365, 0.14562049508094788, 0.8077841997146606, 0.007832366973161697]",high,0.803921639919281,36.550299992086366,0.7098039984703064,"[0.04313725605607033, 0.0941176563501358, 0.803921639919281, 0.05490196496248245]",high,0.53785640001297,122.47559998650104,0.3457632064819336,"[0.12545345723628998, 0.1445969194173813, 0.53785640001297, 0.19209320843219757]"
E:\RHNA\1Visual\NCKH\nckh2\products\fe\model\Dataset_Flood\high\184fe5688cfd2ba372ec-1725976227.jpg,high,2,high,0.9048364758491516,36.17790000862442,0.8142809867858887,"[0.0037693323101848364, 0.09055551141500473, 0.9048364758491516, 0.0008385976543650031]",high,0.9019608497619629,39.489800023147836,0.8078432083129883,"[0.0, 0.0941176563501358, 0.9019608497619629, 0.0]",high,0.5322055816650391,148.1738000002224,0.1846294105052948,"[0.09681929647922516, 0.34757617115974426, 0.5322055816650391, 0.023399000987410545]"
E:\RHNA\1Visual\NCKH\nckh2\products\fe\model\Dataset_Flood\high\images (22).jpg,high,2,low,0.3496858477592468,34.1933999734465,0.028728187084197998,"[0.3496858477592468, 0.2096538543701172, 0.32095766067504883, 0.11970263719558716]",high,0.41568630933761597,40.704800019739196,0.14901962876319885,"[0.2666666805744171, 0.2549019753932953, 0.41568630933761597, 0.05490196496248245]",low,0.43623122572898865,135.15669998014346,0.16127201914787292,"[0.43623122572898865, 0.2749592065811157, 0.17957212030887604, 0.10923738777637482]"
E:\RHNA\1Visual\NCKH\nckh2\products\fe\model\Dataset_Flood\high\nha-diva-my-linh-cach-tam-lut-lich-su-40km-bi-ngap-nang-co-len-thuong-qua-thai-nguyen-oi-_9_5_n-1759912630-809-width780height971.jpg,high,2,high,0.8288694620132446,31.867499987129122,0.6697918772697449,"[0.008442406542599201, 0.15907756984233856, 0.8288694620132446, 0.003610552055761218]",high,0.6745098233222961,35.67219999968074,0.4313725531101227,"[0.0470588281750679, 0.24313727021217346, 0.6745098233222961, 0.0313725508749485]",medium,0.36808377504348755,128.37550000404008,0.05987066030502319,"[0.13621078431606293, 0.36808377504348755, 0.30821311473846436, 0.18749234080314636]"
E:\RHNA\1Visual\NCKH\nckh2\products\fe\model\Dataset_Flood\high\Mua-Lu-1.jpg,high,2,high,0.6643235087394714,36.633299983805045,0.40671437978744507,"[0.0504433736205101, 0.25760912895202637, 0.6643235087394714, 0.027624068781733513]",high,0.6901960968971252,37.89919998962432,0.4745098054409027,"[0.04313725605607033, 0.21568629145622253, 0.6901960968971252, 0.05098039656877518]",high,0.5060375332832336,124.92570001631975,0.29020148515701294,"[0.07708495855331421, 0.20104151964187622, 0.5060375332832336, 0.2158360481262207]"
E:\RHNA\1Visual\NCKH\nckh2\products\fe\model\Dataset_Flood\high\image_108.jpg,high,2,high,0.8088254928588867,36.20570001658052,0.6236435770988464,"[0.005567111540585756, 0.1851819008588791, 0.8088254928588867, 0.0004254934610798955]",high,0.8862745761871338,37.1852999960538,0.7764706611633301,"[0.0, 0.1098039299249649, 0.8862745761871338, 0.0]",high,0.6498661041259766,128.57860000804067,0.39168354868888855,"[0.07191818207502365, 0.258182555437088, 0.6498661041259766, 0.020033210515975952]"
E:\RHNA\1Visual\NCKH\nckh2\products\fe\model\Dataset_Flood\high\img96.jpg,high,2,high,0.9645088911056519,31.926700001349673,0.9343802332878113,"[0.0026019681245088577, 0.030128659680485725, 0.9645088911056519, 0.0027603560592979193]",high,0.9450981020927429,42.39509999752045,0.9058824181556702,"[0.007843137718737125, 0.03921568766236305, 0.9450981020927429, 0.003921568859368563]",high,0.3708014190196991,162.13130002142861,0.08159524202346802,"[0.2892061769962311, 0.2027759552001953, 0.3708014190196991, 0.1372164487838745]"
E:\RHNA\1Visual\NCKH\nckh2\products\fe\model\Dataset_Flood\high\a81349fcba3a042928236465e17d5847.jpg,high,2,medium,0.6420639157295227,38.469000020995736,0.308080792427063,"[0.023260168731212616, 0.6420639157295227, 0.3339831233024597, 0.0006927779177203774]",medium,0.4705882668495178,45.03180002211593,0.019607841968536377,"[0.07058823853731155, 0.4705882668495178, 0.45098042488098145, 0.003921568859368563]",high,0.5889453887939453,145.3820999886375,0.33774733543395996,"[0.14233456552028656, 0.25119805335998535, 0.5889453887939453, 0.01752195879817009]"
E:\RHNA\1Visual\NCKH\nckh2\products\fe\model\Dataset_Flood\high\img25.jpg,high,2,medium,0.7412559986114502,40.97099998034537,0.5089497566223145,"[0.0258359145373106, 0.7412559986114502, 0.23230627179145813, 0.0006017736159265041]",medium,0.5137255191802979,31.54950001044199,0.08627450466156006,"[0.05098039656877518, 0.5137255191802979, 0.4274510145187378, 0.0]",medium,0.36269834637641907,139.45320001221262,0.05899471044540405,"[0.303703635931015, 0.36269834637641907, 0.12065713107585907, 0.21294079720973969]"
E:\RHNA\1Visual\NCKH\nckh2\products\fe\model\Dataset_Flood\high\ngap_2_0.webp,high,2,high,0.7026126980781555,34.713300003204495,0.47528547048568726,"[0.023723969236016273, 0.04633616656064987, 0.7026126980781555, 0.22732721269130707]",high,0.5960784554481506,36.123600002611056,0.29019609093666077,"[0.04313725605607033, 0.05098039656877518, 0.5960784554481506, 0.30588236451148987]",low,0.31324970722198486,121.64490000577644,0.050951629877090454,"[0.31324970722198486, 0.2531488537788391, 0.2622980773448944, 0.17130330204963684]"
E:\RHNA\1Visual\NCKH\nckh2\products\fe\model\Dataset_Flood\high\flood_5032.jpg,high,2,high,0.7971952557563782,39.92650000145659,0.6039552688598633,"[0.009051552973687649, 0.1932399570941925, 0.7971952557563782, 0.0005132454680278897]",high,0.7176470756530762,38.02680000080727,0.47058823704719543,"[0.027450982481241226, 0.24705883860588074, 0.7176470756530762, 0.003921568859368563]",high,0.5301704406738281,127.94509998639114,0.27862638235092163,"[0.15301939845085144, 0.2515440583229065, 0.5301704406738281, 0.06526611000299454]"
E:\RHNA\1Visual\NCKH\nckh2\products\fe\model\Dataset_Flood\high\img48.webp,high,2,non_flood,0.4088551104068756,52.92590000317432,0.03670632839202881,"[0.06760358810424805, 0.15139248967170715, 0.3721487820148468, 0.4088551104068756]",non_flood,0.615686297416687,82.406000001356,0.46274513006210327,"[0.0784313753247261, 0.14901961386203766, 0.15294118225574493, 0.615686297416687]",medium,0.3586574196815491,142.64520001597703,0.024584263563156128,"[0.33407315611839294, 0.3586574196815491, 0.19613489508628845, 0.11113453656435013]"
"E:\RHNA\1Visual\NCKH\nckh2\products\fe\model\Dataset_Flood\high\huracán Sandy 26-10-12, Santo Domingo.jpg",high,2,high,0.9557164311408997,10.273899999447167,0.9285391569137573,"[0.002540897112339735, 0.014565369114279747, 0.9557164311408997, 0.027177289128303528]",high,0.9647059440612793,17.624399974010885,0.9450981020927429,"[0.0, 0.007843137718737125, 0.9647059440612793, 0.019607843831181526]",high,0.5999100208282471,56.38189997989684,0.4003407955169678,"[0.09138460457324982, 0.1995692253112793, 0.5999100208282471, 0.10913615673780441]"
E:\RHNA\1Visual\NCKH\nckh2\products\fe\model\Dataset_Flood\high\Flooded-Home-Car.jpg,high,2,medium,0.5971003770828247,30.03090000129305,0.25684261322021484,"[0.05600006505846977, 0.5971003770828247, 0.34025776386260986, 0.006641810759902]",high,0.5176470875740051,13.058499986073002,0.21176472306251526,"[0.0941176563501358, 0.30588236451148987, 0.5176470875740051, 0.0784313753247261]",medium,0.3669281303882599,61.819099995773286,0.12729236483573914,"[0.16215911507606506, 0.3669281303882599, 0.23127704858779907, 0.23963576555252075]"
E:\RHNA\1Visual\NCKH\nckh2\products\fe\model\Dataset_Flood\high\img.webp,high,2,medium,0.5624350309371948,10.476600000401959,0.2955390512943268,"[0.165254607796669, 0.5624350309371948, 0.26689597964286804, 0.0054144118912518024]",medium,0.6313725709915161,8.668599999509752,0.3843137323856354,"[0.10588236153125763, 0.6313725709915161, 0.24705883860588074, 0.011764707043766975]",high,0.39002349972724915,33.87980000115931,0.0516359806060791,"[0.1549507975578308, 0.33838751912117004, 0.39002349972724915, 0.11663822829723358]"
E:\RHNA\1Visual\NCKH\nckh2\products\fe\model\Dataset_Flood\high\flood_157.jpg,high,2,high,0.5283076763153076,9.640100004617125,0.14084801077842712,"[0.0773388221859932, 0.3874596655368805, 0.5283076763153076, 0.006893795914947987]",high,0.686274528503418,10.122799983946607,0.47843137383461,"[0.06666667014360428, 0.20784315466880798, 0.686274528503418, 0.03529411926865578]",low,0.45468005537986755,33.784200000809506,0.12436079978942871,"[0.45468005537986755, 0.33031925559043884, 0.17433710396289825, 0.04066362977027893]"
E:\RHNA\1Visual\NCKH\nckh2\products\fe\model\Dataset_Flood\high\images (10).jpg,high,2,high,0.7433537244796753,10.070299991639331,0.6199133992195129,"[0.039390575140714645, 0.12344030290842056, 0.7433537244796753, 0.0938154011964798]",high,0.7921569347381592,9.54299999284558,0.6705883145332336,"[0.027450982481241226, 0.05882353335618973, 0.7921569347381592, 0.12156863510608673]",high,0.5033228993415833,51.76449997816235,0.2886447012424469,"[0.15596096217632294, 0.21467819809913635, 0.5033228993415833, 0.12603791058063507]"
E:\RHNA\1Visual\NCKH\nckh2\products\fe\model\Dataset_Flood\high\OIP (32).webp,high,2,high,0.44632819294929504,10.015500010922551,0.09673306345939636,"[0.2009318768978119, 0.3495951294898987, 0.44632819294929504, 0.003144875168800354]",high,0.4274510145187378,10.18760001170449,0.039215683937072754,"[0.1764705926179886, 0.38823533058166504, 0.4274510145187378, 0.003921568859368563]",medium,0.4980742931365967,65.65560001763515,0.24436816573143005,"[0.2537061274051666, 0.4980742931365967, 0.1543346345424652, 0.0938849002122879]"
E:\RHNA\1Visual\NCKH\nckh2\products\fe\model\Dataset_Flood\high\flood_177.jpg,high,2,high,0.7103773951530457,14.671999990241602,0.5065024495124817,"[0.07916885614395142, 0.20387493073940277, 0.7103773951530457, 0.006578776054084301]",high,0.6313725709915161,22.03019999433309,0.37254902720451355,"[0.09803922474384308, 0.25882354378700256, 0.6313725709915161, 0.007843137718737125]",low,0.3648154139518738,52.42490000091493,0.04829862713813782,"[0.3648154139518738, 0.31651678681373596, 0.2650337219238281, 0.053634099662303925]"
E:\RHNA\1Visual\NCKH\nckh2\products\fe\model\Dataset_Flood\high\57273245822796747825365592763479213825731927n-17618117613511361637837.webp,high,2,high,0.875251829624176,18.611599982250482,0.7863003611564636,"[0.0064305951818823814, 0.0889514610171318, 0.875251829624176, 0.02936609275639057]",high,0.5882353186607361,21.806799981277436,0.35686275362968445,"[0.07058823853731155, 0.1098039299249649, 0.5882353186607361, 0.23137256503105164]",high,0.40178120136260986,46.28680000314489,0.12989991903305054,"[0.25324511528015137, 0.2718812823295593, 0.40178120136260986, 0.07309237867593765]"
E:\RHNA\1Visual\NCKH\nckh2\products\fe\model\Dataset_Flood\high\img39.jpg,high,2,high,0.9692409634590149,10.16370000434108,0.9464733600616455,"[0.004529062658548355, 0.022767623886466026, 0.9692409634590149, 0.0034623858518898487]",high,0.9372549653053284,11.7683999997098,0.9058824181556702,"[0.019607843831181526, 0.0313725508749485, 0.9372549653053284, 0.007843137718737125]",high,0.6854077577590942,36.66029998566955,0.5075705051422119,"[0.03598839417099953, 0.10076665133237839, 0.6854077577590942, 0.17783722281455994]"
E:\RHNA\1Visual\NCKH\nckh2\products\fe\model\Dataset_Flood\high\img100.webp,high,2,high,0.7666716575622559,12.775500013958663,0.5964910984039307,"[0.0393090657889843, 0.170180544257164, 0.7666716575622559, 0.02383863925933838]",high,0.8627451658248901,9.925399994244799,0.7686275243759155,"[0.01568627543747425, 0.0941176563501358, 0.8627451658248901, 0.027450982481241226]",high,0.6047044396400452,40.24079997907393,0.43017280101776123,"[0.06933892518281937, 0.17453162372112274, 0.6047044396400452, 0.15142501890659332]"
E:\RHNA\1Visual\NCKH\nckh2\products\fe\model\Dataset_Flood\high\3f5d93177388049.Y3JvcCwyMjE5LDE3MzYsMTkyLDA.jpg,high,2,high,0.9637336134910583,10.056500002974644,0.929225742816925,"[0.0012113482225686312, 0.0345078781247139, 0.9637336134910583, 0.0005472503835335374]",high,0.6784313917160034,10.319699998944998,0.4470588266849518,"[0.07450980693101883, 0.23137256503105164, 0.6784313917160034, 0.01568627543747425]",high,0.6604623198509216,42.328599985921755,0.462948203086853,"[0.10060856491327286, 0.1975141316652298, 0.6604623198509216, 0.04141495004296303]"
E:\RHNA\1Visual\NCKH\nckh2\products\fe\model\Dataset_Flood\high\OIP (27).webp,high,2,medium,0.633956253528595,25.80499998293817,0.34766000509262085,"[0.0758441686630249, 0.633956253528595, 0.2862962484359741, 0.003903326578438282]",medium,0.5490196347236633,34.634699986781925,0.21176472306251526,"[0.10588236153125763, 0.5490196347236633, 0.33725491166114807, 0.003921568859368563]",medium,0.4015064239501953,222.3746000090614,0.07703399658203125,"[0.32447242736816406, 0.4015064239501953, 0.1539488434791565, 0.12007224559783936]"
E:\RHNA\1Visual\NCKH\nckh2\products\fe\model\Dataset_Flood\high\kerala-floods-maruti-swift-submerged-in-water-33a9.jpg,high,2,high,0.7651967406272888,51.92530000931583,0.5566977262496948,"[0.01740686222910881, 0.2084989845752716, 0.7651967406272888, 0.00889738742262125]",high,0.8196079134941101,43.94120001234114,0.6745098829269409,"[0.019607843831181526, 0.14509804546833038, 0.8196079134941101, 0.007843137718737125]",high,0.6991230249404907,159.0709999727551,0.5177271962165833,"[0.06712619215250015, 0.18139581382274628, 0.6991230249404907, 0.052355002611875534]"
E:\RHNA\1Visual\NCKH\nckh2\products\fe\model\Dataset_Flood\high\OIP (31).webp,high,2,medium,0.5297613739967346,41.306600003736094,0.15543100237846375,"[0.09140085428953171, 0.5297613739967346, 0.3743303716182709, 0.004507454577833414]",high,0.5058823823928833,60.14720001257956,0.16862747073173523,"[0.14509804546833038, 0.33725491166114807, 0.5058823823928833, 0.007843137718737125]",medium,0.500670313835144,146.57660000375472,0.23642468452453613,"[0.2642456293106079, 0.500670313835144, 0.1852749139070511, 0.049809180200099945]"
E:\RHNA\1Visual\NCKH\nckh2\products\fe\model\Dataset_Flood\high\img38.jpg,high,2,medium,0.8281716704368591,37.09100000560284,0.6836376190185547,"[0.02614687569439411, 0.8281716704368591, 0.14453402161598206, 0.0011473962804302573]",medium,0.7725490927696228,42.63630000059493,0.5882353782653809,"[0.0313725508749485, 0.7725490927696228, 0.18431372940540314, 0.003921568859368563]",medium,0.3404519557952881,134.57649998599663,0.05537620186805725,"[0.16736844182014465, 0.3404519557952881, 0.2071038782596588, 0.28507575392723083]"
E:\RHNA\1Visual\NCKH\nckh2\products\fe\model\Dataset_Flood\high\texas14n_7_web_adya.jpg,high,2,high,0.6689222455024719,45.66549998708069,0.39479172229766846,"[0.04287261143326759, 0.27413052320480347, 0.6689222455024719, 0.014074631966650486]",high,0.6666666865348816,42.44049999397248,0.4901961088180542,"[0.09803922474384308, 0.1764705926179886, 0.6666666865348816, 0.05490196496248245]",non_flood,0.4267241954803467,134.41930001135916,0.1933663934469223,"[0.18200717866420746, 0.15791088342666626, 0.23335780203342438, 0.4267241954803467]"
E:\RHNA\1Visual\NCKH\nckh2\products\fe\model\Dataset_Flood\high\img23.jpg,high,2,medium,0.8849033713340759,32.52119998796843,0.7886181473731995,"[0.016579026356339455, 0.8849033713340759, 0.09628523141145706, 0.0022323601879179478]",medium,0.7725490927696228,35.94790000352077,0.5803922414779663,"[0.027450982481241226, 0.7725490927696228, 0.19215688109397888, 0.003921568859368563]",medium,0.43726712465286255,126.09710000106134,0.029972583055496216,"[0.1134541779756546, 0.43726712465286255, 0.40729454159736633, 0.04198414832353592]"
E:\RHNA\1Visual\NCKH\nckh2\products\fe\model\Dataset_Flood\high\img56.jpg,high,2,high,0.7277401685714722,33.34190000896342,0.5708181262016296,"[0.049842607229948044, 0.15692202746868134, 0.7277401685714722, 0.06549517810344696]",high,0.7254902124404907,36.61690000444651,0.5960784554481506,"[0.03529411926865578, 0.12941177189350128, 0.7254902124404907, 0.10588236153125763]",high,0.703438937664032,129.63189999572933,0.6000214219093323,"[0.08972588181495667, 0.1034175381064415, 0.703438937664032, 0.1034175381064415]"
E:\RHNA\1Visual\NCKH\nckh2\products\fe\model\Dataset_Flood\high\img88.webp,high,2,high,0.7482188940048218,30.163199990056455,0.5411806106567383,"[0.044157736003398895, 0.2070382982492447, 0.7482188940048218, 0.0005851159803569317]",high,0.6431372761726379,37.62540000025183,0.40392157435417175,"[0.11372549831867218, 0.2392157018184662, 0.6431372761726379, 0.0]",high,0.462100625038147,122.70249999710359,0.12639042735099792,"[0.1650373488664627, 0.33571019768714905, 0.462100625038147, 0.0371517613530159]"
E:\RHNA\1Visual\NCKH\nckh2\products\fe\model\Dataset_Flood\high\anh-13-cuu-cu-gia-1-1500-1017-124.jpg,high,2,high,0.6453016996383667,31.930999975884333,0.38103753328323364,"[0.050302065908908844, 0.26426416635513306, 0.6453016996383667, 0.0401320718228817]",high,0.6000000238418579,39.143300004070625,0.3176470696926117,"[0.0470588281750679, 0.2823529541492462, 0.6000000238418579, 0.06666667014360428]",high,0.4555032551288605,128.27680000918917,0.21509608626365662,"[0.09551035612821579, 0.24040716886520386, 0.4555032551288605, 0.2085791826248169]"
E:\RHNA\1Visual\NCKH\nckh2\products\fe\model\Dataset_Flood\high\flood_4762.jpg,high,2,high,0.607853353023529,34.990400017704815,0.3741024136543274,"[0.15552553534507751, 0.23375093936920166, 0.607853353023529, 0.0028701184783130884]",high,0.7490196228027344,40.43009999440983,0.5764706134796143,"[0.07450980693101883, 0.1725490242242813, 0.7490196228027344, 0.0]",low,0.6064019203186035,136.70590001856908,0.3973822593688965,"[0.6064019203186035, 0.20901964604854584, 0.1465534120798111, 0.03802502900362015]"
E:\RHNA\1Visual\NCKH\nckh2\products\fe\model\Dataset_Flood\high\img28.jpg,high,2,high,0.6450119018554688,43.730200006393716,0.32420575618743896,"[0.03076694719493389, 0.3208061456680298, 0.6450119018554688, 0.003415040671825409]",high,0.7254902124404907,40.859000000637025,0.47843137383461,"[0.019607843831181526, 0.24705883860588074, 0.7254902124404907, 0.0]",medium,0.4304219186306,127.01170000946149,0.05698442459106445,"[0.3734374940395355, 0.4304219186306, 0.17100051045417786, 0.025139998644590378]"
E:\RHNA\1Visual\NCKH\nckh2\products\fe\model\Dataset_Flood\high\anh-nha-dan-ngap-den-noc-tai-tan-ky-1759228506727711366464.webp,high,2,high,0.5175663232803345,29.869899997720495,0.09476268291473389,"[0.05385099723935127, 0.4228036403656006, 0.5175663232803345, 0.005779055878520012]",high,0.5254902243614197,39.438200008589774,0.08235293626785278,"[0.02352941408753395, 0.4431372880935669, 0.5254902243614197, 0.003921568859368563]",non_flood,0.3815042972564697,122.52519998583011,0.09432938694953918,"[0.16860085725784302, 0.16271990537643433, 0.28717491030693054, 0.3815042972564697]"
E:\RHNA\1Visual\NCKH\nckh2\products\fe\model\Dataset_Flood\high\img53.png,high,2,medium,0.8399787545204163,29.6216000278946,0.6962012052536011,"[0.015724215656518936, 0.8399787545204163, 0.14377754926681519, 0.0005195190315134823]",medium,0.6509804129600525,36.79849999025464,0.3294117748737335,"[0.02352941408753395, 0.6509804129600525, 0.32156863808631897, 0.0]",high,0.46168583631515503,108.76090000965632,0.13797634840011597,"[0.15358681976795197, 0.32370948791503906, 0.46168583631515503, 0.06101787090301514]"
E:\RHNA\1Visual\NCKH\nckh2\products\fe\model\Dataset_Flood\high\OIP (21).webp,high,2,high,0.5229458808898926,33.271599997533485,0.17574551701545715,"[0.12763874232769012, 0.3472003638744354, 0.5229458808898926, 0.0022150895092636347]",high,0.4549019932746887,40.59299998334609,0.019607841968536377,"[0.09803922474384308, 0.43529415130615234, 0.4549019932746887, 0.007843137718737125]",high,0.5038662552833557,119.995499990182,0.15058210492134094,"[0.1261739879846573, 0.35328415036201477, 0.5038662552833557, 0.0166755523532629]"
E:\RHNA\1Visual\NCKH\nckh2\products\fe\model\Dataset_Flood\high\images (1).jpg,high,2,high,0.5497961640357971,38.84920000564307,0.34799250960350037,"[0.20180365443229675, 0.19012703001499176, 0.5497961640357971, 0.058273203670978546]",high,0.6980392336845398,41.518200014252216,0.5568627715110779,"[0.1411764770746231, 0.10588236153125763, 0.6980392336845398, 0.0470588281750679]",non_flood,0.47904518246650696,130.42669999413192,0.2818489372730255,"[0.19031782448291779, 0.13344070315361023, 0.19719624519348145, 0.47904518246650696]"
E:\RHNA\1Visual\NCKH\nckh2\products\fe\model\Dataset_Flood\high\IMAGE_1655988793.webp,high,2,high,0.7048237919807434,42.19189999275841,0.4550028443336487,"[0.043917279690504074, 0.24982096254825592, 0.7048237919807434, 0.0014379281783476472]",high,0.7490196228027344,38.604000001214445,0.545098066329956,"[0.03529411926865578, 0.2039215862751007, 0.7490196228027344, 0.003921568859368563]",high,0.32898426055908203,131.64369997684844,0.01147526502609253,"[0.3175089955329895, 0.29574525356292725, 0.32898426055908203, 0.057761501520872116]"
E:\RHNA\1Visual\NCKH\nckh2\products\fe\model\Dataset_Flood\high\img44.jpg,high,2,high,0.7085472941398621,38.25549999601208,0.4851389229297638,"[0.018198542296886444, 0.04984588548541069, 0.7085472941398621, 0.22340837121009827]",high,0.7725490927696228,44.90559999248944,0.5764706134796143,"[0.003921568859368563, 0.02352941408753395, 0.7725490927696228, 0.19607844948768616]",high,0.6705861687660217,114.11940000834875,0.5569546222686768,"[0.11363152414560318, 0.11363152414560318, 0.6705861687660217, 0.10215073823928833]"
E:\RHNA\1Visual\NCKH\nckh2\products\fe\model\Dataset_Flood\high\OIP (40).webp,high,2,low,0.4910290241241455,36.37519999756478,0.2822328209877014,"[0.4910290241241455, 0.2087962031364441, 0.18243378400802612, 0.11774105578660965]",low,0.4784314036369324,40.722599980654195,0.14509806036949158,"[0.4784314036369324, 0.3333333432674408, 0.0784313753247261, 0.10588236153125763]",medium,0.3788805902004242,135.68440001108684,0.025970458984375,"[0.238810732960701, 0.3788805902004242, 0.3529101312160492, 0.029398560523986816]"
E:\RHNA\1Visual\NCKH\nckh2\products\fe\model\Dataset_Flood\high\3683595427395733579929176168177302426969453n-17000618284281562116315-17001001010301837793450-1700105792646-1700105792799297207396.jpg,high,2,high,0.8892741799354553,44.47930000605993,0.8041210174560547,"[0.0060180481523275375, 0.08515313267707825, 0.8892741799354553, 0.019554629921913147]",high,0.7725490927696228,42.88679998717271,0.6745098829269409,"[0.0470588281750679, 0.09803922474384308, 0.7725490927696228, 0.07450980693101883]",high,0.6570612192153931,129.8957000253722,0.5038036108016968,"[0.13296756148338318, 0.15325763821601868, 0.6570612192153931, 0.056713566184043884]"
E:\RHNA\1Visual\NCKH\nckh2\products\fe\model\Dataset_Flood\high\OIP (39).webp,high,2,low,0.4402034282684326,35.971000004792586,0.1706085503101349,"[0.4402034282684326, 0.10359112918376923, 0.26959487795829773, 0.1866106241941452]",high,0.35686275362968445,42.869600001722574,0.10588234663009644,"[0.250980406999588, 0.16078431904315948, 0.35686275362968445, 0.22745099663734436]",high,0.3740231692790985,139.24560000305064,0.0130462646484375,"[0.21193012595176697, 0.360976904630661, 0.3740231692790985, 0.05306977033615112]"
E:\RHNA\1Visual\NCKH\nckh2\products\fe\model\Dataset_Flood\high\1790569740867_6460767276583596373_6460767276583596373_148fba99df2beb60bd9753db9b918adb.jpg,high,2,medium,0.532611072063446,53.149000013945624,0.2761376202106476,"[0.25647345185279846, 0.532611072063446, 0.20158571004867554, 0.009329776279628277]",high,0.364705890417099,47.705199976917356,0.08627450466156006,"[0.2666666805744171, 0.27843138575553894, 0.364705890417099, 0.08627451211214066]",medium,0.568217933177948,146.18150002206676,0.36528122425079346,"[0.20293670892715454, 0.568217933177948, 0.08655693382024765, 0.14228840172290802]"
E:\RHNA\1Visual\NCKH\nckh2\products\fe\model\Dataset_Flood\high\flood_197.jpg,high,2,high,0.7150917649269104,44.287500000791624,0.44533082842826843,"[0.01490867417305708, 0.26976093649864197, 0.7150917649269104, 0.00023858516942709684]",high,0.7490196228027344,38.304799993056804,0.5529412031173706,"[0.04313725605607033, 0.19607844948768616, 0.7490196228027344, 0.003921568859368563]",high,0.3109003007411957,117.99080000491813,0.0213107168674469,"[0.2895895838737488, 0.2103831171989441, 0.3109003007411957, 0.18912699818611145]"
E:\RHNA\1Visual\NCKH\nckh2\products\fe\model\Dataset_Flood\high\image_043.jpg,high,2,medium,0.4737977385520935,41.61129999556579,0.037271738052368164,"[0.08479435741901398, 0.4737977385520935, 0.43652600049972534, 0.004881798289716244]",medium,0.4392157196998596,48.932099976809695,0.08627453446388245,"[0.18039216101169586, 0.4392157196998596, 0.3529411852359772, 0.02352941408753395]",medium,0.3108992278575897,133.7645000021439,0.03141176700592041,"[0.2794874608516693, 0.3108992278575897, 0.2512493431568146, 0.15836401283740997]"
E:\RHNA\1Visual\NCKH\nckh2\products\fe\model\Dataset_Flood\high\Song-Lo-Ngap-Lut.jpg,high,2,high,0.7222170233726501,43.19200001191348,0.5166157484054565,"[0.018779810518026352, 0.053401775658130646, 0.7222170233726501, 0.205601304769516]",high,0.8627451658248901,38.926699984585866,0.7411765456199646,"[0.003921568859368563, 0.011764707043766975, 0.8627451658248901, 0.12156863510608673]",high,0.6510854959487915,149.00440000928938,0.49373310804367065,"[0.0991801917552948, 0.15735240280628204, 0.6510854959487915, 0.09238185733556747]"
E:\RHNA\1Visual\NCKH\nckh2\products\fe\model\Dataset_Flood\high\R (1).jpg,high,2,medium,0.7167146801948547,49.05849997885525,0.4521683156490326,"[0.017197001725435257, 0.7167146801948547, 0.26454636454582214, 0.0015419276896864176]",medium,0.5843137502670288,48.42289999942295,0.22745099663734436,"[0.05098039656877518, 0.5843137502670288, 0.35686275362968445, 0.003921568859368563]",low,0.3227933645248413,157.2157999908086,0.05250394344329834,"[0.3227933645248413, 0.20345863699913025, 0.27028942108154297, 0.20345863699913025]"
E:\RHNA\1Visual\NCKH\nckh2\products\fe\model\Dataset_Flood\high\images (6).jpg,high,2,medium,0.4967039227485657,38.44490001210943,0.22561365365982056,"[0.21006882190704346, 0.4967039227485657, 0.2710902690887451, 0.022137057036161423]",medium,0.6274510025978088,44.840200018370524,0.4117647111415863,"[0.13333334028720856, 0.6274510025978088, 0.21568629145622253, 0.019607843831181526]",high,0.4064141809940338,114.851299993461,0.08943188190460205,"[0.24723003804683685, 0.31698229908943176, 0.4064141809940338, 0.029373405501246452]"
E:\RHNA\1Visual\NCKH\nckh2\products\fe\model\Dataset_Flood\high\flood_4856.jpg,high,2,high,0.5528199076652527,30.1047999819275,0.27783387899398804,"[0.14779622852802277, 0.27498602867126465, 0.5528199076652527, 0.024397781118750572]",high,0.4235294461250305,31.3490999978967,0.20784315466880798,"[0.21568629145622253, 0.1882353127002716, 0.4235294461250305, 0.16470588743686676]",low,0.43950745463371277,126.2812000059057,0.2234426736831665,"[0.43950745463371277, 0.15696828067302704, 0.21606478095054626, 0.1874595284461975]"
E:\RHNA\1Visual\NCKH\nckh2\products\fe\model\Dataset_Flood\high\noise5.webp,high,2,high,0.9183110594749451,35.861599986674264,0.8732754588127136,"[0.005475837737321854, 0.045035604387521744, 0.9183110594749451, 0.031177464872598648]",high,0.9294118285179138,42.63270000228658,0.8901961445808411,"[0.007843137718737125, 0.02352941408753395, 0.9294118285179138, 0.03921568766236305]",high,0.6998015642166138,130.9400000027381,0.5893477201461792,"[0.10660113394260406, 0.0831434428691864, 0.6998015642166138, 0.11045385897159576]"
E:\RHNA\1Visual\NCKH\nckh2\products\fe\model\Dataset_Flood\high\images (5).jpg,high,2,medium,0.47612908482551575,44.64989999542013,0.16783657670021057,"[0.2005433887243271, 0.47612908482551575, 0.3082925081253052, 0.015034953132271767]",non_flood,0.4235294461250305,43.12009998830035,0.21568629145622253,"[0.18039216101169586, 0.20784315466880798, 0.18039216101169586, 0.4235294461250305]",high,0.3456963002681732,126.6347000200767,0.06632611155509949,"[0.24238380789756775, 0.13254965841770172, 0.3456963002681732, 0.27937018871307373]"
E:\RHNA\1Visual\NCKH\nckh2\products\fe\model\Dataset_Flood\high\OIP (3).webp,high,2,high,0.9241355061531067,28.418999980203807,0.8804703950881958,"[0.006245926953852177, 0.0259535014629364, 0.9241355061531067, 0.0436650812625885]",high,0.9568628072738647,31.758800003444776,0.9333333969116211,"[0.0, 0.01568627543747425, 0.9568628072738647, 0.02352941408753395]",high,0.723753809928894,150.50909999990836,0.577289879322052,"[0.06029105186462402, 0.14646393060684204, 0.723753809928894, 0.06949111074209213]"
E:\RHNA\1Visual\NCKH\nckh2\products\fe\model\Dataset_Flood\non_flood\화면 캡처 2025-03-05 172713.jpg,non_flood,3,non_flood,0.751192569732666,39.30090001085773,0.5157358050346375,"[0.23545677959918976, 0.01139749214053154, 0.001953132450580597, 0.751192569732666]",low,0.4705882668495178,36.22179999365471,0.05882352590560913,"[0.4705882668495178, 0.08235294371843338, 0.0313725508749485, 0.4117647409439087]",medium,0.41334080696105957,162.97409997787327,0.1336372196674347,"[0.2797035872936249, 0.41334080696105957, 0.21054509282112122, 0.09641055017709732]"
E:\RHNA\1Visual\NCKH\nckh2\products\fe\model\Dataset_Flood\non_flood\images (12)1.jpg,non_flood,3,non_flood,0.7843531370162964,46.3533999864012,0.5816066265106201,"[0.20274652540683746, 0.010947976261377335, 0.0019522937946021557, 0.7843531370162964]",non_flood,0.8078432083129883,47.06590002751909,0.6313726305961609,"[0.1764705926179886, 0.007843137718737125, 0.0, 0.8078432083129883]",non_flood,0.7509230375289917,137.35340000130236,0.5628831386566162,"[0.1880398839712143, 0.04232989251613617, 0.018707145005464554, 0.7509230375289917]"
E:\RHNA\1Visual\NCKH\nckh2\products\fe\model\Dataset_Flood\non_flood\1737619229_376_Nhieu-hem-o-TPHCM-dong-loat-khoac-ao-moi-ruc.jpg,non_flood,3,non_flood,0.9133428931236267,34.28530000383034,0.8583629131317139,"[0.027057021856307983, 0.05498000606894493, 0.004620106890797615, 0.9133428931236267]",non_flood,0.658823549747467,44.742300000507385,0.4862745404243469,"[0.1725490242242813, 0.13725490868091583, 0.027450982481241226, 0.658823549747467]",non_flood,0.7856541872024536,167.54460000083782,0.6741784811019897,"[0.09008767455816269, 0.11147567629814148, 0.012782451696693897, 0.7856541872024536]"
E:\RHNA\1Visual\NCKH\nckh2\products\fe\model\Dataset_Flood\non_flood\optimize.jpg,non_flood,3,non_flood,0.6556736826896667,39.34139999910258,0.4015786945819855,"[0.2540949881076813, 0.06592670828104019, 0.0243045873939991, 0.6556736826896667]",non_flood,0.9137255549430847,47.88200001348741,0.8431373238563538,"[0.07058823853731155, 0.011764707043766975, 0.0, 0.9137255549430847]",non_flood,0.34467461705207825,120.7746000145562,0.012022584676742554,"[0.25040170550346375, 0.3326520323753357, 0.07227169722318649, 0.34467461705207825]"
E:\RHNA\1Visual\NCKH\nckh2\products\fe\model\Dataset_Flood\non_flood\화면 캡처 2025-03-05 153248.jpg,non_flood,3,non_flood,0.7842787504196167,49.79399999137968,0.5786533355712891,"[0.20562542974948883, 0.008205671794712543, 0.0018901440780609846, 0.7842787504196167]",non_flood,0.8392157554626465,49.02799997944385,0.69019615650177,"[0.14901961386203766, 0.007843137718737125, 0.003921568859368563, 0.8392157554626465]",low,0.4036264419555664,149.54419998684898,0.11039698123931885,"[0.4036264419555664, 0.20559684932231903, 0.0975472554564476, 0.29322946071624756]"
E:\RHNA\1Visual\NCKH\nckh2\products\fe\model\Dataset_Flood\non_flood\화면 캡처 2025-03-05 173857.jpg,non_flood,3,non_flood,0.8887730240821838,34.200699999928474,0.789779782295227,"[0.0989932119846344, 0.011449969373643398, 0.0007837912417016923, 0.8887730240821838]",non_flood,0.9568628072738647,42.067899979883805,0.9254902601242065,"[0.0313725508749485, 0.007843137718737125, 0.0, 0.9568628072738647]",non_flood,0.6433461308479309,146.2875000142958,0.49328750371932983,"[0.14482444524765015, 0.15005862712860107, 0.06177078187465668, 0.6433461308479309]"
E:\RHNA\1Visual\NCKH\nckh2\products\fe\model\Dataset_Flood\non_flood\다운로드 (44).jpg,non_flood,3,non_flood,0.9224438071250916,28.51959998952225,0.8705463409423828,"[0.05189748480916023, 0.016628319397568703, 0.009030302986502647, 0.9224438071250916]",non_flood,0.9764706492424011,37.81690000323579,0.960784375667572,"[0.01568627543747425, 0.003921568859368563, 0.0, 0.9764706492424011]",low,0.37171345949172974,132.97450001118705,0.12895247340202332,"[0.37171345949172974, 0.24276098608970642, 0.189341202378273, 0.19618427753448486]"
E:\RHNA\1Visual\NCKH\nckh2\products\fe\model\Dataset_Flood\non_flood\화면 캡처 2025-03-05 181559.jpg,non_flood,3,non_flood,0.8651226162910461,42.3609999998007,0.8127692937850952,"[0.03373229503631592, 0.05235333368182182, 0.04879169538617134, 0.8651226162910461]",non_flood,0.9294118285179138,44.958599988603964,0.9058824181556702,"[0.02352941408753395, 0.019607843831181526, 0.019607843831181526, 0.9294118285179138]",non_flood,0.42935484647750854,135.38219998008572,0.17727991938591003,"[0.14799359440803528, 0.2520749270915985, 0.1705765724182129, 0.42935484647750854]"
E:\RHNA\1Visual\NCKH\nckh2\products\fe\model\Dataset_Flood\non_flood\화면 캡처 2025-03-05 153034.jpg,non_flood,3,non_flood,0.9697788953781128,47.6693999953568,0.9429022073745728,"[0.026876669377088547, 0.0025490312837064266, 0.0007953311433084309, 0.9697788953781128]",non_flood,0.917647123336792,73.62169999396428,0.8588235974311829,"[0.05882353335618973, 0.01568627543747425, 0.003921568859368563, 0.917647123336792]",non_flood,0.683288037776947,198.38530002743937,0.4789477586746216,"[0.20434026420116425, 0.06797689944505692, 0.04439479857683182, 0.683288037776947]"
E:\RHNA\1Visual\NCKH\nckh2\products\fe\model\Dataset_Flood\non_flood\1789568749035_282700609501588260_7406490438318140161_f6b1db74c9d78f9d62ae6bb1bcc6557b.jpg,non_flood,3,non_flood,0.8864282965660095,45.989599981112406,0.8404688835144043,"[0.03271563723683357, 0.03489651530981064, 0.04595943167805672, 0.8864282965660095]",non_flood,0.8901961445808411,46.12089999136515,0.847058892250061,"[0.0313725508749485, 0.0313725508749485, 0.04313725605607033, 0.8901961445808411]",non_flood,0.44885143637657166,139.12160001927987,0.12276661396026611,"[0.09083275496959686, 0.13423097133636475, 0.32608482241630554, 0.44885143637657166]"
E:\RHNA\1Visual\NCKH\nckh2\products\fe\model\Dataset_Flood\non_flood\화면 캡처 2025-03-05 160330.jpg,non_flood,3,low,0.8345790505409241,41.0394000064116,0.7238928079605103,"[0.8345790505409241, 0.05160384997725487, 0.0031308101024478674, 0.11068624258041382]",low,0.6352941393852234,50.22360000293702,0.3960784375667572,"[0.6352941393852234, 0.10588236153125763, 0.011764707043766975, 0.2392157018184662]",low,0.5731729865074158,123.99580000783317,0.3756069540977478,"[0.5731729865074158, 0.19067472219467163, 0.19756601750850677, 0.03858628869056702]"
E:\RHNA\1Visual\NCKH\nckh2\products\fe\model\Dataset_Flood\non_flood\화면 캡처 2025-03-05 175602.jpg,non_flood,3,non_flood,0.9314687252044678,31.531799992080778,0.8747456669807434,"[0.056723084300756454, 0.007450157310813665, 0.004357960075139999, 0.9314687252044678]",non_flood,0.8431373238563538,33.37859999737702,0.717647135257721,"[0.125490203499794, 0.019607843831181526, 0.011764707043766975, 0.8431373238563538]",non_flood,0.4008941650390625,136.20169999194331,0.13907566666603088,"[0.2618184983730316, 0.1835731714963913, 0.15371407568454742, 0.4008941650390625]"
E:\RHNA\1Visual\NCKH\nckh2\products\fe\model\Dataset_Flood\non_flood\다운로드 (10) 3.jpg,non_flood,3,non_flood,0.8872312307357788,45.94129999168217,0.7924445271492004,"[0.09478671103715897, 0.015090763568878174, 0.002891342621296644, 0.8872312307357788]",non_flood,0.960784375667572,44.183799996972084,0.9333333969116211,"[0.027450982481241226, 0.007843137718737125, 0.0, 0.960784375667572]",non_flood,0.7896671295166016,120.9915999788791,0.6408182382583618,"[0.14884892106056213, 0.04951685667037964, 0.011967089027166367, 0.7896671295166016]"
E:\RHNA\1Visual\NCKH\nckh2\products\fe\model\Dataset_Flood\non_flood\화면 캡처 2025-03-05 175831.jpg,non_flood,3,non_flood,0.9766378402709961,37.99539999454282,0.9648928046226501,"[0.011745023541152477, 0.008525773882865906, 0.003091454738751054, 0.9766378402709961]",non_flood,0.9372549653053284,44.32330001145601,0.9137255549430847,"[0.01568627543747425, 0.02352941408753395, 0.01568627543747425, 0.9372549653053284]",non_flood,0.5385915637016296,147.98660000087693,0.30887049436569214,"[0.10152222961187363, 0.1301652193069458, 0.2297210693359375, 0.5385915637016296]"
E:\RHNA\1Visual\NCKH\nckh2\products\fe\model\Dataset_Flood\non_flood\화면 캡처 2025-03-05 175938.jpg,non_flood,3,non_flood,0.8898600339889526,41.59709997475147,0.8035371899604797,"[0.08632282167673111, 0.016294345259666443, 0.007522836793214083, 0.8898600339889526]",non_flood,0.8000000715255737,49.10219999146648,0.64705890417099,"[0.15294118225574493, 0.0313725508749485, 0.011764707043766975, 0.8000000715255737]",non_flood,0.407560795545578,158.34009999525733,0.1682811826467514,"[0.2392796128988266, 0.1455586701631546, 0.2076009064912796, 0.407560795545578]"
E:\RHNA\1Visual\NCKH\nckh2\products\fe\model\Dataset_Flood\non_flood\화면 캡처 2025-03-05 174829.jpg,non_flood,3,non_flood,0.9630875587463379,47.80090000713244,0.9333491325378418,"[0.029738420620560646, 0.006092359311878681, 0.0010817322181537747, 0.9630875587463379]",non_flood,0.9098039865493774,46.700900013092905,0.8392157554626465,"[0.07058823853731155, 0.01568627543747425, 0.003921568859368563, 0.9098039865493774]",low,0.3676612675189972,155.86500000790693,0.10987681150436401,"[0.3676612675189972, 0.2577844560146332, 0.18727712333202362, 0.18727712333202362]"
E:\RHNA\1Visual\NCKH\nckh2\products\fe\model\Dataset_Flood\non_flood\화면 캡처 2025-03-05 155955.jpg,non_flood,3,low,0.8654220104217529,39.3348999787122,0.7748786211013794,"[0.8654220104217529, 0.03908231109380722, 0.004952311050146818, 0.09054336696863174]",low,0.572549045085907,34.725300007266924,0.33725491166114807,"[0.572549045085907, 0.13725490868091583, 0.05098039656877518, 0.2352941334247589]",low,0.48939386010169983,146.54240000527352,0.21209204196929932,"[0.48939386010169983, 0.2773018181324005, 0.12697908282279968, 0.10632528364658356]"
E:\RHNA\1Visual\NCKH\nckh2\products\fe\model\Dataset_Flood\non_flood\다운로드 (30) 3.jpg,non_flood,3,non_flood,0.818260908126831,44.95219999807887,0.680756151676178,"[0.13750477135181427, 0.030891502276062965, 0.013342763297259808, 0.818260908126831]",non_flood,0.7803922295570374,46.26000000280328,0.6509804725646973,"[0.12941177189350128, 0.04313725605607033, 0.04313725605607033, 0.7803922295570374]",non_flood,0.6981179714202881,145.17840000917204,0.5711157321929932,"[0.12700222432613373, 0.11018814146518707, 0.06469164043664932, 0.6981179714202881]"
E:\RHNA\1Visual\NCKH\nckh2\products\fe\model\Dataset_Flood\non_flood\IMG_5052.jpg,non_flood,3,non_flood,0.4811793863773346,39.11569999763742,0.21521538496017456,"[0.23920242488384247, 0.26596400141716003, 0.013654197566211224, 0.4811793863773346]",low,0.458823561668396,46.69420002028346,0.1882353127002716,"[0.458823561668396, 0.22352942824363708, 0.04313725605607033, 0.2705882489681244]",non_flood,0.5118515491485596,125.9816000238061,0.16548675298690796,"[0.3463647961616516, 0.10732551664113998, 0.03445810079574585, 0.5118515491485596]"
E:\RHNA\1Visual\NCKH\nckh2\products\fe\model\Dataset_Flood\non_flood\382335_275271_3551.jpg,non_flood,3,non_flood,0.9558546543121338,44.16489999857731,0.9374844431877136,"[0.014435919933021069, 0.018370216712355614, 0.011339201591908932, 0.9558546543121338]",non_flood,0.9686275124549866,48.680400010198355,0.9568628072738647,"[0.011764707043766975, 0.007843137718737125, 0.011764707043766975, 0.9686275124549866]",non_flood,0.6637772917747498,140.25240001501516,0.5195655822753906,"[0.14421167969703674, 0.09089750796556473, 0.10111353546380997, 0.6637772917747498]"
E:\RHNA\1Visual\NCKH\nckh2\products\fe\model\Dataset_Flood\non_flood\화면 캡처 2025-03-05 153348.jpg,non_flood,3,non_flood,0.7820534706115723,42.91920000105165,0.5842724442481995,"[0.1977810263633728, 0.01539270393550396, 0.0047727772034704685, 0.7820534706115723]",non_flood,0.45098042488098145,46.2456000095699,0.019607841968536377,"[0.43137258291244507, 0.07450980693101883, 0.03921568766236305, 0.45098042488098145]",low,0.4485630393028259,140.14649999444373,0.20326247811317444,"[0.4485630393028259, 0.2453005611896515, 0.17199167609214783, 0.13414472341537476]"
E:\RHNA\1Visual\NCKH\nckh2\products\fe\model\Dataset_Flood\non_flood\images (10).jpg,non_flood,3,non_flood,0.9801157712936401,52.12130001746118,0.9644202589988708,"[0.01569552719593048, 0.003847067477181554, 0.00034158508060500026, 0.9801157712936401]",non_flood,0.9647059440612793,42.39639997831546,0.9411765336990356,"[0.02352941408753395, 0.007843137718737125, 0.0, 0.9647059440612793]",non_flood,0.7705407738685608,143.56920000864193,0.6789928078651428,"[0.07140275835990906, 0.09154797345399857, 0.06650844216346741, 0.7705407738685608]"
E:\RHNA\1Visual\NCKH\nckh2\products\fe\model\Dataset_Flood\non_flood\화면 캡처 2025-03-05 153859.jpg,non_flood,3,non_flood,0.9187889099121094,42.6549999974668,0.8737725019454956,"[0.019571106880903244, 0.04501637816429138, 0.016623690724372864, 0.9187889099121094]",non_flood,0.8274510502815247,61.35350000113249,0.7529412508010864,"[0.03921568766236305, 0.07450980693101883, 0.05882353335618973, 0.8274510502815247]",high,0.5238376259803772,160.02849998767488,0.2923343777656555,"[0.09874117374420166, 0.23150323331356049, 0.5238376259803772, 0.1459178924560547]"
E:\RHNA\1Visual\NCKH\nckh2\products\fe\model\Dataset_Flood\non_flood\화면 캡처 2025-03-05 174553.jpg,non_flood,3,non_flood,0.946790874004364,32.78209999552928,0.8973131775856018,"[0.049477674067020416, 0.0036882860586047173, 4.314157195040025e-05, 0.946790874004364]",non_flood,0.7490196228027344,34.22470000805333,0.5215686559677124,"[0.22745099663734436, 0.019607843831181526, 0.0, 0.7490196228027344]",low,0.5354353785514832,132.40959998802282,0.3573146462440491,"[0.5354353785514832, 0.16591142117977142, 0.12053252011537552, 0.17812074720859528]"
E:\RHNA\1Visual\NCKH\nckh2\products\fe\model\Dataset_Flood\non_flood\images (59).jpg,non_flood,3,non_flood,0.8936066031455994,57.90660000639036,0.8210850358009338,"[0.07252155244350433, 0.03255804628133774, 0.0013137927744537592, 0.8936066031455994]",non_flood,0.847058892250061,50.31190000590868,0.7647059559822083,"[0.08235294371843338, 0.062745101749897, 0.003921568859368563, 0.847058892250061]",non_flood,0.5591136813163757,118.29059998854063,0.29383721947669983,"[0.2652764618396759, 0.15574422478675842, 0.019865676760673523, 0.5591136813163757]"
E:\RHNA\1Visual\NCKH\nckh2\products\fe\model\Dataset_Flood\non_flood\다운로드 (56) 3.jpg,non_flood,3,non_flood,0.9462271332740784,29.27219998673536,0.900339663028717,"[0.04588746652007103, 0.006425314582884312, 0.0014600403374060988, 0.9462271332740784]",non_flood,0.9803922176361084,32.662899990100414,0.9647059440612793,"[0.01568627543747425, 0.0, 0.0, 0.9803922176361084]",non_flood,0.4606092870235443,147.74810001836158,0.1702844500541687,"[0.13774721324443817, 0.2903248369693756, 0.11131870001554489, 0.4606092870235443]"
E:\RHNA\1Visual\NCKH\nckh2\products\fe\model\Dataset_Flood\non_flood\다운로드 (62) 3.jpg,non_flood,3,non_flood,0.9747201204299927,47.12950001703575,0.9541759490966797,"[0.020544152706861496, 0.004217654932290316, 0.0005180988227948546, 0.9747201204299927]",non_flood,0.9843137860298157,47.72820000653155,0.9764706492424011,"[0.007843137718737125, 0.0, 0.0, 0.9843137860298157]",non_flood,0.5684133172035217,143.31030001631007,0.33442920446395874,"[0.23398412764072418, 0.11101585626602173, 0.08658669143915176, 0.5684133172035217]"
E:\RHNA\1Visual\NCKH\nckh2\products\fe\model\Dataset_Flood\non_flood\다운로드 (67) 3.jpg,non_flood,3,non_flood,0.8311217427253723,43.14309998881072,0.7032600045204163,"[0.12786172330379486, 0.03426890820264816, 0.006747708190232515, 0.8311217427253723]",non_flood,0.9333333969116211,51.885199995012954,0.8941177129745483,"[0.03921568766236305, 0.019607843831181526, 0.003921568859368563, 0.9333333969116211]",non_flood,0.87059485912323,173.2352999970317,0.7839837074279785,"[0.08661113679409027, 0.03320913389325142, 0.009584922343492508, 0.87059485912323]"
E:\RHNA\1Visual\NCKH\nckh2\products\fe\model\Dataset_Flood\non_flood\화면 캡처 2025-03-05 153735.jpg,non_flood,3,non_flood,0.8472585082054138,50.91520000132732,0.7135588526725769,"[0.13369964063167572, 0.018249189481139183, 0.0007926385151222348, 0.8472585082054138]",non_flood,0.7647059559822083,39.300199976423755,0.5647059679031372,"[0.20000001788139343, 0.027450982481241226, 0.003921568859368563, 0.7647059559822083]",low,0.5065661668777466,185.36810000659898,0.1637779176235199,"[0.5065661668777466, 0.11403373628854752, 0.03661184757947922, 0.3427882492542267]"
E:\RHNA\1Visual\NCKH\nckh2\products\fe\model\Dataset_Flood\non_flood\화면 캡처 2025-03-05 152318.jpg,non_flood,3,non_flood,0.992392897605896,39.882499986561015,0.9876803159713745,"[0.004712559748440981, 0.002350853756070137, 0.0005437031504698098, 0.992392897605896]",non_flood,0.8980392813682556,55.973000009544194,0.8392157554626465,"[0.05882353335618973, 0.0313725508749485, 0.007843137718737125, 0.8980392813682556]",non_flood,0.4748971462249756,161.98639999493025,0.22425419092178345,"[0.1107683926820755, 0.25064295530319214, 0.16369149088859558, 0.4748971462249756]"
E:\RHNA\1Visual\NCKH\nckh2\products\fe\model\Dataset_Flood\non_flood\화면 캡처 2025-03-05 182955.jpg,non_flood,3,non_flood,0.9783992171287537,37.51149997697212,0.9602763652801514,"[0.0181228369474411, 0.0031885888893157244, 0.0002893542405217886, 0.9783992171287537]",non_flood,0.9647059440612793,48.47809998318553,0.9411765336990356,"[0.02352941408753395, 0.003921568859368563, 0.0, 0.9647059440612793]",non_flood,0.6386010050773621,142.67920001293533,0.39374345541000366,"[0.2448575496673584, 0.08744987100362778, 0.029091527685523033, 0.6386010050773621]"
E:\RHNA\1Visual\NCKH\nckh2\products\fe\model\Dataset_Flood\non_flood\화면 캡처 2025-03-05 152809.jpg,non_flood,3,non_flood,0.9477483630180359,39.07590001472272,0.8999780416488647,"[0.04777031019330025, 0.003142506582662463, 0.00133879529312253, 0.9477483630180359]",non_flood,0.8784314393997192,42.80060000019148,0.7882353663444519,"[0.09019608050584793, 0.01568627543747425, 0.011764707043766975, 0.8784314393997192]",non_flood,0.4849340319633484,128.7622000090778,0.2548527717590332,"[0.23008126020431519, 0.14502163231372833, 0.13996313512325287, 0.4849340319633484]"
E:\RHNA\1Visual\NCKH\nckh2\products\fe\model\Dataset_Flood\non_flood\images (33).jpg,non_flood,3,low,0.5427934527397156,48.53739999816753,0.33801349997520447,"[0.5427934527397156, 0.18070389330387115, 0.07172274589538574, 0.2047799527645111]",low,0.5647059082984924,56.55889998888597,0.37254902720451355,"[0.5647059082984924, 0.19215688109397888, 0.062745101749897, 0.1764705926179886]",low,0.39474567770957947,119.83780001173727,0.052261173725128174,"[0.39474567770957947, 0.3424845039844513, 0.21587006747722626, 0.046899743378162384]"
E:\RHNA\1Visual\NCKH\nckh2\products\fe\model\Dataset_Flood\non_flood\23031215004403700.jpg,non_flood,3,non_flood,0.8848474025726318,42.9559999902267,0.7996028661727905,"[0.02586008422076702, 0.08524452149868011, 0.004047986585646868, 0.8848474025726318]",non_flood,0.8784314393997192,44.97869999613613,0.8117647767066956,"[0.06666667014360428, 0.0470588281750679, 0.007843137718737125, 0.8784314393997192]",medium,0.3119990825653076,153.66260000155307,0.031522899866104126,"[0.20376235246658325, 0.3119990825653076, 0.20376235246658325, 0.2804761826992035]"
E:\RHNA\1Visual\NCKH\nckh2\products\fe\model\Dataset_Flood\non_flood\화면 캡처 2025-03-05 164114.jpg,non_flood,3,low,0.801724910736084,47.623800026485696,0.6482667922973633,"[0.801724910736084, 0.04009373486042023, 0.004723196383565664, 0.1534581482410431]",low,0.7529412508010864,44.27459998987615,0.6313726305961609,"[0.7529412508010864, 0.0941176563501358, 0.0313725508749485, 0.12156863510608673]",low,0.4451481103897095,146.50830000755377,0.09795528650283813,"[0.4451481103897095, 0.34719282388687134, 0.1038295105099678, 0.1038295105099678]"
E:\RHNA\1Visual\NCKH\nckh2\products\fe\model\Dataset_Flood\non_flood\화면 캡처 2025-03-05 172356.jpg,non_flood,3,non_flood,0.9308108687400818,45.16690000309609,0.8654599189758301,"[0.06535093486309052, 0.0035012192092835903, 0.0003370096383150667, 0.9308108687400818]",non_flood,0.8549020290374756,45.66649999469519,0.73333340883255,"[0.12156863510608673, 0.019607843831181526, 0.0, 0.8549020290374756]",low,0.3704749643802643,126.29730001208372,0.012922525405883789,"[0.3704749643802643, 0.21750645339488983, 0.05446614697575569, 0.3575524389743805]"
E:\RHNA\1Visual\NCKH\nckh2\products\fe\model\Dataset_Flood\non_flood\화면 캡처 2025-03-05 173938.jpg,non_flood,3,non_flood,0.983954906463623,33.811100001912564,0.9707930088043213,"[0.013161893002688885, 0.0025772759690880775, 0.0003059305308852345, 0.983954906463623]",non_flood,0.960784375667572,42.75179997785017,0.9372549653053284,"[0.02352941408753395, 0.007843137718737125, 0.003921568859368563, 0.960784375667572]",non_flood,0.7849866151809692,135.01309999264777,0.6774907112121582,"[0.10749588161706924, 0.07537037134170532, 0.0321471132338047, 0.7849866151809692]"
E:\RHNA\1Visual\NCKH\nckh2\products\fe\model\Dataset_Flood\non_flood\1789568749452_282700609501588260_7406490438318140161_27f20da03aed7425178793bf0e655ec5.jpg,non_flood,3,non_flood,0.8769807815551758,45.24189999210648,0.812848687171936,"[0.021561147645115852, 0.06413208693265915, 0.037325918674468994, 0.8769807815551758]",non_flood,0.874509871006012,47.27800001273863,0.8274510502815247,"[0.03529411926865578, 0.0470588281750679, 0.03529411926865578, 0.874509871006012]",non_flood,0.6477503776550293,152.50450000166893,0.49666446447372437,"[0.15108591318130493, 0.09523036330938339, 0.10593339055776596, 0.6477503776550293]"
E:\RHNA\1Visual\NCKH\nckh2\products\fe\model\Dataset_Flood\non_flood\2810089_image2_1.jpg,non_flood,3,non_flood,0.9700924754142761,42.79649999807589,0.9516309499740601,"[0.002328573726117611, 0.00911741703748703, 0.01846153847873211, 0.9700924754142761]",non_flood,0.658823549747467,46.139399986714125,0.4000000059604645,"[0.007843137718737125, 0.07058823853731155, 0.25882354378700256, 0.658823549747467]",non_flood,0.6325998902320862,147.96040000510402,0.4294963479042053,"[0.08360641449689865, 0.08069013804197311, 0.20310352742671967, 0.6325998902320862]"
E:\RHNA\1Visual\NCKH\nckh2\products\fe\model\Dataset_Flood\non_flood\화면 캡처 2025-03-05 175530.jpg,non_flood,3,non_flood,0.9317700266838074,38.04300000774674,0.9012187719345093,"[0.030551282688975334, 0.01301694568246603, 0.024661831557750702, 0.9317700266838074]",non_flood,0.9568628072738647,43.44029998173937,0.9372549653053284,"[0.019607843831181526, 0.007843137718737125, 0.01568627543747425, 0.9568628072738647]",non_flood,0.3904343843460083,123.66340000880882,0.13544702529907227,"[0.25498735904693604, 0.22922466695308685, 0.12535348534584045, 0.3904343843460083]"
E:\RHNA\1Visual\NCKH\nckh2\products\fe\model\Dataset_Flood\non_flood\1184178968.jpg,non_flood,3,non_flood,0.9532849192619324,45.706800010520965,0.9256601929664612,"[0.027624741196632385, 0.016850315034389496, 0.002239957917481661, 0.9532849192619324]",non_flood,0.9254902601242065,47.43030000827275,0.8901961445808411,"[0.027450982481241226, 0.03529411926865578, 0.007843137718737125, 0.9254902601242065]",non_flood,0.7885621190071106,137.18429999426007,0.6726300120353699,"[0.04944757744669914, 0.11593210697174072, 0.046058181673288345, 0.7885621190071106]"
E:\RHNA\1Visual\NCKH\nckh2\products\fe\model\Dataset_Flood\non_flood\화면 캡처 2025-03-05 172345.jpg,non_flood,3,non_flood,0.9212821125984192,37.94139999081381,0.8501778841018677,"[0.07110424339771271, 0.006679338403046131, 0.0009343076380901039, 0.9212821125984192]",non_flood,0.9411765336990356,41.78749999846332,0.8980392813682556,"[0.04313725605607033, 0.007843137718737125, 0.0, 0.9411765336990356]",non_flood,0.38391244411468506,153.8375000236556,0.07365837693214417,"[0.3102540671825409, 0.20262272655963898, 0.10321075469255447, 0.38391244411468506]"
E:\RHNA\1Visual\NCKH\nckh2\products\fe\model\Dataset_Flood\non_flood\images (61).jpg,non_flood,3,non_flood,0.77587890625,44.980800012126565,0.6063211560249329,"[0.16955773532390594, 0.04314745217561722, 0.011415921151638031, 0.77587890625]",non_flood,0.8352941870689392,44.09680000389926,0.7137255668640137,"[0.12156863510608673, 0.0313725508749485, 0.003921568859368563, 0.8352941870689392]",non_flood,0.4428865611553192,144.69559999997728,0.1095065176486969,"[0.3333800435066223, 0.13723401725292206, 0.08649943023920059, 0.4428865611553192]"
E:\RHNA\1Visual\NCKH\nckh2\products\fe\model\Dataset_Flood\non_flood\화면 캡처 2025-03-05 175812.jpg,non_flood,3,non_flood,0.9570407867431641,47.679000010248274,0.9169673323631287,"[0.0400734581053257, 0.0021378244273364544, 0.0007479398627765477, 0.9570407867431641]",non_flood,0.8941177129745483,42.32980002416298,0.8117647767066956,"[0.08235294371843338, 0.019607843831181526, 0.003921568859368563, 0.8941177129745483]",medium,0.36731430888175964,156.22639999492094,0.10977312922477722,"[0.2575411796569824, 0.36731430888175964, 0.17427553236484528, 0.20086899399757385]"
E:\RHNA\1Visual\NCKH\nckh2\products\fe\model\Dataset_Flood\non_flood\화면 캡처 2025-03-05 152934.jpg,non_flood,3,non_flood,0.9368841648101807,50.7594000082463,0.8792027235031128,"[0.05768141895532608, 0.003947204444557428, 0.0014871859457343817, 0.9368841648101807]",non_flood,0.874509871006012,42.118199984543025,0.760784387588501,"[0.11372549831867218, 0.003921568859368563, 0.003921568859368563, 0.874509871006012]",low,0.45195525884628296,137.04750000033528,0.20479963719844818,"[0.45195525884628296, 0.24715562164783478, 0.14510546624660492, 0.15578368306159973]"
E:\RHNA\1Visual\NCKH\nckh2\products\fe\model\Dataset_Flood\non_flood\다운로드 (9) 3.jpg,non_flood,3,non_flood,0.9812435507774353,37.3552999808453,0.9646812081336975,"[0.016562314704060555, 0.001786380773410201, 0.00040775336674414575, 0.9812435507774353]",non_flood,0.960784375667572,41.96899998351,0.9294118285179138,"[0.0313725508749485, 0.003921568859368563, 0.0, 0.960784375667572]",non_flood,0.839120090007782,130.51489999634214,0.7494969964027405,"[0.08962307125329971, 0.036892835050821304, 0.034364003688097, 0.839120090007782]"
E:\RHNA\1Visual\NCKH\nckh2\products\fe\model\Dataset_Flood\non_flood\1789568749531_282700609501588260_7406490438318140161_bea2323eb3bd6a9504e98226ccf20a6e.jpg,non_flood,3,non_flood,0.41971084475517273,40.65509999054484,0.04486650228500366,"[0.37484434247016907, 0.1379161775112152, 0.06752867251634598, 0.41971084475517273]",non_flood,0.4705882668495178,43.62979999859817,0.1098039448261261,"[0.3607843220233917, 0.10196079313755035, 0.05882353335618973, 0.4705882668495178]",low,0.34875401854515076,132.19619999290444,0.023905426263809204,"[0.34875401854515076, 0.17764626443386078, 0.14875119924545288, 0.32484859228134155]"
E:\RHNA\1Visual\NCKH\nckh2\products\fe\model\Dataset_Flood\non_flood\화면 캡처 2025-03-05 153554.jpg,non_flood,3,non_flood,0.8776131272315979,37.68750000745058,0.7586527466773987,"[0.11896040290594101, 0.002323915483430028, 0.0011025494895875454, 0.8776131272315979]",non_flood,0.6431372761726379,39.69549998873845,0.2980392277240753,"[0.3450980484485626, 0.007843137718737125, 0.003921568859368563, 0.6431372761726379]",non_flood,0.45957255363464355,137.03509999322705,0.16990119218826294,"[0.2896713614463806, 0.17006653547286987, 0.08068957924842834, 0.45957255363464355]"
E:\RHNA\1Visual\NCKH\nckh2\products\fe\model\Dataset_Flood\non_flood\화면 캡처 2025-03-05 181159.jpg,non_flood,3,non_flood,0.9248661398887634,39.80230001616292,0.8870712518692017,"[0.03779485821723938, 0.018264172598719597, 0.019074760377407074, 0.9248661398887634]",non_flood,0.8980392813682556,41.43260000273585,0.8431373238563538,"[0.05490196496248245, 0.02352941408753395, 0.019607843831181526, 0.8980392813682556]",non_flood,0.5303782224655151,123.64890001481399,0.34095579385757446,"[0.1376129686832428, 0.18942241370677948, 0.14258649945259094, 0.5303782224655151]"
E:\RHNA\1Visual\NCKH\nckh2\products\fe\model\Dataset_Flood\non_flood\화면 캡처 2025-03-05 153513.jpg,non_flood,3,non_flood,0.9384998083114624,34.54699998837896,0.8854682445526123,"[0.0530315600335598, 0.007274246774613857, 0.0011944288853555918, 0.9384998083114624]",non_flood,0.8862745761871338,42.90020000189543,0.7843137979507446,"[0.10196079313755035, 0.007843137718737125, 0.0, 0.8862745761871338]",low,0.5026187300682068,137.08310000947677,0.29571858048439026,"[0.5026187300682068, 0.20690014958381653, 0.11723437160253525, 0.17324680089950562]"
E:\RHNA\1Visual\NCKH\nckh2\products\fe\model\Dataset_Flood\non_flood\DSC05846-01.jpg,non_flood,3,non_flood,0.7763618230819702,37.72650001337752,0.6664145588874817,"[0.10994724929332733, 0.10832659155130386, 0.005364357493817806, 0.7763618230819702]",non_flood,0.8901961445808411,41.86440000194125,0.8352941870689392,"[0.05490196496248245, 0.0470588281750679, 0.003921568859368563, 0.8901961445808411]",non_flood,0.8839190006256104,130.91050001094118,0.8200341463088989,"[0.03619863837957382, 0.06388486921787262, 0.015997517853975296, 0.8839190006256104]"
E:\RHNA\1Visual\NCKH\nckh2\products\fe\model\Dataset_Flood\non_flood\5f420ab85477f0364be7a38916496632.jpg,non_flood,3,non_flood,0.9452164769172668,42.15449999901466,0.9227486848831177,"[0.02246779575943947, 0.018046168610453606, 0.014269599691033363, 0.9452164769172668]",non_flood,0.8705883026123047,43.08229999151081,0.8235294818878174,"[0.0313725508749485, 0.0470588281750679, 0.0470588281750679, 0.8705883026123047]",non_flood,0.8204210996627808,134.93050000397488,0.70807284116745,"[0.112348273396492, 0.05523115396499634, 0.011999472044408321, 0.8204210996627808]"
E:\RHNA\1Visual\NCKH\nckh2\products\fe\model\Dataset_Flood\non_flood\다운로드 (34).jpg,non_flood,3,non_flood,0.9404179453849792,35.91010000673123,0.8867173194885254,"[0.05370061472058296, 0.004285856150090694, 0.001595601555891335, 0.9404179453849792]",non_flood,0.917647123336792,36.397799995029345,0.8509804606437683,"[0.06666667014360428, 0.007843137718737125, 0.003921568859368563, 0.917647123336792]",non_flood,0.8544492125511169,134.5040999876801,0.7374411225318909,"[0.11700808256864548, 0.019135551527142525, 0.00940716452896595, 0.8544492125511169]"
E:\RHNA\1Visual\NCKH\nckh2\products\fe\model\Dataset_Flood\non_flood\heavy+rain+and+flooding+safety.jpg,non_flood,3,low,0.5661334991455078,39.226100023370236,0.30590909719467163,"[0.5661334991455078, 0.2602244019508362, 0.11365396529436111, 0.05998824164271355]",low,0.729411780834198,39.62970001157373,0.5372549295425415,"[0.729411780834198, 0.19215688109397888, 0.05882353335618973, 0.011764707043766975]",medium,0.39176395535469055,168.86419997899793,0.05186641216278076,"[0.3398975431919098, 0.39176395535469055, 0.19955439865589142, 0.06878406554460526]"
E:\RHNA\1Visual\NCKH\nckh2\products\fe\model\Dataset_Flood\non_flood\화면 캡처 2025-03-05 181547.jpg,non_flood,3,non_flood,0.7852970957756042,40.17649998422712,0.6823809146881104,"[0.08961643278598785, 0.10291621088981628, 0.022170260548591614, 0.7852970957756042]",non_flood,0.8705883026123047,42.1615999948699,0.8156863451004028,"[0.05098039656877518, 0.05490196496248245, 0.01568627543747425, 0.8705883026123047]",high,0.6375397443771362,159.5060000254307,0.50385981798172,"[0.13367994129657745, 0.12451682239770889, 0.6375397443771362, 0.10426352173089981]"
E:\RHNA\1Visual\NCKH\nckh2\products\fe\model\Dataset_Flood\non_flood\1210_5594_1621.jpg,non_flood,3,non_flood,0.9549580216407776,48.34449998452328,0.9314525127410889,"[0.013666890561580658, 0.02350551076233387, 0.007869681343436241, 0.9549580216407776]",non_flood,0.8823530077934265,49.034499999834225,0.8196079134941101,"[0.02352941408753395, 0.062745101749897, 0.027450982481241226, 0.8823530077934265]",high,0.32043707370758057,144.89500000490807,0.05212068557739258,"[0.20197345316410065, 0.2092730849981308, 0.32043707370758057, 0.268316388130188]"
E:\RHNA\1Visual\NCKH\nckh2\products\fe\model\Dataset_Flood\non_flood\다운로드 (19) 3.jpg,non_flood,3,non_flood,0.8802598714828491,45.0571000110358,0.7812945246696472,"[0.09896532446146011, 0.010216880589723587, 0.010557920671999454, 0.8802598714828491]",non_flood,0.8509804606437683,47.54869997850619,0.7372549772262573,"[0.11372549831867218, 0.01568627543747425, 0.011764707043766975, 0.8509804606437683]",non_flood,0.6520063281059265,163.48680001101457,0.5103520154953003,"[0.1416543424129486, 0.11048316955566406, 0.09585607051849365, 0.6520063281059265]"
E:\RHNA\1Visual\NCKH\nckh2\products\fe\model\Dataset_Flood\non_flood\다운로드 (17) 3.jpg,non_flood,3,non_flood,0.8769742846488953,44.25380000611767,0.7598171234130859,"[0.11715719103813171, 0.00491619948297739, 0.0009522887994535267, 0.8769742846488953]",non_flood,0.8941177129745483,53.421299991896376,0.8078432083129883,"[0.08627451211214066, 0.011764707043766975, 0.003921568859368563, 0.8941177129745483]",non_flood,0.7795827388763428,140.06209999206476,0.6273237466812134,"[0.1522590070962906, 0.05634399875998497, 0.01181426364928484, 0.7795827388763428]"
E:\RHNA\1Visual\NCKH\nckh2\products\fe\model\Dataset_Flood\non_flood\953056_345891_5555.jpeg,non_flood,3,non_flood,0.9830210208892822,43.56170000392012,0.9734214544296265,"[0.00959955807775259, 0.006250693462789059, 0.0011287472443655133, 0.9830210208892822]",non_flood,0.9686275124549866,48.2932000013534,0.9490196704864502,"[0.019607843831181526, 0.003921568859368563, 0.003921568859368563, 0.9686275124549866]",non_flood,0.32689106464385986,132.285999978194,0.022406816482543945,"[0.3044842481613159, 0.22919856011867523, 0.13942617177963257, 0.32689106464385986]"
E:\RHNA\1Visual\NCKH\nckh2\products\fe\model\Dataset_Flood\non_flood\화면 캡처 2025-03-05 153209.jpg,non_flood,3,non_flood,0.8237307071685791,42.86620000493713,0.6554076075553894,"[0.1683230996131897, 0.007494483143091202, 0.0004517695924732834, 0.8237307071685791]",low,0.6235294342041016,49.26480000722222,0.3176470696926117,"[0.6235294342041016, 0.05882353335618973, 0.007843137718737125, 0.30588236451148987]",non_flood,0.400634229183197,133.30700001097284,0.0881599485874176,"[0.3124742805957794, 0.15361441671848297, 0.13327708840370178, 0.400634229183197]"
E:\RHNA\1Visual\NCKH\nckh2\products\fe\model\Dataset_Flood\non_flood\images (41).jpg,non_flood,3,non_flood,0.6210681796073914,43.01279998617247,0.3609567880630493,"[0.26011139154434204, 0.06980771571397781, 0.04901270940899849, 0.6210681796073914]",non_flood,0.49803924560546875,36.84889999567531,0.27450981736183167,"[0.22352942824363708, 0.05882353335618973, 0.21568629145622253, 0.49803924560546875]",high,0.3491281270980835,135.13589999638498,0.035274237394332886,"[0.3138538897037506, 0.23625150322914124, 0.3491281270980835, 0.10076642036437988]"
E:\RHNA\1Visual\NCKH\nckh2\products\fe\model\Dataset_Flood\non_flood\230415135444359_w.jpg,non_flood,3,non_flood,0.9742660522460938,43.32830000203103,0.9587240815162659,"[0.015541942790150642, 0.0094069829210639, 0.000785031879786402, 0.9742660522460938]",non_flood,0.9019608497619629,34.591600007843226,0.8352941870689392,"[0.06666667014360428, 0.02352941408753395, 0.003921568859368563, 0.9019608497619629]",non_flood,0.837619960308075,132.0584999921266,0.7481570839881897,"[0.08946286886930466, 0.04096588119864464, 0.03195129707455635, 0.837619960308075]"
E:\RHNA\1Visual\NCKH\nckh2\products\fe\model\Dataset_Flood\non_flood\images (32).jpg,non_flood,3,low,0.8008929491043091,49.33860001619905,0.7128306031227112,"[0.8008929491043091, 0.0880623534321785, 0.041682492941617966, 0.06936226040124893]",low,0.6470588445663452,53.00279997754842,0.48235297203063965,"[0.6470588445663452, 0.16470588743686676, 0.10588236153125763, 0.0784313753247261]",low,0.32428091764450073,160.56670001125894,0.011311233043670654,"[0.32428091764450073, 0.2194376438856125, 0.3129696846008301, 0.1433117389678955]"
E:\RHNA\1Visual\NCKH\nckh2\products\fe\model\Dataset_Flood\non_flood\화면 캡처 2025-03-05 173907.jpg,non_flood,3,non_flood,0.9761148691177368,51.646400010213256,0.9528829455375671,"[0.02323189750313759, 0.0006256360211409628, 2.7598143788054585e-05, 0.9761148691177368]",non_flood,0.8980392813682556,47.59410000406206,0.803921639919281,"[0.0941176563501358, 0.003921568859368563, 0.0, 0.8980392813682556]",non_flood,0.8733882904052734,157.39609999582171,0.8205319046974182,"[0.04585860297083855, 0.052856359630823135, 0.02789672277867794, 0.8733882904052734]"
E:\RHNA\1Visual\NCKH\nckh2\products\fe\model\Dataset_Flood\non_flood\1789568749022_282700609501588260_7406490438318140161_e59a160960ff6aab4139ef93e6451eaa.jpg,non_flood,3,non_flood,0.9293273687362671,36.5583999955561,0.8878433704376221,"[0.04148399084806442, 0.020914990454912186, 0.008273660205304623, 0.9293273687362671]",non_flood,0.7725490927696228,41.38670000247657,0.6588236093521118,"[0.11372549831867218, 0.05490196496248245, 0.05490196496248245, 0.7725490927696228]",non_flood,0.5591644048690796,170.40529998485,0.38590022921562195,"[0.1172461286187172, 0.15032537281513214, 0.17326417565345764, 0.5591644048690796]"
E:\RHNA\1Visual\NCKH\nckh2\products\fe\model\Dataset_Flood\non_flood\img.jpg,non_flood,3,non_flood,0.989693820476532,41.62319999886677,0.9855878949165344,"[0.0033929159399122, 0.004105926025658846, 0.0028073375578969717, 0.989693820476532]",non_flood,0.9843137860298157,38.759700022637844,0.9803922176361084,"[0.003921568859368563, 0.003921568859368563, 0.003921568859368563, 0.9843137860298157]",non_flood,0.6590294241905212,148.5664000210818,0.4997571110725403,"[0.1287139356136322, 0.15927229821681976, 0.05298435315489769, 0.6590294241905212]"
E:\RHNA\1Visual\NCKH\nckh2\products\fe\model\Dataset_Flood\non_flood\화면 캡처 2025-03-05 153429.jpg,non_flood,3,non_flood,0.8253942728042603,41.71499999938533,0.6791632175445557,"[0.14623107016086578, 0.02643629163503647, 0.0019383711041882634, 0.8253942728042603]",non_flood,0.7058823704719543,35.05520001635887,0.4941176474094391,"[0.21176472306251526, 0.07058823853731155, 0.003921568859368563, 0.7058823704719543]",non_flood,0.6395713090896606,138.88260000385344,0.4483047425746918,"[0.19126656651496887, 0.08157936483621597, 0.08758274465799332, 0.6395713090896606]"
E:\RHNA\1Visual\NCKH\nckh2\products\fe\model\Dataset_Flood\non_flood\다운로드 (6).jpg,non_flood,3,non_flood,0.8229868412017822,43.55619999114424,0.6648695468902588,"[0.15811732411384583, 0.016444936394691467, 0.0024507842026650906, 0.8229868412017822]",non_flood,0.9215686917304993,47.3026999970898,0.8588235974311829,"[0.062745101749897, 0.007843137718737125, 0.003921568859368563, 0.9215686917304993]",low,0.4288291037082672,139.03839999693446,0.04332685470581055,"[0.4288291037082672, 0.1328781247138977, 0.05279058590531349, 0.38550224900245667]"
E:\RHNA\1Visual\NCKH\nckh2\products\fe\model\Dataset_Flood\non_flood\화면 캡처 2025-03-05 172439.jpg,non_flood,3,non_flood,0.7007942795753479,52.902800001902506,0.44722703099250793,"[0.25356724858283997, 0.04414370283484459, 0.001494753174483776, 0.7007942795753479]",low,0.5176470875740051,54.88290000357665,0.21176472306251526,"[0.5176470875740051, 0.13725490868091583, 0.03529411926865578, 0.30588236451148987]",non_flood,0.5104160904884338,139.10900001064874,0.2504233717918396,"[0.25999271869659424, 0.18229301273822784, 0.04729810357093811, 0.5104160904884338]"
E:\RHNA\1Visual\NCKH\nckh2\products\fe\model\Dataset_Flood\non_flood\images (20).jpg,non_flood,3,non_flood,0.8861101269721985,40.17690001637675,0.8268061280250549,"[0.059304025024175644, 0.0382530577480793, 0.016332799568772316, 0.8861101269721985]",non_flood,0.9058824181556702,55.150499974843115,0.8509804606437683,"[0.05490196496248245, 0.027450982481241226, 0.007843137718737125, 0.9058824181556702]",medium,0.45908084511756897,161.76760001690127,0.1371978521347046,"[0.13250130414962769, 0.45908084511756897, 0.3218829929828644, 0.08653479814529419]"
E:\RHNA\1Visual\NCKH\nckh2\products\fe\model\Dataset_Flood\non_flood\images (44).jpg,non_flood,3,non_flood,0.9799315333366394,46.45850000088103,0.9646466374397278,"[0.015284892171621323, 0.004096564371138811, 0.0006869505159556866, 0.9799315333366394]",non_flood,0.9725490808486938,42.727200023364276,0.9568628072738647,"[0.01568627543747425, 0.007843137718737125, 0.0, 0.9725490808486938]",non_flood,0.8359711766242981,143.40820000506938,0.7497988343238831,"[0.08617233484983444, 0.05627797544002533, 0.021578557789325714, 0.8359711766242981]"
E:\RHNA\1Visual\NCKH\nckh2\products\fe\model\Dataset_Flood\non_flood\화면 캡처 2025-03-05 181150.jpg,non_flood,3,non_flood,0.9328570365905762,45.74469997896813,0.8828215599060059,"[0.05003548786044121, 0.014417697675526142, 0.0026897506322711706, 0.9328570365905762]",non_flood,0.9294118285179138,37.72140000364743,0.8784314393997192,"[0.05098039656877518, 0.011764707043766975, 0.007843137718737125, 0.9294118285179138]",non_flood,0.36199840903282166,126.20800000149757,0.0694538950920105,"[0.19105683267116547, 0.15440021455287933, 0.29254451394081116, 0.36199840903282166]"
E:\RHNA\1Visual\NCKH\nckh2\products\fe\model\Dataset_Flood\non_flood\화면 캡처 2025-03-05 153259.jpg,non_flood,3,non_flood,0.6780149340629578,46.21020000195131,0.5105874538421631,"[0.1674274504184723, 0.12746861577033997, 0.027089038863778114, 0.6780149340629578]",non_flood,0.6784313917160034,50.34040001919493,0.4745098054409027,"[0.2039215862751007, 0.08627451211214066, 0.027450982481241226, 0.6784313917160034]",non_flood,0.5017277598381042,134.79659997392446,0.30935123562812805,"[0.1923765242099762, 0.16108550131320953, 0.14481018483638763, 0.5017277598381042]"
E:\RHNA\1Visual\NCKH\nckh2\products\fe\model\Dataset_Flood\non_flood\다운로드 (15).jpg,non_flood,3,non_flood,0.9528119564056396,43.54839998995885,0.9166589975357056,"[0.03615296259522438, 0.006761643569916487, 0.004273483995348215, 0.9528119564056396]",non_flood,0.917647123336792,44.36050000367686,0.8627451658248901,"[0.05490196496248245, 0.01568627543747425, 0.007843137718737125, 0.917647123336792]",non_flood,0.461475133895874,157.7924000157509,0.10154807567596436,"[0.35992705821990967, 0.1197352334856987, 0.05886262655258179, 0.461475133895874]"
E:\RHNA\1Visual\NCKH\nckh2\products\fe\model\Dataset_Flood\non_flood\다운로드 (33).jpg,non_flood,3,non_flood,0.7765279412269592,45.912900008261204,0.5712447166442871,"[0.2052832543849945, 0.008382771164178848, 0.009805949404835701, 0.7765279412269592]",non_flood,0.7647059559822083,45.010199974058196,0.5568628311157227,"[0.20784315466880798, 0.011764707043766975, 0.011764707043766975, 0.7647059559822083]",non_flood,0.3725847005844116,124.8615000222344,0.08198761940002441,"[0.2905970811843872, 0.20375114679336548, 0.13306710124015808, 0.3725847005844116]"
E:\RHNA\1Visual\NCKH\nckh2\products\fe\model\Dataset_Flood\non_flood\다운로드 (58) 3.jpg,non_flood,3,non_flood,0.8639670610427856,40.08519998751581,0.7319257259368896,"[0.132041335105896, 0.002285401802510023, 0.0017061351099982858, 0.8639670610427856]",non_flood,0.7450980544090271,49.87059999257326,0.5098038911819458,"[0.2352941334247589, 0.007843137718737125, 0.007843137718737125, 0.7450980544090271]",non_flood,0.5476924180984497,171.80349997943267,0.2687121033668518,"[0.2789803147315979, 0.09280706942081451, 0.0805201455950737, 0.5476924180984497]"
E:\RHNA\1Visual\NCKH\nckh2\products\fe\model\Dataset_Flood\non_flood\images (3)1.jpg,non_flood,3,non_flood,0.6320095062255859,53.479299996979535,0.3074844181537628,"[0.3245250880718231, 0.031732384115457535, 0.011732962913811207, 0.6320095062255859]",non_flood,0.5137255191802979,48.71179998735897,0.13725489377975464,"[0.3764706254005432, 0.08627451211214066, 0.019607843831181526, 0.5137255191802979]",non_flood,0.4641953110694885,170.02259998116642,0.22774624824523926,"[0.23644906282424927, 0.1910833716392517, 0.10827221721410751, 0.4641953110694885]"
E:\RHNA\1Visual\NCKH\nckh2\products\fe\model\Dataset_Flood\non_flood\화면 캡처 2025-03-05 153800.jpg,non_flood,3,non_flood,0.9515349864959717,49.609400011831895,0.9080850481987,"[0.04344996064901352, 0.0045575471594929695, 0.00045748043339699507, 0.9515349864959717]",non_flood,0.9254902601242065,48.226899991277605,0.8627451658248901,"[0.062745101749897, 0.003921568859368563, 0.003921568859368563, 0.9254902601242065]",high,0.32631245255470276,164.1851000022143,0.053076356649398804,"[0.15482184290885925, 0.24562960863113403, 0.32631245255470276, 0.27323609590530396]"
E:\RHNA\1Visual\NCKH\nckh2\products\fe\model\Dataset_Flood\non_flood\images (7)1.jpg,non_flood,3,non_flood,0.7903850674629211,45.053199981339276,0.5916423201560974,"[0.19874274730682373, 0.005475249607115984, 0.0053969682194292545, 0.7903850674629211]",non_flood,0.6313725709915161,42.72530000889674,0.29411765933036804,"[0.33725491166114807, 0.01568627543747425, 0.011764707043766975, 0.6313725709915161]",non_flood,0.5086391568183899,183.81119999685325,0.09758871793746948,"[0.4110504388809204, 0.050601959228515625, 0.0297084953635931, 0.5086391568183899]"
E:\RHNA\1Visual\NCKH\nckh2\products\fe\model\Dataset_Flood\non_flood\다운로드 (31) 3.jpg,non_flood,3,non_flood,0.8852553367614746,52.41340000065975,0.790347158908844,"[0.09490816295146942, 0.018329018726944923, 0.0015074685215950012, 0.8852553367614746]",non_flood,0.9490196704864502,53.50840001483448,0.9137255549430847,"[0.03529411926865578, 0.007843137718737125, 0.0, 0.9490196704864502]",non_flood,0.6802952885627747,187.77879999834113,0.542625904083252,"[0.1376693695783615, 0.13286733627319336, 0.04916805028915405, 0.6802952885627747]"
E:\RHNA\1Visual\NCKH\nckh2\products\fe\model\Dataset_Flood\non_flood\다운로드 (39) 3.jpg,non_flood,3,non_flood,0.769281804561615,32.22809999715537,0.5539171695709229,"[0.21536463499069214, 0.009056339971721172, 0.006297262851148844, 0.769281804561615]",non_flood,0.6392157077789307,35.06250001373701,0.30980393290519714,"[0.3294117748737335, 0.019607843831181526, 0.007843137718737125, 0.6392157077789307]",low,0.29769977927207947,139.2143999983091,0.020405888557434082,"[0.29769977927207947, 0.20873120427131653, 0.21627508103847504, 0.2772938907146454]"
E:\RHNA\1Visual\NCKH\nckh2\products\fe\model\Dataset_Flood\non_flood\images (21)1.jpg,non_flood,3,non_flood,0.6653981804847717,45.57089999434538,0.3343789875507355,"[0.33101919293403625, 0.0035248352214694023, 5.784321911050938e-05, 0.6653981804847717]",non_flood,0.6235294342041016,37.60300000431016,0.27450981736183167,"[0.3490196168422699, 0.019607843831181526, 0.0, 0.6235294342041016]",non_flood,0.5561851263046265,181.2084999983199,0.3015027642250061,"[0.25468236207962036, 0.12972857058048248, 0.059403929859399796, 0.5561851263046265]"
E:\RHNA\1Visual\NCKH\nckh2\products\fe\model\Dataset_Flood\non_flood\images - 2025-01-28T185039.760.jpg,non_flood,3,non_flood,0.500496506690979,48.14319999422878,0.13068914413452148,"[0.3698073625564575, 0.12126240879297256, 0.008433744311332703, 0.500496506690979]",non_flood,0.4117647409439087,48.00070001510903,0.08235296607017517,"[0.3294117748737335, 0.23137256503105164, 0.027450982481241226, 0.4117647409439087]",low,0.5067138075828552,142.23759999731556,0.2746848165988922,"[0.5067138075828552, 0.232028990983963, 0.19428831338882446, 0.06696891039609909]"
E:\RHNA\1Visual\NCKH\nckh2\products\fe\model\Dataset_Flood\non_flood\화면 캡처 2025-03-05 164447.jpg,non_flood,3,low,0.7980915904045105,47.643300000345334,0.706419050693512,"[0.7980915904045105, 0.04828643053770065, 0.06194940209388733, 0.09167251735925674]",low,0.501960813999176,45.01289999461733,0.2549019753932953,"[0.501960813999176, 0.14901961386203766, 0.24705883860588074, 0.09803922474384308]",medium,0.35012534260749817,171.46949999732897,0.035374999046325684,"[0.3147503435611725, 0.35012534260749817, 0.2055591642856598, 0.12956519424915314]"
E:\RHNA\1Visual\NCKH\nckh2\products\fe\model\Dataset_Flood\non_flood\images (16)1.jpg,non_flood,3,non_flood,0.9469630718231201,72.55879999138415,0.897343635559082,"[0.049619417637586594, 0.0030506192706525326, 0.0003668546851258725, 0.9469630718231201]",non_flood,0.9411765336990356,51.91710000508465,0.8941177129745483,"[0.0470588281750679, 0.007843137718737125, 0.0, 0.9411765336990356]",non_flood,0.7160784006118774,143.91330000944436,0.5989706516265869,"[0.09805960953235626, 0.11710776388645172, 0.0687541589140892, 0.7160784006118774]"
E:\RHNA\1Visual\NCKH\nckh2\products\fe\model\Dataset_Flood\non_flood\images (25).jpg,non_flood,3,non_flood,0.9606916904449463,31.48389997659251,0.9250491261482239,"[0.0356425903737545, 0.0016526973340660334, 0.0020129664335399866, 0.9606916904449463]",non_flood,0.8509804606437683,30.883700004778802,0.7215687036514282,"[0.12941177189350128, 0.007843137718737125, 0.007843137718737125, 0.8509804606437683]",non_flood,0.3920401632785797,146.15990000311285,0.10722798109054565,"[0.13041813671588898, 0.19272954761981964, 0.28481218218803406, 0.3920401632785797]"
