seed,partition,n_destinations,retained_edge_fraction,mean_degree,threshold,n_split_incidents,n_extra_split_fragments,n_merged_destinations,n_fake_only_destinations,generator_version,seed_split,candidate_bundle_sha256,package_versions,config_identity,metric_direction
3000,product_cij,51,0.02293748178,8.899742931,0.2696554498,1,1,1,35,4.1.0,test:3000-3039,a7c7a3f7ea63e57f1d98bd42f21c02aa04a69eaa37c824584a2be65f00f2d7e1,"{""numpy"": ""2.0.2"", ""pandas"": ""2.2.2"", ""python-louvain"": ""0.16"", ""scikit-learn"": ""1.6.1"", ""scipy"": ""1.16.3""}","{""additive"": {""calibration_objective"": 0.024220283682757516, ""knn"": 8, ""q"": 0.95}, ""error_model"": ""conservative-v1"", ""product"": {""knn"": 8, ""resolution"": 1.2, ""sigma_geo_m"": 900.0, ""tau_temp_min"": 60.0, ""threshold_quantile"": 0.95, ""track"": ""operational_label_free""}}","{""arrival_equity_gap_min"": ""lower"", ""boat_workload_cv"": ""lower"", ""cvar90_arrival_min"": ""lower"", ""deadline_miss_rate"": ""lower"", ""duplicate_dispatches"": ""lower"", ""fake_dispatches"": ""lower"", ""latent_harm"": ""lower"", ""max_arrival_min"": ""lower"", ""mean_arrival_min"": ""lower"", ""merge_caused_misses"": ""lower"", ""split_trips"": ""lower"", ""total_fleet_workload_min"": ""lower"", ""unique_population_reached_by_deadline_rate"": ""higher"", ""unserved_genuine_incidents"": ""lower""}"
3000,additive_cij_matched_density,39,0.02397105982,9.300771208,0.5397842306,2,4,5,24,4.1.0,test:3000-3039,a7c7a3f7ea63e57f1d98bd42f21c02aa04a69eaa37c824584a2be65f00f2d7e1,"{""numpy"": ""2.0.2"", ""pandas"": ""2.2.2"", ""python-louvain"": ""0.16"", ""scikit-learn"": ""1.6.1"", ""scipy"": ""1.16.3""}","{""additive"": {""calibration_objective"": 0.024220283682757516, ""knn"": 8, ""q"": 0.95}, ""error_model"": ""conservative-v1"", ""product"": {""knn"": 8, ""resolution"": 1.2, ""sigma_geo_m"": 900.0, ""tau_temp_min"": 60.0, ""threshold_quantile"": 0.95, ""track"": ""operational_label_free""}}","{""arrival_equity_gap_min"": ""lower"", ""boat_workload_cv"": ""lower"", ""cvar90_arrival_min"": ""lower"", ""deadline_miss_rate"": ""lower"", ""duplicate_dispatches"": ""lower"", ""fake_dispatches"": ""lower"", ""latent_harm"": ""lower"", ""max_arrival_min"": ""lower"", ""mean_arrival_min"": ""lower"", ""merge_caused_misses"": ""lower"", ""split_trips"": ""lower"", ""total_fleet_workload_min"": ""lower"", ""unique_population_reached_by_deadline_rate"": ""higher"", ""unserved_genuine_incidents"": ""lower""}"
3000,oracle,16,,,,0,0,0,0,4.1.0,test:3000-3039,a7c7a3f7ea63e57f1d98bd42f21c02aa04a69eaa37c824584a2be65f00f2d7e1,"{""numpy"": ""2.0.2"", ""pandas"": ""2.2.2"", ""python-louvain"": ""0.16"", ""scikit-learn"": ""1.6.1"", ""scipy"": ""1.16.3""}","{""additive"": {""calibration_objective"": 0.024220283682757516, ""knn"": 8, ""q"": 0.95}, ""error_model"": ""conservative-v1"", ""product"": {""knn"": 8, ""resolution"": 1.2, ""sigma_geo_m"": 900.0, ""tau_temp_min"": 60.0, ""threshold_quantile"": 0.95, ""track"": ""operational_label_free""}}","{""arrival_equity_gap_min"": ""lower"", ""boat_workload_cv"": ""lower"", ""cvar90_arrival_min"": ""lower"", ""deadline_miss_rate"": ""lower"", ""duplicate_dispatches"": ""lower"", ""fake_dispatches"": ""lower"", ""latent_harm"": ""lower"", ""max_arrival_min"": ""lower"", ""mean_arrival_min"": ""lower"", ""merge_caused_misses"": ""lower"", ""split_trips"": ""lower"", ""total_fleet_workload_min"": ""lower"", ""unique_population_reached_by_deadline_rate"": ""higher"", ""unserved_genuine_incidents"": ""lower""}"
3001,product_cij,51,0.02329192547,9.107142857,0.2864583467,2,2,2,35,4.1.0,test:3000-3039,a7c7a3f7ea63e57f1d98bd42f21c02aa04a69eaa37c824584a2be65f00f2d7e1,"{""numpy"": ""2.0.2"", ""pandas"": ""2.2.2"", ""python-louvain"": ""0.16"", ""scikit-learn"": ""1.6.1"", ""scipy"": ""1.16.3""}","{""additive"": {""calibration_objective"": 0.024220283682757516, ""knn"": 8, ""q"": 0.95}, ""error_model"": ""conservative-v1"", ""product"": {""knn"": 8, ""resolution"": 1.2, ""sigma_geo_m"": 900.0, ""tau_temp_min"": 60.0, ""threshold_quantile"": 0.95, ""track"": ""operational_label_free""}}","{""arrival_equity_gap_min"": ""lower"", ""boat_workload_cv"": ""lower"", ""cvar90_arrival_min"": ""lower"", ""deadline_miss_rate"": ""lower"", ""duplicate_dispatches"": ""lower"", ""fake_dispatches"": ""lower"", ""latent_harm"": ""lower"", ""max_arrival_min"": ""lower"", ""mean_arrival_min"": ""lower"", ""merge_caused_misses"": ""lower"", ""split_trips"": ""lower"", ""total_fleet_workload_min"": ""lower"", ""unique_population_reached_by_deadline_rate"": ""higher"", ""unserved_genuine_incidents"": ""lower""}"
3001,additive_cij_matched_density,41,0.02386606817,9.331632653,0.5505759551,4,4,4,25,4.1.0,test:3000-3039,a7c7a3f7ea63e57f1d98bd42f21c02aa04a69eaa37c824584a2be65f00f2d7e1,"{""numpy"": ""2.0.2"", ""pandas"": ""2.2.2"", ""python-louvain"": ""0.16"", ""scikit-learn"": ""1.6.1"", ""scipy"": ""1.16.3""}","{""additive"": {""calibration_objective"": 0.024220283682757516, ""knn"": 8, ""q"": 0.95}, ""error_model"": ""conservative-v1"", ""product"": {""knn"": 8, ""resolution"": 1.2, ""sigma_geo_m"": 900.0, ""tau_temp_min"": 60.0, ""threshold_quantile"": 0.95, ""track"": ""operational_label_free""}}","{""arrival_equity_gap_min"": ""lower"", ""boat_workload_cv"": ""lower"", ""cvar90_arrival_min"": ""lower"", ""deadline_miss_rate"": ""lower"", ""duplicate_dispatches"": ""lower"", ""fake_dispatches"": ""lower"", ""latent_harm"": ""lower"", ""max_arrival_min"": ""lower"", ""mean_arrival_min"": ""lower"", ""merge_caused_misses"": ""lower"", ""split_trips"": ""lower"", ""total_fleet_workload_min"": ""lower"", ""unique_population_reached_by_deadline_rate"": ""higher"", ""unserved_genuine_incidents"": ""lower""}"
3001,oracle,16,,,,0,0,0,0,4.1.0,test:3000-3039,a7c7a3f7ea63e57f1d98bd42f21c02aa04a69eaa37c824584a2be65f00f2d7e1,"{""numpy"": ""2.0.2"", ""pandas"": ""2.2.2"", ""python-louvain"": ""0.16"", ""scikit-learn"": ""1.6.1"", ""scipy"": ""1.16.3""}","{""additive"": {""calibration_objective"": 0.024220283682757516, ""knn"": 8, ""q"": 0.95}, ""error_model"": ""conservative-v1"", ""product"": {""knn"": 8, ""resolution"": 1.2, ""sigma_geo_m"": 900.0, ""tau_temp_min"": 60.0, ""threshold_quantile"": 0.95, ""track"": ""operational_label_free""}}","{""arrival_equity_gap_min"": ""lower"", ""boat_workload_cv"": ""lower"", ""cvar90_arrival_min"": ""lower"", ""deadline_miss_rate"": ""lower"", ""duplicate_dispatches"": ""lower"", ""fake_dispatches"": ""lower"", ""latent_harm"": ""lower"", ""max_arrival_min"": ""lower"", ""mean_arrival_min"": ""lower"", ""merge_caused_misses"": ""lower"", ""split_trips"": ""lower"", ""total_fleet_workload_min"": ""lower"", ""unique_population_reached_by_deadline_rate"": ""higher"", ""unserved_genuine_incidents"": ""lower""}"
3002,product_cij,52,0.02434224599,9.104,0.2325472569,2,2,1,35,4.1.0,test:3000-3039,a7c7a3f7ea63e57f1d98bd42f21c02aa04a69eaa37c824584a2be65f00f2d7e1,"{""numpy"": ""2.0.2"", ""pandas"": ""2.2.2"", ""python-louvain"": ""0.16"", ""scikit-learn"": ""1.6.1"", ""scipy"": ""1.16.3""}","{""additive"": {""calibration_objective"": 0.024220283682757516, ""knn"": 8, ""q"": 0.95}, ""error_model"": ""conservative-v1"", ""product"": {""knn"": 8, ""resolution"": 1.2, ""sigma_geo_m"": 900.0, ""tau_temp_min"": 60.0, ""threshold_quantile"": 0.95, ""track"": ""operational_label_free""}}","{""arrival_equity_gap_min"": ""lower"", ""boat_workload_cv"": ""lower"", ""cvar90_arrival_min"": ""lower"", ""deadline_miss_rate"": ""lower"", ""duplicate_dispatches"": ""lower"", ""fake_dispatches"": ""lower"", ""latent_harm"": ""lower"", ""max_arrival_min"": ""lower"", ""mean_arrival_min"": ""lower"", ""merge_caused_misses"": ""lower"", ""split_trips"": ""lower"", ""total_fleet_workload_min"": ""lower"", ""unique_population_reached_by_deadline_rate"": ""higher"", ""unserved_genuine_incidents"": ""lower""}"
3002,additive_cij_matched_density,37,0.02525490196,9.445333333,0.5286238829,0,0,1,22,4.1.0,test:3000-3039,a7c7a3f7ea63e57f1d98bd42f21c02aa04a69eaa37c824584a2be65f00f2d7e1,"{""numpy"": ""2.0.2"", ""pandas"": ""2.2.2"", ""python-louvain"": ""0.16"", ""scikit-learn"": ""1.6.1"", ""scipy"": ""1.16.3""}","{""additive"": {""calibration_objective"": 0.024220283682757516, ""knn"": 8, ""q"": 0.95}, ""error_model"": ""conservative-v1"", ""product"": {""knn"": 8, ""resolution"": 1.2, ""sigma_geo_m"": 900.0, ""tau_temp_min"": 60.0, ""threshold_quantile"": 0.95, ""track"": ""operational_label_free""}}","{""arrival_equity_gap_min"": ""lower"", ""boat_workload_cv"": ""lower"", ""cvar90_arrival_min"": ""lower"", ""deadline_miss_rate"": ""lower"", ""duplicate_dispatches"": ""lower"", ""fake_dispatches"": ""lower"", ""latent_harm"": ""lower"", ""max_arrival_min"": ""lower"", ""mean_arrival_min"": ""lower"", ""merge_caused_misses"": ""lower"", ""split_trips"": ""lower"", ""total_fleet_workload_min"": ""lower"", ""unique_population_reached_by_deadline_rate"": ""higher"", ""unserved_genuine_incidents"": ""lower""}"
3002,oracle,16,,,,0,0,0,0,4.1.0,test:3000-3039,a7c7a3f7ea63e57f1d98bd42f21c02aa04a69eaa37c824584a2be65f00f2d7e1,"{""numpy"": ""2.0.2"", ""pandas"": ""2.2.2"", ""python-louvain"": ""0.16"", ""scikit-learn"": ""1.6.1"", ""scipy"": ""1.16.3""}","{""additive"": {""calibration_objective"": 0.024220283682757516, ""knn"": 8, ""q"": 0.95}, ""error_model"": ""conservative-v1"", ""product"": {""knn"": 8, ""resolution"": 1.2, ""sigma_geo_m"": 900.0, ""tau_temp_min"": 60.0, ""threshold_quantile"": 0.95, ""track"": ""operational_label_free""}}","{""arrival_equity_gap_min"": ""lower"", ""boat_workload_cv"": ""lower"", ""cvar90_arrival_min"": ""lower"", ""deadline_miss_rate"": ""lower"", ""duplicate_dispatches"": ""lower"", ""fake_dispatches"": ""lower"", ""latent_harm"": ""lower"", ""max_arrival_min"": ""lower"", ""mean_arrival_min"": ""lower"", ""merge_caused_misses"": ""lower"", ""split_trips"": ""lower"", ""total_fleet_workload_min"": ""lower"", ""unique_population_reached_by_deadline_rate"": ""higher"", ""unserved_genuine_incidents"": ""lower""}"
3003,product_cij,53,0.02418335174,8.536723164,0.2812739977,3,4,2,35,4.1.0,test:3000-3039,a7c7a3f7ea63e57f1d98bd42f21c02aa04a69eaa37c824584a2be65f00f2d7e1,"{""numpy"": ""2.0.2"", ""pandas"": ""2.2.2"", ""python-louvain"": ""0.16"", ""scikit-learn"": ""1.6.1"", ""scipy"": ""1.16.3""}","{""additive"": {""calibration_objective"": 0.024220283682757516, ""knn"": 8, ""q"": 0.95}, ""error_model"": ""conservative-v1"", ""product"": {""knn"": 8, ""resolution"": 1.2, ""sigma_geo_m"": 900.0, ""tau_temp_min"": 60.0, ""threshold_quantile"": 0.95, ""track"": ""operational_label_free""}}","{""arrival_equity_gap_min"": ""lower"", ""boat_workload_cv"": ""lower"", ""cvar90_arrival_min"": ""lower"", ""deadline_miss_rate"": ""lower"", ""duplicate_dispatches"": ""lower"", ""fake_dispatches"": ""lower"", ""latent_harm"": ""lower"", ""max_arrival_min"": ""lower"", ""mean_arrival_min"": ""lower"", ""merge_caused_misses"": ""lower"", ""split_trips"": ""lower"", ""total_fleet_workload_min"": ""lower"", ""unique_population_reached_by_deadline_rate"": ""higher"", ""unserved_genuine_incidents"": ""lower""}"
3003,additive_cij_matched_density,42,0.0251276388,8.870056497,0.5467559992,2,2,2,26,4.1.0,test:3000-3039,a7c7a3f7ea63e57f1d98bd42f21c02aa04a69eaa37c824584a2be65f00f2d7e1,"{""numpy"": ""2.0.2"", ""pandas"": ""2.2.2"", ""python-louvain"": ""0.16"", ""scikit-learn"": ""1.6.1"", ""scipy"": ""1.16.3""}","{""additive"": {""calibration_objective"": 0.024220283682757516, ""knn"": 8, ""q"": 0.95}, ""error_model"": ""conservative-v1"", ""product"": {""knn"": 8, ""resolution"": 1.2, ""sigma_geo_m"": 900.0, ""tau_temp_min"": 60.0, ""threshold_quantile"": 0.95, ""track"": ""operational_label_free""}}","{""arrival_equity_gap_min"": ""lower"", ""boat_workload_cv"": ""lower"", ""cvar90_arrival_min"": ""lower"", ""deadline_miss_rate"": ""lower"", ""duplicate_dispatches"": ""lower"", ""fake_dispatches"": ""lower"", ""latent_harm"": ""lower"", ""max_arrival_min"": ""lower"", ""mean_arrival_min"": ""lower"", ""merge_caused_misses"": ""lower"", ""split_trips"": ""lower"", ""total_fleet_workload_min"": ""lower"", ""unique_population_reached_by_deadline_rate"": ""higher"", ""unserved_genuine_incidents"": ""lower""}"
3003,oracle,16,,,,0,0,0,0,4.1.0,test:3000-3039,a7c7a3f7ea63e57f1d98bd42f21c02aa04a69eaa37c824584a2be65f00f2d7e1,"{""numpy"": ""2.0.2"", ""pandas"": ""2.2.2"", ""python-louvain"": ""0.16"", ""scikit-learn"": ""1.6.1"", ""scipy"": ""1.16.3""}","{""additive"": {""calibration_objective"": 0.024220283682757516, ""knn"": 8, ""q"": 0.95}, ""error_model"": ""conservative-v1"", ""product"": {""knn"": 8, ""resolution"": 1.2, ""sigma_geo_m"": 900.0, ""tau_temp_min"": 60.0, ""threshold_quantile"": 0.95, ""track"": ""operational_label_free""}}","{""arrival_equity_gap_min"": ""lower"", ""boat_workload_cv"": ""lower"", ""cvar90_arrival_min"": ""lower"", ""deadline_miss_rate"": ""lower"", ""duplicate_dispatches"": ""lower"", ""fake_dispatches"": ""lower"", ""latent_harm"": ""lower"", ""max_arrival_min"": ""lower"", ""mean_arrival_min"": ""lower"", ""merge_caused_misses"": ""lower"", ""split_trips"": ""lower"", ""total_fleet_workload_min"": ""lower"", ""unique_population_reached_by_deadline_rate"": ""higher"", ""unserved_genuine_incidents"": ""lower""}"
3004,product_cij,51,0.0238303516,8.960212202,0.2943204167,1,1,1,35,4.1.0,test:3000-3039,a7c7a3f7ea63e57f1d98bd42f21c02aa04a69eaa37c824584a2be65f00f2d7e1,"{""numpy"": ""2.0.2"", ""pandas"": ""2.2.2"", ""python-louvain"": ""0.16"", ""scikit-learn"": ""1.6.1"", ""scipy"": ""1.16.3""}","{""additive"": {""calibration_objective"": 0.024220283682757516, ""knn"": 8, ""q"": 0.95}, ""error_model"": ""conservative-v1"", ""product"": {""knn"": 8, ""resolution"": 1.2, ""sigma_geo_m"": 900.0, ""tau_temp_min"": 60.0, ""threshold_quantile"": 0.95, ""track"": ""operational_label_free""}}","{""arrival_equity_gap_min"": ""lower"", ""boat_workload_cv"": ""lower"", ""cvar90_arrival_min"": ""lower"", ""deadline_miss_rate"": ""lower"", ""duplicate_dispatches"": ""lower"", ""fake_dispatches"": ""lower"", ""latent_harm"": ""lower"", ""max_arrival_min"": ""lower"", ""mean_arrival_min"": ""lower"", ""merge_caused_misses"": ""lower"", ""split_trips"": ""lower"", ""total_fleet_workload_min"": ""lower"", ""unique_population_reached_by_deadline_rate"": ""higher"", ""unserved_genuine_incidents"": ""lower""}"
3004,additive_cij_matched_density,41,0.02463457306,9.262599469,0.5604071642,0,0,1,26,4.1.0,test:3000-3039,a7c7a3f7ea63e57f1d98bd42f21c02aa04a69eaa37c824584a2be65f00f2d7e1,"{""numpy"": ""2.0.2"", ""pandas"": ""2.2.2"", ""python-louvain"": ""0.16"", ""scikit-learn"": ""1.6.1"", ""scipy"": ""1.16.3""}","{""additive"": {""calibration_objective"": 0.024220283682757516, ""knn"": 8, ""q"": 0.95}, ""error_model"": ""conservative-v1"", ""product"": {""knn"": 8, ""resolution"": 1.2, ""sigma_geo_m"": 900.0, ""tau_temp_min"": 60.0, ""threshold_quantile"": 0.95, ""track"": ""operational_label_free""}}","{""arrival_equity_gap_min"": ""lower"", ""boat_workload_cv"": ""lower"", ""cvar90_arrival_min"": ""lower"", ""deadline_miss_rate"": ""lower"", ""duplicate_dispatches"": ""lower"", ""fake_dispatches"": ""lower"", ""latent_harm"": ""lower"", ""max_arrival_min"": ""lower"", ""mean_arrival_min"": ""lower"", ""merge_caused_misses"": ""lower"", ""split_trips"": ""lower"", ""total_fleet_workload_min"": ""lower"", ""unique_population_reached_by_deadline_rate"": ""higher"", ""unserved_genuine_incidents"": ""lower""}"
3004,oracle,16,,,,0,0,0,0,4.1.0,test:3000-3039,a7c7a3f7ea63e57f1d98bd42f21c02aa04a69eaa37c824584a2be65f00f2d7e1,"{""numpy"": ""2.0.2"", ""pandas"": ""2.2.2"", ""python-louvain"": ""0.16"", ""scikit-learn"": ""1.6.1"", ""scipy"": ""1.16.3""}","{""additive"": {""calibration_objective"": 0.024220283682757516, ""knn"": 8, ""q"": 0.95}, ""error_model"": ""conservative-v1"", ""product"": {""knn"": 8, ""resolution"": 1.2, ""sigma_geo_m"": 900.0, ""tau_temp_min"": 60.0, ""threshold_quantile"": 0.95, ""track"": ""operational_label_free""}}","{""arrival_equity_gap_min"": ""lower"", ""boat_workload_cv"": ""lower"", ""cvar90_arrival_min"": ""lower"", ""deadline_miss_rate"": ""lower"", ""duplicate_dispatches"": ""lower"", ""fake_dispatches"": ""lower"", ""latent_harm"": ""lower"", ""max_arrival_min"": ""lower"", ""mean_arrival_min"": ""lower"", ""merge_caused_misses"": ""lower"", ""split_trips"": ""lower"", ""total_fleet_workload_min"": ""lower"", ""unique_population_reached_by_deadline_rate"": ""higher"", ""unserved_genuine_incidents"": ""lower""}"
3005,product_cij,54,0.02264416315,8.944444444,0.2780270314,4,5,2,35,4.1.0,test:3000-3039,a7c7a3f7ea63e57f1d98bd42f21c02aa04a69eaa37c824584a2be65f00f2d7e1,"{""numpy"": ""2.0.2"", ""pandas"": ""2.2.2"", ""python-louvain"": ""0.16"", ""scikit-learn"": ""1.6.1"", ""scipy"": ""1.16.3""}","{""additive"": {""calibration_objective"": 0.024220283682757516, ""knn"": 8, ""q"": 0.95}, ""error_model"": ""conservative-v1"", ""product"": {""knn"": 8, ""resolution"": 1.2, ""sigma_geo_m"": 900.0, ""tau_temp_min"": 60.0, ""threshold_quantile"": 0.95, ""track"": ""operational_label_free""}}","{""arrival_equity_gap_min"": ""lower"", ""boat_workload_cv"": ""lower"", ""cvar90_arrival_min"": ""lower"", ""deadline_miss_rate"": ""lower"", ""duplicate_dispatches"": ""lower"", ""fake_dispatches"": ""lower"", ""latent_harm"": ""lower"", ""max_arrival_min"": ""lower"", ""mean_arrival_min"": ""lower"", ""merge_caused_misses"": ""lower"", ""split_trips"": ""lower"", ""total_fleet_workload_min"": ""lower"", ""unique_population_reached_by_deadline_rate"": ""higher"", ""unserved_genuine_incidents"": ""lower""}"
3005,additive_cij_matched_density,43,0.02367983634,9.353535354,0.541122749,4,5,3,25,4.1.0,test:3000-3039,a7c7a3f7ea63e57f1d98bd42f21c02aa04a69eaa37c824584a2be65f00f2d7e1,"{""numpy"": ""2.0.2"", ""pandas"": ""2.2.2"", ""python-louvain"": ""0.16"", ""scikit-learn"": ""1.6.1"", ""scipy"": ""1.16.3""}","{""additive"": {""calibration_objective"": 0.024220283682757516, ""knn"": 8, ""q"": 0.95}, ""error_model"": ""conservative-v1"", ""product"": {""knn"": 8, ""resolution"": 1.2, ""sigma_geo_m"": 900.0, ""tau_temp_min"": 60.0, ""threshold_quantile"": 0.95, ""track"": ""operational_label_free""}}","{""arrival_equity_gap_min"": ""lower"", ""boat_workload_cv"": ""lower"", ""cvar90_arrival_min"": ""lower"", ""deadline_miss_rate"": ""lower"", ""duplicate_dispatches"": ""lower"", ""fake_dispatches"": ""lower"", ""latent_harm"": ""lower"", ""max_arrival_min"": ""lower"", ""mean_arrival_min"": ""lower"", ""merge_caused_misses"": ""lower"", ""split_trips"": ""lower"", ""total_fleet_workload_min"": ""lower"", ""unique_population_reached_by_deadline_rate"": ""higher"", ""unserved_genuine_incidents"": ""lower""}"
3005,oracle,16,,,,0,0,0,0,4.1.0,test:3000-3039,a7c7a3f7ea63e57f1d98bd42f21c02aa04a69eaa37c824584a2be65f00f2d7e1,"{""numpy"": ""2.0.2"", ""pandas"": ""2.2.2"", ""python-louvain"": ""0.16"", ""scikit-learn"": ""1.6.1"", ""scipy"": ""1.16.3""}","{""additive"": {""calibration_objective"": 0.024220283682757516, ""knn"": 8, ""q"": 0.95}, ""error_model"": ""conservative-v1"", ""product"": {""knn"": 8, ""resolution"": 1.2, ""sigma_geo_m"": 900.0, ""tau_temp_min"": 60.0, ""threshold_quantile"": 0.95, ""track"": ""operational_label_free""}}","{""arrival_equity_gap_min"": ""lower"", ""boat_workload_cv"": ""lower"", ""cvar90_arrival_min"": ""lower"", ""deadline_miss_rate"": ""lower"", ""duplicate_dispatches"": ""lower"", ""fake_dispatches"": ""lower"", ""latent_harm"": ""lower"", ""max_arrival_min"": ""lower"", ""mean_arrival_min"": ""lower"", ""merge_caused_misses"": ""lower"", ""split_trips"": ""lower"", ""total_fleet_workload_min"": ""lower"", ""unique_population_reached_by_deadline_rate"": ""higher"", ""unserved_genuine_incidents"": ""lower""}"
3006,product_cij,51,0.02353959682,8.968586387,0.2589107102,1,1,1,35,4.1.0,test:3000-3039,a7c7a3f7ea63e57f1d98bd42f21c02aa04a69eaa37c824584a2be65f00f2d7e1,"{""numpy"": ""2.0.2"", ""pandas"": ""2.2.2"", ""python-louvain"": ""0.16"", ""scikit-learn"": ""1.6.1"", ""scipy"": ""1.16.3""}","{""additive"": {""calibration_objective"": 0.024220283682757516, ""knn"": 8, ""q"": 0.95}, ""error_model"": ""conservative-v1"", ""product"": {""knn"": 8, ""resolution"": 1.2, ""sigma_geo_m"": 900.0, ""tau_temp_min"": 60.0, ""threshold_quantile"": 0.95, ""track"": ""operational_label_free""}}","{""arrival_equity_gap_min"": ""lower"", ""boat_workload_cv"": ""lower"", ""cvar90_arrival_min"": ""lower"", ""deadline_miss_rate"": ""lower"", ""duplicate_dispatches"": ""lower"", ""fake_dispatches"": ""lower"", ""latent_harm"": ""lower"", ""max_arrival_min"": ""lower"", ""mean_arrival_min"": ""lower"", ""merge_caused_misses"": ""lower"", ""split_trips"": ""lower"", ""total_fleet_workload_min"": ""lower"", ""unique_population_reached_by_deadline_rate"": ""higher"", ""unserved_genuine_incidents"": ""lower""}"
3006,additive_cij_matched_density,42,0.0242953924,9.256544503,0.5385783689,2,2,2,26,4.1.0,test:3000-3039,a7c7a3f7ea63e57f1d98bd42f21c02aa04a69eaa37c824584a2be65f00f2d7e1,"{""numpy"": ""2.0.2"", ""pandas"": ""2.2.2"", ""python-louvain"": ""0.16"", ""scikit-learn"": ""1.6.1"", ""scipy"": ""1.16.3""}","{""additive"": {""calibration_objective"": 0.024220283682757516, ""knn"": 8, ""q"": 0.95}, ""error_model"": ""conservative-v1"", ""product"": {""knn"": 8, ""resolution"": 1.2, ""sigma_geo_m"": 900.0, ""tau_temp_min"": 60.0, ""threshold_quantile"": 0.95, ""track"": ""operational_label_free""}}","{""arrival_equity_gap_min"": ""lower"", ""boat_workload_cv"": ""lower"", ""cvar90_arrival_min"": ""lower"", ""deadline_miss_rate"": ""lower"", ""duplicate_dispatches"": ""lower"", ""fake_dispatches"": ""lower"", ""latent_harm"": ""lower"", ""max_arrival_min"": ""lower"", ""mean_arrival_min"": ""lower"", ""merge_caused_misses"": ""lower"", ""split_trips"": ""lower"", ""total_fleet_workload_min"": ""lower"", ""unique_population_reached_by_deadline_rate"": ""higher"", ""unserved_genuine_incidents"": ""lower""}"
3006,oracle,16,,,,0,0,0,0,4.1.0,test:3000-3039,a7c7a3f7ea63e57f1d98bd42f21c02aa04a69eaa37c824584a2be65f00f2d7e1,"{""numpy"": ""2.0.2"", ""pandas"": ""2.2.2"", ""python-louvain"": ""0.16"", ""scikit-learn"": ""1.6.1"", ""scipy"": ""1.16.3""}","{""additive"": {""calibration_objective"": 0.024220283682757516, ""knn"": 8, ""q"": 0.95}, ""error_model"": ""conservative-v1"", ""product"": {""knn"": 8, ""resolution"": 1.2, ""sigma_geo_m"": 900.0, ""tau_temp_min"": 60.0, ""threshold_quantile"": 0.95, ""track"": ""operational_label_free""}}","{""arrival_equity_gap_min"": ""lower"", ""boat_workload_cv"": ""lower"", ""cvar90_arrival_min"": ""lower"", ""deadline_miss_rate"": ""lower"", ""duplicate_dispatches"": ""lower"", ""fake_dispatches"": ""lower"", ""latent_harm"": ""lower"", ""max_arrival_min"": ""lower"", ""mean_arrival_min"": ""lower"", ""merge_caused_misses"": ""lower"", ""split_trips"": ""lower"", ""total_fleet_workload_min"": ""lower"", ""unique_population_reached_by_deadline_rate"": ""higher"", ""unserved_genuine_incidents"": ""lower""}"
3007,product_cij,53,0.02361497326,8.832,0.2404459361,3,3,1,35,4.1.0,test:3000-3039,a7c7a3f7ea63e57f1d98bd42f21c02aa04a69eaa37c824584a2be65f00f2d7e1,"{""numpy"": ""2.0.2"", ""pandas"": ""2.2.2"", ""python-louvain"": ""0.16"", ""scikit-learn"": ""1.6.1"", ""scipy"": ""1.16.3""}","{""additive"": {""calibration_objective"": 0.024220283682757516, ""knn"": 8, ""q"": 0.95}, ""error_model"": ""conservative-v1"", ""product"": {""knn"": 8, ""resolution"": 1.2, ""sigma_geo_m"": 900.0, ""tau_temp_min"": 60.0, ""threshold_quantile"": 0.95, ""track"": ""operational_label_free""}}","{""arrival_equity_gap_min"": ""lower"", ""boat_workload_cv"": ""lower"", ""cvar90_arrival_min"": ""lower"", ""deadline_miss_rate"": ""lower"", ""duplicate_dispatches"": ""lower"", ""fake_dispatches"": ""lower"", ""latent_harm"": ""lower"", ""max_arrival_min"": ""lower"", ""mean_arrival_min"": ""lower"", ""merge_caused_misses"": ""lower"", ""split_trips"": ""lower"", ""total_fleet_workload_min"": ""lower"", ""unique_population_reached_by_deadline_rate"": ""higher"", ""unserved_genuine_incidents"": ""lower""}"
3007,additive_cij_matched_density,40,0.02457040998,9.189333333,0.5329579664,1,1,2,25,4.1.0,test:3000-3039,a7c7a3f7ea63e57f1d98bd42f21c02aa04a69eaa37c824584a2be65f00f2d7e1,"{""numpy"": ""2.0.2"", ""pandas"": ""2.2.2"", ""python-louvain"": ""0.16"", ""scikit-learn"": ""1.6.1"", ""scipy"": ""1.16.3""}","{""additive"": {""calibration_objective"": 0.024220283682757516, ""knn"": 8, ""q"": 0.95}, ""error_model"": ""conservative-v1"", ""product"": {""knn"": 8, ""resolution"": 1.2, ""sigma_geo_m"": 900.0, ""tau_temp_min"": 60.0, ""threshold_quantile"": 0.95, ""track"": ""operational_label_free""}}","{""arrival_equity_gap_min"": ""lower"", ""boat_workload_cv"": ""lower"", ""cvar90_arrival_min"": ""lower"", ""deadline_miss_rate"": ""lower"", ""duplicate_dispatches"": ""lower"", ""fake_dispatches"": ""lower"", ""latent_harm"": ""lower"", ""max_arrival_min"": ""lower"", ""mean_arrival_min"": ""lower"", ""merge_caused_misses"": ""lower"", ""split_trips"": ""lower"", ""total_fleet_workload_min"": ""lower"", ""unique_population_reached_by_deadline_rate"": ""higher"", ""unserved_genuine_incidents"": ""lower""}"
3007,oracle,16,,,,0,0,0,0,4.1.0,test:3000-3039,a7c7a3f7ea63e57f1d98bd42f21c02aa04a69eaa37c824584a2be65f00f2d7e1,"{""numpy"": ""2.0.2"", ""pandas"": ""2.2.2"", ""python-louvain"": ""0.16"", ""scikit-learn"": ""1.6.1"", ""scipy"": ""1.16.3""}","{""additive"": {""calibration_objective"": 0.024220283682757516, ""knn"": 8, ""q"": 0.95}, ""error_model"": ""conservative-v1"", ""product"": {""knn"": 8, ""resolution"": 1.2, ""sigma_geo_m"": 900.0, ""tau_temp_min"": 60.0, ""threshold_quantile"": 0.95, ""track"": ""operational_label_free""}}","{""arrival_equity_gap_min"": ""lower"", ""boat_workload_cv"": ""lower"", ""cvar90_arrival_min"": ""lower"", ""deadline_miss_rate"": ""lower"", ""duplicate_dispatches"": ""lower"", ""fake_dispatches"": ""lower"", ""latent_harm"": ""lower"", ""max_arrival_min"": ""lower"", ""mean_arrival_min"": ""lower"", ""merge_caused_misses"": ""lower"", ""split_trips"": ""lower"", ""total_fleet_workload_min"": ""lower"", ""unique_population_reached_by_deadline_rate"": ""higher"", ""unserved_genuine_incidents"": ""lower""}"
3008,product_cij,51,0.02446020352,9.09919571,0.286554816,1,1,1,35,4.1.0,test:3000-3039,a7c7a3f7ea63e57f1d98bd42f21c02aa04a69eaa37c824584a2be65f00f2d7e1,"{""numpy"": ""2.0.2"", ""pandas"": ""2.2.2"", ""python-louvain"": ""0.16"", ""scikit-learn"": ""1.6.1"", ""scipy"": ""1.16.3""}","{""additive"": {""calibration_objective"": 0.024220283682757516, ""knn"": 8, ""q"": 0.95}, ""error_model"": ""conservative-v1"", ""product"": {""knn"": 8, ""resolution"": 1.2, ""sigma_geo_m"": 900.0, ""tau_temp_min"": 60.0, ""threshold_quantile"": 0.95, ""track"": ""operational_label_free""}}","{""arrival_equity_gap_min"": ""lower"", ""boat_workload_cv"": ""lower"", ""cvar90_arrival_min"": ""lower"", ""deadline_miss_rate"": ""lower"", ""duplicate_dispatches"": ""lower"", ""fake_dispatches"": ""lower"", ""latent_harm"": ""lower"", ""max_arrival_min"": ""lower"", ""mean_arrival_min"": ""lower"", ""merge_caused_misses"": ""lower"", ""split_trips"": ""lower"", ""total_fleet_workload_min"": ""lower"", ""unique_population_reached_by_deadline_rate"": ""higher"", ""unserved_genuine_incidents"": ""lower""}"
3008,additive_cij_matched_density,45,0.02505116896,9.319034853,0.5491831617,1,1,1,29,4.1.0,test:3000-3039,a7c7a3f7ea63e57f1d98bd42f21c02aa04a69eaa37c824584a2be65f00f2d7e1,"{""numpy"": ""2.0.2"", ""pandas"": ""2.2.2"", ""python-louvain"": ""0.16"", ""scikit-learn"": ""1.6.1"", ""scipy"": ""1.16.3""}","{""additive"": {""calibration_objective"": 0.024220283682757516, ""knn"": 8, ""q"": 0.95}, ""error_model"": ""conservative-v1"", ""product"": {""knn"": 8, ""resolution"": 1.2, ""sigma_geo_m"": 900.0, ""tau_temp_min"": 60.0, ""threshold_quantile"": 0.95, ""track"": ""operational_label_free""}}","{""arrival_equity_gap_min"": ""lower"", ""boat_workload_cv"": ""lower"", ""cvar90_arrival_min"": ""lower"", ""deadline_miss_rate"": ""lower"", ""duplicate_dispatches"": ""lower"", ""fake_dispatches"": ""lower"", ""latent_harm"": ""lower"", ""max_arrival_min"": ""lower"", ""mean_arrival_min"": ""lower"", ""merge_caused_misses"": ""lower"", ""split_trips"": ""lower"", ""total_fleet_workload_min"": ""lower"", ""unique_population_reached_by_deadline_rate"": ""higher"", ""unserved_genuine_incidents"": ""lower""}"
3008,oracle,16,,,,0,0,0,0,4.1.0,test:3000-3039,a7c7a3f7ea63e57f1d98bd42f21c02aa04a69eaa37c824584a2be65f00f2d7e1,"{""numpy"": ""2.0.2"", ""pandas"": ""2.2.2"", ""python-louvain"": ""0.16"", ""scikit-learn"": ""1.6.1"", ""scipy"": ""1.16.3""}","{""additive"": {""calibration_objective"": 0.024220283682757516, ""knn"": 8, ""q"": 0.95}, ""error_model"": ""conservative-v1"", ""product"": {""knn"": 8, ""resolution"": 1.2, ""sigma_geo_m"": 900.0, ""tau_temp_min"": 60.0, ""threshold_quantile"": 0.95, ""track"": ""operational_label_free""}}","{""arrival_equity_gap_min"": ""lower"", ""boat_workload_cv"": ""lower"", ""cvar90_arrival_min"": ""lower"", ""deadline_miss_rate"": ""lower"", ""duplicate_dispatches"": ""lower"", ""fake_dispatches"": ""lower"", ""latent_harm"": ""lower"", ""max_arrival_min"": ""lower"", ""mean_arrival_min"": ""lower"", ""merge_caused_misses"": ""lower"", ""split_trips"": ""lower"", ""total_fleet_workload_min"": ""lower"", ""unique_population_reached_by_deadline_rate"": ""higher"", ""unserved_genuine_incidents"": ""lower""}"
3009,product_cij,56,0.0238548243,8.873994638,0.2798172578,3,6,1,35,4.1.0,test:3000-3039,a7c7a3f7ea63e57f1d98bd42f21c02aa04a69eaa37c824584a2be65f00f2d7e1,"{""numpy"": ""2.0.2"", ""pandas"": ""2.2.2"", ""python-louvain"": ""0.16"", ""scikit-learn"": ""1.6.1"", ""scipy"": ""1.16.3""}","{""additive"": {""calibration_objective"": 0.024220283682757516, ""knn"": 8, ""q"": 0.95}, ""error_model"": ""conservative-v1"", ""product"": {""knn"": 8, ""resolution"": 1.2, ""sigma_geo_m"": 900.0, ""tau_temp_min"": 60.0, ""threshold_quantile"": 0.95, ""track"": ""operational_label_free""}}","{""arrival_equity_gap_min"": ""lower"", ""boat_workload_cv"": ""lower"", ""cvar90_arrival_min"": ""lower"", ""deadline_miss_rate"": ""lower"", ""duplicate_dispatches"": ""lower"", ""fake_dispatches"": ""lower"", ""latent_harm"": ""lower"", ""max_arrival_min"": ""lower"", ""mean_arrival_min"": ""lower"", ""merge_caused_misses"": ""lower"", ""split_trips"": ""lower"", ""total_fleet_workload_min"": ""lower"", ""unique_population_reached_by_deadline_rate"": ""higher"", ""unserved_genuine_incidents"": ""lower""}"
3009,additive_cij_matched_density,45,0.02463316902,9.163538874,0.5459425942,2,3,2,28,4.1.0,test:3000-3039,a7c7a3f7ea63e57f1d98bd42f21c02aa04a69eaa37c824584a2be65f00f2d7e1,"{""numpy"": ""2.0.2"", ""pandas"": ""2.2.2"", ""python-louvain"": ""0.16"", ""scikit-learn"": ""1.6.1"", ""scipy"": ""1.16.3""}","{""additive"": {""calibration_objective"": 0.024220283682757516, ""knn"": 8, ""q"": 0.95}, ""error_model"": ""conservative-v1"", ""product"": {""knn"": 8, ""resolution"": 1.2, ""sigma_geo_m"": 900.0, ""tau_temp_min"": 60.0, ""threshold_quantile"": 0.95, ""track"": ""operational_label_free""}}","{""arrival_equity_gap_min"": ""lower"", ""boat_workload_cv"": ""lower"", ""cvar90_arrival_min"": ""lower"", ""deadline_miss_rate"": ""lower"", ""duplicate_dispatches"": ""lower"", ""fake_dispatches"": ""lower"", ""latent_harm"": ""lower"", ""max_arrival_min"": ""lower"", ""mean_arrival_min"": ""lower"", ""merge_caused_misses"": ""lower"", ""split_trips"": ""lower"", ""total_fleet_workload_min"": ""lower"", ""unique_population_reached_by_deadline_rate"": ""higher"", ""unserved_genuine_incidents"": ""lower""}"
3009,oracle,16,,,,0,0,0,0,4.1.0,test:3000-3039,a7c7a3f7ea63e57f1d98bd42f21c02aa04a69eaa37c824584a2be65f00f2d7e1,"{""numpy"": ""2.0.2"", ""pandas"": ""2.2.2"", ""python-louvain"": ""0.16"", ""scikit-learn"": ""1.6.1"", ""scipy"": ""1.16.3""}","{""additive"": {""calibration_objective"": 0.024220283682757516, ""knn"": 8, ""q"": 0.95}, ""error_model"": ""conservative-v1"", ""product"": {""knn"": 8, ""resolution"": 1.2, ""sigma_geo_m"": 900.0, ""tau_temp_min"": 60.0, ""threshold_quantile"": 0.95, ""track"": ""operational_label_free""}}","{""arrival_equity_gap_min"": ""lower"", ""boat_workload_cv"": ""lower"", ""cvar90_arrival_min"": ""lower"", ""deadline_miss_rate"": ""lower"", ""duplicate_dispatches"": ""lower"", ""fake_dispatches"": ""lower"", ""latent_harm"": ""lower"", ""max_arrival_min"": ""lower"", ""mean_arrival_min"": ""lower"", ""merge_caused_misses"": ""lower"", ""split_trips"": ""lower"", ""total_fleet_workload_min"": ""lower"", ""unique_population_reached_by_deadline_rate"": ""higher"", ""unserved_genuine_incidents"": ""lower""}"
3010,product_cij,51,0.02281822052,9.24137931,0.2396820122,1,1,1,35,4.1.0,test:3000-3039,a7c7a3f7ea63e57f1d98bd42f21c02aa04a69eaa37c824584a2be65f00f2d7e1,"{""numpy"": ""2.0.2"", ""pandas"": ""2.2.2"", ""python-louvain"": ""0.16"", ""scikit-learn"": ""1.6.1"", ""scipy"": ""1.16.3""}","{""additive"": {""calibration_objective"": 0.024220283682757516, ""knn"": 8, ""q"": 0.95}, ""error_model"": ""conservative-v1"", ""product"": {""knn"": 8, ""resolution"": 1.2, ""sigma_geo_m"": 900.0, ""tau_temp_min"": 60.0, ""threshold_quantile"": 0.95, ""track"": ""operational_label_free""}}","{""arrival_equity_gap_min"": ""lower"", ""boat_workload_cv"": ""lower"", ""cvar90_arrival_min"": ""lower"", ""deadline_miss_rate"": ""lower"", ""duplicate_dispatches"": ""lower"", ""fake_dispatches"": ""lower"", ""latent_harm"": ""lower"", ""max_arrival_min"": ""lower"", ""mean_arrival_min"": ""lower"", ""merge_caused_misses"": ""lower"", ""split_trips"": ""lower"", ""total_fleet_workload_min"": ""lower"", ""unique_population_reached_by_deadline_rate"": ""higher"", ""unserved_genuine_incidents"": ""lower""}"
3010,additive_cij_matched_density,40,0.02351152466,9.522167488,0.5360960037,1,1,1,24,4.1.0,test:3000-3039,a7c7a3f7ea63e57f1d98bd42f21c02aa04a69eaa37c824584a2be65f00f2d7e1,"{""numpy"": ""2.0.2"", ""pandas"": ""2.2.2"", ""python-louvain"": ""0.16"", ""scikit-learn"": ""1.6.1"", ""scipy"": ""1.16.3""}","{""additive"": {""calibration_objective"": 0.024220283682757516, ""knn"": 8, ""q"": 0.95}, ""error_model"": ""conservative-v1"", ""product"": {""knn"": 8, ""resolution"": 1.2, ""sigma_geo_m"": 900.0, ""tau_temp_min"": 60.0, ""threshold_quantile"": 0.95, ""track"": ""operational_label_free""}}","{""arrival_equity_gap_min"": ""lower"", ""boat_workload_cv"": ""lower"", ""cvar90_arrival_min"": ""lower"", ""deadline_miss_rate"": ""lower"", ""duplicate_dispatches"": ""lower"", ""fake_dispatches"": ""lower"", ""latent_harm"": ""lower"", ""max_arrival_min"": ""lower"", ""mean_arrival_min"": ""lower"", ""merge_caused_misses"": ""lower"", ""split_trips"": ""lower"", ""total_fleet_workload_min"": ""lower"", ""unique_population_reached_by_deadline_rate"": ""higher"", ""unserved_genuine_incidents"": ""lower""}"
3010,oracle,16,,,,0,0,0,0,4.1.0,test:3000-3039,a7c7a3f7ea63e57f1d98bd42f21c02aa04a69eaa37c824584a2be65f00f2d7e1,"{""numpy"": ""2.0.2"", ""pandas"": ""2.2.2"", ""python-louvain"": ""0.16"", ""scikit-learn"": ""1.6.1"", ""scipy"": ""1.16.3""}","{""additive"": {""calibration_objective"": 0.024220283682757516, ""knn"": 8, ""q"": 0.95}, ""error_model"": ""conservative-v1"", ""product"": {""knn"": 8, ""resolution"": 1.2, ""sigma_geo_m"": 900.0, ""tau_temp_min"": 60.0, ""threshold_quantile"": 0.95, ""track"": ""operational_label_free""}}","{""arrival_equity_gap_min"": ""lower"", ""boat_workload_cv"": ""lower"", ""cvar90_arrival_min"": ""lower"", ""deadline_miss_rate"": ""lower"", ""duplicate_dispatches"": ""lower"", ""fake_dispatches"": ""lower"", ""latent_harm"": ""lower"", ""max_arrival_min"": ""lower"", ""mean_arrival_min"": ""lower"", ""merge_caused_misses"": ""lower"", ""split_trips"": ""lower"", ""total_fleet_workload_min"": ""lower"", ""unique_population_reached_by_deadline_rate"": ""higher"", ""unserved_genuine_incidents"": ""lower""}"
3011,product_cij,51,0.02309549774,9.053435115,0.2893790266,1,1,1,35,4.1.0,test:3000-3039,a7c7a3f7ea63e57f1d98bd42f21c02aa04a69eaa37c824584a2be65f00f2d7e1,"{""numpy"": ""2.0.2"", ""pandas"": ""2.2.2"", ""python-louvain"": ""0.16"", ""scikit-learn"": ""1.6.1"", ""scipy"": ""1.16.3""}","{""additive"": {""calibration_objective"": 0.024220283682757516, ""knn"": 8, ""q"": 0.95}, ""error_model"": ""conservative-v1"", ""product"": {""knn"": 8, ""resolution"": 1.2, ""sigma_geo_m"": 900.0, ""tau_temp_min"": 60.0, ""threshold_quantile"": 0.95, ""track"": ""operational_label_free""}}","{""arrival_equity_gap_min"": ""lower"", ""boat_workload_cv"": ""lower"", ""cvar90_arrival_min"": ""lower"", ""deadline_miss_rate"": ""lower"", ""duplicate_dispatches"": ""lower"", ""fake_dispatches"": ""lower"", ""latent_harm"": ""lower"", ""max_arrival_min"": ""lower"", ""mean_arrival_min"": ""lower"", ""merge_caused_misses"": ""lower"", ""split_trips"": ""lower"", ""total_fleet_workload_min"": ""lower"", ""unique_population_reached_by_deadline_rate"": ""higher"", ""unserved_genuine_incidents"": ""lower""}"
3011,additive_cij_matched_density,44,0.02351093109,9.216284987,0.5542117614,1,1,1,28,4.1.0,test:3000-3039,a7c7a3f7ea63e57f1d98bd42f21c02aa04a69eaa37c824584a2be65f00f2d7e1,"{""numpy"": ""2.0.2"", ""pandas"": ""2.2.2"", ""python-louvain"": ""0.16"", ""scikit-learn"": ""1.6.1"", ""scipy"": ""1.16.3""}","{""additive"": {""calibration_objective"": 0.024220283682757516, ""knn"": 8, ""q"": 0.95}, ""error_model"": ""conservative-v1"", ""product"": {""knn"": 8, ""resolution"": 1.2, ""sigma_geo_m"": 900.0, ""tau_temp_min"": 60.0, ""threshold_quantile"": 0.95, ""track"": ""operational_label_free""}}","{""arrival_equity_gap_min"": ""lower"", ""boat_workload_cv"": ""lower"", ""cvar90_arrival_min"": ""lower"", ""deadline_miss_rate"": ""lower"", ""duplicate_dispatches"": ""lower"", ""fake_dispatches"": ""lower"", ""latent_harm"": ""lower"", ""max_arrival_min"": ""lower"", ""mean_arrival_min"": ""lower"", ""merge_caused_misses"": ""lower"", ""split_trips"": ""lower"", ""total_fleet_workload_min"": ""lower"", ""unique_population_reached_by_deadline_rate"": ""higher"", ""unserved_genuine_incidents"": ""lower""}"
3011,oracle,16,,,,0,0,0,0,4.1.0,test:3000-3039,a7c7a3f7ea63e57f1d98bd42f21c02aa04a69eaa37c824584a2be65f00f2d7e1,"{""numpy"": ""2.0.2"", ""pandas"": ""2.2.2"", ""python-louvain"": ""0.16"", ""scikit-learn"": ""1.6.1"", ""scipy"": ""1.16.3""}","{""additive"": {""calibration_objective"": 0.024220283682757516, ""knn"": 8, ""q"": 0.95}, ""error_model"": ""conservative-v1"", ""product"": {""knn"": 8, ""resolution"": 1.2, ""sigma_geo_m"": 900.0, ""tau_temp_min"": 60.0, ""threshold_quantile"": 0.95, ""track"": ""operational_label_free""}}","{""arrival_equity_gap_min"": ""lower"", ""boat_workload_cv"": ""lower"", ""cvar90_arrival_min"": ""lower"", ""deadline_miss_rate"": ""lower"", ""duplicate_dispatches"": ""lower"", ""fake_dispatches"": ""lower"", ""latent_harm"": ""lower"", ""max_arrival_min"": ""lower"", ""mean_arrival_min"": ""lower"", ""merge_caused_misses"": ""lower"", ""split_trips"": ""lower"", ""total_fleet_workload_min"": ""lower"", ""unique_population_reached_by_deadline_rate"": ""higher"", ""unserved_genuine_incidents"": ""lower""}"
3012,product_cij,52,0.02339990772,9.102564103,0.2922830689,3,4,2,34,4.1.0,test:3000-3039,a7c7a3f7ea63e57f1d98bd42f21c02aa04a69eaa37c824584a2be65f00f2d7e1,"{""numpy"": ""2.0.2"", ""pandas"": ""2.2.2"", ""python-louvain"": ""0.16"", ""scikit-learn"": ""1.6.1"", ""scipy"": ""1.16.3""}","{""additive"": {""calibration_objective"": 0.024220283682757516, ""knn"": 8, ""q"": 0.95}, ""error_model"": ""conservative-v1"", ""product"": {""knn"": 8, ""resolution"": 1.2, ""sigma_geo_m"": 900.0, ""tau_temp_min"": 60.0, ""threshold_quantile"": 0.95, ""track"": ""operational_label_free""}}","{""arrival_equity_gap_min"": ""lower"", ""boat_workload_cv"": ""lower"", ""cvar90_arrival_min"": ""lower"", ""deadline_miss_rate"": ""lower"", ""duplicate_dispatches"": ""lower"", ""fake_dispatches"": ""lower"", ""latent_harm"": ""lower"", ""max_arrival_min"": ""lower"", ""mean_arrival_min"": ""lower"", ""merge_caused_misses"": ""lower"", ""split_trips"": ""lower"", ""total_fleet_workload_min"": ""lower"", ""unique_population_reached_by_deadline_rate"": ""higher"", ""unserved_genuine_incidents"": ""lower""}"
3012,additive_cij_matched_density,43,0.0240722431,9.364102564,0.5588459097,3,5,5,27,4.1.0,test:3000-3039,a7c7a3f7ea63e57f1d98bd42f21c02aa04a69eaa37c824584a2be65f00f2d7e1,"{""numpy"": ""2.0.2"", ""pandas"": ""2.2.2"", ""python-louvain"": ""0.16"", ""scikit-learn"": ""1.6.1"", ""scipy"": ""1.16.3""}","{""additive"": {""calibration_objective"": 0.024220283682757516, ""knn"": 8, ""q"": 0.95}, ""error_model"": ""conservative-v1"", ""product"": {""knn"": 8, ""resolution"": 1.2, ""sigma_geo_m"": 900.0, ""tau_temp_min"": 60.0, ""threshold_quantile"": 0.95, ""track"": ""operational_label_free""}}","{""arrival_equity_gap_min"": ""lower"", ""boat_workload_cv"": ""lower"", ""cvar90_arrival_min"": ""lower"", ""deadline_miss_rate"": ""lower"", ""duplicate_dispatches"": ""lower"", ""fake_dispatches"": ""lower"", ""latent_harm"": ""lower"", ""max_arrival_min"": ""lower"", ""mean_arrival_min"": ""lower"", ""merge_caused_misses"": ""lower"", ""split_trips"": ""lower"", ""total_fleet_workload_min"": ""lower"", ""unique_population_reached_by_deadline_rate"": ""higher"", ""unserved_genuine_incidents"": ""lower""}"
3012,oracle,16,,,,0,0,0,0,4.1.0,test:3000-3039,a7c7a3f7ea63e57f1d98bd42f21c02aa04a69eaa37c824584a2be65f00f2d7e1,"{""numpy"": ""2.0.2"", ""pandas"": ""2.2.2"", ""python-louvain"": ""0.16"", ""scikit-learn"": ""1.6.1"", ""scipy"": ""1.16.3""}","{""additive"": {""calibration_objective"": 0.024220283682757516, ""knn"": 8, ""q"": 0.95}, ""error_model"": ""conservative-v1"", ""product"": {""knn"": 8, ""resolution"": 1.2, ""sigma_geo_m"": 900.0, ""tau_temp_min"": 60.0, ""threshold_quantile"": 0.95, ""track"": ""operational_label_free""}}","{""arrival_equity_gap_min"": ""lower"", ""boat_workload_cv"": ""lower"", ""cvar90_arrival_min"": ""lower"", ""deadline_miss_rate"": ""lower"", ""duplicate_dispatches"": ""lower"", ""fake_dispatches"": ""lower"", ""latent_harm"": ""lower"", ""max_arrival_min"": ""lower"", ""mean_arrival_min"": ""lower"", ""merge_caused_misses"": ""lower"", ""split_trips"": ""lower"", ""total_fleet_workload_min"": ""lower"", ""unique_population_reached_by_deadline_rate"": ""higher"", ""unserved_genuine_incidents"": ""lower""}"
3013,product_cij,50,0.0234440146,8.955613577,0.289264047,1,1,1,34,4.1.0,test:3000-3039,a7c7a3f7ea63e57f1d98bd42f21c02aa04a69eaa37c824584a2be65f00f2d7e1,"{""numpy"": ""2.0.2"", ""pandas"": ""2.2.2"", ""python-louvain"": ""0.16"", ""scikit-learn"": ""1.6.1"", ""scipy"": ""1.16.3""}","{""additive"": {""calibration_objective"": 0.024220283682757516, ""knn"": 8, ""q"": 0.95}, ""error_model"": ""conservative-v1"", ""product"": {""knn"": 8, ""resolution"": 1.2, ""sigma_geo_m"": 900.0, ""tau_temp_min"": 60.0, ""threshold_quantile"": 0.95, ""track"": ""operational_label_free""}}","{""arrival_equity_gap_min"": ""lower"", ""boat_workload_cv"": ""lower"", ""cvar90_arrival_min"": ""lower"", ""deadline_miss_rate"": ""lower"", ""duplicate_dispatches"": ""lower"", ""fake_dispatches"": ""lower"", ""latent_harm"": ""lower"", ""max_arrival_min"": ""lower"", ""mean_arrival_min"": ""lower"", ""merge_caused_misses"": ""lower"", ""split_trips"": ""lower"", ""total_fleet_workload_min"": ""lower"", ""unique_population_reached_by_deadline_rate"": ""higher"", ""unserved_genuine_incidents"": ""lower""}"
3013,additive_cij_matched_density,44,0.02442825311,9.331592689,0.5497133487,2,2,1,27,4.1.0,test:3000-3039,a7c7a3f7ea63e57f1d98bd42f21c02aa04a69eaa37c824584a2be65f00f2d7e1,"{""numpy"": ""2.0.2"", ""pandas"": ""2.2.2"", ""python-louvain"": ""0.16"", ""scikit-learn"": ""1.6.1"", ""scipy"": ""1.16.3""}","{""additive"": {""calibration_objective"": 0.024220283682757516, ""knn"": 8, ""q"": 0.95}, ""error_model"": ""conservative-v1"", ""product"": {""knn"": 8, ""resolution"": 1.2, ""sigma_geo_m"": 900.0, ""tau_temp_min"": 60.0, ""threshold_quantile"": 0.95, ""track"": ""operational_label_free""}}","{""arrival_equity_gap_min"": ""lower"", ""boat_workload_cv"": ""lower"", ""cvar90_arrival_min"": ""lower"", ""deadline_miss_rate"": ""lower"", ""duplicate_dispatches"": ""lower"", ""fake_dispatches"": ""lower"", ""latent_harm"": ""lower"", ""max_arrival_min"": ""lower"", ""mean_arrival_min"": ""lower"", ""merge_caused_misses"": ""lower"", ""split_trips"": ""lower"", ""total_fleet_workload_min"": ""lower"", ""unique_population_reached_by_deadline_rate"": ""higher"", ""unserved_genuine_incidents"": ""lower""}"
3013,oracle,16,,,,0,0,0,0,4.1.0,test:3000-3039,a7c7a3f7ea63e57f1d98bd42f21c02aa04a69eaa37c824584a2be65f00f2d7e1,"{""numpy"": ""2.0.2"", ""pandas"": ""2.2.2"", ""python-louvain"": ""0.16"", ""scikit-learn"": ""1.6.1"", ""scipy"": ""1.16.3""}","{""additive"": {""calibration_objective"": 0.024220283682757516, ""knn"": 8, ""q"": 0.95}, ""error_model"": ""conservative-v1"", ""product"": {""knn"": 8, ""resolution"": 1.2, ""sigma_geo_m"": 900.0, ""tau_temp_min"": 60.0, ""threshold_quantile"": 0.95, ""track"": ""operational_label_free""}}","{""arrival_equity_gap_min"": ""lower"", ""boat_workload_cv"": ""lower"", ""cvar90_arrival_min"": ""lower"", ""deadline_miss_rate"": ""lower"", ""duplicate_dispatches"": ""lower"", ""fake_dispatches"": ""lower"", ""latent_harm"": ""lower"", ""max_arrival_min"": ""lower"", ""mean_arrival_min"": ""lower"", ""merge_caused_misses"": ""lower"", ""split_trips"": ""lower"", ""total_fleet_workload_min"": ""lower"", ""unique_population_reached_by_deadline_rate"": ""higher"", ""unserved_genuine_incidents"": ""lower""}"
3014,product_cij,52,0.02399472643,8.854054054,0.2643711966,2,2,1,35,4.1.0,test:3000-3039,a7c7a3f7ea63e57f1d98bd42f21c02aa04a69eaa37c824584a2be65f00f2d7e1,"{""numpy"": ""2.0.2"", ""pandas"": ""2.2.2"", ""python-louvain"": ""0.16"", ""scikit-learn"": ""1.6.1"", ""scipy"": ""1.16.3""}","{""additive"": {""calibration_objective"": 0.024220283682757516, ""knn"": 8, ""q"": 0.95}, ""error_model"": ""conservative-v1"", ""product"": {""knn"": 8, ""resolution"": 1.2, ""sigma_geo_m"": 900.0, ""tau_temp_min"": 60.0, ""threshold_quantile"": 0.95, ""track"": ""operational_label_free""}}","{""arrival_equity_gap_min"": ""lower"", ""boat_workload_cv"": ""lower"", ""cvar90_arrival_min"": ""lower"", ""deadline_miss_rate"": ""lower"", ""duplicate_dispatches"": ""lower"", ""fake_dispatches"": ""lower"", ""latent_harm"": ""lower"", ""max_arrival_min"": ""lower"", ""mean_arrival_min"": ""lower"", ""merge_caused_misses"": ""lower"", ""split_trips"": ""lower"", ""total_fleet_workload_min"": ""lower"", ""unique_population_reached_by_deadline_rate"": ""higher"", ""unserved_genuine_incidents"": ""lower""}"
3014,additive_cij_matched_density,44,0.02496154691,9.210810811,0.5442240059,1,1,1,28,4.1.0,test:3000-3039,a7c7a3f7ea63e57f1d98bd42f21c02aa04a69eaa37c824584a2be65f00f2d7e1,"{""numpy"": ""2.0.2"", ""pandas"": ""2.2.2"", ""python-louvain"": ""0.16"", ""scikit-learn"": ""1.6.1"", ""scipy"": ""1.16.3""}","{""additive"": {""calibration_objective"": 0.024220283682757516, ""knn"": 8, ""q"": 0.95}, ""error_model"": ""conservative-v1"", ""product"": {""knn"": 8, ""resolution"": 1.2, ""sigma_geo_m"": 900.0, ""tau_temp_min"": 60.0, ""threshold_quantile"": 0.95, ""track"": ""operational_label_free""}}","{""arrival_equity_gap_min"": ""lower"", ""boat_workload_cv"": ""lower"", ""cvar90_arrival_min"": ""lower"", ""deadline_miss_rate"": ""lower"", ""duplicate_dispatches"": ""lower"", ""fake_dispatches"": ""lower"", ""latent_harm"": ""lower"", ""max_arrival_min"": ""lower"", ""mean_arrival_min"": ""lower"", ""merge_caused_misses"": ""lower"", ""split_trips"": ""lower"", ""total_fleet_workload_min"": ""lower"", ""unique_population_reached_by_deadline_rate"": ""higher"", ""unserved_genuine_incidents"": ""lower""}"
3014,oracle,16,,,,0,0,0,0,4.1.0,test:3000-3039,a7c7a3f7ea63e57f1d98bd42f21c02aa04a69eaa37c824584a2be65f00f2d7e1,"{""numpy"": ""2.0.2"", ""pandas"": ""2.2.2"", ""python-louvain"": ""0.16"", ""scikit-learn"": ""1.6.1"", ""scipy"": ""1.16.3""}","{""additive"": {""calibration_objective"": 0.024220283682757516, ""knn"": 8, ""q"": 0.95}, ""error_model"": ""conservative-v1"", ""product"": {""knn"": 8, ""resolution"": 1.2, ""sigma_geo_m"": 900.0, ""tau_temp_min"": 60.0, ""threshold_quantile"": 0.95, ""track"": ""operational_label_free""}}","{""arrival_equity_gap_min"": ""lower"", ""boat_workload_cv"": ""lower"", ""cvar90_arrival_min"": ""lower"", ""deadline_miss_rate"": ""lower"", ""duplicate_dispatches"": ""lower"", ""fake_dispatches"": ""lower"", ""latent_harm"": ""lower"", ""max_arrival_min"": ""lower"", ""mean_arrival_min"": ""lower"", ""merge_caused_misses"": ""lower"", ""split_trips"": ""lower"", ""total_fleet_workload_min"": ""lower"", ""unique_population_reached_by_deadline_rate"": ""higher"", ""unserved_genuine_incidents"": ""lower""}"
3015,product_cij,53,0.0236732964,8.593406593,0.2733811439,2,3,1,35,4.1.0,test:3000-3039,a7c7a3f7ea63e57f1d98bd42f21c02aa04a69eaa37c824584a2be65f00f2d7e1,"{""numpy"": ""2.0.2"", ""pandas"": ""2.2.2"", ""python-louvain"": ""0.16"", ""scikit-learn"": ""1.6.1"", ""scipy"": ""1.16.3""}","{""additive"": {""calibration_objective"": 0.024220283682757516, ""knn"": 8, ""q"": 0.95}, ""error_model"": ""conservative-v1"", ""product"": {""knn"": 8, ""resolution"": 1.2, ""sigma_geo_m"": 900.0, ""tau_temp_min"": 60.0, ""threshold_quantile"": 0.95, ""track"": ""operational_label_free""}}","{""arrival_equity_gap_min"": ""lower"", ""boat_workload_cv"": ""lower"", ""cvar90_arrival_min"": ""lower"", ""deadline_miss_rate"": ""lower"", ""duplicate_dispatches"": ""lower"", ""fake_dispatches"": ""lower"", ""latent_harm"": ""lower"", ""max_arrival_min"": ""lower"", ""mean_arrival_min"": ""lower"", ""merge_caused_misses"": ""lower"", ""split_trips"": ""lower"", ""total_fleet_workload_min"": ""lower"", ""unique_population_reached_by_deadline_rate"": ""higher"", ""unserved_genuine_incidents"": ""lower""}"
3015,additive_cij_matched_density,38,0.02462688826,8.93956044,0.5439401808,2,2,1,21,4.1.0,test:3000-3039,a7c7a3f7ea63e57f1d98bd42f21c02aa04a69eaa37c824584a2be65f00f2d7e1,"{""numpy"": ""2.0.2"", ""pandas"": ""2.2.2"", ""python-louvain"": ""0.16"", ""scikit-learn"": ""1.6.1"", ""scipy"": ""1.16.3""}","{""additive"": {""calibration_objective"": 0.024220283682757516, ""knn"": 8, ""q"": 0.95}, ""error_model"": ""conservative-v1"", ""product"": {""knn"": 8, ""resolution"": 1.2, ""sigma_geo_m"": 900.0, ""tau_temp_min"": 60.0, ""threshold_quantile"": 0.95, ""track"": ""operational_label_free""}}","{""arrival_equity_gap_min"": ""lower"", ""boat_workload_cv"": ""lower"", ""cvar90_arrival_min"": ""lower"", ""deadline_miss_rate"": ""lower"", ""duplicate_dispatches"": ""lower"", ""fake_dispatches"": ""lower"", ""latent_harm"": ""lower"", ""max_arrival_min"": ""lower"", ""mean_arrival_min"": ""lower"", ""merge_caused_misses"": ""lower"", ""split_trips"": ""lower"", ""total_fleet_workload_min"": ""lower"", ""unique_population_reached_by_deadline_rate"": ""higher"", ""unserved_genuine_incidents"": ""lower""}"
3015,oracle,16,,,,0,0,0,0,4.1.0,test:3000-3039,a7c7a3f7ea63e57f1d98bd42f21c02aa04a69eaa37c824584a2be65f00f2d7e1,"{""numpy"": ""2.0.2"", ""pandas"": ""2.2.2"", ""python-louvain"": ""0.16"", ""scikit-learn"": ""1.6.1"", ""scipy"": ""1.16.3""}","{""additive"": {""calibration_objective"": 0.024220283682757516, ""knn"": 8, ""q"": 0.95}, ""error_model"": ""conservative-v1"", ""product"": {""knn"": 8, ""resolution"": 1.2, ""sigma_geo_m"": 900.0, ""tau_temp_min"": 60.0, ""threshold_quantile"": 0.95, ""track"": ""operational_label_free""}}","{""arrival_equity_gap_min"": ""lower"", ""boat_workload_cv"": ""lower"", ""cvar90_arrival_min"": ""lower"", ""deadline_miss_rate"": ""lower"", ""duplicate_dispatches"": ""lower"", ""fake_dispatches"": ""lower"", ""latent_harm"": ""lower"", ""max_arrival_min"": ""lower"", ""mean_arrival_min"": ""lower"", ""merge_caused_misses"": ""lower"", ""split_trips"": ""lower"", ""total_fleet_workload_min"": ""lower"", ""unique_population_reached_by_deadline_rate"": ""higher"", ""unserved_genuine_incidents"": ""lower""}"
3016,product_cij,52,0.02453805036,8.980926431,0.3091131643,2,2,1,35,4.1.0,test:3000-3039,a7c7a3f7ea63e57f1d98bd42f21c02aa04a69eaa37c824584a2be65f00f2d7e1,"{""numpy"": ""2.0.2"", ""pandas"": ""2.2.2"", ""python-louvain"": ""0.16"", ""scikit-learn"": ""1.6.1"", ""scipy"": ""1.16.3""}","{""additive"": {""calibration_objective"": 0.024220283682757516, ""knn"": 8, ""q"": 0.95}, ""error_model"": ""conservative-v1"", ""product"": {""knn"": 8, ""resolution"": 1.2, ""sigma_geo_m"": 900.0, ""tau_temp_min"": 60.0, ""threshold_quantile"": 0.95, ""track"": ""operational_label_free""}}","{""arrival_equity_gap_min"": ""lower"", ""boat_workload_cv"": ""lower"", ""cvar90_arrival_min"": ""lower"", ""deadline_miss_rate"": ""lower"", ""duplicate_dispatches"": ""lower"", ""fake_dispatches"": ""lower"", ""latent_harm"": ""lower"", ""max_arrival_min"": ""lower"", ""mean_arrival_min"": ""lower"", ""merge_caused_misses"": ""lower"", ""split_trips"": ""lower"", ""total_fleet_workload_min"": ""lower"", ""unique_population_reached_by_deadline_rate"": ""higher"", ""unserved_genuine_incidents"": ""lower""}"
3016,additive_cij_matched_density,42,0.02529741963,9.258855586,0.561455692,1,1,1,26,4.1.0,test:3000-3039,a7c7a3f7ea63e57f1d98bd42f21c02aa04a69eaa37c824584a2be65f00f2d7e1,"{""numpy"": ""2.0.2"", ""pandas"": ""2.2.2"", ""python-louvain"": ""0.16"", ""scikit-learn"": ""1.6.1"", ""scipy"": ""1.16.3""}","{""additive"": {""calibration_objective"": 0.024220283682757516, ""knn"": 8, ""q"": 0.95}, ""error_model"": ""conservative-v1"", ""product"": {""knn"": 8, ""resolution"": 1.2, ""sigma_geo_m"": 900.0, ""tau_temp_min"": 60.0, ""threshold_quantile"": 0.95, ""track"": ""operational_label_free""}}","{""arrival_equity_gap_min"": ""lower"", ""boat_workload_cv"": ""lower"", ""cvar90_arrival_min"": ""lower"", ""deadline_miss_rate"": ""lower"", ""duplicate_dispatches"": ""lower"", ""fake_dispatches"": ""lower"", ""latent_harm"": ""lower"", ""max_arrival_min"": ""lower"", ""mean_arrival_min"": ""lower"", ""merge_caused_misses"": ""lower"", ""split_trips"": ""lower"", ""total_fleet_workload_min"": ""lower"", ""unique_population_reached_by_deadline_rate"": ""higher"", ""unserved_genuine_incidents"": ""lower""}"
3016,oracle,16,,,,0,0,0,0,4.1.0,test:3000-3039,a7c7a3f7ea63e57f1d98bd42f21c02aa04a69eaa37c824584a2be65f00f2d7e1,"{""numpy"": ""2.0.2"", ""pandas"": ""2.2.2"", ""python-louvain"": ""0.16"", ""scikit-learn"": ""1.6.1"", ""scipy"": ""1.16.3""}","{""additive"": {""calibration_objective"": 0.024220283682757516, ""knn"": 8, ""q"": 0.95}, ""error_model"": ""conservative-v1"", ""product"": {""knn"": 8, ""resolution"": 1.2, ""sigma_geo_m"": 900.0, ""tau_temp_min"": 60.0, ""threshold_quantile"": 0.95, ""track"": ""operational_label_free""}}","{""arrival_equity_gap_min"": ""lower"", ""boat_workload_cv"": ""lower"", ""cvar90_arrival_min"": ""lower"", ""deadline_miss_rate"": ""lower"", ""duplicate_dispatches"": ""lower"", ""fake_dispatches"": ""lower"", ""latent_harm"": ""lower"", ""max_arrival_min"": ""lower"", ""mean_arrival_min"": ""lower"", ""merge_caused_misses"": ""lower"", ""split_trips"": ""lower"", ""total_fleet_workload_min"": ""lower"", ""unique_population_reached_by_deadline_rate"": ""higher"", ""unserved_genuine_incidents"": ""lower""}"
3017,product_cij,52,0.02421390374,9.056,0.300353311,2,2,1,35,4.1.0,test:3000-3039,a7c7a3f7ea63e57f1d98bd42f21c02aa04a69eaa37c824584a2be65f00f2d7e1,"{""numpy"": ""2.0.2"", ""pandas"": ""2.2.2"", ""python-louvain"": ""0.16"", ""scikit-learn"": ""1.6.1"", ""scipy"": ""1.16.3""}","{""additive"": {""calibration_objective"": 0.024220283682757516, ""knn"": 8, ""q"": 0.95}, ""error_model"": ""conservative-v1"", ""product"": {""knn"": 8, ""resolution"": 1.2, ""sigma_geo_m"": 900.0, ""tau_temp_min"": 60.0, ""threshold_quantile"": 0.95, ""track"": ""operational_label_free""}}","{""arrival_equity_gap_min"": ""lower"", ""boat_workload_cv"": ""lower"", ""cvar90_arrival_min"": ""lower"", ""deadline_miss_rate"": ""lower"", ""duplicate_dispatches"": ""lower"", ""fake_dispatches"": ""lower"", ""latent_harm"": ""lower"", ""max_arrival_min"": ""lower"", ""mean_arrival_min"": ""lower"", ""merge_caused_misses"": ""lower"", ""split_trips"": ""lower"", ""total_fleet_workload_min"": ""lower"", ""unique_population_reached_by_deadline_rate"": ""higher"", ""unserved_genuine_incidents"": ""lower""}"
3017,additive_cij_matched_density,47,0.02485561497,9.296,0.5589001388,1,1,1,31,4.1.0,test:3000-3039,a7c7a3f7ea63e57f1d98bd42f21c02aa04a69eaa37c824584a2be65f00f2d7e1,"{""numpy"": ""2.0.2"", ""pandas"": ""2.2.2"", ""python-louvain"": ""0.16"", ""scikit-learn"": ""1.6.1"", ""scipy"": ""1.16.3""}","{""additive"": {""calibration_objective"": 0.024220283682757516, ""knn"": 8, ""q"": 0.95}, ""error_model"": ""conservative-v1"", ""product"": {""knn"": 8, ""resolution"": 1.2, ""sigma_geo_m"": 900.0, ""tau_temp_min"": 60.0, ""threshold_quantile"": 0.95, ""track"": ""operational_label_free""}}","{""arrival_equity_gap_min"": ""lower"", ""boat_workload_cv"": ""lower"", ""cvar90_arrival_min"": ""lower"", ""deadline_miss_rate"": ""lower"", ""duplicate_dispatches"": ""lower"", ""fake_dispatches"": ""lower"", ""latent_harm"": ""lower"", ""max_arrival_min"": ""lower"", ""mean_arrival_min"": ""lower"", ""merge_caused_misses"": ""lower"", ""split_trips"": ""lower"", ""total_fleet_workload_min"": ""lower"", ""unique_population_reached_by_deadline_rate"": ""higher"", ""unserved_genuine_incidents"": ""lower""}"
3017,oracle,16,,,,0,0,0,0,4.1.0,test:3000-3039,a7c7a3f7ea63e57f1d98bd42f21c02aa04a69eaa37c824584a2be65f00f2d7e1,"{""numpy"": ""2.0.2"", ""pandas"": ""2.2.2"", ""python-louvain"": ""0.16"", ""scikit-learn"": ""1.6.1"", ""scipy"": ""1.16.3""}","{""additive"": {""calibration_objective"": 0.024220283682757516, ""knn"": 8, ""q"": 0.95}, ""error_model"": ""conservative-v1"", ""product"": {""knn"": 8, ""resolution"": 1.2, ""sigma_geo_m"": 900.0, ""tau_temp_min"": 60.0, ""threshold_quantile"": 0.95, ""track"": ""operational_label_free""}}","{""arrival_equity_gap_min"": ""lower"", ""boat_workload_cv"": ""lower"", ""cvar90_arrival_min"": ""lower"", ""deadline_miss_rate"": ""lower"", ""duplicate_dispatches"": ""lower"", ""fake_dispatches"": ""lower"", ""latent_harm"": ""lower"", ""max_arrival_min"": ""lower"", ""mean_arrival_min"": ""lower"", ""merge_caused_misses"": ""lower"", ""split_trips"": ""lower"", ""total_fleet_workload_min"": ""lower"", ""unique_population_reached_by_deadline_rate"": ""higher"", ""unserved_genuine_incidents"": ""lower""}"
3018,product_cij,52,0.02430466134,8.555240793,0.2900733015,3,3,2,35,4.1.0,test:3000-3039,a7c7a3f7ea63e57f1d98bd42f21c02aa04a69eaa37c824584a2be65f00f2d7e1,"{""numpy"": ""2.0.2"", ""pandas"": ""2.2.2"", ""python-louvain"": ""0.16"", ""scikit-learn"": ""1.6.1"", ""scipy"": ""1.16.3""}","{""additive"": {""calibration_objective"": 0.024220283682757516, ""knn"": 8, ""q"": 0.95}, ""error_model"": ""conservative-v1"", ""product"": {""knn"": 8, ""resolution"": 1.2, ""sigma_geo_m"": 900.0, ""tau_temp_min"": 60.0, ""threshold_quantile"": 0.95, ""track"": ""operational_label_free""}}","{""arrival_equity_gap_min"": ""lower"", ""boat_workload_cv"": ""lower"", ""cvar90_arrival_min"": ""lower"", ""deadline_miss_rate"": ""lower"", ""duplicate_dispatches"": ""lower"", ""fake_dispatches"": ""lower"", ""latent_harm"": ""lower"", ""max_arrival_min"": ""lower"", ""mean_arrival_min"": ""lower"", ""merge_caused_misses"": ""lower"", ""split_trips"": ""lower"", ""total_fleet_workload_min"": ""lower"", ""unique_population_reached_by_deadline_rate"": ""higher"", ""unserved_genuine_incidents"": ""lower""}"
3018,additive_cij_matched_density,43,0.0254474633,8.957507082,0.5527564417,2,2,2,27,4.1.0,test:3000-3039,a7c7a3f7ea63e57f1d98bd42f21c02aa04a69eaa37c824584a2be65f00f2d7e1,"{""numpy"": ""2.0.2"", ""pandas"": ""2.2.2"", ""python-louvain"": ""0.16"", ""scikit-learn"": ""1.6.1"", ""scipy"": ""1.16.3""}","{""additive"": {""calibration_objective"": 0.024220283682757516, ""knn"": 8, ""q"": 0.95}, ""error_model"": ""conservative-v1"", ""product"": {""knn"": 8, ""resolution"": 1.2, ""sigma_geo_m"": 900.0, ""tau_temp_min"": 60.0, ""threshold_quantile"": 0.95, ""track"": ""operational_label_free""}}","{""arrival_equity_gap_min"": ""lower"", ""boat_workload_cv"": ""lower"", ""cvar90_arrival_min"": ""lower"", ""deadline_miss_rate"": ""lower"", ""duplicate_dispatches"": ""lower"", ""fake_dispatches"": ""lower"", ""latent_harm"": ""lower"", ""max_arrival_min"": ""lower"", ""mean_arrival_min"": ""lower"", ""merge_caused_misses"": ""lower"", ""split_trips"": ""lower"", ""total_fleet_workload_min"": ""lower"", ""unique_population_reached_by_deadline_rate"": ""higher"", ""unserved_genuine_incidents"": ""lower""}"
3018,oracle,16,,,,0,0,0,0,4.1.0,test:3000-3039,a7c7a3f7ea63e57f1d98bd42f21c02aa04a69eaa37c824584a2be65f00f2d7e1,"{""numpy"": ""2.0.2"", ""pandas"": ""2.2.2"", ""python-louvain"": ""0.16"", ""scikit-learn"": ""1.6.1"", ""scipy"": ""1.16.3""}","{""additive"": {""calibration_objective"": 0.024220283682757516, ""knn"": 8, ""q"": 0.95}, ""error_model"": ""conservative-v1"", ""product"": {""knn"": 8, ""resolution"": 1.2, ""sigma_geo_m"": 900.0, ""tau_temp_min"": 60.0, ""threshold_quantile"": 0.95, ""track"": ""operational_label_free""}}","{""arrival_equity_gap_min"": ""lower"", ""boat_workload_cv"": ""lower"", ""cvar90_arrival_min"": ""lower"", ""deadline_miss_rate"": ""lower"", ""duplicate_dispatches"": ""lower"", ""fake_dispatches"": ""lower"", ""latent_harm"": ""lower"", ""max_arrival_min"": ""lower"", ""mean_arrival_min"": ""lower"", ""merge_caused_misses"": ""lower"", ""split_trips"": ""lower"", ""total_fleet_workload_min"": ""lower"", ""unique_population_reached_by_deadline_rate"": ""higher"", ""unserved_genuine_incidents"": ""lower""}"
3019,product_cij,52,0.02445115413,9.193633952,0.2840256201,2,2,1,35,4.1.0,test:3000-3039,a7c7a3f7ea63e57f1d98bd42f21c02aa04a69eaa37c824584a2be65f00f2d7e1,"{""numpy"": ""2.0.2"", ""pandas"": ""2.2.2"", ""python-louvain"": ""0.16"", ""scikit-learn"": ""1.6.1"", ""scipy"": ""1.16.3""}","{""additive"": {""calibration_objective"": 0.024220283682757516, ""knn"": 8, ""q"": 0.95}, ""error_model"": ""conservative-v1"", ""product"": {""knn"": 8, ""resolution"": 1.2, ""sigma_geo_m"": 900.0, ""tau_temp_min"": 60.0, ""threshold_quantile"": 0.95, ""track"": ""operational_label_free""}}","{""arrival_equity_gap_min"": ""lower"", ""boat_workload_cv"": ""lower"", ""cvar90_arrival_min"": ""lower"", ""deadline_miss_rate"": ""lower"", ""duplicate_dispatches"": ""lower"", ""fake_dispatches"": ""lower"", ""latent_harm"": ""lower"", ""max_arrival_min"": ""lower"", ""mean_arrival_min"": ""lower"", ""merge_caused_misses"": ""lower"", ""split_trips"": ""lower"", ""total_fleet_workload_min"": ""lower"", ""unique_population_reached_by_deadline_rate"": ""higher"", ""unserved_genuine_incidents"": ""lower""}"
3019,additive_cij_matched_density,45,0.02477566454,9.315649867,0.552876467,1,1,1,29,4.1.0,test:3000-3039,a7c7a3f7ea63e57f1d98bd42f21c02aa04a69eaa37c824584a2be65f00f2d7e1,"{""numpy"": ""2.0.2"", ""pandas"": ""2.2.2"", ""python-louvain"": ""0.16"", ""scikit-learn"": ""1.6.1"", ""scipy"": ""1.16.3""}","{""additive"": {""calibration_objective"": 0.024220283682757516, ""knn"": 8, ""q"": 0.95}, ""error_model"": ""conservative-v1"", ""product"": {""knn"": 8, ""resolution"": 1.2, ""sigma_geo_m"": 900.0, ""tau_temp_min"": 60.0, ""threshold_quantile"": 0.95, ""track"": ""operational_label_free""}}","{""arrival_equity_gap_min"": ""lower"", ""boat_workload_cv"": ""lower"", ""cvar90_arrival_min"": ""lower"", ""deadline_miss_rate"": ""lower"", ""duplicate_dispatches"": ""lower"", ""fake_dispatches"": ""lower"", ""latent_harm"": ""lower"", ""max_arrival_min"": ""lower"", ""mean_arrival_min"": ""lower"", ""merge_caused_misses"": ""lower"", ""split_trips"": ""lower"", ""total_fleet_workload_min"": ""lower"", ""unique_population_reached_by_deadline_rate"": ""higher"", ""unserved_genuine_incidents"": ""lower""}"
3019,oracle,16,,,,0,0,0,0,4.1.0,test:3000-3039,a7c7a3f7ea63e57f1d98bd42f21c02aa04a69eaa37c824584a2be65f00f2d7e1,"{""numpy"": ""2.0.2"", ""pandas"": ""2.2.2"", ""python-louvain"": ""0.16"", ""scikit-learn"": ""1.6.1"", ""scipy"": ""1.16.3""}","{""additive"": {""calibration_objective"": 0.024220283682757516, ""knn"": 8, ""q"": 0.95}, ""error_model"": ""conservative-v1"", ""product"": {""knn"": 8, ""resolution"": 1.2, ""sigma_geo_m"": 900.0, ""tau_temp_min"": 60.0, ""threshold_quantile"": 0.95, ""track"": ""operational_label_free""}}","{""arrival_equity_gap_min"": ""lower"", ""boat_workload_cv"": ""lower"", ""cvar90_arrival_min"": ""lower"", ""deadline_miss_rate"": ""lower"", ""duplicate_dispatches"": ""lower"", ""fake_dispatches"": ""lower"", ""latent_harm"": ""lower"", ""max_arrival_min"": ""lower"", ""mean_arrival_min"": ""lower"", ""merge_caused_misses"": ""lower"", ""split_trips"": ""lower"", ""total_fleet_workload_min"": ""lower"", ""unique_population_reached_by_deadline_rate"": ""higher"", ""unserved_genuine_incidents"": ""lower""}"
3020,product_cij,52,0.02523956642,8.530973451,0.3293987918,3,3,2,35,4.1.0,test:3000-3039,a7c7a3f7ea63e57f1d98bd42f21c02aa04a69eaa37c824584a2be65f00f2d7e1,"{""numpy"": ""2.0.2"", ""pandas"": ""2.2.2"", ""python-louvain"": ""0.16"", ""scikit-learn"": ""1.6.1"", ""scipy"": ""1.16.3""}","{""additive"": {""calibration_objective"": 0.024220283682757516, ""knn"": 8, ""q"": 0.95}, ""error_model"": ""conservative-v1"", ""product"": {""knn"": 8, ""resolution"": 1.2, ""sigma_geo_m"": 900.0, ""tau_temp_min"": 60.0, ""threshold_quantile"": 0.95, ""track"": ""operational_label_free""}}","{""arrival_equity_gap_min"": ""lower"", ""boat_workload_cv"": ""lower"", ""cvar90_arrival_min"": ""lower"", ""deadline_miss_rate"": ""lower"", ""duplicate_dispatches"": ""lower"", ""fake_dispatches"": ""lower"", ""latent_harm"": ""lower"", ""max_arrival_min"": ""lower"", ""mean_arrival_min"": ""lower"", ""merge_caused_misses"": ""lower"", ""split_trips"": ""lower"", ""total_fleet_workload_min"": ""lower"", ""unique_population_reached_by_deadline_rate"": ""higher"", ""unserved_genuine_incidents"": ""lower""}"
3020,additive_cij_matched_density,48,0.02572829938,8.696165192,0.5692706222,2,2,2,32,4.1.0,test:3000-3039,a7c7a3f7ea63e57f1d98bd42f21c02aa04a69eaa37c824584a2be65f00f2d7e1,"{""numpy"": ""2.0.2"", ""pandas"": ""2.2.2"", ""python-louvain"": ""0.16"", ""scikit-learn"": ""1.6.1"", ""scipy"": ""1.16.3""}","{""additive"": {""calibration_objective"": 0.024220283682757516, ""knn"": 8, ""q"": 0.95}, ""error_model"": ""conservative-v1"", ""product"": {""knn"": 8, ""resolution"": 1.2, ""sigma_geo_m"": 900.0, ""tau_temp_min"": 60.0, ""threshold_quantile"": 0.95, ""track"": ""operational_label_free""}}","{""arrival_equity_gap_min"": ""lower"", ""boat_workload_cv"": ""lower"", ""cvar90_arrival_min"": ""lower"", ""deadline_miss_rate"": ""lower"", ""duplicate_dispatches"": ""lower"", ""fake_dispatches"": ""lower"", ""latent_harm"": ""lower"", ""max_arrival_min"": ""lower"", ""mean_arrival_min"": ""lower"", ""merge_caused_misses"": ""lower"", ""split_trips"": ""lower"", ""total_fleet_workload_min"": ""lower"", ""unique_population_reached_by_deadline_rate"": ""higher"", ""unserved_genuine_incidents"": ""lower""}"
3020,oracle,16,,,,0,0,0,0,4.1.0,test:3000-3039,a7c7a3f7ea63e57f1d98bd42f21c02aa04a69eaa37c824584a2be65f00f2d7e1,"{""numpy"": ""2.0.2"", ""pandas"": ""2.2.2"", ""python-louvain"": ""0.16"", ""scikit-learn"": ""1.6.1"", ""scipy"": ""1.16.3""}","{""additive"": {""calibration_objective"": 0.024220283682757516, ""knn"": 8, ""q"": 0.95}, ""error_model"": ""conservative-v1"", ""product"": {""knn"": 8, ""resolution"": 1.2, ""sigma_geo_m"": 900.0, ""tau_temp_min"": 60.0, ""threshold_quantile"": 0.95, ""track"": ""operational_label_free""}}","{""arrival_equity_gap_min"": ""lower"", ""boat_workload_cv"": ""lower"", ""cvar90_arrival_min"": ""lower"", ""deadline_miss_rate"": ""lower"", ""duplicate_dispatches"": ""lower"", ""fake_dispatches"": ""lower"", ""latent_harm"": ""lower"", ""max_arrival_min"": ""lower"", ""mean_arrival_min"": ""lower"", ""merge_caused_misses"": ""lower"", ""split_trips"": ""lower"", ""total_fleet_workload_min"": ""lower"", ""unique_population_reached_by_deadline_rate"": ""higher"", ""unserved_genuine_incidents"": ""lower""}"
3021,product_cij,51,0.02360783225,8.947368421,0.2438965644,2,2,1,34,4.1.0,test:3000-3039,a7c7a3f7ea63e57f1d98bd42f21c02aa04a69eaa37c824584a2be65f00f2d7e1,"{""numpy"": ""2.0.2"", ""pandas"": ""2.2.2"", ""python-louvain"": ""0.16"", ""scikit-learn"": ""1.6.1"", ""scipy"": ""1.16.3""}","{""additive"": {""calibration_objective"": 0.024220283682757516, ""knn"": 8, ""q"": 0.95}, ""error_model"": ""conservative-v1"", ""product"": {""knn"": 8, ""resolution"": 1.2, ""sigma_geo_m"": 900.0, ""tau_temp_min"": 60.0, ""threshold_quantile"": 0.95, ""track"": ""operational_label_free""}}","{""arrival_equity_gap_min"": ""lower"", ""boat_workload_cv"": ""lower"", ""cvar90_arrival_min"": ""lower"", ""deadline_miss_rate"": ""lower"", ""duplicate_dispatches"": ""lower"", ""fake_dispatches"": ""lower"", ""latent_harm"": ""lower"", ""max_arrival_min"": ""lower"", ""mean_arrival_min"": ""lower"", ""merge_caused_misses"": ""lower"", ""split_trips"": ""lower"", ""total_fleet_workload_min"": ""lower"", ""unique_population_reached_by_deadline_rate"": ""higher"", ""unserved_genuine_incidents"": ""lower""}"
3021,additive_cij_matched_density,43,0.02420497153,9.173684211,0.5338693029,2,2,2,27,4.1.0,test:3000-3039,a7c7a3f7ea63e57f1d98bd42f21c02aa04a69eaa37c824584a2be65f00f2d7e1,"{""numpy"": ""2.0.2"", ""pandas"": ""2.2.2"", ""python-louvain"": ""0.16"", ""scikit-learn"": ""1.6.1"", ""scipy"": ""1.16.3""}","{""additive"": {""calibration_objective"": 0.024220283682757516, ""knn"": 8, ""q"": 0.95}, ""error_model"": ""conservative-v1"", ""product"": {""knn"": 8, ""resolution"": 1.2, ""sigma_geo_m"": 900.0, ""tau_temp_min"": 60.0, ""threshold_quantile"": 0.95, ""track"": ""operational_label_free""}}","{""arrival_equity_gap_min"": ""lower"", ""boat_workload_cv"": ""lower"", ""cvar90_arrival_min"": ""lower"", ""deadline_miss_rate"": ""lower"", ""duplicate_dispatches"": ""lower"", ""fake_dispatches"": ""lower"", ""latent_harm"": ""lower"", ""max_arrival_min"": ""lower"", ""mean_arrival_min"": ""lower"", ""merge_caused_misses"": ""lower"", ""split_trips"": ""lower"", ""total_fleet_workload_min"": ""lower"", ""unique_population_reached_by_deadline_rate"": ""higher"", ""unserved_genuine_incidents"": ""lower""}"
3021,oracle,16,,,,0,0,0,0,4.1.0,test:3000-3039,a7c7a3f7ea63e57f1d98bd42f21c02aa04a69eaa37c824584a2be65f00f2d7e1,"{""numpy"": ""2.0.2"", ""pandas"": ""2.2.2"", ""python-louvain"": ""0.16"", ""scikit-learn"": ""1.6.1"", ""scipy"": ""1.16.3""}","{""additive"": {""calibration_objective"": 0.024220283682757516, ""knn"": 8, ""q"": 0.95}, ""error_model"": ""conservative-v1"", ""product"": {""knn"": 8, ""resolution"": 1.2, ""sigma_geo_m"": 900.0, ""tau_temp_min"": 60.0, ""threshold_quantile"": 0.95, ""track"": ""operational_label_free""}}","{""arrival_equity_gap_min"": ""lower"", ""boat_workload_cv"": ""lower"", ""cvar90_arrival_min"": ""lower"", ""deadline_miss_rate"": ""lower"", ""duplicate_dispatches"": ""lower"", ""fake_dispatches"": ""lower"", ""latent_harm"": ""lower"", ""max_arrival_min"": ""lower"", ""mean_arrival_min"": ""lower"", ""merge_caused_misses"": ""lower"", ""split_trips"": ""lower"", ""total_fleet_workload_min"": ""lower"", ""unique_population_reached_by_deadline_rate"": ""higher"", ""unserved_genuine_incidents"": ""lower""}"
3022,product_cij,52,0.0240530303,9.236363636,0.2768045855,3,3,2,35,4.1.0,test:3000-3039,a7c7a3f7ea63e57f1d98bd42f21c02aa04a69eaa37c824584a2be65f00f2d7e1,"{""numpy"": ""2.0.2"", ""pandas"": ""2.2.2"", ""python-louvain"": ""0.16"", ""scikit-learn"": ""1.6.1"", ""scipy"": ""1.16.3""}","{""additive"": {""calibration_objective"": 0.024220283682757516, ""knn"": 8, ""q"": 0.95}, ""error_model"": ""conservative-v1"", ""product"": {""knn"": 8, ""resolution"": 1.2, ""sigma_geo_m"": 900.0, ""tau_temp_min"": 60.0, ""threshold_quantile"": 0.95, ""track"": ""operational_label_free""}}","{""arrival_equity_gap_min"": ""lower"", ""boat_workload_cv"": ""lower"", ""cvar90_arrival_min"": ""lower"", ""deadline_miss_rate"": ""lower"", ""duplicate_dispatches"": ""lower"", ""fake_dispatches"": ""lower"", ""latent_harm"": ""lower"", ""max_arrival_min"": ""lower"", ""mean_arrival_min"": ""lower"", ""merge_caused_misses"": ""lower"", ""split_trips"": ""lower"", ""total_fleet_workload_min"": ""lower"", ""unique_population_reached_by_deadline_rate"": ""higher"", ""unserved_genuine_incidents"": ""lower""}"
3022,additive_cij_matched_density,42,0.02459415584,9.444155844,0.5485845815,2,3,3,26,4.1.0,test:3000-3039,a7c7a3f7ea63e57f1d98bd42f21c02aa04a69eaa37c824584a2be65f00f2d7e1,"{""numpy"": ""2.0.2"", ""pandas"": ""2.2.2"", ""python-louvain"": ""0.16"", ""scikit-learn"": ""1.6.1"", ""scipy"": ""1.16.3""}","{""additive"": {""calibration_objective"": 0.024220283682757516, ""knn"": 8, ""q"": 0.95}, ""error_model"": ""conservative-v1"", ""product"": {""knn"": 8, ""resolution"": 1.2, ""sigma_geo_m"": 900.0, ""tau_temp_min"": 60.0, ""threshold_quantile"": 0.95, ""track"": ""operational_label_free""}}","{""arrival_equity_gap_min"": ""lower"", ""boat_workload_cv"": ""lower"", ""cvar90_arrival_min"": ""lower"", ""deadline_miss_rate"": ""lower"", ""duplicate_dispatches"": ""lower"", ""fake_dispatches"": ""lower"", ""latent_harm"": ""lower"", ""max_arrival_min"": ""lower"", ""mean_arrival_min"": ""lower"", ""merge_caused_misses"": ""lower"", ""split_trips"": ""lower"", ""total_fleet_workload_min"": ""lower"", ""unique_population_reached_by_deadline_rate"": ""higher"", ""unserved_genuine_incidents"": ""lower""}"
3022,oracle,16,,,,0,0,0,0,4.1.0,test:3000-3039,a7c7a3f7ea63e57f1d98bd42f21c02aa04a69eaa37c824584a2be65f00f2d7e1,"{""numpy"": ""2.0.2"", ""pandas"": ""2.2.2"", ""python-louvain"": ""0.16"", ""scikit-learn"": ""1.6.1"", ""scipy"": ""1.16.3""}","{""additive"": {""calibration_objective"": 0.024220283682757516, ""knn"": 8, ""q"": 0.95}, ""error_model"": ""conservative-v1"", ""product"": {""knn"": 8, ""resolution"": 1.2, ""sigma_geo_m"": 900.0, ""tau_temp_min"": 60.0, ""threshold_quantile"": 0.95, ""track"": ""operational_label_free""}}","{""arrival_equity_gap_min"": ""lower"", ""boat_workload_cv"": ""lower"", ""cvar90_arrival_min"": ""lower"", ""deadline_miss_rate"": ""lower"", ""duplicate_dispatches"": ""lower"", ""fake_dispatches"": ""lower"", ""latent_harm"": ""lower"", ""max_arrival_min"": ""lower"", ""mean_arrival_min"": ""lower"", ""merge_caused_misses"": ""lower"", ""split_trips"": ""lower"", ""total_fleet_workload_min"": ""lower"", ""unique_population_reached_by_deadline_rate"": ""higher"", ""unserved_genuine_incidents"": ""lower""}"
3023,product_cij,52,0.02361275089,8.571428571,0.2944105984,2,2,1,35,4.1.0,test:3000-3039,a7c7a3f7ea63e57f1d98bd42f21c02aa04a69eaa37c824584a2be65f00f2d7e1,"{""numpy"": ""2.0.2"", ""pandas"": ""2.2.2"", ""python-louvain"": ""0.16"", ""scikit-learn"": ""1.6.1"", ""scipy"": ""1.16.3""}","{""additive"": {""calibration_objective"": 0.024220283682757516, ""knn"": 8, ""q"": 0.95}, ""error_model"": ""conservative-v1"", ""product"": {""knn"": 8, ""resolution"": 1.2, ""sigma_geo_m"": 900.0, ""tau_temp_min"": 60.0, ""threshold_quantile"": 0.95, ""track"": ""operational_label_free""}}","{""arrival_equity_gap_min"": ""lower"", ""boat_workload_cv"": ""lower"", ""cvar90_arrival_min"": ""lower"", ""deadline_miss_rate"": ""lower"", ""duplicate_dispatches"": ""lower"", ""fake_dispatches"": ""lower"", ""latent_harm"": ""lower"", ""max_arrival_min"": ""lower"", ""mean_arrival_min"": ""lower"", ""merge_caused_misses"": ""lower"", ""split_trips"": ""lower"", ""total_fleet_workload_min"": ""lower"", ""unique_population_reached_by_deadline_rate"": ""higher"", ""unserved_genuine_incidents"": ""lower""}"
3023,additive_cij_matched_density,39,0.02476311567,8.989010989,0.5569026312,2,3,2,22,4.1.0,test:3000-3039,a7c7a3f7ea63e57f1d98bd42f21c02aa04a69eaa37c824584a2be65f00f2d7e1,"{""numpy"": ""2.0.2"", ""pandas"": ""2.2.2"", ""python-louvain"": ""0.16"", ""scikit-learn"": ""1.6.1"", ""scipy"": ""1.16.3""}","{""additive"": {""calibration_objective"": 0.024220283682757516, ""knn"": 8, ""q"": 0.95}, ""error_model"": ""conservative-v1"", ""product"": {""knn"": 8, ""resolution"": 1.2, ""sigma_geo_m"": 900.0, ""tau_temp_min"": 60.0, ""threshold_quantile"": 0.95, ""track"": ""operational_label_free""}}","{""arrival_equity_gap_min"": ""lower"", ""boat_workload_cv"": ""lower"", ""cvar90_arrival_min"": ""lower"", ""deadline_miss_rate"": ""lower"", ""duplicate_dispatches"": ""lower"", ""fake_dispatches"": ""lower"", ""latent_harm"": ""lower"", ""max_arrival_min"": ""lower"", ""mean_arrival_min"": ""lower"", ""merge_caused_misses"": ""lower"", ""split_trips"": ""lower"", ""total_fleet_workload_min"": ""lower"", ""unique_population_reached_by_deadline_rate"": ""higher"", ""unserved_genuine_incidents"": ""lower""}"
3023,oracle,16,,,,0,0,0,0,4.1.0,test:3000-3039,a7c7a3f7ea63e57f1d98bd42f21c02aa04a69eaa37c824584a2be65f00f2d7e1,"{""numpy"": ""2.0.2"", ""pandas"": ""2.2.2"", ""python-louvain"": ""0.16"", ""scikit-learn"": ""1.6.1"", ""scipy"": ""1.16.3""}","{""additive"": {""calibration_objective"": 0.024220283682757516, ""knn"": 8, ""q"": 0.95}, ""error_model"": ""conservative-v1"", ""product"": {""knn"": 8, ""resolution"": 1.2, ""sigma_geo_m"": 900.0, ""tau_temp_min"": 60.0, ""threshold_quantile"": 0.95, ""track"": ""operational_label_free""}}","{""arrival_equity_gap_min"": ""lower"", ""boat_workload_cv"": ""lower"", ""cvar90_arrival_min"": ""lower"", ""deadline_miss_rate"": ""lower"", ""duplicate_dispatches"": ""lower"", ""fake_dispatches"": ""lower"", ""latent_harm"": ""lower"", ""max_arrival_min"": ""lower"", ""mean_arrival_min"": ""lower"", ""merge_caused_misses"": ""lower"", ""split_trips"": ""lower"", ""total_fleet_workload_min"": ""lower"", ""unique_population_reached_by_deadline_rate"": ""higher"", ""unserved_genuine_incidents"": ""lower""}"
3024,product_cij,51,0.02376338603,8.79245283,0.2664195434,1,1,1,35,4.1.0,test:3000-3039,a7c7a3f7ea63e57f1d98bd42f21c02aa04a69eaa37c824584a2be65f00f2d7e1,"{""numpy"": ""2.0.2"", ""pandas"": ""2.2.2"", ""python-louvain"": ""0.16"", ""scikit-learn"": ""1.6.1"", ""scipy"": ""1.16.3""}","{""additive"": {""calibration_objective"": 0.024220283682757516, ""knn"": 8, ""q"": 0.95}, ""error_model"": ""conservative-v1"", ""product"": {""knn"": 8, ""resolution"": 1.2, ""sigma_geo_m"": 900.0, ""tau_temp_min"": 60.0, ""threshold_quantile"": 0.95, ""track"": ""operational_label_free""}}","{""arrival_equity_gap_min"": ""lower"", ""boat_workload_cv"": ""lower"", ""cvar90_arrival_min"": ""lower"", ""deadline_miss_rate"": ""lower"", ""duplicate_dispatches"": ""lower"", ""fake_dispatches"": ""lower"", ""latent_harm"": ""lower"", ""max_arrival_min"": ""lower"", ""mean_arrival_min"": ""lower"", ""merge_caused_misses"": ""lower"", ""split_trips"": ""lower"", ""total_fleet_workload_min"": ""lower"", ""unique_population_reached_by_deadline_rate"": ""higher"", ""unserved_genuine_incidents"": ""lower""}"
3024,additive_cij_matched_density,41,0.02450644715,9.067385445,0.5458095246,2,2,3,26,4.1.0,test:3000-3039,a7c7a3f7ea63e57f1d98bd42f21c02aa04a69eaa37c824584a2be65f00f2d7e1,"{""numpy"": ""2.0.2"", ""pandas"": ""2.2.2"", ""python-louvain"": ""0.16"", ""scikit-learn"": ""1.6.1"", ""scipy"": ""1.16.3""}","{""additive"": {""calibration_objective"": 0.024220283682757516, ""knn"": 8, ""q"": 0.95}, ""error_model"": ""conservative-v1"", ""product"": {""knn"": 8, ""resolution"": 1.2, ""sigma_geo_m"": 900.0, ""tau_temp_min"": 60.0, ""threshold_quantile"": 0.95, ""track"": ""operational_label_free""}}","{""arrival_equity_gap_min"": ""lower"", ""boat_workload_cv"": ""lower"", ""cvar90_arrival_min"": ""lower"", ""deadline_miss_rate"": ""lower"", ""duplicate_dispatches"": ""lower"", ""fake_dispatches"": ""lower"", ""latent_harm"": ""lower"", ""max_arrival_min"": ""lower"", ""mean_arrival_min"": ""lower"", ""merge_caused_misses"": ""lower"", ""split_trips"": ""lower"", ""total_fleet_workload_min"": ""lower"", ""unique_population_reached_by_deadline_rate"": ""higher"", ""unserved_genuine_incidents"": ""lower""}"
3024,oracle,16,,,,0,0,0,0,4.1.0,test:3000-3039,a7c7a3f7ea63e57f1d98bd42f21c02aa04a69eaa37c824584a2be65f00f2d7e1,"{""numpy"": ""2.0.2"", ""pandas"": ""2.2.2"", ""python-louvain"": ""0.16"", ""scikit-learn"": ""1.6.1"", ""scipy"": ""1.16.3""}","{""additive"": {""calibration_objective"": 0.024220283682757516, ""knn"": 8, ""q"": 0.95}, ""error_model"": ""conservative-v1"", ""product"": {""knn"": 8, ""resolution"": 1.2, ""sigma_geo_m"": 900.0, ""tau_temp_min"": 60.0, ""threshold_quantile"": 0.95, ""track"": ""operational_label_free""}}","{""arrival_equity_gap_min"": ""lower"", ""boat_workload_cv"": ""lower"", ""cvar90_arrival_min"": ""lower"", ""deadline_miss_rate"": ""lower"", ""duplicate_dispatches"": ""lower"", ""fake_dispatches"": ""lower"", ""latent_harm"": ""lower"", ""max_arrival_min"": ""lower"", ""mean_arrival_min"": ""lower"", ""merge_caused_misses"": ""lower"", ""split_trips"": ""lower"", ""total_fleet_workload_min"": ""lower"", ""unique_population_reached_by_deadline_rate"": ""higher"", ""unserved_genuine_incidents"": ""lower""}"
3025,product_cij,52,0.02331972901,8.884816754,0.2749686039,2,2,1,35,4.1.0,test:3000-3039,a7c7a3f7ea63e57f1d98bd42f21c02aa04a69eaa37c824584a2be65f00f2d7e1,"{""numpy"": ""2.0.2"", ""pandas"": ""2.2.2"", ""python-louvain"": ""0.16"", ""scikit-learn"": ""1.6.1"", ""scipy"": ""1.16.3""}","{""additive"": {""calibration_objective"": 0.024220283682757516, ""knn"": 8, ""q"": 0.95}, ""error_model"": ""conservative-v1"", ""product"": {""knn"": 8, ""resolution"": 1.2, ""sigma_geo_m"": 900.0, ""tau_temp_min"": 60.0, ""threshold_quantile"": 0.95, ""track"": ""operational_label_free""}}","{""arrival_equity_gap_min"": ""lower"", ""boat_workload_cv"": ""lower"", ""cvar90_arrival_min"": ""lower"", ""deadline_miss_rate"": ""lower"", ""duplicate_dispatches"": ""lower"", ""fake_dispatches"": ""lower"", ""latent_harm"": ""lower"", ""max_arrival_min"": ""lower"", ""mean_arrival_min"": ""lower"", ""merge_caused_misses"": ""lower"", ""split_trips"": ""lower"", ""total_fleet_workload_min"": ""lower"", ""unique_population_reached_by_deadline_rate"": ""higher"", ""unserved_genuine_incidents"": ""lower""}"
3025,additive_cij_matched_density,42,0.02447403499,9.32460733,0.5429195962,0,0,1,27,4.1.0,test:3000-3039,a7c7a3f7ea63e57f1d98bd42f21c02aa04a69eaa37c824584a2be65f00f2d7e1,"{""numpy"": ""2.0.2"", ""pandas"": ""2.2.2"", ""python-louvain"": ""0.16"", ""scikit-learn"": ""1.6.1"", ""scipy"": ""1.16.3""}","{""additive"": {""calibration_objective"": 0.024220283682757516, ""knn"": 8, ""q"": 0.95}, ""error_model"": ""conservative-v1"", ""product"": {""knn"": 8, ""resolution"": 1.2, ""sigma_geo_m"": 900.0, ""tau_temp_min"": 60.0, ""threshold_quantile"": 0.95, ""track"": ""operational_label_free""}}","{""arrival_equity_gap_min"": ""lower"", ""boat_workload_cv"": ""lower"", ""cvar90_arrival_min"": ""lower"", ""deadline_miss_rate"": ""lower"", ""duplicate_dispatches"": ""lower"", ""fake_dispatches"": ""lower"", ""latent_harm"": ""lower"", ""max_arrival_min"": ""lower"", ""mean_arrival_min"": ""lower"", ""merge_caused_misses"": ""lower"", ""split_trips"": ""lower"", ""total_fleet_workload_min"": ""lower"", ""unique_population_reached_by_deadline_rate"": ""higher"", ""unserved_genuine_incidents"": ""lower""}"
3025,oracle,16,,,,0,0,0,0,4.1.0,test:3000-3039,a7c7a3f7ea63e57f1d98bd42f21c02aa04a69eaa37c824584a2be65f00f2d7e1,"{""numpy"": ""2.0.2"", ""pandas"": ""2.2.2"", ""python-louvain"": ""0.16"", ""scikit-learn"": ""1.6.1"", ""scipy"": ""1.16.3""}","{""additive"": {""calibration_objective"": 0.024220283682757516, ""knn"": 8, ""q"": 0.95}, ""error_model"": ""conservative-v1"", ""product"": {""knn"": 8, ""resolution"": 1.2, ""sigma_geo_m"": 900.0, ""tau_temp_min"": 60.0, ""threshold_quantile"": 0.95, ""track"": ""operational_label_free""}}","{""arrival_equity_gap_min"": ""lower"", ""boat_workload_cv"": ""lower"", ""cvar90_arrival_min"": ""lower"", ""deadline_miss_rate"": ""lower"", ""duplicate_dispatches"": ""lower"", ""fake_dispatches"": ""lower"", ""latent_harm"": ""lower"", ""max_arrival_min"": ""lower"", ""mean_arrival_min"": ""lower"", ""merge_caused_misses"": ""lower"", ""split_trips"": ""lower"", ""total_fleet_workload_min"": ""lower"", ""unique_population_reached_by_deadline_rate"": ""higher"", ""unserved_genuine_incidents"": ""lower""}"
3026,product_cij,51,0.02461665976,9.354330709,0.2381657647,2,2,2,35,4.1.0,test:3000-3039,a7c7a3f7ea63e57f1d98bd42f21c02aa04a69eaa37c824584a2be65f00f2d7e1,"{""numpy"": ""2.0.2"", ""pandas"": ""2.2.2"", ""python-louvain"": ""0.16"", ""scikit-learn"": ""1.6.1"", ""scipy"": ""1.16.3""}","{""additive"": {""calibration_objective"": 0.024220283682757516, ""knn"": 8, ""q"": 0.95}, ""error_model"": ""conservative-v1"", ""product"": {""knn"": 8, ""resolution"": 1.2, ""sigma_geo_m"": 900.0, ""tau_temp_min"": 60.0, ""threshold_quantile"": 0.95, ""track"": ""operational_label_free""}}","{""arrival_equity_gap_min"": ""lower"", ""boat_workload_cv"": ""lower"", ""cvar90_arrival_min"": ""lower"", ""deadline_miss_rate"": ""lower"", ""duplicate_dispatches"": ""lower"", ""fake_dispatches"": ""lower"", ""latent_harm"": ""lower"", ""max_arrival_min"": ""lower"", ""mean_arrival_min"": ""lower"", ""merge_caused_misses"": ""lower"", ""split_trips"": ""lower"", ""total_fleet_workload_min"": ""lower"", ""unique_population_reached_by_deadline_rate"": ""higher"", ""unserved_genuine_incidents"": ""lower""}"
3026,additive_cij_matched_density,39,0.02522447852,9.585301837,0.5310912345,5,5,3,21,4.1.0,test:3000-3039,a7c7a3f7ea63e57f1d98bd42f21c02aa04a69eaa37c824584a2be65f00f2d7e1,"{""numpy"": ""2.0.2"", ""pandas"": ""2.2.2"", ""python-louvain"": ""0.16"", ""scikit-learn"": ""1.6.1"", ""scipy"": ""1.16.3""}","{""additive"": {""calibration_objective"": 0.024220283682757516, ""knn"": 8, ""q"": 0.95}, ""error_model"": ""conservative-v1"", ""product"": {""knn"": 8, ""resolution"": 1.2, ""sigma_geo_m"": 900.0, ""tau_temp_min"": 60.0, ""threshold_quantile"": 0.95, ""track"": ""operational_label_free""}}","{""arrival_equity_gap_min"": ""lower"", ""boat_workload_cv"": ""lower"", ""cvar90_arrival_min"": ""lower"", ""deadline_miss_rate"": ""lower"", ""duplicate_dispatches"": ""lower"", ""fake_dispatches"": ""lower"", ""latent_harm"": ""lower"", ""max_arrival_min"": ""lower"", ""mean_arrival_min"": ""lower"", ""merge_caused_misses"": ""lower"", ""split_trips"": ""lower"", ""total_fleet_workload_min"": ""lower"", ""unique_population_reached_by_deadline_rate"": ""higher"", ""unserved_genuine_incidents"": ""lower""}"
3026,oracle,16,,,,0,0,0,0,4.1.0,test:3000-3039,a7c7a3f7ea63e57f1d98bd42f21c02aa04a69eaa37c824584a2be65f00f2d7e1,"{""numpy"": ""2.0.2"", ""pandas"": ""2.2.2"", ""python-louvain"": ""0.16"", ""scikit-learn"": ""1.6.1"", ""scipy"": ""1.16.3""}","{""additive"": {""calibration_objective"": 0.024220283682757516, ""knn"": 8, ""q"": 0.95}, ""error_model"": ""conservative-v1"", ""product"": {""knn"": 8, ""resolution"": 1.2, ""sigma_geo_m"": 900.0, ""tau_temp_min"": 60.0, ""threshold_quantile"": 0.95, ""track"": ""operational_label_free""}}","{""arrival_equity_gap_min"": ""lower"", ""boat_workload_cv"": ""lower"", ""cvar90_arrival_min"": ""lower"", ""deadline_miss_rate"": ""lower"", ""duplicate_dispatches"": ""lower"", ""fake_dispatches"": ""lower"", ""latent_harm"": ""lower"", ""max_arrival_min"": ""lower"", ""mean_arrival_min"": ""lower"", ""merge_caused_misses"": ""lower"", ""split_trips"": ""lower"", ""total_fleet_workload_min"": ""lower"", ""unique_population_reached_by_deadline_rate"": ""higher"", ""unserved_genuine_incidents"": ""lower""}"
3027,product_cij,53,0.02316344952,8.778947368,0.2786943449,3,3,1,35,4.1.0,test:3000-3039,a7c7a3f7ea63e57f1d98bd42f21c02aa04a69eaa37c824584a2be65f00f2d7e1,"{""numpy"": ""2.0.2"", ""pandas"": ""2.2.2"", ""python-louvain"": ""0.16"", ""scikit-learn"": ""1.6.1"", ""scipy"": ""1.16.3""}","{""additive"": {""calibration_objective"": 0.024220283682757516, ""knn"": 8, ""q"": 0.95}, ""error_model"": ""conservative-v1"", ""product"": {""knn"": 8, ""resolution"": 1.2, ""sigma_geo_m"": 900.0, ""tau_temp_min"": 60.0, ""threshold_quantile"": 0.95, ""track"": ""operational_label_free""}}","{""arrival_equity_gap_min"": ""lower"", ""boat_workload_cv"": ""lower"", ""cvar90_arrival_min"": ""lower"", ""deadline_miss_rate"": ""lower"", ""duplicate_dispatches"": ""lower"", ""fake_dispatches"": ""lower"", ""latent_harm"": ""lower"", ""max_arrival_min"": ""lower"", ""mean_arrival_min"": ""lower"", ""merge_caused_misses"": ""lower"", ""split_trips"": ""lower"", ""total_fleet_workload_min"": ""lower"", ""unique_population_reached_by_deadline_rate"": ""higher"", ""unserved_genuine_incidents"": ""lower""}"
3027,additive_cij_matched_density,40,0.02402444105,9.105263158,0.5527336048,2,2,1,23,4.1.0,test:3000-3039,a7c7a3f7ea63e57f1d98bd42f21c02aa04a69eaa37c824584a2be65f00f2d7e1,"{""numpy"": ""2.0.2"", ""pandas"": ""2.2.2"", ""python-louvain"": ""0.16"", ""scikit-learn"": ""1.6.1"", ""scipy"": ""1.16.3""}","{""additive"": {""calibration_objective"": 0.024220283682757516, ""knn"": 8, ""q"": 0.95}, ""error_model"": ""conservative-v1"", ""product"": {""knn"": 8, ""resolution"": 1.2, ""sigma_geo_m"": 900.0, ""tau_temp_min"": 60.0, ""threshold_quantile"": 0.95, ""track"": ""operational_label_free""}}","{""arrival_equity_gap_min"": ""lower"", ""boat_workload_cv"": ""lower"", ""cvar90_arrival_min"": ""lower"", ""deadline_miss_rate"": ""lower"", ""duplicate_dispatches"": ""lower"", ""fake_dispatches"": ""lower"", ""latent_harm"": ""lower"", ""max_arrival_min"": ""lower"", ""mean_arrival_min"": ""lower"", ""merge_caused_misses"": ""lower"", ""split_trips"": ""lower"", ""total_fleet_workload_min"": ""lower"", ""unique_population_reached_by_deadline_rate"": ""higher"", ""unserved_genuine_incidents"": ""lower""}"
3027,oracle,16,,,,0,0,0,0,4.1.0,test:3000-3039,a7c7a3f7ea63e57f1d98bd42f21c02aa04a69eaa37c824584a2be65f00f2d7e1,"{""numpy"": ""2.0.2"", ""pandas"": ""2.2.2"", ""python-louvain"": ""0.16"", ""scikit-learn"": ""1.6.1"", ""scipy"": ""1.16.3""}","{""additive"": {""calibration_objective"": 0.024220283682757516, ""knn"": 8, ""q"": 0.95}, ""error_model"": ""conservative-v1"", ""product"": {""knn"": 8, ""resolution"": 1.2, ""sigma_geo_m"": 900.0, ""tau_temp_min"": 60.0, ""threshold_quantile"": 0.95, ""track"": ""operational_label_free""}}","{""arrival_equity_gap_min"": ""lower"", ""boat_workload_cv"": ""lower"", ""cvar90_arrival_min"": ""lower"", ""deadline_miss_rate"": ""lower"", ""duplicate_dispatches"": ""lower"", ""fake_dispatches"": ""lower"", ""latent_harm"": ""lower"", ""max_arrival_min"": ""lower"", ""mean_arrival_min"": ""lower"", ""merge_caused_misses"": ""lower"", ""split_trips"": ""lower"", ""total_fleet_workload_min"": ""lower"", ""unique_population_reached_by_deadline_rate"": ""higher"", ""unserved_genuine_incidents"": ""lower""}"
3028,product_cij,53,0.02339516067,9.264483627,0.2882247947,2,3,1,35,4.1.0,test:3000-3039,a7c7a3f7ea63e57f1d98bd42f21c02aa04a69eaa37c824584a2be65f00f2d7e1,"{""numpy"": ""2.0.2"", ""pandas"": ""2.2.2"", ""python-louvain"": ""0.16"", ""scikit-learn"": ""1.6.1"", ""scipy"": ""1.16.3""}","{""additive"": {""calibration_objective"": 0.024220283682757516, ""knn"": 8, ""q"": 0.95}, ""error_model"": ""conservative-v1"", ""product"": {""knn"": 8, ""resolution"": 1.2, ""sigma_geo_m"": 900.0, ""tau_temp_min"": 60.0, ""threshold_quantile"": 0.95, ""track"": ""operational_label_free""}}","{""arrival_equity_gap_min"": ""lower"", ""boat_workload_cv"": ""lower"", ""cvar90_arrival_min"": ""lower"", ""deadline_miss_rate"": ""lower"", ""duplicate_dispatches"": ""lower"", ""fake_dispatches"": ""lower"", ""latent_harm"": ""lower"", ""max_arrival_min"": ""lower"", ""mean_arrival_min"": ""lower"", ""merge_caused_misses"": ""lower"", ""split_trips"": ""lower"", ""total_fleet_workload_min"": ""lower"", ""unique_population_reached_by_deadline_rate"": ""higher"", ""unserved_genuine_incidents"": ""lower""}"
3028,additive_cij_matched_density,39,0.02364959418,9.365239295,0.5512782122,1,1,1,23,4.1.0,test:3000-3039,a7c7a3f7ea63e57f1d98bd42f21c02aa04a69eaa37c824584a2be65f00f2d7e1,"{""numpy"": ""2.0.2"", ""pandas"": ""2.2.2"", ""python-louvain"": ""0.16"", ""scikit-learn"": ""1.6.1"", ""scipy"": ""1.16.3""}","{""additive"": {""calibration_objective"": 0.024220283682757516, ""knn"": 8, ""q"": 0.95}, ""error_model"": ""conservative-v1"", ""product"": {""knn"": 8, ""resolution"": 1.2, ""sigma_geo_m"": 900.0, ""tau_temp_min"": 60.0, ""threshold_quantile"": 0.95, ""track"": ""operational_label_free""}}","{""arrival_equity_gap_min"": ""lower"", ""boat_workload_cv"": ""lower"", ""cvar90_arrival_min"": ""lower"", ""deadline_miss_rate"": ""lower"", ""duplicate_dispatches"": ""lower"", ""fake_dispatches"": ""lower"", ""latent_harm"": ""lower"", ""max_arrival_min"": ""lower"", ""mean_arrival_min"": ""lower"", ""merge_caused_misses"": ""lower"", ""split_trips"": ""lower"", ""total_fleet_workload_min"": ""lower"", ""unique_population_reached_by_deadline_rate"": ""higher"", ""unserved_genuine_incidents"": ""lower""}"
3028,oracle,16,,,,0,0,0,0,4.1.0,test:3000-3039,a7c7a3f7ea63e57f1d98bd42f21c02aa04a69eaa37c824584a2be65f00f2d7e1,"{""numpy"": ""2.0.2"", ""pandas"": ""2.2.2"", ""python-louvain"": ""0.16"", ""scikit-learn"": ""1.6.1"", ""scipy"": ""1.16.3""}","{""additive"": {""calibration_objective"": 0.024220283682757516, ""knn"": 8, ""q"": 0.95}, ""error_model"": ""conservative-v1"", ""product"": {""knn"": 8, ""resolution"": 1.2, ""sigma_geo_m"": 900.0, ""tau_temp_min"": 60.0, ""threshold_quantile"": 0.95, ""track"": ""operational_label_free""}}","{""arrival_equity_gap_min"": ""lower"", ""boat_workload_cv"": ""lower"", ""cvar90_arrival_min"": ""lower"", ""deadline_miss_rate"": ""lower"", ""duplicate_dispatches"": ""lower"", ""fake_dispatches"": ""lower"", ""latent_harm"": ""lower"", ""max_arrival_min"": ""lower"", ""mean_arrival_min"": ""lower"", ""merge_caused_misses"": ""lower"", ""split_trips"": ""lower"", ""total_fleet_workload_min"": ""lower"", ""unique_population_reached_by_deadline_rate"": ""higher"", ""unserved_genuine_incidents"": ""lower""}"
3029,product_cij,53,0.02361871437,8.880636605,0.300433854,3,3,1,35,4.1.0,test:3000-3039,a7c7a3f7ea63e57f1d98bd42f21c02aa04a69eaa37c824584a2be65f00f2d7e1,"{""numpy"": ""2.0.2"", ""pandas"": ""2.2.2"", ""python-louvain"": ""0.16"", ""scikit-learn"": ""1.6.1"", ""scipy"": ""1.16.3""}","{""additive"": {""calibration_objective"": 0.024220283682757516, ""knn"": 8, ""q"": 0.95}, ""error_model"": ""conservative-v1"", ""product"": {""knn"": 8, ""resolution"": 1.2, ""sigma_geo_m"": 900.0, ""tau_temp_min"": 60.0, ""threshold_quantile"": 0.95, ""track"": ""operational_label_free""}}","{""arrival_equity_gap_min"": ""lower"", ""boat_workload_cv"": ""lower"", ""cvar90_arrival_min"": ""lower"", ""deadline_miss_rate"": ""lower"", ""duplicate_dispatches"": ""lower"", ""fake_dispatches"": ""lower"", ""latent_harm"": ""lower"", ""max_arrival_min"": ""lower"", ""mean_arrival_min"": ""lower"", ""merge_caused_misses"": ""lower"", ""split_trips"": ""lower"", ""total_fleet_workload_min"": ""lower"", ""unique_population_reached_by_deadline_rate"": ""higher"", ""unserved_genuine_incidents"": ""lower""}"
3029,additive_cij_matched_density,47,0.02414075286,9.076923077,0.5557456356,2,2,1,30,4.1.0,test:3000-3039,a7c7a3f7ea63e57f1d98bd42f21c02aa04a69eaa37c824584a2be65f00f2d7e1,"{""numpy"": ""2.0.2"", ""pandas"": ""2.2.2"", ""python-louvain"": ""0.16"", ""scikit-learn"": ""1.6.1"", ""scipy"": ""1.16.3""}","{""additive"": {""calibration_objective"": 0.024220283682757516, ""knn"": 8, ""q"": 0.95}, ""error_model"": ""conservative-v1"", ""product"": {""knn"": 8, ""resolution"": 1.2, ""sigma_geo_m"": 900.0, ""tau_temp_min"": 60.0, ""threshold_quantile"": 0.95, ""track"": ""operational_label_free""}}","{""arrival_equity_gap_min"": ""lower"", ""boat_workload_cv"": ""lower"", ""cvar90_arrival_min"": ""lower"", ""deadline_miss_rate"": ""lower"", ""duplicate_dispatches"": ""lower"", ""fake_dispatches"": ""lower"", ""latent_harm"": ""lower"", ""max_arrival_min"": ""lower"", ""mean_arrival_min"": ""lower"", ""merge_caused_misses"": ""lower"", ""split_trips"": ""lower"", ""total_fleet_workload_min"": ""lower"", ""unique_population_reached_by_deadline_rate"": ""higher"", ""unserved_genuine_incidents"": ""lower""}"
3029,oracle,16,,,,0,0,0,0,4.1.0,test:3000-3039,a7c7a3f7ea63e57f1d98bd42f21c02aa04a69eaa37c824584a2be65f00f2d7e1,"{""numpy"": ""2.0.2"", ""pandas"": ""2.2.2"", ""python-louvain"": ""0.16"", ""scikit-learn"": ""1.6.1"", ""scipy"": ""1.16.3""}","{""additive"": {""calibration_objective"": 0.024220283682757516, ""knn"": 8, ""q"": 0.95}, ""error_model"": ""conservative-v1"", ""product"": {""knn"": 8, ""resolution"": 1.2, ""sigma_geo_m"": 900.0, ""tau_temp_min"": 60.0, ""threshold_quantile"": 0.95, ""track"": ""operational_label_free""}}","{""arrival_equity_gap_min"": ""lower"", ""boat_workload_cv"": ""lower"", ""cvar90_arrival_min"": ""lower"", ""deadline_miss_rate"": ""lower"", ""duplicate_dispatches"": ""lower"", ""fake_dispatches"": ""lower"", ""latent_harm"": ""lower"", ""max_arrival_min"": ""lower"", ""mean_arrival_min"": ""lower"", ""merge_caused_misses"": ""lower"", ""split_trips"": ""lower"", ""total_fleet_workload_min"": ""lower"", ""unique_population_reached_by_deadline_rate"": ""higher"", ""unserved_genuine_incidents"": ""lower""}"
3030,product_cij,53,0.02317339149,9.083969466,0.2777797501,3,3,1,35,4.1.0,test:3000-3039,a7c7a3f7ea63e57f1d98bd42f21c02aa04a69eaa37c824584a2be65f00f2d7e1,"{""numpy"": ""2.0.2"", ""pandas"": ""2.2.2"", ""python-louvain"": ""0.16"", ""scikit-learn"": ""1.6.1"", ""scipy"": ""1.16.3""}","{""additive"": {""calibration_objective"": 0.024220283682757516, ""knn"": 8, ""q"": 0.95}, ""error_model"": ""conservative-v1"", ""product"": {""knn"": 8, ""resolution"": 1.2, ""sigma_geo_m"": 900.0, ""tau_temp_min"": 60.0, ""threshold_quantile"": 0.95, ""track"": ""operational_label_free""}}","{""arrival_equity_gap_min"": ""lower"", ""boat_workload_cv"": ""lower"", ""cvar90_arrival_min"": ""lower"", ""deadline_miss_rate"": ""lower"", ""duplicate_dispatches"": ""lower"", ""fake_dispatches"": ""lower"", ""latent_harm"": ""lower"", ""max_arrival_min"": ""lower"", ""mean_arrival_min"": ""lower"", ""merge_caused_misses"": ""lower"", ""split_trips"": ""lower"", ""total_fleet_workload_min"": ""lower"", ""unique_population_reached_by_deadline_rate"": ""higher"", ""unserved_genuine_incidents"": ""lower""}"
3030,additive_cij_matched_density,42,0.02367970089,9.282442748,0.5447028628,4,4,3,25,4.1.0,test:3000-3039,a7c7a3f7ea63e57f1d98bd42f21c02aa04a69eaa37c824584a2be65f00f2d7e1,"{""numpy"": ""2.0.2"", ""pandas"": ""2.2.2"", ""python-louvain"": ""0.16"", ""scikit-learn"": ""1.6.1"", ""scipy"": ""1.16.3""}","{""additive"": {""calibration_objective"": 0.024220283682757516, ""knn"": 8, ""q"": 0.95}, ""error_model"": ""conservative-v1"", ""product"": {""knn"": 8, ""resolution"": 1.2, ""sigma_geo_m"": 900.0, ""tau_temp_min"": 60.0, ""threshold_quantile"": 0.95, ""track"": ""operational_label_free""}}","{""arrival_equity_gap_min"": ""lower"", ""boat_workload_cv"": ""lower"", ""cvar90_arrival_min"": ""lower"", ""deadline_miss_rate"": ""lower"", ""duplicate_dispatches"": ""lower"", ""fake_dispatches"": ""lower"", ""latent_harm"": ""lower"", ""max_arrival_min"": ""lower"", ""mean_arrival_min"": ""lower"", ""merge_caused_misses"": ""lower"", ""split_trips"": ""lower"", ""total_fleet_workload_min"": ""lower"", ""unique_population_reached_by_deadline_rate"": ""higher"", ""unserved_genuine_incidents"": ""lower""}"
3030,oracle,16,,,,0,0,0,0,4.1.0,test:3000-3039,a7c7a3f7ea63e57f1d98bd42f21c02aa04a69eaa37c824584a2be65f00f2d7e1,"{""numpy"": ""2.0.2"", ""pandas"": ""2.2.2"", ""python-louvain"": ""0.16"", ""scikit-learn"": ""1.6.1"", ""scipy"": ""1.16.3""}","{""additive"": {""calibration_objective"": 0.024220283682757516, ""knn"": 8, ""q"": 0.95}, ""error_model"": ""conservative-v1"", ""product"": {""knn"": 8, ""resolution"": 1.2, ""sigma_geo_m"": 900.0, ""tau_temp_min"": 60.0, ""threshold_quantile"": 0.95, ""track"": ""operational_label_free""}}","{""arrival_equity_gap_min"": ""lower"", ""boat_workload_cv"": ""lower"", ""cvar90_arrival_min"": ""lower"", ""deadline_miss_rate"": ""lower"", ""duplicate_dispatches"": ""lower"", ""fake_dispatches"": ""lower"", ""latent_harm"": ""lower"", ""max_arrival_min"": ""lower"", ""mean_arrival_min"": ""lower"", ""merge_caused_misses"": ""lower"", ""split_trips"": ""lower"", ""total_fleet_workload_min"": ""lower"", ""unique_population_reached_by_deadline_rate"": ""higher"", ""unserved_genuine_incidents"": ""lower""}"
3031,product_cij,55,0.02263257576,8.690909091,0.2952861413,5,7,2,34,4.1.0,test:3000-3039,a7c7a3f7ea63e57f1d98bd42f21c02aa04a69eaa37c824584a2be65f00f2d7e1,"{""numpy"": ""2.0.2"", ""pandas"": ""2.2.2"", ""python-louvain"": ""0.16"", ""scikit-learn"": ""1.6.1"", ""scipy"": ""1.16.3""}","{""additive"": {""calibration_objective"": 0.024220283682757516, ""knn"": 8, ""q"": 0.95}, ""error_model"": ""conservative-v1"", ""product"": {""knn"": 8, ""resolution"": 1.2, ""sigma_geo_m"": 900.0, ""tau_temp_min"": 60.0, ""threshold_quantile"": 0.95, ""track"": ""operational_label_free""}}","{""arrival_equity_gap_min"": ""lower"", ""boat_workload_cv"": ""lower"", ""cvar90_arrival_min"": ""lower"", ""deadline_miss_rate"": ""lower"", ""duplicate_dispatches"": ""lower"", ""fake_dispatches"": ""lower"", ""latent_harm"": ""lower"", ""max_arrival_min"": ""lower"", ""mean_arrival_min"": ""lower"", ""merge_caused_misses"": ""lower"", ""split_trips"": ""lower"", ""total_fleet_workload_min"": ""lower"", ""unique_population_reached_by_deadline_rate"": ""higher"", ""unserved_genuine_incidents"": ""lower""}"
3031,additive_cij_matched_density,44,0.02328192641,8.94025974,0.5608453908,3,3,2,27,4.1.0,test:3000-3039,a7c7a3f7ea63e57f1d98bd42f21c02aa04a69eaa37c824584a2be65f00f2d7e1,"{""numpy"": ""2.0.2"", ""pandas"": ""2.2.2"", ""python-louvain"": ""0.16"", ""scikit-learn"": ""1.6.1"", ""scipy"": ""1.16.3""}","{""additive"": {""calibration_objective"": 0.024220283682757516, ""knn"": 8, ""q"": 0.95}, ""error_model"": ""conservative-v1"", ""product"": {""knn"": 8, ""resolution"": 1.2, ""sigma_geo_m"": 900.0, ""tau_temp_min"": 60.0, ""threshold_quantile"": 0.95, ""track"": ""operational_label_free""}}","{""arrival_equity_gap_min"": ""lower"", ""boat_workload_cv"": ""lower"", ""cvar90_arrival_min"": ""lower"", ""deadline_miss_rate"": ""lower"", ""duplicate_dispatches"": ""lower"", ""fake_dispatches"": ""lower"", ""latent_harm"": ""lower"", ""max_arrival_min"": ""lower"", ""mean_arrival_min"": ""lower"", ""merge_caused_misses"": ""lower"", ""split_trips"": ""lower"", ""total_fleet_workload_min"": ""lower"", ""unique_population_reached_by_deadline_rate"": ""higher"", ""unserved_genuine_incidents"": ""lower""}"
3031,oracle,16,,,,0,0,0,0,4.1.0,test:3000-3039,a7c7a3f7ea63e57f1d98bd42f21c02aa04a69eaa37c824584a2be65f00f2d7e1,"{""numpy"": ""2.0.2"", ""pandas"": ""2.2.2"", ""python-louvain"": ""0.16"", ""scikit-learn"": ""1.6.1"", ""scipy"": ""1.16.3""}","{""additive"": {""calibration_objective"": 0.024220283682757516, ""knn"": 8, ""q"": 0.95}, ""error_model"": ""conservative-v1"", ""product"": {""knn"": 8, ""resolution"": 1.2, ""sigma_geo_m"": 900.0, ""tau_temp_min"": 60.0, ""threshold_quantile"": 0.95, ""track"": ""operational_label_free""}}","{""arrival_equity_gap_min"": ""lower"", ""boat_workload_cv"": ""lower"", ""cvar90_arrival_min"": ""lower"", ""deadline_miss_rate"": ""lower"", ""duplicate_dispatches"": ""lower"", ""fake_dispatches"": ""lower"", ""latent_harm"": ""lower"", ""max_arrival_min"": ""lower"", ""mean_arrival_min"": ""lower"", ""merge_caused_misses"": ""lower"", ""split_trips"": ""lower"", ""total_fleet_workload_min"": ""lower"", ""unique_population_reached_by_deadline_rate"": ""higher"", ""unserved_genuine_incidents"": ""lower""}"
3032,product_cij,52,0.02435650624,9.109333333,0.3066807127,2,2,1,35,4.1.0,test:3000-3039,a7c7a3f7ea63e57f1d98bd42f21c02aa04a69eaa37c824584a2be65f00f2d7e1,"{""numpy"": ""2.0.2"", ""pandas"": ""2.2.2"", ""python-louvain"": ""0.16"", ""scikit-learn"": ""1.6.1"", ""scipy"": ""1.16.3""}","{""additive"": {""calibration_objective"": 0.024220283682757516, ""knn"": 8, ""q"": 0.95}, ""error_model"": ""conservative-v1"", ""product"": {""knn"": 8, ""resolution"": 1.2, ""sigma_geo_m"": 900.0, ""tau_temp_min"": 60.0, ""threshold_quantile"": 0.95, ""track"": ""operational_label_free""}}","{""arrival_equity_gap_min"": ""lower"", ""boat_workload_cv"": ""lower"", ""cvar90_arrival_min"": ""lower"", ""deadline_miss_rate"": ""lower"", ""duplicate_dispatches"": ""lower"", ""fake_dispatches"": ""lower"", ""latent_harm"": ""lower"", ""max_arrival_min"": ""lower"", ""mean_arrival_min"": ""lower"", ""merge_caused_misses"": ""lower"", ""split_trips"": ""lower"", ""total_fleet_workload_min"": ""lower"", ""unique_population_reached_by_deadline_rate"": ""higher"", ""unserved_genuine_incidents"": ""lower""}"
3032,additive_cij_matched_density,45,0.02491265597,9.317333333,0.5642806199,2,2,1,29,4.1.0,test:3000-3039,a7c7a3f7ea63e57f1d98bd42f21c02aa04a69eaa37c824584a2be65f00f2d7e1,"{""numpy"": ""2.0.2"", ""pandas"": ""2.2.2"", ""python-louvain"": ""0.16"", ""scikit-learn"": ""1.6.1"", ""scipy"": ""1.16.3""}","{""additive"": {""calibration_objective"": 0.024220283682757516, ""knn"": 8, ""q"": 0.95}, ""error_model"": ""conservative-v1"", ""product"": {""knn"": 8, ""resolution"": 1.2, ""sigma_geo_m"": 900.0, ""tau_temp_min"": 60.0, ""threshold_quantile"": 0.95, ""track"": ""operational_label_free""}}","{""arrival_equity_gap_min"": ""lower"", ""boat_workload_cv"": ""lower"", ""cvar90_arrival_min"": ""lower"", ""deadline_miss_rate"": ""lower"", ""duplicate_dispatches"": ""lower"", ""fake_dispatches"": ""lower"", ""latent_harm"": ""lower"", ""max_arrival_min"": ""lower"", ""mean_arrival_min"": ""lower"", ""merge_caused_misses"": ""lower"", ""split_trips"": ""lower"", ""total_fleet_workload_min"": ""lower"", ""unique_population_reached_by_deadline_rate"": ""higher"", ""unserved_genuine_incidents"": ""lower""}"
3032,oracle,16,,,,0,0,0,0,4.1.0,test:3000-3039,a7c7a3f7ea63e57f1d98bd42f21c02aa04a69eaa37c824584a2be65f00f2d7e1,"{""numpy"": ""2.0.2"", ""pandas"": ""2.2.2"", ""python-louvain"": ""0.16"", ""scikit-learn"": ""1.6.1"", ""scipy"": ""1.16.3""}","{""additive"": {""calibration_objective"": 0.024220283682757516, ""knn"": 8, ""q"": 0.95}, ""error_model"": ""conservative-v1"", ""product"": {""knn"": 8, ""resolution"": 1.2, ""sigma_geo_m"": 900.0, ""tau_temp_min"": 60.0, ""threshold_quantile"": 0.95, ""track"": ""operational_label_free""}}","{""arrival_equity_gap_min"": ""lower"", ""boat_workload_cv"": ""lower"", ""cvar90_arrival_min"": ""lower"", ""deadline_miss_rate"": ""lower"", ""duplicate_dispatches"": ""lower"", ""fake_dispatches"": ""lower"", ""latent_harm"": ""lower"", ""max_arrival_min"": ""lower"", ""mean_arrival_min"": ""lower"", ""merge_caused_misses"": ""lower"", ""split_trips"": ""lower"", ""total_fleet_workload_min"": ""lower"", ""unique_population_reached_by_deadline_rate"": ""higher"", ""unserved_genuine_incidents"": ""lower""}"
3033,product_cij,52,0.02330831311,8.763925729,0.3006365307,2,3,2,35,4.1.0,test:3000-3039,a7c7a3f7ea63e57f1d98bd42f21c02aa04a69eaa37c824584a2be65f00f2d7e1,"{""numpy"": ""2.0.2"", ""pandas"": ""2.2.2"", ""python-louvain"": ""0.16"", ""scikit-learn"": ""1.6.1"", ""scipy"": ""1.16.3""}","{""additive"": {""calibration_objective"": 0.024220283682757516, ""knn"": 8, ""q"": 0.95}, ""error_model"": ""conservative-v1"", ""product"": {""knn"": 8, ""resolution"": 1.2, ""sigma_geo_m"": 900.0, ""tau_temp_min"": 60.0, ""threshold_quantile"": 0.95, ""track"": ""operational_label_free""}}","{""arrival_equity_gap_min"": ""lower"", ""boat_workload_cv"": ""lower"", ""cvar90_arrival_min"": ""lower"", ""deadline_miss_rate"": ""lower"", ""duplicate_dispatches"": ""lower"", ""fake_dispatches"": ""lower"", ""latent_harm"": ""lower"", ""max_arrival_min"": ""lower"", ""mean_arrival_min"": ""lower"", ""merge_caused_misses"": ""lower"", ""split_trips"": ""lower"", ""total_fleet_workload_min"": ""lower"", ""unique_population_reached_by_deadline_rate"": ""higher"", ""unserved_genuine_incidents"": ""lower""}"
3033,additive_cij_matched_density,47,0.02404198883,9.039787798,0.5554325094,2,2,2,31,4.1.0,test:3000-3039,a7c7a3f7ea63e57f1d98bd42f21c02aa04a69eaa37c824584a2be65f00f2d7e1,"{""numpy"": ""2.0.2"", ""pandas"": ""2.2.2"", ""python-louvain"": ""0.16"", ""scikit-learn"": ""1.6.1"", ""scipy"": ""1.16.3""}","{""additive"": {""calibration_objective"": 0.024220283682757516, ""knn"": 8, ""q"": 0.95}, ""error_model"": ""conservative-v1"", ""product"": {""knn"": 8, ""resolution"": 1.2, ""sigma_geo_m"": 900.0, ""tau_temp_min"": 60.0, ""threshold_quantile"": 0.95, ""track"": ""operational_label_free""}}","{""arrival_equity_gap_min"": ""lower"", ""boat_workload_cv"": ""lower"", ""cvar90_arrival_min"": ""lower"", ""deadline_miss_rate"": ""lower"", ""duplicate_dispatches"": ""lower"", ""fake_dispatches"": ""lower"", ""latent_harm"": ""lower"", ""max_arrival_min"": ""lower"", ""mean_arrival_min"": ""lower"", ""merge_caused_misses"": ""lower"", ""split_trips"": ""lower"", ""total_fleet_workload_min"": ""lower"", ""unique_population_reached_by_deadline_rate"": ""higher"", ""unserved_genuine_incidents"": ""lower""}"
3033,oracle,16,,,,0,0,0,0,4.1.0,test:3000-3039,a7c7a3f7ea63e57f1d98bd42f21c02aa04a69eaa37c824584a2be65f00f2d7e1,"{""numpy"": ""2.0.2"", ""pandas"": ""2.2.2"", ""python-louvain"": ""0.16"", ""scikit-learn"": ""1.6.1"", ""scipy"": ""1.16.3""}","{""additive"": {""calibration_objective"": 0.024220283682757516, ""knn"": 8, ""q"": 0.95}, ""error_model"": ""conservative-v1"", ""product"": {""knn"": 8, ""resolution"": 1.2, ""sigma_geo_m"": 900.0, ""tau_temp_min"": 60.0, ""threshold_quantile"": 0.95, ""track"": ""operational_label_free""}}","{""arrival_equity_gap_min"": ""lower"", ""boat_workload_cv"": ""lower"", ""cvar90_arrival_min"": ""lower"", ""deadline_miss_rate"": ""lower"", ""duplicate_dispatches"": ""lower"", ""fake_dispatches"": ""lower"", ""latent_harm"": ""lower"", ""max_arrival_min"": ""lower"", ""mean_arrival_min"": ""lower"", ""merge_caused_misses"": ""lower"", ""split_trips"": ""lower"", ""total_fleet_workload_min"": ""lower"", ""unique_population_reached_by_deadline_rate"": ""higher"", ""unserved_genuine_incidents"": ""lower""}"
3034,product_cij,52,0.02424399666,9.018766756,0.2742731622,2,2,1,35,4.1.0,test:3000-3039,a7c7a3f7ea63e57f1d98bd42f21c02aa04a69eaa37c824584a2be65f00f2d7e1,"{""numpy"": ""2.0.2"", ""pandas"": ""2.2.2"", ""python-louvain"": ""0.16"", ""scikit-learn"": ""1.6.1"", ""scipy"": ""1.16.3""}","{""additive"": {""calibration_objective"": 0.024220283682757516, ""knn"": 8, ""q"": 0.95}, ""error_model"": ""conservative-v1"", ""product"": {""knn"": 8, ""resolution"": 1.2, ""sigma_geo_m"": 900.0, ""tau_temp_min"": 60.0, ""threshold_quantile"": 0.95, ""track"": ""operational_label_free""}}","{""arrival_equity_gap_min"": ""lower"", ""boat_workload_cv"": ""lower"", ""cvar90_arrival_min"": ""lower"", ""deadline_miss_rate"": ""lower"", ""duplicate_dispatches"": ""lower"", ""fake_dispatches"": ""lower"", ""latent_harm"": ""lower"", ""max_arrival_min"": ""lower"", ""mean_arrival_min"": ""lower"", ""merge_caused_misses"": ""lower"", ""split_trips"": ""lower"", ""total_fleet_workload_min"": ""lower"", ""unique_population_reached_by_deadline_rate"": ""higher"", ""unserved_genuine_incidents"": ""lower""}"
3034,additive_cij_matched_density,45,0.02495027242,9.28150134,0.5487783828,2,2,1,28,4.1.0,test:3000-3039,a7c7a3f7ea63e57f1d98bd42f21c02aa04a69eaa37c824584a2be65f00f2d7e1,"{""numpy"": ""2.0.2"", ""pandas"": ""2.2.2"", ""python-louvain"": ""0.16"", ""scikit-learn"": ""1.6.1"", ""scipy"": ""1.16.3""}","{""additive"": {""calibration_objective"": 0.024220283682757516, ""knn"": 8, ""q"": 0.95}, ""error_model"": ""conservative-v1"", ""product"": {""knn"": 8, ""resolution"": 1.2, ""sigma_geo_m"": 900.0, ""tau_temp_min"": 60.0, ""threshold_quantile"": 0.95, ""track"": ""operational_label_free""}}","{""arrival_equity_gap_min"": ""lower"", ""boat_workload_cv"": ""lower"", ""cvar90_arrival_min"": ""lower"", ""deadline_miss_rate"": ""lower"", ""duplicate_dispatches"": ""lower"", ""fake_dispatches"": ""lower"", ""latent_harm"": ""lower"", ""max_arrival_min"": ""lower"", ""mean_arrival_min"": ""lower"", ""merge_caused_misses"": ""lower"", ""split_trips"": ""lower"", ""total_fleet_workload_min"": ""lower"", ""unique_population_reached_by_deadline_rate"": ""higher"", ""unserved_genuine_incidents"": ""lower""}"
3034,oracle,16,,,,0,0,0,0,4.1.0,test:3000-3039,a7c7a3f7ea63e57f1d98bd42f21c02aa04a69eaa37c824584a2be65f00f2d7e1,"{""numpy"": ""2.0.2"", ""pandas"": ""2.2.2"", ""python-louvain"": ""0.16"", ""scikit-learn"": ""1.6.1"", ""scipy"": ""1.16.3""}","{""additive"": {""calibration_objective"": 0.024220283682757516, ""knn"": 8, ""q"": 0.95}, ""error_model"": ""conservative-v1"", ""product"": {""knn"": 8, ""resolution"": 1.2, ""sigma_geo_m"": 900.0, ""tau_temp_min"": 60.0, ""threshold_quantile"": 0.95, ""track"": ""operational_label_free""}}","{""arrival_equity_gap_min"": ""lower"", ""boat_workload_cv"": ""lower"", ""cvar90_arrival_min"": ""lower"", ""deadline_miss_rate"": ""lower"", ""duplicate_dispatches"": ""lower"", ""fake_dispatches"": ""lower"", ""latent_harm"": ""lower"", ""max_arrival_min"": ""lower"", ""mean_arrival_min"": ""lower"", ""merge_caused_misses"": ""lower"", ""split_trips"": ""lower"", ""total_fleet_workload_min"": ""lower"", ""unique_population_reached_by_deadline_rate"": ""higher"", ""unserved_genuine_incidents"": ""lower""}"
3035,product_cij,52,0.02394130704,8.90616622,0.3165317778,2,2,1,35,4.1.0,test:3000-3039,a7c7a3f7ea63e57f1d98bd42f21c02aa04a69eaa37c824584a2be65f00f2d7e1,"{""numpy"": ""2.0.2"", ""pandas"": ""2.2.2"", ""python-louvain"": ""0.16"", ""scikit-learn"": ""1.6.1"", ""scipy"": ""1.16.3""}","{""additive"": {""calibration_objective"": 0.024220283682757516, ""knn"": 8, ""q"": 0.95}, ""error_model"": ""conservative-v1"", ""product"": {""knn"": 8, ""resolution"": 1.2, ""sigma_geo_m"": 900.0, ""tau_temp_min"": 60.0, ""threshold_quantile"": 0.95, ""track"": ""operational_label_free""}}","{""arrival_equity_gap_min"": ""lower"", ""boat_workload_cv"": ""lower"", ""cvar90_arrival_min"": ""lower"", ""deadline_miss_rate"": ""lower"", ""duplicate_dispatches"": ""lower"", ""fake_dispatches"": ""lower"", ""latent_harm"": ""lower"", ""max_arrival_min"": ""lower"", ""mean_arrival_min"": ""lower"", ""merge_caused_misses"": ""lower"", ""split_trips"": ""lower"", ""total_fleet_workload_min"": ""lower"", ""unique_population_reached_by_deadline_rate"": ""higher"", ""unserved_genuine_incidents"": ""lower""}"
3035,additive_cij_matched_density,44,0.02457551385,9.142091153,0.5643251131,2,2,2,28,4.1.0,test:3000-3039,a7c7a3f7ea63e57f1d98bd42f21c02aa04a69eaa37c824584a2be65f00f2d7e1,"{""numpy"": ""2.0.2"", ""pandas"": ""2.2.2"", ""python-louvain"": ""0.16"", ""scikit-learn"": ""1.6.1"", ""scipy"": ""1.16.3""}","{""additive"": {""calibration_objective"": 0.024220283682757516, ""knn"": 8, ""q"": 0.95}, ""error_model"": ""conservative-v1"", ""product"": {""knn"": 8, ""resolution"": 1.2, ""sigma_geo_m"": 900.0, ""tau_temp_min"": 60.0, ""threshold_quantile"": 0.95, ""track"": ""operational_label_free""}}","{""arrival_equity_gap_min"": ""lower"", ""boat_workload_cv"": ""lower"", ""cvar90_arrival_min"": ""lower"", ""deadline_miss_rate"": ""lower"", ""duplicate_dispatches"": ""lower"", ""fake_dispatches"": ""lower"", ""latent_harm"": ""lower"", ""max_arrival_min"": ""lower"", ""mean_arrival_min"": ""lower"", ""merge_caused_misses"": ""lower"", ""split_trips"": ""lower"", ""total_fleet_workload_min"": ""lower"", ""unique_population_reached_by_deadline_rate"": ""higher"", ""unserved_genuine_incidents"": ""lower""}"
3035,oracle,16,,,,0,0,0,0,4.1.0,test:3000-3039,a7c7a3f7ea63e57f1d98bd42f21c02aa04a69eaa37c824584a2be65f00f2d7e1,"{""numpy"": ""2.0.2"", ""pandas"": ""2.2.2"", ""python-louvain"": ""0.16"", ""scikit-learn"": ""1.6.1"", ""scipy"": ""1.16.3""}","{""additive"": {""calibration_objective"": 0.024220283682757516, ""knn"": 8, ""q"": 0.95}, ""error_model"": ""conservative-v1"", ""product"": {""knn"": 8, ""resolution"": 1.2, ""sigma_geo_m"": 900.0, ""tau_temp_min"": 60.0, ""threshold_quantile"": 0.95, ""track"": ""operational_label_free""}}","{""arrival_equity_gap_min"": ""lower"", ""boat_workload_cv"": ""lower"", ""cvar90_arrival_min"": ""lower"", ""deadline_miss_rate"": ""lower"", ""duplicate_dispatches"": ""lower"", ""fake_dispatches"": ""lower"", ""latent_harm"": ""lower"", ""max_arrival_min"": ""lower"", ""mean_arrival_min"": ""lower"", ""merge_caused_misses"": ""lower"", ""split_trips"": ""lower"", ""total_fleet_workload_min"": ""lower"", ""unique_population_reached_by_deadline_rate"": ""higher"", ""unserved_genuine_incidents"": ""lower""}"
3036,product_cij,55,0.02370356916,8.604395604,0.2757262486,4,5,1,35,4.1.0,test:3000-3039,a7c7a3f7ea63e57f1d98bd42f21c02aa04a69eaa37c824584a2be65f00f2d7e1,"{""numpy"": ""2.0.2"", ""pandas"": ""2.2.2"", ""python-louvain"": ""0.16"", ""scikit-learn"": ""1.6.1"", ""scipy"": ""1.16.3""}","{""additive"": {""calibration_objective"": 0.024220283682757516, ""knn"": 8, ""q"": 0.95}, ""error_model"": ""conservative-v1"", ""product"": {""knn"": 8, ""resolution"": 1.2, ""sigma_geo_m"": 900.0, ""tau_temp_min"": 60.0, ""threshold_quantile"": 0.95, ""track"": ""operational_label_free""}}","{""arrival_equity_gap_min"": ""lower"", ""boat_workload_cv"": ""lower"", ""cvar90_arrival_min"": ""lower"", ""deadline_miss_rate"": ""lower"", ""duplicate_dispatches"": ""lower"", ""fake_dispatches"": ""lower"", ""latent_harm"": ""lower"", ""max_arrival_min"": ""lower"", ""mean_arrival_min"": ""lower"", ""merge_caused_misses"": ""lower"", ""split_trips"": ""lower"", ""total_fleet_workload_min"": ""lower"", ""unique_population_reached_by_deadline_rate"": ""higher"", ""unserved_genuine_incidents"": ""lower""}"
3036,additive_cij_matched_density,46,0.02456634275,8.917582418,0.5495038172,2,2,1,29,4.1.0,test:3000-3039,a7c7a3f7ea63e57f1d98bd42f21c02aa04a69eaa37c824584a2be65f00f2d7e1,"{""numpy"": ""2.0.2"", ""pandas"": ""2.2.2"", ""python-louvain"": ""0.16"", ""scikit-learn"": ""1.6.1"", ""scipy"": ""1.16.3""}","{""additive"": {""calibration_objective"": 0.024220283682757516, ""knn"": 8, ""q"": 0.95}, ""error_model"": ""conservative-v1"", ""product"": {""knn"": 8, ""resolution"": 1.2, ""sigma_geo_m"": 900.0, ""tau_temp_min"": 60.0, ""threshold_quantile"": 0.95, ""track"": ""operational_label_free""}}","{""arrival_equity_gap_min"": ""lower"", ""boat_workload_cv"": ""lower"", ""cvar90_arrival_min"": ""lower"", ""deadline_miss_rate"": ""lower"", ""duplicate_dispatches"": ""lower"", ""fake_dispatches"": ""lower"", ""latent_harm"": ""lower"", ""max_arrival_min"": ""lower"", ""mean_arrival_min"": ""lower"", ""merge_caused_misses"": ""lower"", ""split_trips"": ""lower"", ""total_fleet_workload_min"": ""lower"", ""unique_population_reached_by_deadline_rate"": ""higher"", ""unserved_genuine_incidents"": ""lower""}"
3036,oracle,16,,,,0,0,0,0,4.1.0,test:3000-3039,a7c7a3f7ea63e57f1d98bd42f21c02aa04a69eaa37c824584a2be65f00f2d7e1,"{""numpy"": ""2.0.2"", ""pandas"": ""2.2.2"", ""python-louvain"": ""0.16"", ""scikit-learn"": ""1.6.1"", ""scipy"": ""1.16.3""}","{""additive"": {""calibration_objective"": 0.024220283682757516, ""knn"": 8, ""q"": 0.95}, ""error_model"": ""conservative-v1"", ""product"": {""knn"": 8, ""resolution"": 1.2, ""sigma_geo_m"": 900.0, ""tau_temp_min"": 60.0, ""threshold_quantile"": 0.95, ""track"": ""operational_label_free""}}","{""arrival_equity_gap_min"": ""lower"", ""boat_workload_cv"": ""lower"", ""cvar90_arrival_min"": ""lower"", ""deadline_miss_rate"": ""lower"", ""duplicate_dispatches"": ""lower"", ""fake_dispatches"": ""lower"", ""latent_harm"": ""lower"", ""max_arrival_min"": ""lower"", ""mean_arrival_min"": ""lower"", ""merge_caused_misses"": ""lower"", ""split_trips"": ""lower"", ""total_fleet_workload_min"": ""lower"", ""unique_population_reached_by_deadline_rate"": ""higher"", ""unserved_genuine_incidents"": ""lower""}"
3037,product_cij,53,0.02292656193,8.964285714,0.3116186258,2,3,1,35,4.1.0,test:3000-3039,a7c7a3f7ea63e57f1d98bd42f21c02aa04a69eaa37c824584a2be65f00f2d7e1,"{""numpy"": ""2.0.2"", ""pandas"": ""2.2.2"", ""python-louvain"": ""0.16"", ""scikit-learn"": ""1.6.1"", ""scipy"": ""1.16.3""}","{""additive"": {""calibration_objective"": 0.024220283682757516, ""knn"": 8, ""q"": 0.95}, ""error_model"": ""conservative-v1"", ""product"": {""knn"": 8, ""resolution"": 1.2, ""sigma_geo_m"": 900.0, ""tau_temp_min"": 60.0, ""threshold_quantile"": 0.95, ""track"": ""operational_label_free""}}","{""arrival_equity_gap_min"": ""lower"", ""boat_workload_cv"": ""lower"", ""cvar90_arrival_min"": ""lower"", ""deadline_miss_rate"": ""lower"", ""duplicate_dispatches"": ""lower"", ""fake_dispatches"": ""lower"", ""latent_harm"": ""lower"", ""max_arrival_min"": ""lower"", ""mean_arrival_min"": ""lower"", ""merge_caused_misses"": ""lower"", ""split_trips"": ""lower"", ""total_fleet_workload_min"": ""lower"", ""unique_population_reached_by_deadline_rate"": ""higher"", ""unserved_genuine_incidents"": ""lower""}"
3037,additive_cij_matched_density,45,0.02359204551,9.224489796,0.5647657489,1,1,1,29,4.1.0,test:3000-3039,a7c7a3f7ea63e57f1d98bd42f21c02aa04a69eaa37c824584a2be65f00f2d7e1,"{""numpy"": ""2.0.2"", ""pandas"": ""2.2.2"", ""python-louvain"": ""0.16"", ""scikit-learn"": ""1.6.1"", ""scipy"": ""1.16.3""}","{""additive"": {""calibration_objective"": 0.024220283682757516, ""knn"": 8, ""q"": 0.95}, ""error_model"": ""conservative-v1"", ""product"": {""knn"": 8, ""resolution"": 1.2, ""sigma_geo_m"": 900.0, ""tau_temp_min"": 60.0, ""threshold_quantile"": 0.95, ""track"": ""operational_label_free""}}","{""arrival_equity_gap_min"": ""lower"", ""boat_workload_cv"": ""lower"", ""cvar90_arrival_min"": ""lower"", ""deadline_miss_rate"": ""lower"", ""duplicate_dispatches"": ""lower"", ""fake_dispatches"": ""lower"", ""latent_harm"": ""lower"", ""max_arrival_min"": ""lower"", ""mean_arrival_min"": ""lower"", ""merge_caused_misses"": ""lower"", ""split_trips"": ""lower"", ""total_fleet_workload_min"": ""lower"", ""unique_population_reached_by_deadline_rate"": ""higher"", ""unserved_genuine_incidents"": ""lower""}"
3037,oracle,16,,,,0,0,0,0,4.1.0,test:3000-3039,a7c7a3f7ea63e57f1d98bd42f21c02aa04a69eaa37c824584a2be65f00f2d7e1,"{""numpy"": ""2.0.2"", ""pandas"": ""2.2.2"", ""python-louvain"": ""0.16"", ""scikit-learn"": ""1.6.1"", ""scipy"": ""1.16.3""}","{""additive"": {""calibration_objective"": 0.024220283682757516, ""knn"": 8, ""q"": 0.95}, ""error_model"": ""conservative-v1"", ""product"": {""knn"": 8, ""resolution"": 1.2, ""sigma_geo_m"": 900.0, ""tau_temp_min"": 60.0, ""threshold_quantile"": 0.95, ""track"": ""operational_label_free""}}","{""arrival_equity_gap_min"": ""lower"", ""boat_workload_cv"": ""lower"", ""cvar90_arrival_min"": ""lower"", ""deadline_miss_rate"": ""lower"", ""duplicate_dispatches"": ""lower"", ""fake_dispatches"": ""lower"", ""latent_harm"": ""lower"", ""max_arrival_min"": ""lower"", ""mean_arrival_min"": ""lower"", ""merge_caused_misses"": ""lower"", ""split_trips"": ""lower"", ""total_fleet_workload_min"": ""lower"", ""unique_population_reached_by_deadline_rate"": ""higher"", ""unserved_genuine_incidents"": ""lower""}"
3038,product_cij,52,0.02358096226,8.772117962,0.3081039313,2,2,1,35,4.1.0,test:3000-3039,a7c7a3f7ea63e57f1d98bd42f21c02aa04a69eaa37c824584a2be65f00f2d7e1,"{""numpy"": ""2.0.2"", ""pandas"": ""2.2.2"", ""python-louvain"": ""0.16"", ""scikit-learn"": ""1.6.1"", ""scipy"": ""1.16.3""}","{""additive"": {""calibration_objective"": 0.024220283682757516, ""knn"": 8, ""q"": 0.95}, ""error_model"": ""conservative-v1"", ""product"": {""knn"": 8, ""resolution"": 1.2, ""sigma_geo_m"": 900.0, ""tau_temp_min"": 60.0, ""threshold_quantile"": 0.95, ""track"": ""operational_label_free""}}","{""arrival_equity_gap_min"": ""lower"", ""boat_workload_cv"": ""lower"", ""cvar90_arrival_min"": ""lower"", ""deadline_miss_rate"": ""lower"", ""duplicate_dispatches"": ""lower"", ""fake_dispatches"": ""lower"", ""latent_harm"": ""lower"", ""max_arrival_min"": ""lower"", ""mean_arrival_min"": ""lower"", ""merge_caused_misses"": ""lower"", ""split_trips"": ""lower"", ""total_fleet_workload_min"": ""lower"", ""unique_population_reached_by_deadline_rate"": ""higher"", ""unserved_genuine_incidents"": ""lower""}"
3038,additive_cij_matched_density,47,0.02421516907,9.008042895,0.5635679494,1,1,1,31,4.1.0,test:3000-3039,a7c7a3f7ea63e57f1d98bd42f21c02aa04a69eaa37c824584a2be65f00f2d7e1,"{""numpy"": ""2.0.2"", ""pandas"": ""2.2.2"", ""python-louvain"": ""0.16"", ""scikit-learn"": ""1.6.1"", ""scipy"": ""1.16.3""}","{""additive"": {""calibration_objective"": 0.024220283682757516, ""knn"": 8, ""q"": 0.95}, ""error_model"": ""conservative-v1"", ""product"": {""knn"": 8, ""resolution"": 1.2, ""sigma_geo_m"": 900.0, ""tau_temp_min"": 60.0, ""threshold_quantile"": 0.95, ""track"": ""operational_label_free""}}","{""arrival_equity_gap_min"": ""lower"", ""boat_workload_cv"": ""lower"", ""cvar90_arrival_min"": ""lower"", ""deadline_miss_rate"": ""lower"", ""duplicate_dispatches"": ""lower"", ""fake_dispatches"": ""lower"", ""latent_harm"": ""lower"", ""max_arrival_min"": ""lower"", ""mean_arrival_min"": ""lower"", ""merge_caused_misses"": ""lower"", ""split_trips"": ""lower"", ""total_fleet_workload_min"": ""lower"", ""unique_population_reached_by_deadline_rate"": ""higher"", ""unserved_genuine_incidents"": ""lower""}"
3038,oracle,16,,,,0,0,0,0,4.1.0,test:3000-3039,a7c7a3f7ea63e57f1d98bd42f21c02aa04a69eaa37c824584a2be65f00f2d7e1,"{""numpy"": ""2.0.2"", ""pandas"": ""2.2.2"", ""python-louvain"": ""0.16"", ""scikit-learn"": ""1.6.1"", ""scipy"": ""1.16.3""}","{""additive"": {""calibration_objective"": 0.024220283682757516, ""knn"": 8, ""q"": 0.95}, ""error_model"": ""conservative-v1"", ""product"": {""knn"": 8, ""resolution"": 1.2, ""sigma_geo_m"": 900.0, ""tau_temp_min"": 60.0, ""threshold_quantile"": 0.95, ""track"": ""operational_label_free""}}","{""arrival_equity_gap_min"": ""lower"", ""boat_workload_cv"": ""lower"", ""cvar90_arrival_min"": ""lower"", ""deadline_miss_rate"": ""lower"", ""duplicate_dispatches"": ""lower"", ""fake_dispatches"": ""lower"", ""latent_harm"": ""lower"", ""max_arrival_min"": ""lower"", ""mean_arrival_min"": ""lower"", ""merge_caused_misses"": ""lower"", ""split_trips"": ""lower"", ""total_fleet_workload_min"": ""lower"", ""unique_population_reached_by_deadline_rate"": ""higher"", ""unserved_genuine_incidents"": ""lower""}"
3039,product_cij,51,0.02330936793,8.997416021,0.2944934966,1,1,1,35,4.1.0,test:3000-3039,a7c7a3f7ea63e57f1d98bd42f21c02aa04a69eaa37c824584a2be65f00f2d7e1,"{""numpy"": ""2.0.2"", ""pandas"": ""2.2.2"", ""python-louvain"": ""0.16"", ""scikit-learn"": ""1.6.1"", ""scipy"": ""1.16.3""}","{""additive"": {""calibration_objective"": 0.024220283682757516, ""knn"": 8, ""q"": 0.95}, ""error_model"": ""conservative-v1"", ""product"": {""knn"": 8, ""resolution"": 1.2, ""sigma_geo_m"": 900.0, ""tau_temp_min"": 60.0, ""threshold_quantile"": 0.95, ""track"": ""operational_label_free""}}","{""arrival_equity_gap_min"": ""lower"", ""boat_workload_cv"": ""lower"", ""cvar90_arrival_min"": ""lower"", ""deadline_miss_rate"": ""lower"", ""duplicate_dispatches"": ""lower"", ""fake_dispatches"": ""lower"", ""latent_harm"": ""lower"", ""max_arrival_min"": ""lower"", ""mean_arrival_min"": ""lower"", ""merge_caused_misses"": ""lower"", ""split_trips"": ""lower"", ""total_fleet_workload_min"": ""lower"", ""unique_population_reached_by_deadline_rate"": ""higher"", ""unserved_genuine_incidents"": ""lower""}"
3039,additive_cij_matched_density,42,0.02387168467,9.214470284,0.555804624,0,0,1,27,4.1.0,test:3000-3039,a7c7a3f7ea63e57f1d98bd42f21c02aa04a69eaa37c824584a2be65f00f2d7e1,"{""numpy"": ""2.0.2"", ""pandas"": ""2.2.2"", ""python-louvain"": ""0.16"", ""scikit-learn"": ""1.6.1"", ""scipy"": ""1.16.3""}","{""additive"": {""calibration_objective"": 0.024220283682757516, ""knn"": 8, ""q"": 0.95}, ""error_model"": ""conservative-v1"", ""product"": {""knn"": 8, ""resolution"": 1.2, ""sigma_geo_m"": 900.0, ""tau_temp_min"": 60.0, ""threshold_quantile"": 0.95, ""track"": ""operational_label_free""}}","{""arrival_equity_gap_min"": ""lower"", ""boat_workload_cv"": ""lower"", ""cvar90_arrival_min"": ""lower"", ""deadline_miss_rate"": ""lower"", ""duplicate_dispatches"": ""lower"", ""fake_dispatches"": ""lower"", ""latent_harm"": ""lower"", ""max_arrival_min"": ""lower"", ""mean_arrival_min"": ""lower"", ""merge_caused_misses"": ""lower"", ""split_trips"": ""lower"", ""total_fleet_workload_min"": ""lower"", ""unique_population_reached_by_deadline_rate"": ""higher"", ""unserved_genuine_incidents"": ""lower""}"
3039,oracle,16,,,,0,0,0,0,4.1.0,test:3000-3039,a7c7a3f7ea63e57f1d98bd42f21c02aa04a69eaa37c824584a2be65f00f2d7e1,"{""numpy"": ""2.0.2"", ""pandas"": ""2.2.2"", ""python-louvain"": ""0.16"", ""scikit-learn"": ""1.6.1"", ""scipy"": ""1.16.3""}","{""additive"": {""calibration_objective"": 0.024220283682757516, ""knn"": 8, ""q"": 0.95}, ""error_model"": ""conservative-v1"", ""product"": {""knn"": 8, ""resolution"": 1.2, ""sigma_geo_m"": 900.0, ""tau_temp_min"": 60.0, ""threshold_quantile"": 0.95, ""track"": ""operational_label_free""}}","{""arrival_equity_gap_min"": ""lower"", ""boat_workload_cv"": ""lower"", ""cvar90_arrival_min"": ""lower"", ""deadline_miss_rate"": ""lower"", ""duplicate_dispatches"": ""lower"", ""fake_dispatches"": ""lower"", ""latent_harm"": ""lower"", ""max_arrival_min"": ""lower"", ""mean_arrival_min"": ""lower"", ""merge_caused_misses"": ""lower"", ""split_trips"": ""lower"", ""total_fleet_workload_min"": ""lower"", ""unique_population_reached_by_deadline_rate"": ""higher"", ""unserved_genuine_incidents"": ""lower""}"
