section,method,scenario,metric,direction,mean,standard_deviation,median,paired_confidence_interval,denominator,n_seed_pairs,generator_version,seed_split,candidate_bundle_sha256,package_versions,config_identity,metric_direction
alignment,duplicate_aware_robust,all_test,ndcg_at_5,higher,0.666889741,0.1174312792,0.6626228609,"[0.630573585791977, 0.7018339735459405]",{'test_seeds': 40},40,4.1.0,test:3000-3039,a7c7a3f7ea63e57f1d98bd42f21c02aa04a69eaa37c824584a2be65f00f2d7e1,"{""numpy"": ""2.0.2"", ""pandas"": ""2.2.2"", ""python-louvain"": ""0.16"", ""scikit-learn"": ""1.6.1"", ""scipy"": ""1.16.3""}",RQ2-v1|oracle-evaluator-grouping|observed-reports-only,"{""false_priority_lift_normalized"": ""lower"", ""mean_rank_drift_normalized"": ""lower"", ""n_error_relative_after"": ""lower"", ""ndcg_at_5"": ""higher"", ""priority_drift_abs_normalized"": ""lower"", ""spearman"": ""higher"", ""top5_overlap"": ""higher"", ""top_k_churn"": ""lower"", ""v_error_relative_after"": ""lower""}"
alignment,duplicate_aware_robust,all_test,spearman,higher,-0.03036764706,0.281203186,-0.06176470588,"[-0.1164705882352941, 0.054935661764705754]",{'test_seeds': 40},40,4.1.0,test:3000-3039,a7c7a3f7ea63e57f1d98bd42f21c02aa04a69eaa37c824584a2be65f00f2d7e1,"{""numpy"": ""2.0.2"", ""pandas"": ""2.2.2"", ""python-louvain"": ""0.16"", ""scikit-learn"": ""1.6.1"", ""scipy"": ""1.16.3""}",RQ2-v1|oracle-evaluator-grouping|observed-reports-only,"{""false_priority_lift_normalized"": ""lower"", ""mean_rank_drift_normalized"": ""lower"", ""n_error_relative_after"": ""lower"", ""ndcg_at_5"": ""higher"", ""priority_drift_abs_normalized"": ""lower"", ""spearman"": ""higher"", ""top5_overlap"": ""higher"", ""top_k_churn"": ""lower"", ""v_error_relative_after"": ""lower""}"
alignment,duplicate_aware_robust,all_test,top5_overlap,higher,0.285,0.1747525723,0.2,"[0.2348750000000005, 0.34]",{'test_seeds': 40},40,4.1.0,test:3000-3039,a7c7a3f7ea63e57f1d98bd42f21c02aa04a69eaa37c824584a2be65f00f2d7e1,"{""numpy"": ""2.0.2"", ""pandas"": ""2.2.2"", ""python-louvain"": ""0.16"", ""scikit-learn"": ""1.6.1"", ""scipy"": ""1.16.3""}",RQ2-v1|oracle-evaluator-grouping|observed-reports-only,"{""false_priority_lift_normalized"": ""lower"", ""mean_rank_drift_normalized"": ""lower"", ""n_error_relative_after"": ""lower"", ""ndcg_at_5"": ""higher"", ""priority_drift_abs_normalized"": ""lower"", ""spearman"": ""higher"", ""top5_overlap"": ""higher"", ""top_k_churn"": ""lower"", ""v_error_relative_after"": ""lower""}"
alignment,legacy_raw,all_test,ndcg_at_5,higher,0.6547713427,0.1039467847,0.6633904659,"[0.6228742253092528, 0.6849560580617219]",{'test_seeds': 40},40,4.1.0,test:3000-3039,a7c7a3f7ea63e57f1d98bd42f21c02aa04a69eaa37c824584a2be65f00f2d7e1,"{""numpy"": ""2.0.2"", ""pandas"": ""2.2.2"", ""python-louvain"": ""0.16"", ""scikit-learn"": ""1.6.1"", ""scipy"": ""1.16.3""}",RQ2-v1|oracle-evaluator-grouping|observed-reports-only,"{""false_priority_lift_normalized"": ""lower"", ""mean_rank_drift_normalized"": ""lower"", ""n_error_relative_after"": ""lower"", ""ndcg_at_5"": ""higher"", ""priority_drift_abs_normalized"": ""lower"", ""spearman"": ""higher"", ""top5_overlap"": ""higher"", ""top_k_churn"": ""lower"", ""v_error_relative_after"": ""lower""}"
alignment,legacy_raw,all_test,spearman,higher,-0.07286764706,0.2528030135,-0.1147058824,"[-0.14934007352941175, 0.0026525735294116756]",{'test_seeds': 40},40,4.1.0,test:3000-3039,a7c7a3f7ea63e57f1d98bd42f21c02aa04a69eaa37c824584a2be65f00f2d7e1,"{""numpy"": ""2.0.2"", ""pandas"": ""2.2.2"", ""python-louvain"": ""0.16"", ""scikit-learn"": ""1.6.1"", ""scipy"": ""1.16.3""}",RQ2-v1|oracle-evaluator-grouping|observed-reports-only,"{""false_priority_lift_normalized"": ""lower"", ""mean_rank_drift_normalized"": ""lower"", ""n_error_relative_after"": ""lower"", ""ndcg_at_5"": ""higher"", ""priority_drift_abs_normalized"": ""lower"", ""spearman"": ""higher"", ""top5_overlap"": ""higher"", ""top_k_churn"": ""lower"", ""v_error_relative_after"": ""lower""}"
alignment,legacy_raw,all_test,top5_overlap,higher,0.265,0.165715233,0.2,"[0.215, 0.31500000000000006]",{'test_seeds': 40},40,4.1.0,test:3000-3039,a7c7a3f7ea63e57f1d98bd42f21c02aa04a69eaa37c824584a2be65f00f2d7e1,"{""numpy"": ""2.0.2"", ""pandas"": ""2.2.2"", ""python-louvain"": ""0.16"", ""scikit-learn"": ""1.6.1"", ""scipy"": ""1.16.3""}",RQ2-v1|oracle-evaluator-grouping|observed-reports-only,"{""false_priority_lift_normalized"": ""lower"", ""mean_rank_drift_normalized"": ""lower"", ""n_error_relative_after"": ""lower"", ""ndcg_at_5"": ""higher"", ""priority_drift_abs_normalized"": ""lower"", ""spearman"": ""higher"", ""top5_overlap"": ""higher"", ""top_k_churn"": ""lower"", ""v_error_relative_after"": ""lower""}"
alignment,population_only,all_test,ndcg_at_5,higher,0.6709379529,0.08053305126,0.6500973254,"[0.6471053904027629, 0.6954605383428879]",{'test_seeds': 40},40,4.1.0,test:3000-3039,a7c7a3f7ea63e57f1d98bd42f21c02aa04a69eaa37c824584a2be65f00f2d7e1,"{""numpy"": ""2.0.2"", ""pandas"": ""2.2.2"", ""python-louvain"": ""0.16"", ""scikit-learn"": ""1.6.1"", ""scipy"": ""1.16.3""}",RQ2-v1|oracle-evaluator-grouping|observed-reports-only,"{""false_priority_lift_normalized"": ""lower"", ""mean_rank_drift_normalized"": ""lower"", ""n_error_relative_after"": ""lower"", ""ndcg_at_5"": ""higher"", ""priority_drift_abs_normalized"": ""lower"", ""spearman"": ""higher"", ""top5_overlap"": ""higher"", ""top_k_churn"": ""lower"", ""v_error_relative_after"": ""lower""}"
alignment,population_only,all_test,spearman,higher,0.01843333347,0.2398101414,0.02872772493,"[-0.05368869827261033, 0.09018360382835185]",{'test_seeds': 40},40,4.1.0,test:3000-3039,a7c7a3f7ea63e57f1d98bd42f21c02aa04a69eaa37c824584a2be65f00f2d7e1,"{""numpy"": ""2.0.2"", ""pandas"": ""2.2.2"", ""python-louvain"": ""0.16"", ""scikit-learn"": ""1.6.1"", ""scipy"": ""1.16.3""}",RQ2-v1|oracle-evaluator-grouping|observed-reports-only,"{""false_priority_lift_normalized"": ""lower"", ""mean_rank_drift_normalized"": ""lower"", ""n_error_relative_after"": ""lower"", ""ndcg_at_5"": ""higher"", ""priority_drift_abs_normalized"": ""lower"", ""spearman"": ""higher"", ""top5_overlap"": ""higher"", ""top_k_churn"": ""lower"", ""v_error_relative_after"": ""lower""}"
alignment,population_only,all_test,top5_overlap,higher,0.295,0.1568111718,0.3,"[0.24500000000000002, 0.34]",{'test_seeds': 40},40,4.1.0,test:3000-3039,a7c7a3f7ea63e57f1d98bd42f21c02aa04a69eaa37c824584a2be65f00f2d7e1,"{""numpy"": ""2.0.2"", ""pandas"": ""2.2.2"", ""python-louvain"": ""0.16"", ""scikit-learn"": ""1.6.1"", ""scipy"": ""1.16.3""}",RQ2-v1|oracle-evaluator-grouping|observed-reports-only,"{""false_priority_lift_normalized"": ""lower"", ""mean_rank_drift_normalized"": ""lower"", ""n_error_relative_after"": ""lower"", ""ndcg_at_5"": ""higher"", ""priority_drift_abs_normalized"": ""lower"", ""spearman"": ""higher"", ""top5_overlap"": ""higher"", ""top_k_churn"": ""lower"", ""v_error_relative_after"": ""lower""}"
alignment,random,all_test,ndcg_at_5,higher,0.6763222735,0.1145562715,0.689298285,"[0.6405248169558695, 0.7099514476359288]",{'test_seeds': 40},40,4.1.0,test:3000-3039,a7c7a3f7ea63e57f1d98bd42f21c02aa04a69eaa37c824584a2be65f00f2d7e1,"{""numpy"": ""2.0.2"", ""pandas"": ""2.2.2"", ""python-louvain"": ""0.16"", ""scikit-learn"": ""1.6.1"", ""scipy"": ""1.16.3""}",RQ2-v1|oracle-evaluator-grouping|observed-reports-only,"{""false_priority_lift_normalized"": ""lower"", ""mean_rank_drift_normalized"": ""lower"", ""n_error_relative_after"": ""lower"", ""ndcg_at_5"": ""higher"", ""priority_drift_abs_normalized"": ""lower"", ""spearman"": ""higher"", ""top5_overlap"": ""higher"", ""top_k_churn"": ""lower"", ""v_error_relative_after"": ""lower""}"
alignment,random,all_test,spearman,higher,-0.007437129244,0.2325387467,-0.008090941567,"[-0.07800900385368974, 0.06257429556282824]",{'test_seeds': 40},40,4.1.0,test:3000-3039,a7c7a3f7ea63e57f1d98bd42f21c02aa04a69eaa37c824584a2be65f00f2d7e1,"{""numpy"": ""2.0.2"", ""pandas"": ""2.2.2"", ""python-louvain"": ""0.16"", ""scikit-learn"": ""1.6.1"", ""scipy"": ""1.16.3""}",RQ2-v1|oracle-evaluator-grouping|observed-reports-only,"{""false_priority_lift_normalized"": ""lower"", ""mean_rank_drift_normalized"": ""lower"", ""n_error_relative_after"": ""lower"", ""ndcg_at_5"": ""higher"", ""priority_drift_abs_normalized"": ""lower"", ""spearman"": ""higher"", ""top5_overlap"": ""higher"", ""top_k_churn"": ""lower"", ""v_error_relative_after"": ""lower""}"
alignment,random,all_test,top5_overlap,higher,0.32,0.1800284878,0.4,"[0.265, 0.375]",{'test_seeds': 40},40,4.1.0,test:3000-3039,a7c7a3f7ea63e57f1d98bd42f21c02aa04a69eaa37c824584a2be65f00f2d7e1,"{""numpy"": ""2.0.2"", ""pandas"": ""2.2.2"", ""python-louvain"": ""0.16"", ""scikit-learn"": ""1.6.1"", ""scipy"": ""1.16.3""}",RQ2-v1|oracle-evaluator-grouping|observed-reports-only,"{""false_priority_lift_normalized"": ""lower"", ""mean_rank_drift_normalized"": ""lower"", ""n_error_relative_after"": ""lower"", ""ndcg_at_5"": ""higher"", ""priority_drift_abs_normalized"": ""lower"", ""spearman"": ""higher"", ""top5_overlap"": ""higher"", ""top_k_churn"": ""lower"", ""v_error_relative_after"": ""lower""}"
alignment,simple_linear,all_test,ndcg_at_5,higher,0.6447866833,0.1058384586,0.6543843232,"[0.6126521027179179, 0.6758650124017355]",{'test_seeds': 40},40,4.1.0,test:3000-3039,a7c7a3f7ea63e57f1d98bd42f21c02aa04a69eaa37c824584a2be65f00f2d7e1,"{""numpy"": ""2.0.2"", ""pandas"": ""2.2.2"", ""python-louvain"": ""0.16"", ""scikit-learn"": ""1.6.1"", ""scipy"": ""1.16.3""}",RQ2-v1|oracle-evaluator-grouping|observed-reports-only,"{""false_priority_lift_normalized"": ""lower"", ""mean_rank_drift_normalized"": ""lower"", ""n_error_relative_after"": ""lower"", ""ndcg_at_5"": ""higher"", ""priority_drift_abs_normalized"": ""lower"", ""spearman"": ""higher"", ""top5_overlap"": ""higher"", ""top_k_churn"": ""lower"", ""v_error_relative_after"": ""lower""}"
alignment,simple_linear,all_test,spearman,higher,-0.08941176471,0.2786982236,-0.1029411765,"[-0.17279963235294116, -0.002639705882353058]",{'test_seeds': 40},40,4.1.0,test:3000-3039,a7c7a3f7ea63e57f1d98bd42f21c02aa04a69eaa37c824584a2be65f00f2d7e1,"{""numpy"": ""2.0.2"", ""pandas"": ""2.2.2"", ""python-louvain"": ""0.16"", ""scikit-learn"": ""1.6.1"", ""scipy"": ""1.16.3""}",RQ2-v1|oracle-evaluator-grouping|observed-reports-only,"{""false_priority_lift_normalized"": ""lower"", ""mean_rank_drift_normalized"": ""lower"", ""n_error_relative_after"": ""lower"", ""ndcg_at_5"": ""higher"", ""priority_drift_abs_normalized"": ""lower"", ""spearman"": ""higher"", ""top5_overlap"": ""higher"", ""top_k_churn"": ""lower"", ""v_error_relative_after"": ""lower""}"
alignment,simple_linear,all_test,top5_overlap,higher,0.26,0.1645506702,0.2,"[0.21000000000000002, 0.31]",{'test_seeds': 40},40,4.1.0,test:3000-3039,a7c7a3f7ea63e57f1d98bd42f21c02aa04a69eaa37c824584a2be65f00f2d7e1,"{""numpy"": ""2.0.2"", ""pandas"": ""2.2.2"", ""python-louvain"": ""0.16"", ""scikit-learn"": ""1.6.1"", ""scipy"": ""1.16.3""}",RQ2-v1|oracle-evaluator-grouping|observed-reports-only,"{""false_priority_lift_normalized"": ""lower"", ""mean_rank_drift_normalized"": ""lower"", ""n_error_relative_after"": ""lower"", ""ndcg_at_5"": ""higher"", ""priority_drift_abs_normalized"": ""lower"", ""spearman"": ""higher"", ""top5_overlap"": ""higher"", ""top_k_churn"": ""lower"", ""v_error_relative_after"": ""lower""}"
alignment,urgency_only,all_test,ndcg_at_5,higher,0.6351784554,0.09519378557,0.6386201557,"[0.6057204842141946, 0.6640759743503963]",{'test_seeds': 40},40,4.1.0,test:3000-3039,a7c7a3f7ea63e57f1d98bd42f21c02aa04a69eaa37c824584a2be65f00f2d7e1,"{""numpy"": ""2.0.2"", ""pandas"": ""2.2.2"", ""python-louvain"": ""0.16"", ""scikit-learn"": ""1.6.1"", ""scipy"": ""1.16.3""}",RQ2-v1|oracle-evaluator-grouping|observed-reports-only,"{""false_priority_lift_normalized"": ""lower"", ""mean_rank_drift_normalized"": ""lower"", ""n_error_relative_after"": ""lower"", ""ndcg_at_5"": ""higher"", ""priority_drift_abs_normalized"": ""lower"", ""spearman"": ""higher"", ""top5_overlap"": ""higher"", ""top_k_churn"": ""lower"", ""v_error_relative_after"": ""lower""}"
alignment,urgency_only,all_test,spearman,higher,-0.1196323529,0.2076527923,-0.08970588235,"[-0.1811047794117647, -0.05485294117647059]",{'test_seeds': 40},40,4.1.0,test:3000-3039,a7c7a3f7ea63e57f1d98bd42f21c02aa04a69eaa37c824584a2be65f00f2d7e1,"{""numpy"": ""2.0.2"", ""pandas"": ""2.2.2"", ""python-louvain"": ""0.16"", ""scikit-learn"": ""1.6.1"", ""scipy"": ""1.16.3""}",RQ2-v1|oracle-evaluator-grouping|observed-reports-only,"{""false_priority_lift_normalized"": ""lower"", ""mean_rank_drift_normalized"": ""lower"", ""n_error_relative_after"": ""lower"", ""ndcg_at_5"": ""higher"", ""priority_drift_abs_normalized"": ""lower"", ""spearman"": ""higher"", ""top5_overlap"": ""higher"", ""top_k_churn"": ""lower"", ""v_error_relative_after"": ""lower""}"
alignment,urgency_only,all_test,top5_overlap,higher,0.26,0.1373746515,0.2,"[0.22000000000000003, 0.3]",{'test_seeds': 40},40,4.1.0,test:3000-3039,a7c7a3f7ea63e57f1d98bd42f21c02aa04a69eaa37c824584a2be65f00f2d7e1,"{""numpy"": ""2.0.2"", ""pandas"": ""2.2.2"", ""python-louvain"": ""0.16"", ""scikit-learn"": ""1.6.1"", ""scipy"": ""1.16.3""}",RQ2-v1|oracle-evaluator-grouping|observed-reports-only,"{""false_priority_lift_normalized"": ""lower"", ""mean_rank_drift_normalized"": ""lower"", ""n_error_relative_after"": ""lower"", ""ndcg_at_5"": ""higher"", ""priority_drift_abs_normalized"": ""lower"", ""spearman"": ""higher"", ""top5_overlap"": ""higher"", ""top_k_churn"": ""lower"", ""v_error_relative_after"": ""lower""}"
robustness,duplicate_aware_robust,contradictory_F_E,priority_drift_abs_normalized,lower,0.0484425,0.02066234203,0.050275,"[0.0419895, 0.05465275]","{'scenario_rows': 40, 'test_seeds': 40}",40,4.1.0,test:3000-3039,a7c7a3f7ea63e57f1d98bd42f21c02aa04a69eaa37c824584a2be65f00f2d7e1,"{""numpy"": ""2.0.2"", ""pandas"": ""2.2.2"", ""python-louvain"": ""0.16"", ""scikit-learn"": ""1.6.1"", ""scipy"": ""1.16.3""}",RQ2-v1|oracle-evaluator-grouping|observed-reports-only,"{""false_priority_lift_normalized"": ""lower"", ""mean_rank_drift_normalized"": ""lower"", ""n_error_relative_after"": ""lower"", ""ndcg_at_5"": ""higher"", ""priority_drift_abs_normalized"": ""lower"", ""spearman"": ""higher"", ""top5_overlap"": ""higher"", ""top_k_churn"": ""lower"", ""v_error_relative_after"": ""lower""}"
robustness,duplicate_aware_robust,contradictory_F_E,mean_rank_drift_normalized,lower,0.017083333,0.01347018519,0.01666667,"[0.013124999500000002, 0.02125]","{'scenario_rows': 40, 'test_seeds': 40}",40,4.1.0,test:3000-3039,a7c7a3f7ea63e57f1d98bd42f21c02aa04a69eaa37c824584a2be65f00f2d7e1,"{""numpy"": ""2.0.2"", ""pandas"": ""2.2.2"", ""python-louvain"": ""0.16"", ""scikit-learn"": ""1.6.1"", ""scipy"": ""1.16.3""}",RQ2-v1|oracle-evaluator-grouping|observed-reports-only,"{""false_priority_lift_normalized"": ""lower"", ""mean_rank_drift_normalized"": ""lower"", ""n_error_relative_after"": ""lower"", ""ndcg_at_5"": ""higher"", ""priority_drift_abs_normalized"": ""lower"", ""spearman"": ""higher"", ""top5_overlap"": ""higher"", ""top_k_churn"": ""lower"", ""v_error_relative_after"": ""lower""}"
robustness,duplicate_aware_robust,contradictory_F_E,top_k_churn,lower,0.045,0.08458041235,0,"[0.02, 0.07]","{'scenario_rows': 40, 'test_seeds': 40}",40,4.1.0,test:3000-3039,a7c7a3f7ea63e57f1d98bd42f21c02aa04a69eaa37c824584a2be65f00f2d7e1,"{""numpy"": ""2.0.2"", ""pandas"": ""2.2.2"", ""python-louvain"": ""0.16"", ""scikit-learn"": ""1.6.1"", ""scipy"": ""1.16.3""}",RQ2-v1|oracle-evaluator-grouping|observed-reports-only,"{""false_priority_lift_normalized"": ""lower"", ""mean_rank_drift_normalized"": ""lower"", ""n_error_relative_after"": ""lower"", ""ndcg_at_5"": ""higher"", ""priority_drift_abs_normalized"": ""lower"", ""spearman"": ""higher"", ""top5_overlap"": ""higher"", ""top_k_churn"": ""lower"", ""v_error_relative_after"": ""lower""}"
robustness,duplicate_aware_robust,contradictory_F_E,n_error_relative_after,lower,0.2631900835,0.09108898336,0.26423862,"[0.23518325291250003, 0.29164663108125]","{'scenario_rows': 40, 'test_seeds': 40}",40,4.1.0,test:3000-3039,a7c7a3f7ea63e57f1d98bd42f21c02aa04a69eaa37c824584a2be65f00f2d7e1,"{""numpy"": ""2.0.2"", ""pandas"": ""2.2.2"", ""python-louvain"": ""0.16"", ""scikit-learn"": ""1.6.1"", ""scipy"": ""1.16.3""}",RQ2-v1|oracle-evaluator-grouping|observed-reports-only,"{""false_priority_lift_normalized"": ""lower"", ""mean_rank_drift_normalized"": ""lower"", ""n_error_relative_after"": ""lower"", ""ndcg_at_5"": ""higher"", ""priority_drift_abs_normalized"": ""lower"", ""spearman"": ""higher"", ""top5_overlap"": ""higher"", ""top_k_churn"": ""lower"", ""v_error_relative_after"": ""lower""}"
robustness,duplicate_aware_robust,contradictory_F_E,v_error_relative_after,lower,0.2302895057,0.09359555421,0.25684035,"[0.20098120115, 0.25907864323124996]","{'scenario_rows': 40, 'test_seeds': 40}",40,4.1.0,test:3000-3039,a7c7a3f7ea63e57f1d98bd42f21c02aa04a69eaa37c824584a2be65f00f2d7e1,"{""numpy"": ""2.0.2"", ""pandas"": ""2.2.2"", ""python-louvain"": ""0.16"", ""scikit-learn"": ""1.6.1"", ""scipy"": ""1.16.3""}",RQ2-v1|oracle-evaluator-grouping|observed-reports-only,"{""false_priority_lift_normalized"": ""lower"", ""mean_rank_drift_normalized"": ""lower"", ""n_error_relative_after"": ""lower"", ""ndcg_at_5"": ""higher"", ""priority_drift_abs_normalized"": ""lower"", ""spearman"": ""higher"", ""top5_overlap"": ""higher"", ""top_k_churn"": ""lower"", ""v_error_relative_after"": ""lower""}"
robustness,legacy_raw,contradictory_F_E,priority_drift_abs_normalized,lower,0.06112,0.02620263443,0.069475,"[0.0529621875, 0.06909765625]","{'scenario_rows': 40, 'test_seeds': 40}",40,4.1.0,test:3000-3039,a7c7a3f7ea63e57f1d98bd42f21c02aa04a69eaa37c824584a2be65f00f2d7e1,"{""numpy"": ""2.0.2"", ""pandas"": ""2.2.2"", ""python-louvain"": ""0.16"", ""scikit-learn"": ""1.6.1"", ""scipy"": ""1.16.3""}",RQ2-v1|oracle-evaluator-grouping|observed-reports-only,"{""false_priority_lift_normalized"": ""lower"", ""mean_rank_drift_normalized"": ""lower"", ""n_error_relative_after"": ""lower"", ""ndcg_at_5"": ""higher"", ""priority_drift_abs_normalized"": ""lower"", ""spearman"": ""higher"", ""top5_overlap"": ""higher"", ""top_k_churn"": ""lower"", ""v_error_relative_after"": ""lower""}"
robustness,legacy_raw,contradictory_F_E,mean_rank_drift_normalized,lower,0.028958333,0.01532965201,0.025,"[0.0243749995, 0.03354166650625]","{'scenario_rows': 40, 'test_seeds': 40}",40,4.1.0,test:3000-3039,a7c7a3f7ea63e57f1d98bd42f21c02aa04a69eaa37c824584a2be65f00f2d7e1,"{""numpy"": ""2.0.2"", ""pandas"": ""2.2.2"", ""python-louvain"": ""0.16"", ""scikit-learn"": ""1.6.1"", ""scipy"": ""1.16.3""}",RQ2-v1|oracle-evaluator-grouping|observed-reports-only,"{""false_priority_lift_normalized"": ""lower"", ""mean_rank_drift_normalized"": ""lower"", ""n_error_relative_after"": ""lower"", ""ndcg_at_5"": ""higher"", ""priority_drift_abs_normalized"": ""lower"", ""spearman"": ""higher"", ""top5_overlap"": ""higher"", ""top_k_churn"": ""lower"", ""v_error_relative_after"": ""lower""}"
robustness,legacy_raw,contradictory_F_E,top_k_churn,lower,0.11,0.1007662947,0.2,"[0.08, 0.14]","{'scenario_rows': 40, 'test_seeds': 40}",40,4.1.0,test:3000-3039,a7c7a3f7ea63e57f1d98bd42f21c02aa04a69eaa37c824584a2be65f00f2d7e1,"{""numpy"": ""2.0.2"", ""pandas"": ""2.2.2"", ""python-louvain"": ""0.16"", ""scikit-learn"": ""1.6.1"", ""scipy"": ""1.16.3""}",RQ2-v1|oracle-evaluator-grouping|observed-reports-only,"{""false_priority_lift_normalized"": ""lower"", ""mean_rank_drift_normalized"": ""lower"", ""n_error_relative_after"": ""lower"", ""ndcg_at_5"": ""higher"", ""priority_drift_abs_normalized"": ""lower"", ""spearman"": ""higher"", ""top5_overlap"": ""higher"", ""top_k_churn"": ""lower"", ""v_error_relative_after"": ""lower""}"
robustness,legacy_raw,contradictory_F_E,n_error_relative_after,lower,6.26759558,1.098896166,6.14704301,"[5.93933109178125, 6.614642094512501]","{'scenario_rows': 40, 'test_seeds': 40}",40,4.1.0,test:3000-3039,a7c7a3f7ea63e57f1d98bd42f21c02aa04a69eaa37c824584a2be65f00f2d7e1,"{""numpy"": ""2.0.2"", ""pandas"": ""2.2.2"", ""python-louvain"": ""0.16"", ""scikit-learn"": ""1.6.1"", ""scipy"": ""1.16.3""}",RQ2-v1|oracle-evaluator-grouping|observed-reports-only,"{""false_priority_lift_normalized"": ""lower"", ""mean_rank_drift_normalized"": ""lower"", ""n_error_relative_after"": ""lower"", ""ndcg_at_5"": ""higher"", ""priority_drift_abs_normalized"": ""lower"", ""spearman"": ""higher"", ""top5_overlap"": ""higher"", ""top_k_churn"": ""lower"", ""v_error_relative_after"": ""lower""}"
robustness,legacy_raw,contradictory_F_E,v_error_relative_after,lower,6.803794844,1.326120395,6.922258335,"[6.410668830362501, 7.217286240268751]","{'scenario_rows': 40, 'test_seeds': 40}",40,4.1.0,test:3000-3039,a7c7a3f7ea63e57f1d98bd42f21c02aa04a69eaa37c824584a2be65f00f2d7e1,"{""numpy"": ""2.0.2"", ""pandas"": ""2.2.2"", ""python-louvain"": ""0.16"", ""scikit-learn"": ""1.6.1"", ""scipy"": ""1.16.3""}",RQ2-v1|oracle-evaluator-grouping|observed-reports-only,"{""false_priority_lift_normalized"": ""lower"", ""mean_rank_drift_normalized"": ""lower"", ""n_error_relative_after"": ""lower"", ""ndcg_at_5"": ""higher"", ""priority_drift_abs_normalized"": ""lower"", ""spearman"": ""higher"", ""top5_overlap"": ""higher"", ""top_k_churn"": ""lower"", ""v_error_relative_after"": ""lower""}"
robustness,duplicate_aware_robust,coordinated_high_confidence_campaign,priority_drift_abs_normalized,lower,0.1687725,0.1042701588,0.148575,"[0.13700974999999999, 0.20108228124999997]","{'scenario_rows': 40, 'test_seeds': 40}",40,4.1.0,test:3000-3039,a7c7a3f7ea63e57f1d98bd42f21c02aa04a69eaa37c824584a2be65f00f2d7e1,"{""numpy"": ""2.0.2"", ""pandas"": ""2.2.2"", ""python-louvain"": ""0.16"", ""scikit-learn"": ""1.6.1"", ""scipy"": ""1.16.3""}",RQ2-v1|oracle-evaluator-grouping|observed-reports-only,"{""false_priority_lift_normalized"": ""lower"", ""mean_rank_drift_normalized"": ""lower"", ""n_error_relative_after"": ""lower"", ""ndcg_at_5"": ""higher"", ""priority_drift_abs_normalized"": ""lower"", ""spearman"": ""higher"", ""top5_overlap"": ""higher"", ""top_k_churn"": ""lower"", ""v_error_relative_after"": ""lower""}"
robustness,duplicate_aware_robust,coordinated_high_confidence_campaign,mean_rank_drift_normalized,lower,0.0174999995,0.02332722749,0.00833333,"[0.010624999, 0.02499999925]","{'scenario_rows': 40, 'test_seeds': 40}",40,4.1.0,test:3000-3039,a7c7a3f7ea63e57f1d98bd42f21c02aa04a69eaa37c824584a2be65f00f2d7e1,"{""numpy"": ""2.0.2"", ""pandas"": ""2.2.2"", ""python-louvain"": ""0.16"", ""scikit-learn"": ""1.6.1"", ""scipy"": ""1.16.3""}",RQ2-v1|oracle-evaluator-grouping|observed-reports-only,"{""false_priority_lift_normalized"": ""lower"", ""mean_rank_drift_normalized"": ""lower"", ""n_error_relative_after"": ""lower"", ""ndcg_at_5"": ""higher"", ""priority_drift_abs_normalized"": ""lower"", ""spearman"": ""higher"", ""top5_overlap"": ""higher"", ""top_k_churn"": ""lower"", ""v_error_relative_after"": ""lower""}"
robustness,duplicate_aware_robust,coordinated_high_confidence_campaign,top_k_churn,lower,0.035,0.07696152885,0,"[0.015000000000000003, 0.06000000000000001]","{'scenario_rows': 40, 'test_seeds': 40}",40,4.1.0,test:3000-3039,a7c7a3f7ea63e57f1d98bd42f21c02aa04a69eaa37c824584a2be65f00f2d7e1,"{""numpy"": ""2.0.2"", ""pandas"": ""2.2.2"", ""python-louvain"": ""0.16"", ""scikit-learn"": ""1.6.1"", ""scipy"": ""1.16.3""}",RQ2-v1|oracle-evaluator-grouping|observed-reports-only,"{""false_priority_lift_normalized"": ""lower"", ""mean_rank_drift_normalized"": ""lower"", ""n_error_relative_after"": ""lower"", ""ndcg_at_5"": ""higher"", ""priority_drift_abs_normalized"": ""lower"", ""spearman"": ""higher"", ""top5_overlap"": ""higher"", ""top_k_churn"": ""lower"", ""v_error_relative_after"": ""lower""}"
robustness,duplicate_aware_robust,coordinated_high_confidence_campaign,false_priority_lift_normalized,lower,0.8827575,0.01209067531,0.884675,"[0.8790224687499999, 0.8863800624999999]","{'scenario_rows': 40, 'test_seeds': 40}",40,4.1.0,test:3000-3039,a7c7a3f7ea63e57f1d98bd42f21c02aa04a69eaa37c824584a2be65f00f2d7e1,"{""numpy"": ""2.0.2"", ""pandas"": ""2.2.2"", ""python-louvain"": ""0.16"", ""scikit-learn"": ""1.6.1"", ""scipy"": ""1.16.3""}",RQ2-v1|oracle-evaluator-grouping|observed-reports-only,"{""false_priority_lift_normalized"": ""lower"", ""mean_rank_drift_normalized"": ""lower"", ""n_error_relative_after"": ""lower"", ""ndcg_at_5"": ""higher"", ""priority_drift_abs_normalized"": ""lower"", ""spearman"": ""higher"", ""top5_overlap"": ""higher"", ""top_k_churn"": ""lower"", ""v_error_relative_after"": ""lower""}"
robustness,duplicate_aware_robust,coordinated_high_confidence_campaign,n_error_relative_after,lower,2.035495676,1.681379643,1.4321875,"[1.5383419817875, 2.5822610991124995]","{'scenario_rows': 40, 'test_seeds': 40}",40,4.1.0,test:3000-3039,a7c7a3f7ea63e57f1d98bd42f21c02aa04a69eaa37c824584a2be65f00f2d7e1,"{""numpy"": ""2.0.2"", ""pandas"": ""2.2.2"", ""python-louvain"": ""0.16"", ""scikit-learn"": ""1.6.1"", ""scipy"": ""1.16.3""}",RQ2-v1|oracle-evaluator-grouping|observed-reports-only,"{""false_priority_lift_normalized"": ""lower"", ""mean_rank_drift_normalized"": ""lower"", ""n_error_relative_after"": ""lower"", ""ndcg_at_5"": ""higher"", ""priority_drift_abs_normalized"": ""lower"", ""spearman"": ""higher"", ""top5_overlap"": ""higher"", ""top_k_churn"": ""lower"", ""v_error_relative_after"": ""lower""}"
robustness,duplicate_aware_robust,coordinated_high_confidence_campaign,v_error_relative_after,lower,4.814515609,8.659857261,2.080856275,"[2.586216329681251, 7.691362728074998]","{'scenario_rows': 40, 'test_seeds': 40}",40,4.1.0,test:3000-3039,a7c7a3f7ea63e57f1d98bd42f21c02aa04a69eaa37c824584a2be65f00f2d7e1,"{""numpy"": ""2.0.2"", ""pandas"": ""2.2.2"", ""python-louvain"": ""0.16"", ""scikit-learn"": ""1.6.1"", ""scipy"": ""1.16.3""}",RQ2-v1|oracle-evaluator-grouping|observed-reports-only,"{""false_priority_lift_normalized"": ""lower"", ""mean_rank_drift_normalized"": ""lower"", ""n_error_relative_after"": ""lower"", ""ndcg_at_5"": ""higher"", ""priority_drift_abs_normalized"": ""lower"", ""spearman"": ""higher"", ""top5_overlap"": ""higher"", ""top_k_churn"": ""lower"", ""v_error_relative_after"": ""lower""}"
robustness,legacy_raw,coordinated_high_confidence_campaign,priority_drift_abs_normalized,lower,0.0308925,0.0190950878,0.02625,"[0.0251985625, 0.0369179375]","{'scenario_rows': 40, 'test_seeds': 40}",40,4.1.0,test:3000-3039,a7c7a3f7ea63e57f1d98bd42f21c02aa04a69eaa37c824584a2be65f00f2d7e1,"{""numpy"": ""2.0.2"", ""pandas"": ""2.2.2"", ""python-louvain"": ""0.16"", ""scikit-learn"": ""1.6.1"", ""scipy"": ""1.16.3""}",RQ2-v1|oracle-evaluator-grouping|observed-reports-only,"{""false_priority_lift_normalized"": ""lower"", ""mean_rank_drift_normalized"": ""lower"", ""n_error_relative_after"": ""lower"", ""ndcg_at_5"": ""higher"", ""priority_drift_abs_normalized"": ""lower"", ""spearman"": ""higher"", ""top5_overlap"": ""higher"", ""top_k_churn"": ""lower"", ""v_error_relative_after"": ""lower""}"
robustness,legacy_raw,coordinated_high_confidence_campaign,mean_rank_drift_normalized,lower,0.000625,0.002915903685,0,"[0.0, 0.0016666667500000003]","{'scenario_rows': 40, 'test_seeds': 40}",40,4.1.0,test:3000-3039,a7c7a3f7ea63e57f1d98bd42f21c02aa04a69eaa37c824584a2be65f00f2d7e1,"{""numpy"": ""2.0.2"", ""pandas"": ""2.2.2"", ""python-louvain"": ""0.16"", ""scikit-learn"": ""1.6.1"", ""scipy"": ""1.16.3""}",RQ2-v1|oracle-evaluator-grouping|observed-reports-only,"{""false_priority_lift_normalized"": ""lower"", ""mean_rank_drift_normalized"": ""lower"", ""n_error_relative_after"": ""lower"", ""ndcg_at_5"": ""higher"", ""priority_drift_abs_normalized"": ""lower"", ""spearman"": ""higher"", ""top5_overlap"": ""higher"", ""top_k_churn"": ""lower"", ""v_error_relative_after"": ""lower""}"
robustness,legacy_raw,coordinated_high_confidence_campaign,top_k_churn,lower,0,0,0,"[0.0, 0.0]","{'scenario_rows': 40, 'test_seeds': 40}",40,4.1.0,test:3000-3039,a7c7a3f7ea63e57f1d98bd42f21c02aa04a69eaa37c824584a2be65f00f2d7e1,"{""numpy"": ""2.0.2"", ""pandas"": ""2.2.2"", ""python-louvain"": ""0.16"", ""scikit-learn"": ""1.6.1"", ""scipy"": ""1.16.3""}",RQ2-v1|oracle-evaluator-grouping|observed-reports-only,"{""false_priority_lift_normalized"": ""lower"", ""mean_rank_drift_normalized"": ""lower"", ""n_error_relative_after"": ""lower"", ""ndcg_at_5"": ""higher"", ""priority_drift_abs_normalized"": ""lower"", ""spearman"": ""higher"", ""top5_overlap"": ""higher"", ""top_k_churn"": ""lower"", ""v_error_relative_after"": ""lower""}"
robustness,legacy_raw,coordinated_high_confidence_campaign,false_priority_lift_normalized,lower,0.9254025,0.009862139142,0.92705,"[0.9223486562500001, 0.9284388124999999]","{'scenario_rows': 40, 'test_seeds': 40}",40,4.1.0,test:3000-3039,a7c7a3f7ea63e57f1d98bd42f21c02aa04a69eaa37c824584a2be65f00f2d7e1,"{""numpy"": ""2.0.2"", ""pandas"": ""2.2.2"", ""python-louvain"": ""0.16"", ""scikit-learn"": ""1.6.1"", ""scipy"": ""1.16.3""}",RQ2-v1|oracle-evaluator-grouping|observed-reports-only,"{""false_priority_lift_normalized"": ""lower"", ""mean_rank_drift_normalized"": ""lower"", ""n_error_relative_after"": ""lower"", ""ndcg_at_5"": ""higher"", ""priority_drift_abs_normalized"": ""lower"", ""spearman"": ""higher"", ""top5_overlap"": ""higher"", ""top_k_churn"": ""lower"", ""v_error_relative_after"": ""lower""}"
robustness,legacy_raw,coordinated_high_confidence_campaign,n_error_relative_after,lower,20.280118,6.817415938,18.45572102,"[18.27113880381875, 22.51150450314375]","{'scenario_rows': 40, 'test_seeds': 40}",40,4.1.0,test:3000-3039,a7c7a3f7ea63e57f1d98bd42f21c02aa04a69eaa37c824584a2be65f00f2d7e1,"{""numpy"": ""2.0.2"", ""pandas"": ""2.2.2"", ""python-louvain"": ""0.16"", ""scikit-learn"": ""1.6.1"", ""scipy"": ""1.16.3""}",RQ2-v1|oracle-evaluator-grouping|observed-reports-only,"{""false_priority_lift_normalized"": ""lower"", ""mean_rank_drift_normalized"": ""lower"", ""n_error_relative_after"": ""lower"", ""ndcg_at_5"": ""higher"", ""priority_drift_abs_normalized"": ""lower"", ""spearman"": ""higher"", ""top5_overlap"": ""higher"", ""top_k_churn"": ""lower"", ""v_error_relative_after"": ""lower""}"
robustness,legacy_raw,coordinated_high_confidence_campaign,v_error_relative_after,lower,32.60464732,35.36825684,21.4555919,"[23.346821039650006, 44.26452028620624]","{'scenario_rows': 40, 'test_seeds': 40}",40,4.1.0,test:3000-3039,a7c7a3f7ea63e57f1d98bd42f21c02aa04a69eaa37c824584a2be65f00f2d7e1,"{""numpy"": ""2.0.2"", ""pandas"": ""2.2.2"", ""python-louvain"": ""0.16"", ""scikit-learn"": ""1.6.1"", ""scipy"": ""1.16.3""}",RQ2-v1|oracle-evaluator-grouping|observed-reports-only,"{""false_priority_lift_normalized"": ""lower"", ""mean_rank_drift_normalized"": ""lower"", ""n_error_relative_after"": ""lower"", ""ndcg_at_5"": ""higher"", ""priority_drift_abs_normalized"": ""lower"", ""spearman"": ""higher"", ""top5_overlap"": ""higher"", ""top_k_churn"": ""lower"", ""v_error_relative_after"": ""lower""}"
robustness,duplicate_aware_robust,exact_duplicate_10x,priority_drift_abs_normalized,lower,0,0,0,"[0.0, 0.0]","{'scenario_rows': 40, 'test_seeds': 40}",40,4.1.0,test:3000-3039,a7c7a3f7ea63e57f1d98bd42f21c02aa04a69eaa37c824584a2be65f00f2d7e1,"{""numpy"": ""2.0.2"", ""pandas"": ""2.2.2"", ""python-louvain"": ""0.16"", ""scikit-learn"": ""1.6.1"", ""scipy"": ""1.16.3""}",RQ2-v1|oracle-evaluator-grouping|observed-reports-only,"{""false_priority_lift_normalized"": ""lower"", ""mean_rank_drift_normalized"": ""lower"", ""n_error_relative_after"": ""lower"", ""ndcg_at_5"": ""higher"", ""priority_drift_abs_normalized"": ""lower"", ""spearman"": ""higher"", ""top5_overlap"": ""higher"", ""top_k_churn"": ""lower"", ""v_error_relative_after"": ""lower""}"
robustness,duplicate_aware_robust,exact_duplicate_10x,mean_rank_drift_normalized,lower,0,0,0,"[0.0, 0.0]","{'scenario_rows': 40, 'test_seeds': 40}",40,4.1.0,test:3000-3039,a7c7a3f7ea63e57f1d98bd42f21c02aa04a69eaa37c824584a2be65f00f2d7e1,"{""numpy"": ""2.0.2"", ""pandas"": ""2.2.2"", ""python-louvain"": ""0.16"", ""scikit-learn"": ""1.6.1"", ""scipy"": ""1.16.3""}",RQ2-v1|oracle-evaluator-grouping|observed-reports-only,"{""false_priority_lift_normalized"": ""lower"", ""mean_rank_drift_normalized"": ""lower"", ""n_error_relative_after"": ""lower"", ""ndcg_at_5"": ""higher"", ""priority_drift_abs_normalized"": ""lower"", ""spearman"": ""higher"", ""top5_overlap"": ""higher"", ""top_k_churn"": ""lower"", ""v_error_relative_after"": ""lower""}"
robustness,duplicate_aware_robust,exact_duplicate_10x,top_k_churn,lower,0,0,0,"[0.0, 0.0]","{'scenario_rows': 40, 'test_seeds': 40}",40,4.1.0,test:3000-3039,a7c7a3f7ea63e57f1d98bd42f21c02aa04a69eaa37c824584a2be65f00f2d7e1,"{""numpy"": ""2.0.2"", ""pandas"": ""2.2.2"", ""python-louvain"": ""0.16"", ""scikit-learn"": ""1.6.1"", ""scipy"": ""1.16.3""}",RQ2-v1|oracle-evaluator-grouping|observed-reports-only,"{""false_priority_lift_normalized"": ""lower"", ""mean_rank_drift_normalized"": ""lower"", ""n_error_relative_after"": ""lower"", ""ndcg_at_5"": ""higher"", ""priority_drift_abs_normalized"": ""lower"", ""spearman"": ""higher"", ""top5_overlap"": ""higher"", ""top_k_churn"": ""lower"", ""v_error_relative_after"": ""lower""}"
robustness,duplicate_aware_robust,exact_duplicate_10x,n_error_relative_after,lower,0.2664525705,0.09049692591,0.26587127,"[0.23887507531875005, 0.29468814654375]","{'scenario_rows': 40, 'test_seeds': 40}",40,4.1.0,test:3000-3039,a7c7a3f7ea63e57f1d98bd42f21c02aa04a69eaa37c824584a2be65f00f2d7e1,"{""numpy"": ""2.0.2"", ""pandas"": ""2.2.2"", ""python-louvain"": ""0.16"", ""scikit-learn"": ""1.6.1"", ""scipy"": ""1.16.3""}",RQ2-v1|oracle-evaluator-grouping|observed-reports-only,"{""false_priority_lift_normalized"": ""lower"", ""mean_rank_drift_normalized"": ""lower"", ""n_error_relative_after"": ""lower"", ""ndcg_at_5"": ""higher"", ""priority_drift_abs_normalized"": ""lower"", ""spearman"": ""higher"", ""top5_overlap"": ""higher"", ""top_k_churn"": ""lower"", ""v_error_relative_after"": ""lower""}"
robustness,duplicate_aware_robust,exact_duplicate_10x,v_error_relative_after,lower,0.2331271908,0.09414024078,0.259044165,"[0.20365267029375003, 0.26219634797499997]","{'scenario_rows': 40, 'test_seeds': 40}",40,4.1.0,test:3000-3039,a7c7a3f7ea63e57f1d98bd42f21c02aa04a69eaa37c824584a2be65f00f2d7e1,"{""numpy"": ""2.0.2"", ""pandas"": ""2.2.2"", ""python-louvain"": ""0.16"", ""scikit-learn"": ""1.6.1"", ""scipy"": ""1.16.3""}",RQ2-v1|oracle-evaluator-grouping|observed-reports-only,"{""false_priority_lift_normalized"": ""lower"", ""mean_rank_drift_normalized"": ""lower"", ""n_error_relative_after"": ""lower"", ""ndcg_at_5"": ""higher"", ""priority_drift_abs_normalized"": ""lower"", ""spearman"": ""higher"", ""top5_overlap"": ""higher"", ""top_k_churn"": ""lower"", ""v_error_relative_after"": ""lower""}"
robustness,legacy_raw,exact_duplicate_10x,priority_drift_abs_normalized,lower,0.01484375,0.01411837404,0.011,"[0.010804937499999999, 0.019471562499999998]","{'scenario_rows': 40, 'test_seeds': 40}",40,4.1.0,test:3000-3039,a7c7a3f7ea63e57f1d98bd42f21c02aa04a69eaa37c824584a2be65f00f2d7e1,"{""numpy"": ""2.0.2"", ""pandas"": ""2.2.2"", ""python-louvain"": ""0.16"", ""scikit-learn"": ""1.6.1"", ""scipy"": ""1.16.3""}",RQ2-v1|oracle-evaluator-grouping|observed-reports-only,"{""false_priority_lift_normalized"": ""lower"", ""mean_rank_drift_normalized"": ""lower"", ""n_error_relative_after"": ""lower"", ""ndcg_at_5"": ""higher"", ""priority_drift_abs_normalized"": ""lower"", ""spearman"": ""higher"", ""top5_overlap"": ""higher"", ""top_k_churn"": ""lower"", ""v_error_relative_after"": ""lower""}"
robustness,legacy_raw,exact_duplicate_10x,mean_rank_drift_normalized,lower,0.00749999975,0.01080782748,0,"[0.00437499975, 0.01124999975]","{'scenario_rows': 40, 'test_seeds': 40}",40,4.1.0,test:3000-3039,a7c7a3f7ea63e57f1d98bd42f21c02aa04a69eaa37c824584a2be65f00f2d7e1,"{""numpy"": ""2.0.2"", ""pandas"": ""2.2.2"", ""python-louvain"": ""0.16"", ""scikit-learn"": ""1.6.1"", ""scipy"": ""1.16.3""}",RQ2-v1|oracle-evaluator-grouping|observed-reports-only,"{""false_priority_lift_normalized"": ""lower"", ""mean_rank_drift_normalized"": ""lower"", ""n_error_relative_after"": ""lower"", ""ndcg_at_5"": ""higher"", ""priority_drift_abs_normalized"": ""lower"", ""spearman"": ""higher"", ""top5_overlap"": ""higher"", ""top_k_churn"": ""lower"", ""v_error_relative_after"": ""lower""}"
robustness,legacy_raw,exact_duplicate_10x,top_k_churn,lower,0.015,0.05334935657,0,"[0.0, 0.034999999999999996]","{'scenario_rows': 40, 'test_seeds': 40}",40,4.1.0,test:3000-3039,a7c7a3f7ea63e57f1d98bd42f21c02aa04a69eaa37c824584a2be65f00f2d7e1,"{""numpy"": ""2.0.2"", ""pandas"": ""2.2.2"", ""python-louvain"": ""0.16"", ""scikit-learn"": ""1.6.1"", ""scipy"": ""1.16.3""}",RQ2-v1|oracle-evaluator-grouping|observed-reports-only,"{""false_priority_lift_normalized"": ""lower"", ""mean_rank_drift_normalized"": ""lower"", ""n_error_relative_after"": ""lower"", ""ndcg_at_5"": ""higher"", ""priority_drift_abs_normalized"": ""lower"", ""spearman"": ""higher"", ""top5_overlap"": ""higher"", ""top_k_churn"": ""lower"", ""v_error_relative_after"": ""lower""}"
robustness,legacy_raw,exact_duplicate_10x,n_error_relative_after,lower,8.370353405,2.127030349,8.21830141,"[7.72799011645, 9.046112393881248]","{'scenario_rows': 40, 'test_seeds': 40}",40,4.1.0,test:3000-3039,a7c7a3f7ea63e57f1d98bd42f21c02aa04a69eaa37c824584a2be65f00f2d7e1,"{""numpy"": ""2.0.2"", ""pandas"": ""2.2.2"", ""python-louvain"": ""0.16"", ""scikit-learn"": ""1.6.1"", ""scipy"": ""1.16.3""}",RQ2-v1|oracle-evaluator-grouping|observed-reports-only,"{""false_priority_lift_normalized"": ""lower"", ""mean_rank_drift_normalized"": ""lower"", ""n_error_relative_after"": ""lower"", ""ndcg_at_5"": ""higher"", ""priority_drift_abs_normalized"": ""lower"", ""spearman"": ""higher"", ""top5_overlap"": ""higher"", ""top_k_churn"": ""lower"", ""v_error_relative_after"": ""lower""}"
robustness,legacy_raw,exact_duplicate_10x,v_error_relative_after,lower,9.39692331,2.567478799,9.79730682,"[8.605831176462502, 10.198718393268749]","{'scenario_rows': 40, 'test_seeds': 40}",40,4.1.0,test:3000-3039,a7c7a3f7ea63e57f1d98bd42f21c02aa04a69eaa37c824584a2be65f00f2d7e1,"{""numpy"": ""2.0.2"", ""pandas"": ""2.2.2"", ""python-louvain"": ""0.16"", ""scikit-learn"": ""1.6.1"", ""scipy"": ""1.16.3""}",RQ2-v1|oracle-evaluator-grouping|observed-reports-only,"{""false_priority_lift_normalized"": ""lower"", ""mean_rank_drift_normalized"": ""lower"", ""n_error_relative_after"": ""lower"", ""ndcg_at_5"": ""higher"", ""priority_drift_abs_normalized"": ""lower"", ""spearman"": ""higher"", ""top5_overlap"": ""higher"", ""top_k_churn"": ""lower"", ""v_error_relative_after"": ""lower""}"
robustness,duplicate_aware_robust,exact_duplicate_2x,priority_drift_abs_normalized,lower,0,0,0,"[0.0, 0.0]","{'scenario_rows': 40, 'test_seeds': 40}",40,4.1.0,test:3000-3039,a7c7a3f7ea63e57f1d98bd42f21c02aa04a69eaa37c824584a2be65f00f2d7e1,"{""numpy"": ""2.0.2"", ""pandas"": ""2.2.2"", ""python-louvain"": ""0.16"", ""scikit-learn"": ""1.6.1"", ""scipy"": ""1.16.3""}",RQ2-v1|oracle-evaluator-grouping|observed-reports-only,"{""false_priority_lift_normalized"": ""lower"", ""mean_rank_drift_normalized"": ""lower"", ""n_error_relative_after"": ""lower"", ""ndcg_at_5"": ""higher"", ""priority_drift_abs_normalized"": ""lower"", ""spearman"": ""higher"", ""top5_overlap"": ""higher"", ""top_k_churn"": ""lower"", ""v_error_relative_after"": ""lower""}"
robustness,duplicate_aware_robust,exact_duplicate_2x,mean_rank_drift_normalized,lower,0,0,0,"[0.0, 0.0]","{'scenario_rows': 40, 'test_seeds': 40}",40,4.1.0,test:3000-3039,a7c7a3f7ea63e57f1d98bd42f21c02aa04a69eaa37c824584a2be65f00f2d7e1,"{""numpy"": ""2.0.2"", ""pandas"": ""2.2.2"", ""python-louvain"": ""0.16"", ""scikit-learn"": ""1.6.1"", ""scipy"": ""1.16.3""}",RQ2-v1|oracle-evaluator-grouping|observed-reports-only,"{""false_priority_lift_normalized"": ""lower"", ""mean_rank_drift_normalized"": ""lower"", ""n_error_relative_after"": ""lower"", ""ndcg_at_5"": ""higher"", ""priority_drift_abs_normalized"": ""lower"", ""spearman"": ""higher"", ""top5_overlap"": ""higher"", ""top_k_churn"": ""lower"", ""v_error_relative_after"": ""lower""}"
robustness,duplicate_aware_robust,exact_duplicate_2x,top_k_churn,lower,0,0,0,"[0.0, 0.0]","{'scenario_rows': 40, 'test_seeds': 40}",40,4.1.0,test:3000-3039,a7c7a3f7ea63e57f1d98bd42f21c02aa04a69eaa37c824584a2be65f00f2d7e1,"{""numpy"": ""2.0.2"", ""pandas"": ""2.2.2"", ""python-louvain"": ""0.16"", ""scikit-learn"": ""1.6.1"", ""scipy"": ""1.16.3""}",RQ2-v1|oracle-evaluator-grouping|observed-reports-only,"{""false_priority_lift_normalized"": ""lower"", ""mean_rank_drift_normalized"": ""lower"", ""n_error_relative_after"": ""lower"", ""ndcg_at_5"": ""higher"", ""priority_drift_abs_normalized"": ""lower"", ""spearman"": ""higher"", ""top5_overlap"": ""higher"", ""top_k_churn"": ""lower"", ""v_error_relative_after"": ""lower""}"
robustness,duplicate_aware_robust,exact_duplicate_2x,n_error_relative_after,lower,0.2664525705,0.09049692591,0.26587127,"[0.23887507531875005, 0.29468814654375]","{'scenario_rows': 40, 'test_seeds': 40}",40,4.1.0,test:3000-3039,a7c7a3f7ea63e57f1d98bd42f21c02aa04a69eaa37c824584a2be65f00f2d7e1,"{""numpy"": ""2.0.2"", ""pandas"": ""2.2.2"", ""python-louvain"": ""0.16"", ""scikit-learn"": ""1.6.1"", ""scipy"": ""1.16.3""}",RQ2-v1|oracle-evaluator-grouping|observed-reports-only,"{""false_priority_lift_normalized"": ""lower"", ""mean_rank_drift_normalized"": ""lower"", ""n_error_relative_after"": ""lower"", ""ndcg_at_5"": ""higher"", ""priority_drift_abs_normalized"": ""lower"", ""spearman"": ""higher"", ""top5_overlap"": ""higher"", ""top_k_churn"": ""lower"", ""v_error_relative_after"": ""lower""}"
robustness,duplicate_aware_robust,exact_duplicate_2x,v_error_relative_after,lower,0.2331271908,0.09414024078,0.259044165,"[0.20365267029375003, 0.26219634797499997]","{'scenario_rows': 40, 'test_seeds': 40}",40,4.1.0,test:3000-3039,a7c7a3f7ea63e57f1d98bd42f21c02aa04a69eaa37c824584a2be65f00f2d7e1,"{""numpy"": ""2.0.2"", ""pandas"": ""2.2.2"", ""python-louvain"": ""0.16"", ""scikit-learn"": ""1.6.1"", ""scipy"": ""1.16.3""}",RQ2-v1|oracle-evaluator-grouping|observed-reports-only,"{""false_priority_lift_normalized"": ""lower"", ""mean_rank_drift_normalized"": ""lower"", ""n_error_relative_after"": ""lower"", ""ndcg_at_5"": ""higher"", ""priority_drift_abs_normalized"": ""lower"", ""spearman"": ""higher"", ""top5_overlap"": ""higher"", ""top_k_churn"": ""lower"", ""v_error_relative_after"": ""lower""}"
robustness,legacy_raw,exact_duplicate_2x,priority_drift_abs_normalized,lower,0.00262625,0.002479195163,0.002,"[0.0019099999999999998, 0.0034387812499999996]","{'scenario_rows': 40, 'test_seeds': 40}",40,4.1.0,test:3000-3039,a7c7a3f7ea63e57f1d98bd42f21c02aa04a69eaa37c824584a2be65f00f2d7e1,"{""numpy"": ""2.0.2"", ""pandas"": ""2.2.2"", ""python-louvain"": ""0.16"", ""scikit-learn"": ""1.6.1"", ""scipy"": ""1.16.3""}",RQ2-v1|oracle-evaluator-grouping|observed-reports-only,"{""false_priority_lift_normalized"": ""lower"", ""mean_rank_drift_normalized"": ""lower"", ""n_error_relative_after"": ""lower"", ""ndcg_at_5"": ""higher"", ""priority_drift_abs_normalized"": ""lower"", ""spearman"": ""higher"", ""top5_overlap"": ""higher"", ""top_k_churn"": ""lower"", ""v_error_relative_after"": ""lower""}"
robustness,legacy_raw,exact_duplicate_2x,mean_rank_drift_normalized,lower,0.001458333,0.004578960105,0,"[0.00020833325, 0.0031249995000000004]","{'scenario_rows': 40, 'test_seeds': 40}",40,4.1.0,test:3000-3039,a7c7a3f7ea63e57f1d98bd42f21c02aa04a69eaa37c824584a2be65f00f2d7e1,"{""numpy"": ""2.0.2"", ""pandas"": ""2.2.2"", ""python-louvain"": ""0.16"", ""scikit-learn"": ""1.6.1"", ""scipy"": ""1.16.3""}",RQ2-v1|oracle-evaluator-grouping|observed-reports-only,"{""false_priority_lift_normalized"": ""lower"", ""mean_rank_drift_normalized"": ""lower"", ""n_error_relative_after"": ""lower"", ""ndcg_at_5"": ""higher"", ""priority_drift_abs_normalized"": ""lower"", ""spearman"": ""higher"", ""top5_overlap"": ""higher"", ""top_k_churn"": ""lower"", ""v_error_relative_after"": ""lower""}"
robustness,legacy_raw,exact_duplicate_2x,top_k_churn,lower,0,0,0,"[0.0, 0.0]","{'scenario_rows': 40, 'test_seeds': 40}",40,4.1.0,test:3000-3039,a7c7a3f7ea63e57f1d98bd42f21c02aa04a69eaa37c824584a2be65f00f2d7e1,"{""numpy"": ""2.0.2"", ""pandas"": ""2.2.2"", ""python-louvain"": ""0.16"", ""scikit-learn"": ""1.6.1"", ""scipy"": ""1.16.3""}",RQ2-v1|oracle-evaluator-grouping|observed-reports-only,"{""false_priority_lift_normalized"": ""lower"", ""mean_rank_drift_normalized"": ""lower"", ""n_error_relative_after"": ""lower"", ""ndcg_at_5"": ""higher"", ""priority_drift_abs_normalized"": ""lower"", ""spearman"": ""higher"", ""top5_overlap"": ""higher"", ""top_k_churn"": ""lower"", ""v_error_relative_after"": ""lower""}"
robustness,legacy_raw,exact_duplicate_2x,n_error_relative_after,lower,5.898707026,1.017114092,5.75719588,"[5.597900653293751, 6.217543261512499]","{'scenario_rows': 40, 'test_seeds': 40}",40,4.1.0,test:3000-3039,a7c7a3f7ea63e57f1d98bd42f21c02aa04a69eaa37c824584a2be65f00f2d7e1,"{""numpy"": ""2.0.2"", ""pandas"": ""2.2.2"", ""python-louvain"": ""0.16"", ""scikit-learn"": ""1.6.1"", ""scipy"": ""1.16.3""}",RQ2-v1|oracle-evaluator-grouping|observed-reports-only,"{""false_priority_lift_normalized"": ""lower"", ""mean_rank_drift_normalized"": ""lower"", ""n_error_relative_after"": ""lower"", ""ndcg_at_5"": ""higher"", ""priority_drift_abs_normalized"": ""lower"", ""spearman"": ""higher"", ""top5_overlap"": ""higher"", ""top_k_churn"": ""lower"", ""v_error_relative_after"": ""lower""}"
robustness,legacy_raw,exact_duplicate_2x,v_error_relative_after,lower,6.433347919,1.223244427,6.453455,"[6.068360882074999, 6.8094857319437505]","{'scenario_rows': 40, 'test_seeds': 40}",40,4.1.0,test:3000-3039,a7c7a3f7ea63e57f1d98bd42f21c02aa04a69eaa37c824584a2be65f00f2d7e1,"{""numpy"": ""2.0.2"", ""pandas"": ""2.2.2"", ""python-louvain"": ""0.16"", ""scikit-learn"": ""1.6.1"", ""scipy"": ""1.16.3""}",RQ2-v1|oracle-evaluator-grouping|observed-reports-only,"{""false_priority_lift_normalized"": ""lower"", ""mean_rank_drift_normalized"": ""lower"", ""n_error_relative_after"": ""lower"", ""ndcg_at_5"": ""higher"", ""priority_drift_abs_normalized"": ""lower"", ""spearman"": ""higher"", ""top5_overlap"": ""higher"", ""top_k_churn"": ""lower"", ""v_error_relative_after"": ""lower""}"
robustness,duplicate_aware_robust,exact_duplicate_5x,priority_drift_abs_normalized,lower,0,0,0,"[0.0, 0.0]","{'scenario_rows': 40, 'test_seeds': 40}",40,4.1.0,test:3000-3039,a7c7a3f7ea63e57f1d98bd42f21c02aa04a69eaa37c824584a2be65f00f2d7e1,"{""numpy"": ""2.0.2"", ""pandas"": ""2.2.2"", ""python-louvain"": ""0.16"", ""scikit-learn"": ""1.6.1"", ""scipy"": ""1.16.3""}",RQ2-v1|oracle-evaluator-grouping|observed-reports-only,"{""false_priority_lift_normalized"": ""lower"", ""mean_rank_drift_normalized"": ""lower"", ""n_error_relative_after"": ""lower"", ""ndcg_at_5"": ""higher"", ""priority_drift_abs_normalized"": ""lower"", ""spearman"": ""higher"", ""top5_overlap"": ""higher"", ""top_k_churn"": ""lower"", ""v_error_relative_after"": ""lower""}"
robustness,duplicate_aware_robust,exact_duplicate_5x,mean_rank_drift_normalized,lower,0,0,0,"[0.0, 0.0]","{'scenario_rows': 40, 'test_seeds': 40}",40,4.1.0,test:3000-3039,a7c7a3f7ea63e57f1d98bd42f21c02aa04a69eaa37c824584a2be65f00f2d7e1,"{""numpy"": ""2.0.2"", ""pandas"": ""2.2.2"", ""python-louvain"": ""0.16"", ""scikit-learn"": ""1.6.1"", ""scipy"": ""1.16.3""}",RQ2-v1|oracle-evaluator-grouping|observed-reports-only,"{""false_priority_lift_normalized"": ""lower"", ""mean_rank_drift_normalized"": ""lower"", ""n_error_relative_after"": ""lower"", ""ndcg_at_5"": ""higher"", ""priority_drift_abs_normalized"": ""lower"", ""spearman"": ""higher"", ""top5_overlap"": ""higher"", ""top_k_churn"": ""lower"", ""v_error_relative_after"": ""lower""}"
robustness,duplicate_aware_robust,exact_duplicate_5x,top_k_churn,lower,0,0,0,"[0.0, 0.0]","{'scenario_rows': 40, 'test_seeds': 40}",40,4.1.0,test:3000-3039,a7c7a3f7ea63e57f1d98bd42f21c02aa04a69eaa37c824584a2be65f00f2d7e1,"{""numpy"": ""2.0.2"", ""pandas"": ""2.2.2"", ""python-louvain"": ""0.16"", ""scikit-learn"": ""1.6.1"", ""scipy"": ""1.16.3""}",RQ2-v1|oracle-evaluator-grouping|observed-reports-only,"{""false_priority_lift_normalized"": ""lower"", ""mean_rank_drift_normalized"": ""lower"", ""n_error_relative_after"": ""lower"", ""ndcg_at_5"": ""higher"", ""priority_drift_abs_normalized"": ""lower"", ""spearman"": ""higher"", ""top5_overlap"": ""higher"", ""top_k_churn"": ""lower"", ""v_error_relative_after"": ""lower""}"
robustness,duplicate_aware_robust,exact_duplicate_5x,n_error_relative_after,lower,0.2664525705,0.09049692591,0.26587127,"[0.23887507531875005, 0.29468814654375]","{'scenario_rows': 40, 'test_seeds': 40}",40,4.1.0,test:3000-3039,a7c7a3f7ea63e57f1d98bd42f21c02aa04a69eaa37c824584a2be65f00f2d7e1,"{""numpy"": ""2.0.2"", ""pandas"": ""2.2.2"", ""python-louvain"": ""0.16"", ""scikit-learn"": ""1.6.1"", ""scipy"": ""1.16.3""}",RQ2-v1|oracle-evaluator-grouping|observed-reports-only,"{""false_priority_lift_normalized"": ""lower"", ""mean_rank_drift_normalized"": ""lower"", ""n_error_relative_after"": ""lower"", ""ndcg_at_5"": ""higher"", ""priority_drift_abs_normalized"": ""lower"", ""spearman"": ""higher"", ""top5_overlap"": ""higher"", ""top_k_churn"": ""lower"", ""v_error_relative_after"": ""lower""}"
robustness,duplicate_aware_robust,exact_duplicate_5x,v_error_relative_after,lower,0.2331271908,0.09414024078,0.259044165,"[0.20365267029375003, 0.26219634797499997]","{'scenario_rows': 40, 'test_seeds': 40}",40,4.1.0,test:3000-3039,a7c7a3f7ea63e57f1d98bd42f21c02aa04a69eaa37c824584a2be65f00f2d7e1,"{""numpy"": ""2.0.2"", ""pandas"": ""2.2.2"", ""python-louvain"": ""0.16"", ""scikit-learn"": ""1.6.1"", ""scipy"": ""1.16.3""}",RQ2-v1|oracle-evaluator-grouping|observed-reports-only,"{""false_priority_lift_normalized"": ""lower"", ""mean_rank_drift_normalized"": ""lower"", ""n_error_relative_after"": ""lower"", ""ndcg_at_5"": ""higher"", ""priority_drift_abs_normalized"": ""lower"", ""spearman"": ""higher"", ""top5_overlap"": ""higher"", ""top_k_churn"": ""lower"", ""v_error_relative_after"": ""lower""}"
robustness,legacy_raw,exact_duplicate_5x,priority_drift_abs_normalized,lower,0.00858,0.008502780842,0.0065,"[0.00610625, 0.011352624999999996]","{'scenario_rows': 40, 'test_seeds': 40}",40,4.1.0,test:3000-3039,a7c7a3f7ea63e57f1d98bd42f21c02aa04a69eaa37c824584a2be65f00f2d7e1,"{""numpy"": ""2.0.2"", ""pandas"": ""2.2.2"", ""python-louvain"": ""0.16"", ""scikit-learn"": ""1.6.1"", ""scipy"": ""1.16.3""}",RQ2-v1|oracle-evaluator-grouping|observed-reports-only,"{""false_priority_lift_normalized"": ""lower"", ""mean_rank_drift_normalized"": ""lower"", ""n_error_relative_after"": ""lower"", ""ndcg_at_5"": ""higher"", ""priority_drift_abs_normalized"": ""lower"", ""spearman"": ""higher"", ""top5_overlap"": ""higher"", ""top_k_churn"": ""lower"", ""v_error_relative_after"": ""lower""}"
robustness,legacy_raw,exact_duplicate_5x,mean_rank_drift_normalized,lower,0.00458333225,0.008428937754,0,"[0.00229166575, 0.00749999825625]","{'scenario_rows': 40, 'test_seeds': 40}",40,4.1.0,test:3000-3039,a7c7a3f7ea63e57f1d98bd42f21c02aa04a69eaa37c824584a2be65f00f2d7e1,"{""numpy"": ""2.0.2"", ""pandas"": ""2.2.2"", ""python-louvain"": ""0.16"", ""scikit-learn"": ""1.6.1"", ""scipy"": ""1.16.3""}",RQ2-v1|oracle-evaluator-grouping|observed-reports-only,"{""false_priority_lift_normalized"": ""lower"", ""mean_rank_drift_normalized"": ""lower"", ""n_error_relative_after"": ""lower"", ""ndcg_at_5"": ""higher"", ""priority_drift_abs_normalized"": ""lower"", ""spearman"": ""higher"", ""top5_overlap"": ""higher"", ""top_k_churn"": ""lower"", ""v_error_relative_after"": ""lower""}"
robustness,legacy_raw,exact_duplicate_5x,top_k_churn,lower,0.01,0.04414428557,0,"[0.0, 0.025]","{'scenario_rows': 40, 'test_seeds': 40}",40,4.1.0,test:3000-3039,a7c7a3f7ea63e57f1d98bd42f21c02aa04a69eaa37c824584a2be65f00f2d7e1,"{""numpy"": ""2.0.2"", ""pandas"": ""2.2.2"", ""python-louvain"": ""0.16"", ""scikit-learn"": ""1.6.1"", ""scipy"": ""1.16.3""}",RQ2-v1|oracle-evaluator-grouping|observed-reports-only,"{""false_priority_lift_normalized"": ""lower"", ""mean_rank_drift_normalized"": ""lower"", ""n_error_relative_after"": ""lower"", ""ndcg_at_5"": ""higher"", ""priority_drift_abs_normalized"": ""lower"", ""spearman"": ""higher"", ""top5_overlap"": ""higher"", ""top_k_churn"": ""lower"", ""v_error_relative_after"": ""lower""}"
robustness,legacy_raw,exact_duplicate_5x,n_error_relative_after,lower,6.825592513,1.334534,6.61780468,"[6.42588792105, 7.245881518612499]","{'scenario_rows': 40, 'test_seeds': 40}",40,4.1.0,test:3000-3039,a7c7a3f7ea63e57f1d98bd42f21c02aa04a69eaa37c824584a2be65f00f2d7e1,"{""numpy"": ""2.0.2"", ""pandas"": ""2.2.2"", ""python-louvain"": ""0.16"", ""scikit-learn"": ""1.6.1"", ""scipy"": ""1.16.3""}",RQ2-v1|oracle-evaluator-grouping|observed-reports-only,"{""false_priority_lift_normalized"": ""lower"", ""mean_rank_drift_normalized"": ""lower"", ""n_error_relative_after"": ""lower"", ""ndcg_at_5"": ""higher"", ""priority_drift_abs_normalized"": ""lower"", ""spearman"": ""higher"", ""top5_overlap"": ""higher"", ""top_k_churn"": ""lower"", ""v_error_relative_after"": ""lower""}"
robustness,legacy_raw,exact_duplicate_5x,v_error_relative_after,lower,7.544688691,1.613781251,7.65977778,"[7.065512822075001, 8.045452364500001]","{'scenario_rows': 40, 'test_seeds': 40}",40,4.1.0,test:3000-3039,a7c7a3f7ea63e57f1d98bd42f21c02aa04a69eaa37c824584a2be65f00f2d7e1,"{""numpy"": ""2.0.2"", ""pandas"": ""2.2.2"", ""python-louvain"": ""0.16"", ""scikit-learn"": ""1.6.1"", ""scipy"": ""1.16.3""}",RQ2-v1|oracle-evaluator-grouping|observed-reports-only,"{""false_priority_lift_normalized"": ""lower"", ""mean_rank_drift_normalized"": ""lower"", ""n_error_relative_after"": ""lower"", ""ndcg_at_5"": ""higher"", ""priority_drift_abs_normalized"": ""lower"", ""spearman"": ""higher"", ""top5_overlap"": ""higher"", ""top_k_churn"": ""lower"", ""v_error_relative_after"": ""lower""}"
robustness,duplicate_aware_robust,low_confidence_inflate_E,priority_drift_abs_normalized,lower,0.0034,0.0006530991208,0.003375,"[0.00320625, 0.00360003125]","{'scenario_rows': 40, 'test_seeds': 40}",40,4.1.0,test:3000-3039,a7c7a3f7ea63e57f1d98bd42f21c02aa04a69eaa37c824584a2be65f00f2d7e1,"{""numpy"": ""2.0.2"", ""pandas"": ""2.2.2"", ""python-louvain"": ""0.16"", ""scikit-learn"": ""1.6.1"", ""scipy"": ""1.16.3""}",RQ2-v1|oracle-evaluator-grouping|observed-reports-only,"{""false_priority_lift_normalized"": ""lower"", ""mean_rank_drift_normalized"": ""lower"", ""n_error_relative_after"": ""lower"", ""ndcg_at_5"": ""higher"", ""priority_drift_abs_normalized"": ""lower"", ""spearman"": ""higher"", ""top5_overlap"": ""higher"", ""top_k_churn"": ""lower"", ""v_error_relative_after"": ""lower""}"
robustness,duplicate_aware_robust,low_confidence_inflate_E,mean_rank_drift_normalized,lower,0.000833333,0.002531847405,0,"[0.00020833325, 0.001666666]","{'scenario_rows': 40, 'test_seeds': 40}",40,4.1.0,test:3000-3039,a7c7a3f7ea63e57f1d98bd42f21c02aa04a69eaa37c824584a2be65f00f2d7e1,"{""numpy"": ""2.0.2"", ""pandas"": ""2.2.2"", ""python-louvain"": ""0.16"", ""scikit-learn"": ""1.6.1"", ""scipy"": ""1.16.3""}",RQ2-v1|oracle-evaluator-grouping|observed-reports-only,"{""false_priority_lift_normalized"": ""lower"", ""mean_rank_drift_normalized"": ""lower"", ""n_error_relative_after"": ""lower"", ""ndcg_at_5"": ""higher"", ""priority_drift_abs_normalized"": ""lower"", ""spearman"": ""higher"", ""top5_overlap"": ""higher"", ""top_k_churn"": ""lower"", ""v_error_relative_after"": ""lower""}"
robustness,duplicate_aware_robust,low_confidence_inflate_E,top_k_churn,lower,0.005,0.0316227766,0,"[0.0, 0.015000000000000003]","{'scenario_rows': 40, 'test_seeds': 40}",40,4.1.0,test:3000-3039,a7c7a3f7ea63e57f1d98bd42f21c02aa04a69eaa37c824584a2be65f00f2d7e1,"{""numpy"": ""2.0.2"", ""pandas"": ""2.2.2"", ""python-louvain"": ""0.16"", ""scikit-learn"": ""1.6.1"", ""scipy"": ""1.16.3""}",RQ2-v1|oracle-evaluator-grouping|observed-reports-only,"{""false_priority_lift_normalized"": ""lower"", ""mean_rank_drift_normalized"": ""lower"", ""n_error_relative_after"": ""lower"", ""ndcg_at_5"": ""higher"", ""priority_drift_abs_normalized"": ""lower"", ""spearman"": ""higher"", ""top5_overlap"": ""higher"", ""top_k_churn"": ""lower"", ""v_error_relative_after"": ""lower""}"
robustness,duplicate_aware_robust,low_confidence_inflate_E,false_priority_lift_normalized,lower,0.11215,0,0.11215,"[0.11215, 0.11215]","{'scenario_rows': 40, 'test_seeds': 40}",40,4.1.0,test:3000-3039,a7c7a3f7ea63e57f1d98bd42f21c02aa04a69eaa37c824584a2be65f00f2d7e1,"{""numpy"": ""2.0.2"", ""pandas"": ""2.2.2"", ""python-louvain"": ""0.16"", ""scikit-learn"": ""1.6.1"", ""scipy"": ""1.16.3""}",RQ2-v1|oracle-evaluator-grouping|observed-reports-only,"{""false_priority_lift_normalized"": ""lower"", ""mean_rank_drift_normalized"": ""lower"", ""n_error_relative_after"": ""lower"", ""ndcg_at_5"": ""higher"", ""priority_drift_abs_normalized"": ""lower"", ""spearman"": ""higher"", ""top5_overlap"": ""higher"", ""top_k_churn"": ""lower"", ""v_error_relative_after"": ""lower""}"
robustness,duplicate_aware_robust,low_confidence_inflate_E,n_error_relative_after,lower,0.2664525705,0.09049692591,0.26587127,"[0.23887507531875005, 0.29468814654375]","{'scenario_rows': 40, 'test_seeds': 40}",40,4.1.0,test:3000-3039,a7c7a3f7ea63e57f1d98bd42f21c02aa04a69eaa37c824584a2be65f00f2d7e1,"{""numpy"": ""2.0.2"", ""pandas"": ""2.2.2"", ""python-louvain"": ""0.16"", ""scikit-learn"": ""1.6.1"", ""scipy"": ""1.16.3""}",RQ2-v1|oracle-evaluator-grouping|observed-reports-only,"{""false_priority_lift_normalized"": ""lower"", ""mean_rank_drift_normalized"": ""lower"", ""n_error_relative_after"": ""lower"", ""ndcg_at_5"": ""higher"", ""priority_drift_abs_normalized"": ""lower"", ""spearman"": ""higher"", ""top5_overlap"": ""higher"", ""top_k_churn"": ""lower"", ""v_error_relative_after"": ""lower""}"
robustness,duplicate_aware_robust,low_confidence_inflate_E,v_error_relative_after,lower,0.2331271908,0.09414024078,0.259044165,"[0.20365267029375003, 0.26219634797499997]","{'scenario_rows': 40, 'test_seeds': 40}",40,4.1.0,test:3000-3039,a7c7a3f7ea63e57f1d98bd42f21c02aa04a69eaa37c824584a2be65f00f2d7e1,"{""numpy"": ""2.0.2"", ""pandas"": ""2.2.2"", ""python-louvain"": ""0.16"", ""scikit-learn"": ""1.6.1"", ""scipy"": ""1.16.3""}",RQ2-v1|oracle-evaluator-grouping|observed-reports-only,"{""false_priority_lift_normalized"": ""lower"", ""mean_rank_drift_normalized"": ""lower"", ""n_error_relative_after"": ""lower"", ""ndcg_at_5"": ""higher"", ""priority_drift_abs_normalized"": ""lower"", ""spearman"": ""higher"", ""top5_overlap"": ""higher"", ""top_k_churn"": ""lower"", ""v_error_relative_after"": ""lower""}"
robustness,legacy_raw,low_confidence_inflate_E,priority_drift_abs_normalized,lower,0.00116625,0.0007562040408,0.0011,"[0.0009362187500000001, 0.00140625]","{'scenario_rows': 40, 'test_seeds': 40}",40,4.1.0,test:3000-3039,a7c7a3f7ea63e57f1d98bd42f21c02aa04a69eaa37c824584a2be65f00f2d7e1,"{""numpy"": ""2.0.2"", ""pandas"": ""2.2.2"", ""python-louvain"": ""0.16"", ""scikit-learn"": ""1.6.1"", ""scipy"": ""1.16.3""}",RQ2-v1|oracle-evaluator-grouping|observed-reports-only,"{""false_priority_lift_normalized"": ""lower"", ""mean_rank_drift_normalized"": ""lower"", ""n_error_relative_after"": ""lower"", ""ndcg_at_5"": ""higher"", ""priority_drift_abs_normalized"": ""lower"", ""spearman"": ""higher"", ""top5_overlap"": ""higher"", ""top_k_churn"": ""lower"", ""v_error_relative_after"": ""lower""}"
robustness,legacy_raw,low_confidence_inflate_E,mean_rank_drift_normalized,lower,0.00062499975,0.002222888968,0,"[0.0, 0.00145833275]","{'scenario_rows': 40, 'test_seeds': 40}",40,4.1.0,test:3000-3039,a7c7a3f7ea63e57f1d98bd42f21c02aa04a69eaa37c824584a2be65f00f2d7e1,"{""numpy"": ""2.0.2"", ""pandas"": ""2.2.2"", ""python-louvain"": ""0.16"", ""scikit-learn"": ""1.6.1"", ""scipy"": ""1.16.3""}",RQ2-v1|oracle-evaluator-grouping|observed-reports-only,"{""false_priority_lift_normalized"": ""lower"", ""mean_rank_drift_normalized"": ""lower"", ""n_error_relative_after"": ""lower"", ""ndcg_at_5"": ""higher"", ""priority_drift_abs_normalized"": ""lower"", ""spearman"": ""higher"", ""top5_overlap"": ""higher"", ""top_k_churn"": ""lower"", ""v_error_relative_after"": ""lower""}"
robustness,legacy_raw,low_confidence_inflate_E,top_k_churn,lower,0,0,0,"[0.0, 0.0]","{'scenario_rows': 40, 'test_seeds': 40}",40,4.1.0,test:3000-3039,a7c7a3f7ea63e57f1d98bd42f21c02aa04a69eaa37c824584a2be65f00f2d7e1,"{""numpy"": ""2.0.2"", ""pandas"": ""2.2.2"", ""python-louvain"": ""0.16"", ""scikit-learn"": ""1.6.1"", ""scipy"": ""1.16.3""}",RQ2-v1|oracle-evaluator-grouping|observed-reports-only,"{""false_priority_lift_normalized"": ""lower"", ""mean_rank_drift_normalized"": ""lower"", ""n_error_relative_after"": ""lower"", ""ndcg_at_5"": ""higher"", ""priority_drift_abs_normalized"": ""lower"", ""spearman"": ""higher"", ""top5_overlap"": ""higher"", ""top_k_churn"": ""lower"", ""v_error_relative_after"": ""lower""}"
robustness,legacy_raw,low_confidence_inflate_E,false_priority_lift_normalized,lower,0.11215,0,0.11215,"[0.11215, 0.11215]","{'scenario_rows': 40, 'test_seeds': 40}",40,4.1.0,test:3000-3039,a7c7a3f7ea63e57f1d98bd42f21c02aa04a69eaa37c824584a2be65f00f2d7e1,"{""numpy"": ""2.0.2"", ""pandas"": ""2.2.2"", ""python-louvain"": ""0.16"", ""scikit-learn"": ""1.6.1"", ""scipy"": ""1.16.3""}",RQ2-v1|oracle-evaluator-grouping|observed-reports-only,"{""false_priority_lift_normalized"": ""lower"", ""mean_rank_drift_normalized"": ""lower"", ""n_error_relative_after"": ""lower"", ""ndcg_at_5"": ""higher"", ""priority_drift_abs_normalized"": ""lower"", ""spearman"": ""higher"", ""top5_overlap"": ""higher"", ""top_k_churn"": ""lower"", ""v_error_relative_after"": ""lower""}"
robustness,legacy_raw,low_confidence_inflate_E,n_error_relative_after,lower,5.606043642,0.9683803591,5.5641928,"[5.316632992331251, 5.90788834146875]","{'scenario_rows': 40, 'test_seeds': 40}",40,4.1.0,test:3000-3039,a7c7a3f7ea63e57f1d98bd42f21c02aa04a69eaa37c824584a2be65f00f2d7e1,"{""numpy"": ""2.0.2"", ""pandas"": ""2.2.2"", ""python-louvain"": ""0.16"", ""scikit-learn"": ""1.6.1"", ""scipy"": ""1.16.3""}",RQ2-v1|oracle-evaluator-grouping|observed-reports-only,"{""false_priority_lift_normalized"": ""lower"", ""mean_rank_drift_normalized"": ""lower"", ""n_error_relative_after"": ""lower"", ""ndcg_at_5"": ""higher"", ""priority_drift_abs_normalized"": ""lower"", ""spearman"": ""higher"", ""top5_overlap"": ""higher"", ""top_k_churn"": ""lower"", ""v_error_relative_after"": ""lower""}"
robustness,legacy_raw,low_confidence_inflate_E,v_error_relative_after,lower,6.062900996,1.158063546,5.952748335,"[5.722438967025, 6.4210437822749995]","{'scenario_rows': 40, 'test_seeds': 40}",40,4.1.0,test:3000-3039,a7c7a3f7ea63e57f1d98bd42f21c02aa04a69eaa37c824584a2be65f00f2d7e1,"{""numpy"": ""2.0.2"", ""pandas"": ""2.2.2"", ""python-louvain"": ""0.16"", ""scikit-learn"": ""1.6.1"", ""scipy"": ""1.16.3""}",RQ2-v1|oracle-evaluator-grouping|observed-reports-only,"{""false_priority_lift_normalized"": ""lower"", ""mean_rank_drift_normalized"": ""lower"", ""n_error_relative_after"": ""lower"", ""ndcg_at_5"": ""higher"", ""priority_drift_abs_normalized"": ""lower"", ""spearman"": ""higher"", ""top5_overlap"": ""higher"", ""top_k_churn"": ""lower"", ""v_error_relative_after"": ""lower""}"
robustness,duplicate_aware_robust,low_confidence_inflate_F,priority_drift_abs_normalized,lower,0.00261875,0.0005536229741,0.0025,"[0.00245371875, 0.0027887500000000004]","{'scenario_rows': 40, 'test_seeds': 40}",40,4.1.0,test:3000-3039,a7c7a3f7ea63e57f1d98bd42f21c02aa04a69eaa37c824584a2be65f00f2d7e1,"{""numpy"": ""2.0.2"", ""pandas"": ""2.2.2"", ""python-louvain"": ""0.16"", ""scikit-learn"": ""1.6.1"", ""scipy"": ""1.16.3""}",RQ2-v1|oracle-evaluator-grouping|observed-reports-only,"{""false_priority_lift_normalized"": ""lower"", ""mean_rank_drift_normalized"": ""lower"", ""n_error_relative_after"": ""lower"", ""ndcg_at_5"": ""higher"", ""priority_drift_abs_normalized"": ""lower"", ""spearman"": ""higher"", ""top5_overlap"": ""higher"", ""top_k_churn"": ""lower"", ""v_error_relative_after"": ""lower""}"
robustness,duplicate_aware_robust,low_confidence_inflate_F,mean_rank_drift_normalized,lower,0,0,0,"[0.0, 0.0]","{'scenario_rows': 40, 'test_seeds': 40}",40,4.1.0,test:3000-3039,a7c7a3f7ea63e57f1d98bd42f21c02aa04a69eaa37c824584a2be65f00f2d7e1,"{""numpy"": ""2.0.2"", ""pandas"": ""2.2.2"", ""python-louvain"": ""0.16"", ""scikit-learn"": ""1.6.1"", ""scipy"": ""1.16.3""}",RQ2-v1|oracle-evaluator-grouping|observed-reports-only,"{""false_priority_lift_normalized"": ""lower"", ""mean_rank_drift_normalized"": ""lower"", ""n_error_relative_after"": ""lower"", ""ndcg_at_5"": ""higher"", ""priority_drift_abs_normalized"": ""lower"", ""spearman"": ""higher"", ""top5_overlap"": ""higher"", ""top_k_churn"": ""lower"", ""v_error_relative_after"": ""lower""}"
robustness,duplicate_aware_robust,low_confidence_inflate_F,top_k_churn,lower,0,0,0,"[0.0, 0.0]","{'scenario_rows': 40, 'test_seeds': 40}",40,4.1.0,test:3000-3039,a7c7a3f7ea63e57f1d98bd42f21c02aa04a69eaa37c824584a2be65f00f2d7e1,"{""numpy"": ""2.0.2"", ""pandas"": ""2.2.2"", ""python-louvain"": ""0.16"", ""scikit-learn"": ""1.6.1"", ""scipy"": ""1.16.3""}",RQ2-v1|oracle-evaluator-grouping|observed-reports-only,"{""false_priority_lift_normalized"": ""lower"", ""mean_rank_drift_normalized"": ""lower"", ""n_error_relative_after"": ""lower"", ""ndcg_at_5"": ""higher"", ""priority_drift_abs_normalized"": ""lower"", ""spearman"": ""higher"", ""top5_overlap"": ""higher"", ""top_k_churn"": ""lower"", ""v_error_relative_after"": ""lower""}"
robustness,duplicate_aware_robust,low_confidence_inflate_F,false_priority_lift_normalized,lower,0.11045,0,0.11045,"[0.11045, 0.11045]","{'scenario_rows': 40, 'test_seeds': 40}",40,4.1.0,test:3000-3039,a7c7a3f7ea63e57f1d98bd42f21c02aa04a69eaa37c824584a2be65f00f2d7e1,"{""numpy"": ""2.0.2"", ""pandas"": ""2.2.2"", ""python-louvain"": ""0.16"", ""scikit-learn"": ""1.6.1"", ""scipy"": ""1.16.3""}",RQ2-v1|oracle-evaluator-grouping|observed-reports-only,"{""false_priority_lift_normalized"": ""lower"", ""mean_rank_drift_normalized"": ""lower"", ""n_error_relative_after"": ""lower"", ""ndcg_at_5"": ""higher"", ""priority_drift_abs_normalized"": ""lower"", ""spearman"": ""higher"", ""top5_overlap"": ""higher"", ""top_k_churn"": ""lower"", ""v_error_relative_after"": ""lower""}"
robustness,duplicate_aware_robust,low_confidence_inflate_F,n_error_relative_after,lower,0.2664525705,0.09049692591,0.26587127,"[0.23887507531875005, 0.29468814654375]","{'scenario_rows': 40, 'test_seeds': 40}",40,4.1.0,test:3000-3039,a7c7a3f7ea63e57f1d98bd42f21c02aa04a69eaa37c824584a2be65f00f2d7e1,"{""numpy"": ""2.0.2"", ""pandas"": ""2.2.2"", ""python-louvain"": ""0.16"", ""scikit-learn"": ""1.6.1"", ""scipy"": ""1.16.3""}",RQ2-v1|oracle-evaluator-grouping|observed-reports-only,"{""false_priority_lift_normalized"": ""lower"", ""mean_rank_drift_normalized"": ""lower"", ""n_error_relative_after"": ""lower"", ""ndcg_at_5"": ""higher"", ""priority_drift_abs_normalized"": ""lower"", ""spearman"": ""higher"", ""top5_overlap"": ""higher"", ""top_k_churn"": ""lower"", ""v_error_relative_after"": ""lower""}"
robustness,duplicate_aware_robust,low_confidence_inflate_F,v_error_relative_after,lower,0.2331271908,0.09414024078,0.259044165,"[0.20365267029375003, 0.26219634797499997]","{'scenario_rows': 40, 'test_seeds': 40}",40,4.1.0,test:3000-3039,a7c7a3f7ea63e57f1d98bd42f21c02aa04a69eaa37c824584a2be65f00f2d7e1,"{""numpy"": ""2.0.2"", ""pandas"": ""2.2.2"", ""python-louvain"": ""0.16"", ""scikit-learn"": ""1.6.1"", ""scipy"": ""1.16.3""}",RQ2-v1|oracle-evaluator-grouping|observed-reports-only,"{""false_priority_lift_normalized"": ""lower"", ""mean_rank_drift_normalized"": ""lower"", ""n_error_relative_after"": ""lower"", ""ndcg_at_5"": ""higher"", ""priority_drift_abs_normalized"": ""lower"", ""spearman"": ""higher"", ""top5_overlap"": ""higher"", ""top_k_churn"": ""lower"", ""v_error_relative_after"": ""lower""}"
robustness,legacy_raw,low_confidence_inflate_F,priority_drift_abs_normalized,lower,0.00715,0.001001409263,0.006875,"[0.0068525, 0.007457500000000001]","{'scenario_rows': 40, 'test_seeds': 40}",40,4.1.0,test:3000-3039,a7c7a3f7ea63e57f1d98bd42f21c02aa04a69eaa37c824584a2be65f00f2d7e1,"{""numpy"": ""2.0.2"", ""pandas"": ""2.2.2"", ""python-louvain"": ""0.16"", ""scikit-learn"": ""1.6.1"", ""scipy"": ""1.16.3""}",RQ2-v1|oracle-evaluator-grouping|observed-reports-only,"{""false_priority_lift_normalized"": ""lower"", ""mean_rank_drift_normalized"": ""lower"", ""n_error_relative_after"": ""lower"", ""ndcg_at_5"": ""higher"", ""priority_drift_abs_normalized"": ""lower"", ""spearman"": ""higher"", ""top5_overlap"": ""higher"", ""top_k_churn"": ""lower"", ""v_error_relative_after"": ""lower""}"
robustness,legacy_raw,low_confidence_inflate_F,mean_rank_drift_normalized,lower,0.00395833275,0.005657452328,0,"[0.0022916662500000002, 0.00583333275625]","{'scenario_rows': 40, 'test_seeds': 40}",40,4.1.0,test:3000-3039,a7c7a3f7ea63e57f1d98bd42f21c02aa04a69eaa37c824584a2be65f00f2d7e1,"{""numpy"": ""2.0.2"", ""pandas"": ""2.2.2"", ""python-louvain"": ""0.16"", ""scikit-learn"": ""1.6.1"", ""scipy"": ""1.16.3""}",RQ2-v1|oracle-evaluator-grouping|observed-reports-only,"{""false_priority_lift_normalized"": ""lower"", ""mean_rank_drift_normalized"": ""lower"", ""n_error_relative_after"": ""lower"", ""ndcg_at_5"": ""higher"", ""priority_drift_abs_normalized"": ""lower"", ""spearman"": ""higher"", ""top5_overlap"": ""higher"", ""top_k_churn"": ""lower"", ""v_error_relative_after"": ""lower""}"
robustness,legacy_raw,low_confidence_inflate_F,top_k_churn,lower,0.015,0.05334935657,0,"[0.0, 0.035]","{'scenario_rows': 40, 'test_seeds': 40}",40,4.1.0,test:3000-3039,a7c7a3f7ea63e57f1d98bd42f21c02aa04a69eaa37c824584a2be65f00f2d7e1,"{""numpy"": ""2.0.2"", ""pandas"": ""2.2.2"", ""python-louvain"": ""0.16"", ""scikit-learn"": ""1.6.1"", ""scipy"": ""1.16.3""}",RQ2-v1|oracle-evaluator-grouping|observed-reports-only,"{""false_priority_lift_normalized"": ""lower"", ""mean_rank_drift_normalized"": ""lower"", ""n_error_relative_after"": ""lower"", ""ndcg_at_5"": ""higher"", ""priority_drift_abs_normalized"": ""lower"", ""spearman"": ""higher"", ""top5_overlap"": ""higher"", ""top_k_churn"": ""lower"", ""v_error_relative_after"": ""lower""}"
robustness,legacy_raw,low_confidence_inflate_F,false_priority_lift_normalized,lower,0.11045,0,0.11045,"[0.11045, 0.11045]","{'scenario_rows': 40, 'test_seeds': 40}",40,4.1.0,test:3000-3039,a7c7a3f7ea63e57f1d98bd42f21c02aa04a69eaa37c824584a2be65f00f2d7e1,"{""numpy"": ""2.0.2"", ""pandas"": ""2.2.2"", ""python-louvain"": ""0.16"", ""scikit-learn"": ""1.6.1"", ""scipy"": ""1.16.3""}",RQ2-v1|oracle-evaluator-grouping|observed-reports-only,"{""false_priority_lift_normalized"": ""lower"", ""mean_rank_drift_normalized"": ""lower"", ""n_error_relative_after"": ""lower"", ""ndcg_at_5"": ""higher"", ""priority_drift_abs_normalized"": ""lower"", ""spearman"": ""higher"", ""top5_overlap"": ""higher"", ""top_k_churn"": ""lower"", ""v_error_relative_after"": ""lower""}"
robustness,legacy_raw,low_confidence_inflate_F,n_error_relative_after,lower,5.606043642,0.9683803591,5.5641928,"[5.316632992331251, 5.90788834146875]","{'scenario_rows': 40, 'test_seeds': 40}",40,4.1.0,test:3000-3039,a7c7a3f7ea63e57f1d98bd42f21c02aa04a69eaa37c824584a2be65f00f2d7e1,"{""numpy"": ""2.0.2"", ""pandas"": ""2.2.2"", ""python-louvain"": ""0.16"", ""scikit-learn"": ""1.6.1"", ""scipy"": ""1.16.3""}",RQ2-v1|oracle-evaluator-grouping|observed-reports-only,"{""false_priority_lift_normalized"": ""lower"", ""mean_rank_drift_normalized"": ""lower"", ""n_error_relative_after"": ""lower"", ""ndcg_at_5"": ""higher"", ""priority_drift_abs_normalized"": ""lower"", ""spearman"": ""higher"", ""top5_overlap"": ""higher"", ""top_k_churn"": ""lower"", ""v_error_relative_after"": ""lower""}"
robustness,legacy_raw,low_confidence_inflate_F,v_error_relative_after,lower,6.062900996,1.158063546,5.952748335,"[5.722438967025, 6.4210437822749995]","{'scenario_rows': 40, 'test_seeds': 40}",40,4.1.0,test:3000-3039,a7c7a3f7ea63e57f1d98bd42f21c02aa04a69eaa37c824584a2be65f00f2d7e1,"{""numpy"": ""2.0.2"", ""pandas"": ""2.2.2"", ""python-louvain"": ""0.16"", ""scikit-learn"": ""1.6.1"", ""scipy"": ""1.16.3""}",RQ2-v1|oracle-evaluator-grouping|observed-reports-only,"{""false_priority_lift_normalized"": ""lower"", ""mean_rank_drift_normalized"": ""lower"", ""n_error_relative_after"": ""lower"", ""ndcg_at_5"": ""higher"", ""priority_drift_abs_normalized"": ""lower"", ""spearman"": ""higher"", ""top5_overlap"": ""higher"", ""top_k_churn"": ""lower"", ""v_error_relative_after"": ""lower""}"
robustness,duplicate_aware_robust,low_confidence_inflate_N,priority_drift_abs_normalized,lower,0.0696225,0.01840339277,0.06695,"[0.064020875, 0.0751700625]","{'scenario_rows': 40, 'test_seeds': 40}",40,4.1.0,test:3000-3039,a7c7a3f7ea63e57f1d98bd42f21c02aa04a69eaa37c824584a2be65f00f2d7e1,"{""numpy"": ""2.0.2"", ""pandas"": ""2.2.2"", ""python-louvain"": ""0.16"", ""scikit-learn"": ""1.6.1"", ""scipy"": ""1.16.3""}",RQ2-v1|oracle-evaluator-grouping|observed-reports-only,"{""false_priority_lift_normalized"": ""lower"", ""mean_rank_drift_normalized"": ""lower"", ""n_error_relative_after"": ""lower"", ""ndcg_at_5"": ""higher"", ""priority_drift_abs_normalized"": ""lower"", ""spearman"": ""higher"", ""top5_overlap"": ""higher"", ""top_k_churn"": ""lower"", ""v_error_relative_after"": ""lower""}"
robustness,duplicate_aware_robust,low_confidence_inflate_N,mean_rank_drift_normalized,lower,0.02395833325,0.01225725943,0.025,"[0.02020833325, 0.027708333499999998]","{'scenario_rows': 40, 'test_seeds': 40}",40,4.1.0,test:3000-3039,a7c7a3f7ea63e57f1d98bd42f21c02aa04a69eaa37c824584a2be65f00f2d7e1,"{""numpy"": ""2.0.2"", ""pandas"": ""2.2.2"", ""python-louvain"": ""0.16"", ""scikit-learn"": ""1.6.1"", ""scipy"": ""1.16.3""}",RQ2-v1|oracle-evaluator-grouping|observed-reports-only,"{""false_priority_lift_normalized"": ""lower"", ""mean_rank_drift_normalized"": ""lower"", ""n_error_relative_after"": ""lower"", ""ndcg_at_5"": ""higher"", ""priority_drift_abs_normalized"": ""lower"", ""spearman"": ""higher"", ""top5_overlap"": ""higher"", ""top_k_churn"": ""lower"", ""v_error_relative_after"": ""lower""}"
robustness,duplicate_aware_robust,low_confidence_inflate_N,top_k_churn,lower,0.06,0.09281909618,0,"[0.034999999999999996, 0.09]","{'scenario_rows': 40, 'test_seeds': 40}",40,4.1.0,test:3000-3039,a7c7a3f7ea63e57f1d98bd42f21c02aa04a69eaa37c824584a2be65f00f2d7e1,"{""numpy"": ""2.0.2"", ""pandas"": ""2.2.2"", ""python-louvain"": ""0.16"", ""scikit-learn"": ""1.6.1"", ""scipy"": ""1.16.3""}",RQ2-v1|oracle-evaluator-grouping|observed-reports-only,"{""false_priority_lift_normalized"": ""lower"", ""mean_rank_drift_normalized"": ""lower"", ""n_error_relative_after"": ""lower"", ""ndcg_at_5"": ""higher"", ""priority_drift_abs_normalized"": ""lower"", ""spearman"": ""higher"", ""top5_overlap"": ""higher"", ""top_k_churn"": ""lower"", ""v_error_relative_after"": ""lower""}"
robustness,duplicate_aware_robust,low_confidence_inflate_N,false_priority_lift_normalized,lower,0.1816,0,0.1816,"[0.1816, 0.1816]","{'scenario_rows': 40, 'test_seeds': 40}",40,4.1.0,test:3000-3039,a7c7a3f7ea63e57f1d98bd42f21c02aa04a69eaa37c824584a2be65f00f2d7e1,"{""numpy"": ""2.0.2"", ""pandas"": ""2.2.2"", ""python-louvain"": ""0.16"", ""scikit-learn"": ""1.6.1"", ""scipy"": ""1.16.3""}",RQ2-v1|oracle-evaluator-grouping|observed-reports-only,"{""false_priority_lift_normalized"": ""lower"", ""mean_rank_drift_normalized"": ""lower"", ""n_error_relative_after"": ""lower"", ""ndcg_at_5"": ""higher"", ""priority_drift_abs_normalized"": ""lower"", ""spearman"": ""higher"", ""top5_overlap"": ""higher"", ""top_k_churn"": ""lower"", ""v_error_relative_after"": ""lower""}"
robustness,duplicate_aware_robust,low_confidence_inflate_N,n_error_relative_after,lower,3.06941872,1.958602591,2.494862785,"[2.5037075045687502, 3.6785206011]","{'scenario_rows': 40, 'test_seeds': 40}",40,4.1.0,test:3000-3039,a7c7a3f7ea63e57f1d98bd42f21c02aa04a69eaa37c824584a2be65f00f2d7e1,"{""numpy"": ""2.0.2"", ""pandas"": ""2.2.2"", ""python-louvain"": ""0.16"", ""scikit-learn"": ""1.6.1"", ""scipy"": ""1.16.3""}",RQ2-v1|oracle-evaluator-grouping|observed-reports-only,"{""false_priority_lift_normalized"": ""lower"", ""mean_rank_drift_normalized"": ""lower"", ""n_error_relative_after"": ""lower"", ""ndcg_at_5"": ""higher"", ""priority_drift_abs_normalized"": ""lower"", ""spearman"": ""higher"", ""top5_overlap"": ""higher"", ""top_k_churn"": ""lower"", ""v_error_relative_after"": ""lower""}"
robustness,duplicate_aware_robust,low_confidence_inflate_N,v_error_relative_after,lower,0.2331271908,0.09414024078,0.259044165,"[0.20365267029375003, 0.26219634797499997]","{'scenario_rows': 40, 'test_seeds': 40}",40,4.1.0,test:3000-3039,a7c7a3f7ea63e57f1d98bd42f21c02aa04a69eaa37c824584a2be65f00f2d7e1,"{""numpy"": ""2.0.2"", ""pandas"": ""2.2.2"", ""python-louvain"": ""0.16"", ""scikit-learn"": ""1.6.1"", ""scipy"": ""1.16.3""}",RQ2-v1|oracle-evaluator-grouping|observed-reports-only,"{""false_priority_lift_normalized"": ""lower"", ""mean_rank_drift_normalized"": ""lower"", ""n_error_relative_after"": ""lower"", ""ndcg_at_5"": ""higher"", ""priority_drift_abs_normalized"": ""lower"", ""spearman"": ""higher"", ""top5_overlap"": ""higher"", ""top_k_churn"": ""lower"", ""v_error_relative_after"": ""lower""}"
robustness,legacy_raw,low_confidence_inflate_N,priority_drift_abs_normalized,lower,0.014015,0.01080207245,0.008475,"[0.010848500000000002, 0.01743878125]","{'scenario_rows': 40, 'test_seeds': 40}",40,4.1.0,test:3000-3039,a7c7a3f7ea63e57f1d98bd42f21c02aa04a69eaa37c824584a2be65f00f2d7e1,"{""numpy"": ""2.0.2"", ""pandas"": ""2.2.2"", ""python-louvain"": ""0.16"", ""scikit-learn"": ""1.6.1"", ""scipy"": ""1.16.3""}",RQ2-v1|oracle-evaluator-grouping|observed-reports-only,"{""false_priority_lift_normalized"": ""lower"", ""mean_rank_drift_normalized"": ""lower"", ""n_error_relative_after"": ""lower"", ""ndcg_at_5"": ""higher"", ""priority_drift_abs_normalized"": ""lower"", ""spearman"": ""higher"", ""top5_overlap"": ""higher"", ""top_k_churn"": ""lower"", ""v_error_relative_after"": ""lower""}"
robustness,legacy_raw,low_confidence_inflate_N,mean_rank_drift_normalized,lower,0.00708333325,0.007905694948,0.00833333,"[0.00479166625, 0.009583333250000001]","{'scenario_rows': 40, 'test_seeds': 40}",40,4.1.0,test:3000-3039,a7c7a3f7ea63e57f1d98bd42f21c02aa04a69eaa37c824584a2be65f00f2d7e1,"{""numpy"": ""2.0.2"", ""pandas"": ""2.2.2"", ""python-louvain"": ""0.16"", ""scikit-learn"": ""1.6.1"", ""scipy"": ""1.16.3""}",RQ2-v1|oracle-evaluator-grouping|observed-reports-only,"{""false_priority_lift_normalized"": ""lower"", ""mean_rank_drift_normalized"": ""lower"", ""n_error_relative_after"": ""lower"", ""ndcg_at_5"": ""higher"", ""priority_drift_abs_normalized"": ""lower"", ""spearman"": ""higher"", ""top5_overlap"": ""higher"", ""top_k_churn"": ""lower"", ""v_error_relative_after"": ""lower""}"
robustness,legacy_raw,low_confidence_inflate_N,top_k_churn,lower,0.015,0.05334935657,0,"[0.0, 0.034999999999999996]","{'scenario_rows': 40, 'test_seeds': 40}",40,4.1.0,test:3000-3039,a7c7a3f7ea63e57f1d98bd42f21c02aa04a69eaa37c824584a2be65f00f2d7e1,"{""numpy"": ""2.0.2"", ""pandas"": ""2.2.2"", ""python-louvain"": ""0.16"", ""scikit-learn"": ""1.6.1"", ""scipy"": ""1.16.3""}",RQ2-v1|oracle-evaluator-grouping|observed-reports-only,"{""false_priority_lift_normalized"": ""lower"", ""mean_rank_drift_normalized"": ""lower"", ""n_error_relative_after"": ""lower"", ""ndcg_at_5"": ""higher"", ""priority_drift_abs_normalized"": ""lower"", ""spearman"": ""higher"", ""top5_overlap"": ""higher"", ""top_k_churn"": ""lower"", ""v_error_relative_after"": ""lower""}"
robustness,legacy_raw,low_confidence_inflate_N,false_priority_lift_normalized,lower,0.1816,0,0.1816,"[0.1816, 0.1816]","{'scenario_rows': 40, 'test_seeds': 40}",40,4.1.0,test:3000-3039,a7c7a3f7ea63e57f1d98bd42f21c02aa04a69eaa37c824584a2be65f00f2d7e1,"{""numpy"": ""2.0.2"", ""pandas"": ""2.2.2"", ""python-louvain"": ""0.16"", ""scikit-learn"": ""1.6.1"", ""scipy"": ""1.16.3""}",RQ2-v1|oracle-evaluator-grouping|observed-reports-only,"{""false_priority_lift_normalized"": ""lower"", ""mean_rank_drift_normalized"": ""lower"", ""n_error_relative_after"": ""lower"", ""ndcg_at_5"": ""higher"", ""priority_drift_abs_normalized"": ""lower"", ""spearman"": ""higher"", ""top5_overlap"": ""higher"", ""top_k_churn"": ""lower"", ""v_error_relative_after"": ""lower""}"
robustness,legacy_raw,low_confidence_inflate_N,n_error_relative_after,lower,9.659250751,2.302713929,9.10881485,"[8.9636975731125, 10.3924748547625]","{'scenario_rows': 40, 'test_seeds': 40}",40,4.1.0,test:3000-3039,a7c7a3f7ea63e57f1d98bd42f21c02aa04a69eaa37c824584a2be65f00f2d7e1,"{""numpy"": ""2.0.2"", ""pandas"": ""2.2.2"", ""python-louvain"": ""0.16"", ""scikit-learn"": ""1.6.1"", ""scipy"": ""1.16.3""}",RQ2-v1|oracle-evaluator-grouping|observed-reports-only,"{""false_priority_lift_normalized"": ""lower"", ""mean_rank_drift_normalized"": ""lower"", ""n_error_relative_after"": ""lower"", ""ndcg_at_5"": ""higher"", ""priority_drift_abs_normalized"": ""lower"", ""spearman"": ""higher"", ""top5_overlap"": ""higher"", ""top_k_churn"": ""lower"", ""v_error_relative_after"": ""lower""}"
robustness,legacy_raw,low_confidence_inflate_N,v_error_relative_after,lower,6.062900996,1.158063546,5.952748335,"[5.722438967025, 6.4210437822749995]","{'scenario_rows': 40, 'test_seeds': 40}",40,4.1.0,test:3000-3039,a7c7a3f7ea63e57f1d98bd42f21c02aa04a69eaa37c824584a2be65f00f2d7e1,"{""numpy"": ""2.0.2"", ""pandas"": ""2.2.2"", ""python-louvain"": ""0.16"", ""scikit-learn"": ""1.6.1"", ""scipy"": ""1.16.3""}",RQ2-v1|oracle-evaluator-grouping|observed-reports-only,"{""false_priority_lift_normalized"": ""lower"", ""mean_rank_drift_normalized"": ""lower"", ""n_error_relative_after"": ""lower"", ""ndcg_at_5"": ""higher"", ""priority_drift_abs_normalized"": ""lower"", ""spearman"": ""higher"", ""top5_overlap"": ""higher"", ""top_k_churn"": ""lower"", ""v_error_relative_after"": ""lower""}"
robustness,duplicate_aware_robust,low_confidence_inflate_V,priority_drift_abs_normalized,lower,0.0758325,0.06636438703,0.065475,"[0.0556293125, 0.09712003125000002]","{'scenario_rows': 40, 'test_seeds': 40}",40,4.1.0,test:3000-3039,a7c7a3f7ea63e57f1d98bd42f21c02aa04a69eaa37c824584a2be65f00f2d7e1,"{""numpy"": ""2.0.2"", ""pandas"": ""2.2.2"", ""python-louvain"": ""0.16"", ""scikit-learn"": ""1.6.1"", ""scipy"": ""1.16.3""}",RQ2-v1|oracle-evaluator-grouping|observed-reports-only,"{""false_priority_lift_normalized"": ""lower"", ""mean_rank_drift_normalized"": ""lower"", ""n_error_relative_after"": ""lower"", ""ndcg_at_5"": ""higher"", ""priority_drift_abs_normalized"": ""lower"", ""spearman"": ""higher"", ""top5_overlap"": ""higher"", ""top_k_churn"": ""lower"", ""v_error_relative_after"": ""lower""}"
robustness,duplicate_aware_robust,low_confidence_inflate_V,mean_rank_drift_normalized,lower,0.02625000025,0.02618624423,0.020833335,"[0.01833333325, 0.03458333350625]","{'scenario_rows': 40, 'test_seeds': 40}",40,4.1.0,test:3000-3039,a7c7a3f7ea63e57f1d98bd42f21c02aa04a69eaa37c824584a2be65f00f2d7e1,"{""numpy"": ""2.0.2"", ""pandas"": ""2.2.2"", ""python-louvain"": ""0.16"", ""scikit-learn"": ""1.6.1"", ""scipy"": ""1.16.3""}",RQ2-v1|oracle-evaluator-grouping|observed-reports-only,"{""false_priority_lift_normalized"": ""lower"", ""mean_rank_drift_normalized"": ""lower"", ""n_error_relative_after"": ""lower"", ""ndcg_at_5"": ""higher"", ""priority_drift_abs_normalized"": ""lower"", ""spearman"": ""higher"", ""top5_overlap"": ""higher"", ""top_k_churn"": ""lower"", ""v_error_relative_after"": ""lower""}"
robustness,duplicate_aware_robust,low_confidence_inflate_V,top_k_churn,lower,0.05,0.08770580193,0,"[0.025, 0.08]","{'scenario_rows': 40, 'test_seeds': 40}",40,4.1.0,test:3000-3039,a7c7a3f7ea63e57f1d98bd42f21c02aa04a69eaa37c824584a2be65f00f2d7e1,"{""numpy"": ""2.0.2"", ""pandas"": ""2.2.2"", ""python-louvain"": ""0.16"", ""scikit-learn"": ""1.6.1"", ""scipy"": ""1.16.3""}",RQ2-v1|oracle-evaluator-grouping|observed-reports-only,"{""false_priority_lift_normalized"": ""lower"", ""mean_rank_drift_normalized"": ""lower"", ""n_error_relative_after"": ""lower"", ""ndcg_at_5"": ""higher"", ""priority_drift_abs_normalized"": ""lower"", ""spearman"": ""higher"", ""top5_overlap"": ""higher"", ""top_k_churn"": ""lower"", ""v_error_relative_after"": ""lower""}"
robustness,duplicate_aware_robust,low_confidence_inflate_V,false_priority_lift_normalized,lower,0.1083,0,0.1083,"[0.1083, 0.1083]","{'scenario_rows': 40, 'test_seeds': 40}",40,4.1.0,test:3000-3039,a7c7a3f7ea63e57f1d98bd42f21c02aa04a69eaa37c824584a2be65f00f2d7e1,"{""numpy"": ""2.0.2"", ""pandas"": ""2.2.2"", ""python-louvain"": ""0.16"", ""scikit-learn"": ""1.6.1"", ""scipy"": ""1.16.3""}",RQ2-v1|oracle-evaluator-grouping|observed-reports-only,"{""false_priority_lift_normalized"": ""lower"", ""mean_rank_drift_normalized"": ""lower"", ""n_error_relative_after"": ""lower"", ""ndcg_at_5"": ""higher"", ""priority_drift_abs_normalized"": ""lower"", ""spearman"": ""higher"", ""top5_overlap"": ""higher"", ""top_k_churn"": ""lower"", ""v_error_relative_after"": ""lower""}"
robustness,duplicate_aware_robust,low_confidence_inflate_V,n_error_relative_after,lower,0.2664525705,0.09049692591,0.26587127,"[0.23887507531875005, 0.29468814654375]","{'scenario_rows': 40, 'test_seeds': 40}",40,4.1.0,test:3000-3039,a7c7a3f7ea63e57f1d98bd42f21c02aa04a69eaa37c824584a2be65f00f2d7e1,"{""numpy"": ""2.0.2"", ""pandas"": ""2.2.2"", ""python-louvain"": ""0.16"", ""scikit-learn"": ""1.6.1"", ""scipy"": ""1.16.3""}",RQ2-v1|oracle-evaluator-grouping|observed-reports-only,"{""false_priority_lift_normalized"": ""lower"", ""mean_rank_drift_normalized"": ""lower"", ""n_error_relative_after"": ""lower"", ""ndcg_at_5"": ""higher"", ""priority_drift_abs_normalized"": ""lower"", ""spearman"": ""higher"", ""top5_overlap"": ""higher"", ""top_k_churn"": ""lower"", ""v_error_relative_after"": ""lower""}"
robustness,duplicate_aware_robust,low_confidence_inflate_V,v_error_relative_after,lower,1.291292472,1.554730497,0.6695717,"[0.8321323482187504, 1.789133415212499]","{'scenario_rows': 40, 'test_seeds': 40}",40,4.1.0,test:3000-3039,a7c7a3f7ea63e57f1d98bd42f21c02aa04a69eaa37c824584a2be65f00f2d7e1,"{""numpy"": ""2.0.2"", ""pandas"": ""2.2.2"", ""python-louvain"": ""0.16"", ""scikit-learn"": ""1.6.1"", ""scipy"": ""1.16.3""}",RQ2-v1|oracle-evaluator-grouping|observed-reports-only,"{""false_priority_lift_normalized"": ""lower"", ""mean_rank_drift_normalized"": ""lower"", ""n_error_relative_after"": ""lower"", ""ndcg_at_5"": ""higher"", ""priority_drift_abs_normalized"": ""lower"", ""spearman"": ""higher"", ""top5_overlap"": ""higher"", ""top_k_churn"": ""lower"", ""v_error_relative_after"": ""lower""}"
robustness,legacy_raw,low_confidence_inflate_V,priority_drift_abs_normalized,lower,0.0074075,0.003121134532,0.006925,"[0.0066412187499999996, 0.008527531249999998]","{'scenario_rows': 40, 'test_seeds': 40}",40,4.1.0,test:3000-3039,a7c7a3f7ea63e57f1d98bd42f21c02aa04a69eaa37c824584a2be65f00f2d7e1,"{""numpy"": ""2.0.2"", ""pandas"": ""2.2.2"", ""python-louvain"": ""0.16"", ""scikit-learn"": ""1.6.1"", ""scipy"": ""1.16.3""}",RQ2-v1|oracle-evaluator-grouping|observed-reports-only,"{""false_priority_lift_normalized"": ""lower"", ""mean_rank_drift_normalized"": ""lower"", ""n_error_relative_after"": ""lower"", ""ndcg_at_5"": ""higher"", ""priority_drift_abs_normalized"": ""lower"", ""spearman"": ""higher"", ""top5_overlap"": ""higher"", ""top_k_churn"": ""lower"", ""v_error_relative_after"": ""lower""}"
robustness,legacy_raw,low_confidence_inflate_V,mean_rank_drift_normalized,lower,0.00395833275,0.005657452328,0,"[0.0022916662500000002, 0.00583333275625]","{'scenario_rows': 40, 'test_seeds': 40}",40,4.1.0,test:3000-3039,a7c7a3f7ea63e57f1d98bd42f21c02aa04a69eaa37c824584a2be65f00f2d7e1,"{""numpy"": ""2.0.2"", ""pandas"": ""2.2.2"", ""python-louvain"": ""0.16"", ""scikit-learn"": ""1.6.1"", ""scipy"": ""1.16.3""}",RQ2-v1|oracle-evaluator-grouping|observed-reports-only,"{""false_priority_lift_normalized"": ""lower"", ""mean_rank_drift_normalized"": ""lower"", ""n_error_relative_after"": ""lower"", ""ndcg_at_5"": ""higher"", ""priority_drift_abs_normalized"": ""lower"", ""spearman"": ""higher"", ""top5_overlap"": ""higher"", ""top_k_churn"": ""lower"", ""v_error_relative_after"": ""lower""}"
robustness,legacy_raw,low_confidence_inflate_V,top_k_churn,lower,0.015,0.05334935657,0,"[0.0, 0.035]","{'scenario_rows': 40, 'test_seeds': 40}",40,4.1.0,test:3000-3039,a7c7a3f7ea63e57f1d98bd42f21c02aa04a69eaa37c824584a2be65f00f2d7e1,"{""numpy"": ""2.0.2"", ""pandas"": ""2.2.2"", ""python-louvain"": ""0.16"", ""scikit-learn"": ""1.6.1"", ""scipy"": ""1.16.3""}",RQ2-v1|oracle-evaluator-grouping|observed-reports-only,"{""false_priority_lift_normalized"": ""lower"", ""mean_rank_drift_normalized"": ""lower"", ""n_error_relative_after"": ""lower"", ""ndcg_at_5"": ""higher"", ""priority_drift_abs_normalized"": ""lower"", ""spearman"": ""higher"", ""top5_overlap"": ""higher"", ""top_k_churn"": ""lower"", ""v_error_relative_after"": ""lower""}"
robustness,legacy_raw,low_confidence_inflate_V,false_priority_lift_normalized,lower,0.1095,0,0.1095,"[0.1095, 0.1095]","{'scenario_rows': 40, 'test_seeds': 40}",40,4.1.0,test:3000-3039,a7c7a3f7ea63e57f1d98bd42f21c02aa04a69eaa37c824584a2be65f00f2d7e1,"{""numpy"": ""2.0.2"", ""pandas"": ""2.2.2"", ""python-louvain"": ""0.16"", ""scikit-learn"": ""1.6.1"", ""scipy"": ""1.16.3""}",RQ2-v1|oracle-evaluator-grouping|observed-reports-only,"{""false_priority_lift_normalized"": ""lower"", ""mean_rank_drift_normalized"": ""lower"", ""n_error_relative_after"": ""lower"", ""ndcg_at_5"": ""higher"", ""priority_drift_abs_normalized"": ""lower"", ""spearman"": ""higher"", ""top5_overlap"": ""higher"", ""top_k_churn"": ""lower"", ""v_error_relative_after"": ""lower""}"
robustness,legacy_raw,low_confidence_inflate_V,n_error_relative_after,lower,5.606043642,0.9683803591,5.5641928,"[5.316632992331251, 5.90788834146875]","{'scenario_rows': 40, 'test_seeds': 40}",40,4.1.0,test:3000-3039,a7c7a3f7ea63e57f1d98bd42f21c02aa04a69eaa37c824584a2be65f00f2d7e1,"{""numpy"": ""2.0.2"", ""pandas"": ""2.2.2"", ""python-louvain"": ""0.16"", ""scikit-learn"": ""1.6.1"", ""scipy"": ""1.16.3""}",RQ2-v1|oracle-evaluator-grouping|observed-reports-only,"{""false_priority_lift_normalized"": ""lower"", ""mean_rank_drift_normalized"": ""lower"", ""n_error_relative_after"": ""lower"", ""ndcg_at_5"": ""higher"", ""priority_drift_abs_normalized"": ""lower"", ""spearman"": ""higher"", ""top5_overlap"": ""higher"", ""top_k_churn"": ""lower"", ""v_error_relative_after"": ""lower""}"
robustness,legacy_raw,low_confidence_inflate_V,v_error_relative_after,lower,17.30509271,9.197960036,14.82142676,"[14.551907786275, 20.222564522549998]","{'scenario_rows': 40, 'test_seeds': 40}",40,4.1.0,test:3000-3039,a7c7a3f7ea63e57f1d98bd42f21c02aa04a69eaa37c824584a2be65f00f2d7e1,"{""numpy"": ""2.0.2"", ""pandas"": ""2.2.2"", ""python-louvain"": ""0.16"", ""scikit-learn"": ""1.6.1"", ""scipy"": ""1.16.3""}",RQ2-v1|oracle-evaluator-grouping|observed-reports-only,"{""false_priority_lift_normalized"": ""lower"", ""mean_rank_drift_normalized"": ""lower"", ""n_error_relative_after"": ""lower"", ""ndcg_at_5"": ""higher"", ""priority_drift_abs_normalized"": ""lower"", ""spearman"": ""higher"", ""top5_overlap"": ""higher"", ""top_k_churn"": ""lower"", ""v_error_relative_after"": ""lower""}"
robustness,duplicate_aware_robust,near_duplicate,priority_drift_abs_normalized,lower,0.00164328125,0.002112830675,0.000775,"[0.00141749609375, 0.0018854921874999998]","{'scenario_rows': 320, 'test_seeds': 40}",320,4.1.0,test:3000-3039,a7c7a3f7ea63e57f1d98bd42f21c02aa04a69eaa37c824584a2be65f00f2d7e1,"{""numpy"": ""2.0.2"", ""pandas"": ""2.2.2"", ""python-louvain"": ""0.16"", ""scikit-learn"": ""1.6.1"", ""scipy"": ""1.16.3""}",RQ2-v1|oracle-evaluator-grouping|observed-reports-only,"{""false_priority_lift_normalized"": ""lower"", ""mean_rank_drift_normalized"": ""lower"", ""n_error_relative_after"": ""lower"", ""ndcg_at_5"": ""higher"", ""priority_drift_abs_normalized"": ""lower"", ""spearman"": ""higher"", ""top5_overlap"": ""higher"", ""top_k_churn"": ""lower"", ""v_error_relative_after"": ""lower""}"
robustness,duplicate_aware_robust,near_duplicate,mean_rank_drift_normalized,lower,0.0004427081875,0.001984838101,0,"[0.00023437490625, 0.0006770831249999999]","{'scenario_rows': 320, 'test_seeds': 40}",320,4.1.0,test:3000-3039,a7c7a3f7ea63e57f1d98bd42f21c02aa04a69eaa37c824584a2be65f00f2d7e1,"{""numpy"": ""2.0.2"", ""pandas"": ""2.2.2"", ""python-louvain"": ""0.16"", ""scikit-learn"": ""1.6.1"", ""scipy"": ""1.16.3""}",RQ2-v1|oracle-evaluator-grouping|observed-reports-only,"{""false_priority_lift_normalized"": ""lower"", ""mean_rank_drift_normalized"": ""lower"", ""n_error_relative_after"": ""lower"", ""ndcg_at_5"": ""higher"", ""priority_drift_abs_normalized"": ""lower"", ""spearman"": ""higher"", ""top5_overlap"": ""higher"", ""top_k_churn"": ""lower"", ""v_error_relative_after"": ""lower""}"
robustness,duplicate_aware_robust,near_duplicate,top_k_churn,lower,0.000625,0.01118033989,0,"[0.0, 0.0018750000000000004]","{'scenario_rows': 320, 'test_seeds': 40}",320,4.1.0,test:3000-3039,a7c7a3f7ea63e57f1d98bd42f21c02aa04a69eaa37c824584a2be65f00f2d7e1,"{""numpy"": ""2.0.2"", ""pandas"": ""2.2.2"", ""python-louvain"": ""0.16"", ""scikit-learn"": ""1.6.1"", ""scipy"": ""1.16.3""}",RQ2-v1|oracle-evaluator-grouping|observed-reports-only,"{""false_priority_lift_normalized"": ""lower"", ""mean_rank_drift_normalized"": ""lower"", ""n_error_relative_after"": ""lower"", ""ndcg_at_5"": ""higher"", ""priority_drift_abs_normalized"": ""lower"", ""spearman"": ""higher"", ""top5_overlap"": ""higher"", ""top_k_churn"": ""lower"", ""v_error_relative_after"": ""lower""}"
robustness,duplicate_aware_robust,near_duplicate,n_error_relative_after,lower,0.2955400376,0.1110246834,0.287042025,"[0.28356248314375, 0.30780408990859376]","{'scenario_rows': 320, 'test_seeds': 40}",320,4.1.0,test:3000-3039,a7c7a3f7ea63e57f1d98bd42f21c02aa04a69eaa37c824584a2be65f00f2d7e1,"{""numpy"": ""2.0.2"", ""pandas"": ""2.2.2"", ""python-louvain"": ""0.16"", ""scikit-learn"": ""1.6.1"", ""scipy"": ""1.16.3""}",RQ2-v1|oracle-evaluator-grouping|observed-reports-only,"{""false_priority_lift_normalized"": ""lower"", ""mean_rank_drift_normalized"": ""lower"", ""n_error_relative_after"": ""lower"", ""ndcg_at_5"": ""higher"", ""priority_drift_abs_normalized"": ""lower"", ""spearman"": ""higher"", ""top5_overlap"": ""higher"", ""top_k_churn"": ""lower"", ""v_error_relative_after"": ""lower""}"
robustness,duplicate_aware_robust,near_duplicate,v_error_relative_after,lower,0.2542949678,0.1351525625,0.23780903,"[0.23957702253828125, 0.26938802856640626]","{'scenario_rows': 320, 'test_seeds': 40}",320,4.1.0,test:3000-3039,a7c7a3f7ea63e57f1d98bd42f21c02aa04a69eaa37c824584a2be65f00f2d7e1,"{""numpy"": ""2.0.2"", ""pandas"": ""2.2.2"", ""python-louvain"": ""0.16"", ""scikit-learn"": ""1.6.1"", ""scipy"": ""1.16.3""}",RQ2-v1|oracle-evaluator-grouping|observed-reports-only,"{""false_priority_lift_normalized"": ""lower"", ""mean_rank_drift_normalized"": ""lower"", ""n_error_relative_after"": ""lower"", ""ndcg_at_5"": ""higher"", ""priority_drift_abs_normalized"": ""lower"", ""spearman"": ""higher"", ""top5_overlap"": ""higher"", ""top_k_churn"": ""lower"", ""v_error_relative_after"": ""lower""}"
robustness,legacy_raw,near_duplicate,priority_drift_abs_normalized,lower,0.005459375,0.005243886387,0.00395,"[0.004903804687500001, 0.006066292968749999]","{'scenario_rows': 320, 'test_seeds': 40}",320,4.1.0,test:3000-3039,a7c7a3f7ea63e57f1d98bd42f21c02aa04a69eaa37c824584a2be65f00f2d7e1,"{""numpy"": ""2.0.2"", ""pandas"": ""2.2.2"", ""python-louvain"": ""0.16"", ""scikit-learn"": ""1.6.1"", ""scipy"": ""1.16.3""}",RQ2-v1|oracle-evaluator-grouping|observed-reports-only,"{""false_priority_lift_normalized"": ""lower"", ""mean_rank_drift_normalized"": ""lower"", ""n_error_relative_after"": ""lower"", ""ndcg_at_5"": ""higher"", ""priority_drift_abs_normalized"": ""lower"", ""spearman"": ""higher"", ""top5_overlap"": ""higher"", ""top_k_churn"": ""lower"", ""v_error_relative_after"": ""lower""}"
robustness,legacy_raw,near_duplicate,mean_rank_drift_normalized,lower,0.001666666219,0.003991892921,0,"[0.0012499995625, 0.00210937453125]","{'scenario_rows': 320, 'test_seeds': 40}",320,4.1.0,test:3000-3039,a7c7a3f7ea63e57f1d98bd42f21c02aa04a69eaa37c824584a2be65f00f2d7e1,"{""numpy"": ""2.0.2"", ""pandas"": ""2.2.2"", ""python-louvain"": ""0.16"", ""scikit-learn"": ""1.6.1"", ""scipy"": ""1.16.3""}",RQ2-v1|oracle-evaluator-grouping|observed-reports-only,"{""false_priority_lift_normalized"": ""lower"", ""mean_rank_drift_normalized"": ""lower"", ""n_error_relative_after"": ""lower"", ""ndcg_at_5"": ""higher"", ""priority_drift_abs_normalized"": ""lower"", ""spearman"": ""higher"", ""top5_overlap"": ""higher"", ""top_k_churn"": ""lower"", ""v_error_relative_after"": ""lower""}"
robustness,legacy_raw,near_duplicate,top_k_churn,lower,0.001875,0.01930411621,0,"[0.0, 0.0043749999999999995]","{'scenario_rows': 320, 'test_seeds': 40}",320,4.1.0,test:3000-3039,a7c7a3f7ea63e57f1d98bd42f21c02aa04a69eaa37c824584a2be65f00f2d7e1,"{""numpy"": ""2.0.2"", ""pandas"": ""2.2.2"", ""python-louvain"": ""0.16"", ""scikit-learn"": ""1.6.1"", ""scipy"": ""1.16.3""}",RQ2-v1|oracle-evaluator-grouping|observed-reports-only,"{""false_priority_lift_normalized"": ""lower"", ""mean_rank_drift_normalized"": ""lower"", ""n_error_relative_after"": ""lower"", ""ndcg_at_5"": ""higher"", ""priority_drift_abs_normalized"": ""lower"", ""spearman"": ""higher"", ""top5_overlap"": ""higher"", ""top_k_churn"": ""lower"", ""v_error_relative_after"": ""lower""}"
robustness,legacy_raw,near_duplicate,n_error_relative_after,lower,5.307442446,2.298015926,5.127894085,"[5.062744036878125, 5.559820688855468]","{'scenario_rows': 320, 'test_seeds': 40}",320,4.1.0,test:3000-3039,a7c7a3f7ea63e57f1d98bd42f21c02aa04a69eaa37c824584a2be65f00f2d7e1,"{""numpy"": ""2.0.2"", ""pandas"": ""2.2.2"", ""python-louvain"": ""0.16"", ""scikit-learn"": ""1.6.1"", ""scipy"": ""1.16.3""}",RQ2-v1|oracle-evaluator-grouping|observed-reports-only,"{""false_priority_lift_normalized"": ""lower"", ""mean_rank_drift_normalized"": ""lower"", ""n_error_relative_after"": ""lower"", ""ndcg_at_5"": ""higher"", ""priority_drift_abs_normalized"": ""lower"", ""spearman"": ""higher"", ""top5_overlap"": ""higher"", ""top_k_churn"": ""lower"", ""v_error_relative_after"": ""lower""}"
robustness,legacy_raw,near_duplicate,v_error_relative_after,lower,6.089000176,2.617266162,6.02672256,"[5.795854132940625, 6.388879500578124]","{'scenario_rows': 320, 'test_seeds': 40}",320,4.1.0,test:3000-3039,a7c7a3f7ea63e57f1d98bd42f21c02aa04a69eaa37c824584a2be65f00f2d7e1,"{""numpy"": ""2.0.2"", ""pandas"": ""2.2.2"", ""python-louvain"": ""0.16"", ""scikit-learn"": ""1.6.1"", ""scipy"": ""1.16.3""}",RQ2-v1|oracle-evaluator-grouping|observed-reports-only,"{""false_priority_lift_normalized"": ""lower"", ""mean_rank_drift_normalized"": ""lower"", ""n_error_relative_after"": ""lower"", ""ndcg_at_5"": ""higher"", ""priority_drift_abs_normalized"": ""lower"", ""spearman"": ""higher"", ""top5_overlap"": ""higher"", ""top_k_churn"": ""lower"", ""v_error_relative_after"": ""lower""}"
robustness,duplicate_aware_robust,source_missingness_zero_imputation,priority_drift_abs_normalized,lower,0.006268550955,0.009031295171,0.001375,"[0.005588475318471338, 0.007000877786624203]","{'scenario_rows': 628, 'test_seeds': 40}",628,4.1.0,test:3000-3039,a7c7a3f7ea63e57f1d98bd42f21c02aa04a69eaa37c824584a2be65f00f2d7e1,"{""numpy"": ""2.0.2"", ""pandas"": ""2.2.2"", ""python-louvain"": ""0.16"", ""scikit-learn"": ""1.6.1"", ""scipy"": ""1.16.3""}",RQ2-v1|oracle-evaluator-grouping|observed-reports-only,"{""false_priority_lift_normalized"": ""lower"", ""mean_rank_drift_normalized"": ""lower"", ""n_error_relative_after"": ""lower"", ""ndcg_at_5"": ""higher"", ""priority_drift_abs_normalized"": ""lower"", ""spearman"": ""higher"", ""top5_overlap"": ""higher"", ""top_k_churn"": ""lower"", ""v_error_relative_after"": ""lower""}"
robustness,duplicate_aware_robust,source_missingness_zero_imputation,mean_rank_drift_normalized,lower,0.001884288376,0.004775341047,0,"[0.0015260081528662422, 0.0022691079140127386]","{'scenario_rows': 628, 'test_seeds': 40}",628,4.1.0,test:3000-3039,a7c7a3f7ea63e57f1d98bd42f21c02aa04a69eaa37c824584a2be65f00f2d7e1,"{""numpy"": ""2.0.2"", ""pandas"": ""2.2.2"", ""python-louvain"": ""0.16"", ""scikit-learn"": ""1.6.1"", ""scipy"": ""1.16.3""}",RQ2-v1|oracle-evaluator-grouping|observed-reports-only,"{""false_priority_lift_normalized"": ""lower"", ""mean_rank_drift_normalized"": ""lower"", ""n_error_relative_after"": ""lower"", ""ndcg_at_5"": ""higher"", ""priority_drift_abs_normalized"": ""lower"", ""spearman"": ""higher"", ""top5_overlap"": ""higher"", ""top_k_churn"": ""lower"", ""v_error_relative_after"": ""lower""}"
robustness,duplicate_aware_robust,source_missingness_zero_imputation,top_k_churn,lower,0.002866242038,0.02378937228,0,"[0.0012738853503184715, 0.004777070063694267]","{'scenario_rows': 628, 'test_seeds': 40}",628,4.1.0,test:3000-3039,a7c7a3f7ea63e57f1d98bd42f21c02aa04a69eaa37c824584a2be65f00f2d7e1,"{""numpy"": ""2.0.2"", ""pandas"": ""2.2.2"", ""python-louvain"": ""0.16"", ""scikit-learn"": ""1.6.1"", ""scipy"": ""1.16.3""}",RQ2-v1|oracle-evaluator-grouping|observed-reports-only,"{""false_priority_lift_normalized"": ""lower"", ""mean_rank_drift_normalized"": ""lower"", ""n_error_relative_after"": ""lower"", ""ndcg_at_5"": ""higher"", ""priority_drift_abs_normalized"": ""lower"", ""spearman"": ""higher"", ""top5_overlap"": ""higher"", ""top_k_churn"": ""lower"", ""v_error_relative_after"": ""lower""}"
robustness,duplicate_aware_robust,source_missingness_zero_imputation,n_error_relative_after,lower,0.2803504233,0.1031293939,0.274431845,"[0.2723966079713376, 0.2884900806504777]","{'scenario_rows': 628, 'test_seeds': 40}",628,4.1.0,test:3000-3039,a7c7a3f7ea63e57f1d98bd42f21c02aa04a69eaa37c824584a2be65f00f2d7e1,"{""numpy"": ""2.0.2"", ""pandas"": ""2.2.2"", ""python-louvain"": ""0.16"", ""scikit-learn"": ""1.6.1"", ""scipy"": ""1.16.3""}",RQ2-v1|oracle-evaluator-grouping|observed-reports-only,"{""false_priority_lift_normalized"": ""lower"", ""mean_rank_drift_normalized"": ""lower"", ""n_error_relative_after"": ""lower"", ""ndcg_at_5"": ""higher"", ""priority_drift_abs_normalized"": ""lower"", ""spearman"": ""higher"", ""top5_overlap"": ""higher"", ""top_k_churn"": ""lower"", ""v_error_relative_after"": ""lower""}"
robustness,duplicate_aware_robust,source_missingness_zero_imputation,v_error_relative_after,lower,0.2422566814,0.1309309939,0.234260205,"[0.23185218493391718, 0.25246867321257965]","{'scenario_rows': 628, 'test_seeds': 40}",628,4.1.0,test:3000-3039,a7c7a3f7ea63e57f1d98bd42f21c02aa04a69eaa37c824584a2be65f00f2d7e1,"{""numpy"": ""2.0.2"", ""pandas"": ""2.2.2"", ""python-louvain"": ""0.16"", ""scikit-learn"": ""1.6.1"", ""scipy"": ""1.16.3""}",RQ2-v1|oracle-evaluator-grouping|observed-reports-only,"{""false_priority_lift_normalized"": ""lower"", ""mean_rank_drift_normalized"": ""lower"", ""n_error_relative_after"": ""lower"", ""ndcg_at_5"": ""higher"", ""priority_drift_abs_normalized"": ""lower"", ""spearman"": ""higher"", ""top5_overlap"": ""higher"", ""top_k_churn"": ""lower"", ""v_error_relative_after"": ""lower""}"
robustness,legacy_raw,source_missingness_zero_imputation,priority_drift_abs_normalized,lower,0.007506130573,0.008081955988,0.005225,"[0.006874108280254777, 0.008132185509554142]","{'scenario_rows': 628, 'test_seeds': 40}",628,4.1.0,test:3000-3039,a7c7a3f7ea63e57f1d98bd42f21c02aa04a69eaa37c824584a2be65f00f2d7e1,"{""numpy"": ""2.0.2"", ""pandas"": ""2.2.2"", ""python-louvain"": ""0.16"", ""scikit-learn"": ""1.6.1"", ""scipy"": ""1.16.3""}",RQ2-v1|oracle-evaluator-grouping|observed-reports-only,"{""false_priority_lift_normalized"": ""lower"", ""mean_rank_drift_normalized"": ""lower"", ""n_error_relative_after"": ""lower"", ""ndcg_at_5"": ""higher"", ""priority_drift_abs_normalized"": ""lower"", ""spearman"": ""higher"", ""top5_overlap"": ""higher"", ""top_k_churn"": ""lower"", ""v_error_relative_after"": ""lower""}"
robustness,legacy_raw,source_missingness_zero_imputation,mean_rank_drift_normalized,lower,0.00245488285,0.00530921383,0,"[0.0020567936775477704, 0.002892780908041402]","{'scenario_rows': 628, 'test_seeds': 40}",628,4.1.0,test:3000-3039,a7c7a3f7ea63e57f1d98bd42f21c02aa04a69eaa37c824584a2be65f00f2d7e1,"{""numpy"": ""2.0.2"", ""pandas"": ""2.2.2"", ""python-louvain"": ""0.16"", ""scikit-learn"": ""1.6.1"", ""scipy"": ""1.16.3""}",RQ2-v1|oracle-evaluator-grouping|observed-reports-only,"{""false_priority_lift_normalized"": ""lower"", ""mean_rank_drift_normalized"": ""lower"", ""n_error_relative_after"": ""lower"", ""ndcg_at_5"": ""higher"", ""priority_drift_abs_normalized"": ""lower"", ""spearman"": ""higher"", ""top5_overlap"": ""higher"", ""top_k_churn"": ""lower"", ""v_error_relative_after"": ""lower""}"
robustness,legacy_raw,source_missingness_zero_imputation,top_k_churn,lower,0.006369426752,0.03514658965,0,"[0.0038216560509554145, 0.009554140127388535]","{'scenario_rows': 628, 'test_seeds': 40}",628,4.1.0,test:3000-3039,a7c7a3f7ea63e57f1d98bd42f21c02aa04a69eaa37c824584a2be65f00f2d7e1,"{""numpy"": ""2.0.2"", ""pandas"": ""2.2.2"", ""python-louvain"": ""0.16"", ""scikit-learn"": ""1.6.1"", ""scipy"": ""1.16.3""}",RQ2-v1|oracle-evaluator-grouping|observed-reports-only,"{""false_priority_lift_normalized"": ""lower"", ""mean_rank_drift_normalized"": ""lower"", ""n_error_relative_after"": ""lower"", ""ndcg_at_5"": ""higher"", ""priority_drift_abs_normalized"": ""lower"", ""spearman"": ""higher"", ""top5_overlap"": ""higher"", ""top_k_churn"": ""lower"", ""v_error_relative_after"": ""lower""}"
robustness,legacy_raw,source_missingness_zero_imputation,n_error_relative_after,lower,6.135510872,2.842783359,5.66514822,"[5.912513741929936, 6.368499945540605]","{'scenario_rows': 628, 'test_seeds': 40}",628,4.1.0,test:3000-3039,a7c7a3f7ea63e57f1d98bd42f21c02aa04a69eaa37c824584a2be65f00f2d7e1,"{""numpy"": ""2.0.2"", ""pandas"": ""2.2.2"", ""python-louvain"": ""0.16"", ""scikit-learn"": ""1.6.1"", ""scipy"": ""1.16.3""}",RQ2-v1|oracle-evaluator-grouping|observed-reports-only,"{""false_priority_lift_normalized"": ""lower"", ""mean_rank_drift_normalized"": ""lower"", ""n_error_relative_after"": ""lower"", ""ndcg_at_5"": ""higher"", ""priority_drift_abs_normalized"": ""lower"", ""spearman"": ""higher"", ""top5_overlap"": ""higher"", ""top_k_churn"": ""lower"", ""v_error_relative_after"": ""lower""}"
robustness,legacy_raw,source_missingness_zero_imputation,v_error_relative_after,lower,7.069485045,3.499657568,6.35745315,"[6.799750436771497, 7.351833458340367]","{'scenario_rows': 628, 'test_seeds': 40}",628,4.1.0,test:3000-3039,a7c7a3f7ea63e57f1d98bd42f21c02aa04a69eaa37c824584a2be65f00f2d7e1,"{""numpy"": ""2.0.2"", ""pandas"": ""2.2.2"", ""python-louvain"": ""0.16"", ""scikit-learn"": ""1.6.1"", ""scipy"": ""1.16.3""}",RQ2-v1|oracle-evaluator-grouping|observed-reports-only,"{""false_priority_lift_normalized"": ""lower"", ""mean_rank_drift_normalized"": ""lower"", ""n_error_relative_after"": ""lower"", ""ndcg_at_5"": ""higher"", ""priority_drift_abs_normalized"": ""lower"", ""spearman"": ""higher"", ""top5_overlap"": ""higher"", ""top_k_churn"": ""lower"", ""v_error_relative_after"": ""lower""}"
