image_path,ground_truth,gt_idx,pred_fp32,confidence_fp32,latency_ms_fp32,margin_fp32,probabilities_fp32,pred_int8,confidence_int8,latency_ms_int8,margin_int8,probabilities_int8
E:\RHNA\1Visual\NCKH\nckh2\products\fe\model\Dataset_Flood\low\images - 2025-01-28T163251.007.jpg,low,0,low,0.7433398962020874,28.528700000606477,0.5900698304176331,"[0.7433398962020874, 0.07202469557523727, 0.03136533498764038, 0.15327008068561554]",low,0.7176470756530762,27.171699999598786,0.5372549295425415,"[0.7176470756530762, 0.18039216101169586, 0.05098039656877518, 0.05098039656877518]"
E:\RHNA\1Visual\NCKH\nckh2\products\fe\model\Dataset_Flood\low\다운로드 (54).jpg,low,0,low,0.6131573915481567,28.09589999378659,0.3904474675655365,"[0.6131573915481567, 0.08579949289560318, 0.07833322137594223, 0.22270992398262024]",low,0.5921568870544434,27.332300000125542,0.4235294461250305,"[0.5921568870544434, 0.16862745583057404, 0.11372549831867218, 0.11764706671237946]"
E:\RHNA\1Visual\NCKH\nckh2\products\fe\model\Dataset_Flood\low\808137151_1065873222862956_2369990287917085533_n.jpg,low,0,medium,0.6701967716217041,36.956399999326095,0.4640020430088043,"[0.20619472861289978, 0.6701967716217041, 0.036695219576358795, 0.08691322058439255]",non_flood,0.34117648005485535,35.0927999970736,0.0,"[0.2862745225429535, 0.34117648005485535, 0.02352941408753395, 0.34117648005485535]"
E:\RHNA\1Visual\NCKH\nckh2\products\fe\model\Dataset_Flood\low\SSI_20170716151354_O2.jpg,low,0,medium,0.7966292500495911,46.55780000030063,0.6160896420478821,"[0.18053960800170898, 0.7966292500495911, 0.010662669315934181, 0.012168490327894688]",medium,0.5176470875740051,29.806200007442385,0.10196077823638916,"[0.41568630933761597, 0.5176470875740051, 0.011764707043766975, 0.05098039656877518]"
E:\RHNA\1Visual\NCKH\nckh2\products\fe\model\Dataset_Flood\low\화면 캡처 2025-03-05 161811.jpg,low,0,low,0.3782104551792145,28.436900000087917,0.11128401756286621,"[0.3782104551792145, 0.26692643761634827, 0.09464026242494583, 0.2602228820323944]",low,0.34117648005485535,28.89800000411924,0.0156862735748291,"[0.34117648005485535, 0.22745099663734436, 0.10196079313755035, 0.32549020648002625]"
E:\RHNA\1Visual\NCKH\nckh2\products\fe\model\Dataset_Flood\low\images - 2025-01-28T163030.279.jpg,low,0,low,0.9183318614959717,26.787700000568293,0.8799411058425903,"[0.9183318614959717, 0.03087760880589485, 0.012399832718074322, 0.03839075192809105]",low,0.7843137979507446,26.800600011483766,0.6862745881080627,"[0.7843137979507446, 0.09803922474384308, 0.07450980693101883, 0.04313725605607033]"
E:\RHNA\1Visual\NCKH\nckh2\products\fe\model\Dataset_Flood\low\images - 2025-01-28T185425.621.jpg,low,0,low,0.8010507225990295,28.035399998771027,0.679948627948761,"[0.8010507225990295, 0.06730100512504578, 0.01054623443633318, 0.12110210955142975]",low,0.8117647767066956,26.608799991663545,0.7215687036514282,"[0.8117647767066956, 0.0784313753247261, 0.011764707043766975, 0.09019608050584793]"
E:\RHNA\1Visual\NCKH\nckh2\products\fe\model\Dataset_Flood\low\images - 2025-01-28T154416.248.jpg,low,0,low,0.6116239428520203,27.19779999461025,0.3406652510166168,"[0.6116239428520203, 0.27095869183540344, 0.08516678214073181, 0.03225066885352135]",low,0.6980392336845398,26.910699991276488,0.5215686559677124,"[0.6980392336845398, 0.1764705926179886, 0.05882353335618973, 0.062745101749897]"
E:\RHNA\1Visual\NCKH\nckh2\products\fe\model\Dataset_Flood\low\images - 2025-01-28T154231.729.jpg,low,0,low,0.5600684881210327,25.458099989918992,0.30250558257102966,"[0.5600684881210327, 0.25756290555000305, 0.038890816271305084, 0.1434778869152069]",non_flood,0.4705882668495178,26.095799999893643,0.07843136787414551,"[0.3921568989753723, 0.125490203499794, 0.007843137718737125, 0.4705882668495178]"
E:\RHNA\1Visual\NCKH\nckh2\products\fe\model\Dataset_Flood\low\화면 캡처 2025-03-05 162152.jpg,low,0,non_flood,0.7368943095207214,27.860700007295236,0.4917265772819519,"[0.24516773223876953, 0.010535177774727345, 0.007402773480862379, 0.7368943095207214]",non_flood,0.6196078658103943,30.021999991731718,0.3176470696926117,"[0.3019607961177826, 0.03529411926865578, 0.03921568766236305, 0.6196078658103943]"
E:\RHNA\1Visual\NCKH\nckh2\products\fe\model\Dataset_Flood\low\images (93).jpg,low,0,low,0.7503064274787903,27.44150000216905,0.5270659923553467,"[0.7503064274787903, 0.2232404351234436, 0.007798767648637295, 0.01865442283451557]",medium,0.5647059082984924,26.29920000617858,0.16862744092941284,"[0.3960784673690796, 0.5647059082984924, 0.019607843831181526, 0.01568627543747425]"
E:\RHNA\1Visual\NCKH\nckh2\products\fe\model\Dataset_Flood\low\images (99).jpg,low,0,low,0.438313752412796,28.229000003193505,0.015569299459457397,"[0.438313752412796, 0.4227444529533386, 0.11140532791614532, 0.02753647044301033]",medium,0.6117647290229797,24.64740000141319,0.3490196168422699,"[0.26274511218070984, 0.6117647290229797, 0.10196079313755035, 0.01568627543747425]"
E:\RHNA\1Visual\NCKH\nckh2\products\fe\model\Dataset_Flood\low\화면 캡처 2025-03-05 165853.jpg,low,0,low,0.4571909010410309,27.002000002539717,0.07977688312530518,"[0.4571909010410309, 0.09782324731349945, 0.06757178902626038, 0.3774140179157257]",non_flood,0.6784313917160034,24.48510000249371,0.4745098054409027,"[0.2039215862751007, 0.06666667014360428, 0.0470588281750679, 0.6784313917160034]"
E:\RHNA\1Visual\NCKH\nckh2\products\fe\model\Dataset_Flood\low\images - 2025-01-28T164427.465.jpg,low,0,low,0.8215270042419434,29.078000006848015,0.6732006072998047,"[0.8215270042419434, 0.14832641184329987, 0.02576260082423687, 0.004383988678455353]",low,0.7764706611633301,26.609600012307055,0.6117647886276245,"[0.7764706611633301, 0.16470588743686676, 0.0470588281750679, 0.007843137718737125]"
E:\RHNA\1Visual\NCKH\nckh2\products\fe\model\Dataset_Flood\low\images (38).jpg,low,0,medium,0.5172597765922546,27.503500008606352,0.07808557152748108,"[0.43917420506477356, 0.5172597765922546, 0.015665309503674507, 0.02790071815252304]",low,0.4941176772117615,28.195799997774884,0.0627450942993164,"[0.4941176772117615, 0.43137258291244507, 0.02352941408753395, 0.0470588281750679]"
E:\RHNA\1Visual\NCKH\nckh2\products\fe\model\Dataset_Flood\low\images - 2025-01-28T151232.035.jpg,low,0,low,0.5574045777320862,27.171699999598786,0.27283811569213867,"[0.5574045777320862, 0.2845664620399475, 0.09771274030208588, 0.06031620875000954]",low,0.4784314036369324,30.17579999868758,0.2549019753932953,"[0.4784314036369324, 0.22352942824363708, 0.125490203499794, 0.16470588743686676]"
E:\RHNA\1Visual\NCKH\nckh2\products\fe\model\Dataset_Flood\low\images (33).jpg,low,0,medium,0.5204843878746033,28.541599996970035,0.08465033769607544,"[0.43583405017852783, 0.5204843878746033, 0.01257211621850729, 0.03110942430794239]",low,0.458823561668396,29.508000006899238,0.019607841968536377,"[0.458823561668396, 0.4392157196998596, 0.08235294371843338, 0.019607843831181526]"
E:\RHNA\1Visual\NCKH\nckh2\products\fe\model\Dataset_Flood\low\다운로드 (15) 1.jpg,low,0,low,0.8534190058708191,47.735599990119226,0.7641919255256653,"[0.8534190058708191, 0.053135477006435394, 0.004218356683850288, 0.0892270877957344]",low,0.760784387588501,27.049799988162704,0.6196079254150391,"[0.760784387588501, 0.08627451211214066, 0.007843137718737125, 0.1411764770746231]"
E:\RHNA\1Visual\NCKH\nckh2\products\fe\model\Dataset_Flood\low\noise.jpg,low,0,medium,0.5506919622421265,25.341000000480562,0.24966949224472046,"[0.1356927752494812, 0.5506919622421265, 0.301022469997406, 0.012592763639986515]",medium,0.5058823823928833,25.53710000938736,0.25882354378700256,"[0.22745099663734436, 0.5058823823928833, 0.24705883860588074, 0.019607843831181526]"
E:\RHNA\1Visual\NCKH\nckh2\products\fe\model\Dataset_Flood\low\images - 2025-01-28T151759.595.jpg,low,0,low,0.7692956328392029,26.04599999904167,0.6334541440010071,"[0.7692956328392029, 0.048315487802028656, 0.046547405421733856, 0.1358414739370346]",non_flood,0.4549019932746887,26.426500000525266,0.019607841968536377,"[0.43529415130615234, 0.02352941408753395, 0.08235294371843338, 0.4549019932746887]"
E:\RHNA\1Visual\NCKH\nckh2\products\fe\model\Dataset_Flood\low\721750ca-9b42-42b5-8b16-353112338174-Flood3.jpg,low,0,low,0.5464641451835632,25.582699992810376,0.36170095205307007,"[0.5464641451835632, 0.18476317822933197, 0.16220445930957794, 0.10656825453042984]",low,0.48235297203063965,27.396999998018146,0.2549019753932953,"[0.48235297203063965, 0.12156863510608673, 0.22745099663734436, 0.16470588743686676]"
E:\RHNA\1Visual\NCKH\nckh2\products\fe\model\Dataset_Flood\low\화면 캡처 2025-03-05 161202.jpg,low,0,low,0.7726475596427917,28.73050000926014,0.5830494165420532,"[0.7726475596427917, 0.1895981729030609, 0.006872609723359346, 0.03088168427348137]",low,0.7568628191947937,26.41280001262203,0.6352941989898682,"[0.7568628191947937, 0.10196079313755035, 0.01568627543747425, 0.12156863510608673]"
E:\RHNA\1Visual\NCKH\nckh2\products\fe\model\Dataset_Flood\low\images - 2025-01-28T164448.787.jpg,low,0,low,0.8732543587684631,47.505399998044595,0.8105822205543518,"[0.8732543587684631, 0.05668450519442558, 0.0073889330960810184, 0.06267211586236954]",low,0.7372549176216125,55.38390000583604,0.5254901647567749,"[0.7372549176216125, 0.03921568766236305, 0.007843137718737125, 0.21176472306251526]"
E:\RHNA\1Visual\NCKH\nckh2\products\fe\model\Dataset_Flood\low\images - 2025-01-28T164438.545.jpg,low,0,low,0.501034677028656,146.55600000696722,0.06598317623138428,"[0.501034677028656, 0.04720025137066841, 0.01671351119875908, 0.43505150079727173]",low,0.615686297416687,52.40310000954196,0.3019607961177826,"[0.615686297416687, 0.05098039656877518, 0.01568627543747425, 0.3137255012989044]"
E:\RHNA\1Visual\NCKH\nckh2\products\fe\model\Dataset_Flood\low\images - 2025-01-28T164633.825.jpg,low,0,low,0.9217808842658997,34.24149999045767,0.8674208521842957,"[0.9217808842658997, 0.05436001718044281, 0.0022807952482253313, 0.021578336134552956]",low,0.7921569347381592,27.677699996274896,0.64705890417099,"[0.7921569347381592, 0.14509804546833038, 0.007843137718737125, 0.05098039656877518]"
E:\RHNA\1Visual\NCKH\nckh2\products\fe\model\Dataset_Flood\low\images - 2025-01-28T161955.443.jpg,low,0,low,0.7375980019569397,26.7156000045361,0.4856644868850708,"[0.7375980019569397, 0.008773856796324253, 0.0016946326941251755, 0.2519335150718689]",low,0.9137255549430847,26.070899999467656,0.874509871006012,"[0.9137255549430847, 0.03529411926865578, 0.007843137718737125, 0.03921568766236305]"
E:\RHNA\1Visual\NCKH\nckh2\products\fe\model\Dataset_Flood\low\images - 2025-01-28T154034.580.jpg,low,0,non_flood,0.7134258151054382,28.374200002872385,0.4462844431400299,"[0.2671413719654083, 0.015481902286410332, 0.003950864542275667, 0.7134258151054382]",non_flood,0.6352941393852234,27.873800005181693,0.32549020648002625,"[0.30980393290519714, 0.03921568766236305, 0.011764707043766975, 0.6352941393852234]"
E:\RHNA\1Visual\NCKH\nckh2\products\fe\model\Dataset_Flood\low\다운로드 (24).jpg,low,0,non_flood,0.7445239424705505,26.51999999943655,0.5312042236328125,"[0.21331971883773804, 0.03140748664736748, 0.01074886228889227, 0.7445239424705505]",non_flood,0.5529412031173706,26.20079999906011,0.2705882489681244,"[0.2823529541492462, 0.11764706671237946, 0.04313725605607033, 0.5529412031173706]"
E:\RHNA\1Visual\NCKH\nckh2\products\fe\model\Dataset_Flood\low\화면 캡처 2025-03-05 165641.jpg,low,0,non_flood,0.5316320061683655,34.381899997242726,0.0929601788520813,"[0.4386718273162842, 0.02248801290988922, 0.007208146154880524, 0.5316320061683655]",non_flood,0.7176470756530762,33.752999996067956,0.4588235318660736,"[0.25882354378700256, 0.01568627543747425, 0.003921568859368563, 0.7176470756530762]"
E:\RHNA\1Visual\NCKH\nckh2\products\fe\model\Dataset_Flood\low\images (23) 2.jpg,low,0,low,0.4907572567462921,33.835299997008406,0.11251550912857056,"[0.4907572567462921, 0.37824174761772156, 0.1161699891090393, 0.014830945059657097]",low,0.5137255191802979,34.30369999841787,0.18431374430656433,"[0.5137255191802979, 0.3294117748737335, 0.11764706671237946, 0.03921568766236305]"
E:\RHNA\1Visual\NCKH\nckh2\products\fe\model\Dataset_Flood\low\images - 2025-01-28T151814.128.jpg,low,0,low,0.5324286222457886,29.398300001048483,0.08685305714607239,"[0.5324286222457886, 0.019800670444965363, 0.00219512777402997, 0.4455755650997162]",non_flood,0.4941176772117615,28.147499993792735,0.023529410362243652,"[0.4705882668495178, 0.0313725508749485, 0.003921568859368563, 0.4941176772117615]"
E:\RHNA\1Visual\NCKH\nckh2\products\fe\model\Dataset_Flood\low\803005566_1065370432913235_8636202584573284675_n.jpg,low,0,medium,0.7760429382324219,73.8442000001669,0.6514027714729309,"[0.12464018166065216, 0.7760429382324219, 0.025900360196828842, 0.07341651618480682]",medium,0.5529412031173706,58.70629999844823,0.29411765933036804,"[0.15294118225574493, 0.5529412031173706, 0.0313725508749485, 0.25882354378700256]"
E:\RHNA\1Visual\NCKH\nckh2\products\fe\model\Dataset_Flood\low\images (16) 2.jpg,low,0,low,0.6438365578651428,63.59150000207592,0.39528530836105347,"[0.6438365578651428, 0.24855123460292816, 0.09740044921636581, 0.010211732238531113]",low,0.6000000238418579,67.16720000258647,0.29411765933036804,"[0.6000000238418579, 0.30588236451148987, 0.05882353335618973, 0.0313725508749485]"
E:\RHNA\1Visual\NCKH\nckh2\products\fe\model\Dataset_Flood\low\image_297.jpg,low,0,medium,0.7150513529777527,56.601700009196065,0.5611956715583801,"[0.15385566651821136, 0.7150513529777527, 0.10677537322044373, 0.024317564442753792]",medium,0.45098042488098145,44.89009999088012,0.07450979948043823,"[0.3764706254005432, 0.45098042488098145, 0.11372549831867218, 0.05490196496248245]"
E:\RHNA\1Visual\NCKH\nckh2\products\fe\model\Dataset_Flood\low\images - 2025-01-28T162855.395.jpg,low,0,low,0.9246793389320374,43.54810000222642,0.8827422857284546,"[0.9246793389320374, 0.041937053203582764, 0.011775990016758442, 0.0216076597571373]",low,0.8392157554626465,48.14230000192765,0.7686275243759155,"[0.8392157554626465, 0.07058823853731155, 0.0313725508749485, 0.05490196496248245]"
E:\RHNA\1Visual\NCKH\nckh2\products\fe\model\Dataset_Flood\low\images (32).jpg,low,0,medium,0.47939395904541016,57.5403999973787,0.16660812497138977,"[0.3127858340740204, 0.47939395904541016, 0.07628124207258224, 0.131538987159729]",medium,0.5686274766921997,45.504499998060055,0.27450981736183167,"[0.29411765933036804, 0.5686274766921997, 0.08235294371843338, 0.05098039656877518]"
E:\RHNA\1Visual\NCKH\nckh2\products\fe\model\Dataset_Flood\low\다운로드 (13).jpg,low,0,low,0.8131327629089355,40.30529998999555,0.6409325003623962,"[0.8131327629089355, 0.1722002774477005, 0.014082808047533035, 0.0005841242964379489]",low,0.6039215922355652,46.1834000016097,0.2666666805744171,"[0.6039215922355652, 0.33725491166114807, 0.05098039656877518, 0.003921568859368563]"
E:\RHNA\1Visual\NCKH\nckh2\products\fe\model\Dataset_Flood\low\images - 2025-01-28T151448.228.jpg,low,0,non_flood,0.440720796585083,50.06449999928009,0.1829814910888672,"[0.2577393054962158, 0.15948525071144104, 0.1420547068119049, 0.440720796585083]",non_flood,0.3529411852359772,41.455900005530566,0.05882352590560913,"[0.1882353127002716, 0.1568627506494522, 0.29411765933036804, 0.3529411852359772]"
E:\RHNA\1Visual\NCKH\nckh2\products\fe\model\Dataset_Flood\low\images - 2025-01-28T184905.989.jpg,low,0,low,0.7267225384712219,39.584199999808334,0.56510990858078,"[0.7267225384712219, 0.1616126149892807, 0.08797065168619156, 0.0236941110342741]",low,0.6823529601097107,45.21180001029279,0.5098039507865906,"[0.6823529601097107, 0.1725490242242813, 0.1098039299249649, 0.0313725508749485]"
E:\RHNA\1Visual\NCKH\nckh2\products\fe\model\Dataset_Flood\low\images - 2025-01-28T155237.362.jpg,low,0,low,0.8751249313354492,39.75690000515897,0.8002487421035767,"[0.8751249313354492, 0.04385371878743172, 0.0061451527290046215, 0.07487617433071136]",low,0.8862745761871338,47.48400000971742,0.8235294818878174,"[0.8862745761871338, 0.062745101749897, 0.019607843831181526, 0.0313725508749485]"
E:\RHNA\1Visual\NCKH\nckh2\products\fe\model\Dataset_Flood\low\images - 2025-01-28T154421.186.jpg,low,0,low,0.5380392074584961,41.020400007255375,0.08896175026893616,"[0.5380392074584961, 0.011413026601076126, 0.0014703520573675632, 0.44907745718955994]",low,0.5568627715110779,50.033899999107234,0.14901959896087646,"[0.5568627715110779, 0.027450982481241226, 0.003921568859368563, 0.4078431725502014]"
E:\RHNA\1Visual\NCKH\nckh2\products\fe\model\Dataset_Flood\low\images - 2025-01-28T164917.120.jpg,low,0,low,0.7330392599105835,45.337999996263534,0.5892655849456787,"[0.7330392599105835, 0.14377368986606598, 0.039592765271663666, 0.08359434455633163]",low,0.5882353186607361,62.053200002992526,0.3019607961177826,"[0.5882353186607361, 0.2862745225429535, 0.09803922474384308, 0.02352941408753395]"
E:\RHNA\1Visual\NCKH\nckh2\products\fe\model\Dataset_Flood\low\images - 2025-01-28T152045.509.jpg,low,0,low,0.7572987675666809,30.021400001714937,0.6421635746955872,"[0.7572987675666809, 0.08653725683689117, 0.04102885350584984, 0.11513521522283554]",low,0.7725490927696228,59.27230000088457,0.69019615650177,"[0.7725490927696228, 0.08235294371843338, 0.07058823853731155, 0.07450980693101883]"
E:\RHNA\1Visual\NCKH\nckh2\products\fe\model\Dataset_Flood\low\images - 2025-01-28T164148.602.jpg,low,0,low,0.5650250315666199,79.87309999589343,0.36113178730010986,"[0.5650250315666199, 0.1842251420021057, 0.04685657471418381, 0.20389324426651]",low,0.4392157196998596,23.191200001747347,0.1568627655506134,"[0.4392157196998596, 0.2823529541492462, 0.1882353127002716, 0.09019608050584793]"
E:\RHNA\1Visual\NCKH\nckh2\products\fe\model\Dataset_Flood\low\화면 캡처 2025-03-05 163923.jpg,low,0,non_flood,0.4391787648200989,32.893800002057105,0.0016308724880218506,"[0.437547892332077, 0.09988867491483688, 0.023384643718600273, 0.4391787648200989]",non_flood,0.7490196228027344,33.54469999612775,0.5529412031173706,"[0.19607844948768616, 0.03529411926865578, 0.011764707043766975, 0.7490196228027344]"
E:\RHNA\1Visual\NCKH\nckh2\products\fe\model\Dataset_Flood\low\img_india_20151202_title-759x500.jpg,low,0,medium,0.5241528153419495,26.574799994705245,0.25059565901756287,"[0.16513754427433014, 0.5241528153419495, 0.2735571563243866, 0.03715244308114052]",high,0.46274513006210327,28.679499999270774,0.07450979948043823,"[0.09803922474384308, 0.38823533058166504, 0.46274513006210327, 0.05098039656877518]"
E:\RHNA\1Visual\NCKH\nckh2\products\fe\model\Dataset_Flood\low\다운로드 (17).jpg,low,0,low,0.46238917112350464,30.594800002290867,0.17806637287139893,"[0.46238917112350464, 0.14829722046852112, 0.10499082505702972, 0.2843227982521057]",non_flood,0.5568627715110779,54.127999988850206,0.29411765933036804,"[0.26274511218070984, 0.09803922474384308, 0.0784313753247261, 0.5568627715110779]"
E:\RHNA\1Visual\NCKH\nckh2\products\fe\model\Dataset_Flood\low\images.jpg,low,0,low,0.47656676173210144,28.15800000098534,0.00879397988319397,"[0.47656676173210144, 0.46777278184890747, 0.0025869670789688826, 0.05307356268167496]",medium,0.5333333611488342,30.42700000514742,0.1254901885986328,"[0.4078431725502014, 0.5333333611488342, 0.011764707043766975, 0.0470588281750679]"
E:\RHNA\1Visual\NCKH\nckh2\products\fe\model\Dataset_Flood\low\images - 2025-01-28T152051.161.jpg,low,0,medium,0.48449811339378357,31.159699996351264,0.18021070957183838,"[0.3042874038219452, 0.48449811339378357, 0.017514070495963097, 0.19370044767856598]",non_flood,0.48235297203063965,34.36290001263842,0.24705883860588074,"[0.2352941334247589, 0.2352941334247589, 0.04313725605607033, 0.48235297203063965]"
E:\RHNA\1Visual\NCKH\nckh2\products\fe\model\Dataset_Flood\low\images - 2025-01-28T164419.296.jpg,low,0,low,0.4885983467102051,32.79130000737496,0.17062315344810486,"[0.4885983467102051, 0.3179751932621002, 0.12097322195768356, 0.07245320081710815]",low,0.6549019813537598,40.06269999081269,0.45098039507865906,"[0.6549019813537598, 0.2039215862751007, 0.062745101749897, 0.07058823853731155]"
E:\RHNA\1Visual\NCKH\nckh2\products\fe\model\Dataset_Flood\low\images - 2025-01-28T152202.438.jpg,low,0,non_flood,0.6480584144592285,32.2392999951262,0.3282475471496582,"[0.3198108673095703, 0.028292404487729073, 0.00383831188082695, 0.6480584144592285]",non_flood,0.729411780834198,33.78349999547936,0.529411792755127,"[0.20000001788139343, 0.05098039656877518, 0.01568627543747425, 0.729411780834198]"
E:\RHNA\1Visual\NCKH\nckh2\products\fe\model\Dataset_Flood\low\flood_6194.jpg,low,0,medium,0.4199292063713074,150.7865000021411,0.01693865656852722,"[0.40299054980278015, 0.4199292063713074, 0.1434984803199768, 0.03358179330825806]",low,0.3921568989753723,33.9382999954978,0.04705885052680969,"[0.3921568989753723, 0.3450980484485626, 0.21176472306251526, 0.0470588281750679]"
E:\RHNA\1Visual\NCKH\nckh2\products\fe\model\Dataset_Flood\low\images - 2025-01-28T164411.442.jpg,low,0,low,0.8116031885147095,26.8719999876339,0.6899866461753845,"[0.8116031885147095, 0.12161654233932495, 0.03049614652991295, 0.036284126341342926]",low,0.6901960968971252,28.363399993395433,0.48235294222831726,"[0.6901960968971252, 0.20784315466880798, 0.07058823853731155, 0.02352941408753395]"
E:\RHNA\1Visual\NCKH\nckh2\products\fe\model\Dataset_Flood\low\images - 2025-01-28T164431.273.jpg,low,0,low,0.7346147298812866,36.5182000095956,0.585639476776123,"[0.7346147298812866, 0.14897528290748596, 0.05850578472018242, 0.05790430307388306]",low,0.5568627715110779,32.34060000977479,0.35686275362968445,"[0.5568627715110779, 0.20000001788139343, 0.10196079313755035, 0.13333334028720856]"
E:\RHNA\1Visual\NCKH\nckh2\products\fe\model\Dataset_Flood\low\image_203.jpeg,low,0,medium,0.8388938307762146,28.821600004448555,0.7466767430305481,"[0.09221706539392471, 0.8388938307762146, 0.06699564307928085, 0.0018934642430394888]",medium,0.7568628191947937,28.734999999869615,0.6392157673835754,"[0.11764706671237946, 0.7568628191947937, 0.11764706671237946, 0.007843137718737125]"
E:\RHNA\1Visual\NCKH\nckh2\products\fe\model\Dataset_Flood\low\다운로드 (50).jpg,low,0,low,0.546085774898529,28.259800004889257,0.28922387957572937,"[0.546085774898529, 0.1029677465558052, 0.09408467262983322, 0.2568618953227997]",low,0.43529415130615234,27.22429999266751,0.12941178679466248,"[0.43529415130615234, 0.14509804546833038, 0.30588236451148987, 0.1098039299249649]"
E:\RHNA\1Visual\NCKH\nckh2\products\fe\model\Dataset_Flood\medium\images - 2025-01-28T164558.649.jpg,medium,1,low,0.43394792079925537,28.846300003351644,0.1413346529006958,"[0.43394792079925537, 0.24520783126354218, 0.028231047093868256, 0.29261326789855957]",low,0.5254902243614197,31.047900003613904,0.2549019753932953,"[0.5254902243614197, 0.2705882489681244, 0.062745101749897, 0.13725490868091583]"
E:\RHNA\1Visual\NCKH\nckh2\products\fe\model\Dataset_Flood\medium\images (40).jpg,medium,1,low,0.5993786454200745,29.5856000011554,0.29328861832618713,"[0.5993786454200745, 0.30609002709388733, 0.07639569044113159, 0.01813563145697117]",low,0.7098039388656616,30.419299990171567,0.49803921580314636,"[0.7098039388656616, 0.21176472306251526, 0.03921568766236305, 0.03529411926865578]"
E:\RHNA\1Visual\NCKH\nckh2\products\fe\model\Dataset_Flood\medium\다운로드 (32).jpg,medium,1,low,0.6392161250114441,29.95080000255257,0.3449295163154602,"[0.6392161250114441, 0.0515194907784462, 0.014977875165641308, 0.2942866086959839]",low,0.6196078658103943,24.184699999750592,0.38823530077934265,"[0.6196078658103943, 0.11764706671237946, 0.02352941408753395, 0.23137256503105164]"
E:\RHNA\1Visual\NCKH\nckh2\products\fe\model\Dataset_Flood\medium\다운로드 (14) 1.jpg,medium,1,medium,0.5130665302276611,30.43059998890385,0.1892145574092865,"[0.32385197281837463, 0.5130665302276611, 0.11170820146799088, 0.05137329176068306]",medium,0.458823561668396,27.96549999038689,0.1882353127002716,"[0.2352941334247589, 0.458823561668396, 0.2705882489681244, 0.027450982481241226]"
E:\RHNA\1Visual\NCKH\nckh2\products\fe\model\Dataset_Flood\medium\images (31).jpg,medium,1,medium,0.7274879813194275,26.43529999477323,0.535266637802124,"[0.07699171453714371, 0.7274879813194275, 0.19222131371498108, 0.0032989531755447388]",medium,0.7137255072593689,30.523299996275455,0.5254901647567749,"[0.08627451211214066, 0.7137255072593689, 0.1882353127002716, 0.007843137718737125]"
E:\RHNA\1Visual\NCKH\nckh2\products\fe\model\Dataset_Flood\medium\cuuho-19-4795-1763627595.webp,medium,1,medium,0.8109928369522095,28.323999998974614,0.6279868483543396,"[0.005860204808413982, 0.8109928369522095, 0.18300597369670868, 0.00014103179273661226]",medium,0.8156863451004028,29.705499997362494,0.6588236093521118,"[0.02352941408753395, 0.8156863451004028, 0.1568627506494522, 0.0]"
E:\RHNA\1Visual\NCKH\nckh2\products\fe\model\Dataset_Flood\medium\38.jpg,medium,1,medium,0.6203584671020508,48.55239999596961,0.32980895042419434,"[0.0821615681052208, 0.6203584671020508, 0.29054951667785645, 0.006930442992597818]",low,0.5176470875740051,35.53680000186432,0.20000001788139343,"[0.5176470875740051, 0.3176470696926117, 0.1098039299249649, 0.05098039656877518]"
E:\RHNA\1Visual\NCKH\nckh2\products\fe\model\Dataset_Flood\medium\z5675153483527cd80a92c47aaeb3ab9a8fbe5fd9bdaba-1722134771986321631296.webp,medium,1,medium,0.7103907465934753,30.866200002492405,0.5412207841873169,"[0.16916999220848083, 0.7103907465934753, 0.09461182355880737, 0.0258274357765913]",low,0.5098039507865906,35.53300000203308,0.15294119715690613,"[0.5098039507865906, 0.35686275362968445, 0.05490196496248245, 0.07058823853731155]"
E:\RHNA\1Visual\NCKH\nckh2\products\fe\model\Dataset_Flood\medium\img0412-173554575-1648898672886468709355.jpg,medium,1,medium,0.6046767830848694,58.37160001101438,0.2656860649585724,"[0.053754426538944244, 0.6046767830848694, 0.338990718126297, 0.002578004729002714]",medium,0.5607843399047852,70.38540000212379,0.16862744092941284,"[0.03921568766236305, 0.5607843399047852, 0.3921568989753723, 0.003921568859368563]"
E:\RHNA\1Visual\NCKH\nckh2\products\fe\model\Dataset_Flood\medium\images - 2025-01-28T164335.071.jpg,medium,1,medium,0.41728007793426514,72.72820000071079,0.09860050678253174,"[0.3186795711517334, 0.41728007793426514, 0.25954654812812805, 0.004493743181228638]",medium,0.41960787773132324,54.889200007892214,0.1254902184009552,"[0.29411765933036804, 0.41960787773132324, 0.2823529541492462, 0.003921568859368563]"
E:\RHNA\1Visual\NCKH\nckh2\products\fe\model\Dataset_Flood\medium\11111_20240910092935.jpg,medium,1,medium,0.7116610407829285,55.9858000051463,0.44539403915405273,"[0.019898977130651474, 0.7116610407829285, 0.26626700162887573, 0.002172968117520213]",medium,0.5176470875740051,56.26860000484157,0.08627450466156006,"[0.03921568766236305, 0.5176470875740051, 0.43137258291244507, 0.003921568859368563]"
E:\RHNA\1Visual\NCKH\nckh2\products\fe\model\Dataset_Flood\medium\803102991_1065370649579880_774651092268573661_n.jpg,medium,1,medium,0.7876155376434326,37.87529999681283,0.6102501749992371,"[0.17736537754535675, 0.7876155376434326, 0.02680155448615551, 0.00821754615753889]",medium,0.5490196347236633,37.950400001136586,0.16470587253570557,"[0.38431376218795776, 0.5490196347236633, 0.0313725508749485, 0.0313725508749485]"
E:\RHNA\1Visual\NCKH\nckh2\products\fe\model\Dataset_Flood\medium\images (17) 2.jpg,medium,1,low,0.6591565012931824,66.12430000677705,0.4543045163154602,"[0.6591565012931824, 0.20485198497772217, 0.09527420252561569, 0.04071735590696335]",low,0.7960785031318665,59.41200000233948,0.6823530197143555,"[0.7960785031318665, 0.11372549831867218, 0.0313725508749485, 0.05490196496248245]"
E:\RHNA\1Visual\NCKH\nckh2\products\fe\model\Dataset_Flood\medium\images (21).jpg,medium,1,medium,0.7807613611221313,58.763499997439794,0.660221517086029,"[0.09830589592456818, 0.7807613611221313, 0.12053985893726349, 0.000392851943615824]",medium,0.7215686440467834,49.465499992948025,0.5568627715110779,"[0.16470588743686676, 0.7215686440467834, 0.10588236153125763, 0.0]"
E:\RHNA\1Visual\NCKH\nckh2\products\fe\model\Dataset_Flood\medium\images - 2025-01-28T184948.206.jpg,medium,1,high,0.573131263256073,45.80039999564178,0.22073230147361755,"[0.06753266602754593, 0.35239896178245544, 0.573131263256073, 0.0069370511919260025]",high,0.5411764979362488,49.73089999111835,0.1607843041419983,"[0.07450980693101883, 0.3803921937942505, 0.5411764979362488, 0.003921568859368563]"
E:\RHNA\1Visual\NCKH\nckh2\products\fe\model\Dataset_Flood\medium\805785436_1065873412862937_6378472947375029280_n.jpg,medium,1,medium,0.6186947226524353,57.94740001147147,0.362326443195343,"[0.0815209448337555, 0.6186947226524353, 0.2563682794570923, 0.0434161014854908]",medium,0.44705885648727417,50.6353999953717,0.054901957511901855,"[0.09019608050584793, 0.44705885648727417, 0.3921568989753723, 0.06666667014360428]"
E:\RHNA\1Visual\NCKH\nckh2\products\fe\model\Dataset_Flood\medium\z6586657762546_35b240fb22ac28c998ad31a1de0491e8.webp,medium,1,medium,0.8557567000389099,66.48100000165869,0.7527655363082886,"[0.04059424251317978, 0.8557567000389099, 0.10299114137887955, 0.0006578443571925163]",medium,0.7843137979507446,51.91650000051595,0.64705890417099,"[0.07058823853731155, 0.7843137979507446, 0.13725490868091583, 0.0]"
E:\RHNA\1Visual\NCKH\nckh2\products\fe\model\Dataset_Flood\medium\803102985_1065370659579879_8461065299246796518_n.jpg,medium,1,medium,0.5154169201850891,92.73960000427905,0.15118315815925598,"[0.36423376202583313, 0.5154169201850891, 0.04130597785115242, 0.07904336601495743]",low,0.5098039507865906,382.0263999950839,0.15294119715690613,"[0.5098039507865906, 0.35686275362968445, 0.05098039656877518, 0.0784313753247261]"
E:\RHNA\1Visual\NCKH\nckh2\products\fe\model\Dataset_Flood\medium\images - 2025-01-28T155605.972.jpg,medium,1,low,0.7713679075241089,98.72560000803787,0.59224534034729,"[0.7713679075241089, 0.0472201369702816, 0.002289430471137166, 0.17912255227565765]",low,0.7372549176216125,94.54630000982434,0.5529412031173706,"[0.7372549176216125, 0.062745101749897, 0.007843137718737125, 0.18431372940540314]"
E:\RHNA\1Visual\NCKH\nckh2\products\fe\model\Dataset_Flood\medium\mua-lu-thai-nguyen-1760069078776-17600690791511790978445.jpg,medium,1,medium,0.8612375855445862,28.3999999955995,0.7596035599708557,"[0.03247172012925148, 0.8612375855445862, 0.10163403302431107, 0.004656731616705656]",medium,0.7058823704719543,27.41239999886602,0.5568627715110779,"[0.07450980693101883, 0.7058823704719543, 0.14901961386203766, 0.06666667014360428]"
E:\RHNA\1Visual\NCKH\nckh2\products\fe\model\Dataset_Flood\medium\flood_172.jpg,medium,1,medium,0.484822541475296,38.51369999756571,0.262767493724823,"[0.14614112675189972, 0.484822541475296, 0.22205503284931183, 0.1469813585281372]",high,0.4235294461250305,25.74779999849852,0.10196080803871155,"[0.20000001788139343, 0.32156863808631897, 0.4235294461250305, 0.05098039656877518]"
E:\RHNA\1Visual\NCKH\nckh2\products\fe\model\Dataset_Flood\medium\images - 2025-01-28T153853.563.jpg,medium,1,low,0.6645614504814148,28.379700001096353,0.3557417094707489,"[0.6645614504814148, 0.024105919525027275, 0.002512772334739566, 0.3088197410106659]",low,0.5882353186607361,26.56169999681879,0.21176469326019287,"[0.5882353186607361, 0.027450982481241226, 0.003921568859368563, 0.3764706254005432]"
E:\RHNA\1Visual\NCKH\nckh2\products\fe\model\Dataset_Flood\medium\1582606863.jpg,medium,1,medium,0.785478413105011,27.112199997645803,0.6207020878791809,"[0.04825226217508316, 0.785478413105011, 0.16477632522583008, 0.00149296666495502]",medium,0.6039215922355652,28.188099997350946,0.3333333432674408,"[0.12156863510608673, 0.6039215922355652, 0.2705882489681244, 0.003921568859368563]"
E:\RHNA\1Visual\NCKH\nckh2\products\fe\model\Dataset_Flood\medium\noise2.jpeg,medium,1,medium,0.7232688665390015,55.18790001224261,0.48098066449165344,"[0.03126182034611702, 0.7232688665390015, 0.24228820204734802, 0.003181220730766654]",medium,0.7647059559822083,37.0859999966342,0.5725491046905518,"[0.0313725508749485, 0.7647059559822083, 0.19215688109397888, 0.007843137718737125]"
E:\RHNA\1Visual\NCKH\nckh2\products\fe\model\Dataset_Flood\medium\image_0166.jpg,medium,1,medium,0.5100129842758179,147.54099999845494,0.1639362871646881,"[0.34607669711112976, 0.5100129842758179, 0.11932940781116486, 0.024580854922533035]",medium,0.4274510145187378,28.853999989223666,0.07058826088905334,"[0.35686275362968445, 0.4274510145187378, 0.1764705926179886, 0.03921568766236305]"
E:\RHNA\1Visual\NCKH\nckh2\products\fe\model\Dataset_Flood\medium\image_358.jpg,medium,1,medium,0.6823788285255432,30.435499997111037,0.4105743169784546,"[0.2718045115470886, 0.6823788285255432, 0.04227213189005852, 0.003544563427567482]",medium,0.545098066329956,26.837600002181716,0.22745099663734436,"[0.3176470696926117, 0.545098066329956, 0.10588236153125763, 0.027450982481241226]"
E:\RHNA\1Visual\NCKH\nckh2\products\fe\model\Dataset_Flood\medium\images (61).jpg,medium,1,low,0.48870113492012024,25.580899993656203,0.1285673975944519,"[0.48870113492012024, 0.36013373732566833, 0.14827369153499603, 0.0028914983849972486]",medium,0.4431372880935669,30.32240000902675,0.09019610285758972,"[0.3529411852359772, 0.4431372880935669, 0.20000001788139343, 0.0]"
E:\RHNA\1Visual\NCKH\nckh2\products\fe\model\Dataset_Flood\medium\nguoi-dan-di-chuyen-bang-do-1726905142020203369784.webp,medium,1,high,0.6074429750442505,30.803400004515424,0.2638399302959442,"[0.04488297179341316, 0.3436030447483063, 0.6074429750442505, 0.0040709939785301685]",high,0.6784313917160034,29.49329999682959,0.4000000059604645,"[0.03529411926865578, 0.27843138575553894, 0.6784313917160034, 0.003921568859368563]"
E:\RHNA\1Visual\NCKH\nckh2\products\fe\model\Dataset_Flood\medium\807659213_1065873136196298_5615785750511825525_n.jpg,medium,1,medium,0.529599666595459,39.825400002882816,0.13890907168388367,"[0.3906905949115753, 0.529599666595459, 0.014281327836215496, 0.06542845815420151]",low,0.5843137502670288,301.03519999829587,0.2705882489681244,"[0.5843137502670288, 0.3137255012989044, 0.019607843831181526, 0.08235294371843338]"
E:\RHNA\1Visual\NCKH\nckh2\products\fe\model\Dataset_Flood\medium\images - 2025-01-28T152117.659.jpg,medium,1,low,0.43522965908050537,180.56890000298154,0.09737655520439148,"[0.43522965908050537, 0.3378531038761139, 0.20700158178806305, 0.019915573298931122]",medium,0.4078431725502014,274.0457000036258,0.05098041892051697,"[0.20784315466880798, 0.4078431725502014, 0.35686275362968445, 0.02352941408753395]"
E:\RHNA\1Visual\NCKH\nckh2\products\fe\model\Dataset_Flood\medium\images - 2025-01-28T154106.043.jpg,medium,1,low,0.8257630467414856,65.43410000449512,0.7438259124755859,"[0.8257630467414856, 0.07232043147087097, 0.019979501143097878, 0.08193710446357727]",low,0.760784387588501,126.34350000007544,0.6156863570213318,"[0.760784387588501, 0.14509804546833038, 0.05098039656877518, 0.03529411926865578]"
E:\RHNA\1Visual\NCKH\nckh2\products\fe\model\Dataset_Flood\medium\hoi_an_ngap_lut_tro_lai_nguoi_dan_lo_chay_lu_lan_2_.webp,medium,1,medium,0.7774522304534912,170.8132000057958,0.667598307132721,"[0.10985391587018967, 0.7774522304534912, 0.10588966310024261, 0.006804158911108971]",medium,0.6784313917160034,44.11960000288673,0.4470588266849518,"[0.23137256503105164, 0.6784313917160034, 0.06666667014360428, 0.01568627543747425]"
E:\RHNA\1Visual\NCKH\nckh2\products\fe\model\Dataset_Flood\medium\images (35).jpg,medium,1,medium,0.6254028081893921,39.83619999780785,0.3471132218837738,"[0.2782895863056183, 0.6254028081893921, 0.0935334786772728, 0.0027741100639104843]",medium,0.5254902243614197,42.244800002663396,0.1568627655506134,"[0.3686274588108063, 0.5254902243614197, 0.09803922474384308, 0.003921568859368563]"
E:\RHNA\1Visual\NCKH\nckh2\products\fe\model\Dataset_Flood\medium\noise4.jpg,medium,1,medium,0.745360791683197,58.0511000007391,0.5712729096412659,"[0.07883234322071075, 0.745360791683197, 0.17408786714076996, 0.0017190176295116544]",medium,0.46274513006210327,56.319399998756126,0.023529410362243652,"[0.0941176563501358, 0.46274513006210327, 0.4392157196998596, 0.0]"
E:\RHNA\1Visual\NCKH\nckh2\products\fe\model\Dataset_Flood\medium\다운로드 (11) 1.jpg,medium,1,medium,0.5449379682540894,40.12140000122599,0.24501603841781616,"[0.2999219298362732, 0.5449379682540894, 0.14939171075820923, 0.005748406518250704]",medium,0.5529412031173706,47.344700011308305,0.2705882489681244,"[0.2823529541492462, 0.5529412031173706, 0.15294118225574493, 0.007843137718737125]"
E:\RHNA\1Visual\NCKH\nckh2\products\fe\model\Dataset_Flood\medium\images (27).jpg,medium,1,medium,0.6893448829650879,86.71039999171626,0.5165652632713318,"[0.1727796047925949, 0.6893448829650879, 0.13558098673820496, 0.0022945126984268427]",medium,0.5490196347236633,27.60400000261143,0.2666666805744171,"[0.1568627506494522, 0.5490196347236633, 0.2823529541492462, 0.007843137718737125]"
E:\RHNA\1Visual\NCKH\nckh2\products\fe\model\Dataset_Flood\medium\image_0294.jpg,medium,1,medium,0.5128500461578369,28.85970000352245,0.07584241032600403,"[0.04460333287715912, 0.5128500461578369, 0.4370076358318329, 0.00553899398073554]",medium,0.501960813999176,137.83790000888985,0.0627450942993164,"[0.05098039656877518, 0.501960813999176, 0.4392157196998596, 0.003921568859368563]"
E:\RHNA\1Visual\NCKH\nckh2\products\fe\model\Dataset_Flood\medium\images (85).jpg,medium,1,medium,0.5781165957450867,44.642900000326335,0.3027689754962921,"[0.27534762024879456, 0.5781165957450867, 0.12743009626865387, 0.019105741754174232]",medium,0.6235294342041016,57.6400999998441,0.41960784792900085,"[0.1568627506494522, 0.6235294342041016, 0.2039215862751007, 0.007843137718737125]"
E:\RHNA\1Visual\NCKH\nckh2\products\fe\model\Dataset_Flood\medium\image_251.png,medium,1,high,0.48912402987480164,30.068299995036796,0.16329950094223022,"[0.3258245289325714, 0.15170162916183472, 0.48912402987480164, 0.033349860459566116]",high,0.6431372761726379,146.91719999245834,0.4000000059604645,"[0.24313727021217346, 0.09019608050584793, 0.6431372761726379, 0.019607843831181526]"
E:\RHNA\1Visual\NCKH\nckh2\products\fe\model\Dataset_Flood\medium\AKR20200101044751104_09_i.jpg,medium,1,medium,0.730274498462677,44.241600000532344,0.6166356205940247,"[0.10546725243330002, 0.730274498462677, 0.11363889276981354, 0.05061937868595123]",medium,0.4431372880935669,49.78289999417029,0.16078433394432068,"[0.2823529541492462, 0.4431372880935669, 0.06666667014360428, 0.20784315466880798]"
E:\RHNA\1Visual\NCKH\nckh2\products\fe\model\Dataset_Flood\medium\images (41).jpg,medium,1,medium,0.5687758922576904,40.13209999538958,0.27131158113479614,"[0.12494554370641708, 0.5687758922576904, 0.2974643111228943, 0.008814247325062752]",medium,0.458823561668396,51.42760000308044,0.13725492358207703,"[0.16470588743686676, 0.458823561668396, 0.32156863808631897, 0.05098039656877518]"
E:\RHNA\1Visual\NCKH\nckh2\products\fe\model\Dataset_Flood\medium\image_012.jpg,medium,1,medium,0.7769206166267395,43.245199994998984,0.5895590782165527,"[0.035538025200366974, 0.7769206166267395, 0.18736152350902557, 0.00017981303972192109]",high,0.46666669845581055,228.05560000415426,0.07843136787414551,"[0.12941177189350128, 0.38823533058166504, 0.46666669845581055, 0.011764707043766975]"
E:\RHNA\1Visual\NCKH\nckh2\products\fe\model\Dataset_Flood\medium\images (26).jpg,medium,1,non_flood,0.7514508366584778,42.1139999962179,0.5897956490516663,"[0.16165517270565033, 0.08511973917484283, 0.0017741868505254388, 0.7514508366584778]",non_flood,0.8313726186752319,47.85529999935534,0.7254902720451355,"[0.10588236153125763, 0.05098039656877518, 0.007843137718737125, 0.8313726186752319]"
E:\RHNA\1Visual\NCKH\nckh2\products\fe\model\Dataset_Flood\medium\images - 2025-01-28T155421.285.jpg,medium,1,medium,0.5538394451141357,47.60940000414848,0.17078560590744019,"[0.38305383920669556, 0.5538394451141357, 0.055254820734262466, 0.007851874455809593]",low,0.43137258291244507,41.57979998853989,0.0156862735748291,"[0.43137258291244507, 0.41568630933761597, 0.09019608050584793, 0.05882353335618973]"
E:\RHNA\1Visual\NCKH\nckh2\products\fe\model\Dataset_Flood\medium\images - 2025-01-28T154314.514.jpg,medium,1,low,0.8087655901908875,41.516800003591925,0.6678017377853394,"[0.8087655901908875, 0.1409638375043869, 0.015297922305762768, 0.03497263416647911]",low,0.7333333492279053,45.92959998990409,0.5568627715110779,"[0.7333333492279053, 0.1764705926179886, 0.06666667014360428, 0.02352941408753395]"
E:\RHNA\1Visual\NCKH\nckh2\products\fe\model\Dataset_Flood\medium\chay-lu-3-21413569-1730073550943-1730073551814934630676.jpg,medium,1,medium,0.761159360408783,38.72090000368189,0.6593431830406189,"[0.06478022038936615, 0.761159360408783, 0.10181616246700287, 0.07224423438310623]",medium,0.6313725709915161,42.06510000221897,0.37254902720451355,"[0.05882353335618973, 0.6313725709915161, 0.25882354378700256, 0.05098039656877518]"
E:\RHNA\1Visual\NCKH\nckh2\products\fe\model\Dataset_Flood\medium\images - 2025-01-28T185102.902.jpg,medium,1,low,0.6836962103843689,45.508200011681765,0.4844776391983032,"[0.6836962103843689, 0.09948279708623886, 0.01760239154100418, 0.19921857118606567]",low,0.6941176652908325,33.73600001214072,0.5019607543945312,"[0.6941176652908325, 0.19215688109397888, 0.03921568766236305, 0.07058823853731155]"
E:\RHNA\1Visual\NCKH\nckh2\products\fe\model\Dataset_Flood\medium\3_ngoai_giao_doan1.webp,medium,1,medium,0.8523162603378296,28.61920000577811,0.7207635641098022,"[0.015541531145572662, 0.8523162603378296, 0.13155266642570496, 0.0005895171198062599]",medium,0.760784387588501,37.56920000887476,0.5607843399047852,"[0.03529411926865578, 0.760784387588501, 0.20000001788139343, 0.0]"
E:\RHNA\1Visual\NCKH\nckh2\products\fe\model\Dataset_Flood\medium\다운로드 (14).jpg,medium,1,medium,0.6112439632415771,169.12959999172017,0.296490341424942,"[0.06950122117996216, 0.6112439632415771, 0.31475362181663513, 0.004501239862293005]",medium,0.458823561668396,38.509000005433336,0.054901957511901855,"[0.12156863510608673, 0.458823561668396, 0.40392160415649414, 0.011764707043766975]"
E:\RHNA\1Visual\NCKH\nckh2\products\fe\model\Dataset_Flood\medium\img14.jpg,medium,1,high,0.43847864866256714,33.29259999736678,0.032442688941955566,"[0.15189293026924133, 0.4060359597206116, 0.43847864866256714, 0.0035924857947975397]",high,0.4941176772117615,32.26819999690633,0.19215688109397888,"[0.19607844948768616, 0.3019607961177826, 0.4941176772117615, 0.003921568859368563]"
E:\RHNA\1Visual\NCKH\nckh2\products\fe\model\Dataset_Flood\medium\cd3a096a-084a-49d7-8d1f-345c16612ce9.jpg.webp,medium,1,high,0.5806009769439697,28.438099994673394,0.1876707375049591,"[0.023458097130060196, 0.3929302394390106, 0.5806009769439697, 0.003010702086612582]",high,0.8980392813682556,29.04919999127742,0.8156863451004028,"[0.011764707043766975, 0.08235294371843338, 0.8980392813682556, 0.007843137718737125]"
E:\RHNA\1Visual\NCKH\nckh2\products\fe\model\Dataset_Flood\medium\flood_6358.jpg,medium,1,medium,0.783963680267334,26.392500003566965,0.5997132062911987,"[0.18425048887729645, 0.783963680267334, 0.02965661510825157, 0.0021292525343596935]",medium,0.6274510025978088,30.991000006906688,0.3333333432674408,"[0.29411765933036804, 0.6274510025978088, 0.06666667014360428, 0.007843137718737125]"
E:\RHNA\1Visual\NCKH\nckh2\products\fe\model\Dataset_Flood\medium\image_0428.jpg,medium,1,medium,0.6998318433761597,28.87060001376085,0.47779136896133423,"[0.22204045951366425, 0.6998318433761597, 0.0742848664522171, 0.003842859761789441]",medium,0.5568627715110779,27.42980000039097,0.18431374430656433,"[0.37254902720451355, 0.5568627715110779, 0.05882353335618973, 0.007843137718737125]"
E:\RHNA\1Visual\NCKH\nckh2\products\fe\model\Dataset_Flood\medium\images (23).jpg,medium,1,medium,0.5466626882553101,27.979799997410737,0.24517682194709778,"[0.3014858663082123, 0.5466626882553101, 0.14442968368530273, 0.007421810179948807]",medium,0.5882353186607361,41.1352000082843,0.3333333432674408,"[0.14901961386203766, 0.5882353186607361, 0.2549019753932953, 0.003921568859368563]"
E:\RHNA\1Visual\NCKH\nckh2\products\fe\model\Dataset_Flood\medium\img12.jpg,medium,1,medium,0.5416889190673828,317.66919999790844,0.20256072282791138,"[0.33912819623947144, 0.5416889190673828, 0.11658293008804321, 0.002599867293611169]",low,0.5215686559677124,171.86149999906775,0.12156862020492554,"[0.5215686559677124, 0.40000003576278687, 0.07450980693101883, 0.003921568859368563]"
E:\RHNA\1Visual\NCKH\nckh2\products\fe\model\Dataset_Flood\medium\image_242.jpg,medium,1,medium,0.7599269151687622,271.7402999987826,0.5492687821388245,"[0.028641341254115105, 0.7599269151687622, 0.21065813302993774, 0.0007736405823379755]",high,0.5529412031173706,247.7839000057429,0.14901959896087646,"[0.03529411926865578, 0.40392160415649414, 0.5529412031173706, 0.003921568859368563]"
E:\RHNA\1Visual\NCKH\nckh2\products\fe\model\Dataset_Flood\medium\Mua-Lu-00.jpg,medium,1,medium,0.9093316197395325,40.065499997581355,0.8530603051185608,"[0.05627132207155228, 0.9093316197395325, 0.0301325935870409, 0.004264472052454948]",medium,0.8901961445808411,122.60660000902135,0.8509804606437683,"[0.03529411926865578, 0.8901961445808411, 0.0313725508749485, 0.03921568766236305]"
E:\RHNA\1Visual\NCKH\nckh2\products\fe\model\Dataset_Flood\medium\AA.34456276.1.jpg,medium,1,medium,0.4755951464176178,30.891699992935173,0.18675711750984192,"[0.10704455524682999, 0.4755951464176178, 0.2888380289077759, 0.12852227687835693]",medium,0.33725491166114807,31.241000004229136,0.0156862735748291,"[0.14901961386203766, 0.33725491166114807, 0.32156863808631897, 0.1882353127002716]"
E:\RHNA\1Visual\NCKH\nckh2\products\fe\model\Dataset_Flood\medium\mien-trung-mua-lu-bao-so-13-kalmaegi-14062802.jpg,medium,1,medium,0.9806392788887024,27.00840000761673,0.9709038734436035,"[0.009125933982431889, 0.9806392788887024, 0.009735419414937496, 0.0004994524642825127]",medium,0.9294118285179138,28.07349999784492,0.8941177129745483,"[0.03529411926865578, 0.9294118285179138, 0.0313725508749485, 0.003921568859368563]"
E:\RHNA\1Visual\NCKH\nckh2\products\fe\model\Dataset_Flood\medium\images (5).jpg,medium,1,medium,0.6191818714141846,30.348799991770647,0.35773205757141113,"[0.26144981384277344, 0.6191818714141846, 0.11699902266263962, 0.0023693067487329245]",medium,0.48235297203063965,31.38649999164045,0.14509806036949158,"[0.33725491166114807, 0.48235297203063965, 0.1725490242242813, 0.003921568859368563]"
E:\RHNA\1Visual\NCKH\nckh2\products\fe\model\Dataset_Flood\high\flood_208.jpg,high,2,high,0.5818616151809692,27.010099991457537,0.3941006660461426,"[0.09228098392486572, 0.13809648156166077, 0.5818616151809692, 0.18776093423366547]",high,0.4784314036369324,34.03610001259949,0.07843136787414551,"[0.03921568766236305, 0.0784313753247261, 0.4784314036369324, 0.40000003576278687]"
E:\RHNA\1Visual\NCKH\nckh2\products\fe\model\Dataset_Flood\high\img31.webp,high,2,high,0.8077841997146606,32.136800000444055,0.6621637344360352,"[0.0387628972530365, 0.14562049508094788, 0.8077841997146606, 0.007832366973161697]",high,0.803921639919281,28.87350000673905,0.7098039984703064,"[0.04313725605607033, 0.0941176563501358, 0.803921639919281, 0.05490196496248245]"
E:\RHNA\1Visual\NCKH\nckh2\products\fe\model\Dataset_Flood\high\184fe5688cfd2ba372ec-1725976227.jpg,high,2,high,0.9048364758491516,24.363499993341975,0.8142809867858887,"[0.0037693323101848364, 0.09055551141500473, 0.9048364758491516, 0.0008385976543650031]",high,0.9019608497619629,26.728500000899658,0.8078432083129883,"[0.0, 0.0941176563501358, 0.9019608497619629, 0.0]"
E:\RHNA\1Visual\NCKH\nckh2\products\fe\model\Dataset_Flood\high\images (22).jpg,high,2,low,0.3496858477592468,27.694100004737265,0.028728187084197998,"[0.3496858477592468, 0.2096538543701172, 0.32095766067504883, 0.11970263719558716]",high,0.41568630933761597,26.138100001844577,0.14901962876319885,"[0.2666666805744171, 0.2549019753932953, 0.41568630933761597, 0.05490196496248245]"
E:\RHNA\1Visual\NCKH\nckh2\products\fe\model\Dataset_Flood\high\nha-diva-my-linh-cach-tam-lut-lich-su-40km-bi-ngap-nang-co-len-thuong-qua-thai-nguyen-oi-_9_5_n-1759912630-809-width780height971.jpg,high,2,high,0.8288694620132446,29.791699998895638,0.6697918772697449,"[0.008442406542599201, 0.15907756984233856, 0.8288694620132446, 0.003610552055761218]",high,0.6745098233222961,24.031799999647774,0.4313725531101227,"[0.0470588281750679, 0.24313727021217346, 0.6745098233222961, 0.0313725508749485]"
E:\RHNA\1Visual\NCKH\nckh2\products\fe\model\Dataset_Flood\high\Mua-Lu-1.jpg,high,2,high,0.6643235087394714,26.96250000735745,0.40671437978744507,"[0.0504433736205101, 0.25760912895202637, 0.6643235087394714, 0.027624068781733513]",high,0.6901960968971252,30.109100000117905,0.4745098054409027,"[0.04313725605607033, 0.21568629145622253, 0.6901960968971252, 0.05098039656877518]"
E:\RHNA\1Visual\NCKH\nckh2\products\fe\model\Dataset_Flood\high\image_108.jpg,high,2,high,0.8088254928588867,28.08960000402294,0.6236435770988464,"[0.005567111540585756, 0.1851819008588791, 0.8088254928588867, 0.0004254934610798955]",high,0.8862745761871338,25.308900003437884,0.7764706611633301,"[0.0, 0.1098039299249649, 0.8862745761871338, 0.0]"
E:\RHNA\1Visual\NCKH\nckh2\products\fe\model\Dataset_Flood\high\img96.jpg,high,2,high,0.9645088911056519,32.16659999452531,0.9343802332878113,"[0.0026019681245088577, 0.030128659680485725, 0.9645088911056519, 0.0027603560592979193]",high,0.9450981020927429,32.581999999820255,0.9058824181556702,"[0.007843137718737125, 0.03921568766236305, 0.9450981020927429, 0.003921568859368563]"
E:\RHNA\1Visual\NCKH\nckh2\products\fe\model\Dataset_Flood\high\a81349fcba3a042928236465e17d5847.jpg,high,2,medium,0.6420639157295227,29.453499999362975,0.308080792427063,"[0.023260168731212616, 0.6420639157295227, 0.3339831233024597, 0.0006927779177203774]",medium,0.4705882668495178,28.80630000436213,0.019607841968536377,"[0.07058823853731155, 0.4705882668495178, 0.45098042488098145, 0.003921568859368563]"
E:\RHNA\1Visual\NCKH\nckh2\products\fe\model\Dataset_Flood\high\img25.jpg,high,2,medium,0.7412559986114502,26.707099998020567,0.5089497566223145,"[0.0258359145373106, 0.7412559986114502, 0.23230627179145813, 0.0006017736159265041]",medium,0.5137255191802979,28.05629999784287,0.08627450466156006,"[0.05098039656877518, 0.5137255191802979, 0.4274510145187378, 0.0]"
E:\RHNA\1Visual\NCKH\nckh2\products\fe\model\Dataset_Flood\high\ngap_2_0.webp,high,2,high,0.7026126980781555,43.367999998736195,0.47528547048568726,"[0.023723969236016273, 0.04633616656064987, 0.7026126980781555, 0.22732721269130707]",high,0.5960784554481506,40.084799999021925,0.29019609093666077,"[0.04313725605607033, 0.05098039656877518, 0.5960784554481506, 0.30588236451148987]"
E:\RHNA\1Visual\NCKH\nckh2\products\fe\model\Dataset_Flood\high\flood_5032.jpg,high,2,high,0.7971952557563782,32.15980000095442,0.6039552688598633,"[0.009051552973687649, 0.1932399570941925, 0.7971952557563782, 0.0005132454680278897]",high,0.7176470756530762,32.804300004499964,0.47058823704719543,"[0.027450982481241226, 0.24705883860588074, 0.7176470756530762, 0.003921568859368563]"
E:\RHNA\1Visual\NCKH\nckh2\products\fe\model\Dataset_Flood\high\img48.webp,high,2,non_flood,0.4088551104068756,63.80270000954624,0.03670632839202881,"[0.06760358810424805, 0.15139248967170715, 0.3721487820148468, 0.4088551104068756]",non_flood,0.615686297416687,48.05080000369344,0.46274513006210327,"[0.0784313753247261, 0.14901961386203766, 0.15294118225574493, 0.615686297416687]"
"E:\RHNA\1Visual\NCKH\nckh2\products\fe\model\Dataset_Flood\high\huracán Sandy 26-10-12, Santo Domingo.jpg",high,2,high,0.9557164311408997,71.59980000869837,0.9285391569137573,"[0.002540897112339735, 0.014565369114279747, 0.9557164311408997, 0.027177289128303528]",high,0.9647059440612793,80.18380000430625,0.9450981020927429,"[0.0, 0.007843137718737125, 0.9647059440612793, 0.019607843831181526]"
E:\RHNA\1Visual\NCKH\nckh2\products\fe\model\Dataset_Flood\high\Flooded-Home-Car.jpg,high,2,medium,0.5971003770828247,69.87609999487177,0.25684261322021484,"[0.05600006505846977, 0.5971003770828247, 0.34025776386260986, 0.006641810759902]",high,0.5176470875740051,65.59319999360014,0.21176472306251526,"[0.0941176563501358, 0.30588236451148987, 0.5176470875740051, 0.0784313753247261]"
E:\RHNA\1Visual\NCKH\nckh2\products\fe\model\Dataset_Flood\high\img.webp,high,2,medium,0.5624350309371948,40.73670000070706,0.2955390512943268,"[0.165254607796669, 0.5624350309371948, 0.26689597964286804, 0.0054144118912518024]",medium,0.6313725709915161,57.10449999605771,0.3843137323856354,"[0.10588236153125763, 0.6313725709915161, 0.24705883860588074, 0.011764707043766975]"
E:\RHNA\1Visual\NCKH\nckh2\products\fe\model\Dataset_Flood\high\flood_157.jpg,high,2,high,0.5283076763153076,41.52549999707844,0.14084801077842712,"[0.0773388221859932, 0.3874596655368805, 0.5283076763153076, 0.006893795914947987]",high,0.686274528503418,55.96979999972973,0.47843137383461,"[0.06666667014360428, 0.20784315466880798, 0.686274528503418, 0.03529411926865578]"
E:\RHNA\1Visual\NCKH\nckh2\products\fe\model\Dataset_Flood\high\images (10).jpg,high,2,high,0.7433537244796753,41.40269999334123,0.6199133992195129,"[0.039390575140714645, 0.12344030290842056, 0.7433537244796753, 0.0938154011964798]",high,0.7921569347381592,46.26940000161994,0.6705883145332336,"[0.027450982481241226, 0.05882353335618973, 0.7921569347381592, 0.12156863510608673]"
E:\RHNA\1Visual\NCKH\nckh2\products\fe\model\Dataset_Flood\high\OIP (32).webp,high,2,high,0.44632819294929504,99.59040000103414,0.09673306345939636,"[0.2009318768978119, 0.3495951294898987, 0.44632819294929504, 0.003144875168800354]",high,0.4274510145187378,40.901800006395206,0.039215683937072754,"[0.1764705926179886, 0.38823533058166504, 0.4274510145187378, 0.003921568859368563]"
E:\RHNA\1Visual\NCKH\nckh2\products\fe\model\Dataset_Flood\high\flood_177.jpg,high,2,high,0.7103773951530457,47.28090000571683,0.5065024495124817,"[0.07916885614395142, 0.20387493073940277, 0.7103773951530457, 0.006578776054084301]",high,0.6313725709915161,49.586199995246716,0.37254902720451355,"[0.09803922474384308, 0.25882354378700256, 0.6313725709915161, 0.007843137718737125]"
E:\RHNA\1Visual\NCKH\nckh2\products\fe\model\Dataset_Flood\high\57273245822796747825365592763479213825731927n-17618117613511361637837.webp,high,2,high,0.875251829624176,39.56020000623539,0.7863003611564636,"[0.0064305951818823814, 0.0889514610171318, 0.875251829624176, 0.02936609275639057]",high,0.5882353186607361,39.598000003024936,0.35686275362968445,"[0.07058823853731155, 0.1098039299249649, 0.5882353186607361, 0.23137256503105164]"
E:\RHNA\1Visual\NCKH\nckh2\products\fe\model\Dataset_Flood\high\img39.jpg,high,2,high,0.9692409634590149,29.267300007632002,0.9464733600616455,"[0.004529062658548355, 0.022767623886466026, 0.9692409634590149, 0.0034623858518898487]",high,0.9372549653053284,40.428399996017106,0.9058824181556702,"[0.019607843831181526, 0.0313725508749485, 0.9372549653053284, 0.007843137718737125]"
E:\RHNA\1Visual\NCKH\nckh2\products\fe\model\Dataset_Flood\high\img100.webp,high,2,high,0.7666716575622559,90.6029000034323,0.5964910984039307,"[0.0393090657889843, 0.170180544257164, 0.7666716575622559, 0.02383863925933838]",high,0.8627451658248901,55.68060000950936,0.7686275243759155,"[0.01568627543747425, 0.0941176563501358, 0.8627451658248901, 0.027450982481241226]"
E:\RHNA\1Visual\NCKH\nckh2\products\fe\model\Dataset_Flood\high\3f5d93177388049.Y3JvcCwyMjE5LDE3MzYsMTkyLDA.jpg,high,2,high,0.9637336134910583,28.145299991592765,0.929225742816925,"[0.0012113482225686312, 0.0345078781247139, 0.9637336134910583, 0.0005472503835335374]",high,0.6784313917160034,26.756299994303845,0.4470588266849518,"[0.07450980693101883, 0.23137256503105164, 0.6784313917160034, 0.01568627543747425]"
E:\RHNA\1Visual\NCKH\nckh2\products\fe\model\Dataset_Flood\high\OIP (27).webp,high,2,medium,0.633956253528595,29.34829999867361,0.34766000509262085,"[0.0758441686630249, 0.633956253528595, 0.2862962484359741, 0.003903326578438282]",medium,0.5490196347236633,38.95760000159498,0.21176472306251526,"[0.10588236153125763, 0.5490196347236633, 0.33725491166114807, 0.003921568859368563]"
E:\RHNA\1Visual\NCKH\nckh2\products\fe\model\Dataset_Flood\high\kerala-floods-maruti-swift-submerged-in-water-33a9.jpg,high,2,high,0.7651967406272888,34.65659999346826,0.5566977262496948,"[0.01740686222910881, 0.2084989845752716, 0.7651967406272888, 0.00889738742262125]",high,0.8196079134941101,40.429900007438846,0.6745098829269409,"[0.019607843831181526, 0.14509804546833038, 0.8196079134941101, 0.007843137718737125]"
E:\RHNA\1Visual\NCKH\nckh2\products\fe\model\Dataset_Flood\high\OIP (31).webp,high,2,medium,0.5297613739967346,29.09919999365229,0.15543100237846375,"[0.09140085428953171, 0.5297613739967346, 0.3743303716182709, 0.004507454577833414]",high,0.5058823823928833,60.37240001023747,0.16862747073173523,"[0.14509804546833038, 0.33725491166114807, 0.5058823823928833, 0.007843137718737125]"
E:\RHNA\1Visual\NCKH\nckh2\products\fe\model\Dataset_Flood\high\img38.jpg,high,2,medium,0.8281716704368591,31.240900003467686,0.6836376190185547,"[0.02614687569439411, 0.8281716704368591, 0.14453402161598206, 0.0011473962804302573]",medium,0.7725490927696228,51.01209999702405,0.5882353782653809,"[0.0313725508749485, 0.7725490927696228, 0.18431372940540314, 0.003921568859368563]"
E:\RHNA\1Visual\NCKH\nckh2\products\fe\model\Dataset_Flood\high\texas14n_7_web_adya.jpg,high,2,high,0.6689222455024719,33.03129998676013,0.39479172229766846,"[0.04287261143326759, 0.27413052320480347, 0.6689222455024719, 0.014074631966650486]",high,0.6666666865348816,34.110100008547306,0.4901961088180542,"[0.09803922474384308, 0.1764705926179886, 0.6666666865348816, 0.05490196496248245]"
E:\RHNA\1Visual\NCKH\nckh2\products\fe\model\Dataset_Flood\high\img23.jpg,high,2,medium,0.8849033713340759,37.44709999591578,0.7886181473731995,"[0.016579026356339455, 0.8849033713340759, 0.09628523141145706, 0.0022323601879179478]",medium,0.7725490927696228,39.8342000116827,0.5803922414779663,"[0.027450982481241226, 0.7725490927696228, 0.19215688109397888, 0.003921568859368563]"
E:\RHNA\1Visual\NCKH\nckh2\products\fe\model\Dataset_Flood\high\img56.jpg,high,2,high,0.7277401685714722,27.55040000192821,0.5708181262016296,"[0.049842607229948044, 0.15692202746868134, 0.7277401685714722, 0.06549517810344696]",high,0.7254902124404907,33.52100000483915,0.5960784554481506,"[0.03529411926865578, 0.12941177189350128, 0.7254902124404907, 0.10588236153125763]"
E:\RHNA\1Visual\NCKH\nckh2\products\fe\model\Dataset_Flood\high\img88.webp,high,2,high,0.7482188940048218,34.283000000868924,0.5411806106567383,"[0.044157736003398895, 0.2070382982492447, 0.7482188940048218, 0.0005851159803569317]",high,0.6431372761726379,40.12900000088848,0.40392157435417175,"[0.11372549831867218, 0.2392157018184662, 0.6431372761726379, 0.0]"
E:\RHNA\1Visual\NCKH\nckh2\products\fe\model\Dataset_Flood\high\anh-13-cuu-cu-gia-1-1500-1017-124.jpg,high,2,high,0.6453016996383667,32.98430000722874,0.38103753328323364,"[0.050302065908908844, 0.26426416635513306, 0.6453016996383667, 0.0401320718228817]",high,0.6000000238418579,30.707099998835474,0.3176470696926117,"[0.0470588281750679, 0.2823529541492462, 0.6000000238418579, 0.06666667014360428]"
E:\RHNA\1Visual\NCKH\nckh2\products\fe\model\Dataset_Flood\high\flood_4762.jpg,high,2,high,0.607853353023529,35.22309999971185,0.3741024136543274,"[0.15552553534507751, 0.23375093936920166, 0.607853353023529, 0.0028701184783130884]",high,0.7490196228027344,46.62760000792332,0.5764706134796143,"[0.07450980693101883, 0.1725490242242813, 0.7490196228027344, 0.0]"
E:\RHNA\1Visual\NCKH\nckh2\products\fe\model\Dataset_Flood\high\img28.jpg,high,2,high,0.6450119018554688,96.15340000891592,0.32420575618743896,"[0.03076694719493389, 0.3208061456680298, 0.6450119018554688, 0.003415040671825409]",high,0.7254902124404907,371.6100000019651,0.47843137383461,"[0.019607843831181526, 0.24705883860588074, 0.7254902124404907, 0.0]"
E:\RHNA\1Visual\NCKH\nckh2\products\fe\model\Dataset_Flood\high\anh-nha-dan-ngap-den-noc-tai-tan-ky-1759228506727711366464.webp,high,2,high,0.5175663232803345,55.15819998981897,0.09476268291473389,"[0.05385099723935127, 0.4228036403656006, 0.5175663232803345, 0.005779055878520012]",high,0.5254902243614197,35.51280000829138,0.08235293626785278,"[0.02352941408753395, 0.4431372880935669, 0.5254902243614197, 0.003921568859368563]"
E:\RHNA\1Visual\NCKH\nckh2\products\fe\model\Dataset_Flood\high\img53.png,high,2,medium,0.8399787545204163,27.933300007134676,0.6962012052536011,"[0.015724215656518936, 0.8399787545204163, 0.14377754926681519, 0.0005195190315134823]",medium,0.6509804129600525,34.11120000237133,0.3294117748737335,"[0.02352941408753395, 0.6509804129600525, 0.32156863808631897, 0.0]"
E:\RHNA\1Visual\NCKH\nckh2\products\fe\model\Dataset_Flood\high\OIP (21).webp,high,2,high,0.5229458808898926,28.638799994951114,0.17574551701545715,"[0.12763874232769012, 0.3472003638744354, 0.5229458808898926, 0.0022150895092636347]",high,0.4549019932746887,31.017800007248297,0.019607841968536377,"[0.09803922474384308, 0.43529415130615234, 0.4549019932746887, 0.007843137718737125]"
E:\RHNA\1Visual\NCKH\nckh2\products\fe\model\Dataset_Flood\high\images (1).jpg,high,2,high,0.5497961640357971,31.603800001903437,0.34799250960350037,"[0.20180365443229675, 0.19012703001499176, 0.5497961640357971, 0.058273203670978546]",high,0.6980392336845398,28.314899987890385,0.5568627715110779,"[0.1411764770746231, 0.10588236153125763, 0.6980392336845398, 0.0470588281750679]"
E:\RHNA\1Visual\NCKH\nckh2\products\fe\model\Dataset_Flood\high\IMAGE_1655988793.webp,high,2,high,0.7048237919807434,26.733999999123625,0.4550028443336487,"[0.043917279690504074, 0.24982096254825592, 0.7048237919807434, 0.0014379281783476472]",high,0.7490196228027344,27.898499989532866,0.545098066329956,"[0.03529411926865578, 0.2039215862751007, 0.7490196228027344, 0.003921568859368563]"
E:\RHNA\1Visual\NCKH\nckh2\products\fe\model\Dataset_Flood\high\img44.jpg,high,2,high,0.7085472941398621,30.131199993775226,0.4851389229297638,"[0.018198542296886444, 0.04984588548541069, 0.7085472941398621, 0.22340837121009827]",high,0.7725490927696228,166.60270000284072,0.5764706134796143,"[0.003921568859368563, 0.02352941408753395, 0.7725490927696228, 0.19607844948768616]"
E:\RHNA\1Visual\NCKH\nckh2\products\fe\model\Dataset_Flood\high\OIP (40).webp,high,2,low,0.4910290241241455,77.31540000531822,0.2822328209877014,"[0.4910290241241455, 0.2087962031364441, 0.18243378400802612, 0.11774105578660965]",low,0.4784314036369324,77.74329998937901,0.14509806036949158,"[0.4784314036369324, 0.3333333432674408, 0.0784313753247261, 0.10588236153125763]"
E:\RHNA\1Visual\NCKH\nckh2\products\fe\model\Dataset_Flood\high\3683595427395733579929176168177302426969453n-17000618284281562116315-17001001010301837793450-1700105792646-1700105792799297207396.jpg,high,2,high,0.8892741799354553,30.554400000255555,0.8041210174560547,"[0.0060180481523275375, 0.08515313267707825, 0.8892741799354553, 0.019554629921913147]",high,0.7725490927696228,29.22009999747388,0.6745098829269409,"[0.0470588281750679, 0.09803922474384308, 0.7725490927696228, 0.07450980693101883]"
E:\RHNA\1Visual\NCKH\nckh2\products\fe\model\Dataset_Flood\high\OIP (39).webp,high,2,low,0.4402034282684326,27.70299999974668,0.1706085503101349,"[0.4402034282684326, 0.10359112918376923, 0.26959487795829773, 0.1866106241941452]",high,0.35686275362968445,27.488000006997027,0.10588234663009644,"[0.250980406999588, 0.16078431904315948, 0.35686275362968445, 0.22745099663734436]"
E:\RHNA\1Visual\NCKH\nckh2\products\fe\model\Dataset_Flood\high\1790569740867_6460767276583596373_6460767276583596373_148fba99df2beb60bd9753db9b918adb.jpg,high,2,medium,0.532611072063446,29.55419999489095,0.2761376202106476,"[0.25647345185279846, 0.532611072063446, 0.20158571004867554, 0.009329776279628277]",high,0.364705890417099,30.99800000200048,0.08627450466156006,"[0.2666666805744171, 0.27843138575553894, 0.364705890417099, 0.08627451211214066]"
E:\RHNA\1Visual\NCKH\nckh2\products\fe\model\Dataset_Flood\high\flood_197.jpg,high,2,high,0.7150917649269104,27.796700000180863,0.44533082842826843,"[0.01490867417305708, 0.26976093649864197, 0.7150917649269104, 0.00023858516942709684]",high,0.7490196228027344,30.726899989531375,0.5529412031173706,"[0.04313725605607033, 0.19607844948768616, 0.7490196228027344, 0.003921568859368563]"
E:\RHNA\1Visual\NCKH\nckh2\products\fe\model\Dataset_Flood\high\image_043.jpg,high,2,medium,0.4737977385520935,101.63909998664167,0.037271738052368164,"[0.08479435741901398, 0.4737977385520935, 0.43652600049972534, 0.004881798289716244]",medium,0.4392157196998596,78.17179999256041,0.08627453446388245,"[0.18039216101169586, 0.4392157196998596, 0.3529411852359772, 0.02352941408753395]"
E:\RHNA\1Visual\NCKH\nckh2\products\fe\model\Dataset_Flood\high\Song-Lo-Ngap-Lut.jpg,high,2,high,0.7222170233726501,46.58470000140369,0.5166157484054565,"[0.018779810518026352, 0.053401775658130646, 0.7222170233726501, 0.205601304769516]",high,0.8627451658248901,132.75720000092406,0.7411765456199646,"[0.003921568859368563, 0.011764707043766975, 0.8627451658248901, 0.12156863510608673]"
E:\RHNA\1Visual\NCKH\nckh2\products\fe\model\Dataset_Flood\high\R (1).jpg,high,2,medium,0.7167146801948547,27.211199994781055,0.4521683156490326,"[0.017197001725435257, 0.7167146801948547, 0.26454636454582214, 0.0015419276896864176]",medium,0.5843137502670288,29.356900005950592,0.22745099663734436,"[0.05098039656877518, 0.5843137502670288, 0.35686275362968445, 0.003921568859368563]"
E:\RHNA\1Visual\NCKH\nckh2\products\fe\model\Dataset_Flood\high\images (6).jpg,high,2,medium,0.4967039227485657,27.70059999602381,0.22561365365982056,"[0.21006882190704346, 0.4967039227485657, 0.2710902690887451, 0.022137057036161423]",medium,0.6274510025978088,29.049500008113682,0.4117647111415863,"[0.13333334028720856, 0.6274510025978088, 0.21568629145622253, 0.019607843831181526]"
E:\RHNA\1Visual\NCKH\nckh2\products\fe\model\Dataset_Flood\high\flood_4856.jpg,high,2,high,0.5528199076652527,26.746399991679937,0.27783387899398804,"[0.14779622852802277, 0.27498602867126465, 0.5528199076652527, 0.024397781118750572]",high,0.4235294461250305,32.226499999524094,0.20784315466880798,"[0.21568629145622253, 0.1882353127002716, 0.4235294461250305, 0.16470588743686676]"
E:\RHNA\1Visual\NCKH\nckh2\products\fe\model\Dataset_Flood\high\noise5.webp,high,2,high,0.9183110594749451,27.166999992914498,0.8732754588127136,"[0.005475837737321854, 0.045035604387521744, 0.9183110594749451, 0.031177464872598648]",high,0.9294118285179138,30.867299996316433,0.8901961445808411,"[0.007843137718737125, 0.02352941408753395, 0.9294118285179138, 0.03921568766236305]"
E:\RHNA\1Visual\NCKH\nckh2\products\fe\model\Dataset_Flood\high\images (5).jpg,high,2,medium,0.47612908482551575,34.610199989401735,0.16783657670021057,"[0.2005433887243271, 0.47612908482551575, 0.3082925081253052, 0.015034953132271767]",non_flood,0.4235294461250305,27.73200000228826,0.21568629145622253,"[0.18039216101169586, 0.20784315466880798, 0.18039216101169586, 0.4235294461250305]"
E:\RHNA\1Visual\NCKH\nckh2\products\fe\model\Dataset_Flood\high\OIP (3).webp,high,2,high,0.9241355061531067,155.71590000763535,0.8804703950881958,"[0.006245926953852177, 0.0259535014629364, 0.9241355061531067, 0.0436650812625885]",high,0.9568628072738647,46.72199999913573,0.9333333969116211,"[0.0, 0.01568627543747425, 0.9568628072738647, 0.02352941408753395]"
E:\RHNA\1Visual\NCKH\nckh2\products\fe\model\Dataset_Flood\non_flood\화면 캡처 2025-03-05 172713.jpg,non_flood,3,non_flood,0.751192569732666,34.18040000542533,0.5157358050346375,"[0.23545677959918976, 0.01139749214053154, 0.001953132450580597, 0.751192569732666]",low,0.4705882668495178,32.840700005181134,0.05882352590560913,"[0.4705882668495178, 0.08235294371843338, 0.0313725508749485, 0.4117647409439087]"
E:\RHNA\1Visual\NCKH\nckh2\products\fe\model\Dataset_Flood\non_flood\images (12)1.jpg,non_flood,3,non_flood,0.7843531370162964,29.296499997144565,0.5816066265106201,"[0.20274652540683746, 0.010947976261377335, 0.0019522937946021557, 0.7843531370162964]",non_flood,0.8078432083129883,30.92419999302365,0.6313726305961609,"[0.1764705926179886, 0.007843137718737125, 0.0, 0.8078432083129883]"
E:\RHNA\1Visual\NCKH\nckh2\products\fe\model\Dataset_Flood\non_flood\1737619229_376_Nhieu-hem-o-TPHCM-dong-loat-khoac-ao-moi-ruc.jpg,non_flood,3,non_flood,0.9133428931236267,45.62209999130573,0.8583629131317139,"[0.027057021856307983, 0.05498000606894493, 0.004620106890797615, 0.9133428931236267]",non_flood,0.658823549747467,42.66090001328848,0.4862745404243469,"[0.1725490242242813, 0.13725490868091583, 0.027450982481241226, 0.658823549747467]"
E:\RHNA\1Visual\NCKH\nckh2\products\fe\model\Dataset_Flood\non_flood\optimize.jpg,non_flood,3,non_flood,0.6556736826896667,41.270000001532026,0.4015786945819855,"[0.2540949881076813, 0.06592670828104019, 0.0243045873939991, 0.6556736826896667]",non_flood,0.9137255549430847,47.37549999845214,0.8431373238563538,"[0.07058823853731155, 0.011764707043766975, 0.0, 0.9137255549430847]"
E:\RHNA\1Visual\NCKH\nckh2\products\fe\model\Dataset_Flood\non_flood\화면 캡처 2025-03-05 153248.jpg,non_flood,3,non_flood,0.7842787504196167,59.193599998252466,0.5786533355712891,"[0.20562542974948883, 0.008205671794712543, 0.0018901440780609846, 0.7842787504196167]",non_flood,0.8392157554626465,45.3686000109883,0.69019615650177,"[0.14901961386203766, 0.007843137718737125, 0.003921568859368563, 0.8392157554626465]"
E:\RHNA\1Visual\NCKH\nckh2\products\fe\model\Dataset_Flood\non_flood\화면 캡처 2025-03-05 173857.jpg,non_flood,3,non_flood,0.8887730240821838,41.52969999995548,0.789779782295227,"[0.0989932119846344, 0.011449969373643398, 0.0007837912417016923, 0.8887730240821838]",non_flood,0.9568628072738647,48.03800000809133,0.9254902601242065,"[0.0313725508749485, 0.007843137718737125, 0.0, 0.9568628072738647]"
E:\RHNA\1Visual\NCKH\nckh2\products\fe\model\Dataset_Flood\non_flood\다운로드 (44).jpg,non_flood,3,non_flood,0.9224438071250916,125.61669999558944,0.8705463409423828,"[0.05189748480916023, 0.016628319397568703, 0.009030302986502647, 0.9224438071250916]",non_flood,0.9764706492424011,273.3950999972876,0.960784375667572,"[0.01568627543747425, 0.003921568859368563, 0.0, 0.9764706492424011]"
E:\RHNA\1Visual\NCKH\nckh2\products\fe\model\Dataset_Flood\non_flood\화면 캡처 2025-03-05 181559.jpg,non_flood,3,non_flood,0.8651226162910461,29.518700001062825,0.8127692937850952,"[0.03373229503631592, 0.05235333368182182, 0.04879169538617134, 0.8651226162910461]",non_flood,0.9294118285179138,32.03930000017863,0.9058824181556702,"[0.02352941408753395, 0.019607843831181526, 0.019607843831181526, 0.9294118285179138]"
E:\RHNA\1Visual\NCKH\nckh2\products\fe\model\Dataset_Flood\non_flood\화면 캡처 2025-03-05 153034.jpg,non_flood,3,non_flood,0.9697788953781128,27.92179999232758,0.9429022073745728,"[0.026876669377088547, 0.0025490312837064266, 0.0007953311433084309, 0.9697788953781128]",non_flood,0.917647123336792,29.36250000493601,0.8588235974311829,"[0.05882353335618973, 0.01568627543747425, 0.003921568859368563, 0.917647123336792]"
E:\RHNA\1Visual\NCKH\nckh2\products\fe\model\Dataset_Flood\non_flood\1789568749035_282700609501588260_7406490438318140161_f6b1db74c9d78f9d62ae6bb1bcc6557b.jpg,non_flood,3,non_flood,0.8864282965660095,34.477099994546734,0.8404688835144043,"[0.03271563723683357, 0.03489651530981064, 0.04595943167805672, 0.8864282965660095]",non_flood,0.8901961445808411,37.86070000205655,0.847058892250061,"[0.0313725508749485, 0.0313725508749485, 0.04313725605607033, 0.8901961445808411]"
E:\RHNA\1Visual\NCKH\nckh2\products\fe\model\Dataset_Flood\non_flood\화면 캡처 2025-03-05 160330.jpg,non_flood,3,low,0.8345790505409241,30.43670000624843,0.7238928079605103,"[0.8345790505409241, 0.05160384997725487, 0.0031308101024478674, 0.11068624258041382]",low,0.6352941393852234,32.165800002985634,0.3960784375667572,"[0.6352941393852234, 0.10588236153125763, 0.011764707043766975, 0.2392157018184662]"
E:\RHNA\1Visual\NCKH\nckh2\products\fe\model\Dataset_Flood\non_flood\화면 캡처 2025-03-05 175602.jpg,non_flood,3,non_flood,0.9314687252044678,27.680300001520663,0.8747456669807434,"[0.056723084300756454, 0.007450157310813665, 0.004357960075139999, 0.9314687252044678]",non_flood,0.8431373238563538,28.294499992625788,0.717647135257721,"[0.125490203499794, 0.019607843831181526, 0.011764707043766975, 0.8431373238563538]"
E:\RHNA\1Visual\NCKH\nckh2\products\fe\model\Dataset_Flood\non_flood\다운로드 (10) 3.jpg,non_flood,3,non_flood,0.8872312307357788,27.60180000041146,0.7924445271492004,"[0.09478671103715897, 0.015090763568878174, 0.002891342621296644, 0.8872312307357788]",non_flood,0.960784375667572,31.385600013891235,0.9333333969116211,"[0.027450982481241226, 0.007843137718737125, 0.0, 0.960784375667572]"
E:\RHNA\1Visual\NCKH\nckh2\products\fe\model\Dataset_Flood\non_flood\화면 캡처 2025-03-05 175831.jpg,non_flood,3,non_flood,0.9766378402709961,32.980700008920394,0.9648928046226501,"[0.011745023541152477, 0.008525773882865906, 0.003091454738751054, 0.9766378402709961]",non_flood,0.9372549653053284,49.30610000155866,0.9137255549430847,"[0.01568627543747425, 0.02352941408753395, 0.01568627543747425, 0.9372549653053284]"
E:\RHNA\1Visual\NCKH\nckh2\products\fe\model\Dataset_Flood\non_flood\화면 캡처 2025-03-05 175938.jpg,non_flood,3,non_flood,0.8898600339889526,27.87269999680575,0.8035371899604797,"[0.08632282167673111, 0.016294345259666443, 0.007522836793214083, 0.8898600339889526]",non_flood,0.8000000715255737,30.35059999092482,0.64705890417099,"[0.15294118225574493, 0.0313725508749485, 0.011764707043766975, 0.8000000715255737]"
E:\RHNA\1Visual\NCKH\nckh2\products\fe\model\Dataset_Flood\non_flood\화면 캡처 2025-03-05 174829.jpg,non_flood,3,non_flood,0.9630875587463379,25.737100004334934,0.9333491325378418,"[0.029738420620560646, 0.006092359311878681, 0.0010817322181537747, 0.9630875587463379]",non_flood,0.9098039865493774,27.56529999896884,0.8392157554626465,"[0.07058823853731155, 0.01568627543747425, 0.003921568859368563, 0.9098039865493774]"
E:\RHNA\1Visual\NCKH\nckh2\products\fe\model\Dataset_Flood\non_flood\화면 캡처 2025-03-05 155955.jpg,non_flood,3,low,0.8654220104217529,31.7833999870345,0.7748786211013794,"[0.8654220104217529, 0.03908231109380722, 0.004952311050146818, 0.09054336696863174]",low,0.572549045085907,28.99950000573881,0.33725491166114807,"[0.572549045085907, 0.13725490868091583, 0.05098039656877518, 0.2352941334247589]"
E:\RHNA\1Visual\NCKH\nckh2\products\fe\model\Dataset_Flood\non_flood\다운로드 (30) 3.jpg,non_flood,3,non_flood,0.818260908126831,28.362199998809956,0.680756151676178,"[0.13750477135181427, 0.030891502276062965, 0.013342763297259808, 0.818260908126831]",non_flood,0.7803922295570374,28.37790000194218,0.6509804725646973,"[0.12941177189350128, 0.04313725605607033, 0.04313725605607033, 0.7803922295570374]"
E:\RHNA\1Visual\NCKH\nckh2\products\fe\model\Dataset_Flood\non_flood\IMG_5052.jpg,non_flood,3,non_flood,0.4811793863773346,26.850499998545274,0.21521538496017456,"[0.23920242488384247, 0.26596400141716003, 0.013654197566211224, 0.4811793863773346]",low,0.458823561668396,25.857300002826378,0.1882353127002716,"[0.458823561668396, 0.22352942824363708, 0.04313725605607033, 0.2705882489681244]"
E:\RHNA\1Visual\NCKH\nckh2\products\fe\model\Dataset_Flood\non_flood\382335_275271_3551.jpg,non_flood,3,non_flood,0.9558546543121338,35.41269998822827,0.9374844431877136,"[0.014435919933021069, 0.018370216712355614, 0.011339201591908932, 0.9558546543121338]",non_flood,0.9686275124549866,29.993499992997386,0.9568628072738647,"[0.011764707043766975, 0.007843137718737125, 0.011764707043766975, 0.9686275124549866]"
E:\RHNA\1Visual\NCKH\nckh2\products\fe\model\Dataset_Flood\non_flood\화면 캡처 2025-03-05 153348.jpg,non_flood,3,non_flood,0.7820534706115723,54.56410000624601,0.5842724442481995,"[0.1977810263633728, 0.01539270393550396, 0.0047727772034704685, 0.7820534706115723]",non_flood,0.45098042488098145,37.08669998741243,0.019607841968536377,"[0.43137258291244507, 0.07450980693101883, 0.03921568766236305, 0.45098042488098145]"
E:\RHNA\1Visual\NCKH\nckh2\products\fe\model\Dataset_Flood\non_flood\images (10).jpg,non_flood,3,non_flood,0.9801157712936401,33.9801000081934,0.9644202589988708,"[0.01569552719593048, 0.003847067477181554, 0.00034158508060500026, 0.9801157712936401]",non_flood,0.9647059440612793,28.27360000810586,0.9411765336990356,"[0.02352941408753395, 0.007843137718737125, 0.0, 0.9647059440612793]"
E:\RHNA\1Visual\NCKH\nckh2\products\fe\model\Dataset_Flood\non_flood\화면 캡처 2025-03-05 153859.jpg,non_flood,3,non_flood,0.9187889099121094,26.433000006363727,0.8737725019454956,"[0.019571106880903244, 0.04501637816429138, 0.016623690724372864, 0.9187889099121094]",non_flood,0.8274510502815247,29.04230001149699,0.7529412508010864,"[0.03921568766236305, 0.07450980693101883, 0.05882353335618973, 0.8274510502815247]"
E:\RHNA\1Visual\NCKH\nckh2\products\fe\model\Dataset_Flood\non_flood\화면 캡처 2025-03-05 174553.jpg,non_flood,3,non_flood,0.946790874004364,28.628000000026077,0.8973131775856018,"[0.049477674067020416, 0.0036882860586047173, 4.314157195040025e-05, 0.946790874004364]",non_flood,0.7490196228027344,28.606499996385537,0.5215686559677124,"[0.22745099663734436, 0.019607843831181526, 0.0, 0.7490196228027344]"
E:\RHNA\1Visual\NCKH\nckh2\products\fe\model\Dataset_Flood\non_flood\images (59).jpg,non_flood,3,non_flood,0.8936066031455994,40.484099998138845,0.8210850358009338,"[0.07252155244350433, 0.03255804628133774, 0.0013137927744537592, 0.8936066031455994]",non_flood,0.847058892250061,26.4718999969773,0.7647059559822083,"[0.08235294371843338, 0.062745101749897, 0.003921568859368563, 0.847058892250061]"
E:\RHNA\1Visual\NCKH\nckh2\products\fe\model\Dataset_Flood\non_flood\다운로드 (56) 3.jpg,non_flood,3,non_flood,0.9462271332740784,26.72310000343714,0.900339663028717,"[0.04588746652007103, 0.006425314582884312, 0.0014600403374060988, 0.9462271332740784]",non_flood,0.9803922176361084,27.0472999982303,0.9647059440612793,"[0.01568627543747425, 0.0, 0.0, 0.9803922176361084]"
E:\RHNA\1Visual\NCKH\nckh2\products\fe\model\Dataset_Flood\non_flood\다운로드 (62) 3.jpg,non_flood,3,non_flood,0.9747201204299927,27.467699997941963,0.9541759490966797,"[0.020544152706861496, 0.004217654932290316, 0.0005180988227948546, 0.9747201204299927]",non_flood,0.9843137860298157,28.18670000124257,0.9764706492424011,"[0.007843137718737125, 0.0, 0.0, 0.9843137860298157]"
E:\RHNA\1Visual\NCKH\nckh2\products\fe\model\Dataset_Flood\non_flood\다운로드 (67) 3.jpg,non_flood,3,non_flood,0.8311217427253723,28.34999999322463,0.7032600045204163,"[0.12786172330379486, 0.03426890820264816, 0.006747708190232515, 0.8311217427253723]",non_flood,0.9333333969116211,27.491000000736676,0.8941177129745483,"[0.03921568766236305, 0.019607843831181526, 0.003921568859368563, 0.9333333969116211]"
E:\RHNA\1Visual\NCKH\nckh2\products\fe\model\Dataset_Flood\non_flood\화면 캡처 2025-03-05 153735.jpg,non_flood,3,non_flood,0.8472585082054138,32.281000007060356,0.7135588526725769,"[0.13369964063167572, 0.018249189481139183, 0.0007926385151222348, 0.8472585082054138]",non_flood,0.7647059559822083,25.300199995399453,0.5647059679031372,"[0.20000001788139343, 0.027450982481241226, 0.003921568859368563, 0.7647059559822083]"
E:\RHNA\1Visual\NCKH\nckh2\products\fe\model\Dataset_Flood\non_flood\화면 캡처 2025-03-05 152318.jpg,non_flood,3,non_flood,0.992392897605896,30.90860000520479,0.9876803159713745,"[0.004712559748440981, 0.002350853756070137, 0.0005437031504698098, 0.992392897605896]",non_flood,0.8980392813682556,35.84979999868665,0.8392157554626465,"[0.05882353335618973, 0.0313725508749485, 0.007843137718737125, 0.8980392813682556]"
E:\RHNA\1Visual\NCKH\nckh2\products\fe\model\Dataset_Flood\non_flood\화면 캡처 2025-03-05 182955.jpg,non_flood,3,non_flood,0.9783992171287537,30.873900002916344,0.9602763652801514,"[0.0181228369474411, 0.0031885888893157244, 0.0002893542405217886, 0.9783992171287537]",non_flood,0.9647059440612793,32.170100006624125,0.9411765336990356,"[0.02352941408753395, 0.003921568859368563, 0.0, 0.9647059440612793]"
E:\RHNA\1Visual\NCKH\nckh2\products\fe\model\Dataset_Flood\non_flood\화면 캡처 2025-03-05 152809.jpg,non_flood,3,non_flood,0.9477483630180359,54.59500000870321,0.8999780416488647,"[0.04777031019330025, 0.003142506582662463, 0.00133879529312253, 0.9477483630180359]",non_flood,0.8784314393997192,58.11080000421498,0.7882353663444519,"[0.09019608050584793, 0.01568627543747425, 0.011764707043766975, 0.8784314393997192]"
E:\RHNA\1Visual\NCKH\nckh2\products\fe\model\Dataset_Flood\non_flood\images (33).jpg,non_flood,3,low,0.5427934527397156,71.45190000301227,0.33801349997520447,"[0.5427934527397156, 0.18070389330387115, 0.07172274589538574, 0.2047799527645111]",low,0.5647059082984924,42.98249998828396,0.37254902720451355,"[0.5647059082984924, 0.19215688109397888, 0.062745101749897, 0.1764705926179886]"
E:\RHNA\1Visual\NCKH\nckh2\products\fe\model\Dataset_Flood\non_flood\23031215004403700.jpg,non_flood,3,non_flood,0.8848474025726318,53.16860000311863,0.7996028661727905,"[0.02586008422076702, 0.08524452149868011, 0.004047986585646868, 0.8848474025726318]",non_flood,0.8784314393997192,260.7203999941703,0.8117647767066956,"[0.06666667014360428, 0.0470588281750679, 0.007843137718737125, 0.8784314393997192]"
E:\RHNA\1Visual\NCKH\nckh2\products\fe\model\Dataset_Flood\non_flood\화면 캡처 2025-03-05 164114.jpg,non_flood,3,low,0.801724910736084,187.3112999892328,0.6482667922973633,"[0.801724910736084, 0.04009373486042023, 0.004723196383565664, 0.1534581482410431]",low,0.7529412508010864,61.05079999542795,0.6313726305961609,"[0.7529412508010864, 0.0941176563501358, 0.0313725508749485, 0.12156863510608673]"
E:\RHNA\1Visual\NCKH\nckh2\products\fe\model\Dataset_Flood\non_flood\화면 캡처 2025-03-05 172356.jpg,non_flood,3,non_flood,0.9308108687400818,36.70469998905901,0.8654599189758301,"[0.06535093486309052, 0.0035012192092835903, 0.0003370096383150667, 0.9308108687400818]",non_flood,0.8549020290374756,33.473700008471496,0.73333340883255,"[0.12156863510608673, 0.019607843831181526, 0.0, 0.8549020290374756]"
E:\RHNA\1Visual\NCKH\nckh2\products\fe\model\Dataset_Flood\non_flood\화면 캡처 2025-03-05 173938.jpg,non_flood,3,non_flood,0.983954906463623,33.43250000034459,0.9707930088043213,"[0.013161893002688885, 0.0025772759690880775, 0.0003059305308852345, 0.983954906463623]",non_flood,0.960784375667572,237.95739999332,0.9372549653053284,"[0.02352941408753395, 0.007843137718737125, 0.003921568859368563, 0.960784375667572]"
E:\RHNA\1Visual\NCKH\nckh2\products\fe\model\Dataset_Flood\non_flood\1789568749452_282700609501588260_7406490438318140161_27f20da03aed7425178793bf0e655ec5.jpg,non_flood,3,non_flood,0.8769807815551758,28.427800003555603,0.812848687171936,"[0.021561147645115852, 0.06413208693265915, 0.037325918674468994, 0.8769807815551758]",non_flood,0.874509871006012,28.621499994187616,0.8274510502815247,"[0.03529411926865578, 0.0470588281750679, 0.03529411926865578, 0.874509871006012]"
E:\RHNA\1Visual\NCKH\nckh2\products\fe\model\Dataset_Flood\non_flood\2810089_image2_1.jpg,non_flood,3,non_flood,0.9700924754142761,31.154600001173094,0.9516309499740601,"[0.002328573726117611, 0.00911741703748703, 0.01846153847873211, 0.9700924754142761]",non_flood,0.658823549747467,28.13560000504367,0.4000000059604645,"[0.007843137718737125, 0.07058823853731155, 0.25882354378700256, 0.658823549747467]"
E:\RHNA\1Visual\NCKH\nckh2\products\fe\model\Dataset_Flood\non_flood\화면 캡처 2025-03-05 175530.jpg,non_flood,3,non_flood,0.9317700266838074,29.732099996181205,0.9012187719345093,"[0.030551282688975334, 0.01301694568246603, 0.024661831557750702, 0.9317700266838074]",non_flood,0.9568628072738647,30.847899994114414,0.9372549653053284,"[0.019607843831181526, 0.007843137718737125, 0.01568627543747425, 0.9568628072738647]"
E:\RHNA\1Visual\NCKH\nckh2\products\fe\model\Dataset_Flood\non_flood\1184178968.jpg,non_flood,3,non_flood,0.9532849192619324,27.465499995741993,0.9256601929664612,"[0.027624741196632385, 0.016850315034389496, 0.002239957917481661, 0.9532849192619324]",non_flood,0.9254902601242065,29.28230000543408,0.8901961445808411,"[0.027450982481241226, 0.03529411926865578, 0.007843137718737125, 0.9254902601242065]"
E:\RHNA\1Visual\NCKH\nckh2\products\fe\model\Dataset_Flood\non_flood\화면 캡처 2025-03-05 172345.jpg,non_flood,3,non_flood,0.9212821125984192,29.95290000399109,0.8501778841018677,"[0.07110424339771271, 0.006679338403046131, 0.0009343076380901039, 0.9212821125984192]",non_flood,0.9411765336990356,27.979200007393956,0.8980392813682556,"[0.04313725605607033, 0.007843137718737125, 0.0, 0.9411765336990356]"
E:\RHNA\1Visual\NCKH\nckh2\products\fe\model\Dataset_Flood\non_flood\images (61).jpg,non_flood,3,non_flood,0.77587890625,32.46310001122765,0.6063211560249329,"[0.16955773532390594, 0.04314745217561722, 0.011415921151638031, 0.77587890625]",non_flood,0.8352941870689392,29.001299990341067,0.7137255668640137,"[0.12156863510608673, 0.0313725508749485, 0.003921568859368563, 0.8352941870689392]"
E:\RHNA\1Visual\NCKH\nckh2\products\fe\model\Dataset_Flood\non_flood\화면 캡처 2025-03-05 175812.jpg,non_flood,3,non_flood,0.9570407867431641,32.45629998855293,0.9169673323631287,"[0.0400734581053257, 0.0021378244273364544, 0.0007479398627765477, 0.9570407867431641]",non_flood,0.8941177129745483,31.76789999997709,0.8117647767066956,"[0.08235294371843338, 0.019607843831181526, 0.003921568859368563, 0.8941177129745483]"
E:\RHNA\1Visual\NCKH\nckh2\products\fe\model\Dataset_Flood\non_flood\화면 캡처 2025-03-05 152934.jpg,non_flood,3,non_flood,0.9368841648101807,30.82620000350289,0.8792027235031128,"[0.05768141895532608, 0.003947204444557428, 0.0014871859457343817, 0.9368841648101807]",non_flood,0.874509871006012,26.036700000986457,0.760784387588501,"[0.11372549831867218, 0.003921568859368563, 0.003921568859368563, 0.874509871006012]"
E:\RHNA\1Visual\NCKH\nckh2\products\fe\model\Dataset_Flood\non_flood\다운로드 (9) 3.jpg,non_flood,3,non_flood,0.9812435507774353,29.631900004460476,0.9646812081336975,"[0.016562314704060555, 0.001786380773410201, 0.00040775336674414575, 0.9812435507774353]",non_flood,0.960784375667572,25.282699993113056,0.9294118285179138,"[0.0313725508749485, 0.003921568859368563, 0.0, 0.960784375667572]"
E:\RHNA\1Visual\NCKH\nckh2\products\fe\model\Dataset_Flood\non_flood\1789568749531_282700609501588260_7406490438318140161_bea2323eb3bd6a9504e98226ccf20a6e.jpg,non_flood,3,non_flood,0.41971084475517273,48.955099991871975,0.04486650228500366,"[0.37484434247016907, 0.1379161775112152, 0.06752867251634598, 0.41971084475517273]",non_flood,0.4705882668495178,35.21370000089519,0.1098039448261261,"[0.3607843220233917, 0.10196079313755035, 0.05882353335618973, 0.4705882668495178]"
E:\RHNA\1Visual\NCKH\nckh2\products\fe\model\Dataset_Flood\non_flood\화면 캡처 2025-03-05 153554.jpg,non_flood,3,non_flood,0.8776131272315979,39.21849999460392,0.7586527466773987,"[0.11896040290594101, 0.002323915483430028, 0.0011025494895875454, 0.8776131272315979]",non_flood,0.6431372761726379,53.701400000136346,0.2980392277240753,"[0.3450980484485626, 0.007843137718737125, 0.003921568859368563, 0.6431372761726379]"
E:\RHNA\1Visual\NCKH\nckh2\products\fe\model\Dataset_Flood\non_flood\화면 캡처 2025-03-05 181159.jpg,non_flood,3,non_flood,0.9248661398887634,43.65940000570845,0.8870712518692017,"[0.03779485821723938, 0.018264172598719597, 0.019074760377407074, 0.9248661398887634]",non_flood,0.8980392813682556,25.222399999620393,0.8431373238563538,"[0.05490196496248245, 0.02352941408753395, 0.019607843831181526, 0.8980392813682556]"
E:\RHNA\1Visual\NCKH\nckh2\products\fe\model\Dataset_Flood\non_flood\화면 캡처 2025-03-05 153513.jpg,non_flood,3,non_flood,0.9384998083114624,28.44399999594316,0.8854682445526123,"[0.0530315600335598, 0.007274246774613857, 0.0011944288853555918, 0.9384998083114624]",non_flood,0.8862745761871338,28.036699994117953,0.7843137979507446,"[0.10196079313755035, 0.007843137718737125, 0.0, 0.8862745761871338]"
E:\RHNA\1Visual\NCKH\nckh2\products\fe\model\Dataset_Flood\non_flood\DSC05846-01.jpg,non_flood,3,non_flood,0.7763618230819702,33.920000001671724,0.6664145588874817,"[0.10994724929332733, 0.10832659155130386, 0.005364357493817806, 0.7763618230819702]",non_flood,0.8901961445808411,34.96729998732917,0.8352941870689392,"[0.05490196496248245, 0.0470588281750679, 0.003921568859368563, 0.8901961445808411]"
E:\RHNA\1Visual\NCKH\nckh2\products\fe\model\Dataset_Flood\non_flood\5f420ab85477f0364be7a38916496632.jpg,non_flood,3,non_flood,0.9452164769172668,30.2601000003051,0.9227486848831177,"[0.02246779575943947, 0.018046168610453606, 0.014269599691033363, 0.9452164769172668]",non_flood,0.8705883026123047,30.569499998819083,0.8235294818878174,"[0.0313725508749485, 0.0470588281750679, 0.0470588281750679, 0.8705883026123047]"
E:\RHNA\1Visual\NCKH\nckh2\products\fe\model\Dataset_Flood\non_flood\다운로드 (34).jpg,non_flood,3,non_flood,0.9404179453849792,37.96410000359174,0.8867173194885254,"[0.05370061472058296, 0.004285856150090694, 0.001595601555891335, 0.9404179453849792]",non_flood,0.917647123336792,27.66989999508951,0.8509804606437683,"[0.06666667014360428, 0.007843137718737125, 0.003921568859368563, 0.917647123336792]"
E:\RHNA\1Visual\NCKH\nckh2\products\fe\model\Dataset_Flood\non_flood\heavy+rain+and+flooding+safety.jpg,non_flood,3,low,0.5661334991455078,31.502500001806766,0.30590909719467163,"[0.5661334991455078, 0.2602244019508362, 0.11365396529436111, 0.05998824164271355]",low,0.729411780834198,33.41639999416657,0.5372549295425415,"[0.729411780834198, 0.19215688109397888, 0.05882353335618973, 0.011764707043766975]"
E:\RHNA\1Visual\NCKH\nckh2\products\fe\model\Dataset_Flood\non_flood\화면 캡처 2025-03-05 181547.jpg,non_flood,3,non_flood,0.7852970957756042,35.308300008182414,0.6823809146881104,"[0.08961643278598785, 0.10291621088981628, 0.022170260548591614, 0.7852970957756042]",non_flood,0.8705883026123047,32.255999991321005,0.8156863451004028,"[0.05098039656877518, 0.05490196496248245, 0.01568627543747425, 0.8705883026123047]"
E:\RHNA\1Visual\NCKH\nckh2\products\fe\model\Dataset_Flood\non_flood\1210_5594_1621.jpg,non_flood,3,non_flood,0.9549580216407776,28.082599994377233,0.9314525127410889,"[0.013666890561580658, 0.02350551076233387, 0.007869681343436241, 0.9549580216407776]",non_flood,0.8823530077934265,27.839500005939044,0.8196079134941101,"[0.02352941408753395, 0.062745101749897, 0.027450982481241226, 0.8823530077934265]"
E:\RHNA\1Visual\NCKH\nckh2\products\fe\model\Dataset_Flood\non_flood\다운로드 (19) 3.jpg,non_flood,3,non_flood,0.8802598714828491,27.828399994177744,0.7812945246696472,"[0.09896532446146011, 0.010216880589723587, 0.010557920671999454, 0.8802598714828491]",non_flood,0.8509804606437683,27.888199998415075,0.7372549772262573,"[0.11372549831867218, 0.01568627543747425, 0.011764707043766975, 0.8509804606437683]"
E:\RHNA\1Visual\NCKH\nckh2\products\fe\model\Dataset_Flood\non_flood\다운로드 (17) 3.jpg,non_flood,3,non_flood,0.8769742846488953,27.497499992023222,0.7598171234130859,"[0.11715719103813171, 0.00491619948297739, 0.0009522887994535267, 0.8769742846488953]",non_flood,0.8941177129745483,25.744699989445508,0.8078432083129883,"[0.08627451211214066, 0.011764707043766975, 0.003921568859368563, 0.8941177129745483]"
E:\RHNA\1Visual\NCKH\nckh2\products\fe\model\Dataset_Flood\non_flood\953056_345891_5555.jpeg,non_flood,3,non_flood,0.9830210208892822,31.801600009202957,0.9734214544296265,"[0.00959955807775259, 0.006250693462789059, 0.0011287472443655133, 0.9830210208892822]",non_flood,0.9686275124549866,32.38019999116659,0.9490196704864502,"[0.019607843831181526, 0.003921568859368563, 0.003921568859368563, 0.9686275124549866]"
E:\RHNA\1Visual\NCKH\nckh2\products\fe\model\Dataset_Flood\non_flood\화면 캡처 2025-03-05 153209.jpg,non_flood,3,non_flood,0.8237307071685791,30.805100002908148,0.6554076075553894,"[0.1683230996131897, 0.007494483143091202, 0.0004517695924732834, 0.8237307071685791]",low,0.6235294342041016,32.31640000012703,0.3176470696926117,"[0.6235294342041016, 0.05882353335618973, 0.007843137718737125, 0.30588236451148987]"
E:\RHNA\1Visual\NCKH\nckh2\products\fe\model\Dataset_Flood\non_flood\images (41).jpg,non_flood,3,non_flood,0.6210681796073914,30.331099987961352,0.3609567880630493,"[0.26011139154434204, 0.06980771571397781, 0.04901270940899849, 0.6210681796073914]",non_flood,0.49803924560546875,31.180799996946007,0.27450981736183167,"[0.22352942824363708, 0.05882353335618973, 0.21568629145622253, 0.49803924560546875]"
E:\RHNA\1Visual\NCKH\nckh2\products\fe\model\Dataset_Flood\non_flood\230415135444359_w.jpg,non_flood,3,non_flood,0.9742660522460938,28.081000011297874,0.9587240815162659,"[0.015541942790150642, 0.0094069829210639, 0.000785031879786402, 0.9742660522460938]",non_flood,0.9019608497619629,27.911900004255585,0.8352941870689392,"[0.06666667014360428, 0.02352941408753395, 0.003921568859368563, 0.9019608497619629]"
E:\RHNA\1Visual\NCKH\nckh2\products\fe\model\Dataset_Flood\non_flood\images (32).jpg,non_flood,3,low,0.8008929491043091,30.962999997427687,0.7128306031227112,"[0.8008929491043091, 0.0880623534321785, 0.041682492941617966, 0.06936226040124893]",low,0.6470588445663452,32.04639999603387,0.48235297203063965,"[0.6470588445663452, 0.16470588743686676, 0.10588236153125763, 0.0784313753247261]"
E:\RHNA\1Visual\NCKH\nckh2\products\fe\model\Dataset_Flood\non_flood\화면 캡처 2025-03-05 173907.jpg,non_flood,3,non_flood,0.9761148691177368,32.06959999806713,0.9528829455375671,"[0.02323189750313759, 0.0006256360211409628, 2.7598143788054585e-05, 0.9761148691177368]",non_flood,0.8980392813682556,30.71349998936057,0.803921639919281,"[0.0941176563501358, 0.003921568859368563, 0.0, 0.8980392813682556]"
E:\RHNA\1Visual\NCKH\nckh2\products\fe\model\Dataset_Flood\non_flood\1789568749022_282700609501588260_7406490438318140161_e59a160960ff6aab4139ef93e6451eaa.jpg,non_flood,3,non_flood,0.9293273687362671,29.532900007325225,0.8878433704376221,"[0.04148399084806442, 0.020914990454912186, 0.008273660205304623, 0.9293273687362671]",non_flood,0.7725490927696228,31.89550001116004,0.6588236093521118,"[0.11372549831867218, 0.05490196496248245, 0.05490196496248245, 0.7725490927696228]"
E:\RHNA\1Visual\NCKH\nckh2\products\fe\model\Dataset_Flood\non_flood\img.jpg,non_flood,3,non_flood,0.989693820476532,33.14909999608062,0.9855878949165344,"[0.0033929159399122, 0.004105926025658846, 0.0028073375578969717, 0.989693820476532]",non_flood,0.9843137860298157,29.31420000095386,0.9803922176361084,"[0.003921568859368563, 0.003921568859368563, 0.003921568859368563, 0.9843137860298157]"
E:\RHNA\1Visual\NCKH\nckh2\products\fe\model\Dataset_Flood\non_flood\화면 캡처 2025-03-05 153429.jpg,non_flood,3,non_flood,0.8253942728042603,31.288800004404038,0.6791632175445557,"[0.14623107016086578, 0.02643629163503647, 0.0019383711041882634, 0.8253942728042603]",non_flood,0.7058823704719543,28.79640000173822,0.4941176474094391,"[0.21176472306251526, 0.07058823853731155, 0.003921568859368563, 0.7058823704719543]"
E:\RHNA\1Visual\NCKH\nckh2\products\fe\model\Dataset_Flood\non_flood\다운로드 (6).jpg,non_flood,3,non_flood,0.8229868412017822,28.566199995111674,0.6648695468902588,"[0.15811732411384583, 0.016444936394691467, 0.0024507842026650906, 0.8229868412017822]",non_flood,0.9215686917304993,92.16770000057295,0.8588235974311829,"[0.062745101749897, 0.007843137718737125, 0.003921568859368563, 0.9215686917304993]"
E:\RHNA\1Visual\NCKH\nckh2\products\fe\model\Dataset_Flood\non_flood\화면 캡처 2025-03-05 172439.jpg,non_flood,3,non_flood,0.7007942795753479,28.340100005152635,0.44722703099250793,"[0.25356724858283997, 0.04414370283484459, 0.001494753174483776, 0.7007942795753479]",low,0.5176470875740051,30.992100000730716,0.21176472306251526,"[0.5176470875740051, 0.13725490868091583, 0.03529411926865578, 0.30588236451148987]"
E:\RHNA\1Visual\NCKH\nckh2\products\fe\model\Dataset_Flood\non_flood\images (20).jpg,non_flood,3,non_flood,0.8861101269721985,31.166699991445057,0.8268061280250549,"[0.059304025024175644, 0.0382530577480793, 0.016332799568772316, 0.8861101269721985]",non_flood,0.9058824181556702,31.972299999324605,0.8509804606437683,"[0.05490196496248245, 0.027450982481241226, 0.007843137718737125, 0.9058824181556702]"
E:\RHNA\1Visual\NCKH\nckh2\products\fe\model\Dataset_Flood\non_flood\images (44).jpg,non_flood,3,non_flood,0.9799315333366394,31.039500012411736,0.9646466374397278,"[0.015284892171621323, 0.004096564371138811, 0.0006869505159556866, 0.9799315333366394]",non_flood,0.9725490808486938,25.986199994804338,0.9568628072738647,"[0.01568627543747425, 0.007843137718737125, 0.0, 0.9725490808486938]"
E:\RHNA\1Visual\NCKH\nckh2\products\fe\model\Dataset_Flood\non_flood\화면 캡처 2025-03-05 181150.jpg,non_flood,3,non_flood,0.9328570365905762,25.157099997159094,0.8828215599060059,"[0.05003548786044121, 0.014417697675526142, 0.0026897506322711706, 0.9328570365905762]",non_flood,0.9294118285179138,27.40320000157226,0.8784314393997192,"[0.05098039656877518, 0.011764707043766975, 0.007843137718737125, 0.9294118285179138]"
E:\RHNA\1Visual\NCKH\nckh2\products\fe\model\Dataset_Flood\non_flood\화면 캡처 2025-03-05 153259.jpg,non_flood,3,non_flood,0.6780149340629578,29.028399992967024,0.5105874538421631,"[0.1674274504184723, 0.12746861577033997, 0.027089038863778114, 0.6780149340629578]",non_flood,0.6784313917160034,35.31160000420641,0.4745098054409027,"[0.2039215862751007, 0.08627451211214066, 0.027450982481241226, 0.6784313917160034]"
E:\RHNA\1Visual\NCKH\nckh2\products\fe\model\Dataset_Flood\non_flood\다운로드 (15).jpg,non_flood,3,non_flood,0.9528119564056396,30.668299994431436,0.9166589975357056,"[0.03615296259522438, 0.006761643569916487, 0.004273483995348215, 0.9528119564056396]",non_flood,0.917647123336792,35.92559999378864,0.8627451658248901,"[0.05490196496248245, 0.01568627543747425, 0.007843137718737125, 0.917647123336792]"
E:\RHNA\1Visual\NCKH\nckh2\products\fe\model\Dataset_Flood\non_flood\다운로드 (33).jpg,non_flood,3,non_flood,0.7765279412269592,32.562699998379685,0.5712447166442871,"[0.2052832543849945, 0.008382771164178848, 0.009805949404835701, 0.7765279412269592]",non_flood,0.7647059559822083,32.852899996214546,0.5568628311157227,"[0.20784315466880798, 0.011764707043766975, 0.011764707043766975, 0.7647059559822083]"
E:\RHNA\1Visual\NCKH\nckh2\products\fe\model\Dataset_Flood\non_flood\다운로드 (58) 3.jpg,non_flood,3,non_flood,0.8639670610427856,28.546999994432554,0.7319257259368896,"[0.132041335105896, 0.002285401802510023, 0.0017061351099982858, 0.8639670610427856]",non_flood,0.7450980544090271,35.22709998651408,0.5098038911819458,"[0.2352941334247589, 0.007843137718737125, 0.007843137718737125, 0.7450980544090271]"
E:\RHNA\1Visual\NCKH\nckh2\products\fe\model\Dataset_Flood\non_flood\images (3)1.jpg,non_flood,3,non_flood,0.6320095062255859,28.502000001026317,0.3074844181537628,"[0.3245250880718231, 0.031732384115457535, 0.011732962913811207, 0.6320095062255859]",non_flood,0.5137255191802979,43.145799994817935,0.13725489377975464,"[0.3764706254005432, 0.08627451211214066, 0.019607843831181526, 0.5137255191802979]"
E:\RHNA\1Visual\NCKH\nckh2\products\fe\model\Dataset_Flood\non_flood\화면 캡처 2025-03-05 153800.jpg,non_flood,3,non_flood,0.9515349864959717,51.429600003757514,0.9080850481987,"[0.04344996064901352, 0.0045575471594929695, 0.00045748043339699507, 0.9515349864959717]",non_flood,0.9254902601242065,30.152200008160435,0.8627451658248901,"[0.062745101749897, 0.003921568859368563, 0.003921568859368563, 0.9254902601242065]"
E:\RHNA\1Visual\NCKH\nckh2\products\fe\model\Dataset_Flood\non_flood\images (7)1.jpg,non_flood,3,non_flood,0.7903850674629211,32.22149999055546,0.5916423201560974,"[0.19874274730682373, 0.005475249607115984, 0.0053969682194292545, 0.7903850674629211]",non_flood,0.6313725709915161,28.18900000420399,0.29411765933036804,"[0.33725491166114807, 0.01568627543747425, 0.011764707043766975, 0.6313725709915161]"
E:\RHNA\1Visual\NCKH\nckh2\products\fe\model\Dataset_Flood\non_flood\다운로드 (31) 3.jpg,non_flood,3,non_flood,0.8852553367614746,26.765499991597608,0.790347158908844,"[0.09490816295146942, 0.018329018726944923, 0.0015074685215950012, 0.8852553367614746]",non_flood,0.9490196704864502,27.59169999626465,0.9137255549430847,"[0.03529411926865578, 0.007843137718737125, 0.0, 0.9490196704864502]"
E:\RHNA\1Visual\NCKH\nckh2\products\fe\model\Dataset_Flood\non_flood\다운로드 (39) 3.jpg,non_flood,3,non_flood,0.769281804561615,32.82000000763219,0.5539171695709229,"[0.21536463499069214, 0.009056339971721172, 0.006297262851148844, 0.769281804561615]",non_flood,0.6392157077789307,32.67050000431482,0.30980393290519714,"[0.3294117748737335, 0.019607843831181526, 0.007843137718737125, 0.6392157077789307]"
E:\RHNA\1Visual\NCKH\nckh2\products\fe\model\Dataset_Flood\non_flood\images (21)1.jpg,non_flood,3,non_flood,0.6653981804847717,28.962500000488944,0.3343789875507355,"[0.33101919293403625, 0.0035248352214694023, 5.784321911050938e-05, 0.6653981804847717]",non_flood,0.6235294342041016,36.01949999574572,0.27450981736183167,"[0.3490196168422699, 0.019607843831181526, 0.0, 0.6235294342041016]"
E:\RHNA\1Visual\NCKH\nckh2\products\fe\model\Dataset_Flood\non_flood\images - 2025-01-28T185039.760.jpg,non_flood,3,non_flood,0.500496506690979,28.773099998943508,0.13068914413452148,"[0.3698073625564575, 0.12126240879297256, 0.008433744311332703, 0.500496506690979]",non_flood,0.4117647409439087,27.607299998635426,0.08235296607017517,"[0.3294117748737335, 0.23137256503105164, 0.027450982481241226, 0.4117647409439087]"
E:\RHNA\1Visual\NCKH\nckh2\products\fe\model\Dataset_Flood\non_flood\화면 캡처 2025-03-05 164447.jpg,non_flood,3,low,0.7980915904045105,26.845200001844205,0.706419050693512,"[0.7980915904045105, 0.04828643053770065, 0.06194940209388733, 0.09167251735925674]",low,0.501960813999176,37.677200001780875,0.2549019753932953,"[0.501960813999176, 0.14901961386203766, 0.24705883860588074, 0.09803922474384308]"
E:\RHNA\1Visual\NCKH\nckh2\products\fe\model\Dataset_Flood\non_flood\images (16)1.jpg,non_flood,3,non_flood,0.9469630718231201,42.998499993700534,0.897343635559082,"[0.049619417637586594, 0.0030506192706525326, 0.0003668546851258725, 0.9469630718231201]",non_flood,0.9411765336990356,27.853899999172427,0.8941177129745483,"[0.0470588281750679, 0.007843137718737125, 0.0, 0.9411765336990356]"
E:\RHNA\1Visual\NCKH\nckh2\products\fe\model\Dataset_Flood\non_flood\images (25).jpg,non_flood,3,non_flood,0.9606916904449463,25.44359999592416,0.9250491261482239,"[0.0356425903737545, 0.0016526973340660334, 0.0020129664335399866, 0.9606916904449463]",non_flood,0.8509804606437683,28.881300007924438,0.7215687036514282,"[0.12941177189350128, 0.007843137718737125, 0.007843137718737125, 0.8509804606437683]"
