path,relative_path,label,label_idx,file_name,md5,source_group
/content/flood_dataset_v4/Dataset_Flood/low/다운로드 (56).jpg,low/다운로드 (56).jpg,low,0,다운로드 (56).jpg,82db7ee32e26121d8908f7a3043c3031,
/content/flood_dataset_v4/Dataset_Flood/low/images - 2025-01-28T184849.878.jpg,low/images - 2025-01-28T184849.878.jpg,low,0,images - 2025-01-28T184849.878.jpg,48ce931b9adb287a70f990087bc55d70,
/content/flood_dataset_v4/Dataset_Flood/low/images - 2025-01-28T155613.558.jpg,low/images - 2025-01-28T155613.558.jpg,low,0,images - 2025-01-28T155613.558.jpg,6c6da8245e3f5888fafabd50be01c7af,
/content/flood_dataset_v4/Dataset_Flood/low/images - 2025-01-28T185200.363.jpg,low/images - 2025-01-28T185200.363.jpg,low,0,images - 2025-01-28T185200.363.jpg,8a8d2279220888fdfa2cc8d3d60192a7,
/content/flood_dataset_v4/Dataset_Flood/low/images - 2025-01-28T163251.007.jpg,low/images - 2025-01-28T163251.007.jpg,low,0,images - 2025-01-28T163251.007.jpg,2132eb017e930996bc5a742133a84341,
/content/flood_dataset_v4/Dataset_Flood/low/화면 캡처 2025-03-05 164537.jpg,low/화면 캡처 2025-03-05 164537.jpg,low,0,화면 캡처 2025-03-05 164537.jpg,5f1a4c9371ad6d50f003b3eb517dd855,
/content/flood_dataset_v4/Dataset_Flood/low/images - 2025-01-28T164729.110.jpg,low/images - 2025-01-28T164729.110.jpg,low,0,images - 2025-01-28T164729.110.jpg,e919ba6ce1379fb2ac77b8581aad751e,
/content/flood_dataset_v4/Dataset_Flood/low/images - 2025-01-28T152019.566.jpg,low/images - 2025-01-28T152019.566.jpg,low,0,images - 2025-01-28T152019.566.jpg,0b0bf563c8830a2e0ee8dda2d0488c34,
/content/flood_dataset_v4/Dataset_Flood/low/images - 2025-01-28T185445.292.jpg,low/images - 2025-01-28T185445.292.jpg,low,0,images - 2025-01-28T185445.292.jpg,bf67daec5b0c81e98848c3a132dbc143,
/content/flood_dataset_v4/Dataset_Flood/low/images - 2025-01-28T154309.117.jpg,low/images - 2025-01-28T154309.117.jpg,low,0,images - 2025-01-28T154309.117.jpg,9f700456cccf91ffe0d31b8c0af95f56,
/content/flood_dataset_v4/Dataset_Flood/low/images - 2025-01-28T151941.007.jpg,low/images - 2025-01-28T151941.007.jpg,low,0,images - 2025-01-28T151941.007.jpg,fb555a904f5fedc433f80b3d3544be04,
/content/flood_dataset_v4/Dataset_Flood/low/다운로드 (3).jpg,low/다운로드 (3).jpg,low,0,다운로드 (3).jpg,c2e92bc21220e34297a5fb6c9eed8825,
/content/flood_dataset_v4/Dataset_Flood/low/다운로드 (16) 1.jpg,low/다운로드 (16) 1.jpg,low,0,다운로드 (16) 1.jpg,bde0356116fb141677c35034a82352ca,
/content/flood_dataset_v4/Dataset_Flood/low/images - 2025-01-28T164330.238.jpg,low/images - 2025-01-28T164330.238.jpg,low,0,images - 2025-01-28T164330.238.jpg,604f7467c85f9d986bcdc5ec7d038340,
/content/flood_dataset_v4/Dataset_Flood/low/images (69).jpg,low/images (69).jpg,low,0,images (69).jpg,183c1048457074956c721d397939515a,
/content/flood_dataset_v4/Dataset_Flood/low/화면 캡처 2025-03-05 164344.jpg,low/화면 캡처 2025-03-05 164344.jpg,low,0,화면 캡처 2025-03-05 164344.jpg,3f26ddd8a41a69277f752efef7eea909,
/content/flood_dataset_v4/Dataset_Flood/low/images - 2025-01-28T163016.771.jpg,low/images - 2025-01-28T163016.771.jpg,low,0,images - 2025-01-28T163016.771.jpg,cd68ca1f2b949edc7687b8779cf654a4,
/content/flood_dataset_v4/Dataset_Flood/low/다운로드 (54).jpg,low/다운로드 (54).jpg,low,0,다운로드 (54).jpg,9bfbc710b7b446cd4f0dfb639bb7fc3c,
/content/flood_dataset_v4/Dataset_Flood/low/images - 2025-01-28T164716.891.jpg,low/images - 2025-01-28T164716.891.jpg,low,0,images - 2025-01-28T164716.891.jpg,0c239a2d1d0183109a74bfa2f937a2f2,
/content/flood_dataset_v4/Dataset_Flood/low/240110-flooding-virginia-al-0802-1def2a.jpg,low/240110-flooding-virginia-al-0802-1def2a.jpg,low,0,240110-flooding-virginia-al-0802-1def2a.jpg,d4a1f8232bbbcce87ae9f35d137753d5,
/content/flood_dataset_v4/Dataset_Flood/low/low.jpg,low/low.jpg,low,0,low.jpg,73412b53772b16a4a4e650ddd1bf78b9,
/content/flood_dataset_v4/Dataset_Flood/low/images - 2025-01-28T184423.521.jpg,low/images - 2025-01-28T184423.521.jpg,low,0,images - 2025-01-28T184423.521.jpg,22890bebfad970d39048273e16126275,
/content/flood_dataset_v4/Dataset_Flood/low/image_0433.jpg,low/image_0433.jpg,low,0,image_0433.jpg,576fb06dbd72213aed5e55627dd4471e,
/content/flood_dataset_v4/Dataset_Flood/low/다운로드 (26).jpg,low/다운로드 (26).jpg,low,0,다운로드 (26).jpg,bfde0bb02b7e3a3a1a1af28859504157,
/content/flood_dataset_v4/Dataset_Flood/low/images - 2025-01-28T163948.667.jpg,low/images - 2025-01-28T163948.667.jpg,low,0,images - 2025-01-28T163948.667.jpg,55ee752749107354435a0fea6bd4e30a,
/content/flood_dataset_v4/Dataset_Flood/low/images - 2025-01-28T151237.750.jpg,low/images - 2025-01-28T151237.750.jpg,low,0,images - 2025-01-28T151237.750.jpg,8ee0df6bf8859034f03ee4f154666679,
/content/flood_dataset_v4/Dataset_Flood/low/화면 캡처 2025-03-05 161822.jpg,low/화면 캡처 2025-03-05 161822.jpg,low,0,화면 캡처 2025-03-05 161822.jpg,1e7c9e7bcd02d987857dba21fcb2ad30,
/content/flood_dataset_v4/Dataset_Flood/low/808137151_1065873222862956_2369990287917085533_n.jpg,low/808137151_1065873222862956_2369990287917085533_n.jpg,low,0,808137151_1065873222862956_2369990287917085533_n.jpg,65ac995afcf2bccd2afe21da794cf82a,
/content/flood_dataset_v4/Dataset_Flood/low/images - 2025-01-28T151804.422.jpg,low/images - 2025-01-28T151804.422.jpg,low,0,images - 2025-01-28T151804.422.jpg,13fe5fe6f89a57b9bc1811fe1a723042,
/content/flood_dataset_v4/Dataset_Flood/low/images - 2025-01-28T185537.715.jpg,low/images - 2025-01-28T185537.715.jpg,low,0,images - 2025-01-28T185537.715.jpg,d863b1ead117a319a5d67a9bf8376bda,
/content/flood_dataset_v4/Dataset_Flood/low/SSI_20170716151354_O2.jpg,low/SSI_20170716151354_O2.jpg,low,0,SSI_20170716151354_O2.jpg,ed33d3909ef30c6191fd34677f6d2751,
/content/flood_dataset_v4/Dataset_Flood/low/images - 2025-01-28T155253.574.jpg,low/images - 2025-01-28T155253.574.jpg,low,0,images - 2025-01-28T155253.574.jpg,1ea3f42d11454669c6d8e3371cef8714,
/content/flood_dataset_v4/Dataset_Flood/low/images - 2025-01-28T151753.297.jpg,low/images - 2025-01-28T151753.297.jpg,low,0,images - 2025-01-28T151753.297.jpg,75b6cb148c258d0c425d5c1ccf1318f7,
/content/flood_dataset_v4/Dataset_Flood/low/images - 2025-01-28T155312.870.jpg,low/images - 2025-01-28T155312.870.jpg,low,0,images - 2025-01-28T155312.870.jpg,1baa2e8b88af6674de8a38458b657ace,
/content/flood_dataset_v4/Dataset_Flood/low/flood_4531.jpg,low/flood_4531.jpg,low,0,flood_4531.jpg,995ae47b735ae0c455e450e77d1d07a6,
/content/flood_dataset_v4/Dataset_Flood/low/10360-2-13961.jpg,low/10360-2-13961.jpg,low,0,10360-2-13961.jpg,ee44186af70fa05eb4d086045677e376,
/content/flood_dataset_v4/Dataset_Flood/low/화면 캡처 2025-03-05 163909.jpg,low/화면 캡처 2025-03-05 163909.jpg,low,0,화면 캡처 2025-03-05 163909.jpg,eb1f9b5057ca7ad6563705c17a33824a,
/content/flood_dataset_v4/Dataset_Flood/low/images (17).jpg,low/images (17).jpg,low,0,images (17).jpg,f62b9545286e2158fc4e3383eb87ca83,
/content/flood_dataset_v4/Dataset_Flood/low/images - 2025-01-28T152347.979.jpg,low/images - 2025-01-28T152347.979.jpg,low,0,images - 2025-01-28T152347.979.jpg,7a5231ab330d11a9b0fd167de0f45ea8,
/content/flood_dataset_v4/Dataset_Flood/low/images - 2025-01-28T152109.380.jpg,low/images - 2025-01-28T152109.380.jpg,low,0,images - 2025-01-28T152109.380.jpg,ce0f2597e90d9ba0afedc0429ea15b97,
/content/flood_dataset_v4/Dataset_Flood/low/화면 캡처 2025-03-05 161859.jpg,low/화면 캡처 2025-03-05 161859.jpg,low,0,화면 캡처 2025-03-05 161859.jpg,4522a84fe4abc87399b26b656626fabb,
/content/flood_dataset_v4/Dataset_Flood/low/Sau-con-mua-lon-hang-gio-nguoi-dan-TPBao-Loc.jpg,low/Sau-con-mua-lon-hang-gio-nguoi-dan-TPBao-Loc.jpg,low,0,Sau-con-mua-lon-hang-gio-nguoi-dan-TPBao-Loc.jpg,82e60aa3d64884c8c45924da230afc68,
/content/flood_dataset_v4/Dataset_Flood/low/images - 2025-01-28T152003.285.jpg,low/images - 2025-01-28T152003.285.jpg,low,0,images - 2025-01-28T152003.285.jpg,cdacab8f861aee407a1b825e01f0c882,
/content/flood_dataset_v4/Dataset_Flood/low/화면 캡처 2025-03-05 161811.jpg,low/화면 캡처 2025-03-05 161811.jpg,low,0,화면 캡처 2025-03-05 161811.jpg,59bb732a25b3f9365e3811b7f7008967,
/content/flood_dataset_v4/Dataset_Flood/low/images - 2025-01-28T164625.541.jpg,low/images - 2025-01-28T164625.541.jpg,low,0,images - 2025-01-28T164625.541.jpg,ce663e3f0309f8f85917f10ece37771b,
/content/flood_dataset_v4/Dataset_Flood/low/images - 2025-01-28T163030.279.jpg,low/images - 2025-01-28T163030.279.jpg,low,0,images - 2025-01-28T163030.279.jpg,9b83159c25c5a0585386d8510854841d,
/content/flood_dataset_v4/Dataset_Flood/low/images - 2025-01-28T163206.341.jpg,low/images - 2025-01-28T163206.341.jpg,low,0,images - 2025-01-28T163206.341.jpg,b8b12ba90e293708adb930b8b06dc20c,
/content/flood_dataset_v4/Dataset_Flood/low/images - 2025-01-28T185425.621.jpg,low/images - 2025-01-28T185425.621.jpg,low,0,images - 2025-01-28T185425.621.jpg,091ac19074f44c0ba6fe097b78607c68,
/content/flood_dataset_v4/Dataset_Flood/low/images - 2025-01-28T162017.557.jpg,low/images - 2025-01-28T162017.557.jpg,low,0,images - 2025-01-28T162017.557.jpg,110527a223de86bdab8eab41fbb1e4dd,
/content/flood_dataset_v4/Dataset_Flood/low/images - 2025-01-28T151658.551.jpg,low/images - 2025-01-28T151658.551.jpg,low,0,images - 2025-01-28T151658.551.jpg,7414aef09d3f5c12d9f8c1176902e38f,
/content/flood_dataset_v4/Dataset_Flood/low/images - 2025-01-28T152038.912.jpg,low/images - 2025-01-28T152038.912.jpg,low,0,images - 2025-01-28T152038.912.jpg,5a0c5a99dcd02f54f6ed8c6f8701c204,
/content/flood_dataset_v4/Dataset_Flood/low/images (20) 2.jpg,low/images (20) 2.jpg,low,0,images (20) 2.jpg,21e3ac4ed3ef0d61f76bc750b325c006,
/content/flood_dataset_v4/Dataset_Flood/low/images - 2025-01-28T153916.966.jpg,low/images - 2025-01-28T153916.966.jpg,low,0,images - 2025-01-28T153916.966.jpg,40746e21bcde650facc43463e55434e7,
/content/flood_dataset_v4/Dataset_Flood/low/images - 2025-01-28T152029.266.jpg,low/images - 2025-01-28T152029.266.jpg,low,0,images - 2025-01-28T152029.266.jpg,df7d05caec115257e6786b617fbde446,
/content/flood_dataset_v4/Dataset_Flood/low/5070ecbe-ab45-472a-b490-52da3054d716-large16x9_elmgroveflooding.jpg,low/5070ecbe-ab45-472a-b490-52da3054d716-large16x9_elmgroveflooding.jpg,low,0,5070ecbe-ab45-472a-b490-52da3054d716-large16x9_elmgroveflooding.jpg,38fefacb613539b713a543380b1a6418,
/content/flood_dataset_v4/Dataset_Flood/low/images - 2025-01-28T154026.869.jpg,low/images - 2025-01-28T154026.869.jpg,low,0,images - 2025-01-28T154026.869.jpg,f59336a4a2ce74f0d0dd75695e00a740,
/content/flood_dataset_v4/Dataset_Flood/low/images - 2025-01-28T162916.619.jpg,low/images - 2025-01-28T162916.619.jpg,low,0,images - 2025-01-28T162916.619.jpg,b39929cdc528a4985831ad1c0876a00d,
/content/flood_dataset_v4/Dataset_Flood/low/images - 2025-01-28T162724.362.jpg,low/images - 2025-01-28T162724.362.jpg,low,0,images - 2025-01-28T162724.362.jpg,2e19a5f8b1404868b5e83204ffa71f7a,
/content/flood_dataset_v4/Dataset_Flood/low/images - 2025-01-28T154416.248.jpg,low/images - 2025-01-28T154416.248.jpg,low,0,images - 2025-01-28T154416.248.jpg,b81abc839baa2b5d0aa00248b6ad7224,
/content/flood_dataset_v4/Dataset_Flood/low/images - 2025-01-28T163141.632.jpg,low/images - 2025-01-28T163141.632.jpg,low,0,images - 2025-01-28T163141.632.jpg,0136191d92db04740a0a4685587b66a7,
/content/flood_dataset_v4/Dataset_Flood/low/images - 2025-01-28T151933.195.jpg,low/images - 2025-01-28T151933.195.jpg,low,0,images - 2025-01-28T151933.195.jpg,650828d83e8938d9f23a52d38a06ecac,
/content/flood_dataset_v4/Dataset_Flood/low/화면 캡처 2025-03-05 164003.jpg,low/화면 캡처 2025-03-05 164003.jpg,low,0,화면 캡처 2025-03-05 164003.jpg,067c734f408e09ef8c167fedd15d2a88,
/content/flood_dataset_v4/Dataset_Flood/low/images - 2025-01-28T155554.634.jpg,low/images - 2025-01-28T155554.634.jpg,low,0,images - 2025-01-28T155554.634.jpg,e7e5fa15b6de8e01305d64f0e70fc071,
/content/flood_dataset_v4/Dataset_Flood/low/images - 2025-01-28T154412.789.jpg,low/images - 2025-01-28T154412.789.jpg,low,0,images - 2025-01-28T154412.789.jpg,a0ca8dda50357741b396246f9e9e945a,
/content/flood_dataset_v4/Dataset_Flood/low/다운로드 (5).jpg,low/다운로드 (5).jpg,low,0,다운로드 (5).jpg,cfe23ac963ed1a70c9237934f4bd07bd,
/content/flood_dataset_v4/Dataset_Flood/low/images - 2025-01-28T155218.987.jpg,low/images - 2025-01-28T155218.987.jpg,low,0,images - 2025-01-28T155218.987.jpg,a315c0d40efbca5ec758b4d9c086473b,
/content/flood_dataset_v4/Dataset_Flood/low/images - 2025-01-28T155410.336.jpg,low/images - 2025-01-28T155410.336.jpg,low,0,images - 2025-01-28T155410.336.jpg,fd8529e0df353d5a32b4173d96bc2175,
/content/flood_dataset_v4/Dataset_Flood/low/images - 2025-01-28T155350.781.jpg,low/images - 2025-01-28T155350.781.jpg,low,0,images - 2025-01-28T155350.781.jpg,789219f5af07aa2d80acdeedc0b1cf07,
/content/flood_dataset_v4/Dataset_Flood/low/images - 2025-01-28T154231.729.jpg,low/images - 2025-01-28T154231.729.jpg,low,0,images - 2025-01-28T154231.729.jpg,472253077ce5671d82ca167d0ad332e5,
/content/flood_dataset_v4/Dataset_Flood/low/images - 2025-01-28T152032.993.jpg,low/images - 2025-01-28T152032.993.jpg,low,0,images - 2025-01-28T152032.993.jpg,a5c90c47020e7c1523952a9a831a10f1,
/content/flood_dataset_v4/Dataset_Flood/low/images - 2025-01-28T164156.179.jpg,low/images - 2025-01-28T164156.179.jpg,low,0,images - 2025-01-28T164156.179.jpg,ba287b9034cbae387464021aec39e074,
/content/flood_dataset_v4/Dataset_Flood/low/images - 2025-01-28T164720.212.jpg,low/images - 2025-01-28T164720.212.jpg,low,0,images - 2025-01-28T164720.212.jpg,20360e526e942719356776a034ced256,
/content/flood_dataset_v4/Dataset_Flood/low/images - 2025-01-28T153922.685.jpg,low/images - 2025-01-28T153922.685.jpg,low,0,images - 2025-01-28T153922.685.jpg,74159f0ea2430737f6342b93735ec5f4,
/content/flood_dataset_v4/Dataset_Flood/low/화면 캡처 2025-03-05 162152.jpg,low/화면 캡처 2025-03-05 162152.jpg,low,0,화면 캡처 2025-03-05 162152.jpg,136cdb06f8a5fc0a98606575bb25b607,
/content/flood_dataset_v4/Dataset_Flood/low/다운로드 (31).jpg,low/다운로드 (31).jpg,low,0,다운로드 (31).jpg,8888ffb6042b0b023e17f2aa149a19ac,
/content/flood_dataset_v4/Dataset_Flood/low/images (84).jpg,low/images (84).jpg,low,0,images (84).jpg,5812733f4883809ec781592ab234541e,
/content/flood_dataset_v4/Dataset_Flood/low/images (100).jpg,low/images (100).jpg,low,0,images (100).jpg,705cce0db76aa5ef84eb1ca6f7cb056f,
/content/flood_dataset_v4/Dataset_Flood/low/images (93).jpg,low/images (93).jpg,low,0,images (93).jpg,572d5ce98782a5bc8bb545db8dd97dcb,
/content/flood_dataset_v4/Dataset_Flood/low/images - 2025-01-28T162025.113.jpg,low/images - 2025-01-28T162025.113.jpg,low,0,images - 2025-01-28T162025.113.jpg,4e0f2cb9df9c1861a46994e0be52f2d6,
/content/flood_dataset_v4/Dataset_Flood/low/images - 2025-01-28T154220.970.jpg,low/images - 2025-01-28T154220.970.jpg,low,0,images - 2025-01-28T154220.970.jpg,7f7862aef31ab7e4377ca0bd24a88265,
/content/flood_dataset_v4/Dataset_Flood/low/images (99).jpg,low/images (99).jpg,low,0,images (99).jpg,b4d9e9f67e2c09e7eaffc5601aa453d8,
/content/flood_dataset_v4/Dataset_Flood/low/images - 2025-01-28T184413.743.jpg,low/images - 2025-01-28T184413.743.jpg,low,0,images - 2025-01-28T184413.743.jpg,ca8e8e9633910f910aa80d74a9a72a72,
/content/flood_dataset_v4/Dataset_Flood/low/화면 캡처 2025-03-05 165853.jpg,low/화면 캡처 2025-03-05 165853.jpg,low,0,화면 캡처 2025-03-05 165853.jpg,d71dfc310e30161cd83de9b8629c091a,
/content/flood_dataset_v4/Dataset_Flood/low/다운로드 (13) 1.jpg,low/다운로드 (13) 1.jpg,low,0,다운로드 (13) 1.jpg,94bdaac72bdd9d55f45dd7c83fa7262a,
/content/flood_dataset_v4/Dataset_Flood/low/다운로드 (51).jpg,low/다운로드 (51).jpg,low,0,다운로드 (51).jpg,dc038411b592dd116ecc1e153c6e2671,
/content/flood_dataset_v4/Dataset_Flood/low/images - 2025-01-28T151156.322.jpg,low/images - 2025-01-28T151156.322.jpg,low,0,images - 2025-01-28T151156.322.jpg,f0509ec40d86f8f94132f8e85fc06e25,
/content/flood_dataset_v4/Dataset_Flood/low/images (59).jpg,low/images (59).jpg,low,0,images (59).jpg,b1749c36d8f2af8f34d6bbfc2696be6a,
/content/flood_dataset_v4/Dataset_Flood/low/unnamed (2).jpg,low/unnamed (2).jpg,low,0,unnamed (2).jpg,5b186689152aeb848f300d248d8c5c49,
/content/flood_dataset_v4/Dataset_Flood/low/images - 2025-01-28T164013.086.jpg,low/images - 2025-01-28T164013.086.jpg,low,0,images - 2025-01-28T164013.086.jpg,780e295c5593fb2ff2de8be8901f6453,
/content/flood_dataset_v4/Dataset_Flood/low/images (72).jpg,low/images (72).jpg,low,0,images (72).jpg,91e5c7719d06adea1e189cf7e9ef848a,
/content/flood_dataset_v4/Dataset_Flood/low/화면 캡처 2025-03-05 165827.jpg,low/화면 캡처 2025-03-05 165827.jpg,low,0,화면 캡처 2025-03-05 165827.jpg,0969d883bbfcd2364ac563ff53d75a50,
/content/flood_dataset_v4/Dataset_Flood/low/images - 2025-01-28T163121.864.jpg,low/images - 2025-01-28T163121.864.jpg,low,0,images - 2025-01-28T163121.864.jpg,991c85893189dc9f8ff55688a3405aa7,
/content/flood_dataset_v4/Dataset_Flood/low/image_9946309791508995980052.jpg,low/image_9946309791508995980052.jpg,low,0,image_9946309791508995980052.jpg,356c93b003700924045608122894d3bb,
/content/flood_dataset_v4/Dataset_Flood/low/images - 2025-01-28T151649.592.jpg,low/images - 2025-01-28T151649.592.jpg,low,0,images - 2025-01-28T151649.592.jpg,2e7fbdcb8042bffcbf158ff98bfd0646,
/content/flood_dataset_v4/Dataset_Flood/low/images - 2025-01-28T162741.678.jpg,low/images - 2025-01-28T162741.678.jpg,low,0,images - 2025-01-28T162741.678.jpg,4e45cfd2d80e4d193b78f42f0893aea5,
/content/flood_dataset_v4/Dataset_Flood/low/casa-delle-gondole-venice-photo-1.jpg,low/casa-delle-gondole-venice-photo-1.jpg,low,0,casa-delle-gondole-venice-photo-1.jpg,e13970c449eaa57840bdf0693b984ae1,
/content/flood_dataset_v4/Dataset_Flood/low/images - 2025-01-28T154215.259.jpg,low/images - 2025-01-28T154215.259.jpg,low,0,images - 2025-01-28T154215.259.jpg,13af67b081f761857c4b232955558294,
/content/flood_dataset_v4/Dataset_Flood/low/다운로드 (7).jpg,low/다운로드 (7).jpg,low,0,다운로드 (7).jpg,aff478a1f4d63f0f505938864aa5a85f,
/content/flood_dataset_v4/Dataset_Flood/low/images - 2025-01-28T164427.465.jpg,low/images - 2025-01-28T164427.465.jpg,low,0,images - 2025-01-28T164427.465.jpg,4fef60a50997e65f8ea63e5dffe89dfe,
/content/flood_dataset_v4/Dataset_Flood/low/806694123_1065873216196290_5318548664025102891_n.jpg,low/806694123_1065873216196290_5318548664025102891_n.jpg,low,0,806694123_1065873216196290_5318548664025102891_n.jpg,74183d1c2861df0b58fbf859520b14c8,
/content/flood_dataset_v4/Dataset_Flood/low/702631_302147_5046.jpg,low/702631_302147_5046.jpg,low,0,702631_302147_5046.jpg,0a40d58c380c90635a802ee46951ea30,
/content/flood_dataset_v4/Dataset_Flood/low/images - 2025-01-28T153842.485.jpg,low/images - 2025-01-28T153842.485.jpg,low,0,images - 2025-01-28T153842.485.jpg,9c1c5cf01d91cce990f80060996d36a7,
/content/flood_dataset_v4/Dataset_Flood/low/images - 2025-01-28T152703.479.jpg,low/images - 2025-01-28T152703.479.jpg,low,0,images - 2025-01-28T152703.479.jpg,ec46be2a8643c3b12b341328d4b29a6d,
/content/flood_dataset_v4/Dataset_Flood/low/NISI20180831_0014421289_web.jpg,low/NISI20180831_0014421289_web.jpg,low,0,NISI20180831_0014421289_web.jpg,6a971927325016327ab39e1850e188b6,
/content/flood_dataset_v4/Dataset_Flood/low/다운로드 (57).jpg,low/다운로드 (57).jpg,low,0,다운로드 (57).jpg,e20a5d83df2f156752bd490125b1e81f,
/content/flood_dataset_v4/Dataset_Flood/low/화면 캡처 2025-03-05 164650.jpg,low/화면 캡처 2025-03-05 164650.jpg,low,0,화면 캡처 2025-03-05 164650.jpg,dfc7284151dc26717a2366751eb99d82,
/content/flood_dataset_v4/Dataset_Flood/low/noise_mua.jpg,low/noise_mua.jpg,low,0,noise_mua.jpg,c4c26fcb4cfd81b39bfbdce05a061f61,
/content/flood_dataset_v4/Dataset_Flood/low/images (38).jpg,low/images (38).jpg,low,0,images (38).jpg,77b0590145ec3832eada5d8607305027,
/content/flood_dataset_v4/Dataset_Flood/low/화면 캡처 2025-03-05 160950.jpg,low/화면 캡처 2025-03-05 160950.jpg,low,0,화면 캡처 2025-03-05 160950.jpg,ad54f87c9b5544b3d6f71ffba489d87f,
/content/flood_dataset_v4/Dataset_Flood/low/images (8).jpg,low/images (8).jpg,low,0,images (8).jpg,6bdd43c10fe83904a39c44b6027a6438,
/content/flood_dataset_v4/Dataset_Flood/low/images - 2025-01-28T164859.119.jpg,low/images - 2025-01-28T164859.119.jpg,low,0,images - 2025-01-28T164859.119.jpg,c2f9f0352a52149fee3c0c71f083131b,
/content/flood_dataset_v4/Dataset_Flood/low/화면 캡처 2025-03-05 161332.jpg,low/화면 캡처 2025-03-05 161332.jpg,low,0,화면 캡처 2025-03-05 161332.jpg,b545252508fbbc9e289d88fe5338ffd9,
/content/flood_dataset_v4/Dataset_Flood/low/images - 2025-01-28T151920.023.jpg,low/images - 2025-01-28T151920.023.jpg,low,0,images - 2025-01-28T151920.023.jpg,23800f747c24939d9e1290cef8a693f5,
/content/flood_dataset_v4/Dataset_Flood/low/noise (7).jpg,low/noise (7).jpg,low,0,noise (7).jpg,8e8df0164ed4983bc6c43c375d15aea2,
/content/flood_dataset_v4/Dataset_Flood/low/images (3).jpg,low/images (3).jpg,low,0,images (3).jpg,1546db9d86a03bf241201022301b6d99,
/content/flood_dataset_v4/Dataset_Flood/low/images - 2025-01-28T155346.037.jpg,low/images - 2025-01-28T155346.037.jpg,low,0,images - 2025-01-28T155346.037.jpg,bd394042cb9863ee975b097cfc492f03,
/content/flood_dataset_v4/Dataset_Flood/low/2181320_617865_910.jpg,low/2181320_617865_910.jpg,low,0,2181320_617865_910.jpg,0a81fee79136bd9a8552aed9c0277a7d,
/content/flood_dataset_v4/Dataset_Flood/low/images - 2025-01-28T151819.441.jpg,low/images - 2025-01-28T151819.441.jpg,low,0,images - 2025-01-28T151819.441.jpg,4729179d9a1c2ec11b522619cdbe011b,
/content/flood_dataset_v4/Dataset_Flood/low/images - 2025-01-28T155333.389.jpg,low/images - 2025-01-28T155333.389.jpg,low,0,images - 2025-01-28T155333.389.jpg,bc2171b5fcb1c41c2ee1f10091eef92c,
/content/flood_dataset_v4/Dataset_Flood/low/611212110012634149_1.jpg,low/611212110012634149_1.jpg,low,0,611212110012634149_1.jpg,f35ec7d7264d539cb84c77950780d69e,
/content/flood_dataset_v4/Dataset_Flood/low/images - 2025-01-28T154010.314.jpg,low/images - 2025-01-28T154010.314.jpg,low,0,images - 2025-01-28T154010.314.jpg,908c085169fee495cf817a4523065074,
/content/flood_dataset_v4/Dataset_Flood/low/images - 2025-01-28T164648.101.jpg,low/images - 2025-01-28T164648.101.jpg,low,0,images - 2025-01-28T164648.101.jpg,39752ce72f9324f105001d05aa471619,
/content/flood_dataset_v4/Dataset_Flood/low/images - 2025-01-28T151232.035.jpg,low/images - 2025-01-28T151232.035.jpg,low,0,images - 2025-01-28T151232.035.jpg,bfb723962bc3896324ffa9a57ae53336,
/content/flood_dataset_v4/Dataset_Flood/low/다운로드 (25).jpg,low/다운로드 (25).jpg,low,0,다운로드 (25).jpg,782ecf0b2d1e68d0a335abaf8ec8deff,
/content/flood_dataset_v4/Dataset_Flood/low/images (4).jpg,low/images (4).jpg,low,0,images (4).jpg,01ba7591a9d1451e2ff2e7a97b618a60,
/content/flood_dataset_v4/Dataset_Flood/low/images - 2025-01-28T162927.624.jpg,low/images - 2025-01-28T162927.624.jpg,low,0,images - 2025-01-28T162927.624.jpg,42db071ae4c1ebc07419413c67c969f0,
/content/flood_dataset_v4/Dataset_Flood/low/15978763311597876331_hysk.jpg,low/15978763311597876331_hysk.jpg,low,0,15978763311597876331_hysk.jpg,702eba32dcdcdc5d33d52d1cda523829,
/content/flood_dataset_v4/Dataset_Flood/low/images (89).jpg,low/images (89).jpg,low,0,images (89).jpg,b6635a4ba79e662372cfcf1e1e07e360,
/content/flood_dataset_v4/Dataset_Flood/low/images - 2025-01-28T154048.164.jpg,low/images - 2025-01-28T154048.164.jpg,low,0,images - 2025-01-28T154048.164.jpg,3cf318371c49b945ceb9de0a6e07c5c3,
/content/flood_dataset_v4/Dataset_Flood/low/images - 2025-01-28T154235.405.jpg,low/images - 2025-01-28T154235.405.jpg,low,0,images - 2025-01-28T154235.405.jpg,68b50620c81ee8ad10b88324cf406aad,
/content/flood_dataset_v4/Dataset_Flood/low/image_0426.jpg,low/image_0426.jpg,low,0,image_0426.jpg,1ad398b89235fde9c7463439a0b1b310,
/content/flood_dataset_v4/Dataset_Flood/low/images (33).jpg,low/images (33).jpg,low,0,images (33).jpg,07ab7f11d650e3ca1b44ebaab36892b5,
/content/flood_dataset_v4/Dataset_Flood/low/images (67).jpg,low/images (67).jpg,low,0,images (67).jpg,2ad936ac3dde6db3e523f9fc56759be6,
/content/flood_dataset_v4/Dataset_Flood/low/images (54).jpg,low/images (54).jpg,low,0,images (54).jpg,b9190dcc203f3d8c7442f2a413bb9376,
/content/flood_dataset_v4/Dataset_Flood/low/images - 2025-01-28T154439.622.jpg,low/images - 2025-01-28T154439.622.jpg,low,0,images - 2025-01-28T154439.622.jpg,6c50a30f1fefcc0196d91392033ebb90,
/content/flood_dataset_v4/Dataset_Flood/low/IE003326096_STD.jpg,low/IE003326096_STD.jpg,low,0,IE003326096_STD.jpg,8cf4320a0135d554499050f214af8d61,
/content/flood_dataset_v4/Dataset_Flood/low/images - 2025-01-28T152650.023.jpg,low/images - 2025-01-28T152650.023.jpg,low,0,images - 2025-01-28T152650.023.jpg,dd0cd7a8c6f0b944bd51bdc0e9ddcb1e,
/content/flood_dataset_v4/Dataset_Flood/low/images - 2025-01-28T185152.234.jpg,low/images - 2025-01-28T185152.234.jpg,low,0,images - 2025-01-28T185152.234.jpg,fcc469bee9a988ae584cc306dc0da46a,
/content/flood_dataset_v4/Dataset_Flood/low/images (30).jpg,low/images (30).jpg,low,0,images (30).jpg,79f64c9790f0028f34ef2e255d52431b,
/content/flood_dataset_v4/Dataset_Flood/low/다운로드 (15) 1.jpg,low/다운로드 (15) 1.jpg,low,0,다운로드 (15) 1.jpg,6c318ca0a28db1e32817f2dc4e7742fb,
/content/flood_dataset_v4/Dataset_Flood/low/noise.jpg,low/noise.jpg,low,0,noise.jpg,407ac341abcf1507489b76b7b8749f4c,
/content/flood_dataset_v4/Dataset_Flood/low/images - 2025-01-28T163210.329.jpg,low/images - 2025-01-28T163210.329.jpg,low,0,images - 2025-01-28T163210.329.jpg,2296e1a7fbd9d17d62b288be595e4ffd,
/content/flood_dataset_v4/Dataset_Flood/low/images - 2025-01-28T154330.633.jpg,low/images - 2025-01-28T154330.633.jpg,low,0,images - 2025-01-28T154330.633.jpg,c8be63fcbe0ba1db12bf6e5b39053e5f,
/content/flood_dataset_v4/Dataset_Flood/low/images - 2025-01-28T163057.055.jpg,low/images - 2025-01-28T163057.055.jpg,low,0,images - 2025-01-28T163057.055.jpg,5803e31de3a934a0a2137ae22c98a51a,
/content/flood_dataset_v4/Dataset_Flood/low/images - 2025-01-28T163215.057.jpg,low/images - 2025-01-28T163215.057.jpg,low,0,images - 2025-01-28T163215.057.jpg,950c32263adb5ae2d3aebe6f779e175a,
/content/flood_dataset_v4/Dataset_Flood/low/AKR20240912005700084_14_i_P2.jpg,low/AKR20240912005700084_14_i_P2.jpg,low,0,AKR20240912005700084_14_i_P2.jpg,787acda9f8a9c19ccfebb880e182a085,
/content/flood_dataset_v4/Dataset_Flood/low/images - 2025-01-28T164200.226.jpg,low/images - 2025-01-28T164200.226.jpg,low,0,images - 2025-01-28T164200.226.jpg,a749ed5351eb78d6b6d09fd1cae3ca6b,
/content/flood_dataset_v4/Dataset_Flood/low/images - 2025-01-28T164407.566.jpg,low/images - 2025-01-28T164407.566.jpg,low,0,images - 2025-01-28T164407.566.jpg,304b8513bb5fdd12099c6fc94ad76644,
/content/flood_dataset_v4/Dataset_Flood/low/images (87).jpg,low/images (87).jpg,low,0,images (87).jpg,35ae094e9eccd3fd66cc43949a7154ed,
/content/flood_dataset_v4/Dataset_Flood/low/다운로드 (52).jpg,low/다운로드 (52).jpg,low,0,다운로드 (52).jpg,bd4cea01c4469207048d57d8de46b516,
/content/flood_dataset_v4/Dataset_Flood/low/0f569675-81fe-4a2b-a287-d2bd795d43ba.jpg,low/0f569675-81fe-4a2b-a287-d2bd795d43ba.jpg,low,0,0f569675-81fe-4a2b-a287-d2bd795d43ba.jpg,4258392ec6aa7b00677787baab5e22f6,
/content/flood_dataset_v4/Dataset_Flood/low/images - 2025-01-28T162731.844.jpg,low/images - 2025-01-28T162731.844.jpg,low,0,images - 2025-01-28T162731.844.jpg,ed67e6be2b7654b3114e67394e2c657f,
/content/flood_dataset_v4/Dataset_Flood/low/images - 2025-01-28T151759.595.jpg,low/images - 2025-01-28T151759.595.jpg,low,0,images - 2025-01-28T151759.595.jpg,e7995f30dad47a482c714559fa5c7ac1,
/content/flood_dataset_v4/Dataset_Flood/low/다운로드 (9).jpg,low/다운로드 (9).jpg,low,0,다운로드 (9).jpg,5009d502e2eb2519948b1d594310b8c4,
/content/flood_dataset_v4/Dataset_Flood/low/721750ca-9b42-42b5-8b16-353112338174-Flood3.jpg,low/721750ca-9b42-42b5-8b16-353112338174-Flood3.jpg,low,0,721750ca-9b42-42b5-8b16-353112338174-Flood3.jpg,990076354854de1b3aa438f1861d9b46,
/content/flood_dataset_v4/Dataset_Flood/low/다운로드 (30).jpg,low/다운로드 (30).jpg,low,0,다운로드 (30).jpg,6a9e3eb5f94a6e5522bd5d69c2cbe169,
/content/flood_dataset_v4/Dataset_Flood/low/images - 2025-01-28T185206.840.jpg,low/images - 2025-01-28T185206.840.jpg,low,0,images - 2025-01-28T185206.840.jpg,118be60b7a960e1a9a2716a47985c8c4,
/content/flood_dataset_v4/Dataset_Flood/low/화면 캡처 2025-03-05 165818.jpg,low/화면 캡처 2025-03-05 165818.jpg,low,0,화면 캡처 2025-03-05 165818.jpg,290e1fd2dab4db17af0da521bc6c3ec6,
/content/flood_dataset_v4/Dataset_Flood/low/images - 2025-01-28T154337.022.jpg,low/images - 2025-01-28T154337.022.jpg,low,0,images - 2025-01-28T154337.022.jpg,c121deb9f5794cd3633d3d182eb1f2df,
/content/flood_dataset_v4/Dataset_Flood/low/AKR20240912005700084_09_i_P2.jpg,low/AKR20240912005700084_09_i_P2.jpg,low,0,AKR20240912005700084_09_i_P2.jpg,9332083cb21a35897494e630614a3a86,
/content/flood_dataset_v4/Dataset_Flood/low/images - 2025-01-28T164652.242.jpg,low/images - 2025-01-28T164652.242.jpg,low,0,images - 2025-01-28T164652.242.jpg,e444d6b8b5bd36a9d4bc509379b835ce,
/content/flood_dataset_v4/Dataset_Flood/low/화면 캡처 2025-03-05 164826.jpg,low/화면 캡처 2025-03-05 164826.jpg,low,0,화면 캡처 2025-03-05 164826.jpg,82a74cc184516942a7cbab79589fed96,
/content/flood_dataset_v4/Dataset_Flood/low/images (58).jpg,low/images (58).jpg,low,0,images (58).jpg,88bdfb3208be46b978d083534d475650,
/content/flood_dataset_v4/Dataset_Flood/low/images - 2025-01-28T162955.160.jpg,low/images - 2025-01-28T162955.160.jpg,low,0,images - 2025-01-28T162955.160.jpg,6f4611c75fb53870f47c3f83090e4195,
/content/flood_dataset_v4/Dataset_Flood/low/images - 2025-01-28T154225.875.jpg,low/images - 2025-01-28T154225.875.jpg,low,0,images - 2025-01-28T154225.875.jpg,b9f0cdc83ad5174f3be034055e55b09e,
/content/flood_dataset_v4/Dataset_Flood/low/5562_13560_819.jpg,low/5562_13560_819.jpg,low,0,5562_13560_819.jpg,e76a31f9c4eadecd82487b4e77e72098,
/content/flood_dataset_v4/Dataset_Flood/low/images - 2025-01-28T155610.345.jpg,low/images - 2025-01-28T155610.345.jpg,low,0,images - 2025-01-28T155610.345.jpg,913920039d571047ed8e9f5430476ba4,
/content/flood_dataset_v4/Dataset_Flood/low/images - 2025-01-28T162000.870.jpg,low/images - 2025-01-28T162000.870.jpg,low,0,images - 2025-01-28T162000.870.jpg,44326a2b32e3adef6da5dcde7aedda9d,
/content/flood_dataset_v4/Dataset_Flood/low/images - 2025-01-28T163103.596.jpg,low/images - 2025-01-28T163103.596.jpg,low,0,images - 2025-01-28T163103.596.jpg,d90f4720877793808eab7d6d523b9735,
/content/flood_dataset_v4/Dataset_Flood/low/images (15) 2.jpg,low/images (15) 2.jpg,low,0,images (15) 2.jpg,21bdc2fca6f22f8e61afa23ebcf2c4fb,
/content/flood_dataset_v4/Dataset_Flood/low/00-276.jpg,low/00-276.jpg,low,0,00-276.jpg,985f51ad88181fc0a92c5bf94351fa0d,
/content/flood_dataset_v4/Dataset_Flood/low/images - 2025-01-28T185543.419.jpg,low/images - 2025-01-28T185543.419.jpg,low,0,images - 2025-01-28T185543.419.jpg,c88fa6b306aee59b9b55253cbcaefe06,
/content/flood_dataset_v4/Dataset_Flood/low/MYH20240710015000641.jpg,low/MYH20240710015000641.jpg,low,0,MYH20240710015000641.jpg,b4db8bdf6529342fcc27fcc7541c8878,
/content/flood_dataset_v4/Dataset_Flood/low/images - 2025-01-28T162932.551.jpg,low/images - 2025-01-28T162932.551.jpg,low,0,images - 2025-01-28T162932.551.jpg,b224da46b8944068e306b6a78b48b960,
/content/flood_dataset_v4/Dataset_Flood/low/images (18).jpg,low/images (18).jpg,low,0,images (18).jpg,a617055e85ef824336df9c0a5c5c2b2a,
/content/flood_dataset_v4/Dataset_Flood/low/다운로드 (1).jpg,low/다운로드 (1).jpg,low,0,다운로드 (1).jpg,63c569bb2037f32c43b6f240906f1655,
/content/flood_dataset_v4/Dataset_Flood/low/images - 2025-01-28T164601.331.jpg,low/images - 2025-01-28T164601.331.jpg,low,0,images - 2025-01-28T164601.331.jpg,abce806c099e44c886cb96b99d940e30,
/content/flood_dataset_v4/Dataset_Flood/low/화면 캡처 2025-03-05 161202.jpg,low/화면 캡처 2025-03-05 161202.jpg,low,0,화면 캡처 2025-03-05 161202.jpg,0543f28e3b4bf54573d14932b39b6bdf,
/content/flood_dataset_v4/Dataset_Flood/low/images - 2025-01-28T151259.414.jpg,low/images - 2025-01-28T151259.414.jpg,low,0,images - 2025-01-28T151259.414.jpg,21321941d3952953d0111876e5428c8f,
/content/flood_dataset_v4/Dataset_Flood/low/images - 2025-01-28T154246.804.jpg,low/images - 2025-01-28T154246.804.jpg,low,0,images - 2025-01-28T154246.804.jpg,1021a27f277295c72e945716788cf25d,
/content/flood_dataset_v4/Dataset_Flood/low/images - 2025-01-28T154015.107.jpg,low/images - 2025-01-28T154015.107.jpg,low,0,images - 2025-01-28T154015.107.jpg,4aee109aea6de37e8e21e63cf16bf877,
/content/flood_dataset_v4/Dataset_Flood/low/images - 2025-01-28T164448.787.jpg,low/images - 2025-01-28T164448.787.jpg,low,0,images - 2025-01-28T164448.787.jpg,5bde4b9d8726d0039a13425a8682d682,
/content/flood_dataset_v4/Dataset_Flood/low/images - 2025-01-28T164353.536.jpg,low/images - 2025-01-28T164353.536.jpg,low,0,images - 2025-01-28T164353.536.jpg,a01fc461e12fd7e44b343118f0e0b83c,
/content/flood_dataset_v4/Dataset_Flood/low/images - 2025-01-28T155526.577.jpg,low/images - 2025-01-28T155526.577.jpg,low,0,images - 2025-01-28T155526.577.jpg,e9ebaf50dc0ffa08680ce344c6b32969,
/content/flood_dataset_v4/Dataset_Flood/low/images - 2025-01-28T164438.545.jpg,low/images - 2025-01-28T164438.545.jpg,low,0,images - 2025-01-28T164438.545.jpg,019d9ebd348add2b5931787b80b5b8f4,
/content/flood_dataset_v4/Dataset_Flood/low/20141126alboystownflood-2.jpg,low/20141126alboystownflood-2.jpg,low,0,20141126alboystownflood-2.jpg,5a6382eb7b562f685c97dfac8fa3dea2,
/content/flood_dataset_v4/Dataset_Flood/low/images - 2025-01-28T154000.998.jpg,low/images - 2025-01-28T154000.998.jpg,low,0,images - 2025-01-28T154000.998.jpg,f83a277bc22626677cff3aed8525050b,
/content/flood_dataset_v4/Dataset_Flood/low/images - 2025-01-28T164633.825.jpg,low/images - 2025-01-28T164633.825.jpg,low,0,images - 2025-01-28T164633.825.jpg,4c2185689dffdc9c569e50485a28f61e,
/content/flood_dataset_v4/Dataset_Flood/low/126669313.2.jpg,low/126669313.2.jpg,low,0,126669313.2.jpg,8cf3cf11e8b6153c01d18ad1541702e3,
/content/flood_dataset_v4/Dataset_Flood/low/다운로드 (55).jpg,low/다운로드 (55).jpg,low,0,다운로드 (55).jpg,6b85c53dda516f86f4c3872c9b00209e,
/content/flood_dataset_v4/Dataset_Flood/low/images - 2025-01-28T161955.443.jpg,low/images - 2025-01-28T161955.443.jpg,low,0,images - 2025-01-28T161955.443.jpg,559a4f8aa60ece4742775a13b0bb78b2,
/content/flood_dataset_v4/Dataset_Flood/low/다운로드 (23).jpg,low/다운로드 (23).jpg,low,0,다운로드 (23).jpg,c25cbdef60ffeb5f91a729ddce6227df,
/content/flood_dataset_v4/Dataset_Flood/low/images - 2025-01-28T154034.580.jpg,low/images - 2025-01-28T154034.580.jpg,low,0,images - 2025-01-28T154034.580.jpg,d42cabcb5b0e34345a2cbe3122baafae,
/content/flood_dataset_v4/Dataset_Flood/low/images (27).jpg,low/images (27).jpg,low,0,images (27).jpg,c1696284ebbf3738d0ef35407d74b8b4,
/content/flood_dataset_v4/Dataset_Flood/low/images - 2025-01-28T151845.883.jpg,low/images - 2025-01-28T151845.883.jpg,low,0,images - 2025-01-28T151845.883.jpg,1beb2716f3515a1e42df08e50397e81f,
/content/flood_dataset_v4/Dataset_Flood/low/다운로드 (24).jpg,low/다운로드 (24).jpg,low,0,다운로드 (24).jpg,2d6132112d6dc605f4ac52374b396daa,
/content/flood_dataset_v4/Dataset_Flood/low/화면 캡처 2025-03-05 165641.jpg,low/화면 캡처 2025-03-05 165641.jpg,low,0,화면 캡처 2025-03-05 165641.jpg,14ec8cda6bd6a4130725744839bb3c1a,
/content/flood_dataset_v4/Dataset_Flood/low/4846_12990_4717.jpg,low/4846_12990_4717.jpg,low,0,4846_12990_4717.jpg,48c02b45f2724ed603b8adb3b5d07b22,
/content/flood_dataset_v4/Dataset_Flood/low/images - 2025-01-28T185350.927.jpg,low/images - 2025-01-28T185350.927.jpg,low,0,images - 2025-01-28T185350.927.jpg,c07dd272fc31732c064102e8208d9db9,
/content/flood_dataset_v4/Dataset_Flood/low/JWDX52S32BAFTERZHXMH26GFVE.png,low/JWDX52S32BAFTERZHXMH26GFVE.png,low,0,JWDX52S32BAFTERZHXMH26GFVE.png,5b0f269ab5c4af7e6d524fe351db9ee3,
/content/flood_dataset_v4/Dataset_Flood/low/images (23) 2.jpg,low/images (23) 2.jpg,low,0,images (23) 2.jpg,cd4a68c3ac4cfb9c83bf746f8990bddc,
/content/flood_dataset_v4/Dataset_Flood/low/images - 2025-01-28T164315.489.jpg,low/images - 2025-01-28T164315.489.jpg,low,0,images - 2025-01-28T164315.489.jpg,f387fae9e3a7f5b16778b928c247b04a,
/content/flood_dataset_v4/Dataset_Flood/low/다운로드 (7) 1.jpg,low/다운로드 (7) 1.jpg,low,0,다운로드 (7) 1.jpg,6af96fcda2e2717f2815b87c0f476cee,
/content/flood_dataset_v4/Dataset_Flood/low/화면 캡처 2025-03-05 163830.jpg,low/화면 캡처 2025-03-05 163830.jpg,low,0,화면 캡처 2025-03-05 163830.jpg,d7c517b4fa2027e914af85d39500b6bd,
/content/flood_dataset_v4/Dataset_Flood/low/images - 2025-01-28T151814.128.jpg,low/images - 2025-01-28T151814.128.jpg,low,0,images - 2025-01-28T151814.128.jpg,4f5f78cee4575004c7388e6b044ab827,
/content/flood_dataset_v4/Dataset_Flood/low/images - 2025-01-28T184934.495.jpg,low/images - 2025-01-28T184934.495.jpg,low,0,images - 2025-01-28T184934.495.jpg,7659ac1dcb1dd0a9cb45cc1ba64e3fcc,
/content/flood_dataset_v4/Dataset_Flood/low/803005566_1065370432913235_8636202584573284675_n.jpg,low/803005566_1065370432913235_8636202584573284675_n.jpg,low,0,803005566_1065370432913235_8636202584573284675_n.jpg,780c89641406d02414e7dd11e04f9239,
/content/flood_dataset_v4/Dataset_Flood/low/images - 2025-01-28T164346.961.jpg,low/images - 2025-01-28T164346.961.jpg,low,0,images - 2025-01-28T164346.961.jpg,277afc6c02556255fd6206d30d9cb1ac,
/content/flood_dataset_v4/Dataset_Flood/low/images - 2025-01-28T164422.425.jpg,low/images - 2025-01-28T164422.425.jpg,low,0,images - 2025-01-28T164422.425.jpg,779d07b88cb54456a33b81076bbbb78c,
/content/flood_dataset_v4/Dataset_Flood/low/images - 2025-01-28T163046.836.jpg,low/images - 2025-01-28T163046.836.jpg,low,0,images - 2025-01-28T163046.836.jpg,9f1e2d2eaad1249da97dc56f71bdd3f5,
/content/flood_dataset_v4/Dataset_Flood/low/images (16) 2.jpg,low/images (16) 2.jpg,low,0,images (16) 2.jpg,6e8575ffdaf392785823079bfc3414b4,
/content/flood_dataset_v4/Dataset_Flood/low/다운로드 (8) 1.jpg,low/다운로드 (8) 1.jpg,low,0,다운로드 (8) 1.jpg,061c96e4cb42a5749df2a2405bd5f531,
/content/flood_dataset_v4/Dataset_Flood/low/image_297.jpg,low/image_297.jpg,low,0,image_297.jpg,0e5881507807a245f79a2da3d4796393,
/content/flood_dataset_v4/Dataset_Flood/low/images - 2025-01-28T164829.543.jpg,low/images - 2025-01-28T164829.543.jpg,low,0,images - 2025-01-28T164829.543.jpg,da2c5edaed6b39958d315aa3ef577c2b,
/content/flood_dataset_v4/Dataset_Flood/low/화면 캡처 2025-03-05 164059.jpg,low/화면 캡처 2025-03-05 164059.jpg,low,0,화면 캡처 2025-03-05 164059.jpg,126c0ac0c300f0c2dcd4a40051cb107f,
/content/flood_dataset_v4/Dataset_Flood/low/화면 캡처 2025-03-05 160920.jpg,low/화면 캡처 2025-03-05 160920.jpg,low,0,화면 캡처 2025-03-05 160920.jpg,8408a1d597a03ddf801e97d215418ef1,
/content/flood_dataset_v4/Dataset_Flood/low/화면 캡처 2025-03-05 163856.jpg,low/화면 캡처 2025-03-05 163856.jpg,low,0,화면 캡처 2025-03-05 163856.jpg,e969b161175d3f5670270a5eeb7370d7,
/content/flood_dataset_v4/Dataset_Flood/low/화면 캡처 2025-03-05 164905.jpg,low/화면 캡처 2025-03-05 164905.jpg,low,0,화면 캡처 2025-03-05 164905.jpg,65929f657d4507fd666c49de423ab34b,
/content/flood_dataset_v4/Dataset_Flood/low/images - 2025-01-28T155549.589.jpg,low/images - 2025-01-28T155549.589.jpg,low,0,images - 2025-01-28T155549.589.jpg,e0304273edb76560099383c4cb836eeb,
/content/flood_dataset_v4/Dataset_Flood/low/images - 2025-01-28T185234.496.jpg,low/images - 2025-01-28T185234.496.jpg,low,0,images - 2025-01-28T185234.496.jpg,e9893b351019f69202c50dc7e582ef02,
/content/flood_dataset_v4/Dataset_Flood/low/images (73).jpg,low/images (73).jpg,low,0,images (73).jpg,4735635d770e69abcd9d67cc8dfd4129,
/content/flood_dataset_v4/Dataset_Flood/low/화면 캡처 2025-03-05 163546.jpg,low/화면 캡처 2025-03-05 163546.jpg,low,0,화면 캡처 2025-03-05 163546.jpg,fba194b28b72bf1a4794034022509413,
/content/flood_dataset_v4/Dataset_Flood/low/화면 캡처 2025-03-05 163535.jpg,low/화면 캡처 2025-03-05 163535.jpg,low,0,화면 캡처 2025-03-05 163535.jpg,afc1202c1080a001d5b556410610cb1b,
/content/flood_dataset_v4/Dataset_Flood/low/images - 2025-01-28T162855.395.jpg,low/images - 2025-01-28T162855.395.jpg,low,0,images - 2025-01-28T162855.395.jpg,da71b8180f744977e2b356bfe98c32ee,
/content/flood_dataset_v4/Dataset_Flood/low/PS16100500612.jpg,low/PS16100500612.jpg,low,0,PS16100500612.jpg,89fe81c5527a62004c7d4dfac3f36f25,
/content/flood_dataset_v4/Dataset_Flood/low/images - 2025-01-28T154259.337.jpg,low/images - 2025-01-28T154259.337.jpg,low,0,images - 2025-01-28T154259.337.jpg,c7e8f99fd29456462fbee7a77aaeaa43,
/content/flood_dataset_v4/Dataset_Flood/low/다운로드 (46).jpg,low/다운로드 (46).jpg,low,0,다운로드 (46).jpg,d911c2021e27d306e25cd1a317a4498e,
/content/flood_dataset_v4/Dataset_Flood/low/images - 2025-01-28T152126.981.jpg,low/images - 2025-01-28T152126.981.jpg,low,0,images - 2025-01-28T152126.981.jpg,bc5cdf09c8ca9e32526e772598db596e,
/content/flood_dataset_v4/Dataset_Flood/low/화면 캡처 2025-03-05 161404.jpg,low/화면 캡처 2025-03-05 161404.jpg,low,0,화면 캡처 2025-03-05 161404.jpg,33d1b739d9ae90edfc7ecca9e332973e,
/content/flood_dataset_v4/Dataset_Flood/low/images (32).jpg,low/images (32).jpg,low,0,images (32).jpg,28d36f6f09a67b69add1f610ed30d943,
/content/flood_dataset_v4/Dataset_Flood/low/화면 캡처 2025-03-05 165722.jpg,low/화면 캡처 2025-03-05 165722.jpg,low,0,화면 캡처 2025-03-05 165722.jpg,8dbad8d46f9a090fea9971ec51a99a2f,
/content/flood_dataset_v4/Dataset_Flood/low/다운로드 (27).jpg,low/다운로드 (27).jpg,low,0,다운로드 (27).jpg,f3c333cf86c295a41323b9c626e19bcb,
/content/flood_dataset_v4/Dataset_Flood/low/다운로드 (13).jpg,low/다운로드 (13).jpg,low,0,다운로드 (13).jpg,e3a5352ec0d671a514c4ca19d28e3c51,
/content/flood_dataset_v4/Dataset_Flood/low/images - 2025-01-28T151448.228.jpg,low/images - 2025-01-28T151448.228.jpg,low,0,images - 2025-01-28T151448.228.jpg,85906bfc6850aa415c293ddf740c2bf4,
/content/flood_dataset_v4/Dataset_Flood/low/images - 2025-01-28T152141.086.jpg,low/images - 2025-01-28T152141.086.jpg,low,0,images - 2025-01-28T152141.086.jpg,3dbf40608a391bfbda518de31e3d67ae,
/content/flood_dataset_v4/Dataset_Flood/low/20200903509159.jpg,low/20200903509159.jpg,low,0,20200903509159.jpg,959cbee9c6f792ca6ab3a73bf7945c8f,
/content/flood_dataset_v4/Dataset_Flood/low/images - 2025-01-28T164746.970.jpg,low/images - 2025-01-28T164746.970.jpg,low,0,images - 2025-01-28T164746.970.jpg,4e3ee83ba635691da59dd103e2dd2b20,
/content/flood_dataset_v4/Dataset_Flood/low/images - 2025-01-28T185020.777.jpg,low/images - 2025-01-28T185020.777.jpg,low,0,images - 2025-01-28T185020.777.jpg,6566ef317529a39c091eb8db370b2bbc,
/content/flood_dataset_v4/Dataset_Flood/low/다운로드 (22).jpg,low/다운로드 (22).jpg,low,0,다운로드 (22).jpg,68cf6f940e6e2b8b5e8f651c9cdfec2d,
/content/flood_dataset_v4/Dataset_Flood/low/images (37).jpg,low/images (37).jpg,low,0,images (37).jpg,646da61df0d7a89a1d2f97737593212d,
/content/flood_dataset_v4/Dataset_Flood/low/images - 2025-01-28T184905.989.jpg,low/images - 2025-01-28T184905.989.jpg,low,0,images - 2025-01-28T184905.989.jpg,42c2e714e9dafc553efb14b4aac6356b,
/content/flood_dataset_v4/Dataset_Flood/low/images - 2025-01-28T164356.761.jpg,low/images - 2025-01-28T164356.761.jpg,low,0,images - 2025-01-28T164356.761.jpg,1898f1aaa180a40217adfd8978b161d2,
/content/flood_dataset_v4/Dataset_Flood/low/images200.jpg,low/images200.jpg,low,0,images200.jpg,fed259f98f26c86800d0881eed8c1f2f,
/content/flood_dataset_v4/Dataset_Flood/low/다운로드 (21).jpg,low/다운로드 (21).jpg,low,0,다운로드 (21).jpg,afcbd80b30bfb679a0af994db76b9b4b,
/content/flood_dataset_v4/Dataset_Flood/low/images - 2025-01-28T164704.515.jpg,low/images - 2025-01-28T164704.515.jpg,low,0,images - 2025-01-28T164704.515.jpg,793cc79fae9532f579210be2045a8465,
/content/flood_dataset_v4/Dataset_Flood/low/noise (2).jpg,low/noise (2).jpg,low,0,noise (2).jpg,c8e0c9859deb42acf0c063e028a97a4b,
/content/flood_dataset_v4/Dataset_Flood/low/images - 2025-01-28T155237.362.jpg,low/images - 2025-01-28T155237.362.jpg,low,0,images - 2025-01-28T155237.362.jpg,cbadfcf3871de03ef4ed14e957333a83,
/content/flood_dataset_v4/Dataset_Flood/low/images - 2025-01-28T184858.157.jpg,low/images - 2025-01-28T184858.157.jpg,low,0,images - 2025-01-28T184858.157.jpg,593467ca24e9d000e7ae7e0673635b7a,
/content/flood_dataset_v4/Dataset_Flood/low/images - 2025-01-28T163118.084.jpg,low/images - 2025-01-28T163118.084.jpg,low,0,images - 2025-01-28T163118.084.jpg,5d45b2eb7ef664e676106eec5b056f64,
/content/flood_dataset_v4/Dataset_Flood/low/images - 2025-01-28T184431.213.jpg,low/images - 2025-01-28T184431.213.jpg,low,0,images - 2025-01-28T184431.213.jpg,9bbd5b0a2da1f8c4c2d7998636659289,
/content/flood_dataset_v4/Dataset_Flood/low/화면 캡처 2025-03-05 165749.jpg,low/화면 캡처 2025-03-05 165749.jpg,low,0,화면 캡처 2025-03-05 165749.jpg,fba223bdae7760293cfad0724a697262,
/content/flood_dataset_v4/Dataset_Flood/low/images - 2025-01-28T154421.186.jpg,low/images - 2025-01-28T154421.186.jpg,low,0,images - 2025-01-28T154421.186.jpg,4cad9e307742aec793b03edfb277810b,
/content/flood_dataset_v4/Dataset_Flood/low/화면 캡처 2025-03-05 163951.jpg,low/화면 캡처 2025-03-05 163951.jpg,low,0,화면 캡처 2025-03-05 163951.jpg,e7b8fef65677737b3a3770f4b329564c,
/content/flood_dataset_v4/Dataset_Flood/low/다운로드 (53).jpg,low/다운로드 (53).jpg,low,0,다운로드 (53).jpg,46d94d3330aa52ead8cb802da2f599b0,
/content/flood_dataset_v4/Dataset_Flood/low/images - 2025-01-28T164917.120.jpg,low/images - 2025-01-28T164917.120.jpg,low,0,images - 2025-01-28T164917.120.jpg,2dd24d3b63639e510af566f4106e5ae2,
/content/flood_dataset_v4/Dataset_Flood/low/images (55).jpg,low/images (55).jpg,low,0,images (55).jpg,4f072be469df2d017f47a36e8a0c0a77,
/content/flood_dataset_v4/Dataset_Flood/low/images - 2025-01-28T164111.302.jpg,low/images - 2025-01-28T164111.302.jpg,low,0,images - 2025-01-28T164111.302.jpg,54a8bf0241d3e5c800c5534e8a9b28db,
/content/flood_dataset_v4/Dataset_Flood/low/images - 2025-01-28T152045.509.jpg,low/images - 2025-01-28T152045.509.jpg,low,0,images - 2025-01-28T152045.509.jpg,bf80c6393ee64b4d44961bb557e66f95,
/content/flood_dataset_v4/Dataset_Flood/low/images - 2025-01-28T164148.602.jpg,low/images - 2025-01-28T164148.602.jpg,low,0,images - 2025-01-28T164148.602.jpg,81ca44de431e21778b4236f8f0e05b86,
/content/flood_dataset_v4/Dataset_Flood/low/images - 2025-01-28T151903.718.jpg,low/images - 2025-01-28T151903.718.jpg,low,0,images - 2025-01-28T151903.718.jpg,e4796c9bdac3300f05f5f689921ff85d,
/content/flood_dataset_v4/Dataset_Flood/low/gettyimages-2155580739-612x612.jpg,low/gettyimages-2155580739-612x612.jpg,low,0,gettyimages-2155580739-612x612.jpg,724fe0ea9d6445780242a81bb358757b,
/content/flood_dataset_v4/Dataset_Flood/low/images (52).jpg,low/images (52).jpg,low,0,images (52).jpg,82c666c198989603ba82977f902f2544,
/content/flood_dataset_v4/Dataset_Flood/low/images - 2025-01-28T152238.780.jpg,low/images - 2025-01-28T152238.780.jpg,low,0,images - 2025-01-28T152238.780.jpg,e077b2c62b7faa34b3b7150d5fe32854,
/content/flood_dataset_v4/Dataset_Flood/low/images (34).jpg,low/images (34).jpg,low,0,images (34).jpg,c414d02353cefa482b2315c9bc7c7b41,
/content/flood_dataset_v4/Dataset_Flood/low/images - 2025-01-28T164606.682.jpg,low/images - 2025-01-28T164606.682.jpg,low,0,images - 2025-01-28T164606.682.jpg,e5cff1b81261a8311bd16890d0be6a0e,
/content/flood_dataset_v4/Dataset_Flood/low/화면 캡처 2025-03-05 163923.jpg,low/화면 캡처 2025-03-05 163923.jpg,low,0,화면 캡처 2025-03-05 163923.jpg,89170910954f3a41b57951b750cdce12,
/content/flood_dataset_v4/Dataset_Flood/low/images - 2025-01-28T154128.612.jpg,low/images - 2025-01-28T154128.612.jpg,low,0,images - 2025-01-28T154128.612.jpg,01dcda7083f94d7bbaa7d57759e26e5b,
/content/flood_dataset_v4/Dataset_Flood/low/images (26).jpg,low/images (26).jpg,low,0,images (26).jpg,b9f84e3067ee5eb3d9508eeaf0d3f76a,
/content/flood_dataset_v4/Dataset_Flood/low/a-1697518992.jpg,low/a-1697518992.jpg,low,0,a-1697518992.jpg,35770f7f767a1e7c79bacd9cf8d1615a,
/content/flood_dataset_v4/Dataset_Flood/low/화면 캡처 2025-03-05 161128.jpg,low/화면 캡처 2025-03-05 161128.jpg,low,0,화면 캡처 2025-03-05 161128.jpg,fdb3aba5793b2dfbe3d3579d69195eea,
/content/flood_dataset_v4/Dataset_Flood/low/images - 2025-01-28T184855.222.jpg,low/images - 2025-01-28T184855.222.jpg,low,0,images - 2025-01-28T184855.222.jpg,0a6f183e01f2e3b7178f7ba92608ba0d,
/content/flood_dataset_v4/Dataset_Flood/low/images - 2025-01-28T154445.299.jpg,low/images - 2025-01-28T154445.299.jpg,low,0,images - 2025-01-28T154445.299.jpg,0c42d356e24cfcd48ebf33f13186a2ee,
/content/flood_dataset_v4/Dataset_Flood/low/Mua-lon-nhieu-tuyen-duong-bi-chia-cat-do-ngap.jpg,low/Mua-lon-nhieu-tuyen-duong-bi-chia-cat-do-ngap.jpg,low,0,Mua-lon-nhieu-tuyen-duong-bi-chia-cat-do-ngap.jpg,2cf21f4c18e951f81ba3099edc7db4ea,
/content/flood_dataset_v4/Dataset_Flood/low/img_india_20151202_title-759x500.jpg,low/img_india_20151202_title-759x500.jpg,low,0,img_india_20151202_title-759x500.jpg,6e5652c9e4d4142e712970f2d663cb54,
/content/flood_dataset_v4/Dataset_Flood/low/images (16).jpg,low/images (16).jpg,low,0,images (16).jpg,45d7d77389a95148713cf9da3e902dd8,
/content/flood_dataset_v4/Dataset_Flood/low/images (77).jpg,low/images (77).jpg,low,0,images (77).jpg,5fc210eb6c90936fce859589ae2307d0,
/content/flood_dataset_v4/Dataset_Flood/low/화면 캡처 2025-03-05 164048.jpg,low/화면 캡처 2025-03-05 164048.jpg,low,0,화면 캡처 2025-03-05 164048.jpg,353b7e1364d3f1a5a9721fec26015e93,
/content/flood_dataset_v4/Dataset_Flood/low/images - 2025-01-28T152308.506.jpg,low/images - 2025-01-28T152308.506.jpg,low,0,images - 2025-01-28T152308.506.jpg,c9c31d3f3e2f52c04ede2496f94c6918,
/content/flood_dataset_v4/Dataset_Flood/low/images - 2025-01-28T162946.408.jpg,low/images - 2025-01-28T162946.408.jpg,low,0,images - 2025-01-28T162946.408.jpg,23b1dec8f238457c6d1c53cf377095b5,
/content/flood_dataset_v4/Dataset_Flood/low/images - 2025-01-28T151702.497.jpg,low/images - 2025-01-28T151702.497.jpg,low,0,images - 2025-01-28T151702.497.jpg,b66d00ff85cce9394e7d2e4b91d4460d,
/content/flood_dataset_v4/Dataset_Flood/low/images - 2025-01-28T152711.982.jpg,low/images - 2025-01-28T152711.982.jpg,low,0,images - 2025-01-28T152711.982.jpg,dc728eece30eb0cab6793c6743643beb,
/content/flood_dataset_v4/Dataset_Flood/low/images (20).jpg,low/images (20).jpg,low,0,images (20).jpg,5993d8b95170b71c5b1b0e0a1e1c0055,
/content/flood_dataset_v4/Dataset_Flood/low/images (91).jpg,low/images (91).jpg,low,0,images (91).jpg,b382056bf97519afbac52195c952ae24,
/content/flood_dataset_v4/Dataset_Flood/low/다운로드 (17).jpg,low/다운로드 (17).jpg,low,0,다운로드 (17).jpg,9c537d1a5f906ba10ac1dd682de5c975,
/content/flood_dataset_v4/Dataset_Flood/low/화면 캡처 2025-03-05 164852.jpg,low/화면 캡처 2025-03-05 164852.jpg,low,0,화면 캡처 2025-03-05 164852.jpg,9b6a96f4a9436d3e3242e3819e49b619,
/content/flood_dataset_v4/Dataset_Flood/low/images - 2025-01-28T154115.900.jpg,low/images - 2025-01-28T154115.900.jpg,low,0,images - 2025-01-28T154115.900.jpg,c9fcb453134a76134625a9ea5a14c2f7,
/content/flood_dataset_v4/Dataset_Flood/low/images - 2025-01-28T163255.071.jpg,low/images - 2025-01-28T163255.071.jpg,low,0,images - 2025-01-28T163255.071.jpg,e3a1ea0907c585417251e14dd8da6cb4,
/content/flood_dataset_v4/Dataset_Flood/low/화면 캡처 2025-03-05 161103.jpg,low/화면 캡처 2025-03-05 161103.jpg,low,0,화면 캡처 2025-03-05 161103.jpg,f43244c999fc470588754240965a56e8,
/content/flood_dataset_v4/Dataset_Flood/low/images - 2025-01-28T184929.540.jpg,low/images - 2025-01-28T184929.540.jpg,low,0,images - 2025-01-28T184929.540.jpg,e83b90cebd7d35f379e39dafbb8e1325,
/content/flood_dataset_v4/Dataset_Flood/low/images - 2025-01-28T151340.115.jpg,low/images - 2025-01-28T151340.115.jpg,low,0,images - 2025-01-28T151340.115.jpg,bda91ec5c819c58aa3baa20ce70453b5,
/content/flood_dataset_v4/Dataset_Flood/low/images - 2025-01-28T163935.282.jpg,low/images - 2025-01-28T163935.282.jpg,low,0,images - 2025-01-28T163935.282.jpg,ea45ad87e1ac0f97c9aa11b0b9df1022,
/content/flood_dataset_v4/Dataset_Flood/low/images - 2025-01-28T153932.421.jpg,low/images - 2025-01-28T153932.421.jpg,low,0,images - 2025-01-28T153932.421.jpg,1dac562c7d0fe1170489967b3225a4b1,
/content/flood_dataset_v4/Dataset_Flood/low/화면 캡처 2025-03-05 164019.jpg,low/화면 캡처 2025-03-05 164019.jpg,low,0,화면 캡처 2025-03-05 164019.jpg,25525480b1ec417f95201c529a840bbf,
/content/flood_dataset_v4/Dataset_Flood/low/화면 캡처 2025-03-05 161354.jpg,low/화면 캡처 2025-03-05 161354.jpg,low,0,화면 캡처 2025-03-05 161354.jpg,dc390c23ed861f5ab6e05aae07cf689b,
/content/flood_dataset_v4/Dataset_Flood/low/화면 캡처 2025-03-05 161645.jpg,low/화면 캡처 2025-03-05 161645.jpg,low,0,화면 캡처 2025-03-05 161645.jpg,ff684a65a1824e20f115144c4435e9c4,
/content/flood_dataset_v4/Dataset_Flood/low/images - 2025-01-28T151346.175.jpg,low/images - 2025-01-28T151346.175.jpg,low,0,images - 2025-01-28T151346.175.jpg,b8d41a5ea7a463e68e0331be3d40031d,
/content/flood_dataset_v4/Dataset_Flood/low/images - 2025-01-28T185223.638.jpg,low/images - 2025-01-28T185223.638.jpg,low,0,images - 2025-01-28T185223.638.jpg,e2df4005f50a012e4875a736c3db5693,
/content/flood_dataset_v4/Dataset_Flood/low/화면 캡처 2025-03-05 164407.jpg,low/화면 캡처 2025-03-05 164407.jpg,low,0,화면 캡처 2025-03-05 164407.jpg,2809f4b823abaf36e7fdab31a91fe5de,
/content/flood_dataset_v4/Dataset_Flood/low/images - 2025-01-28T185358.508.jpg,low/images - 2025-01-28T185358.508.jpg,low,0,images - 2025-01-28T185358.508.jpg,584587032ace45317fb3b43cac87967b,
/content/flood_dataset_v4/Dataset_Flood/low/noise_mua (2).jpg,low/noise_mua (2).jpg,low,0,noise_mua (2).jpg,c65e2402d7286fde0672d93089773b13,
/content/flood_dataset_v4/Dataset_Flood/low/images (74).jpg,low/images (74).jpg,low,0,images (74).jpg,7df3c348561ee351d657c4b0e0bf60dd,
/content/flood_dataset_v4/Dataset_Flood/low/images - 2025-01-28T162718.539.jpg,low/images - 2025-01-28T162718.539.jpg,low,0,images - 2025-01-28T162718.539.jpg,439a9b9c1aab59a1d0b41fd625f89f01,
/content/flood_dataset_v4/Dataset_Flood/low/images - 2025-01-28T151834.916.jpg,low/images - 2025-01-28T151834.916.jpg,low,0,images - 2025-01-28T151834.916.jpg,47b2d484de2dcd8a0bf663c37070d98f,
/content/flood_dataset_v4/Dataset_Flood/low/images (48).jpg,low/images (48).jpg,low,0,images (48).jpg,c4be79a33d8835f6343d9acc3f76b566,
/content/flood_dataset_v4/Dataset_Flood/low/806467541_1065873186196293_5985061813728305786_n.jpg,low/806467541_1065873186196293_5985061813728305786_n.jpg,low,0,806467541_1065873186196293_5985061813728305786_n.jpg,0a1c7ea2e79a820b38835c17a291213d,
/content/flood_dataset_v4/Dataset_Flood/low/다운로드 (15).jpg,low/다운로드 (15).jpg,low,0,다운로드 (15).jpg,e01ffd76f3a35c98c37590d17f68d8af,
/content/flood_dataset_v4/Dataset_Flood/low/images - 2025-01-28T151914.493.jpg,low/images - 2025-01-28T151914.493.jpg,low,0,images - 2025-01-28T151914.493.jpg,afe94f0a9bbc66fb1846ca9512846ea4,
/content/flood_dataset_v4/Dataset_Flood/low/images - 2025-01-28T164732.807.jpg,low/images - 2025-01-28T164732.807.jpg,low,0,images - 2025-01-28T164732.807.jpg,024b846e02f81df4471c8eb1415879bf,
/content/flood_dataset_v4/Dataset_Flood/low/화면 캡처 2025-03-05 163845.jpg,low/화면 캡처 2025-03-05 163845.jpg,low,0,화면 캡처 2025-03-05 163845.jpg,cefa88510e89816958f4027c7d7c2d24,
/content/flood_dataset_v4/Dataset_Flood/low/images (80).jpg,low/images (80).jpg,low,0,images (80).jpg,e90588dc4ba8ac5d69801f2df5dc6a4e,
/content/flood_dataset_v4/Dataset_Flood/low/images - 2025-01-28T154435.446.jpg,low/images - 2025-01-28T154435.446.jpg,low,0,images - 2025-01-28T154435.446.jpg,a41b783b551e866bc2e7ed7962c56fd3,
/content/flood_dataset_v4/Dataset_Flood/low/images - 2025-01-28T153836.835.jpg,low/images - 2025-01-28T153836.835.jpg,low,0,images - 2025-01-28T153836.835.jpg,5b2d74d20e81d5f6eeaa4d82f025b6d2,
/content/flood_dataset_v4/Dataset_Flood/low/images - 2025-01-28T154303.453.jpg,low/images - 2025-01-28T154303.453.jpg,low,0,images - 2025-01-28T154303.453.jpg,45488f92cd89d976107bf0d95dab9cb8,
/content/flood_dataset_v4/Dataset_Flood/low/images.jpg,low/images.jpg,low,0,images.jpg,116ddcb9965f89265e214abdf42fac94,
/content/flood_dataset_v4/Dataset_Flood/low/images - 2025-01-28T155157.052.jpg,low/images - 2025-01-28T155157.052.jpg,low,0,images - 2025-01-28T155157.052.jpg,48d086c28846103f5b06345dca67c238,
/content/flood_dataset_v4/Dataset_Flood/low/다운로드 (33).jpg,low/다운로드 (33).jpg,low,0,다운로드 (33).jpg,ddca9347506dc4390ff4a472dce39feb,
/content/flood_dataset_v4/Dataset_Flood/low/화면 캡처 2025-03-05 164330.jpg,low/화면 캡처 2025-03-05 164330.jpg,low,0,화면 캡처 2025-03-05 164330.jpg,03d6dd2e311f5f6c4af34a1908ca1ef2,
/content/flood_dataset_v4/Dataset_Flood/low/images (500).jpg,low/images (500).jpg,low,0,images (500).jpg,b8721daeb69c548f7564028864af7ea0,
/content/flood_dataset_v4/Dataset_Flood/low/images - 2025-01-28T163957.275.jpg,low/images - 2025-01-28T163957.275.jpg,low,0,images - 2025-01-28T163957.275.jpg,78237a6b012264571f4afcc908831718,
/content/flood_dataset_v4/Dataset_Flood/low/images (23).jpg,low/images (23).jpg,low,0,images (23).jpg,6c6dfac72bdebfbbd101efa8f7b6d511,
/content/flood_dataset_v4/Dataset_Flood/low/다운로드 (16).jpg,low/다운로드 (16).jpg,low,0,다운로드 (16).jpg,c7205c3a51bcd7d76310e2c30ef51989,
/content/flood_dataset_v4/Dataset_Flood/low/images (12) 2.png,low/images (12) 2.png,low,0,images (12) 2.png,d7346b95feac7da35c324a2cd5bc7406,
/content/flood_dataset_v4/Dataset_Flood/low/화면 캡처 2025-03-05 160817.jpg,low/화면 캡처 2025-03-05 160817.jpg,low,0,화면 캡처 2025-03-05 160817.jpg,772c80a0a467009df48ffa866b4a10ac,
/content/flood_dataset_v4/Dataset_Flood/low/images - 2025-01-28T163130.273.jpg,low/images - 2025-01-28T163130.273.jpg,low,0,images - 2025-01-28T163130.273.jpg,0e913701d93779ede16a2601a129a0ff,
/content/flood_dataset_v4/Dataset_Flood/low/images (14).jpg,low/images (14).jpg,low,0,images (14).jpg,1bf4f64477617d2a9b17f5a84184ea28,
/content/flood_dataset_v4/Dataset_Flood/low/images - 2025-01-28T155205.343.jpg,low/images - 2025-01-28T155205.343.jpg,low,0,images - 2025-01-28T155205.343.jpg,fbae4e2d210ddf4928fcdc93ac841925,
/content/flood_dataset_v4/Dataset_Flood/low/images (65).jpg,low/images (65).jpg,low,0,images (65).jpg,d3eec64dfdfa42d0512b5097f0de081b,
/content/flood_dataset_v4/Dataset_Flood/low/141311908-samutprakan-태국-2017년-10월-18일-가족들이-골목에서-비와-홍수-속에서-오토바이를.jpg,low/141311908-samutprakan-태국-2017년-10월-18일-가족들이-골목에서-비와-홍수-속에서-오토바이를.jpg,low,0,141311908-samutprakan-태국-2017년-10월-18일-가족들이-골목에서-비와-홍수-속에서-오토바이를.jpg,25e7a99edf79d9e6c3eca595feb70bdf,
/content/flood_dataset_v4/Dataset_Flood/low/807086466_1065873419529603_5552924977017790365_n.jpg,low/807086466_1065873419529603_5552924977017790365_n.jpg,low,0,807086466_1065873419529603_5552924977017790365_n.jpg,2983f2d6039c0b6de636f3bec87a74c9,
/content/flood_dataset_v4/Dataset_Flood/low/images - 2025-01-28T152051.161.jpg,low/images - 2025-01-28T152051.161.jpg,low,0,images - 2025-01-28T152051.161.jpg,0a60080c3aab770cdc6c6564f829bc8b,
/content/flood_dataset_v4/Dataset_Flood/low/images (28).jpg,low/images (28).jpg,low,0,images (28).jpg,53e84b1cb33bd56b6acec93e885fb2c7,
/content/flood_dataset_v4/Dataset_Flood/low/images - 2025-01-28T151642.863.jpg,low/images - 2025-01-28T151642.863.jpg,low,0,images - 2025-01-28T151642.863.jpg,5f638df6093d33b3b54f831459231a4d,
/content/flood_dataset_v4/Dataset_Flood/low/images - 2025-01-28T164419.296.jpg,low/images - 2025-01-28T164419.296.jpg,low,0,images - 2025-01-28T164419.296.jpg,7b320f13c26e31d7b79f360d30396222,
/content/flood_dataset_v4/Dataset_Flood/low/images - 2025-01-28T185413.239.jpg,low/images - 2025-01-28T185413.239.jpg,low,0,images - 2025-01-28T185413.239.jpg,7cbdc3eb7b73017edec7894c88d07df2,
/content/flood_dataset_v4/Dataset_Flood/low/images - 2025-01-28T164459.248.jpg,low/images - 2025-01-28T164459.248.jpg,low,0,images - 2025-01-28T164459.248.jpg,b90a9b4f0afc6471c39ce0979e89cfc4,
/content/flood_dataset_v4/Dataset_Flood/low/images - 2025-01-28T154005.834.jpg,low/images - 2025-01-28T154005.834.jpg,low,0,images - 2025-01-28T154005.834.jpg,a0aafe35f463ec374bf6c55829bfc773,
/content/flood_dataset_v4/Dataset_Flood/low/다운로드 (12) 1.jpg,low/다운로드 (12) 1.jpg,low,0,다운로드 (12) 1.jpg,5211b21357e4637f150522550eebb1ff,
/content/flood_dataset_v4/Dataset_Flood/low/images - 2025-01-28T151929.457.jpg,low/images - 2025-01-28T151929.457.jpg,low,0,images - 2025-01-28T151929.457.jpg,a1122dd86f609a307f1fa9d83fc69c66,
/content/flood_dataset_v4/Dataset_Flood/low/화면 캡처 2025-03-05 163556.jpg,low/화면 캡처 2025-03-05 163556.jpg,low,0,화면 캡처 2025-03-05 163556.jpg,0e0f55233714377d9210bc4ee4d56096,
/content/flood_dataset_v4/Dataset_Flood/low/images (13) 2.jpg,low/images (13) 2.jpg,low,0,images (13) 2.jpg,03e8559433e926c10af3d21a6000dd3c,
/content/flood_dataset_v4/Dataset_Flood/low/다운로드 (29).jpg,low/다운로드 (29).jpg,low,0,다운로드 (29).jpg,5f78dce94b8c97f73b53432fb7fd82c7,
/content/flood_dataset_v4/Dataset_Flood/low/images - 2025-01-28T152013.342.jpg,low/images - 2025-01-28T152013.342.jpg,low,0,images - 2025-01-28T152013.342.jpg,ea36fca1f0d9d519c25a60cd9a156974,
/content/flood_dataset_v4/Dataset_Flood/low/화면 캡처 2025-03-05 161116.jpg,low/화면 캡처 2025-03-05 161116.jpg,low,0,화면 캡처 2025-03-05 161116.jpg,5062b11618a4745dd2e15b52c38c6645,
/content/flood_dataset_v4/Dataset_Flood/low/images (51).jpg,low/images (51).jpg,low,0,images (51).jpg,ce90460ffc0004ef2b4fd435f41acb1a,
/content/flood_dataset_v4/Dataset_Flood/low/2020080811278264154_1.jpg,low/2020080811278264154_1.jpg,low,0,2020080811278264154_1.jpg,d021e34a3d000f3fe6629f329a08ba05,
/content/flood_dataset_v4/Dataset_Flood/low/images - 2025-01-28T162754.217.jpg,low/images - 2025-01-28T162754.217.jpg,low,0,images - 2025-01-28T162754.217.jpg,487e0465422f3c65dddea003f7331a95,
/content/flood_dataset_v4/Dataset_Flood/low/images - 2025-01-28T152202.438.jpg,low/images - 2025-01-28T152202.438.jpg,low,0,images - 2025-01-28T152202.438.jpg,f2c17b5710c62b46a5bb24fcf8dc025f,
/content/flood_dataset_v4/Dataset_Flood/low/images - 2025-01-28T153954.987.jpg,low/images - 2025-01-28T153954.987.jpg,low,0,images - 2025-01-28T153954.987.jpg,d58566d24e6861a4d45f6b929a3ab727,
/content/flood_dataset_v4/Dataset_Flood/low/flood_6194.jpg,low/flood_6194.jpg,low,0,flood_6194.jpg,148362fa497acd38d75a7f007d6835ee,
/content/flood_dataset_v4/Dataset_Flood/low/images - 2025-01-28T164411.442.jpg,low/images - 2025-01-28T164411.442.jpg,low,0,images - 2025-01-28T164411.442.jpg,ada61bfb5d7d2120d3fa21e45febcf37,
/content/flood_dataset_v4/Dataset_Flood/low/2023072601001953000076161.jpg,low/2023072601001953000076161.jpg,low,0,2023072601001953000076161.jpg,115ba7401e4a6ecacec81f9e1969ad72,
/content/flood_dataset_v4/Dataset_Flood/low/images (90).jpg,low/images (90).jpg,low,0,images (90).jpg,740a83308a27ccd22fa42b8404978955,
/content/flood_dataset_v4/Dataset_Flood/low/images (24).jpg,low/images (24).jpg,low,0,images (24).jpg,bbf3c292040f7c11115f22a2ee900dbb,
/content/flood_dataset_v4/Dataset_Flood/low/images - 2025-01-28T151404.786.jpg,low/images - 2025-01-28T151404.786.jpg,low,0,images - 2025-01-28T151404.786.jpg,3825696db9b299ecaf5b8ff44dfbe2c4,
/content/flood_dataset_v4/Dataset_Flood/low/images (50).jpg,low/images (50).jpg,low,0,images (50).jpg,b71e625eee8ad305e959c20e30665933,
/content/flood_dataset_v4/Dataset_Flood/low/images (47).jpg,low/images (47).jpg,low,0,images (47).jpg,351a0074d30e36d15d8f911efcc6a8b8,
/content/flood_dataset_v4/Dataset_Flood/low/images - 2025-01-28T152338.056.jpg,low/images - 2025-01-28T152338.056.jpg,low,0,images - 2025-01-28T152338.056.jpg,1c22e98ce99d73e8c647727786f970e6,
/content/flood_dataset_v4/Dataset_Flood/low/다운로드.jpg,low/다운로드.jpg,low,0,다운로드.jpg,6b2c1bf9db49d895458d66867b39123e,
/content/flood_dataset_v4/Dataset_Flood/low/images - 2025-01-28T164431.273.jpg,low/images - 2025-01-28T164431.273.jpg,low,0,images - 2025-01-28T164431.273.jpg,75c1d83a7462e9ecdfd3d800a4c51a2a,
/content/flood_dataset_v4/Dataset_Flood/low/화면 캡처 2025-03-05 164038.jpg,low/화면 캡처 2025-03-05 164038.jpg,low,0,화면 캡처 2025-03-05 164038.jpg,e86177906e8debcbc9c5fbd6701ac4f7,
/content/flood_dataset_v4/Dataset_Flood/low/images (19).jpg,low/images (19).jpg,low,0,images (19).jpg,283e8cf3e660f4e417f20ac85f0a818d,
/content/flood_dataset_v4/Dataset_Flood/low/images - 2025-01-28T163005.197.jpg,low/images - 2025-01-28T163005.197.jpg,low,0,images - 2025-01-28T163005.197.jpg,b420072eaa65ea8be162bc86d89245fa,
/content/flood_dataset_v4/Dataset_Flood/low/images - 2025-01-28T184954.092.jpg,low/images - 2025-01-28T184954.092.jpg,low,0,images - 2025-01-28T184954.092.jpg,30b129d54e9e949e698b6c8c85c42356,
/content/flood_dataset_v4/Dataset_Flood/low/image_203.jpeg,low/image_203.jpeg,low,0,image_203.jpeg,4728845f092a3020ee58c29bb10e003f,
/content/flood_dataset_v4/Dataset_Flood/low/img1.jpeg,low/img1.jpeg,low,0,img1.jpeg,2a16094e54a88c96aecd195e93db92ea,
/content/flood_dataset_v4/Dataset_Flood/low/다운로드 (50).jpg,low/다운로드 (50).jpg,low,0,다운로드 (50).jpg,9203dac0f9a3f78ddc166d20f7afeb25,
/content/flood_dataset_v4/Dataset_Flood/low/images - 2025-01-28T154100.222.jpg,low/images - 2025-01-28T154100.222.jpg,low,0,images - 2025-01-28T154100.222.jpg,6f0a4de1fb43b1812a4d83127c05d5bd,
/content/flood_dataset_v4/Dataset_Flood/low/images - 2025-01-28T163222.629.jpg,low/images - 2025-01-28T163222.629.jpg,low,0,images - 2025-01-28T163222.629.jpg,d818b8805156613941d2c2bc871bc8be,
/content/flood_dataset_v4/Dataset_Flood/low/다운로드 (11).jpg,low/다운로드 (11).jpg,low,0,다운로드 (11).jpg,73b683db1f377cb76bc2d6ac23b2bb68,
/content/flood_dataset_v4/Dataset_Flood/low/images - 2025-01-28T162705.740.jpg,low/images - 2025-01-28T162705.740.jpg,low,0,images - 2025-01-28T162705.740.jpg,3edb48dbaf9562ce52390db4d1c72e98,
/content/flood_dataset_v4/Dataset_Flood/low/images (25).jpg,low/images (25).jpg,low,0,images (25).jpg,f109a22d0167ccf473330ae0cd472c0a,
/content/flood_dataset_v4/Dataset_Flood/low/images - 2025-01-28T163022.980.jpg,low/images - 2025-01-28T163022.980.jpg,low,0,images - 2025-01-28T163022.980.jpg,810ca5689854576f860629a48b15478b,
/content/flood_dataset_v4/Dataset_Flood/low/다운로드 (19).jpg,low/다운로드 (19).jpg,low,0,다운로드 (19).jpg,c9c26366d1dd9f2f43f43b3cc8f860e3,
/content/flood_dataset_v4/Dataset_Flood/low/images - 2025-01-28T164713.143.jpg,low/images - 2025-01-28T164713.143.jpg,low,0,images - 2025-01-28T164713.143.jpg,ea37925a5319e4739374de3af8becebc,
/content/flood_dataset_v4/Dataset_Flood/low/화면 캡처 2025-03-05 163937.jpg,low/화면 캡처 2025-03-05 163937.jpg,low,0,화면 캡처 2025-03-05 163937.jpg,f4d8f4bd011a9661677a6a3f6bf2fe00,
/content/flood_dataset_v4/Dataset_Flood/low/images - 2025-01-28T185253.378.jpg,low/images - 2025-01-28T185253.378.jpg,low,0,images - 2025-01-28T185253.378.jpg,935edb591b2b6c985de9853839842529,
/content/flood_dataset_v4/Dataset_Flood/low/images - 2025-01-28T162814.824.jpg,low/images - 2025-01-28T162814.824.jpg,low,0,images - 2025-01-28T162814.824.jpg,80fe3df28b02e967bed79deffdd1d95e,
/content/flood_dataset_v4/Dataset_Flood/medium/images (12).jpg,medium/images (12).jpg,medium,1,images (12).jpg,76b516884e2c4a162902ad8d4acd3b2d,
/content/flood_dataset_v4/Dataset_Flood/medium/images - 2025-01-28T155701.730.jpg,medium/images - 2025-01-28T155701.730.jpg,medium,1,images - 2025-01-28T155701.730.jpg,4be397104daf403b38a246033a8a027f,
/content/flood_dataset_v4/Dataset_Flood/medium/image_350.jpg,medium/image_350.jpg,medium,1,image_350.jpg,208c45f5a388316b3a9dffbc6c404bfa,
/content/flood_dataset_v4/Dataset_Flood/medium/images (49).jpg,medium/images (49).jpg,medium,1,images (49).jpg,407f60294eadcbe2d006d3c0fdaf935d,
/content/flood_dataset_v4/Dataset_Flood/medium/bo-doi-dam-minh-trong-dong-nuoc-giai-cuu-nguoi-dan-o-khu-dan-cu-duong-me-suot-phoa-khanh-tpda-nanganh-ngoc-han-1762190471385332925795.webp,medium/bo-doi-dam-minh-trong-dong-nuoc-giai-cuu-nguoi-dan-o-khu-dan-cu-duong-me-suot-phoa-khanh-tpda-nanganh-ngoc-han-1762190471385332925795.webp,medium,1,bo-doi-dam-minh-trong-dong-nuoc-giai-cuu-nguoi-dan-o-khu-dan-cu-duong-me-suot-phoa-khanh-tpda-nanganh-ngoc-han-1762190471385332925795.webp,7213bf998a84674e033acdf694341ae3,
/content/flood_dataset_v4/Dataset_Flood/medium/images - 2025-01-28T164558.649.jpg,medium/images - 2025-01-28T164558.649.jpg,medium,1,images - 2025-01-28T164558.649.jpg,f9a6d323c29df2f3e8976b7b0b402dd7,
/content/flood_dataset_v4/Dataset_Flood/medium/images (86).jpg,medium/images (86).jpg,medium,1,images (86).jpg,45bc43f2851d1add0c09d9c7dbcb150a,
/content/flood_dataset_v4/Dataset_Flood/medium/802900370_1065370739579871_1346956808986737715_n.jpg,medium/802900370_1065370739579871_1346956808986737715_n.jpg,medium,1,802900370_1065370739579871_1346956808986737715_n.jpg,9d9deaa64946439f7304eb818064f8cb,
/content/flood_dataset_v4/Dataset_Flood/medium/tải xuống.jpg,medium/tải xuống.jpg,medium,1,tải xuống.jpg,84b09fd0e234a01c8578cefbacdac2b7,
/content/flood_dataset_v4/Dataset_Flood/medium/mua gay ngap o cam pha ngay 19-5 26-1.jpg,medium/mua gay ngap o cam pha ngay 19-5 26-1.jpg,medium,1,mua gay ngap o cam pha ngay 19-5 26-1.jpg,aa5575ccbdb646ce1703a42762a73b23,
/content/flood_dataset_v4/Dataset_Flood/medium/gen-h-z7184034546164_6c7106825d1bdbf0eaee667fd67869f4.webp,medium/gen-h-z7184034546164_6c7106825d1bdbf0eaee667fd67869f4.webp,medium,1,gen-h-z7184034546164_6c7106825d1bdbf0eaee667fd67869f4.webp,ad06180021bd7c3956cfd50df15ed34b,
/content/flood_dataset_v4/Dataset_Flood/medium/images (15).jpg,medium/images (15).jpg,medium,1,images (15).jpg,1150cf7b378489cce137f48d015105e8,
/content/flood_dataset_v4/Dataset_Flood/medium/images (40).jpg,medium/images (40).jpg,medium,1,images (40).jpg,535fd2f03247b078e1375e6dcae30f9d,
/content/flood_dataset_v4/Dataset_Flood/medium/다운로드 (32).jpg,medium/다운로드 (32).jpg,medium,1,다운로드 (32).jpg,90832f866058c9bf4868e6fbfc735716,
/content/flood_dataset_v4/Dataset_Flood/medium/images (78).jpg,medium/images (78).jpg,medium,1,images (78).jpg,b11553676aac16b5d55398391e0b5666,
/content/flood_dataset_v4/Dataset_Flood/medium/805925612_1065370592913219_8379143836208084212_n.jpg,medium/805925612_1065370592913219_8379143836208084212_n.jpg,medium,1,805925612_1065370592913219_8379143836208084212_n.jpg,fa9fde2597ed36c60e3ecba58497bfc4,
/content/flood_dataset_v4/Dataset_Flood/medium/다운로드 (14) 1.jpg,medium/다운로드 (14) 1.jpg,medium,1,다운로드 (14) 1.jpg,06428320cc70e69bca81adfd36d14198,
/content/flood_dataset_v4/Dataset_Flood/medium/images (31).jpg,medium/images (31).jpg,medium,1,images (31).jpg,79626bd010fd7372cd2edc13f9151f2c,
/content/flood_dataset_v4/Dataset_Flood/medium/NISI20180827_0014407508_web.jpg,medium/NISI20180827_0014407508_web.jpg,medium,1,NISI20180827_0014407508_web.jpg,ce1e28e557d6726df89f7d689a8e257d,
/content/flood_dataset_v4/Dataset_Flood/medium/image_0040.jpg,medium/image_0040.jpg,medium,1,image_0040.jpg,efbf24ae00095b3dac0b4b96b0644c12,
/content/flood_dataset_v4/Dataset_Flood/medium/chay-lu-7-21441025-1730073553208-1730073553540228535485.webp,medium/chay-lu-7-21441025-1730073553208-1730073553540228535485.webp,medium,1,chay-lu-7-21441025-1730073553208-1730073553540228535485.webp,642cf0bed21920719c4cc1b9e27eb7f9,
/content/flood_dataset_v4/Dataset_Flood/medium/image_0032.jpg,medium/image_0032.jpg,medium,1,image_0032.jpg,22cb7f7ff7896766e0a9d33b0ddc1e51,
/content/flood_dataset_v4/Dataset_Flood/medium/images (22).jpg,medium/images (22).jpg,medium,1,images (22).jpg,238afcf10aec28406569c384b62c3e92,
/content/flood_dataset_v4/Dataset_Flood/medium/fcce866287794b6ca20765acc1faa211.webp,medium/fcce866287794b6ca20765acc1faa211.webp,medium,1,fcce866287794b6ca20765acc1faa211.webp,fbd70a3ece94c97373f3ffa2e3c3c00f,
/content/flood_dataset_v4/Dataset_Flood/medium/cuuho-19-4795-1763627595.webp,medium/cuuho-19-4795-1763627595.webp,medium,1,cuuho-19-4795-1763627595.webp,08306a43ffaac2bdfda5e9dcd3d9bcc5,
/content/flood_dataset_v4/Dataset_Flood/medium/images (66).jpg,medium/images (66).jpg,medium,1,images (66).jpg,7e9d877c44df7047c5becaa7fa509030,
/content/flood_dataset_v4/Dataset_Flood/medium/38.jpg,medium/38.jpg,medium,1,38.jpg,f0b93f017a2e9f8f74b03a2375c38eef,
/content/flood_dataset_v4/Dataset_Flood/medium/noii.webp,medium/noii.webp,medium,1,noii.webp,5816a13b18ea148e54a242e7950b8279,
/content/flood_dataset_v4/Dataset_Flood/medium/images (45).jpg,medium/images (45).jpg,medium,1,images (45).jpg,7c0f4a0b4399abe45dc6ee961f5aac41,
/content/flood_dataset_v4/Dataset_Flood/medium/img6.jpg,medium/img6.jpg,medium,1,img6.jpg,68a94e76d84d347485a0005975d445aa,
/content/flood_dataset_v4/Dataset_Flood/medium/images - 2025-01-28T151824.707.jpg,medium/images - 2025-01-28T151824.707.jpg,medium,1,images - 2025-01-28T151824.707.jpg,c411fba9f75ea76b09589f5a86034a59,
/content/flood_dataset_v4/Dataset_Flood/medium/images (12) 2.jpg,medium/images (12) 2.jpg,medium,1,images (12) 2.jpg,7944d27009c31f862824be00aad67bb2,
/content/flood_dataset_v4/Dataset_Flood/medium/sau-lu-lich-su-nguoi-dan-gia-lai-tin-rang-con-nguoi-la-con-tat-cadoan-cong-1jpgjpg-1763745085085.webp,medium/sau-lu-lich-su-nguoi-dan-gia-lai-tin-rang-con-nguoi-la-con-tat-cadoan-cong-1jpgjpg-1763745085085.webp,medium,1,sau-lu-lich-su-nguoi-dan-gia-lai-tin-rang-con-nguoi-la-con-tat-cadoan-cong-1jpgjpg-1763745085085.webp,9f2e8fdd1bbf1b59cadae97d5a0c0980,
/content/flood_dataset_v4/Dataset_Flood/medium/images (2).jpg,medium/images (2).jpg,medium,1,images (2).jpg,1d45f7b597e8961ac7a66ac5ef24c5c7,
/content/flood_dataset_v4/Dataset_Flood/medium/image_302.jpg,medium/image_302.jpg,medium,1,image_302.jpg,a792bdaf66fa6e328eb59eab6e8a28ce,
/content/flood_dataset_v4/Dataset_Flood/medium/1005342_18039_1920.jpg,medium/1005342_18039_1920.jpg,medium,1,1005342_18039_1920.jpg,02e916d27cb2508b24ebb950a02af1e3,
/content/flood_dataset_v4/Dataset_Flood/medium/z5675153483527cd80a92c47aaeb3ab9a8fbe5fd9bdaba-1722134771986321631296.webp,medium/z5675153483527cd80a92c47aaeb3ab9a8fbe5fd9bdaba-1722134771986321631296.webp,medium,1,z5675153483527cd80a92c47aaeb3ab9a8fbe5fd9bdaba-1722134771986321631296.webp,36ca08f348225d21d775758ee29fb370,
/content/flood_dataset_v4/Dataset_Flood/medium/flood_6329.jpg,medium/flood_6329.jpg,medium,1,flood_6329.jpg,e14de6d08ff62336e60403e8f3bca3e5,
/content/flood_dataset_v4/Dataset_Flood/medium/flood_6166.jpg,medium/flood_6166.jpg,medium,1,flood_6166.jpg,73a06709b8252722dc0e1f017bf21966,
/content/flood_dataset_v4/Dataset_Flood/medium/image_198.jpg,medium/image_198.jpg,medium,1,image_198.jpg,b75c00931ab51d384da23ef893097a2c,
/content/flood_dataset_v4/Dataset_Flood/medium/13-1638257432-anh-3.jpg,medium/13-1638257432-anh-3.jpg,medium,1,13-1638257432-anh-3.jpg,dcf7df6cf8a0b78143e180331b23a565,
/content/flood_dataset_v4/Dataset_Flood/medium/170205-dak-lak-tiep-te-luong-thuc-thiet-yeu-vao-khu-vuc-con-bi-ngap-sau.jpg,medium/170205-dak-lak-tiep-te-luong-thuc-thiet-yeu-vao-khu-vuc-con-bi-ngap-sau.jpg,medium,1,170205-dak-lak-tiep-te-luong-thuc-thiet-yeu-vao-khu-vuc-con-bi-ngap-sau.jpg,faac3f72467668caecb14979e7edc8ce,
/content/flood_dataset_v4/Dataset_Flood/medium/img0412-173554575-1648898672886468709355.jpg,medium/img0412-173554575-1648898672886468709355.jpg,medium,1,img0412-173554575-1648898672886468709355.jpg,4753a7d7af2ba4badb5adcf85460cb63,
/content/flood_dataset_v4/Dataset_Flood/medium/noise_n.jpg,medium/noise_n.jpg,medium,1,noise_n.jpg,65bbf5f43612105065e60714f72ee631,
/content/flood_dataset_v4/Dataset_Flood/medium/image_158.jpg,medium/image_158.jpg,medium,1,image_158.jpg,58a532a7bbe9f1ded2b3fb32c2d2f5d0,
/content/flood_dataset_v4/Dataset_Flood/medium/808299586_1799710791445339_7604122200816562454_n.jpg,medium/808299586_1799710791445339_7604122200816562454_n.jpg,medium,1,808299586_1799710791445339_7604122200816562454_n.jpg,85844998b905caec5caaa746a2898586,
/content/flood_dataset_v4/Dataset_Flood/medium/image_238.jpg,medium/image_238.jpg,medium,1,image_238.jpg,fa8a040698fa6de66e5e59dbeff21954,
/content/flood_dataset_v4/Dataset_Flood/medium/805925604_1065370709579874_2267574366529363513_n.jpg,medium/805925604_1065370709579874_2267574366529363513_n.jpg,medium,1,805925604_1065370709579874_2267574366529363513_n.jpg,301af8ffb2d6df7e75658cd8f2b91025,
/content/flood_dataset_v4/Dataset_Flood/medium/images - 2025-01-28T164335.071.jpg,medium/images - 2025-01-28T164335.071.jpg,medium,1,images - 2025-01-28T164335.071.jpg,e32a5ba8e250d89535eaf866c0429adb,
/content/flood_dataset_v4/Dataset_Flood/medium/0112mualu_21112025075850_160.jpg,medium/0112mualu_21112025075850_160.jpg,medium,1,0112mualu_21112025075850_160.jpg,5d08c2ac20b9a11bdee2ccb07afe4b0d,
/content/flood_dataset_v4/Dataset_Flood/medium/noise (4).jpg,medium/noise (4).jpg,medium,1,noise (4).jpg,93c98bbda7787e2477adbd3d7ae1b358,
/content/flood_dataset_v4/Dataset_Flood/medium/images - 2025-01-28T163110.743.jpg,medium/images - 2025-01-28T163110.743.jpg,medium,1,images - 2025-01-28T163110.743.jpg,5a798d390e522cb4886e7c98f0eaac6f,
/content/flood_dataset_v4/Dataset_Flood/medium/images (9).jpg,medium/images (9).jpg,medium,1,images (9).jpg,390231d508789088a551a625e1917617,
/content/flood_dataset_v4/Dataset_Flood/medium/images (57).jpg,medium/images (57).jpg,medium,1,images (57).jpg,cf34e70a20cdd4eb3e835910846f389e,
/content/flood_dataset_v4/Dataset_Flood/medium/images - 2025-01-28T151322.303.jpg,medium/images - 2025-01-28T151322.303.jpg,medium,1,images - 2025-01-28T151322.303.jpg,84edaa462652cc7ca38126989fb1a3a7,
/content/flood_dataset_v4/Dataset_Flood/medium/images (7).jpg,medium/images (7).jpg,medium,1,images (7).jpg,c2a91cb8d1e046385dc8ae225da98b18,
/content/flood_dataset_v4/Dataset_Flood/medium/1790569312744_6460767276583596373_6460767276583596373_ec7e0644023f447365cfb59f91b7e533.jpg,medium/1790569312744_6460767276583596373_6460767276583596373_ec7e0644023f447365cfb59f91b7e533.jpg,medium,1,1790569312744_6460767276583596373_6460767276583596373_ec7e0644023f447365cfb59f91b7e533.jpg,262a7b4cbef4d3d94b7e0da4ea82fbbd,
/content/flood_dataset_v4/Dataset_Flood/medium/11111_20240910092935.jpg,medium/11111_20240910092935.jpg,medium,1,11111_20240910092935.jpg,33e524f3b98e1628a34f7494cfe37a0f,
/content/flood_dataset_v4/Dataset_Flood/medium/image.png,medium/image.png,medium,1,image.png,03e2e6e3949d86b5464d60f723557087,
/content/flood_dataset_v4/Dataset_Flood/medium/flood_6171.jpg,medium/flood_6171.jpg,medium,1,flood_6171.jpg,5fa99362ead3a34eb329c79ae3fd5c80,
/content/flood_dataset_v4/Dataset_Flood/medium/nong-dan-hue-loi-lut-thu-hoach-lac10-edited-1749962272954.webp,medium/nong-dan-hue-loi-lut-thu-hoach-lac10-edited-1749962272954.webp,medium,1,nong-dan-hue-loi-lut-thu-hoach-lac10-edited-1749962272954.webp,4a61d39ec1c6b75f2be0c9cefa4e240b,
/content/flood_dataset_v4/Dataset_Flood/medium/z7246471838898-00101e353e62ddc-6650-9840-1763694274.webp,medium/z7246471838898-00101e353e62ddc-6650-9840-1763694274.webp,medium,1,z7246471838898-00101e353e62ddc-6650-9840-1763694274.webp,d18bcf4681f060f0b3aadc3343e118aa,
/content/flood_dataset_v4/Dataset_Flood/medium/807798211_1065370852913193_4397432111052496019_n.jpg,medium/807798211_1065370852913193_4397432111052496019_n.jpg,medium,1,807798211_1065370852913193_4397432111052496019_n.jpg,657bd2a8248dbeecec41a946b8fadd76,
/content/flood_dataset_v4/Dataset_Flood/medium/808123978_1065873389529606_3190473058920114232_n.jpg,medium/808123978_1065873389529606_3190473058920114232_n.jpg,medium,1,808123978_1065873389529606_3190473058920114232_n.jpg,fef049603ff4e5ca060749ff36513e5b,
/content/flood_dataset_v4/Dataset_Flood/medium/n1.jpg,medium/n1.jpg,medium,1,n1.jpg,d5320bdfa77b6df5d4acacfdade7efdb,
/content/flood_dataset_v4/Dataset_Flood/medium/803102991_1065370649579880_774651092268573661_n.jpg,medium/803102991_1065370649579880_774651092268573661_n.jpg,medium,1,803102991_1065370649579880_774651092268573661_n.jpg,4ec7dc9d234ef89255b7b40bff595848,
/content/flood_dataset_v4/Dataset_Flood/medium/flood_6259.jpg,medium/flood_6259.jpg,medium,1,flood_6259.jpg,97496dbeb4787ec2a7df696e4cc8341d,
/content/flood_dataset_v4/Dataset_Flood/medium/805859445_1065370822913196_8648155361469369645_n.jpg,medium/805859445_1065370822913196_8648155361469369645_n.jpg,medium,1,805859445_1065370822913196_8648155361469369645_n.jpg,12c8abc2b6fa86a12cde7c3518572990,
/content/flood_dataset_v4/Dataset_Flood/medium/807830862_1065873359529609_8654436400875233525_n.jpg,medium/807830862_1065873359529609_8654436400875233525_n.jpg,medium,1,807830862_1065873359529609_8654436400875233525_n.jpg,fbc72536e274f80d829749f4c93cbd21,
/content/flood_dataset_v4/Dataset_Flood/medium/images (17) 2.jpg,medium/images (17) 2.jpg,medium,1,images (17) 2.jpg,c2f6425a34d27112e3864ca95edc9b1f,
/content/flood_dataset_v4/Dataset_Flood/medium/vnapotalquangtritieptucmualonlulennhanhgayngaplutdienrong1917500005072346-16029002171541838774241.webp,medium/vnapotalquangtritieptucmualonlulennhanhgayngaplutdienrong1917500005072346-16029002171541838774241.webp,medium,1,vnapotalquangtritieptucmualonlulennhanhgayngaplutdienrong1917500005072346-16029002171541838774241.webp,96c02de8ba720eb58fcbe8cb2f13b6c0,
/content/flood_dataset_v4/Dataset_Flood/medium/noise (10).jpg,medium/noise (10).jpg,medium,1,noise (10).jpg,fd0ab7b3ebe1a318383664ae592b1740,
/content/flood_dataset_v4/Dataset_Flood/medium/images (21).jpg,medium/images (21).jpg,medium,1,images (21).jpg,c5148e4494f7ba917d48fe5dfc34475d,
/content/flood_dataset_v4/Dataset_Flood/medium/flood_6286.jpg,medium/flood_6286.jpg,medium,1,flood_6286.jpg,bd8574a95957f862f816c6b56f4966fa,
/content/flood_dataset_v4/Dataset_Flood/medium/images (10).jpg,medium/images (10).jpg,medium,1,images (10).jpg,f76f62e779c47ccad6e3ba52667bf156,
/content/flood_dataset_v4/Dataset_Flood/medium/image_0170.jpg,medium/image_0170.jpg,medium,1,image_0170.jpg,c4422c822c9e6a3611d46f5c5053394c,
/content/flood_dataset_v4/Dataset_Flood/medium/images - 2025-01-28T152608.137.jpg,medium/images - 2025-01-28T152608.137.jpg,medium,1,images - 2025-01-28T152608.137.jpg,2c38c51ed678ff288862a492e06b718b,
/content/flood_dataset_v4/Dataset_Flood/medium/image_220.jpg,medium/image_220.jpg,medium,1,image_220.jpg,3af6929473103bab0541d014d087f888,
/content/flood_dataset_v4/Dataset_Flood/medium/images - 2025-01-28T151617.480.jpg,medium/images - 2025-01-28T151617.480.jpg,medium,1,images - 2025-01-28T151617.480.jpg,e50cc953b051c64451a7640fd97f2b54,
/content/flood_dataset_v4/Dataset_Flood/medium/images - 2025-01-28T184948.206.jpg,medium/images - 2025-01-28T184948.206.jpg,medium,1,images - 2025-01-28T184948.206.jpg,67f75f87f2c2ffad91d58f47eca339d7,
/content/flood_dataset_v4/Dataset_Flood/medium/1532144256-889-153214412653243-thumbnail.jpg,medium/1532144256-889-153214412653243-thumbnail.jpg,medium,1,1532144256-889-153214412653243-thumbnail.jpg,9a8116bdecd82b89492bf10cc14fb15c,
/content/flood_dataset_v4/Dataset_Flood/medium/noise (3).jpg,medium/noise (3).jpg,medium,1,noise (3).jpg,4054ab25a9c2664d8998dc6d97d52ae6,
/content/flood_dataset_v4/Dataset_Flood/medium/805785436_1065873412862937_6378472947375029280_n.jpg,medium/805785436_1065873412862937_6378472947375029280_n.jpg,medium,1,805785436_1065873412862937_6378472947375029280_n.jpg,924dd4d0010fe0ece8cbcc53a88610d5,
/content/flood_dataset_v4/Dataset_Flood/medium/flood_6333.jpg,medium/flood_6333.jpg,medium,1,flood_6333.jpg,212ddae8e37f85ab5b8453cc84c2ec2b,
/content/flood_dataset_v4/Dataset_Flood/medium/lam-dong-1764843506279818449019.jpg,medium/lam-dong-1764843506279818449019.jpg,medium,1,lam-dong-1764843506279818449019.jpg,61e372f5b3ddb3bbb39c08c17eedab8f,
/content/flood_dataset_v4/Dataset_Flood/medium/z6586657762546_35b240fb22ac28c998ad31a1de0491e8.webp,medium/z6586657762546_35b240fb22ac28c998ad31a1de0491e8.webp,medium,1,z6586657762546_35b240fb22ac28c998ad31a1de0491e8.webp,5865ff0e6f6d716bdeb893d64413026d,
/content/flood_dataset_v4/Dataset_Flood/medium/image_0151.jpg,medium/image_0151.jpg,medium,1,image_0151.jpg,01c906a372f6c055ed96815ebcaf9c24,
/content/flood_dataset_v4/Dataset_Flood/medium/807675149_1065873262862952_7887243123239957861_n.jpg,medium/807675149_1065873262862952_7887243123239957861_n.jpg,medium,1,807675149_1065873262862952_7887243123239957861_n.jpg,63c89e150c2b3e3b273e55345cee44ee,
/content/flood_dataset_v4/Dataset_Flood/medium/images (46).jpg,medium/images (46).jpg,medium,1,images (46).jpg,94e3dc6d83f45b2f38a21f0c8ca06ec2,
/content/flood_dataset_v4/Dataset_Flood/medium/images (71).jpg,medium/images (71).jpg,medium,1,images (71).jpg,9f9b002d03285b842688827c757fdbb6,
/content/flood_dataset_v4/Dataset_Flood/medium/images (97).jpg,medium/images (97).jpg,medium,1,images (97).jpg,7d9f36b545c408709a41fb40bcf1bfb0,
/content/flood_dataset_v4/Dataset_Flood/medium/nha-trang-4366-7322.jpg,medium/nha-trang-4366-7322.jpg,medium,1,nha-trang-4366-7322.jpg,a7c59371b52518326eff21ff89ae4c6a,
/content/flood_dataset_v4/Dataset_Flood/medium/805763630_1065873399529605_7845496600074823150_n.jpg,medium/805763630_1065873399529605_7845496600074823150_n.jpg,medium,1,805763630_1065873399529605_7845496600074823150_n.jpg,5cb53c2457b184bfb7dd30bdcec95071,
/content/flood_dataset_v4/Dataset_Flood/medium/image_204.jpg,medium/image_204.jpg,medium,1,image_204.jpg,c5a6fdf09a7261cbd6861e6c62c4a984,
/content/flood_dataset_v4/Dataset_Flood/medium/IMAGE_1688655256.webp,medium/IMAGE_1688655256.webp,medium,1,IMAGE_1688655256.webp,e8e43f5b6ae30ec999c33c89696e7586,
/content/flood_dataset_v4/Dataset_Flood/medium/images (36).jpg,medium/images (36).jpg,medium,1,images (36).jpg,3a68dc90926c1ca72cc84845abd2ed1c,
/content/flood_dataset_v4/Dataset_Flood/medium/OIP (43).webp,medium/OIP (43).webp,medium,1,OIP (43).webp,93ed8c337b0d86e6e29c1e9c5049417c,
/content/flood_dataset_v4/Dataset_Flood/medium/다운로드 (12).jpg,medium/다운로드 (12).jpg,medium,1,다운로드 (12).jpg,f5ead52a81d99801fc212aec24fa183c,
/content/flood_dataset_v4/Dataset_Flood/medium/noise (5).jpg,medium/noise (5).jpg,medium,1,noise (5).jpg,0ecf03982a8a6d515d6e7de40c0a5086,
/content/flood_dataset_v4/Dataset_Flood/medium/flood_1247.jpg,medium/flood_1247.jpg,medium,1,flood_1247.jpg,ef5f8d09130e902d17c544c96dcaa6a2,
/content/flood_dataset_v4/Dataset_Flood/medium/803102985_1065370659579879_8461065299246796518_n.jpg,medium/803102985_1065370659579879_8461065299246796518_n.jpg,medium,1,803102985_1065370659579879_8461065299246796518_n.jpg,0112d7a00b8ef4cde4fa8d26d63ba99b,
/content/flood_dataset_v4/Dataset_Flood/medium/images (11).jpg,medium/images (11).jpg,medium,1,images (11).jpg,b6680f9ba728170fe1c9b4354ddc2b26,
/content/flood_dataset_v4/Dataset_Flood/medium/image_0419.jpg,medium/image_0419.jpg,medium,1,image_0419.jpg,89c46441d5b6560b1708a3a7e48ac32a,
/content/flood_dataset_v4/Dataset_Flood/medium/quangbinh-6177.jpeg,medium/quangbinh-6177.jpeg,medium,1,quangbinh-6177.jpeg,bfae111d4018391b0d517bcaf25f6fdc,
/content/flood_dataset_v4/Dataset_Flood/medium/image_201.jpg,medium/image_201.jpg,medium,1,image_201.jpg,4f4b3f9870cba0ff2f30897e27505bf2,
/content/flood_dataset_v4/Dataset_Flood/medium/20231124_uS9nUj.jpg,medium/20231124_uS9nUj.jpg,medium,1,20231124_uS9nUj.jpg,a0b6a3857f3c60916f633740fee8817e,
/content/flood_dataset_v4/Dataset_Flood/medium/images (38).jpg,medium/images (38).jpg,medium,1,images (38).jpg,70f22a9e9c7ed32c360d464a84055f26,
/content/flood_dataset_v4/Dataset_Flood/medium/noise_n (2).jpg,medium/noise_n (2).jpg,medium,1,noise_n (2).jpg,af91b77c4eb9727d2aabc040e4a6ae52,
/content/flood_dataset_v4/Dataset_Flood/medium/w-z7097668361463-c05d02ea442e3c62010840faaf387a05-1625-1759998571088-17599985713501186498060.webp,medium/w-z7097668361463-c05d02ea442e3c62010840faaf387a05-1625-1759998571088-17599985713501186498060.webp,medium,1,w-z7097668361463-c05d02ea442e3c62010840faaf387a05-1625-1759998571088-17599985713501186498060.webp,2eebfa7c04f66d4acb3112760a5b3bee,
/content/flood_dataset_v4/Dataset_Flood/medium/images - 2025-01-28T155605.972.jpg,medium/images - 2025-01-28T155605.972.jpg,medium,1,images - 2025-01-28T155605.972.jpg,660eb3d8ff19bcb964df39e542105614,
/content/flood_dataset_v4/Dataset_Flood/medium/mua-lu-thai-nguyen-1760069078776-17600690791511790978445.jpg,medium/mua-lu-thai-nguyen-1760069078776-17600690791511790978445.jpg,medium,1,mua-lu-thai-nguyen-1760069078776-17600690791511790978445.jpg,c830dea169786a371897e4c3e9662fce,
/content/flood_dataset_v4/Dataset_Flood/medium/808463270_1065370489579896_8700044552112565367_n.jpg,medium/808463270_1065370489579896_8700044552112565367_n.jpg,medium,1,808463270_1065370489579896_8700044552112565367_n.jpg,c3e3ca9e6f296300ee82c357c54e8c03,
/content/flood_dataset_v4/Dataset_Flood/medium/images (8).jpg,medium/images (8).jpg,medium,1,images (8).jpg,85efdc3e436c338fdaf1d24e7d802d81,
/content/flood_dataset_v4/Dataset_Flood/medium/image_323.jpg,medium/image_323.jpg,medium,1,image_323.jpg,8bccbb0fe95dd2dd051e697666ae6a48,
/content/flood_dataset_v4/Dataset_Flood/medium/noise (7).jpg,medium/noise (7).jpg,medium,1,noise (7).jpg,3ce3e2655338bbe726919d242c694aa4,
/content/flood_dataset_v4/Dataset_Flood/medium/flood_172.jpg,medium/flood_172.jpg,medium,1,flood_172.jpg,e9bf76c194184ed91abcba489dc9cd81,
/content/flood_dataset_v4/Dataset_Flood/medium/images (3).jpg,medium/images (3).jpg,medium,1,images (3).jpg,a96168b42469c0340df78f4bcb5e564a,
/content/flood_dataset_v4/Dataset_Flood/medium/PYH2018082714260005400_P2.jpg,medium/PYH2018082714260005400_P2.jpg,medium,1,PYH2018082714260005400_P2.jpg,b95eada0bb8a975f8a9d2428b95fe61e,
/content/flood_dataset_v4/Dataset_Flood/medium/image_050.jpg,medium/image_050.jpg,medium,1,image_050.jpg,55ef2e901ee9c94ea80f6b66d15dc796,
/content/flood_dataset_v4/Dataset_Flood/medium/images (92).jpg,medium/images (92).jpg,medium,1,images (92).jpg,2f3544d2e849bf886ff0d5da83476afe,
/content/flood_dataset_v4/Dataset_Flood/medium/thai-nguyen-ngap-lut-bao-so-11-matmoi-09102025-55-1759998446932846330474.webp,medium/thai-nguyen-ngap-lut-bao-so-11-matmoi-09102025-55-1759998446932846330474.webp,medium,1,thai-nguyen-ngap-lut-bao-so-11-matmoi-09102025-55-1759998446932846330474.webp,fe3c5c10a028c3260c28cca3bc10bf9e,
/content/flood_dataset_v4/Dataset_Flood/medium/906-ttxvn-thu-tuong-truc-tiep-chi-dao-cuu-nan-va-khac-phuc-hau-qua-lu-lut-tai-thai-nguyen-5-960-540-8-14-37-43.jpg,medium/906-ttxvn-thu-tuong-truc-tiep-chi-dao-cuu-nan-va-khac-phuc-hau-qua-lu-lut-tai-thai-nguyen-5-960-540-8-14-37-43.jpg,medium,1,906-ttxvn-thu-tuong-truc-tiep-chi-dao-cuu-nan-va-khac-phuc-hau-qua-lu-lut-tai-thai-nguyen-5-960-540-8-14-37-43.jpg,1a30f845502fd26582e6d7a9076db3aa,
/content/flood_dataset_v4/Dataset_Flood/medium/6BB3A745-4F47-4A8F-9.jpeg,medium/6BB3A745-4F47-4A8F-9.jpeg,medium,1,6BB3A745-4F47-4A8F-9.jpeg,ee67cd6c588ca94ee0435d5529e5f64a,
/content/flood_dataset_v4/Dataset_Flood/medium/flood_6297.jpg,medium/flood_6297.jpg,medium,1,flood_6297.jpg,ab90cef5c0c8380c275b5a98d6082968,
/content/flood_dataset_v4/Dataset_Flood/medium/flood_6315.jpg,medium/flood_6315.jpg,medium,1,flood_6315.jpg,8c7d8079b503e438a60cd819fc904b9e,
/content/flood_dataset_v4/Dataset_Flood/medium/flood_6268.jpg,medium/flood_6268.jpg,medium,1,flood_6268.jpg,8173eb16cb9147d6d90308ed71a8951f,
/content/flood_dataset_v4/Dataset_Flood/medium/images (4).jpg,medium/images (4).jpg,medium,1,images (4).jpg,adc86dc84f7ebfb0689d6b5027c4aa8f,
/content/flood_dataset_v4/Dataset_Flood/medium/images - 2025-01-28T155148.034.jpg,medium/images - 2025-01-28T155148.034.jpg,medium,1,images - 2025-01-28T155148.034.jpg,e6cef268d105e76770861cfc751e7a10,
/content/flood_dataset_v4/Dataset_Flood/medium/image_186.jpg,medium/image_186.jpg,medium,1,image_186.jpg,27e5f09f5c99f256d85732f47d297ac6,
/content/flood_dataset_v4/Dataset_Flood/medium/다운로드 (2).jpg,medium/다운로드 (2).jpg,medium,1,다운로드 (2).jpg,219cf4e6068603b3b448bd7e9400ddae,
/content/flood_dataset_v4/Dataset_Flood/medium/images - 2025-01-28T153853.563.jpg,medium/images - 2025-01-28T153853.563.jpg,medium,1,images - 2025-01-28T153853.563.jpg,e772581ec71f7052657cc65f5514a900,
/content/flood_dataset_v4/Dataset_Flood/medium/images (33).jpg,medium/images (33).jpg,medium,1,images (33).jpg,3cbf6e413ce64f693fa56875156ee598,
/content/flood_dataset_v4/Dataset_Flood/medium/1582606863.jpg,medium/1582606863.jpg,medium,1,1582606863.jpg,bfd6d6df52f46efa4fa81b9c34079481,
/content/flood_dataset_v4/Dataset_Flood/medium/mua lu o hue lan thu 4.jpg,medium/mua lu o hue lan thu 4.jpg,medium,1,mua lu o hue lan thu 4.jpg,ab9ae01f860d066a6559a4cb66c9fdb9,
/content/flood_dataset_v4/Dataset_Flood/medium/ngap-nha-trangtran-minh-13jpg-1763432387289.webp,medium/ngap-nha-trangtran-minh-13jpg-1763432387289.webp,medium,1,ngap-nha-trangtran-minh-13jpg-1763432387289.webp,1cb0c562421297c345979b0d9bacda1a,
/content/flood_dataset_v4/Dataset_Flood/medium/803323788_1065370482913230_959863497039512425_n.jpg,medium/803323788_1065370482913230_959863497039512425_n.jpg,medium,1,803323788_1065370482913230_959863497039512425_n.jpg,32f86b6ec00dda94be50ac49bb509f47,
/content/flood_dataset_v4/Dataset_Flood/medium/gan-15-000-nha-dan-ngap-trong-bien-nuoc-1730118695.webp,medium/gan-15-000-nha-dan-ngap-trong-bien-nuoc-1730118695.webp,medium,1,gan-15-000-nha-dan-ngap-trong-bien-nuoc-1730118695.webp,2e53fda06205930875ca1431764b2b4b,
/content/flood_dataset_v4/Dataset_Flood/medium/noise2.jpeg,medium/noise2.jpeg,medium,1,noise2.jpeg,d7b6e519bd18d55e28069fa9fb1414cb,
/content/flood_dataset_v4/Dataset_Flood/medium/images (30).jpg,medium/images (30).jpg,medium,1,images (30).jpg,939ce822dbc5ce2205945e80e7796395,
/content/flood_dataset_v4/Dataset_Flood/medium/803285637_1065370752913203_2954400402483458736_n - Copy.jpg,medium/803285637_1065370752913203_2954400402483458736_n - Copy.jpg,medium,1,803285637_1065370752913203_2954400402483458736_n - Copy.jpg,4014b792d54dc5dc852cb07ffe69f403,
/content/flood_dataset_v4/Dataset_Flood/medium/flood_6270.jpg,medium/flood_6270.jpg,medium,1,flood_6270.jpg,51585932711c366b51f12bc95fd80abf,
/content/flood_dataset_v4/Dataset_Flood/medium/z2872267109010_244c6bb2f68d62c41eb98eed0114c67f.jpg,medium/z2872267109010_244c6bb2f68d62c41eb98eed0114c67f.jpg,medium,1,z2872267109010_244c6bb2f68d62c41eb98eed0114c67f.jpg,60a8467529bbf334b522ad3b8763b423,
/content/flood_dataset_v4/Dataset_Flood/medium/images - 2025-01-28T151328.531.jpg,medium/images - 2025-01-28T151328.531.jpg,medium,1,images - 2025-01-28T151328.531.jpg,9c318b0e9d826d095f1228bb12f0aa98,
/content/flood_dataset_v4/Dataset_Flood/medium/vnapotalquangtritieptucmualonlulennhanhgayngaplutdienrong1917573915072352-1602900217157374917662.webp,medium/vnapotalquangtritieptucmualonlulennhanhgayngaplutdienrong1917573915072352-1602900217157374917662.webp,medium,1,vnapotalquangtritieptucmualonlulennhanhgayngaplutdienrong1917573915072352-1602900217157374917662.webp,67ed4f19e7a6c332595415259e14e996,
/content/flood_dataset_v4/Dataset_Flood/medium/flood_6131.jpg,medium/flood_6131.jpg,medium,1,flood_6131.jpg,577c50a562ffc063015e182d77ef1f9f,
/content/flood_dataset_v4/Dataset_Flood/medium/AA.30869797.1.jpg,medium/AA.30869797.1.jpg,medium,1,AA.30869797.1.jpg,a51804ac91874ca199eb3cc867298788,
/content/flood_dataset_v4/Dataset_Flood/medium/images (42).jpg,medium/images (42).jpg,medium,1,images (42).jpg,67c50c7091ce1d47be648795a2f7f8e8,
/content/flood_dataset_v4/Dataset_Flood/medium/flood_6285.jpg,medium/flood_6285.jpg,medium,1,flood_6285.jpg,4ffd452231fcee2b76534e917c0007ac,
/content/flood_dataset_v4/Dataset_Flood/medium/image_0134.jpg,medium/image_0134.jpg,medium,1,image_0134.jpg,82273b81ac3440ad5a8850672e9a11b1,
/content/flood_dataset_v4/Dataset_Flood/medium/images - 2025-01-28T151620.755.jpg,medium/images - 2025-01-28T151620.755.jpg,medium,1,images - 2025-01-28T151620.755.jpg,77f6d9869ffa0bd6f07a297e3801cedb,
/content/flood_dataset_v4/Dataset_Flood/medium/1000014818-17616251502381327466398-136-106-1007-1500-crop-17616257967731607029814.webp,medium/1000014818-17616251502381327466398-136-106-1007-1500-crop-17616257967731607029814.webp,medium,1,1000014818-17616251502381327466398-136-106-1007-1500-crop-17616257967731607029814.webp,bf93ee475128b8c8dff786eda44459b5,
/content/flood_dataset_v4/Dataset_Flood/medium/images (82).jpg,medium/images (82).jpg,medium,1,images (82).jpg,46877392fbe7d6bfa98ee76600fc7f24,
/content/flood_dataset_v4/Dataset_Flood/medium/noise (8).jpg,medium/noise (8).jpg,medium,1,noise (8).jpg,c8e732a54b3e79654e4cc6a5d8bef144,
/content/flood_dataset_v4/Dataset_Flood/medium/flood_6311.jpg,medium/flood_6311.jpg,medium,1,flood_6311.jpg,5b6d4932f3d6c20743bfe8892ef2f393,
/content/flood_dataset_v4/Dataset_Flood/medium/img76.jpg,medium/img76.jpg,medium,1,img76.jpg,c98371cff429caea048f24654b90f45d,
/content/flood_dataset_v4/Dataset_Flood/medium/flood_6282.jpg,medium/flood_6282.jpg,medium,1,flood_6282.jpg,be22b9b1eabc490f342136409d00cba0,
/content/flood_dataset_v4/Dataset_Flood/medium/image_0051.jpg,medium/image_0051.jpg,medium,1,image_0051.jpg,e9b0f39aeeaf747f00f817bce213105a,
/content/flood_dataset_v4/Dataset_Flood/medium/trung-quoc-chay-dua-giai-cuu-nguoi-dan-vung-tam-lu-03-16301678.jpg,medium/trung-quoc-chay-dua-giai-cuu-nguoi-dan-vung-tam-lu-03-16301678.jpg,medium,1,trung-quoc-chay-dua-giai-cuu-nguoi-dan-vung-tam-lu-03-16301678.jpg,28e1cc1617d364d40e9f8f777549318b,
/content/flood_dataset_v4/Dataset_Flood/medium/vnapotalquangtritieptucmualonlulennhanhgayngaplutdienrong1917598445072348-16029002171602035473837.webp,medium/vnapotalquangtritieptucmualonlulennhanhgayngaplutdienrong1917598445072348-16029002171602035473837.webp,medium,1,vnapotalquangtritieptucmualonlulennhanhgayngaplutdienrong1917598445072348-16029002171602035473837.webp,5589cdff9049ee0221d78e522af0f44e,
/content/flood_dataset_v4/Dataset_Flood/medium/images - 2025-01-28T155510.643.jpg,medium/images - 2025-01-28T155510.643.jpg,medium,1,images - 2025-01-28T155510.643.jpg,f556c5385cc2f8ea9c9d4631db533e58,
/content/flood_dataset_v4/Dataset_Flood/medium/image_163.jpg,medium/image_163.jpg,medium,1,image_163.jpg,e26d1ca0a98a9e18526806a8b6369781,
/content/flood_dataset_v4/Dataset_Flood/medium/cong_an_cuu_dan_4.webp,medium/cong_an_cuu_dan_4.webp,medium,1,cong_an_cuu_dan_4.webp,c24a94f401f665ce0714e504601d4417,
/content/flood_dataset_v4/Dataset_Flood/medium/uploads-2022-th-c3-a1ng-209-ng-c3-a0y_27-anh-139207418_15945651228721n.jpg,medium/uploads-2022-th-c3-a1ng-209-ng-c3-a0y_27-anh-139207418_15945651228721n.jpg,medium,1,uploads-2022-th-c3-a1ng-209-ng-c3-a0y_27-anh-139207418_15945651228721n.jpg,c5e7295f9d7faac27e485d98db148bf1,
/content/flood_dataset_v4/Dataset_Flood/medium/image_0166.jpg,medium/image_0166.jpg,medium,1,image_0166.jpg,6b5bacb60d8956d510c1367c8211253f,
/content/flood_dataset_v4/Dataset_Flood/medium/image_358.jpg,medium/image_358.jpg,medium,1,image_358.jpg,9ffe5d9730c39d696b0fbf6d61f65d8d,
/content/flood_dataset_v4/Dataset_Flood/medium/805924370_1065873112862967_7609533633678952383_n.jpg,medium/805924370_1065873112862967_7609533633678952383_n.jpg,medium,1,805924370_1065873112862967_7609533633678952383_n.jpg,c71421d54a77da686e7008db0a49a2bf,
/content/flood_dataset_v4/Dataset_Flood/medium/image_0148.jpg,medium/image_0148.jpg,medium,1,image_0148.jpg,b86999f79f10a8b6c0c7730fdf8a3845,
/content/flood_dataset_v4/Dataset_Flood/medium/다운로드 (36).jpg,medium/다운로드 (36).jpg,medium,1,다운로드 (36).jpg,38c6ae41b407f4283cce8b9ed3ba3dee,
/content/flood_dataset_v4/Dataset_Flood/medium/808008911_1065873142862964_2005105704862786450_n.jpg,medium/808008911_1065873142862964_2005105704862786450_n.jpg,medium,1,808008911_1065873142862964_2005105704862786450_n.jpg,8c033d13eff6d87af662ea36d464966f,
/content/flood_dataset_v4/Dataset_Flood/medium/images (61).jpg,medium/images (61).jpg,medium,1,images (61).jpg,161c9c2a5536eb7795115a695539b09f,
/content/flood_dataset_v4/Dataset_Flood/medium/mua-ngap-2-copy-cropped-1779166903478.webp,medium/mua-ngap-2-copy-cropped-1779166903478.webp,medium,1,mua-ngap-2-copy-cropped-1779166903478.webp,42deda205b5c18b9c2482527a384d764,
/content/flood_dataset_v4/Dataset_Flood/medium/다운로드 (39).jpg,medium/다운로드 (39).jpg,medium,1,다운로드 (39).jpg,1280ffac073e762cc9e5a2c183cf5fcd,
/content/flood_dataset_v4/Dataset_Flood/medium/flood_6330.jpg,medium/flood_6330.jpg,medium,1,flood_6330.jpg,e73f878f73aa070909280649ceb1c913,
/content/flood_dataset_v4/Dataset_Flood/medium/n2.jpg,medium/n2.jpg,medium,1,n2.jpg,fae11fe463913015fb85550dfcb6622a,
/content/flood_dataset_v4/Dataset_Flood/medium/nguoi-dan-di-chuyen-bang-do-1726905142020203369784.webp,medium/nguoi-dan-di-chuyen-bang-do-1726905142020203369784.webp,medium,1,nguoi-dan-di-chuyen-bang-do-1726905142020203369784.webp,1bfcd9015fc8e98083c2c811a3e1d185,
/content/flood_dataset_v4/Dataset_Flood/medium/image_0159.jpg,medium/image_0159.jpg,medium,1,image_0159.jpg,f40bbea9b575d747b7c1131b78df5b04,
/content/flood_dataset_v4/Dataset_Flood/medium/807659213_1065873136196298_5615785750511825525_n.jpg,medium/807659213_1065873136196298_5615785750511825525_n.jpg,medium,1,807659213_1065873136196298_5615785750511825525_n.jpg,d31b0fc67fdebe2fa75979e28f3b7249,
/content/flood_dataset_v4/Dataset_Flood/medium/images (18).jpg,medium/images (18).jpg,medium,1,images (18).jpg,b71753acc17b2ad1c32da9dd192a5eed,
/content/flood_dataset_v4/Dataset_Flood/medium/939cf7ba3afa4a60bbb76760f3fd5aba.jpg,medium/939cf7ba3afa4a60bbb76760f3fd5aba.jpg,medium,1,939cf7ba3afa4a60bbb76760f3fd5aba.jpg,4241ce633e479c198db5104eb66f191f,
/content/flood_dataset_v4/Dataset_Flood/medium/flood_6322.jpg,medium/flood_6322.jpg,medium,1,flood_6322.jpg,962342b81fa3a4c519c4500940a1ad97,
/content/flood_dataset_v4/Dataset_Flood/medium/images (24) 2.jpg,medium/images (24) 2.jpg,medium,1,images (24) 2.jpg,dfc57b213f0b68798115a8fad9ff7125,
/content/flood_dataset_v4/Dataset_Flood/medium/803268793_1065370686246543_8577273328296874120_n.jpg,medium/803268793_1065370686246543_8577273328296874120_n.jpg,medium,1,803268793_1065370686246543_8577273328296874120_n.jpg,b2896dae747be1467f1cbaf4d15fa201,
/content/flood_dataset_v4/Dataset_Flood/medium/image_116.jpg,medium/image_116.jpg,medium,1,image_116.jpg,9f4f3dfbdf39921b647459768fcd838c,
/content/flood_dataset_v4/Dataset_Flood/medium/images - 2025-01-28T152117.659.jpg,medium/images - 2025-01-28T152117.659.jpg,medium,1,images - 2025-01-28T152117.659.jpg,eeb1b163d4ca157f18a2ea23cbab16b5,
/content/flood_dataset_v4/Dataset_Flood/medium/images - 2025-01-28T154106.043.jpg,medium/images - 2025-01-28T154106.043.jpg,medium,1,images - 2025-01-28T154106.043.jpg,420fb414208653f65299d382c41ffadf,
/content/flood_dataset_v4/Dataset_Flood/medium/image_185.png,medium/image_185.png,medium,1,image_185.png,f2f403d7f82f7b3bd3b4a80233f7d508,
/content/flood_dataset_v4/Dataset_Flood/medium/images - 2025-01-28T155518.081.jpg,medium/images - 2025-01-28T155518.081.jpg,medium,1,images - 2025-01-28T155518.081.jpg,c3aa88e61894f98081b98346661ff90f,
/content/flood_dataset_v4/Dataset_Flood/medium/flood_4813.jpg,medium/flood_4813.jpg,medium,1,flood_4813.jpg,1b36bbb9773bab2096632e2ee4ea94e5,
/content/flood_dataset_v4/Dataset_Flood/medium/images - 2025-01-28T184959.137.jpg,medium/images - 2025-01-28T184959.137.jpg,medium,1,images - 2025-01-28T184959.137.jpg,328c038ad7194ac78bc8e2a678ca5267,
/content/flood_dataset_v4/Dataset_Flood/medium/803231482_1065370522913226_1953018194166694011_n - Copy.jpg,medium/803231482_1065370522913226_1953018194166694011_n - Copy.jpg,medium,1,803231482_1065370522913226_1953018194166694011_n - Copy.jpg,8e9d9feb54c96c255cfca28d8dbc6f6a,
/content/flood_dataset_v4/Dataset_Flood/medium/hoi_an_ngap_lut_tro_lai_nguoi_dan_lo_chay_lu_lan_2_.webp,medium/hoi_an_ngap_lut_tro_lai_nguoi_dan_lo_chay_lu_lan_2_.webp,medium,1,hoi_an_ngap_lut_tro_lai_nguoi_dan_lo_chay_lu_lan_2_.webp,93122568ee6c7f0460f61ff507d02d50,
/content/flood_dataset_v4/Dataset_Flood/medium/image_0119.jpg,medium/image_0119.jpg,medium,1,image_0119.jpg,f3a96ecd5a3bde2d93344be92e725795,
/content/flood_dataset_v4/Dataset_Flood/medium/1756344726-z300a35fefe1f6f38a0debe56bdf-67838-width640height480.jpg,medium/1756344726-z300a35fefe1f6f38a0debe56bdf-67838-width640height480.jpg,medium,1,1756344726-z300a35fefe1f6f38a0debe56bdf-67838-width640height480.jpg,e6e654da2825559327ed3e7545fa0688,
/content/flood_dataset_v4/Dataset_Flood/medium/images (35).jpg,medium/images (35).jpg,medium,1,images (35).jpg,f4177d189c41cc1325ce1b206c96853e,
/content/flood_dataset_v4/Dataset_Flood/medium/noise4.jpg,medium/noise4.jpg,medium,1,noise4.jpg,da11e38e98c82497d52bde7e7d1221f5,
/content/flood_dataset_v4/Dataset_Flood/medium/17-1764766303969-1764766304327505906349.webp,medium/17-1764766303969-1764766304327505906349.webp,medium,1,17-1764766303969-1764766304327505906349.webp,2984729ccd762e5e84acf22011de9225,
/content/flood_dataset_v4/Dataset_Flood/medium/photo-1763770342304-17637703631661583139379.webp,medium/photo-1763770342304-17637703631661583139379.webp,medium,1,photo-1763770342304-17637703631661583139379.webp,420521d1fdae54c671f276b4739724ca,
/content/flood_dataset_v4/Dataset_Flood/medium/vnapotalquangtritieptucmualonlulennhanhgayngaplutdienrong1918080005072349-1602900217166531846123.webp,medium/vnapotalquangtritieptucmualonlulennhanhgayngaplutdienrong1918080005072349-1602900217166531846123.webp,medium,1,vnapotalquangtritieptucmualonlulennhanhgayngaplutdienrong1918080005072349-1602900217166531846123.webp,6a273c31b1586ad88f1c64495970374c,
/content/flood_dataset_v4/Dataset_Flood/medium/images - 2025-01-28T163236.946.jpg,medium/images - 2025-01-28T163236.946.jpg,medium,1,images - 2025-01-28T163236.946.jpg,bdbf0fa2569d23fd7a2222cfbc810faf,
/content/flood_dataset_v4/Dataset_Flood/medium/다운로드 (11) 1.jpg,medium/다운로드 (11) 1.jpg,medium,1,다운로드 (11) 1.jpg,ed21c043a67361f1de9e6498d500dbd9,
/content/flood_dataset_v4/Dataset_Flood/medium/image_189.jpeg,medium/image_189.jpeg,medium,1,image_189.jpeg,8ad11098ed8a86b1301bf1a9f716877d,
/content/flood_dataset_v4/Dataset_Flood/medium/image_0388.jpg,medium/image_0388.jpg,medium,1,image_0388.jpg,349cd3eaa92be2e2dcb73bf8228f42f3,
/content/flood_dataset_v4/Dataset_Flood/medium/images (27).jpg,medium/images (27).jpg,medium,1,images (27).jpg,54e9bb0db15120e30da39f4a70a64214,
/content/flood_dataset_v4/Dataset_Flood/medium/803231476_1065370799579865_7707083995341197040_n - Copy.jpg,medium/803231476_1065370799579865_7707083995341197040_n - Copy.jpg,medium,1,803231476_1065370799579865_7707083995341197040_n - Copy.jpg,630a57645840d6f13f9306c42caff651,
/content/flood_dataset_v4/Dataset_Flood/medium/image_160.jpg,medium/image_160.jpg,medium,1,image_160.jpg,a9f2a737a08a47fb7f5454403e5410d0,
/content/flood_dataset_v4/Dataset_Flood/medium/image_124.jpg,medium/image_124.jpg,medium,1,image_124.jpg,53149d3e4d0de8153a54d68d050a6683,
/content/flood_dataset_v4/Dataset_Flood/medium/57411223922796749892032056681635582100375516n-1761811761336915206505.webp,medium/57411223922796749892032056681635582100375516n-1761811761336915206505.webp,medium,1,57411223922796749892032056681635582100375516n-1761811761336915206505.webp,11bafda1b87c585c04476cedf98ea723,
/content/flood_dataset_v4/Dataset_Flood/medium/68e4a22808dcb36fd59d0c88.jpg,medium/68e4a22808dcb36fd59d0c88.jpg,medium,1,68e4a22808dcb36fd59d0c88.jpg,bd811448558bdbe28b88155b74f4387d,
/content/flood_dataset_v4/Dataset_Flood/medium/806694123_1065873309529614_4537390005218280644_n.jpg,medium/806694123_1065873309529614_4537390005218280644_n.jpg,medium,1,806694123_1065873309529614_4537390005218280644_n.jpg,b4d55901fed2471312e9e32688386ce4,
/content/flood_dataset_v4/Dataset_Flood/medium/quang-tri-quang-ngai-sap-mua-to-dai-ngay-dac-biet-hue-co-the-tren-500mm-1760611196899.webp,medium/quang-tri-quang-ngai-sap-mua-to-dai-ngay-dac-biet-hue-co-the-tren-500mm-1760611196899.webp,medium,1,quang-tri-quang-ngai-sap-mua-to-dai-ngay-dac-biet-hue-co-the-tren-500mm-1760611196899.webp,3d9066774ece74654008f6c1f2289a28,
/content/flood_dataset_v4/Dataset_Flood/medium/image_0294.jpg,medium/image_0294.jpg,medium,1,image_0294.jpg,5c6404c667e919fd8e2d6ecb3a37f1e1,
/content/flood_dataset_v4/Dataset_Flood/medium/flood_6326.jpg,medium/flood_6326.jpg,medium,1,flood_6326.jpg,e9ba9f5adf2baaf5040eae38906fb320,
/content/flood_dataset_v4/Dataset_Flood/medium/images - 2025-01-28T163233.022.jpg,medium/images - 2025-01-28T163233.022.jpg,medium,1,images - 2025-01-28T163233.022.jpg,aa2faa590ca85d55479a53f47c9d4ab7,
/content/flood_dataset_v4/Dataset_Flood/medium/bna_23.jpg,medium/bna_23.jpg,medium,1,bna_23.jpg,cabe46aa3ecddd0e47d075bd44d9f7ce,
/content/flood_dataset_v4/Dataset_Flood/medium/img11.jpg,medium/img11.jpg,medium,1,img11.jpg,efaa7fa2545ed1c3bdafaaad71972173,
/content/flood_dataset_v4/Dataset_Flood/medium/images (85).jpg,medium/images (85).jpg,medium,1,images (85).jpg,929e6b4285c2dd442cb0d5d08a0927e2,
/content/flood_dataset_v4/Dataset_Flood/medium/image_077.jpg,medium/image_077.jpg,medium,1,image_077.jpg,b8933e43ba41a26d67448e2b8d6d5836,
/content/flood_dataset_v4/Dataset_Flood/medium/image_251.png,medium/image_251.png,medium,1,image_251.png,2608cf54be11275820a889e561b6c408,
/content/flood_dataset_v4/Dataset_Flood/medium/bao2.jpg,medium/bao2.jpg,medium,1,bao2.jpg,4d560b631fd2369716e3ae58fd5202f3,
/content/flood_dataset_v4/Dataset_Flood/medium/AKR20200101044751104_09_i.jpg,medium/AKR20200101044751104_09_i.jpg,medium,1,AKR20200101044751104_09_i.jpg,d809eb52a91465b052ef7d70f78cb84b,
/content/flood_dataset_v4/Dataset_Flood/medium/images - 2025-01-28T151201.302.jpg,medium/images - 2025-01-28T151201.302.jpg,medium,1,images - 2025-01-28T151201.302.jpg,5a42da6bda91c2134db9c372e60f30bb,
/content/flood_dataset_v4/Dataset_Flood/medium/images (70).jpg,medium/images (70).jpg,medium,1,images (70).jpg,f8324ffb33ec444f0793ff72b3eb5fc8,
/content/flood_dataset_v4/Dataset_Flood/medium/vna-potal-binh-thuan-nhieu-nha-dan-cay-trong-bi-ngap-nang-do-mua-lon-stand--1--37274679944027553740547.webp,medium/vna-potal-binh-thuan-nhieu-nha-dan-cay-trong-bi-ngap-nang-do-mua-lon-stand--1--37274679944027553740547.webp,medium,1,vna-potal-binh-thuan-nhieu-nha-dan-cay-trong-bi-ngap-nang-do-mua-lon-stand--1--37274679944027553740547.webp,99567031e0fc11c31bed96ab7154b147,
/content/flood_dataset_v4/Dataset_Flood/medium/img9.jpg,medium/img9.jpg,medium,1,img9.jpg,c95df83acff946cf35763d84b07d3eb4,
/content/flood_dataset_v4/Dataset_Flood/medium/495506_cb88027be2a04250912bb0314373e489.webp,medium/495506_cb88027be2a04250912bb0314373e489.webp,medium,1,495506_cb88027be2a04250912bb0314373e489.webp,a1c4fac19b9823643e068f9a2d9e1c05,
/content/flood_dataset_v4/Dataset_Flood/medium/z7243193716284-d4c98428820590bbd597ee469d8e88df-1415-9023.jpg.webp,medium/z7243193716284-d4c98428820590bbd597ee469d8e88df-1415-9023.jpg.webp,medium,1,z7243193716284-d4c98428820590bbd597ee469d8e88df-1415-9023.jpg.webp,febde8abcbc33640937dc5fcbdde4802,
/content/flood_dataset_v4/Dataset_Flood/medium/3cacdoanduonggiaothongbingapsauden11mvadayduocxemlatranlulichsuvoimucnuoccaohonnamngoaikhoang40cm1-19382528.jpg,medium/3cacdoanduonggiaothongbingapsauden11mvadayduocxemlatranlulichsuvoimucnuoccaohonnamngoaikhoang40cm1-19382528.jpg,medium,1,3cacdoanduonggiaothongbingapsauden11mvadayduocxemlatranlulichsuvoimucnuoccaohonnamngoaikhoang40cm1-19382528.jpg,b28cc42695385f886ec62baeef91fbd7,
/content/flood_dataset_v4/Dataset_Flood/medium/803005572_1065370862913192_3510858253699347738_n.jpg,medium/803005572_1065370862913192_3510858253699347738_n.jpg,medium,1,803005572_1065370862913192_3510858253699347738_n.jpg,f921fae5ad362a573659ecf46e4fe63a,
/content/flood_dataset_v4/Dataset_Flood/medium/anh-mua-lu-mien-trung-tinh-thua-thien-hue-11-1700111239361211256796.webp,medium/anh-mua-lu-mien-trung-tinh-thua-thien-hue-11-1700111239361211256796.webp,medium,1,anh-mua-lu-mien-trung-tinh-thua-thien-hue-11-1700111239361211256796.webp,67b88a7e1e218f0b657797ccda96d28f,
/content/flood_dataset_v4/Dataset_Flood/medium/image_0121.jpg,medium/image_0121.jpg,medium,1,image_0121.jpg,a88fa4c2f51a35be03b2581e243c219d,
/content/flood_dataset_v4/Dataset_Flood/medium/flood_4987.jpg,medium/flood_4987.jpg,medium,1,flood_4987.jpg,758f0182902f4ce21e41a8acb2cbb244,
/content/flood_dataset_v4/Dataset_Flood/medium/img-101.jpg,medium/img-101.jpg,medium,1,img-101.jpg,3c9058d6ed489d92026a8502b86a1f86,
/content/flood_dataset_v4/Dataset_Flood/medium/images (41).jpg,medium/images (41).jpg,medium,1,images (41).jpg,b6f582d338305c23d9c7ec104005583c,
/content/flood_dataset_v4/Dataset_Flood/medium/57166650322796747125365663710612118087433674n-17618117613661294407806.webp,medium/57166650322796747125365663710612118087433674n-17618117613661294407806.webp,medium,1,57166650322796747125365663710612118087433674n-17618117613661294407806.webp,eb55b933fd68b8ca39b32c7e7d5a929d,
/content/flood_dataset_v4/Dataset_Flood/medium/2-nhieu-tuyen-duong-pho-trung-ha-noi-ngap-sau-trong-ngay-30-1759245307538661022708.webp,medium/2-nhieu-tuyen-duong-pho-trung-ha-noi-ngap-sau-trong-ngay-30-1759245307538661022708.webp,medium,1,2-nhieu-tuyen-duong-pho-trung-ha-noi-ngap-sau-trong-ngay-30-1759245307538661022708.webp,b6ecc63a5ef320afdcba868514190aeb,
/content/flood_dataset_v4/Dataset_Flood/medium/ngap-ung-o-da-nang-17615213099641163450317.jpg,medium/ngap-ung-o-da-nang-17615213099641163450317.jpg,medium,1,ngap-ung-o-da-nang-17615213099641163450317.jpg,104353403be3aa3c4f2bcb2f7b39bd44,
/content/flood_dataset_v4/Dataset_Flood/medium/images - 2025-01-28T155224.517.jpg,medium/images - 2025-01-28T155224.517.jpg,medium,1,images - 2025-01-28T155224.517.jpg,78193e49d2b281dfc6cd75277bf51ed0,
/content/flood_dataset_v4/Dataset_Flood/medium/images - 2025-01-28T163307.007.jpg,medium/images - 2025-01-28T163307.007.jpg,medium,1,images - 2025-01-28T163307.007.jpg,5b2965f47964fbd0bddb623f824bbc3f,
/content/flood_dataset_v4/Dataset_Flood/medium/TP-Thai-Nguyen-8503-1724343092.webp,medium/TP-Thai-Nguyen-8503-1724343092.webp,medium,1,TP-Thai-Nguyen-8503-1724343092.webp,881cc3fba3d73f817c050c45275780d5,
/content/flood_dataset_v4/Dataset_Flood/medium/images (32).jpg,medium/images (32).jpg,medium,1,images (32).jpg,656c0e1b987a9b5318f5384ee8538f98,
/content/flood_dataset_v4/Dataset_Flood/medium/cao-bang.jpg,medium/cao-bang.jpg,medium,1,cao-bang.jpg,41c69b07bf4763102354859d9f6b8544,
/content/flood_dataset_v4/Dataset_Flood/medium/image_0144.jpg,medium/image_0144.jpg,medium,1,image_0144.jpg,c858fb9d4db1866f08ad57ccfe37d202,
/content/flood_dataset_v4/Dataset_Flood/medium/flood_6146.jpg,medium/flood_6146.jpg,medium,1,flood_6146.jpg,06e23f6d9f3008a2106476d91a37ed2c,
/content/flood_dataset_v4/Dataset_Flood/medium/image_0161.jpg,medium/image_0161.jpg,medium,1,image_0161.jpg,756785049364eadee41eae9f96e7c78e,
/content/flood_dataset_v4/Dataset_Flood/medium/sang_3_11_khu_pho_co_hoi_an_bi_ngap_sau_tro_lai.webp,medium/sang_3_11_khu_pho_co_hoi_an_bi_ngap_sau_tro_lai.webp,medium,1,sang_3_11_khu_pho_co_hoi_an_bi_ngap_sau_tro_lai.webp,88b921ebf5062759a9c2d97e9bb26cd9,
/content/flood_dataset_v4/Dataset_Flood/medium/images (37).jpg,medium/images (37).jpg,medium,1,images (37).jpg,eb1467c249c0a5beebbab401c0802d3e,
/content/flood_dataset_v4/Dataset_Flood/medium/images (29).jpg,medium/images (29).jpg,medium,1,images (29).jpg,f2134a8e57e9d58bb6bb1754daebb1bf,
/content/flood_dataset_v4/Dataset_Flood/medium/images (13).jpg,medium/images (13).jpg,medium,1,images (13).jpg,c5ed07ae3c08e5270af28aeb3da83c6b,
/content/flood_dataset_v4/Dataset_Flood/medium/flood_6295.jpg,medium/flood_6295.jpg,medium,1,flood_6295.jpg,3b2c5a0a05a23b1fac113b2a4bbbfe53,
/content/flood_dataset_v4/Dataset_Flood/medium/flood_6265.jpg,medium/flood_6265.jpg,medium,1,flood_6265.jpg,72550a284186e3632a92879a07992686,
/content/flood_dataset_v4/Dataset_Flood/medium/flood_6136.jpg,medium/flood_6136.jpg,medium,1,flood_6136.jpg,6118270d909ba2e266c3aff898337b75,
/content/flood_dataset_v4/Dataset_Flood/medium/807590795_1065873299529615_8361582323374465038_n.jpg,medium/807590795_1065873299529615_8361582323374465038_n.jpg,medium,1,807590795_1065873299529615_8361582323374465038_n.jpg,c8d84c0f54aff4e27c328e02fcd931f9,
/content/flood_dataset_v4/Dataset_Flood/medium/images - 2025-01-28T163040.884.jpg,medium/images - 2025-01-28T163040.884.jpg,medium,1,images - 2025-01-28T163040.884.jpg,7e8f55799525e6697e8dfd638cba08d2,
/content/flood_dataset_v4/Dataset_Flood/medium/image_331.jpeg,medium/image_331.jpeg,medium,1,image_331.jpeg,385083669dc3848803d933ebac0f8376,
/content/flood_dataset_v4/Dataset_Flood/medium/images - 2025-01-28T151212.990.jpg,medium/images - 2025-01-28T151212.990.jpg,medium,1,images - 2025-01-28T151212.990.jpg,81c15522b2dff9154177f87abfdff05c,
/content/flood_dataset_v4/Dataset_Flood/medium/image_0050.jpg,medium/image_0050.jpg,medium,1,image_0050.jpg,dcfaef012de1c2d1edc3e4a31e4db622,
/content/flood_dataset_v4/Dataset_Flood/medium/flood_6129.jpg,medium/flood_6129.jpg,medium,1,flood_6129.jpg,47600946a68d07438c027642201c0608,
/content/flood_dataset_v4/Dataset_Flood/medium/14-10-ngap-lut-da-nang-29-16972541757961664384926_a24b8.jpg,medium/14-10-ngap-lut-da-nang-29-16972541757961664384926_a24b8.jpg,medium,1,14-10-ngap-lut-da-nang-29-16972541757961664384926_a24b8.jpg,0178bc48c620cfb9215bb00cae060d44,
/content/flood_dataset_v4/Dataset_Flood/medium/quang-ninh-1.jpg,medium/quang-ninh-1.jpg,medium,1,quang-ninh-1.jpg,3d06162a8f87d33e8adcf5fd2b0140ee,
/content/flood_dataset_v4/Dataset_Flood/medium/image_0089.jpg,medium/image_0089.jpg,medium,1,image_0089.jpg,764506db4ff9c6f2aed55bae7c7ac875,
/content/flood_dataset_v4/Dataset_Flood/medium/gia-lai-1.jpg,medium/gia-lai-1.jpg,medium,1,gia-lai-1.jpg,b5876e8d73e6972557e6419d9dc3d2cd,
/content/flood_dataset_v4/Dataset_Flood/medium/805357338_1065370609579884_4614583555099717146_n.jpg,medium/805357338_1065370609579884_4614583555099717146_n.jpg,medium,1,805357338_1065370609579884_4614583555099717146_n.jpg,adf2135d3cd3ad8941bad6945e592cef,
/content/flood_dataset_v4/Dataset_Flood/medium/image_038.jpg,medium/image_038.jpg,medium,1,image_038.jpg,1b66673760eddffc51389a85fcaf4cdf,
/content/flood_dataset_v4/Dataset_Flood/medium/화면 캡처 2025-03-05 161212.jpg,medium/화면 캡처 2025-03-05 161212.jpg,medium,1,화면 캡처 2025-03-05 161212.jpg,7493a6207626b3d7248710c263dcc466,
/content/flood_dataset_v4/Dataset_Flood/medium/img10.jpg,medium/img10.jpg,medium,1,img10.jpg,03602c86c4bb9f812cb744f48ca379d6,
/content/flood_dataset_v4/Dataset_Flood/medium/1_an_khanh.webp,medium/1_an_khanh.webp,medium,1,1_an_khanh.webp,7687ba2ef4320c66a36c6d095a51c03e,
/content/flood_dataset_v4/Dataset_Flood/medium/img54.webp,medium/img54.webp,medium,1,img54.webp,61ea4060f36c784b0d62ba3039a8f276,
/content/flood_dataset_v4/Dataset_Flood/medium/flood_6343.jpg,medium/flood_6343.jpg,medium,1,flood_6343.jpg,5bae9b2e40912b69d8a66f10b8832114,
/content/flood_dataset_v4/Dataset_Flood/medium/flood_6140.jpg,medium/flood_6140.jpg,medium,1,flood_6140.jpg,d089475177563d4775019fc3c01fe388,
/content/flood_dataset_v4/Dataset_Flood/medium/1-162311_439-165643.webp,medium/1-162311_439-165643.webp,medium,1,1-162311_439-165643.webp,0ebc8caa35fdb33a80a68f196b4f105f,
/content/flood_dataset_v4/Dataset_Flood/medium/image_012.jpg,medium/image_012.jpg,medium,1,image_012.jpg,ba9369df8d6d005acdc66d9d2ae8bb95,
/content/flood_dataset_v4/Dataset_Flood/medium/5836-17634553662361993507720-168-0-1016-1620-crop-17634553816821875286789.webp,medium/5836-17634553662361993507720-168-0-1016-1620-crop-17634553816821875286789.webp,medium,1,5836-17634553662361993507720-168-0-1016-1620-crop-17634553816821875286789.webp,be730081f80246314e9fb8ba6d05c5d3,
/content/flood_dataset_v4/Dataset_Flood/medium/image_024.jpg,medium/image_024.jpg,medium,1,image_024.jpg,b7e73cf42f64fd3d068177c0b38195b9,
/content/flood_dataset_v4/Dataset_Flood/medium/mua-lu-hue-1762213001810-1762213002184915468932.webp,medium/mua-lu-hue-1762213001810-1762213002184915468932.webp,medium,1,mua-lu-hue-1762213001810-1762213002184915468932.webp,4861924c8fb964c82c121e8369bd838b,
/content/flood_dataset_v4/Dataset_Flood/medium/flood_5066.jpg,medium/flood_5066.jpg,medium,1,flood_5066.jpg,d4a9aea3fa25262e672636dbc68c1a1a,
/content/flood_dataset_v4/Dataset_Flood/medium/images (34).jpg,medium/images (34).jpg,medium,1,images (34).jpg,05e0ed0e1342db26d13206641cd5a5d1,
/content/flood_dataset_v4/Dataset_Flood/medium/805748164_1065370439579901_7209555611183862036_n.jpg,medium/805748164_1065370439579901_7209555611183862036_n.jpg,medium,1,805748164_1065370439579901_7209555611183862036_n.jpg,c6eb056c058e7a581249fac1714802bb,
/content/flood_dataset_v4/Dataset_Flood/medium/Ho-Tro-Dan.jpg,medium/Ho-Tro-Dan.jpg,medium,1,Ho-Tro-Dan.jpg,8c4468d4f97ab1456ffb2aa754f6adc5,
/content/flood_dataset_v4/Dataset_Flood/medium/803102991_1065370539579891_1731714072243242212_n.jpg,medium/803102991_1065370539579891_1731714072243242212_n.jpg,medium,1,803102991_1065370539579891_1731714072243242212_n.jpg,21e20d8483234ef1c7b4c05545716899,
/content/flood_dataset_v4/Dataset_Flood/medium/images (26).jpg,medium/images (26).jpg,medium,1,images (26).jpg,de60213947e3e3fba5b7ac2d7428249e,
/content/flood_dataset_v4/Dataset_Flood/medium/다운로드 (28).jpg,medium/다운로드 (28).jpg,medium,1,다운로드 (28).jpg,2b2b6d9d2e72eab529c3bfeeddbe78c3,
/content/flood_dataset_v4/Dataset_Flood/medium/images - 2025-01-28T155421.285.jpg,medium/images - 2025-01-28T155421.285.jpg,medium,1,images - 2025-01-28T155421.285.jpg,af3710b153692c857b523b52c128b7f3,
/content/flood_dataset_v4/Dataset_Flood/medium/nose.jpg,medium/nose.jpg,medium,1,nose.jpg,09464fa5757a052d7f4e5bbb3e2292cd,
/content/flood_dataset_v4/Dataset_Flood/medium/image_311.jpg,medium/image_311.jpg,medium,1,image_311.jpg,1d23245b8264898d7fbb48865d99ac4d,
/content/flood_dataset_v4/Dataset_Flood/medium/images (16).jpg,medium/images (16).jpg,medium,1,images (16).jpg,76aab370d92094268e1dede0b60e6b00,
/content/flood_dataset_v4/Dataset_Flood/medium/images (1).jpg,medium/images (1).jpg,medium,1,images (1).jpg,fcd0b49aaaa34f768e924a66e5c4008b,
/content/flood_dataset_v4/Dataset_Flood/medium/images (94).jpg,medium/images (94).jpg,medium,1,images (94).jpg,61653abd816f860aa87ee2b5d2039686,
/content/flood_dataset_v4/Dataset_Flood/medium/다운로드 (6).jpg,medium/다운로드 (6).jpg,medium,1,다운로드 (6).jpg,5eb77b8746821898ba81f98d86d7abd0,
/content/flood_dataset_v4/Dataset_Flood/medium/images-873cb504e7c333c6f74c7394a73d201acf9fae6cd36600561e3775ee8c31ca9b060d5497fad80da70437e59e48a14722-_111-6190.jpg,medium/images-873cb504e7c333c6f74c7394a73d201acf9fae6cd36600561e3775ee8c31ca9b060d5497fad80da70437e59e48a14722-_111-6190.jpg,medium,1,images-873cb504e7c333c6f74c7394a73d201acf9fae6cd36600561e3775ee8c31ca9b060d5497fad80da70437e59e48a14722-_111-6190.jpg,c86e85183e6c3236bd54fa1e7f7ff9d4,
/content/flood_dataset_v4/Dataset_Flood/medium/noise3.jpg,medium/noise3.jpg,medium,1,noise3.jpg,199fd5605196aec18e75a8732060180a,
/content/flood_dataset_v4/Dataset_Flood/medium/flood_6342.jpg,medium/flood_6342.jpg,medium,1,flood_6342.jpg,127053cae71a98db2be34340a5409493,
/content/flood_dataset_v4/Dataset_Flood/medium/vnapotalquangtritieptucmualonlulennhanhgayngaplutdienrong1917541315072353-16029002171551755047725.webp,medium/vnapotalquangtritieptucmualonlulennhanhgayngaplutdienrong1917541315072353-16029002171551755047725.webp,medium,1,vnapotalquangtritieptucmualonlulennhanhgayngaplutdienrong1917541315072353-16029002171551755047725.webp,9aa6f037b312156af0aadcf78f4491d6,
/content/flood_dataset_v4/Dataset_Flood/medium/base64-1695779498756539741837.webp,medium/base64-1695779498756539741837.webp,medium,1,base64-1695779498756539741837.webp,ceb8c2cc7ed4a5ef92ded53a3e3c9180,
/content/flood_dataset_v4/Dataset_Flood/medium/images (20).jpg,medium/images (20).jpg,medium,1,images (20).jpg,d1a17b7d5d136b9518f5d98d0e083c5d,
/content/flood_dataset_v4/Dataset_Flood/medium/images - 2025-01-28T154314.514.jpg,medium/images - 2025-01-28T154314.514.jpg,medium,1,images - 2025-01-28T154314.514.jpg,bff4635a9e5a665f388bf8b383e788f5,
/content/flood_dataset_v4/Dataset_Flood/medium/chay-lu-3-21413569-1730073550943-1730073551814934630676.jpg,medium/chay-lu-3-21413569-1730073550943-1730073551814934630676.jpg,medium,1,chay-lu-3-21413569-1730073550943-1730073551814934630676.jpg,e67e95d9ae173e73933d48bfb90333cf,
/content/flood_dataset_v4/Dataset_Flood/medium/images (44).jpg,medium/images (44).jpg,medium,1,images (44).jpg,ba67252d9cccb45c91a319236508c8fa,
/content/flood_dataset_v4/Dataset_Flood/medium/images - 2025-01-28T164735.878.jpg,medium/images - 2025-01-28T164735.878.jpg,medium,1,images - 2025-01-28T164735.878.jpg,0d640278e75e766ffe6635d85460f6c1,
/content/flood_dataset_v4/Dataset_Flood/medium/n3.jpg,medium/n3.jpg,medium,1,n3.jpg,b8b79421eec49dc2cca78307a1145f20,
/content/flood_dataset_v4/Dataset_Flood/medium/images - 2025-01-28T155151.809.jpg,medium/images - 2025-01-28T155151.809.jpg,medium,1,images - 2025-01-28T155151.809.jpg,d8b50913f0aa35b1a4e9e5b6454cd7b6,
/content/flood_dataset_v4/Dataset_Flood/medium/39.jpg,medium/39.jpg,medium,1,39.jpg,9f820d08c85a711e6bd57f9a27b5040f,
/content/flood_dataset_v4/Dataset_Flood/medium/images - 2025-01-28T151830.454.jpg,medium/images - 2025-01-28T151830.454.jpg,medium,1,images - 2025-01-28T151830.454.jpg,427c5b3a6879d4238e1381bb44a6e1c6,
/content/flood_dataset_v4/Dataset_Flood/medium/1790569686851_6460767276583596373_6460767276583596373_e347748c8fb87d188016fcb00d7ecb6f.jpg,medium/1790569686851_6460767276583596373_6460767276583596373_e347748c8fb87d188016fcb00d7ecb6f.jpg,medium,1,1790569686851_6460767276583596373_6460767276583596373_e347748c8fb87d188016fcb00d7ecb6f.jpg,fa36149296741cd80309a1ecd97ebd4b,
/content/flood_dataset_v4/Dataset_Flood/medium/다운로드 (18).jpg,medium/다운로드 (18).jpg,medium,1,다운로드 (18).jpg,856d9ccec7531210cdb7ff37d3e9fd4f,
/content/flood_dataset_v4/Dataset_Flood/medium/e93b6786-6be4-4bcd-aceb-5540db8f8f79-17618117577021425135368.webp,medium/e93b6786-6be4-4bcd-aceb-5540db8f8f79-17618117577021425135368.webp,medium,1,e93b6786-6be4-4bcd-aceb-5540db8f8f79-17618117577021425135368.webp,e78089a87b012304ceae847c18df2543,
/content/flood_dataset_v4/Dataset_Flood/medium/images - 2025-01-28T185102.902.jpg,medium/images - 2025-01-28T185102.902.jpg,medium,1,images - 2025-01-28T185102.902.jpg,4bd5e32005118c76ecab3d6d7f3e90e0,
/content/flood_dataset_v4/Dataset_Flood/medium/다운로드 (42).jpg,medium/다운로드 (42).jpg,medium,1,다운로드 (42).jpg,20501e57ca9dafdc1fef1e294ddc36ec,
/content/flood_dataset_v4/Dataset_Flood/medium/3_ngoai_giao_doan1.webp,medium/3_ngoai_giao_doan1.webp,medium,1,3_ngoai_giao_doan1.webp,d3758e1df999e40543fd2b6120156ac7,
/content/flood_dataset_v4/Dataset_Flood/medium/다운로드 (14).jpg,medium/다운로드 (14).jpg,medium,1,다운로드 (14).jpg,c16f647e11abc371fe2262b4de45e575,
/content/flood_dataset_v4/Dataset_Flood/medium/img14.jpg,medium/img14.jpg,medium,1,img14.jpg,8f45e6f0b84f0f2393aa61b922510c76,
/content/flood_dataset_v4/Dataset_Flood/medium/image_0116.jpg,medium/image_0116.jpg,medium,1,image_0116.jpg,cdc3cf89128901651b3bec54da1a3f93,
/content/flood_dataset_v4/Dataset_Flood/medium/cd3a096a-084a-49d7-8d1f-345c16612ce9.jpg.webp,medium/cd3a096a-084a-49d7-8d1f-345c16612ce9.jpg.webp,medium,1,cd3a096a-084a-49d7-8d1f-345c16612ce9.jpg.webp,02168236938f7721b5ca8f73420c4a80,
/content/flood_dataset_v4/Dataset_Flood/medium/image_0037.jpg,medium/image_0037.jpg,medium,1,image_0037.jpg,08b95652236b04b0afc067fc38502147,
/content/flood_dataset_v4/Dataset_Flood/medium/noise (9).jpg,medium/noise (9).jpg,medium,1,noise (9).jpg,0696725077e381b77ea00b55ff886b16,
/content/flood_dataset_v4/Dataset_Flood/medium/lu-ky-luc-tren-hai-song-o-mien-trung-ngap-lut-lan-rong-tai-6-tinh-thanh-904.jpg,medium/lu-ky-luc-tren-hai-song-o-mien-trung-ngap-lut-lan-rong-tai-6-tinh-thanh-904.jpg,medium,1,lu-ky-luc-tren-hai-song-o-mien-trung-ngap-lut-lan-rong-tai-6-tinh-thanh-904.jpg,6fb623a6ec5e358cf20cfde7306ab8ad,
/content/flood_dataset_v4/Dataset_Flood/medium/806710422_1065873122862966_2124382561581510826_n.jpg,medium/806710422_1065873122862966_2124382561581510826_n.jpg,medium,1,806710422_1065873122862966_2124382561581510826_n.jpg,26996911bb445dd1dc3512a1bf98f266,
/content/flood_dataset_v4/Dataset_Flood/medium/Mua-Lu-6-3.jpg,medium/Mua-Lu-6-3.jpg,medium,1,Mua-Lu-6-3.jpg,a07daec0878fa22c7c844d21e25bc92b,
/content/flood_dataset_v4/Dataset_Flood/medium/images (39).jpg,medium/images (39).jpg,medium,1,images (39).jpg,b1624db017546b9ae115ef96ceffa994,
/content/flood_dataset_v4/Dataset_Flood/medium/edit-z7290483264645f5e6e37fc44ef85a5b1ffafb92dc59ab-17648137370111953943839-0-27-1131-1837-crop-1764813752388209128783.webp,medium/edit-z7290483264645f5e6e37fc44ef85a5b1ffafb92dc59ab-17648137370111953943839-0-27-1131-1837-crop-1764813752388209128783.webp,medium,1,edit-z7290483264645f5e6e37fc44ef85a5b1ffafb92dc59ab-17648137370111953943839-0-27-1131-1837-crop-1764813752388209128783.webp,8c5436b4ff258973dd00d971afc1199f,
/content/flood_dataset_v4/Dataset_Flood/medium/flood_6358.jpg,medium/flood_6358.jpg,medium,1,flood_6358.jpg,7fa2c1f5eb79a7de8213eb9eb5014f4b,
/content/flood_dataset_v4/Dataset_Flood/medium/images - 2025-01-28T164003.942.jpg,medium/images - 2025-01-28T164003.942.jpg,medium,1,images - 2025-01-28T164003.942.jpg,b61fb527cab1c73b4ff05e3f3efa3127,
/content/flood_dataset_v4/Dataset_Flood/medium/images - 2025-01-28T152103.589.jpg,medium/images - 2025-01-28T152103.589.jpg,medium,1,images - 2025-01-28T152103.589.jpg,c84d33b8f3597660851f5398a7775d2b,
/content/flood_dataset_v4/Dataset_Flood/medium/images - 2025-01-28T164323.121.jpg,medium/images - 2025-01-28T164323.121.jpg,medium,1,images - 2025-01-28T164323.121.jpg,f4cf3a1bf79efd4288ca2cc6f3b17232,
/content/flood_dataset_v4/Dataset_Flood/medium/805732892_1065370622913216_4581455416973599545_n.jpg,medium/805732892_1065370622913216_4581455416973599545_n.jpg,medium,1,805732892_1065370622913216_4581455416973599545_n.jpg,cc07606400b2a1baf556096f99f6e0b4,
/content/flood_dataset_v4/Dataset_Flood/medium/flood_4955.jpg,medium/flood_4955.jpg,medium,1,flood_4955.jpg,7fa345e078840188ed8436cc660b8d9b,
/content/flood_dataset_v4/Dataset_Flood/medium/image_0428.jpg,medium/image_0428.jpg,medium,1,image_0428.jpg,efbfcf7dd92fd98fe51579d2ca05b9eb,
/content/flood_dataset_v4/Dataset_Flood/medium/sat_lo_4.jpg,medium/sat_lo_4.jpg,medium,1,sat_lo_4.jpg,f8a7bd6ebc321f4bc00a5249dea3d056,
/content/flood_dataset_v4/Dataset_Flood/medium/noise_NN.jpg,medium/noise_NN.jpg,medium,1,noise_NN.jpg,1595cafb259ad4b13bf4e1b68b597579,
/content/flood_dataset_v4/Dataset_Flood/medium/images (60).jpg,medium/images (60).jpg,medium,1,images (60).jpg,ba88cca39ac365ef98730d8d19bf37bc,
/content/flood_dataset_v4/Dataset_Flood/medium/805757282_1065370772913201_6161573886721973177_n.jpg,medium/805757282_1065370772913201_6161573886721973177_n.jpg,medium,1,805757282_1065370772913201_6161573886721973177_n.jpg,0a6694cc6b3febae6559529ad300b78e,
/content/flood_dataset_v4/Dataset_Flood/medium/images.jpg,medium/images.jpg,medium,1,images.jpg,f736da6a02b02ab262f11ed2bd458d26,
/content/flood_dataset_v4/Dataset_Flood/medium/images - 2025-01-28T155316.943.jpg,medium/images - 2025-01-28T155316.943.jpg,medium,1,images - 2025-01-28T155316.943.jpg,c4c3ed97a298b7f90c5dc4e7af431f63,
/content/flood_dataset_v4/Dataset_Flood/medium/images - 2025-01-28T185558.906.jpg,medium/images - 2025-01-28T185558.906.jpg,medium,1,images - 2025-01-28T185558.906.jpg,86cbc6bb9e449556ccc11e8adde52fe0,
/content/flood_dataset_v4/Dataset_Flood/medium/images (23).jpg,medium/images (23).jpg,medium,1,images (23).jpg,4eb91aa0004fb856c47d147fb36cd2ae,
/content/flood_dataset_v4/Dataset_Flood/medium/img12.jpg,medium/img12.jpg,medium,1,img12.jpg,51ed7550ae2da0116ec4322c913df2c1,
/content/flood_dataset_v4/Dataset_Flood/medium/1763565218045_mua1-191125.jpeg,medium/1763565218045_mua1-191125.jpeg,medium,1,1763565218045_mua1-191125.jpeg,085549f59119e623786159489e75b45e,
/content/flood_dataset_v4/Dataset_Flood/medium/806467541_1065370726246539_5594936830915521696_n.jpg,medium/806467541_1065370726246539_5594936830915521696_n.jpg,medium,1,806467541_1065370726246539_5594936830915521696_n.jpg,752201c70d929b9a383ff876a341f5b5,
/content/flood_dataset_v4/Dataset_Flood/medium/image_242.jpg,medium/image_242.jpg,medium,1,image_242.jpg,08ae4d42fc895679db8190f43a3feb81,
/content/flood_dataset_v4/Dataset_Flood/medium/images (83).jpg,medium/images (83).jpg,medium,1,images (83).jpg,36aab80516fa291dabc7d5481e73678b,
/content/flood_dataset_v4/Dataset_Flood/medium/image_184.jpg,medium/image_184.jpg,medium,1,image_184.jpg,604935487fcd7738cbef8e6cc88954f3,
/content/flood_dataset_v4/Dataset_Flood/medium/flood_6350.jpg,medium/flood_6350.jpg,medium,1,flood_6350.jpg,867fad8c8743f385265e99b622efb358,
/content/flood_dataset_v4/Dataset_Flood/medium/810623993_1799710881445330_8737764643550837504_n.jpg,medium/810623993_1799710881445330_8737764643550837504_n.jpg,medium,1,810623993_1799710881445330_8737764643550837504_n.jpg,ba5efb76a2cb0d5fb777e81944423603,
/content/flood_dataset_v4/Dataset_Flood/medium/images (14).jpg,medium/images (14).jpg,medium,1,images (14).jpg,8aab639a0f4725a016db2f5321c5b15d,
/content/flood_dataset_v4/Dataset_Flood/medium/images - 2025-01-28T163135.146.jpg,medium/images - 2025-01-28T163135.146.jpg,medium,1,images - 2025-01-28T163135.146.jpg,e770211a6f1271fc023e6ab6112a978f,
/content/flood_dataset_v4/Dataset_Flood/medium/noise_n (3).jpg,medium/noise_n (3).jpg,medium,1,noise_n (3).jpg,b555ecae68dade42facc0e2278ace6cf,
/content/flood_dataset_v4/Dataset_Flood/medium/805748163_1065873179529627_6760039323380709179_n.jpg,medium/805748163_1065873179529627_6760039323380709179_n.jpg,medium,1,805748163_1065873179529627_6760039323380709179_n.jpg,f641c047988f48009fa6554f9d0d6915,
/content/flood_dataset_v4/Dataset_Flood/medium/vuot-lu2-17617488140051300053584.webp,medium/vuot-lu2-17617488140051300053584.webp,medium,1,vuot-lu2-17617488140051300053584.webp,b4952b588a508b2688c1d5b846bd89bf,
/content/flood_dataset_v4/Dataset_Flood/medium/flood_6198.jpg,medium/flood_6198.jpg,medium,1,flood_6198.jpg,71ceed4173c12881878b91d64e8d49d6,
/content/flood_dataset_v4/Dataset_Flood/medium/81329cb922f6cba892e7-jpg-31673361078756138245019-50182452114320146060691.webp,medium/81329cb922f6cba892e7-jpg-31673361078756138245019-50182452114320146060691.webp,medium,1,81329cb922f6cba892e7-jpg-31673361078756138245019-50182452114320146060691.webp,736959a8fecc5e6dd06ba78d87c14947,
/content/flood_dataset_v4/Dataset_Flood/medium/image_0192.jpg,medium/image_0192.jpg,medium,1,image_0192.jpg,22c52fbb59f4c03b4a348799351dbd07,
/content/flood_dataset_v4/Dataset_Flood/medium/images (68).jpg,medium/images (68).jpg,medium,1,images (68).jpg,543c70fe626ed0ec5aa609e1401cb2e7,
/content/flood_dataset_v4/Dataset_Flood/medium/images (28).jpg,medium/images (28).jpg,medium,1,images (28).jpg,d4735b01c50f649e12206744e9cca226,
/content/flood_dataset_v4/Dataset_Flood/medium/flood_6137.jpg,medium/flood_6137.jpg,medium,1,flood_6137.jpg,7d08b95c0d135cefcc69ef384b3b5170,
/content/flood_dataset_v4/Dataset_Flood/medium/다운로드 (35).jpg,medium/다운로드 (35).jpg,medium,1,다운로드 (35).jpg,d0a13ee4535be675ecdc97d9f9cf9012,
/content/flood_dataset_v4/Dataset_Flood/medium/flood_6238.jpg,medium/flood_6238.jpg,medium,1,flood_6238.jpg,6da12ae04c5002be19efa39d30d15a0c,
/content/flood_dataset_v4/Dataset_Flood/medium/noise (6).jpg,medium/noise (6).jpg,medium,1,noise (6).jpg,64a388924b2133de1221cf36e27081a9,
/content/flood_dataset_v4/Dataset_Flood/medium/806001825_1065370816246530_6160330120545642228_n.jpg,medium/806001825_1065370816246530_6160330120545642228_n.jpg,medium,1,806001825_1065370816246530_6160330120545642228_n.jpg,98bcfb95e919fece715a83614792f9e0,
/content/flood_dataset_v4/Dataset_Flood/medium/z4782704219045-5bea5c44e42ce2cb0ec1245ce6b7bef8-16973578980371748163129-68-0-1318-2000-crop-16973579055971802523402.webp,medium/z4782704219045-5bea5c44e42ce2cb0ec1245ce6b7bef8-16973578980371748163129-68-0-1318-2000-crop-16973579055971802523402.webp,medium,1,z4782704219045-5bea5c44e42ce2cb0ec1245ce6b7bef8-16973578980371748163129-68-0-1318-2000-crop-16973579055971802523402.webp,26877c7570f2335724ee8192f83b64db,
/content/flood_dataset_v4/Dataset_Flood/medium/image_041.jpg,medium/image_041.jpg,medium,1,image_041.jpg,a99ec78b1d00b08f39c760bd0e149864,
/content/flood_dataset_v4/Dataset_Flood/medium/images - 2025-01-28T152351.877.jpg,medium/images - 2025-01-28T152351.877.jpg,medium,1,images - 2025-01-28T152351.877.jpg,c971f392e597b047f3246bb752082413,
/content/flood_dataset_v4/Dataset_Flood/medium/image_0400.jpg,medium/image_0400.jpg,medium,1,image_0400.jpg,7ae6ca5721ada9b83f398c376eed8b1b,
/content/flood_dataset_v4/Dataset_Flood/medium/ha-noi-17597880726421699725002-175984783712675155986.webp,medium/ha-noi-17597880726421699725002-175984783712675155986.webp,medium,1,ha-noi-17597880726421699725002-175984783712675155986.webp,10aae57a0876fe78169b558b73f2d4ea,
/content/flood_dataset_v4/Dataset_Flood/medium/images - 2025-01-28T163953.945.jpg,medium/images - 2025-01-28T163953.945.jpg,medium,1,images - 2025-01-28T163953.945.jpg,87415f86d9e8182e20c8ad17aa6ae5b1,
/content/flood_dataset_v4/Dataset_Flood/medium/image_136.jpg,medium/image_136.jpg,medium,1,image_136.jpg,7dbfdc976ca73cea35d52baf4de31b36,
/content/flood_dataset_v4/Dataset_Flood/medium/Mua-Lu-00.jpg,medium/Mua-Lu-00.jpg,medium,1,Mua-Lu-00.jpg,ad02442766cce417988a8273592f03e8,
/content/flood_dataset_v4/Dataset_Flood/medium/806088558_1065873269529618_5062507532368136267_n.jpg,medium/806088558_1065873269529618_5062507532368136267_n.jpg,medium,1,806088558_1065873269529618_5062507532368136267_n.jpg,c4c11342c13d5c813b21fda0820870f7,
/content/flood_dataset_v4/Dataset_Flood/medium/flood_6267.jpg,medium/flood_6267.jpg,medium,1,flood_6267.jpg,ce2ed02f9a5c31b315f4c5d2cc69d36b,
/content/flood_dataset_v4/Dataset_Flood/medium/images - 2025-01-28T151947.364.jpg,medium/images - 2025-01-28T151947.364.jpg,medium,1,images - 2025-01-28T151947.364.jpg,9fa275c580edc5e55e1b379b2e857a9b,
/content/flood_dataset_v4/Dataset_Flood/medium/images - 2025-01-28T152008.452.jpg,medium/images - 2025-01-28T152008.452.jpg,medium,1,images - 2025-01-28T152008.452.jpg,b02d0ac2a323a19e9669907c85391530,
/content/flood_dataset_v4/Dataset_Flood/medium/doi-dan-17343606.jpg,medium/doi-dan-17343606.jpg,medium,1,doi-dan-17343606.jpg,c1c476aa1680d74cb0513b214d76921d,
/content/flood_dataset_v4/Dataset_Flood/medium/806467540_1065370719579873_6432163627714825372_n.jpg,medium/806467540_1065370719579873_6432163627714825372_n.jpg,medium,1,806467540_1065370719579873_6432163627714825372_n.jpg,8de8fbbe7e7546a8107cf4f9c518b9ec,
/content/flood_dataset_v4/Dataset_Flood/medium/다운로드 (8).jpg,medium/다운로드 (8).jpg,medium,1,다운로드 (8).jpg,810267d5d1e823c3346aa9c707c89456,
/content/flood_dataset_v4/Dataset_Flood/medium/noise (11).jpg,medium/noise (11).jpg,medium,1,noise (11).jpg,2db0e756346d682d2c59165cc8cbf018,
/content/flood_dataset_v4/Dataset_Flood/medium/AA.34456276.1.jpg,medium/AA.34456276.1.jpg,medium,1,AA.34456276.1.jpg,a42ec4856449cfafb88b222349bbcb5c,
/content/flood_dataset_v4/Dataset_Flood/medium/images (96).jpg,medium/images (96).jpg,medium,1,images (96).jpg,a3bc5e387114816fa20ac0377657609a,
/content/flood_dataset_v4/Dataset_Flood/medium/ung-pho-voi-bao-va-lu-1753147763713786753476.webp,medium/ung-pho-voi-bao-va-lu-1753147763713786753476.webp,medium,1,ung-pho-voi-bao-va-lu-1753147763713786753476.webp,fb3c2eb2e79861e223981e282a4ec9ce,
/content/flood_dataset_v4/Dataset_Flood/medium/805757278_1065370576246554_5986690150971779054_n.jpg,medium/805757278_1065370576246554_5986690150971779054_n.jpg,medium,1,805757278_1065370576246554_5986690150971779054_n.jpg,ebc441e796cc9de38ed24368877c77fb,
/content/flood_dataset_v4/Dataset_Flood/medium/image_0042.jpg,medium/image_0042.jpg,medium,1,image_0042.jpg,fd4c4f93ec69533ac638aa637ca18c7c,
/content/flood_dataset_v4/Dataset_Flood/medium/mien-trung-mua-lu-bao-so-13-kalmaegi-14062802.jpg,medium/mien-trung-mua-lu-bao-so-13-kalmaegi-14062802.jpg,medium,1,mien-trung-mua-lu-bao-so-13-kalmaegi-14062802.jpg,f21fb35d249b9f8758189ee43978a501,
/content/flood_dataset_v4/Dataset_Flood/medium/images (63).jpg,medium/images (63).jpg,medium,1,images (63).jpg,ce81e60e425c5f08f1bad1b74b9891eb,
/content/flood_dataset_v4/Dataset_Flood/medium/images - 2025-01-28T151335.142.jpg,medium/images - 2025-01-28T151335.142.jpg,medium,1,images - 2025-01-28T151335.142.jpg,712bb114a2da2430a5d65f38589da255,
/content/flood_dataset_v4/Dataset_Flood/medium/images (6).jpg,medium/images (6).jpg,medium,1,images (6).jpg,9944dfabc8c7ed8983b85358aeebb19b,
/content/flood_dataset_v4/Dataset_Flood/medium/d9a74ea5-927d-492b-a483-851ca09aecac.jpg,medium/d9a74ea5-927d-492b-a483-851ca09aecac.jpg,medium,1,d9a74ea5-927d-492b-a483-851ca09aecac.jpg,8a82c307dadb335e867335ea54be2cf3,
/content/flood_dataset_v4/Dataset_Flood/medium/images - 2025-01-28T185346.201.jpg,medium/images - 2025-01-28T185346.201.jpg,medium,1,images - 2025-01-28T185346.201.jpg,3633c21479ac2776fa53eb436a32aa8e,
/content/flood_dataset_v4/Dataset_Flood/medium/img41.jpg,medium/img41.jpg,medium,1,img41.jpg,433e4687b793ab371706a7d6f0e3d7d5,
/content/flood_dataset_v4/Dataset_Flood/medium/images (47).jpg,medium/images (47).jpg,medium,1,images (47).jpg,372e514a9117b5d4563afafbf32250c0,
/content/flood_dataset_v4/Dataset_Flood/medium/image_340.jpg,medium/image_340.jpg,medium,1,image_340.jpg,609744065038d25df5ac62a61e48d1f5,
/content/flood_dataset_v4/Dataset_Flood/medium/images - 2025-01-28T154019.204.jpg,medium/images - 2025-01-28T154019.204.jpg,medium,1,images - 2025-01-28T154019.204.jpg,c2fe3d4225066f146296578549ad7e7f,
/content/flood_dataset_v4/Dataset_Flood/medium/img13.webp,medium/img13.webp,medium,1,img13.webp,eac8b1a5ae549b7d726da28c11123422,
/content/flood_dataset_v4/Dataset_Flood/medium/images (43).jpg,medium/images (43).jpg,medium,1,images (43).jpg,db0335c303c23095be2ed4477567f248,
/content/flood_dataset_v4/Dataset_Flood/medium/base64-17342754119122101391959.webp,medium/base64-17342754119122101391959.webp,medium,1,base64-17342754119122101391959.webp,a654bc3ba35ce22af5341dc5dfac9219,
/content/flood_dataset_v4/Dataset_Flood/medium/z68614736942447c6275270c9b1f6cc0cbdbc8211d4de72025-08-01-45-17540215627841123288372.jpg,medium/z68614736942447c6275270c9b1f6cc0cbdbc8211d4de72025-08-01-45-17540215627841123288372.jpg,medium,1,z68614736942447c6275270c9b1f6cc0cbdbc8211d4de72025-08-01-45-17540215627841123288372.jpg,4cd45e02f9717ec5cc0cb47c66204cc3,
/content/flood_dataset_v4/Dataset_Flood/medium/images (19).jpg,medium/images (19).jpg,medium,1,images (19).jpg,ac3a6ab7c3dc2658e6db5b6d38d80a74,
/content/flood_dataset_v4/Dataset_Flood/medium/images (5).jpg,medium/images (5).jpg,medium,1,images (5).jpg,65a16a00c351b93c5c6fd6018cbfaba4,
/content/flood_dataset_v4/Dataset_Flood/medium/807844220_1065873346196277_5517405084670681232_n.jpg,medium/807844220_1065873346196277_5517405084670681232_n.jpg,medium,1,807844220_1065873346196277_5517405084670681232_n.jpg,2f94e11569bcc39a6c0a34e0f716cd1b,
/content/flood_dataset_v4/Dataset_Flood/medium/98-1759806099-thai-nguyen-2.jpg,medium/98-1759806099-thai-nguyen-2.jpg,medium,1,98-1759806099-thai-nguyen-2.jpg,d9b741bcdb15b7a4e57454112f333453,
/content/flood_dataset_v4/Dataset_Flood/medium/images (25).jpg,medium/images (25).jpg,medium,1,images (25).jpg,f403edcca5163fb8c45a8b65bb55fee6,
/content/flood_dataset_v4/Dataset_Flood/medium/images - 2025-01-28T155214.658.jpg,medium/images - 2025-01-28T155214.658.jpg,medium,1,images - 2025-01-28T155214.658.jpg,7bf362bfcd9a94cad5fb8a5be3d0865e,
/content/flood_dataset_v4/Dataset_Flood/medium/image_0085.jpg,medium/image_0085.jpg,medium,1,image_0085.jpg,fc733f02f2fe184ec5d1e8add7c6c696,
/content/flood_dataset_v4/Dataset_Flood/high/images (12).jpg,high/images (12).jpg,high,2,images (12).jpg,83d901a9298be741d0acffb3ddac5c76,
/content/flood_dataset_v4/Dataset_Flood/high/morigaonassamindia-july-02-view-submerged-house-mayong-village-440nw-14568584j.jpg,high/morigaonassamindia-july-02-view-submerged-house-mayong-village-440nw-14568584j.jpg,high,2,morigaonassamindia-july-02-view-submerged-house-mayong-village-440nw-14568584j.jpg,4ead244e8c063fdc45b14153ad4915aa,
/content/flood_dataset_v4/Dataset_Flood/high/img63.webp,high/img63.webp,high,2,img63.webp,17d0b026ea61e85beda180328fc94180,
/content/flood_dataset_v4/Dataset_Flood/high/72efa2414d805874960fcdcba8998271846f130d5b210f85dfa33e8358683cf2_6312409.jpg,high/72efa2414d805874960fcdcba8998271846f130d5b210f85dfa33e8358683cf2_6312409.jpg,high,2,72efa2414d805874960fcdcba8998271846f130d5b210f85dfa33e8358683cf2_6312409.jpg,585d2a43437c545f0c49b594bdefc694,
/content/flood_dataset_v4/Dataset_Flood/high/floods_cambodia_avid_w.jpg,high/floods_cambodia_avid_w.jpg,high,2,floods_cambodia_avid_w.jpg,3d3299a8f618baba12929c82f1f53fd8,
/content/flood_dataset_v4/Dataset_Flood/high/download.webp,high/download.webp,high,2,download.webp,b44753f9d755d1a7585f3e6ce7b0a16b,
/content/flood_dataset_v4/Dataset_Flood/high/OIP (30).webp,high/OIP (30).webp,high,2,OIP (30).webp,56b4cce62bc9a360c2cd875495bed7cc,
/content/flood_dataset_v4/Dataset_Flood/high/Shutterstock_12517008h.jpg,high/Shutterstock_12517008h.jpg,high,2,Shutterstock_12517008h.jpg,8d66e3e65ed3df9eaaab1fb4f651a9b7,
/content/flood_dataset_v4/Dataset_Flood/high/base64-17636345850221529831693-1763699519205331569198.jpeg,high/base64-17636345850221529831693-1763699519205331569198.jpeg,high,2,base64-17636345850221529831693-1763699519205331569198.jpeg,eb475beb21d1e8ec375460a408b0c038,
/content/flood_dataset_v4/Dataset_Flood/high/flood_208.jpg,high/flood_208.jpg,high,2,flood_208.jpg,558841945a21444ce38b8da0e4d18d05,
/content/flood_dataset_v4/Dataset_Flood/high/image_074.jpg,high/image_074.jpg,high,2,image_074.jpg,806cfaee071e12c9b7731e1365ec8e66,
/content/flood_dataset_v4/Dataset_Flood/high/img29.webp,high/img29.webp,high,2,img29.webp,4a7aad8c35510bf33444f1086e8cd341,
/content/flood_dataset_v4/Dataset_Flood/high/O-To-22.jpg,high/O-To-22.jpg,high,2,O-To-22.jpg,6b74bdcbaa92233cd12ce0f309cd3b6b,
/content/flood_dataset_v4/Dataset_Flood/high/OIP (24).webp,high/OIP (24).webp,high,2,OIP (24).webp,dbe5690637fdc5f688773d32342f8025,
/content/flood_dataset_v4/Dataset_Flood/high/1.webp,high/1.webp,high,2,1.webp,c76f9d7a8990fd0fc006b0fa09de0d4f,
/content/flood_dataset_v4/Dataset_Flood/high/img21.webp,high/img21.webp,high,2,img21.webp,2d4e2627d96aa55f48bffb4b7cff189e,
/content/flood_dataset_v4/Dataset_Flood/high/3142_6884_5650.jpg,high/3142_6884_5650.jpg,high,2,3142_6884_5650.jpg,228253519eb33f5b842cc5455d917a2a,
/content/flood_dataset_v4/Dataset_Flood/high/OIP (12).webp,high/OIP (12).webp,high,2,OIP (12).webp,d23f15e2630d78c7f97887cbdee392d1,
/content/flood_dataset_v4/Dataset_Flood/high/image_315.jpg,high/image_315.jpg,high,2,image_315.jpg,d501da61e60f66794eb9d1652d6156ec,
/content/flood_dataset_v4/Dataset_Flood/high/GP1SWKOP_High_res-1.jpg,high/GP1SWKOP_High_res-1.jpg,high,2,GP1SWKOP_High_res-1.jpg,7593c765a774dd832a1bad268e091bef,
/content/flood_dataset_v4/Dataset_Flood/high/OIP (25).webp,high/OIP (25).webp,high,2,OIP (25).webp,eaf0d646713fc7a22818c3fce4da1c11,
/content/flood_dataset_v4/Dataset_Flood/high/2938296.jpeg,high/2938296.jpeg,high,2,2938296.jpeg,408e1a950d0f8edae0f9edef64e6c366,
/content/flood_dataset_v4/Dataset_Flood/high/img89.jpg,high/img89.jpg,high,2,img89.jpg,8e964897b269344435156a24c1805d73,
/content/flood_dataset_v4/Dataset_Flood/high/image_130.jpg,high/image_130.jpg,high,2,image_130.jpg,dbbb9e6658d8b6259f45e5fc1e416eae,
/content/flood_dataset_v4/Dataset_Flood/high/1790569794958_6460767276583596373_6460767276583596373_b9cc1e22a5f47d3f6ac1b091b7cd3145.jpg,high/1790569794958_6460767276583596373_6460767276583596373_b9cc1e22a5f47d3f6ac1b091b7cd3145.jpg,high,2,1790569794958_6460767276583596373_6460767276583596373_b9cc1e22a5f47d3f6ac1b091b7cd3145.jpg,04728f42dd26434d7959d0664f8a4eb3,
/content/flood_dataset_v4/Dataset_Flood/high/0c721824746a4d454e73dddd86156986.webp,high/0c721824746a4d454e73dddd86156986.webp,high,2,0c721824746a4d454e73dddd86156986.webp,69ed33f8f0f89915e3ac3b4250ae8187,
/content/flood_dataset_v4/Dataset_Flood/high/img9.webp,high/img9.webp,high,2,img9.webp,40324843e524dfd6eb26236195d8ffd9,
/content/flood_dataset_v4/Dataset_Flood/high/img31.webp,high/img31.webp,high,2,img31.webp,9edb800159682ba20664296c14791f8f,
/content/flood_dataset_v4/Dataset_Flood/high/184fe5688cfd2ba372ec-1725976227.jpg,high/184fe5688cfd2ba372ec-1725976227.jpg,high,2,184fe5688cfd2ba372ec-1725976227.jpg,6577e1a4a505cdd61bd31d3e35581b8d,
/content/flood_dataset_v4/Dataset_Flood/high/kerala_sos.jpeg,high/kerala_sos.jpeg,high,2,kerala_sos.jpeg,a43346e0c50ae08991437ea4b658fdab,
/content/flood_dataset_v4/Dataset_Flood/high/flood_4800.jpg,high/flood_4800.jpg,high,2,flood_4800.jpg,711b1c9acccfedf06f42a9c19d734892,
/content/flood_dataset_v4/Dataset_Flood/high/flood_1334.jpg,high/flood_1334.jpg,high,2,flood_1334.jpg,9d07dc3789c2fddff0a20a21b94fefaf,
/content/flood_dataset_v4/Dataset_Flood/high/flood_732.jpg,high/flood_732.jpg,high,2,flood_732.jpg,863ee489d3ecd1f9394718d0b725e2ca,
/content/flood_dataset_v4/Dataset_Flood/high/70deae53-f714-4542-8a8b-4f62f2c1c87a.jpg,high/70deae53-f714-4542-8a8b-4f62f2c1c87a.jpg,high,2,70deae53-f714-4542-8a8b-4f62f2c1c87a.jpg,7f816dc6278d2d980bbcf3398a4ec100,
/content/flood_dataset_v4/Dataset_Flood/high/img69.jpg,high/img69.jpg,high,2,img69.jpg,e34e5e2e9457636c5847565dfcd707e1,
/content/flood_dataset_v4/Dataset_Flood/high/z7243826042725e83c8d03deb27f56d1a1aad2b13b8e87-176362146979047283232-15-0-615-960-crop-17636214777741938859206.webp,high/z7243826042725e83c8d03deb27f56d1a1aad2b13b8e87-176362146979047283232-15-0-615-960-crop-17636214777741938859206.webp,high,2,z7243826042725e83c8d03deb27f56d1a1aad2b13b8e87-176362146979047283232-15-0-615-960-crop-17636214777741938859206.webp,94173dd124aecdce7bb0d11f95ae5217,
/content/flood_dataset_v4/Dataset_Flood/high/img78.jpg,high/img78.jpg,high,2,img78.jpg,0b88715ed3427c64b80eec6024974717,
/content/flood_dataset_v4/Dataset_Flood/high/images (22).jpg,high/images (22).jpg,high,2,images (22).jpg,0c8dd1bfdd890fd42ee80585815e117f,
/content/flood_dataset_v4/Dataset_Flood/high/image_0152.jpg,high/image_0152.jpg,high,2,image_0152.jpg,fb70575993623934fd0fcd41a710f316,
/content/flood_dataset_v4/Dataset_Flood/high/nha-diva-my-linh-cach-tam-lut-lich-su-40km-bi-ngap-nang-co-len-thuong-qua-thai-nguyen-oi-_9_5_n-1759912630-809-width780height971.jpg,high/nha-diva-my-linh-cach-tam-lut-lich-su-40km-bi-ngap-nang-co-len-thuong-qua-thai-nguyen-oi-_9_5_n-1759912630-809-width780height971.jpg,high,2,nha-diva-my-linh-cach-tam-lut-lich-su-40km-bi-ngap-nang-co-len-thuong-qua-thai-nguyen-oi-_9_5_n-1759912630-809-width780height971.jpg,375995063787d555b268c6b896187036,
/content/flood_dataset_v4/Dataset_Flood/high/AP20317053962507.webp,high/AP20317053962507.webp,high,2,AP20317053962507.webp,e24e84c57080389840ecc525d5c97e1b,
/content/flood_dataset_v4/Dataset_Flood/high/img6.jpg,high/img6.jpg,high,2,img6.jpg,4da3d3b74bc0bdf4bc53c952a0072c4d,
/content/flood_dataset_v4/Dataset_Flood/high/R.png,high/R.png,high,2,R.png,f6259191e323deb0783da371bd26555e,
/content/flood_dataset_v4/Dataset_Flood/high/OIP (19).webp,high/OIP (19).webp,high,2,OIP (19).webp,0fb3094540f015a9ae6ad9dd5b1274d1,
/content/flood_dataset_v4/Dataset_Flood/high/flood_1261.jpg,high/flood_1261.jpg,high,2,flood_1261.jpg,ea08377afe0aa359caf507458600e426,
/content/flood_dataset_v4/Dataset_Flood/high/image_142.jpg,high/image_142.jpg,high,2,image_142.jpg,61f1ae74aa87afa73f2a7cfe9dd4b20b,
/content/flood_dataset_v4/Dataset_Flood/high/img40.jpg,high/img40.jpg,high,2,img40.jpg,c409701ac684285df4795b3b5636f938,
/content/flood_dataset_v4/Dataset_Flood/high/Mua-Lu-1.jpg,high/Mua-Lu-1.jpg,high,2,Mua-Lu-1.jpg,a22aa241dc46bfe7cbef5433e01989ef,
/content/flood_dataset_v4/Dataset_Flood/high/img86.webp,high/img86.webp,high,2,img86.webp,5987365adda94c37999a4a2e2859dd8d,
/content/flood_dataset_v4/Dataset_Flood/high/images (75).jpg,high/images (75).jpg,high,2,images (75).jpg,03237887b111645dd358d4e4b245ec82,
/content/flood_dataset_v4/Dataset_Flood/high/image_108.jpg,high/image_108.jpg,high,2,image_108.jpg,e924f52d0bb3acdc6608b523f2730bae,
/content/flood_dataset_v4/Dataset_Flood/high/OIP (44).webp,high/OIP (44).webp,high,2,OIP (44).webp,b6e68fe7e4eb6eccfaf6890cb44c8b57,
/content/flood_dataset_v4/Dataset_Flood/high/img96.jpg,high/img96.jpg,high,2,img96.jpg,f8dce468fbce3af89271c6f9682922c3,
/content/flood_dataset_v4/Dataset_Flood/high/a81349fcba3a042928236465e17d5847.jpg,high/a81349fcba3a042928236465e17d5847.jpg,high,2,a81349fcba3a042928236465e17d5847.jpg,16c3549dc18a3f3defc8b1a952facbed,
/content/flood_dataset_v4/Dataset_Flood/high/OIP (46).webp,high/OIP (46).webp,high,2,OIP (46).webp,6a39e43d668c183f4e80050f791099f3,
/content/flood_dataset_v4/Dataset_Flood/high/images (7).jpg,high/images (7).jpg,high,2,images (7).jpg,59f0288d80fbc86a2b17536d104ba958,
/content/flood_dataset_v4/Dataset_Flood/high/image_0417.jpg,high/image_0417.jpg,high,2,image_0417.jpg,957c8ff16fd9688abaff7f9043c196df,
/content/flood_dataset_v4/Dataset_Flood/high/AP23209060794692.jpg,high/AP23209060794692.jpg,high,2,AP23209060794692.jpg,ade8c4f906328f97a3ea5e9c43550b36,
/content/flood_dataset_v4/Dataset_Flood/high/img25.jpg,high/img25.jpg,high,2,img25.jpg,bd92e45e2aba71ebff455fe54b68535e,
/content/flood_dataset_v4/Dataset_Flood/high/ngap_2_0.webp,high/ngap_2_0.webp,high,2,ngap_2_0.webp,056a757e95311f1b45c397df6323700f,
/content/flood_dataset_v4/Dataset_Flood/high/img15.webp,high/img15.webp,high,2,img15.webp,294a745e7bf821519048af62a8d411ae,
/content/flood_dataset_v4/Dataset_Flood/high/img20.jpg,high/img20.jpg,high,2,img20.jpg,2bf5d0707f89089791e45e22b85073d3,
/content/flood_dataset_v4/Dataset_Flood/high/flood_5032.jpg,high/flood_5032.jpg,high,2,flood_5032.jpg,e5d896e165cf2a0c813d1ff51759810b,
/content/flood_dataset_v4/Dataset_Flood/high/img27.jpg,high/img27.jpg,high,2,img27.jpg,1b2d86fa9280a0a2eb929a341caf941f,
/content/flood_dataset_v4/Dataset_Flood/high/img33.jpg,high/img33.jpg,high,2,img33.jpg,e7ed921fd2c38af699526450ef8581b2,
/content/flood_dataset_v4/Dataset_Flood/high/img48.webp,high/img48.webp,high,2,img48.webp,dc54b8d9dac49dc1b4cac9b36cd89f97,
"/content/flood_dataset_v4/Dataset_Flood/high/huracán Sandy 26-10-12, Santo Domingo.jpg","high/huracán Sandy 26-10-12, Santo Domingo.jpg",high,2,"huracán Sandy 26-10-12, Santo Domingo.jpg",3ef17bd7a9310d08e3752f63f82e9bd8,
/content/flood_dataset_v4/Dataset_Flood/high/images - 2025-01-28T155325.390.jpg,high/images - 2025-01-28T155325.390.jpg,high,2,images - 2025-01-28T155325.390.jpg,ccbcc9d2da2dc68076b1ea0173fb28d3,
/content/flood_dataset_v4/Dataset_Flood/high/Flooded-Home-Car.jpg,high/Flooded-Home-Car.jpg,high,2,Flooded-Home-Car.jpg,19d41a2f0e24196b1f59da2b78e51566,
/content/flood_dataset_v4/Dataset_Flood/high/img.webp,high/img.webp,high,2,img.webp,853bee5d1143611c4fc52e2232474323,
/content/flood_dataset_v4/Dataset_Flood/high/img37.jpg,high/img37.jpg,high,2,img37.jpg,631d038291e3978dbc1940417e4e44c6,
/content/flood_dataset_v4/Dataset_Flood/high/img46.jpg,high/img46.jpg,high,2,img46.jpg,8d5de22c130671d9e4d620069d905c43,
/content/flood_dataset_v4/Dataset_Flood/high/flood_157.jpg,high/flood_157.jpg,high,2,flood_157.jpg,12ba844fb690736d36f114d451dab08a,
/content/flood_dataset_v4/Dataset_Flood/high/images (10).jpg,high/images (10).jpg,high,2,images (10).jpg,b156869fa8f09b52299eb8cbd3cb5107,
/content/flood_dataset_v4/Dataset_Flood/high/OIP.webp,high/OIP.webp,high,2,OIP.webp,7e757cb0f4fa159e8b1784d2ba495d7f,
/content/flood_dataset_v4/Dataset_Flood/high/img35.jpg,high/img35.jpg,high,2,img35.jpg,8981317f6ff961d9431b0f4fbc64444b,
/content/flood_dataset_v4/Dataset_Flood/high/images - 2025-01-28T151851.902.jpg,high/images - 2025-01-28T151851.902.jpg,high,2,images - 2025-01-28T151851.902.jpg,c368a003e586bceb77d2678cf72791d3,
/content/flood_dataset_v4/Dataset_Flood/high/img70.jpg,high/img70.jpg,high,2,img70.jpg,5624a6f9b4b2a44ee20927a6fc9da924,
/content/flood_dataset_v4/Dataset_Flood/high/image_027.jpg,high/image_027.jpg,high,2,image_027.jpg,7a04a8bccee4aecc2a82051a230ef5b8,
/content/flood_dataset_v4/Dataset_Flood/high/OIP (6).webp,high/OIP (6).webp,high,2,OIP (6).webp,4d22f039f1b65c00ad3f82914d72fea7,
/content/flood_dataset_v4/Dataset_Flood/high/image_0043.jpg,high/image_0043.jpg,high,2,image_0043.jpg,424095a3eed59a913aaf5a85794611aa,
/content/flood_dataset_v4/Dataset_Flood/high/image_0211.jpg,high/image_0211.jpg,high,2,image_0211.jpg,64bcfa954c4472e8ee7ce46b491398e7,
/content/flood_dataset_v4/Dataset_Flood/high/OIP (41).webp,high/OIP (41).webp,high,2,OIP (41).webp,fcb1ee9dc6d668bb9d0097cb10797d78,
/content/flood_dataset_v4/Dataset_Flood/high/image_090.jpg,high/image_090.jpg,high,2,image_090.jpg,98ff5ef3e6be853a4f42eca1a4be9208,
/content/flood_dataset_v4/Dataset_Flood/high/R (2).jpg,high/R (2).jpg,high,2,R (2).jpg,1ef3df47761507d6304abe96d1576cab,
/content/flood_dataset_v4/Dataset_Flood/high/img32.webp,high/img32.webp,high,2,img32.webp,2cdbf599b55321075712d262973451db,
/content/flood_dataset_v4/Dataset_Flood/high/2-1726448843911500454177.webp,high/2-1726448843911500454177.webp,high,2,2-1726448843911500454177.webp,50fe4fabde130e1c8c5096e8f3508d0a,
/content/flood_dataset_v4/Dataset_Flood/high/noise1.jpg,high/noise1.jpg,high,2,noise1.jpg,6a24ac40093286ee24f391a276870ac3,
/content/flood_dataset_v4/Dataset_Flood/high/images (46).jpg,high/images (46).jpg,high,2,images (46).jpg,e1345053c230ac1260714b1833a6be16,
/content/flood_dataset_v4/Dataset_Flood/high/flood_158.jpg,high/flood_158.jpg,high,2,flood_158.jpg,ad7d024b974915a31fa4582279a276e6,
/content/flood_dataset_v4/Dataset_Flood/high/flood_247.jpg,high/flood_247.jpg,high,2,flood_247.jpg,80a70d1c5746995ce79ee0172fd087d3,
/content/flood_dataset_v4/Dataset_Flood/high/OIP (32).webp,high/OIP (32).webp,high,2,OIP (32).webp,e9e98a4302ed881045bfa898285f8602,
/content/flood_dataset_v4/Dataset_Flood/high/image_049.jpg,high/image_049.jpg,high,2,image_049.jpg,6a9d67ba0ccd2122cac4f1da5b1b54b9,
/content/flood_dataset_v4/Dataset_Flood/high/image_143.png,high/image_143.png,high,2,image_143.png,2cc1a8ac7751a6a1a3c71e23f55a6e7e,
/content/flood_dataset_v4/Dataset_Flood/high/Shutterstock_12995717q.jpg,high/Shutterstock_12995717q.jpg,high,2,Shutterstock_12995717q.jpg,b3fbdc27ef97442d3f9d06dbd56dede5,
/content/flood_dataset_v4/Dataset_Flood/high/image_0289.jpg,high/image_0289.jpg,high,2,image_0289.jpg,9e5d311855d9cdaa8a56f07eaced98b0,
/content/flood_dataset_v4/Dataset_Flood/high/image_0140.jpg,high/image_0140.jpg,high,2,image_0140.jpg,20d83a343146587d63bd7a6e32e77be7,
/content/flood_dataset_v4/Dataset_Flood/high/Shutterstock_9051020c.jpg,high/Shutterstock_9051020c.jpg,high,2,Shutterstock_9051020c.jpg,eb55f096eb93e62c8f2186916c643141,
/content/flood_dataset_v4/Dataset_Flood/high/gettyimages-2163358898.jpg,high/gettyimages-2163358898.jpg,high,2,gettyimages-2163358898.jpg,cd6148e3e5dc696b58796accbc635ce5,
/content/flood_dataset_v4/Dataset_Flood/high/img8.webp,high/img8.webp,high,2,img8.webp,4531d0ab4ac7374f1ee91eb7056678e9,
/content/flood_dataset_v4/Dataset_Flood/high/OIP (18).webp,high/OIP (18).webp,high,2,OIP (18).webp,b205159d8ca30dfc9c263a80fa714b2e,
/content/flood_dataset_v4/Dataset_Flood/high/image_0044.jpg,high/image_0044.jpg,high,2,image_0044.jpg,ee704324ee7a575fe9638341367f51cf,
/content/flood_dataset_v4/Dataset_Flood/high/images (11).jpg,high/images (11).jpg,high,2,images (11).jpg,19b0bdc03107f5c3c5ef307d746b7080,
/content/flood_dataset_v4/Dataset_Flood/high/OIP (23).webp,high/OIP (23).webp,high,2,OIP (23).webp,432a633e23d09e40214b16eeb4ab97a7,
/content/flood_dataset_v4/Dataset_Flood/high/Quang-Binh-floods-2020-1200x900-1-1024x683.webp,high/Quang-Binh-floods-2020-1200x900-1-1024x683.webp,high,2,Quang-Binh-floods-2020-1200x900-1-1024x683.webp,27d17d8674391b321b360f1b530b329a,
/content/flood_dataset_v4/Dataset_Flood/high/Shutterstock_11767669j (1).jpg,high/Shutterstock_11767669j (1).jpg,high,2,Shutterstock_11767669j (1).jpg,fb85cbf4fc2ce88fb3efb29c4e21af6d,
/content/flood_dataset_v4/Dataset_Flood/high/img16.jpg,high/img16.jpg,high,2,img16.jpg,31c97b006de2cc0453ace7e070655cbe,
/content/flood_dataset_v4/Dataset_Flood/high/image_0107.jpg,high/image_0107.jpg,high,2,image_0107.jpg,9bdc9225098ebb2ba9bd8b95c737ef1e,
/content/flood_dataset_v4/Dataset_Flood/high/images (8).jpg,high/images (8).jpg,high,2,images (8).jpg,9a3fc826e37c3a620634ed6f82f15ae6,
/content/flood_dataset_v4/Dataset_Flood/high/dd20c6609cc035fedf1a093e97f51af4.jpeg,high/dd20c6609cc035fedf1a093e97f51af4.jpeg,high,2,dd20c6609cc035fedf1a093e97f51af4.jpeg,eb9044ffa484183f89c2d0560bab3cf3,
/content/flood_dataset_v4/Dataset_Flood/high/flood_177.jpg,high/flood_177.jpg,high,2,flood_177.jpg,b4c1cf50765dd87b8e94e30d7254e764,
/content/flood_dataset_v4/Dataset_Flood/high/OIP (7).webp,high/OIP (7).webp,high,2,OIP (7).webp,520ba1204e61ac7e226c69b1d037050c,
/content/flood_dataset_v4/Dataset_Flood/high/images (3).jpg,high/images (3).jpg,high,2,images (3).jpg,e33be7ad1cb9391e2d536e3efddac45c,
/content/flood_dataset_v4/Dataset_Flood/high/OIP (17).webp,high/OIP (17).webp,high,2,OIP (17).webp,ab989bdaf5feb060af5d3ee13a7922e6,
/content/flood_dataset_v4/Dataset_Flood/high/base64-1760074240859789130590.webp,high/base64-1760074240859789130590.webp,high,2,base64-1760074240859789130590.webp,ae9f08037315df3217449efef2170860,
/content/flood_dataset_v4/Dataset_Flood/high/img82.jpg,high/img82.jpg,high,2,img82.jpg,7ac4074c4777ccab25707f31cdba0d5f,
/content/flood_dataset_v4/Dataset_Flood/high/unnamed.jpg,high/unnamed.jpg,high,2,unnamed.jpg,6bb76482c541293bdeb4172ae1280b62,
/content/flood_dataset_v4/Dataset_Flood/high/img1.jpg,high/img1.jpg,high,2,img1.jpg,fd7c51e4607ea9a4bfb68e22864084ad,
/content/flood_dataset_v4/Dataset_Flood/high/OIP (35).webp,high/OIP (35).webp,high,2,OIP (35).webp,3da27e41709427405e52b435d8212e25,
/content/flood_dataset_v4/Dataset_Flood/high/1aae8d4dacd102d3a1eb0b127e80c8c1.avif,high/1aae8d4dacd102d3a1eb0b127e80c8c1.avif,high,2,1aae8d4dacd102d3a1eb0b127e80c8c1.avif,e88f3ec6d1ea846caeed4702155c2ca6,
/content/flood_dataset_v4/Dataset_Flood/high/images (4).jpg,high/images (4).jpg,high,2,images (4).jpg,9d40dba4eba086019229fdfcc2d086a6,
/content/flood_dataset_v4/Dataset_Flood/high/img91.webp,high/img91.webp,high,2,img91.webp,f91a678a4b20cb8b25a6c48ff0fc6ef4,
/content/flood_dataset_v4/Dataset_Flood/high/69ee9288539659.5dd95020c9513.jpeg,high/69ee9288539659.5dd95020c9513.jpeg,high,2,69ee9288539659.5dd95020c9513.jpeg,1c7485d7538aaf810d9b00e4f9dc54a7,
/content/flood_dataset_v4/Dataset_Flood/high/img66.jpg,high/img66.jpg,high,2,img66.jpg,05a5fbc3f5b85a3375d6f7b4c5cd1668,
/content/flood_dataset_v4/Dataset_Flood/high/OIP (10).webp,high/OIP (10).webp,high,2,OIP (10).webp,bd6fb66a1528fecc2093dea87652f4d2,
/content/flood_dataset_v4/Dataset_Flood/high/57273245822796747825365592763479213825731927n-17618117613511361637837.webp,high/57273245822796747825365592763479213825731927n-17618117613511361637837.webp,high,2,57273245822796747825365592763479213825731927n-17618117613511361637837.webp,0656489563a90cbff5c292677c12c297,
/content/flood_dataset_v4/Dataset_Flood/high/img95.jpg,high/img95.jpg,high,2,img95.jpg,a0d9040d70a46b0b14b57fcf86e23886,
/content/flood_dataset_v4/Dataset_Flood/high/_56509788_013289771-2.jpg,high/_56509788_013289771-2.jpg,high,2,_56509788_013289771-2.jpg,77d517a3c4cc8e0956a9be63bba935f9,
/content/flood_dataset_v4/Dataset_Flood/high/OIP (4).webp,high/OIP (4).webp,high,2,OIP (4).webp,5f605107325e1a736e7b85e1bc579d9e,
/content/flood_dataset_v4/Dataset_Flood/high/OIP (34).webp,high/OIP (34).webp,high,2,OIP (34).webp,813d82b7c233134586ca027769711445,
/content/flood_dataset_v4/Dataset_Flood/high/OIP (26).webp,high/OIP (26).webp,high,2,OIP (26).webp,e430cb467c8494c0da77010350dda25e,
/content/flood_dataset_v4/Dataset_Flood/high/img59.jpg,high/img59.jpg,high,2,img59.jpg,a5a8832dc800bad1e219cc81571712c1,
/content/flood_dataset_v4/Dataset_Flood/high/img79.webp,high/img79.webp,high,2,img79.webp,5bbfc3d2f0e0f31e22988c9311b40665,
/content/flood_dataset_v4/Dataset_Flood/high/iimages (5).jpg,high/iimages (5).jpg,high,2,iimages (5).jpg,67a800cce0d053f1d965019b5f2011d0,
/content/flood_dataset_v4/Dataset_Flood/high/images - 2025-01-28T162758.740.jpg,high/images - 2025-01-28T162758.740.jpg,high,2,images - 2025-01-28T162758.740.jpg,c359ca7f265dd1b697ad3d419d595c55,
/content/flood_dataset_v4/Dataset_Flood/high/img50.jpg,high/img50.jpg,high,2,img50.jpg,f040b5918fb698293df0cb9dbe6b49f4,
/content/flood_dataset_v4/Dataset_Flood/high/iimages (10).jpg,high/iimages (10).jpg,high,2,iimages (10).jpg,7c831419008fdc0d85b9f8e09c3eea2f,
/content/flood_dataset_v4/Dataset_Flood/high/다운로드 (10).jpg,high/다운로드 (10).jpg,high,2,다운로드 (10).jpg,e2033867e6a3e643cca5a0a0c7746250,
/content/flood_dataset_v4/Dataset_Flood/high/anh_chup_man_hinh_2025-11-06_luc_16.48.19_copy_20251106164942.webp,high/anh_chup_man_hinh_2025-11-06_luc_16.48.19_copy_20251106164942.webp,high,2,anh_chup_man_hinh_2025-11-06_luc_16.48.19_copy_20251106164942.webp,70e0714d89aab50779725d9d079dd723,
/content/flood_dataset_v4/Dataset_Flood/high/55773045914753049472890299210419266668310485n-edited-1759847558843.webp,high/55773045914753049472890299210419266668310485n-edited-1759847558843.webp,high,2,55773045914753049472890299210419266668310485n-edited-1759847558843.webp,11519fafd571a3e6cbb1d849730ece84,
/content/flood_dataset_v4/Dataset_Flood/high/img55.webp,high/img55.webp,high,2,img55.webp,161cd4fff07ec3b09cff7a6806360dd7,
/content/flood_dataset_v4/Dataset_Flood/high/noise.jpg,high/noise.jpg,high,2,noise.jpg,f3b16cce6243b48ca8ecca6a70b4aaf7,
/content/flood_dataset_v4/Dataset_Flood/high/image_6483441_7_c62ccb313f.jpg,high/image_6483441_7_c62ccb313f.jpg,high,2,image_6483441_7_c62ccb313f.jpg,5b24885985ed8fd8a68687159e82013d,
/content/flood_dataset_v4/Dataset_Flood/high/Shutterstock_3442901c.jpg,high/Shutterstock_3442901c.jpg,high,2,Shutterstock_3442901c.jpg,400a42cb1b7a7545141ac6d582427065,
/content/flood_dataset_v4/Dataset_Flood/high/img39.jpg,high/img39.jpg,high,2,img39.jpg,ee6cc96951fac26fdaa3b91e3ec40a89,
/content/flood_dataset_v4/Dataset_Flood/high/images (42).jpg,high/images (42).jpg,high,2,images (42).jpg,e5087951881372d5e000ecebfa4b437c,
/content/flood_dataset_v4/Dataset_Flood/high/1790569808136_6460767276583596373_6460767276583596373_a44039a35ba6320113b1417312e95d7e.jpg,high/1790569808136_6460767276583596373_6460767276583596373_a44039a35ba6320113b1417312e95d7e.jpg,high,2,1790569808136_6460767276583596373_6460767276583596373_a44039a35ba6320113b1417312e95d7e.jpg,3ce01d46acc2759f524685b24aee1685,
/content/flood_dataset_v4/Dataset_Flood/high/img100.webp,high/img100.webp,high,2,img100.webp,2e53a6e7363068005b9c9fb19c833c24,
/content/flood_dataset_v4/Dataset_Flood/high/3f5d93177388049.Y3JvcCwyMjE5LDE3MzYsMTkyLDA.jpg,high/3f5d93177388049.Y3JvcCwyMjE5LDE3MzYsMTkyLDA.jpg,high,2,3f5d93177388049.Y3JvcCwyMjE5LDE3MzYsMTkyLDA.jpg,176e06aae302ff963bc1c471570647b8,
/content/flood_dataset_v4/Dataset_Flood/high/image_0033.jpg,high/image_0033.jpg,high,2,image_0033.jpg,28c7bb5cc22e73ddba26f1c691a0117b,
/content/flood_dataset_v4/Dataset_Flood/high/OIP (2).webp,high/OIP (2).webp,high,2,OIP (2).webp,35f294d8b92a300074ecddb45e0aa7c9,
/content/flood_dataset_v4/Dataset_Flood/high/mt27_0.webp,high/mt27_0.webp,high,2,mt27_0.webp,3ff51b1d2dde84b22685b2a165d7a48b,
/content/flood_dataset_v4/Dataset_Flood/high/img68.jpg,high/img68.jpg,high,2,img68.jpg,f462e0a5bc9d3f56477c194c39a9ea74,
/content/flood_dataset_v4/Dataset_Flood/high/jakarta-indonesiafebruary-2021the-search-rescue-600nw-1920679820.webp,high/jakarta-indonesiafebruary-2021the-search-rescue-600nw-1920679820.webp,high,2,jakarta-indonesiafebruary-2021the-search-rescue-600nw-1920679820.webp,386283a2479c2ed102934d70dd00e5ea,
/content/flood_dataset_v4/Dataset_Flood/high/e995dc17a5ef880952ce470a62e34a03.jpg,high/e995dc17a5ef880952ce470a62e34a03.jpg,high,2,e995dc17a5ef880952ce470a62e34a03.jpg,928abfc611c8e544adaf63dc5f8a1530,
/content/flood_dataset_v4/Dataset_Flood/high/c1_2628545.jpeg,high/c1_2628545.jpeg,high,2,c1_2628545.jpeg,05f3408396fdd33f3ab9b8d4962764eb,
/content/flood_dataset_v4/Dataset_Flood/high/image_0090.jpg,high/image_0090.jpg,high,2,image_0090.jpg,d3d6682696eba3b7347be91da9d73b66,
/content/flood_dataset_v4/Dataset_Flood/high/1790569421870_6460767276583596373_6460767276583596373_5ea854ddf55a3fec4fc1fac380fa3656.jpg,high/1790569421870_6460767276583596373_6460767276583596373_5ea854ddf55a3fec4fc1fac380fa3656.jpg,high,2,1790569421870_6460767276583596373_6460767276583596373_5ea854ddf55a3fec4fc1fac380fa3656.jpg,c57195ab7db7dda81374347833ba9ce1,
/content/flood_dataset_v4/Dataset_Flood/high/img7.webp,high/img7.webp,high,2,img7.webp,ea0e171c98f3b47c182200d509746ed9,
/content/flood_dataset_v4/Dataset_Flood/high/image_224.jpg,high/image_224.jpg,high,2,image_224.jpg,b5212e1a8fe1f81121684ae0691d266d,
/content/flood_dataset_v4/Dataset_Flood/high/OIP (27).webp,high/OIP (27).webp,high,2,OIP (27).webp,4481e1d90af4a17cf2bd357d744728d4,
/content/flood_dataset_v4/Dataset_Flood/high/img80.jpg,high/img80.jpg,high,2,img80.jpg,46957a273d5172d10d92eb588d721bea,
/content/flood_dataset_v4/Dataset_Flood/high/devastating-flash-flood-engulfing-a-countryside-village-natural-disaster-concept-photo.jpg,high/devastating-flash-flood-engulfing-a-countryside-village-natural-disaster-concept-photo.jpg,high,2,devastating-flash-flood-engulfing-a-countryside-village-natural-disaster-concept-photo.jpg,e61e978d5a23415d4b06969a4b83219c,
/content/flood_dataset_v4/Dataset_Flood/high/hpa-a-resident-wades-through-flood-water-in-hpa-714644.jpg,high/hpa-a-resident-wades-through-flood-water-in-hpa-714644.jpg,high,2,hpa-a-resident-wades-through-flood-water-in-hpa-714644.jpg,d421c280c31a709fb9519458d8b6886b,
/content/flood_dataset_v4/Dataset_Flood/high/flood_4812.jpg,high/flood_4812.jpg,high,2,flood_4812.jpg,9cedf80f111e882f0e765c1ab79bfedf,
/content/flood_dataset_v4/Dataset_Flood/high/img42.webp,high/img42.webp,high,2,img42.webp,b648f6caae4a437f190c70957973e51a,
/content/flood_dataset_v4/Dataset_Flood/high/img92.webp,high/img92.webp,high,2,img92.webp,36b2710be750d296f64e9b30144fc2e0,
/content/flood_dataset_v4/Dataset_Flood/high/image_324.jpg,high/image_324.jpg,high,2,image_324.jpg,d3e52e65d79f70a0df11eba612a447f1,
/content/flood_dataset_v4/Dataset_Flood/high/image_0075.jpg,high/image_0075.jpg,high,2,image_0075.jpg,5e727d23fb7fe25f3343cf8abc4c75df,
/content/flood_dataset_v4/Dataset_Flood/high/image_276.jpg,high/image_276.jpg,high,2,image_276.jpg,81875539180c546134d41b407244119f,
/content/flood_dataset_v4/Dataset_Flood/high/flood_6233.jpg,high/flood_6233.jpg,high,2,flood_6233.jpg,2aa090448e12f9da9dc2aec73f1274f1,
/content/flood_dataset_v4/Dataset_Flood/high/FPNPMnUfExjNYsn0WFvW.webp,high/FPNPMnUfExjNYsn0WFvW.webp,high,2,FPNPMnUfExjNYsn0WFvW.webp,b0bff82f26f6555803950cecefbf574e,
/content/flood_dataset_v4/Dataset_Flood/high/base64-17219077391421699570775.webp,high/base64-17219077391421699570775.webp,high,2,base64-17219077391421699570775.webp,d0799f2af71e4e4e2e09446f70abfb7d,
/content/flood_dataset_v4/Dataset_Flood/high/gen-h-z7865553969832_209e958e64d75577164135d90319ab02.jpg,high/gen-h-z7865553969832_209e958e64d75577164135d90319ab02.jpg,high,2,gen-h-z7865553969832_209e958e64d75577164135d90319ab02.jpg,767ed5926bcfc845302cc1fcd149488d,
/content/flood_dataset_v4/Dataset_Flood/high/OIP (20).webp,high/OIP (20).webp,high,2,OIP (20).webp,a8f0af06a44b7ee3170e60742be08bf4,
/content/flood_dataset_v4/Dataset_Flood/high/image_0150.jpg,high/image_0150.jpg,high,2,image_0150.jpg,3b94dfa30e478e50f1a6d117f9a38f37,
/content/flood_dataset_v4/Dataset_Flood/high/image_0005.jpg,high/image_0005.jpg,high,2,image_0005.jpg,3a1198b2396b680bd47e9f833f509899,
/content/flood_dataset_v4/Dataset_Flood/high/image_247.jpg,high/image_247.jpg,high,2,image_247.jpg,f79f3c5a4db2fa441fb8a972bc44bd5a,
/content/flood_dataset_v4/Dataset_Flood/high/30monsoon3-superJumbo.jpg,high/30monsoon3-superJumbo.jpg,high,2,30monsoon3-superJumbo.jpg,b86c25adbabc91200030623431071b20,
/content/flood_dataset_v4/Dataset_Flood/high/4231cd29f2fb53ce8f0359eba8f1caaa85b22b53819bf0b9990e4c4d228c8c89.webp,high/4231cd29f2fb53ce8f0359eba8f1caaa85b22b53819bf0b9990e4c4d228c8c89.webp,high,2,4231cd29f2fb53ce8f0359eba8f1caaa85b22b53819bf0b9990e4c4d228c8c89.webp,7c12f737f6ad87df18b988651f220053,
/content/flood_dataset_v4/Dataset_Flood/high/img72.webp,high/img72.webp,high,2,img72.webp,f0e1dd30cd6e49d565f512e4a613a1c0,
/content/flood_dataset_v4/Dataset_Flood/high/kerala-floods-maruti-swift-submerged-in-water-33a9.jpg,high/kerala-floods-maruti-swift-submerged-in-water-33a9.jpg,high,2,kerala-floods-maruti-swift-submerged-in-water-33a9.jpg,2b9be18fccb0ed33c90578635f3bee16,
/content/flood_dataset_v4/Dataset_Flood/high/flood_3125.jpg,high/flood_3125.jpg,high,2,flood_3125.jpg,fe75a0e005742665e4777746e6cc86d5,
/content/flood_dataset_v4/Dataset_Flood/high/img30.jpg,high/img30.jpg,high,2,img30.jpg,c1f5318f496125da0a5bf254675c2ca4,
/content/flood_dataset_v4/Dataset_Flood/high/img64.webp,high/img64.webp,high,2,img64.webp,5d1cf12caeff44b0ecf6f6043a51953c,
/content/flood_dataset_v4/Dataset_Flood/high/R.jpg,high/R.jpg,high,2,R.jpg,1a628dfa2a995fc43de362e3e4fa8f61,
/content/flood_dataset_v4/Dataset_Flood/high/OIP (5).webp,high/OIP (5).webp,high,2,OIP (5).webp,f3e0e0d5f81f7c22d70fcdef6bcb980f,
/content/flood_dataset_v4/Dataset_Flood/high/f0b9d4ea395d32cff515f256df723a91.jpg,high/f0b9d4ea395d32cff515f256df723a91.jpg,high,2,f0b9d4ea395d32cff515f256df723a91.jpg,7b0e489c8bbeb0df19ad6423d35e1b72,
/content/flood_dataset_v4/Dataset_Flood/high/flood_173.jpg,high/flood_173.jpg,high,2,flood_173.jpg,339c08cc2a416b73ad99fa9ce4600595,
/content/flood_dataset_v4/Dataset_Flood/high/flood_211.jpg,high/flood_211.jpg,high,2,flood_211.jpg,13724c80c736d05f5aac17485f89ad58,
/content/flood_dataset_v4/Dataset_Flood/high/img34.webp,high/img34.webp,high,2,img34.webp,cc6cd227122fd0176e2d38348da90682,
/content/flood_dataset_v4/Dataset_Flood/high/img51.jpg,high/img51.jpg,high,2,img51.jpg,bb99ac7d1b4abe85c098274b531b713d,
/content/flood_dataset_v4/Dataset_Flood/high/OIP (9).webp,high/OIP (9).webp,high,2,OIP (9).webp,011f94429b5c161d245925bbb5557c2b,
/content/flood_dataset_v4/Dataset_Flood/high/image_282.jpg,high/image_282.jpg,high,2,image_282.jpg,428afddfda5af8464936e88ad846c987,
/content/flood_dataset_v4/Dataset_Flood/high/img90.webp,high/img90.webp,high,2,img90.webp,b52f7ed8f10dade06d2657aac99047ee,
/content/flood_dataset_v4/Dataset_Flood/high/skynews-brazil-flood-rescue_5984981.jpg,high/skynews-brazil-flood-rescue_5984981.jpg,high,2,skynews-brazil-flood-rescue_5984981.jpg,913fe126615124196af5164de9435941,
/content/flood_dataset_v4/Dataset_Flood/high/img49.webp,high/img49.webp,high,2,img49.webp,28ec4db45f3e8c7d61e47b3ac3849163,
/content/flood_dataset_v4/Dataset_Flood/high/OIP (31).webp,high/OIP (31).webp,high,2,OIP (31).webp,37b6770059f8114fdd9f858d1fad50fa,
/content/flood_dataset_v4/Dataset_Flood/high/image_015.jpg,high/image_015.jpg,high,2,image_015.jpg,e037357b0fca14fb8a3937c1a3b3fc9b,
/content/flood_dataset_v4/Dataset_Flood/high/img17.webp,high/img17.webp,high,2,img17.webp,e63669e83b1b7ed6ce530238e9e9cb77,
/content/flood_dataset_v4/Dataset_Flood/high/OIP (1).webp,high/OIP (1).webp,high,2,OIP (1).webp,eaa78cf0d5b9639c0edc0ff858c8d459,
/content/flood_dataset_v4/Dataset_Flood/high/image_081.jpg,high/image_081.jpg,high,2,image_081.jpg,accbcbc3d177a636d1e07d00ab08c004,
/content/flood_dataset_v4/Dataset_Flood/high/img11.jpg,high/img11.jpg,high,2,img11.jpg,6767051d5c5fcd80c513a0a24b000d2e,
/content/flood_dataset_v4/Dataset_Flood/high/img38.jpg,high/img38.jpg,high,2,img38.jpg,41910f00c1bd7ee8b3cfa8e1c856fa2a,
/content/flood_dataset_v4/Dataset_Flood/high/img67.jpg,high/img67.jpg,high,2,img67.jpg,6b0adb432ad166ad530e2675725baa16,
/content/flood_dataset_v4/Dataset_Flood/high/OIP (38).webp,high/OIP (38).webp,high,2,OIP (38).webp,c454f8a01668d4434887a326d4b57cc9,
/content/flood_dataset_v4/Dataset_Flood/high/OIP (11).webp,high/OIP (11).webp,high,2,OIP (11).webp,f894a0793f3380ff52d59963b2c28960,
/content/flood_dataset_v4/Dataset_Flood/high/OIP (33).webp,high/OIP (33).webp,high,2,OIP (33).webp,a30703437f40e963296eaa60bf3724f7,
/content/flood_dataset_v4/Dataset_Flood/high/texas14n_7_web_adya.jpg,high/texas14n_7_web_adya.jpg,high,2,texas14n_7_web_adya.jpg,6d50bab418cdb2466bcc58f652103b15,
/content/flood_dataset_v4/Dataset_Flood/high/Mae-Sot-floods.jpg,high/Mae-Sot-floods.jpg,high,2,Mae-Sot-floods.jpg,8ee220a98814729e5c375edcf67d7370,
/content/flood_dataset_v4/Dataset_Flood/high/img23.jpg,high/img23.jpg,high,2,img23.jpg,97267a2998a1e2e4e2b3bba81ad8ebb4,
/content/flood_dataset_v4/Dataset_Flood/high/flood_2968.jpg,high/flood_2968.jpg,high,2,flood_2968.jpg,725f4a17ae44ca11be72b51ef904f444,
/content/flood_dataset_v4/Dataset_Flood/high/image_145.jpeg,high/image_145.jpeg,high,2,image_145.jpeg,7a129c44df191073d8cd735cba3ea979,
/content/flood_dataset_v4/Dataset_Flood/high/images - 2025-01-28T154039.568.jpg,high/images - 2025-01-28T154039.568.jpg,high,2,images - 2025-01-28T154039.568.jpg,15fc722d6f4ef40fad1a4f366f473551,
/content/flood_dataset_v4/Dataset_Flood/high/1790569592472_6460767276583596373_6460767276583596373_52f54a824fe8b1feed0bf563f6dd2129.jpg,high/1790569592472_6460767276583596373_6460767276583596373_52f54a824fe8b1feed0bf563f6dd2129.jpg,high,2,1790569592472_6460767276583596373_6460767276583596373_52f54a824fe8b1feed0bf563f6dd2129.jpg,6042ab7615568a4d7c6240c1c5cbef7a,
/content/flood_dataset_v4/Dataset_Flood/high/img56.jpg,high/img56.jpg,high,2,img56.jpg,a2886ff10f599e1d511165049bfe9bf7,
/content/flood_dataset_v4/Dataset_Flood/high/img88.webp,high/img88.webp,high,2,img88.webp,f32aebfe61347ae390b1d18f93e8f971,
/content/flood_dataset_v4/Dataset_Flood/high/image_119.jpg,high/image_119.jpg,high,2,image_119.jpg,f64b53b7078cc05a3ee1aab41ce6bea0,
/content/flood_dataset_v4/Dataset_Flood/high/Shutterstock_7956444u.jpg,high/Shutterstock_7956444u.jpg,high,2,Shutterstock_7956444u.jpg,746003407508ad218e6e6c6159f92afc,
/content/flood_dataset_v4/Dataset_Flood/high/1790569799972_6460767276583596373_6460767276583596373_04a9e170e0a0a9a4eb2f5a63526c199d.jpg,high/1790569799972_6460767276583596373_6460767276583596373_04a9e170e0a0a9a4eb2f5a63526c199d.jpg,high,2,1790569799972_6460767276583596373_6460767276583596373_04a9e170e0a0a9a4eb2f5a63526c199d.jpg,3c3bc62a8da9cccb6b19e770c678aa75,
/content/flood_dataset_v4/Dataset_Flood/high/anh-13-cuu-cu-gia-1-1500-1017-124.jpg,high/anh-13-cuu-cu-gia-1-1500-1017-124.jpg,high,2,anh-13-cuu-cu-gia-1-1500-1017-124.jpg,2edadf43282010b7f985ad869c9ecf23,
/content/flood_dataset_v4/Dataset_Flood/high/img45.jpg,high/img45.jpg,high,2,img45.jpg,b517f699f2b9fea04152cdad899cadb5,
/content/flood_dataset_v4/Dataset_Flood/high/3cbf55ff-d524-461d-bf40-fa489285474d.jpg,high/3cbf55ff-d524-461d-bf40-fa489285474d.jpg,high,2,3cbf55ff-d524-461d-bf40-fa489285474d.jpg,90719cfcc696032d1f52923a7c5682a5,
/content/flood_dataset_v4/Dataset_Flood/high/b572b8392df6f2cbbac8a6a19d74bfa2.avif,high/b572b8392df6f2cbbac8a6a19d74bfa2.avif,high,2,b572b8392df6f2cbbac8a6a19d74bfa2.avif,285cf32764ea9fe45ae2d4b04e7efded,
/content/flood_dataset_v4/Dataset_Flood/high/image_0120.jpg,high/image_0120.jpg,high,2,image_0120.jpg,ebd372a1fa34734ecb52100eeaf33cab,
/content/flood_dataset_v4/Dataset_Flood/high/1790569433760_6460767276583596373_6460767276583596373_64561f03f4ba0d5baa9ecf083911ee37.jpg,high/1790569433760_6460767276583596373_6460767276583596373_64561f03f4ba0d5baa9ecf083911ee37.jpg,high,2,1790569433760_6460767276583596373_6460767276583596373_64561f03f4ba0d5baa9ecf083911ee37.jpg,4c20cf6a7756de771a900c25f25ccae0,
/content/flood_dataset_v4/Dataset_Flood/high/flood_4762.jpg,high/flood_4762.jpg,high,2,flood_4762.jpg,ce11edc5007b95439a09614d2f7c0ad9,
/content/flood_dataset_v4/Dataset_Flood/high/t11a-4331-4343.jpg.webp,high/t11a-4331-4343.jpg.webp,high,2,t11a-4331-4343.jpg.webp,811a2a1442596fe036800082f0eaf0e3,
/content/flood_dataset_v4/Dataset_Flood/high/img28.jpg,high/img28.jpg,high,2,img28.jpg,dbd9e82a03f8e72a8de2eb2909c6785c,
/content/flood_dataset_v4/Dataset_Flood/high/OIP (37).webp,high/OIP (37).webp,high,2,OIP (37).webp,974f94fee43d084092acaf72b3a57e4c,
/content/flood_dataset_v4/Dataset_Flood/high/flood_219.jpg,high/flood_219.jpg,high,2,flood_219.jpg,e13ab2e407a7c4a70bc6e60da9da823c,
/content/flood_dataset_v4/Dataset_Flood/high/image_032.jpg,high/image_032.jpg,high,2,image_032.jpg,7c47653dc3e52881c4329d9df33346ca,
/content/flood_dataset_v4/Dataset_Flood/high/Shutterstock_12250367k.jpg,high/Shutterstock_12250367k.jpg,high,2,Shutterstock_12250367k.jpg,0a7e7132a6e90d888bae1774c4f63948,
/content/flood_dataset_v4/Dataset_Flood/high/noise1.jpeg,high/noise1.jpeg,high,2,noise1.jpeg,a6a2b227faaecd4d7f2c5160861fe0a3,
/content/flood_dataset_v4/Dataset_Flood/high/flood_6158.jpg,high/flood_6158.jpg,high,2,flood_6158.jpg,5af08c3f08649c1a3ce818c2d9e4bb47,
/content/flood_dataset_v4/Dataset_Flood/high/OIP (13).webp,high/OIP (13).webp,high,2,OIP (13).webp,896e1e47a73502b4e31ce2b206e89abf,
/content/flood_dataset_v4/Dataset_Flood/high/Da-Nang-Flood.webp,high/Da-Nang-Flood.webp,high,2,Da-Nang-Flood.webp,a3ac1c0752cb3b8c3cb188f4359327a7,
/content/flood_dataset_v4/Dataset_Flood/high/OIP (48).webp,high/OIP (48).webp,high,2,OIP (48).webp,9c19a038f7855e2df72b340d0d0e00e0,
/content/flood_dataset_v4/Dataset_Flood/high/image_readtop_2022_698565_16599679985131759.jpg,high/image_readtop_2022_698565_16599679985131759.jpg,high,2,image_readtop_2022_698565_16599679985131759.jpg,719cdae9a65abb7acec219d60bfe335b,
/content/flood_dataset_v4/Dataset_Flood/high/images (13).jpg,high/images (13).jpg,high,2,images (13).jpg,34ab1a9472652d02a98fab9c5cedb6a1,
/content/flood_dataset_v4/Dataset_Flood/high/image_0082.jpg,high/image_0082.jpg,high,2,image_0082.jpg,bfc670ba5f935134f2b1d8b68e6d19a5,
/content/flood_dataset_v4/Dataset_Flood/high/flood_5062.jpg,high/flood_5062.jpg,high,2,flood_5062.jpg,6f2740450932fa639b354297aff27e7d,
/content/flood_dataset_v4/Dataset_Flood/high/img58.jpg,high/img58.jpg,high,2,img58.jpg,b8bd0011515c7d437788828b38aa2913,
/content/flood_dataset_v4/Dataset_Flood/high/14570325-1658214634469138-5325694966022526416-n-1476516765486.webp,high/14570325-1658214634469138-5325694966022526416-n-1476516765486.webp,high,2,14570325-1658214634469138-5325694966022526416-n-1476516765486.webp,733556eb3dfd2fa6f9c689a58465c51e,
/content/flood_dataset_v4/Dataset_Flood/high/2.webp,high/2.webp,high,2,2.webp,48c3a646dfebe33f981fcc2d57c3fa1d,
/content/flood_dataset_v4/Dataset_Flood/high/maxresdefault.jpg,high/maxresdefault.jpg,high,2,maxresdefault.jpg,f019040c650a6f7cff10683eb157276f,
/content/flood_dataset_v4/Dataset_Flood/high/img10.webp,high/img10.webp,high,2,img10.webp,c6fddd315df00e9cb8c8ab7ae3f996ae,
/content/flood_dataset_v4/Dataset_Flood/high/img85.jpg,high/img85.jpg,high,2,img85.jpg,c49f065f7934789131eb49c5b427d5fb,
/content/flood_dataset_v4/Dataset_Flood/high/flood_1258.jpg,high/flood_1258.jpg,high,2,flood_1258.jpg,6caa7dffa08a24b8251edb232f604a64,
/content/flood_dataset_v4/Dataset_Flood/high/flood_6162.jpg,high/flood_6162.jpg,high,2,flood_6162.jpg,323ee3ab5e2cda482ebb74c4ca4195db,
/content/flood_dataset_v4/Dataset_Flood/high/anh-nha-dan-ngap-den-noc-tai-tan-ky-1759228506727711366464.webp,high/anh-nha-dan-ngap-den-noc-tai-tan-ky-1759228506727711366464.webp,high,2,anh-nha-dan-ngap-den-noc-tai-tan-ky-1759228506727711366464.webp,e6e1e113d5ff7bb2ae90ad113bdc00f2,
/content/flood_dataset_v4/Dataset_Flood/high/img97.jpg,high/img97.jpg,high,2,img97.jpg,c304fb05d5bf5a6b8d3d511e32650ac0,
/content/flood_dataset_v4/Dataset_Flood/high/img98.jpg,high/img98.jpg,high,2,img98.jpg,1bb83c5edd26f7f82d357273d124bd59,
/content/flood_dataset_v4/Dataset_Flood/high/569FB5E8-17FF-4DA7-AF819E7223AD38C7_source.webp,high/569FB5E8-17FF-4DA7-AF819E7223AD38C7_source.webp,high,2,569FB5E8-17FF-4DA7-AF819E7223AD38C7_source.webp,32df39303c6339b2c7e170249b1a5aab,
/content/flood_dataset_v4/Dataset_Flood/high/OIP (45).webp,high/OIP (45).webp,high,2,OIP (45).webp,c5107d266768db5455dd04e26b408556,
/content/flood_dataset_v4/Dataset_Flood/high/Shutterstock_12250367h.jpg,high/Shutterstock_12250367h.jpg,high,2,Shutterstock_12250367h.jpg,a1437d4f8654ead8e202d8619e3bd196,
/content/flood_dataset_v4/Dataset_Flood/high/img93.jpg,high/img93.jpg,high,2,img93.jpg,cfc500119304f7b7a7a1a2186640d79d,
/content/flood_dataset_v4/Dataset_Flood/high/1790569449347_6460767276583596373_6460767276583596373_02bf8adad2bb607bea3aea5d2a1ebfa5.jpg,high/1790569449347_6460767276583596373_6460767276583596373_02bf8adad2bb607bea3aea5d2a1ebfa5.jpg,high,2,1790569449347_6460767276583596373_6460767276583596373_02bf8adad2bb607bea3aea5d2a1ebfa5.jpg,fd5fd1eb23b57374ca7b3eb06dab88c5,
/content/flood_dataset_v4/Dataset_Flood/high/img43.webp,high/img43.webp,high,2,img43.webp,ad04f03b4c1fd63db586226f3233480c,
/content/flood_dataset_v4/Dataset_Flood/high/2c3bf42657a6989906c253646b76567a.avif,high/2c3bf42657a6989906c253646b76567a.avif,high,2,2c3bf42657a6989906c253646b76567a.avif,27e1383bea701b9e376f0443ff90337d,
/content/flood_dataset_v4/Dataset_Flood/high/flood_1214.jpg,high/flood_1214.jpg,high,2,flood_1214.jpg,806b12d590ffc74758bdee79c9ad455f,
/content/flood_dataset_v4/Dataset_Flood/high/RooftopRescue11052020.jpeg,high/RooftopRescue11052020.jpeg,high,2,RooftopRescue11052020.jpeg,5fa8638aaaa4c23bf6cdbdf26f8f3350,
/content/flood_dataset_v4/Dataset_Flood/high/skynews-philippines-megi_5737099.jpg,high/skynews-philippines-megi_5737099.jpg,high,2,skynews-philippines-megi_5737099.jpg,b594a25854a2d587c155b6509eb85a4f,
/content/flood_dataset_v4/Dataset_Flood/high/img5.jpg,high/img5.jpg,high,2,img5.jpg,598eb5e8e6d96e3f1fa7d0920a54e08e,
/content/flood_dataset_v4/Dataset_Flood/high/flood_4791.jpg,high/flood_4791.jpg,high,2,flood_4791.jpg,01df62278edf995af66ff5ab5315d73a,
/content/flood_dataset_v4/Dataset_Flood/high/img65.jpg,high/img65.jpg,high,2,img65.jpg,43ffb60235c03e761bd43235804b67cb,
/content/flood_dataset_v4/Dataset_Flood/high/images - 2025-01-28T154054.243.jpg,high/images - 2025-01-28T154054.243.jpg,high,2,images - 2025-01-28T154054.243.jpg,1310cdb460bd7bb3cb7e4aaa25e53471,
/content/flood_dataset_v4/Dataset_Flood/high/img53.png,high/img53.png,high,2,img53.png,635d2f285defca8d64e55e69ab6df9ef,
/content/flood_dataset_v4/Dataset_Flood/high/635768841684948096-phxdc5-6gyf1kx4ghu1623w1k6v-original.webp,high/635768841684948096-phxdc5-6gyf1kx4ghu1623w1k6v-original.webp,high,2,635768841684948096-phxdc5-6gyf1kx4ghu1623w1k6v-original.webp,3b588677a4b02d144ab764645583c36f,
/content/flood_dataset_v4/Dataset_Flood/high/flood_4763.jpg,high/flood_4763.jpg,high,2,flood_4763.jpg,8bc41e96d6ce6fd723d10eac80287e1f,
/content/flood_dataset_v4/Dataset_Flood/high/OIP (21).webp,high/OIP (21).webp,high,2,OIP (21).webp,a952070c5a60ab5971e23e438bb84e5b,
/content/flood_dataset_v4/Dataset_Flood/high/OIP (22).webp,high/OIP (22).webp,high,2,OIP (22).webp,76fc95f00d3e743c9edca92d52fb52ae,
/content/flood_dataset_v4/Dataset_Flood/high/flood_6113.jpg,high/flood_6113.jpg,high,2,flood_6113.jpg,8b600d5013b6cea34beb65782391986f,
/content/flood_dataset_v4/Dataset_Flood/high/images (1).jpg,high/images (1).jpg,high,2,images (1).jpg,88d1d83bfb0dabba580622538888f7ba,
/content/flood_dataset_v4/Dataset_Flood/high/flood_4965.jpg,high/flood_4965.jpg,high,2,flood_4965.jpg,96f7313f712b9130e9ff2b5817198b56,
/content/flood_dataset_v4/Dataset_Flood/high/images (76).jpg,high/images (76).jpg,high,2,images (76).jpg,de2a84dfe5af60f2fdb5e046a669ff82,
/content/flood_dataset_v4/Dataset_Flood/high/img57.jpg,high/img57.jpg,high,2,img57.jpg,5677627e22fa2bf954b319020f19da4c,
/content/flood_dataset_v4/Dataset_Flood/high/Banjir-Jakarta-BNPB.jpeg,high/Banjir-Jakarta-BNPB.jpeg,high,2,Banjir-Jakarta-BNPB.jpeg,cb2e40807eb0fb01063d59379495aac9,
/content/flood_dataset_v4/Dataset_Flood/high/Shutterstock_7936736aq.jpg,high/Shutterstock_7936736aq.jpg,high,2,Shutterstock_7936736aq.jpg,6df378b7c6ee9bb092a505f22e0eb8eb,
/content/flood_dataset_v4/Dataset_Flood/high/img94.webp,high/img94.webp,high,2,img94.webp,e7b64c05c23ca8f75cc69492f0a3b665,
/content/flood_dataset_v4/Dataset_Flood/high/flood_6159.jpg,high/flood_6159.jpg,high,2,flood_6159.jpg,3142521aa4ce1f53977d796ce921e883,
/content/flood_dataset_v4/Dataset_Flood/high/IMAGE_1655988793.webp,high/IMAGE_1655988793.webp,high,2,IMAGE_1655988793.webp,16e01df84a1e5cf627c549e7d043ca84,
/content/flood_dataset_v4/Dataset_Flood/high/Shutterstock_1010256c.jpg,high/Shutterstock_1010256c.jpg,high,2,Shutterstock_1010256c.jpg,8722b6541dd54707c3ccda81ee5cd650,
/content/flood_dataset_v4/Dataset_Flood/high/img71.jpg,high/img71.jpg,high,2,img71.jpg,0d252492210bfab490464fe2899eba1c,
/content/flood_dataset_v4/Dataset_Flood/high/img44.jpg,high/img44.jpg,high,2,img44.jpg,b1d7946801c8e1070d01398b940449fd,
/content/flood_dataset_v4/Dataset_Flood/high/img3.webp,high/img3.webp,high,2,img3.webp,91e094ef65e387fcdc78f4b2420020e5,
/content/flood_dataset_v4/Dataset_Flood/high/img61.jpg,high/img61.jpg,high,2,img61.jpg,6e66cd7ee4ad3bd24e5394eacb1b942f,
/content/flood_dataset_v4/Dataset_Flood/high/img52.webp,high/img52.webp,high,2,img52.webp,412800dc3b62b169d6b6ee041ae92052,
/content/flood_dataset_v4/Dataset_Flood/high/img81.jpg,high/img81.jpg,high,2,img81.jpg,b16d47b96c220a7194bd8da511d83e29,
/content/flood_dataset_v4/Dataset_Flood/high/OIP (14).webp,high/OIP (14).webp,high,2,OIP (14).webp,02b98e2271f8cafd85d3496821052d76,
/content/flood_dataset_v4/Dataset_Flood/high/Basement-Flood-1024x574.webp,high/Basement-Flood-1024x574.webp,high,2,Basement-Flood-1024x574.webp,c7bd0f36c98c62d8dfba7269a8be8396,
/content/flood_dataset_v4/Dataset_Flood/high/OIP (40).webp,high/OIP (40).webp,high,2,OIP (40).webp,d6da7c9c3935a271adcf99912a1d3e1c,
/content/flood_dataset_v4/Dataset_Flood/high/image_0300.jpg,high/image_0300.jpg,high,2,image_0300.jpg,ae389aa4730f25e1b8db0d194ae78843,
/content/flood_dataset_v4/Dataset_Flood/high/1790569692073_6460767276583596373_6460767276583596373_fdc2e678b9f8b4f7041121f2a4321b8d.jpg,high/1790569692073_6460767276583596373_6460767276583596373_fdc2e678b9f8b4f7041121f2a4321b8d.jpg,high,2,1790569692073_6460767276583596373_6460767276583596373_fdc2e678b9f8b4f7041121f2a4321b8d.jpg,96d486cdc87df144515b63af1e3bede3,
/content/flood_dataset_v4/Dataset_Flood/high/1790569678363_6460767276583596373_6460767276583596373_c4b6134e2695bbc3d7381f5385c31404.jpg,high/1790569678363_6460767276583596373_6460767276583596373_c4b6134e2695bbc3d7381f5385c31404.jpg,high,2,1790569678363_6460767276583596373_6460767276583596373_c4b6134e2695bbc3d7381f5385c31404.jpg,8defbf4414141d92872324e56a8b8272,
/content/flood_dataset_v4/Dataset_Flood/high/1790569410502_6460767276583596373_6460767276583596373_6c49be3345cfafbdc6a82a1476fe7cfa.jpg,high/1790569410502_6460767276583596373_6460767276583596373_6c49be3345cfafbdc6a82a1476fe7cfa.jpg,high,2,1790569410502_6460767276583596373_6460767276583596373_6c49be3345cfafbdc6a82a1476fe7cfa.jpg,af15540f84ac03c651d143f5443621e9,
/content/flood_dataset_v4/Dataset_Flood/high/Shutterstock_7600209u.jpg,high/Shutterstock_7600209u.jpg,high,2,Shutterstock_7600209u.jpg,4b818b447efeb71ab3e5fbc0676bd707,
/content/flood_dataset_v4/Dataset_Flood/high/3683595427395733579929176168177302426969453n-17000618284281562116315-17001001010301837793450-1700105792646-1700105792799297207396.jpg,high/3683595427395733579929176168177302426969453n-17000618284281562116315-17001001010301837793450-1700105792646-1700105792799297207396.jpg,high,2,3683595427395733579929176168177302426969453n-17000618284281562116315-17001001010301837793450-1700105792646-1700105792799297207396.jpg,efb9b9fc8c70e84bf8de14c8aeda2297,
/content/flood_dataset_v4/Dataset_Flood/high/img60.webp,high/img60.webp,high,2,img60.webp,0358d8b71cf59f4eed84dbfbafc7c1ed,
/content/flood_dataset_v4/Dataset_Flood/high/Shutterstock_11767646k.jpg,high/Shutterstock_11767646k.jpg,high,2,Shutterstock_11767646k.jpg,c5729d255c5c98723e0235201d061e9d,
/content/flood_dataset_v4/Dataset_Flood/high/images.jpg,high/images.jpg,high,2,images.jpg,ccaf6865430821e4dcc2c1602f07fce7,
/content/flood_dataset_v4/Dataset_Flood/high/5014_16674_838.jpeg,high/5014_16674_838.jpeg,high,2,5014_16674_838.jpeg,1c4255aca928bd0d2621da698455a971,
/content/flood_dataset_v4/Dataset_Flood/high/OIP (39).webp,high/OIP (39).webp,high,2,OIP (39).webp,d48fa3b59d5afbcc9c656aaf7f8feea7,
/content/flood_dataset_v4/Dataset_Flood/high/img18.jpg,high/img18.jpg,high,2,img18.jpg,0f4a75a1bd9426c1643b0235d2c4c207,
/content/flood_dataset_v4/Dataset_Flood/high/images - 2025-01-28T152121.677.jpg,high/images - 2025-01-28T152121.677.jpg,high,2,images - 2025-01-28T152121.677.jpg,c546d5a093a995a60d7257a5bcf6f81b,
/content/flood_dataset_v4/Dataset_Flood/high/Shutterstock_7956443bg.jpg,high/Shutterstock_7956443bg.jpg,high,2,Shutterstock_7956443bg.jpg,33eaf9b00b63c99e785f6029b97208b8,
/content/flood_dataset_v4/Dataset_Flood/high/flood_196.jpg,high/flood_196.jpg,high,2,flood_196.jpg,3a3981899bc964c2b2dd9b81e9e5f5fb,
/content/flood_dataset_v4/Dataset_Flood/high/image_0105.jpg,high/image_0105.jpg,high,2,image_0105.jpg,412568ebaf5094bc1b2fb02e78364a8a,
/content/flood_dataset_v4/Dataset_Flood/high/1790569740867_6460767276583596373_6460767276583596373_148fba99df2beb60bd9753db9b918adb.jpg,high/1790569740867_6460767276583596373_6460767276583596373_148fba99df2beb60bd9753db9b918adb.jpg,high,2,1790569740867_6460767276583596373_6460767276583596373_148fba99df2beb60bd9753db9b918adb.jpg,77dbcf4c04420db3a29dd0bfd4afc0c9,
/content/flood_dataset_v4/Dataset_Flood/high/Shutterstock_11024790s.jpg,high/Shutterstock_11024790s.jpg,high,2,Shutterstock_11024790s.jpg,c4ddc294b74643f48f98b1cc254ed5d0,
/content/flood_dataset_v4/Dataset_Flood/high/image_271.jpg,high/image_271.jpg,high,2,image_271.jpg,bac40407b0b34867e088f134924f6dee,
/content/flood_dataset_v4/Dataset_Flood/high/hi-bc-121203-flood-damaged-vehicle-8col.avif,high/hi-bc-121203-flood-damaged-vehicle-8col.avif,high,2,hi-bc-121203-flood-damaged-vehicle-8col.avif,2ca4dd2e78b8c1f4e5f2ef7cd3523f31,
/content/flood_dataset_v4/Dataset_Flood/high/img36.jpg,high/img36.jpg,high,2,img36.jpg,f7d3f8761028153150e742c98c7d1734,
/content/flood_dataset_v4/Dataset_Flood/high/1549370481032.jpg,high/1549370481032.jpg,high,2,1549370481032.jpg,401dcf1c193e6a44dea2587cd91be605,
/content/flood_dataset_v4/Dataset_Flood/high/flood-damage_480x480.webp,high/flood-damage_480x480.webp,high,2,flood-damage_480x480.webp,60b516d60fc819e6f43bd957b2a2e266,
/content/flood_dataset_v4/Dataset_Flood/high/OIP (15).webp,high/OIP (15).webp,high,2,OIP (15).webp,3e6313b8aa865b34c51e254e1624e47a,
/content/flood_dataset_v4/Dataset_Flood/high/OIP (29).webp,high/OIP (29).webp,high,2,OIP (29).webp,84a1842b87b941ce4f1a4c7b638a12c6,
/content/flood_dataset_v4/Dataset_Flood/high/image_0125.jpg,high/image_0125.jpg,high,2,image_0125.jpg,d38c6640a2bd89e97e5da09ddf46a69a,
/content/flood_dataset_v4/Dataset_Flood/high/Selangor-flood.jpeg,high/Selangor-flood.jpeg,high,2,Selangor-flood.jpeg,043ec4eec54d7182b0aa5178b77227b2,
/content/flood_dataset_v4/Dataset_Flood/high/img99.jpg,high/img99.jpg,high,2,img99.jpg,af03213320a3a6980921d88b16a018fb,
/content/flood_dataset_v4/Dataset_Flood/high/flood_197.jpg,high/flood_197.jpg,high,2,flood_197.jpg,fcdcd472b6b3616ad8fd8436d15537e8,
/content/flood_dataset_v4/Dataset_Flood/high/img84.webp,high/img84.webp,high,2,img84.webp,2dea6a7f7b2448d7c3e9df62778e4741,
/content/flood_dataset_v4/Dataset_Flood/high/image_043.jpg,high/image_043.jpg,high,2,image_043.jpg,dd8492cf68e883d8d0406c924c3809d0,
/content/flood_dataset_v4/Dataset_Flood/high/Song-Lo-Ngap-Lut.jpg,high/Song-Lo-Ngap-Lut.jpg,high,2,Song-Lo-Ngap-Lut.jpg,1a9a62d6628286b057fcb6bec99308ab,
/content/flood_dataset_v4/Dataset_Flood/high/flood-1.jpg,high/flood-1.jpg,high,2,flood-1.jpg,2ddc855062d3fdb84409979ffaf4b203,
/content/flood_dataset_v4/Dataset_Flood/high/image_256.jpg,high/image_256.jpg,high,2,image_256.jpg,dbaeaa086857e6775749ebba28d46292,
/content/flood_dataset_v4/Dataset_Flood/high/img83.jpg,high/img83.jpg,high,2,img83.jpg,59dc8513e2b7972dc092279995339b4b,
/content/flood_dataset_v4/Dataset_Flood/high/R (1).jpg,high/R (1).jpg,high,2,R (1).jpg,6d6fd03ab3474e50485b03235d1ae5d8,
/content/flood_dataset_v4/Dataset_Flood/high/indonesia-floods.avif,high/indonesia-floods.avif,high,2,indonesia-floods.avif,01056a62812cf635ace289828ec8a9df,
/content/flood_dataset_v4/Dataset_Flood/high/OIP (28).webp,high/OIP (28).webp,high,2,OIP (28).webp,cfba7d025aec59d79f21fab41ea7bf58,
/content/flood_dataset_v4/Dataset_Flood/high/702018189_univ_cnt_01_xs.jpg,high/702018189_univ_cnt_01_xs.jpg,high,2,702018189_univ_cnt_01_xs.jpg,13f00b9ad1eb8e15c362186ae0adc08a,
/content/flood_dataset_v4/Dataset_Flood/high/img4.jpg,high/img4.jpg,high,2,img4.jpg,2ccb38338c648a16d40d5b4d5d01e630,
/content/flood_dataset_v4/Dataset_Flood/high/images (6).jpg,high/images (6).jpg,high,2,images (6).jpg,cc5ddbc7a316c4afecd56aae86ddce52,
/content/flood_dataset_v4/Dataset_Flood/high/image_254.jpg,high/image_254.jpg,high,2,image_254.jpg,54ca7dcf3833fdd511fa5f946151c019,
/content/flood_dataset_v4/Dataset_Flood/high/flood_4856.jpg,high/flood_4856.jpg,high,2,flood_4856.jpg,39837382754be58ac1d141053f6b0642,
/content/flood_dataset_v4/Dataset_Flood/high/image_294.png,high/image_294.png,high,2,image_294.png,8919328cd82fe178ba52af10ccf2579d,
/content/flood_dataset_v4/Dataset_Flood/high/lu_lut.webp,high/lu_lut.webp,high,2,lu_lut.webp,2587d713d0ea2406f161a0c97eb6171b,
/content/flood_dataset_v4/Dataset_Flood/high/img3395-17257822313861610246644-172579503999743925247.webp,high/img3395-17257822313861610246644-172579503999743925247.webp,high,2,img3395-17257822313861610246644-172579503999743925247.webp,88525c38f22381cf9e070b45d0effa05,
/content/flood_dataset_v4/Dataset_Flood/high/65d952b4-90a2-4d18-b035-24352c-3365-2036-1764872629.webp,high/65d952b4-90a2-4d18-b035-24352c-3365-2036-1764872629.webp,high,2,65d952b4-90a2-4d18-b035-24352c-3365-2036-1764872629.webp,a67be92fe5f0a93bdee95ed81f9f78bf,
/content/flood_dataset_v4/Dataset_Flood/high/OIP (42).webp,high/OIP (42).webp,high,2,OIP (42).webp,70842096dbac00e79a52d23d95c955f5,
/content/flood_dataset_v4/Dataset_Flood/high/img26.jpg,high/img26.jpg,high,2,img26.jpg,81f8f33a9827e1923dcc56958b8802f3,
/content/flood_dataset_v4/Dataset_Flood/high/img62.webp,high/img62.webp,high,2,img62.webp,d5672ecdd50fcc5f45299ddb038220a3,
/content/flood_dataset_v4/Dataset_Flood/high/noise5.webp,high/noise5.webp,high,2,noise5.webp,c3ac267f3106c8905abbee54f22ff432,
/content/flood_dataset_v4/Dataset_Flood/high/OIP (36).webp,high/OIP (36).webp,high,2,OIP (36).webp,0780f015c2dd13863e7879ec622459a2,
/content/flood_dataset_v4/Dataset_Flood/high/img-20251120-135223-4154-5916.jpg.webp,high/img-20251120-135223-4154-5916.jpg.webp,high,2,img-20251120-135223-4154-5916.jpg.webp,8bd483681f3a7df671aca5c9dc355a98,
/content/flood_dataset_v4/Dataset_Flood/high/images (5).jpg,high/images (5).jpg,high,2,images (5).jpg,fea6528ad52eea424865494556113a2d,
/content/flood_dataset_v4/Dataset_Flood/high/image_0434.jpg,high/image_0434.jpg,high,2,image_0434.jpg,f416496366c42c8b70e94c65b48dabfc,
/content/flood_dataset_v4/Dataset_Flood/high/img19.jpg,high/img19.jpg,high,2,img19.jpg,1979abce0322914f61aa6aa68069500e,
/content/flood_dataset_v4/Dataset_Flood/high/Marikina-flood.jpg,high/Marikina-flood.jpg,high,2,Marikina-flood.jpg,7316f6b671407379a846ba3aa3f07f22,
/content/flood_dataset_v4/Dataset_Flood/high/vna_potal_nghe_an_lu_lon_dang_cao_hang_tram_ho_dan_bi_ngap_lut_nhieu_ban_lang_bi_chia_cat_co_lap__stand.jpg,high/vna_potal_nghe_an_lu_lon_dang_cao_hang_tram_ho_dan_bi_ngap_lut_nhieu_ban_lang_bi_chia_cat_co_lap__stand.jpg,high,2,vna_potal_nghe_an_lu_lon_dang_cao_hang_tram_ho_dan_bi_ngap_lut_nhieu_ban_lang_bi_chia_cat_co_lap__stand.jpg,a060d64ba47441f058e9bd4437325b3b,
/content/flood_dataset_v4/Dataset_Flood/high/Shutterstock_7752059e.jpg,high/Shutterstock_7752059e.jpg,high,2,Shutterstock_7752059e.jpg,dff8fb1fd616a96a25fd1f51a64e8f4c,
/content/flood_dataset_v4/Dataset_Flood/high/OIP (3).webp,high/OIP (3).webp,high,2,OIP (3).webp,acb96a7108868a1f7138d2e90a9c8341,
/content/flood_dataset_v4/Dataset_Flood/non_flood/화면 캡처 2025-03-05 172713.jpg,non_flood/화면 캡처 2025-03-05 172713.jpg,non_flood,3,화면 캡처 2025-03-05 172713.jpg,26ffdb6f56cce5ef16d80d60011fb48f,
/content/flood_dataset_v4/Dataset_Flood/non_flood/화면 캡처 2025-03-05 181439.jpg,non_flood/화면 캡처 2025-03-05 181439.jpg,non_flood,3,화면 캡처 2025-03-05 181439.jpg,f53f68760382ce06605ddd4551a0a0a8,
/content/flood_dataset_v4/Dataset_Flood/non_flood/images - 2025-01-28T185032.319.jpg,non_flood/images - 2025-01-28T185032.319.jpg,non_flood,3,images - 2025-01-28T185032.319.jpg,b579573df0788f7a93f886bd5a2df148,
/content/flood_dataset_v4/Dataset_Flood/non_flood/화면 캡처 2025-03-05 175742.jpg,non_flood/화면 캡처 2025-03-05 175742.jpg,non_flood,3,화면 캡처 2025-03-05 175742.jpg,51c1abbaad3984f09c6d927b149b3d92,
/content/flood_dataset_v4/Dataset_Flood/non_flood/images (12)1.jpg,non_flood/images (12)1.jpg,non_flood,3,images (12)1.jpg,1ec3046ebdd586c30bd3530f60f14e55,
/content/flood_dataset_v4/Dataset_Flood/non_flood/다운로드 (13) 3.jpg,non_flood/다운로드 (13) 3.jpg,non_flood,3,다운로드 (13) 3.jpg,775360bdcea0fe91aab7bf99f960dd0f,
/content/flood_dataset_v4/Dataset_Flood/non_flood/images (12).jpg,non_flood/images (12).jpg,non_flood,3,images (12).jpg,c696bcbe3b1d2acf593c445e00ce2eb3,
/content/flood_dataset_v4/Dataset_Flood/non_flood/화면 캡처 2025-03-05 174129.jpg,non_flood/화면 캡처 2025-03-05 174129.jpg,non_flood,3,화면 캡처 2025-03-05 174129.jpg,6d1e153dfd278012bd4a9f3a716d396b,
/content/flood_dataset_v4/Dataset_Flood/non_flood/화면 캡처 2025-03-05 175341.jpg,non_flood/화면 캡처 2025-03-05 175341.jpg,non_flood,3,화면 캡처 2025-03-05 175341.jpg,e78e21ad3d5afa75206443e9ca9bd9c4,
/content/flood_dataset_v4/Dataset_Flood/non_flood/화면 캡처 2025-03-05 181339.jpg,non_flood/화면 캡처 2025-03-05 181339.jpg,non_flood,3,화면 캡처 2025-03-05 181339.jpg,a83223b11b2cf6a9b138e17a3ec082fc,
/content/flood_dataset_v4/Dataset_Flood/non_flood/다운로드 (12) 3.jpg,non_flood/다운로드 (12) 3.jpg,non_flood,3,다운로드 (12) 3.jpg,f4dbe26d6039bf586a5a45c800bc8d4a,
/content/flood_dataset_v4/Dataset_Flood/non_flood/화면 캡처 2025-03-05 182945.jpg,non_flood/화면 캡처 2025-03-05 182945.jpg,non_flood,3,화면 캡처 2025-03-05 182945.jpg,2da9ce93e584f2fa29b9a6e87a5d37c0,
/content/flood_dataset_v4/Dataset_Flood/non_flood/화면 캡처 2025-03-05 183007.jpg,non_flood/화면 캡처 2025-03-05 183007.jpg,non_flood,3,화면 캡처 2025-03-05 183007.jpg,227fd656403a5a3b2fdbc3247720f5d8,
/content/flood_dataset_v4/Dataset_Flood/non_flood/images (49).jpg,non_flood/images (49).jpg,non_flood,3,images (49).jpg,550669a13d826cd6f87825c11709162f,
/content/flood_dataset_v4/Dataset_Flood/non_flood/noise_muaa.jpg,non_flood/noise_muaa.jpg,non_flood,3,noise_muaa.jpg,48febb09d5452347db6702fb18f8c5d9,
/content/flood_dataset_v4/Dataset_Flood/non_flood/istockphoto-105934727-612x612.jpg,non_flood/istockphoto-105934727-612x612.jpg,non_flood,3,istockphoto-105934727-612x612.jpg,81c64721da77682c1f4c0eb73923a97f,
/content/flood_dataset_v4/Dataset_Flood/non_flood/1789568754331_282700609501588260_7406490438318140161_5ce079d0cc6dd50b8e08c5a5887962d1.jpg,non_flood/1789568754331_282700609501588260_7406490438318140161_5ce079d0cc6dd50b8e08c5a5887962d1.jpg,non_flood,3,1789568754331_282700609501588260_7406490438318140161_5ce079d0cc6dd50b8e08c5a5887962d1.jpg,69084037850bee91ac151046ef45f2c8,
/content/flood_dataset_v4/Dataset_Flood/non_flood/다운로드 (52) 3.jpg,non_flood/다운로드 (52) 3.jpg,non_flood,3,다운로드 (52) 3.jpg,240693b1ea3aa963f5c2cb10f6bd8195,
/content/flood_dataset_v4/Dataset_Flood/non_flood/화면 캡처 2025-03-05 152144.jpg,non_flood/화면 캡처 2025-03-05 152144.jpg,non_flood,3,화면 캡처 2025-03-05 152144.jpg,66e8e9269c6c18e25ba71a8383ab0d0f,
/content/flood_dataset_v4/Dataset_Flood/non_flood/다운로드 (3).jpg,non_flood/다운로드 (3).jpg,non_flood,3,다운로드 (3).jpg,fd93047ae2156619dd0f35ef6133a793,
/content/flood_dataset_v4/Dataset_Flood/non_flood/화면 캡처 2025-03-05 152738.jpg,non_flood/화면 캡처 2025-03-05 152738.jpg,non_flood,3,화면 캡처 2025-03-05 152738.jpg,45066b51b3086d3fde2c38eeaea917b8,
/content/flood_dataset_v4/Dataset_Flood/non_flood/화면 캡처 2025-03-05 164311.jpg,non_flood/화면 캡처 2025-03-05 164311.jpg,non_flood,3,화면 캡처 2025-03-05 164311.jpg,7f07a7bff64cfe1b13f42ba74daece2c,
/content/flood_dataset_v4/Dataset_Flood/non_flood/images (69).jpg,non_flood/images (69).jpg,non_flood,3,images (69).jpg,32e45036c91ab3f23fde442df402b82d,
/content/flood_dataset_v4/Dataset_Flood/non_flood/images (15).jpg,non_flood/images (15).jpg,non_flood,3,images (15).jpg,f1caec641ee83421c2c94d8a97ec7b01,
/content/flood_dataset_v4/Dataset_Flood/non_flood/화면 캡처 2025-03-05 172751.jpg,non_flood/화면 캡처 2025-03-05 172751.jpg,non_flood,3,화면 캡처 2025-03-05 172751.jpg,25002ce212c7246387ed191263130bb6,
/content/flood_dataset_v4/Dataset_Flood/non_flood/1789568749009_282700609501588260_7406490438318140161_0ffe4cd9c40752cfbe186c290f348b21.jpg,non_flood/1789568749009_282700609501588260_7406490438318140161_0ffe4cd9c40752cfbe186c290f348b21.jpg,non_flood,3,1789568749009_282700609501588260_7406490438318140161_0ffe4cd9c40752cfbe186c290f348b21.jpg,bd23855a9af344c491d34ceb9e4fa85e,
/content/flood_dataset_v4/Dataset_Flood/non_flood/화면 캡처 2025-03-05 153221.jpg,non_flood/화면 캡처 2025-03-05 153221.jpg,non_flood,3,화면 캡처 2025-03-05 153221.jpg,d9bc78d417a16a01cd1cb7ee96db6b3d,
/content/flood_dataset_v4/Dataset_Flood/non_flood/images (40).jpg,non_flood/images (40).jpg,non_flood,3,images (40).jpg,61914bbd04d6609415166702c8f0db51,
/content/flood_dataset_v4/Dataset_Flood/non_flood/화면 캡처 2025-03-05 152017.jpg,non_flood/화면 캡처 2025-03-05 152017.jpg,non_flood,3,화면 캡처 2025-03-05 152017.jpg,0fc2f27d1911a1d27a6de6e868dc0fc3,
/content/flood_dataset_v4/Dataset_Flood/non_flood/1737619229_376_Nhieu-hem-o-TPHCM-dong-loat-khoac-ao-moi-ruc.jpg,non_flood/1737619229_376_Nhieu-hem-o-TPHCM-dong-loat-khoac-ao-moi-ruc.jpg,non_flood,3,1737619229_376_Nhieu-hem-o-TPHCM-dong-loat-khoac-ao-moi-ruc.jpg,038ff96052324a7795427ae190ba151c,
/content/flood_dataset_v4/Dataset_Flood/non_flood/다운로드 (32).jpg,non_flood/다운로드 (32).jpg,non_flood,3,다운로드 (32).jpg,658dd305250e8d07308183fb472896c1,
/content/flood_dataset_v4/Dataset_Flood/non_flood/화면 캡처 2025-03-05 181251.jpg,non_flood/화면 캡처 2025-03-05 181251.jpg,non_flood,3,화면 캡처 2025-03-05 181251.jpg,f189130460f3876155dd63d226d478c5,
/content/flood_dataset_v4/Dataset_Flood/non_flood/images (13)1.jpg,non_flood/images (13)1.jpg,non_flood,3,images (13)1.jpg,d215622029e988d80932868e20eea950,
/content/flood_dataset_v4/Dataset_Flood/non_flood/optimize.jpg,non_flood/optimize.jpg,non_flood,3,optimize.jpg,fad2b7e0844b85e0f029990f38483537,
/content/flood_dataset_v4/Dataset_Flood/non_flood/다운로드 (32) 3.jpg,non_flood/다운로드 (32) 3.jpg,non_flood,3,다운로드 (32) 3.jpg,62314e5d08a6c0bec60eb8e1a8ce618f,
/content/flood_dataset_v4/Dataset_Flood/non_flood/화면 캡처 2025-03-05 181412.jpg,non_flood/화면 캡처 2025-03-05 181412.jpg,non_flood,3,화면 캡처 2025-03-05 181412.jpg,ac1314c2d57794894179eb42a937763a,
/content/flood_dataset_v4/Dataset_Flood/non_flood/images (6)1.jpg,non_flood/images (6)1.jpg,non_flood,3,images (6)1.jpg,339714b6d647323c56d23e8ad1d146fb,
/content/flood_dataset_v4/Dataset_Flood/non_flood/화면 캡처 2025-03-05 152839.jpg,non_flood/화면 캡처 2025-03-05 152839.jpg,non_flood,3,화면 캡처 2025-03-05 152839.jpg,b02666022b10850fe69958a3a8a830ae,
/content/flood_dataset_v4/Dataset_Flood/non_flood/다운로드 (26).jpg,non_flood/다운로드 (26).jpg,non_flood,3,다운로드 (26).jpg,7ca1b57167959c8c8c07a25982b80233,
/content/flood_dataset_v4/Dataset_Flood/non_flood/images (31).jpg,non_flood/images (31).jpg,non_flood,3,images (31).jpg,ae7cd7d3049cf13c6ba9903f9d94bbc8,
/content/flood_dataset_v4/Dataset_Flood/non_flood/화면 캡처 2025-03-05 174915.jpg,non_flood/화면 캡처 2025-03-05 174915.jpg,non_flood,3,화면 캡처 2025-03-05 174915.jpg,3b1d10b1870e53baaaf96d9bdbf0fa3c,
/content/flood_dataset_v4/Dataset_Flood/non_flood/2962cbc75d21c1b1bb0e2525f371e5bb.jpeg,non_flood/2962cbc75d21c1b1bb0e2525f371e5bb.jpeg,non_flood,3,2962cbc75d21c1b1bb0e2525f371e5bb.jpeg,d97058d7815c43a06596dc2a0c5d259a,
/content/flood_dataset_v4/Dataset_Flood/non_flood/화면 캡처 2025-03-05 183047.jpg,non_flood/화면 캡처 2025-03-05 183047.jpg,non_flood,3,화면 캡처 2025-03-05 183047.jpg,9b16a12489d38738295eb2f05601f0a7,
/content/flood_dataset_v4/Dataset_Flood/non_flood/1789568749209_282700609501588260_7406490438318140161_fb49a0d866ae05ebe6d6889d2465bcd4.jpg,non_flood/1789568749209_282700609501588260_7406490438318140161_fb49a0d866ae05ebe6d6889d2465bcd4.jpg,non_flood,3,1789568749209_282700609501588260_7406490438318140161_fb49a0d866ae05ebe6d6889d2465bcd4.jpg,eb34e017f1eabc426edb93ec20b3cb85,
/content/flood_dataset_v4/Dataset_Flood/non_flood/flood_8877.png,non_flood/flood_8877.png,non_flood,3,flood_8877.png,8b58bd0af448f80414fbcc13366aef51,
/content/flood_dataset_v4/Dataset_Flood/non_flood/화면 캡처 2025-03-05 152130.jpg,non_flood/화면 캡처 2025-03-05 152130.jpg,non_flood,3,화면 캡처 2025-03-05 152130.jpg,f2e12fe17db5ec3a5605e463cc1cfbc8,
/content/flood_dataset_v4/Dataset_Flood/non_flood/images (22).jpg,non_flood/images (22).jpg,non_flood,3,images (22).jpg,d130d74e5426e9a871444ebd65456ebc,
/content/flood_dataset_v4/Dataset_Flood/non_flood/화면 캡처 2025-03-05 153248.jpg,non_flood/화면 캡처 2025-03-05 153248.jpg,non_flood,3,화면 캡처 2025-03-05 153248.jpg,9123b31046b879ec078e03064abc2194,
/content/flood_dataset_v4/Dataset_Flood/non_flood/화면 캡처 2025-03-05 173857.jpg,non_flood/화면 캡처 2025-03-05 173857.jpg,non_flood,3,화면 캡처 2025-03-05 173857.jpg,16a52e5e7a90e67f2d5bdad91b3c9976,
/content/flood_dataset_v4/Dataset_Flood/non_flood/화면 캡처 2025-03-05 152031.jpg,non_flood/화면 캡처 2025-03-05 152031.jpg,non_flood,3,화면 캡처 2025-03-05 152031.jpg,ad521c5ef072cbd61c8bb259fa72eaf3,
/content/flood_dataset_v4/Dataset_Flood/non_flood/images (66).jpg,non_flood/images (66).jpg,non_flood,3,images (66).jpg,00e8544bda23c1d08a199d849e2895fe,
/content/flood_dataset_v4/Dataset_Flood/non_flood/화면 캡처 2025-03-05 174505.jpg,non_flood/화면 캡처 2025-03-05 174505.jpg,non_flood,3,화면 캡처 2025-03-05 174505.jpg,0a445ec1995a9130f13e241da12b6f4a,
/content/flood_dataset_v4/Dataset_Flood/non_flood/PYH2023040513890006100_P4.jpg,non_flood/PYH2023040513890006100_P4.jpg,non_flood,3,PYH2023040513890006100_P4.jpg,7a5de46f5f48c7d0d37215308fa7c69d,
/content/flood_dataset_v4/Dataset_Flood/non_flood/images (45).jpg,non_flood/images (45).jpg,non_flood,3,images (45).jpg,2e65af770ff394fc7b08c6fb6244ae93,
/content/flood_dataset_v4/Dataset_Flood/non_flood/images (17).jpg,non_flood/images (17).jpg,non_flood,3,images (17).jpg,8ef8d248b0d8886dd2b1ca776076151c,
/content/flood_dataset_v4/Dataset_Flood/non_flood/images (10)1.jpg,non_flood/images (10)1.jpg,non_flood,3,images (10)1.jpg,6202e8873ffb96959729f07026dff114,
/content/flood_dataset_v4/Dataset_Flood/non_flood/다운로드 (44).jpg,non_flood/다운로드 (44).jpg,non_flood,3,다운로드 (44).jpg,8ef4263dbb970f170de0ccd2a385ed8e,
/content/flood_dataset_v4/Dataset_Flood/non_flood/화면 캡처 2025-03-05 174529.jpg,non_flood/화면 캡처 2025-03-05 174529.jpg,non_flood,3,화면 캡처 2025-03-05 174529.jpg,6d3d00e207040ea17762d66a38e842ca,
/content/flood_dataset_v4/Dataset_Flood/non_flood/images (2).jpg,non_flood/images (2).jpg,non_flood,3,images (2).jpg,7e632e93ccbbf485cdd1f4c4be36f6e8,
/content/flood_dataset_v4/Dataset_Flood/non_flood/화면 캡처 2025-03-05 181559.jpg,non_flood/화면 캡처 2025-03-05 181559.jpg,non_flood,3,화면 캡처 2025-03-05 181559.jpg,b4b5bbec5c99d9c9a0d78a60fa1ae029,
/content/flood_dataset_v4/Dataset_Flood/non_flood/다운로드 (33) 3.jpg,non_flood/다운로드 (33) 3.jpg,non_flood,3,다운로드 (33) 3.jpg,0f1d01b18217a1d406fd16f3fe03a536,
/content/flood_dataset_v4/Dataset_Flood/non_flood/f505096b10874776ee52afdcf02de1a6.jpg,non_flood/f505096b10874776ee52afdcf02de1a6.jpg,non_flood,3,f505096b10874776ee52afdcf02de1a6.jpg,360956a01ca61e168b8a1fa750bfa6d9,
/content/flood_dataset_v4/Dataset_Flood/non_flood/다운로드 (23) 3.jpg,non_flood/다운로드 (23) 3.jpg,non_flood,3,다운로드 (23) 3.jpg,0fdbdf908bb45258bad52a96305ef9d5,
/content/flood_dataset_v4/Dataset_Flood/non_flood/다운로드 (21) 3.jpg,non_flood/다운로드 (21) 3.jpg,non_flood,3,다운로드 (21) 3.jpg,0484af57c57b8f1dc482dc027bd8a109,
/content/flood_dataset_v4/Dataset_Flood/non_flood/화면 캡처 2025-03-05 183056.jpg,non_flood/화면 캡처 2025-03-05 183056.jpg,non_flood,3,화면 캡처 2025-03-05 183056.jpg,8d8a25a3913b61aa74b7251cde5d6092,
/content/flood_dataset_v4/Dataset_Flood/non_flood/화면 캡처 2025-03-05 173917.jpg,non_flood/화면 캡처 2025-03-05 173917.jpg,non_flood,3,화면 캡처 2025-03-05 173917.jpg,105eab3ede2ee490d5139d7d66e05d9b,
/content/flood_dataset_v4/Dataset_Flood/non_flood/230415135430122_w.jpg,non_flood/230415135430122_w.jpg,non_flood,3,230415135430122_w.jpg,3f000d38d79f4d192dd9539730a5a122,
/content/flood_dataset_v4/Dataset_Flood/non_flood/화면 캡처 2025-03-05 152600.jpg,non_flood/화면 캡처 2025-03-05 152600.jpg,non_flood,3,화면 캡처 2025-03-05 152600.jpg,df4005496dc2feb5ab2a2c876198a8b9,
/content/flood_dataset_v4/Dataset_Flood/non_flood/화면 캡처 2025-03-05 165840.jpg,non_flood/화면 캡처 2025-03-05 165840.jpg,non_flood,3,화면 캡처 2025-03-05 165840.jpg,3b48d79a893047216354cbfbfa8823e4,
/content/flood_dataset_v4/Dataset_Flood/non_flood/화면 캡처 2025-03-05 172413.jpg,non_flood/화면 캡처 2025-03-05 172413.jpg,non_flood,3,화면 캡처 2025-03-05 172413.jpg,ce27897971f517223275b2c1fd8a7a54,
/content/flood_dataset_v4/Dataset_Flood/non_flood/1789568749075_282700609501588260_7406490438318140161_77ce71ab71b16afd9682d7ed43d384d6.jpg,non_flood/1789568749075_282700609501588260_7406490438318140161_77ce71ab71b16afd9682d7ed43d384d6.jpg,non_flood,3,1789568749075_282700609501588260_7406490438318140161_77ce71ab71b16afd9682d7ed43d384d6.jpg,e3c8554836ce09917a7d44be5095ab9c,
/content/flood_dataset_v4/Dataset_Flood/non_flood/화면 캡처 2025-03-05 153034.jpg,non_flood/화면 캡처 2025-03-05 153034.jpg,non_flood,3,화면 캡처 2025-03-05 153034.jpg,61b98768606211945da50a6fe8be2436,
/content/flood_dataset_v4/Dataset_Flood/non_flood/1789568749035_282700609501588260_7406490438318140161_f6b1db74c9d78f9d62ae6bb1bcc6557b.jpg,non_flood/1789568749035_282700609501588260_7406490438318140161_f6b1db74c9d78f9d62ae6bb1bcc6557b.jpg,non_flood,3,1789568749035_282700609501588260_7406490438318140161_f6b1db74c9d78f9d62ae6bb1bcc6557b.jpg,8ed9eb96919045b683f70c6d7e7fccff,
/content/flood_dataset_v4/Dataset_Flood/non_flood/화면 캡처 2025-03-05 152648.jpg,non_flood/화면 캡처 2025-03-05 152648.jpg,non_flood,3,화면 캡처 2025-03-05 152648.jpg,ba9800696660964ec4822ce4a1c1c6c3,
/content/flood_dataset_v4/Dataset_Flood/non_flood/1789568749569_282700609501588260_7406490438318140161_4c67d325471c5a433aa450f9a2bf7b80.jpg,non_flood/1789568749569_282700609501588260_7406490438318140161_4c67d325471c5a433aa450f9a2bf7b80.jpg,non_flood,3,1789568749569_282700609501588260_7406490438318140161_4c67d325471c5a433aa450f9a2bf7b80.jpg,4134c105a43121598699e7e3bd6c2be5,
/content/flood_dataset_v4/Dataset_Flood/non_flood/화면 캡처 2025-03-05 160330.jpg,non_flood/화면 캡처 2025-03-05 160330.jpg,non_flood,3,화면 캡처 2025-03-05 160330.jpg,9ab7abd0392e0eabbfc08fac91de138e,
/content/flood_dataset_v4/Dataset_Flood/non_flood/다운로드 (47).jpg,non_flood/다운로드 (47).jpg,non_flood,3,다운로드 (47).jpg,57ed9dbe723af9b7b2305e7ed17d587a,
/content/flood_dataset_v4/Dataset_Flood/non_flood/images (22)1.jpg,non_flood/images (22)1.jpg,non_flood,3,images (22)1.jpg,ef75b28a4bd4ad65b13e5a57b02a8887,
/content/flood_dataset_v4/Dataset_Flood/non_flood/화면 캡처 2025-03-05 175602.jpg,non_flood/화면 캡처 2025-03-05 175602.jpg,non_flood,3,화면 캡처 2025-03-05 175602.jpg,0335bc8ba9aa56c7a64143308fb5971d,
/content/flood_dataset_v4/Dataset_Flood/non_flood/화면 캡처 2025-03-05 174953.jpg,non_flood/화면 캡처 2025-03-05 174953.jpg,non_flood,3,화면 캡처 2025-03-05 174953.jpg,51b2c0951ea1246ecd2fa21d731435c1,
/content/flood_dataset_v4/Dataset_Flood/non_flood/다운로드 (10) 3.jpg,non_flood/다운로드 (10) 3.jpg,non_flood,3,다운로드 (10) 3.jpg,a1c00fd73f3231b4a7fac306f7e8a183,
/content/flood_dataset_v4/Dataset_Flood/non_flood/images (9).jpg,non_flood/images (9).jpg,non_flood,3,images (9).jpg,14fb493437d75f25b6749fd548065812,
/content/flood_dataset_v4/Dataset_Flood/non_flood/화면 캡처 2025-03-05 175831.jpg,non_flood/화면 캡처 2025-03-05 175831.jpg,non_flood,3,화면 캡처 2025-03-05 175831.jpg,357fc6dbcd733fd874e0a14c8033b91a,
/content/flood_dataset_v4/Dataset_Flood/non_flood/1789568749375_282700609501588260_7406490438318140161_d9d4e3998e3de7dbacfb8d6582fb0bb9.jpg,non_flood/1789568749375_282700609501588260_7406490438318140161_d9d4e3998e3de7dbacfb8d6582fb0bb9.jpg,non_flood,3,1789568749375_282700609501588260_7406490438318140161_d9d4e3998e3de7dbacfb8d6582fb0bb9.jpg,56e4f71ad7d20b4605c5682bf938a95c,
/content/flood_dataset_v4/Dataset_Flood/non_flood/화면 캡처 2025-03-05 175938.jpg,non_flood/화면 캡처 2025-03-05 175938.jpg,non_flood,3,화면 캡처 2025-03-05 175938.jpg,43a337f6f5ef2e2ef3907bf64534e485,
/content/flood_dataset_v4/Dataset_Flood/non_flood/3a2a027e226646e85ebcdd96c83db45b.jpg,non_flood/3a2a027e226646e85ebcdd96c83db45b.jpg,non_flood,3,3a2a027e226646e85ebcdd96c83db45b.jpg,f943e55562118c432e9a9cfd6912107a,
/content/flood_dataset_v4/Dataset_Flood/non_flood/images (57).jpg,non_flood/images (57).jpg,non_flood,3,images (57).jpg,475968fac1136af3853387da2767a379,
/content/flood_dataset_v4/Dataset_Flood/non_flood/화면 캡처 2025-03-05 175636.jpg,non_flood/화면 캡처 2025-03-05 175636.jpg,non_flood,3,화면 캡처 2025-03-05 175636.jpg,14559a8653809ab9d5e7d688608904a7,
/content/flood_dataset_v4/Dataset_Flood/non_flood/202007011452_500.jpg,non_flood/202007011452_500.jpg,non_flood,3,202007011452_500.jpg,cc44a70b8e64afffbff37f6ae504452c,
/content/flood_dataset_v4/Dataset_Flood/non_flood/1789568749115_282700609501588260_7406490438318140161_643ced81e9b658ac1598db0c6dee5b15.jpg,non_flood/1789568749115_282700609501588260_7406490438318140161_643ced81e9b658ac1598db0c6dee5b15.jpg,non_flood,3,1789568749115_282700609501588260_7406490438318140161_643ced81e9b658ac1598db0c6dee5b15.jpg,c73de7c5010c042b77c14c61f4f2a15a,
/content/flood_dataset_v4/Dataset_Flood/non_flood/화면 캡처 2025-03-05 182755.jpg,non_flood/화면 캡처 2025-03-05 182755.jpg,non_flood,3,화면 캡처 2025-03-05 182755.jpg,5c4056e146f7c14bdf804c44f3059e53,
/content/flood_dataset_v4/Dataset_Flood/non_flood/images (7).jpg,non_flood/images (7).jpg,non_flood,3,images (7).jpg,da03e62a764636999ad991a2fbd832f8,
/content/flood_dataset_v4/Dataset_Flood/non_flood/AKR20220622132700062_01_i_P4.jpg,non_flood/AKR20220622132700062_01_i_P4.jpg,non_flood,3,AKR20220622132700062_01_i_P4.jpg,6dc3d73272414e521b50bb8c2f7725fa,
/content/flood_dataset_v4/Dataset_Flood/non_flood/화면 캡처 2025-03-05 180153.jpg,non_flood/화면 캡처 2025-03-05 180153.jpg,non_flood,3,화면 캡처 2025-03-05 180153.jpg,0e12349da61d24aa576bcfaec3b1371e,
/content/flood_dataset_v4/Dataset_Flood/non_flood/화면 캡처 2025-03-05 174829.jpg,non_flood/화면 캡처 2025-03-05 174829.jpg,non_flood,3,화면 캡처 2025-03-05 174829.jpg,8686467ca18a0703e077021422d6f1ae,
/content/flood_dataset_v4/Dataset_Flood/non_flood/화면 캡처 2025-03-05 153006.jpg,non_flood/화면 캡처 2025-03-05 153006.jpg,non_flood,3,화면 캡처 2025-03-05 153006.jpg,e9b63b943cd4b3d70cc185555e64e9d4,
/content/flood_dataset_v4/Dataset_Flood/non_flood/화면 캡처 2025-03-05 152451.jpg,non_flood/화면 캡처 2025-03-05 152451.jpg,non_flood,3,화면 캡처 2025-03-05 152451.jpg,17249519a1317174e9bc447e82f2cbe9,
/content/flood_dataset_v4/Dataset_Flood/non_flood/다운로드 (41) 3.jpg,non_flood/다운로드 (41) 3.jpg,non_flood,3,다운로드 (41) 3.jpg,9a467742c95bce6a2ca7d9f9e52411a0,
/content/flood_dataset_v4/Dataset_Flood/non_flood/images (17)1.jpg,non_flood/images (17)1.jpg,non_flood,3,images (17)1.jpg,70a6bb8c893d943cd7e7dd134c9efb66,
/content/flood_dataset_v4/Dataset_Flood/non_flood/다운로드 (5).jpg,non_flood/다운로드 (5).jpg,non_flood,3,다운로드 (5).jpg,e08243d2f7f6465938d55cb252d648ca,
/content/flood_dataset_v4/Dataset_Flood/non_flood/476176_356988_3643.jpg,non_flood/476176_356988_3643.jpg,non_flood,3,476176_356988_3643.jpg,4254216faf7e10828692d7b31f8fda9e,
/content/flood_dataset_v4/Dataset_Flood/non_flood/화면 캡처 2025-03-05 155955.jpg,non_flood/화면 캡처 2025-03-05 155955.jpg,non_flood,3,화면 캡처 2025-03-05 155955.jpg,233965bcf71a68e5f89bf5ac7d9b12e3,
/content/flood_dataset_v4/Dataset_Flood/non_flood/화면 캡처 2025-03-05 164838.jpg,non_flood/화면 캡처 2025-03-05 164838.jpg,non_flood,3,화면 캡처 2025-03-05 164838.jpg,114a204b980d971b8e2ffb9f24b624ee,
/content/flood_dataset_v4/Dataset_Flood/non_flood/다운로드 (30) 3.jpg,non_flood/다운로드 (30) 3.jpg,non_flood,3,다운로드 (30) 3.jpg,b038a190731a6b4188e95d4905a4ffca,
/content/flood_dataset_v4/Dataset_Flood/non_flood/1154127_581137_3051.jpg,non_flood/1154127_581137_3051.jpg,non_flood,3,1154127_581137_3051.jpg,83dba87aefb91937d066025f0dec67ba,
/content/flood_dataset_v4/Dataset_Flood/non_flood/화면 캡처 2025-03-05 152534.jpg,non_flood/화면 캡처 2025-03-05 152534.jpg,non_flood,3,화면 캡처 2025-03-05 152534.jpg,d4ab50b5f6f2ed3295a0cf1aba67d270,
/content/flood_dataset_v4/Dataset_Flood/non_flood/다운로드 (55) 3.jpg,non_flood/다운로드 (55) 3.jpg,non_flood,3,다운로드 (55) 3.jpg,653aad5831814b8d6117bde2da9c1266,
/content/flood_dataset_v4/Dataset_Flood/non_flood/74899_66442_1121.jpg,non_flood/74899_66442_1121.jpg,non_flood,3,74899_66442_1121.jpg,943b2f877a63ab412275504d2be1a97d,
/content/flood_dataset_v4/Dataset_Flood/non_flood/화면 캡처 2025-03-05 180343.jpg,non_flood/화면 캡처 2025-03-05 180343.jpg,non_flood,3,화면 캡처 2025-03-05 180343.jpg,d440ba4b0900cafd45b9a081575637a4,
/content/flood_dataset_v4/Dataset_Flood/non_flood/Exploring-the-Atmosphere-of-a-Japanese-City-Street-Unveiling-the_2498602_wh860.png,non_flood/Exploring-the-Atmosphere-of-a-Japanese-City-Street-Unveiling-the_2498602_wh860.png,non_flood,3,Exploring-the-Atmosphere-of-a-Japanese-City-Street-Unveiling-the_2498602_wh860.png,e21b8f850b965f5dc9cdffbc431591b1,
/content/flood_dataset_v4/Dataset_Flood/non_flood/화면 캡처 2025-03-05 152638.jpg,non_flood/화면 캡처 2025-03-05 152638.jpg,non_flood,3,화면 캡처 2025-03-05 152638.jpg,f9c431be966f51d3b157ce13f949d3f2,
/content/flood_dataset_v4/Dataset_Flood/non_flood/IMG_5052.jpg,non_flood/IMG_5052.jpg,non_flood,3,IMG_5052.jpg,04c1e574b6bbac4bc498bb82b8f2ca89,
/content/flood_dataset_v4/Dataset_Flood/non_flood/1789568749479_282700609501588260_7406490438318140161_63ba7adae19c8e9ff2ada203dc684e16.jpg,non_flood/1789568749479_282700609501588260_7406490438318140161_63ba7adae19c8e9ff2ada203dc684e16.jpg,non_flood,3,1789568749479_282700609501588260_7406490438318140161_63ba7adae19c8e9ff2ada203dc684e16.jpg,d83a48b6a4048b1d7f920da571eca917,
/content/flood_dataset_v4/Dataset_Flood/non_flood/다운로드 (60) 3.jpg,non_flood/다운로드 (60) 3.jpg,non_flood,3,다운로드 (60) 3.jpg,bb384a8f9651efeeca5caff5bb40e1ba,
/content/flood_dataset_v4/Dataset_Flood/non_flood/화면 캡처 2025-03-05 173926.jpg,non_flood/화면 캡처 2025-03-05 173926.jpg,non_flood,3,화면 캡처 2025-03-05 173926.jpg,9bca9725cd2d3522ff167e4b9a4258e7,
/content/flood_dataset_v4/Dataset_Flood/non_flood/화면 캡처 2025-03-05 180248.jpg,non_flood/화면 캡처 2025-03-05 180248.jpg,non_flood,3,화면 캡처 2025-03-05 180248.jpg,c65c8ca4a448bb84793418832add2340,
/content/flood_dataset_v4/Dataset_Flood/non_flood/382335_275271_3551.jpg,non_flood/382335_275271_3551.jpg,non_flood,3,382335_275271_3551.jpg,179e966e9106d411d0288f9bbbf70efd,
/content/flood_dataset_v4/Dataset_Flood/non_flood/1789568748951_282700609501588260_7406490438318140161_7099477a14e53bfd99f1060eec9383b7.jpg,non_flood/1789568748951_282700609501588260_7406490438318140161_7099477a14e53bfd99f1060eec9383b7.jpg,non_flood,3,1789568748951_282700609501588260_7406490438318140161_7099477a14e53bfd99f1060eec9383b7.jpg,aa0b7328b090516a90bdae22884e9680,
/content/flood_dataset_v4/Dataset_Flood/non_flood/images (21).jpg,non_flood/images (21).jpg,non_flood,3,images (21).jpg,038be836d7d8cc2944b4a582f7c2f7b1,
/content/flood_dataset_v4/Dataset_Flood/non_flood/화면 캡처 2025-03-05 153348.jpg,non_flood/화면 캡처 2025-03-05 153348.jpg,non_flood,3,화면 캡처 2025-03-05 153348.jpg,0ed9ed171b89daf874cd3cf7c38fd717,
/content/flood_dataset_v4/Dataset_Flood/non_flood/다운로드 (45) 3.jpg,non_flood/다운로드 (45) 3.jpg,non_flood,3,다운로드 (45) 3.jpg,3c9c18a67521bc21db01d81a121dbd99,
/content/flood_dataset_v4/Dataset_Flood/non_flood/images (10).jpg,non_flood/images (10).jpg,non_flood,3,images (10).jpg,c190d3f7db77423635a18550e35726a5,
/content/flood_dataset_v4/Dataset_Flood/non_flood/다운로드 (31).jpg,non_flood/다운로드 (31).jpg,non_flood,3,다운로드 (31).jpg,f6a7e4bfb13c477f38f353e5030c963b,
/content/flood_dataset_v4/Dataset_Flood/non_flood/7Seoul_Alley_Bukchon_01.jpg,non_flood/7Seoul_Alley_Bukchon_01.jpg,non_flood,3,7Seoul_Alley_Bukchon_01.jpg,e34b58f39796b62004e89b67cada1db7,
/content/flood_dataset_v4/Dataset_Flood/non_flood/noise_muaaa.jpg,non_flood/noise_muaaa.jpg,non_flood,3,noise_muaaa.jpg,913e055c8ce5bd60f5611a9d4e91513f,
/content/flood_dataset_v4/Dataset_Flood/non_flood/화면 캡처 2025-03-05 153859.jpg,non_flood/화면 캡처 2025-03-05 153859.jpg,non_flood,3,화면 캡처 2025-03-05 153859.jpg,952dac42b496c6eef8e8dfc9e6a374d4,
/content/flood_dataset_v4/Dataset_Flood/non_flood/화면 캡처 2025-03-05 153721.jpg,non_flood/화면 캡처 2025-03-05 153721.jpg,non_flood,3,화면 캡처 2025-03-05 153721.jpg,a584675f6d77a2f5eecd3283b7deb6cc,
/content/flood_dataset_v4/Dataset_Flood/non_flood/127465812-일본-교토의-봄비-폭풍우-동안-교토부의-스트리트-뷰.jpg,non_flood/127465812-일본-교토의-봄비-폭풍우-동안-교토부의-스트리트-뷰.jpg,non_flood,3,127465812-일본-교토의-봄비-폭풍우-동안-교토부의-스트리트-뷰.jpg,d8e2a35d0f554ff0ced8a86cac037731,
/content/flood_dataset_v4/Dataset_Flood/non_flood/alley-5050499_1280.jpg,non_flood/alley-5050499_1280.jpg,non_flood,3,alley-5050499_1280.jpg,4f7a4c0d303dfa2806d6d6203eba3a2f,
/content/flood_dataset_v4/Dataset_Flood/non_flood/31361_25265_2717.jpg,non_flood/31361_25265_2717.jpg,non_flood,3,31361_25265_2717.jpg,bed7ce4886c3169e7baeb130be5e08a9,
/content/flood_dataset_v4/Dataset_Flood/non_flood/화면 캡처 2025-03-05 174553.jpg,non_flood/화면 캡처 2025-03-05 174553.jpg,non_flood,3,화면 캡처 2025-03-05 174553.jpg,22ad44299edd33dab0d7d16d8b61ed95,
/content/flood_dataset_v4/Dataset_Flood/non_flood/images (46).jpg,non_flood/images (46).jpg,non_flood,3,images (46).jpg,f3a705cb32acbde6ccfd042a4ba04b87,
/content/flood_dataset_v4/Dataset_Flood/non_flood/images (59).jpg,non_flood/images (59).jpg,non_flood,3,images (59).jpg,309d4ef27a6180ba44fc7bd258cf91b7,
/content/flood_dataset_v4/Dataset_Flood/non_flood/unnamed (2).jpg,non_flood/unnamed (2).jpg,non_flood,3,unnamed (2).jpg,85ae8a9929b7200c1547d487583fb599,
/content/flood_dataset_v4/Dataset_Flood/non_flood/다운로드 (56) 3.jpg,non_flood/다운로드 (56) 3.jpg,non_flood,3,다운로드 (56) 3.jpg,cbce72006cd701873061ccd3988ff564,
/content/flood_dataset_v4/Dataset_Flood/non_flood/화면 캡처 2025-03-05 161442.jpg,non_flood/화면 캡처 2025-03-05 161442.jpg,non_flood,3,화면 캡처 2025-03-05 161442.jpg,58f666a2679ab50ed3cf7dfe5a0d933b,
/content/flood_dataset_v4/Dataset_Flood/non_flood/화면 캡처 2025-03-05 175659.jpg,non_flood/화면 캡처 2025-03-05 175659.jpg,non_flood,3,화면 캡처 2025-03-05 175659.jpg,f063fba478458216a2a84b6c400b7071,
/content/flood_dataset_v4/Dataset_Flood/non_flood/1789568748995_282700609501588260_7406490438318140161_fc6ab6649e3a0273c91dfc04ad3fae53.jpg,non_flood/1789568748995_282700609501588260_7406490438318140161_fc6ab6649e3a0273c91dfc04ad3fae53.jpg,non_flood,3,1789568748995_282700609501588260_7406490438318140161_fc6ab6649e3a0273c91dfc04ad3fae53.jpg,273d9631f6596777a1f073b1439b367c,
/content/flood_dataset_v4/Dataset_Flood/non_flood/화면 캡처 2025-03-05 174935.jpg,non_flood/화면 캡처 2025-03-05 174935.jpg,non_flood,3,화면 캡처 2025-03-05 174935.jpg,8f66339865dc1d56960e73d89a4da528,
/content/flood_dataset_v4/Dataset_Flood/non_flood/다운로드 (62) 3.jpg,non_flood/다운로드 (62) 3.jpg,non_flood,3,다운로드 (62) 3.jpg,5f63d0174b5d9d257664275d0c0199b4,
/content/flood_dataset_v4/Dataset_Flood/non_flood/다운로드 (67) 3.jpg,non_flood/다운로드 (67) 3.jpg,non_flood,3,다운로드 (67) 3.jpg,772de8a746bea333470529ebbed9f296,
/content/flood_dataset_v4/Dataset_Flood/non_flood/images (36).jpg,non_flood/images (36).jpg,non_flood,3,images (36).jpg,d5e0e6baac3bd3a4008279f69d8292bd,
/content/flood_dataset_v4/Dataset_Flood/non_flood/화면 캡처 2025-03-05 151912.jpg,non_flood/화면 캡처 2025-03-05 151912.jpg,non_flood,3,화면 캡처 2025-03-05 151912.jpg,f321d80a7609609c339dfbdf5d77d928,
/content/flood_dataset_v4/Dataset_Flood/non_flood/화면 캡처 2025-03-05 173725.jpg,non_flood/화면 캡처 2025-03-05 173725.jpg,non_flood,3,화면 캡처 2025-03-05 173725.jpg,8297f2e48196ac9c0c3fdd0efe8148f2,
/content/flood_dataset_v4/Dataset_Flood/non_flood/1789568749102_282700609501588260_7406490438318140161_e1b3a14af3cca11001f7a0fba9590f57.jpg,non_flood/1789568749102_282700609501588260_7406490438318140161_e1b3a14af3cca11001f7a0fba9590f57.jpg,non_flood,3,1789568749102_282700609501588260_7406490438318140161_e1b3a14af3cca11001f7a0fba9590f57.jpg,8eb2228c5dd03a2f9ca9888e8027d94c,
/content/flood_dataset_v4/Dataset_Flood/non_flood/1356526039_1.jpg,non_flood/1356526039_1.jpg,non_flood,3,1356526039_1.jpg,1d212e1b70c9b4c2a1bf932b977fca2c,
/content/flood_dataset_v4/Dataset_Flood/non_flood/다운로드 (7).jpg,non_flood/다운로드 (7).jpg,non_flood,3,다운로드 (7).jpg,377461a5a0a8775bc4c9bd1159e981fe,
/content/flood_dataset_v4/Dataset_Flood/non_flood/다운로드 (40).jpg,non_flood/다운로드 (40).jpg,non_flood,3,다운로드 (40).jpg,0b675b299831d4acce0562c140f8aa0d,
/content/flood_dataset_v4/Dataset_Flood/non_flood/화면 캡처 2025-03-05 160346.jpg,non_flood/화면 캡처 2025-03-05 160346.jpg,non_flood,3,화면 캡처 2025-03-05 160346.jpg,8dd44d4f1b7d4a4acfa80f782e17e665,
/content/flood_dataset_v4/Dataset_Flood/non_flood/다운로드 (61) 3.jpg,non_flood/다운로드 (61) 3.jpg,non_flood,3,다운로드 (61) 3.jpg,f4b2cf08d8901e23b72fadd9da8ecbfb,
/content/flood_dataset_v4/Dataset_Flood/non_flood/화면 캡처 2025-03-05 153735.jpg,non_flood/화면 캡처 2025-03-05 153735.jpg,non_flood,3,화면 캡처 2025-03-05 153735.jpg,9cc57643abaa1da56044dc34f27aef6b,
/content/flood_dataset_v4/Dataset_Flood/non_flood/다운로드 (12).jpg,non_flood/다운로드 (12).jpg,non_flood,3,다운로드 (12).jpg,40cdb4615406d0839a5ffd9202bae60c,
/content/flood_dataset_v4/Dataset_Flood/non_flood/화면 캡처 2025-03-05 161537.jpg,non_flood/화면 캡처 2025-03-05 161537.jpg,non_flood,3,화면 캡처 2025-03-05 161537.jpg,b389e8314cd3d7cc433f1937289a5c74,
/content/flood_dataset_v4/Dataset_Flood/non_flood/화면 캡처 2025-03-05 160226.jpg,non_flood/화면 캡처 2025-03-05 160226.jpg,non_flood,3,화면 캡처 2025-03-05 160226.jpg,5b63ccb8cda5af2613147ae148db8a16,
/content/flood_dataset_v4/Dataset_Flood/non_flood/flood_9202.png,non_flood/flood_9202.png,non_flood,3,flood_9202.png,a7d6ee1b251875bef81f6b89766bebb8,
/content/flood_dataset_v4/Dataset_Flood/non_flood/화면 캡처 2025-03-05 152953.jpg,non_flood/화면 캡처 2025-03-05 152953.jpg,non_flood,3,화면 캡처 2025-03-05 152953.jpg,d19db103f4132413fed5466d47c2652f,
/content/flood_dataset_v4/Dataset_Flood/non_flood/images (11).jpg,non_flood/images (11).jpg,non_flood,3,images (11).jpg,b91e6ef5f3f9fc4614abe45f78f72980,
/content/flood_dataset_v4/Dataset_Flood/non_flood/화면 캡처 2025-03-05 175855.jpg,non_flood/화면 캡처 2025-03-05 175855.jpg,non_flood,3,화면 캡처 2025-03-05 175855.jpg,cd71d1941183647985af3f7dc00855f1,
/content/flood_dataset_v4/Dataset_Flood/non_flood/images (11)1.jpg,non_flood/images (11)1.jpg,non_flood,3,images (11)1.jpg,2b5b3f62ff9d6c123cf1aaa105dbbc9c,
/content/flood_dataset_v4/Dataset_Flood/non_flood/다운로드 (16) 3.jpg,non_flood/다운로드 (16) 3.jpg,non_flood,3,다운로드 (16) 3.jpg,20f2a467fedd830df7c171c327f6a68e,
/content/flood_dataset_v4/Dataset_Flood/non_flood/noise_mua.jpg,non_flood/noise_mua.jpg,non_flood,3,noise_mua.jpg,6f5396e128ab8817c599bd9eecc568f2,
/content/flood_dataset_v4/Dataset_Flood/non_flood/AKR20190427044100004_14_i.jpg,non_flood/AKR20190427044100004_14_i.jpg,non_flood,3,AKR20190427044100004_14_i.jpg,04517bfb3aa52589851af123aaeaaf98,
/content/flood_dataset_v4/Dataset_Flood/non_flood/images (38).jpg,non_flood/images (38).jpg,non_flood,3,images (38).jpg,1b55c3a973c1db50cf1078cf58a8ebb5,
/content/flood_dataset_v4/Dataset_Flood/non_flood/1789568749557_282700609501588260_7406490438318140161_7d5baf7f35b58211bf5d643c66ab8606.jpg,non_flood/1789568749557_282700609501588260_7406490438318140161_7d5baf7f35b58211bf5d643c66ab8606.jpg,non_flood,3,1789568749557_282700609501588260_7406490438318140161_7d5baf7f35b58211bf5d643c66ab8606.jpg,122914637e615f7ae662acba39badca5,
/content/flood_dataset_v4/Dataset_Flood/non_flood/화면 캡처 2025-03-05 152318.jpg,non_flood/화면 캡처 2025-03-05 152318.jpg,non_flood,3,화면 캡처 2025-03-05 152318.jpg,86037b766a788d60eab3961257b4e419,
/content/flood_dataset_v4/Dataset_Flood/non_flood/화면 캡처 2025-03-05 175950.jpg,non_flood/화면 캡처 2025-03-05 175950.jpg,non_flood,3,화면 캡처 2025-03-05 175950.jpg,16494ef4afc738e2361062af7f4cf7a0,
/content/flood_dataset_v4/Dataset_Flood/non_flood/다운로드 (20) 3.jpg,non_flood/다운로드 (20) 3.jpg,non_flood,3,다운로드 (20) 3.jpg,1971b5bf4f6ade5b0e00958263228833,
/content/flood_dataset_v4/Dataset_Flood/non_flood/다운로드 (48) 3.jpg,non_flood/다운로드 (48) 3.jpg,non_flood,3,다운로드 (48) 3.jpg,e3f3766a7c215a181edc82c3cf3c47eb,
/content/flood_dataset_v4/Dataset_Flood/non_flood/images (8).jpg,non_flood/images (8).jpg,non_flood,3,images (8).jpg,77a977d1fe6c9cd2c954bc37b828c639,
/content/flood_dataset_v4/Dataset_Flood/non_flood/다운로드 (50) 3.jpg,non_flood/다운로드 (50) 3.jpg,non_flood,3,다운로드 (50) 3.jpg,22bc30a916b591c11ce916edda0ca6ef,
/content/flood_dataset_v4/Dataset_Flood/non_flood/화면 캡처 2025-03-05 152330.jpg,non_flood/화면 캡처 2025-03-05 152330.jpg,non_flood,3,화면 캡처 2025-03-05 152330.jpg,6b7bd2ada6362330d9b996a3752faa49,
/content/flood_dataset_v4/Dataset_Flood/non_flood/images (3).jpg,non_flood/images (3).jpg,non_flood,3,images (3).jpg,5a02d0d8665205d187a88e6d0b46e0be,
/content/flood_dataset_v4/Dataset_Flood/non_flood/화면 캡처 2025-03-05 183145.jpg,non_flood/화면 캡처 2025-03-05 183145.jpg,non_flood,3,화면 캡처 2025-03-05 183145.jpg,2fe627f23c93393a5ff318b0e997d2a6,
/content/flood_dataset_v4/Dataset_Flood/non_flood/화면 캡처 2025-03-05 172234.jpg,non_flood/화면 캡처 2025-03-05 172234.jpg,non_flood,3,화면 캡처 2025-03-05 172234.jpg,b96c3306b7ea83270801cf1bfd6d0a9e,
/content/flood_dataset_v4/Dataset_Flood/non_flood/화면 캡처 2025-03-05 180052.jpg,non_flood/화면 캡처 2025-03-05 180052.jpg,non_flood,3,화면 캡처 2025-03-05 180052.jpg,e3167c8e61bfeeee3eef2062c7754817,
/content/flood_dataset_v4/Dataset_Flood/non_flood/화면 캡처 2025-03-05 152710.jpg,non_flood/화면 캡처 2025-03-05 152710.jpg,non_flood,3,화면 캡처 2025-03-05 152710.jpg,3195268d4ce53f35031c2f3007b1b09f,
/content/flood_dataset_v4/Dataset_Flood/non_flood/images (14)1.jpg,non_flood/images (14)1.jpg,non_flood,3,images (14)1.jpg,fddf166431c25a086eec371a84b13208,
/content/flood_dataset_v4/Dataset_Flood/non_flood/unnamed.jpg,non_flood/unnamed.jpg,non_flood,3,unnamed.jpg,0b5243d52f9b7c91414227ac208783fb,
/content/flood_dataset_v4/Dataset_Flood/non_flood/화면 캡처 2025-03-05 182955.jpg,non_flood/화면 캡처 2025-03-05 182955.jpg,non_flood,3,화면 캡처 2025-03-05 182955.jpg,d78122b601eb124a4cb314721cf38b37,
/content/flood_dataset_v4/Dataset_Flood/non_flood/화면 캡처 2025-03-05 153607.jpg,non_flood/화면 캡처 2025-03-05 153607.jpg,non_flood,3,화면 캡처 2025-03-05 153607.jpg,545f013c8af371034dd488f361b33187,
/content/flood_dataset_v4/Dataset_Flood/non_flood/1789568749247_282700609501588260_7406490438318140161_58d1eefc3c47d550321de3d7943afe67.jpg,non_flood/1789568749247_282700609501588260_7406490438318140161_58d1eefc3c47d550321de3d7943afe67.jpg,non_flood,3,1789568749247_282700609501588260_7406490438318140161_58d1eefc3c47d550321de3d7943afe67.jpg,582a2db37a5caff16fb056885427b020,
/content/flood_dataset_v4/Dataset_Flood/non_flood/화면 캡처 2025-03-05 152428.jpg,non_flood/화면 캡처 2025-03-05 152428.jpg,non_flood,3,화면 캡처 2025-03-05 152428.jpg,860f0421df87ebe6ccb22e9cfe0f1a68,
/content/flood_dataset_v4/Dataset_Flood/non_flood/다운로드 (25).jpg,non_flood/다운로드 (25).jpg,non_flood,3,다운로드 (25).jpg,dbbbabbdb4b0ae8829cf5632a94610bc,
/content/flood_dataset_v4/Dataset_Flood/non_flood/images (4).jpg,non_flood/images (4).jpg,non_flood,3,images (4).jpg,ebe0956150d106e36cdd780a70d9dc92,
/content/flood_dataset_v4/Dataset_Flood/non_flood/images (4)1.jpg,non_flood/images (4)1.jpg,non_flood,3,images (4)1.jpg,ca87c03ad28481e3201caf4f9b62ff05,
/content/flood_dataset_v4/Dataset_Flood/non_flood/255460_417247_943.jpg,non_flood/255460_417247_943.jpg,non_flood,3,255460_417247_943.jpg,651bb09618cfdc655eeb1efec6ad0375,
/content/flood_dataset_v4/Dataset_Flood/non_flood/1789568749129_282700609501588260_7406490438318140161_0a44de7ec321c9f4f4fdcb40db3cbbc4.jpg,non_flood/1789568749129_282700609501588260_7406490438318140161_0a44de7ec321c9f4f4fdcb40db3cbbc4.jpg,non_flood,3,1789568749129_282700609501588260_7406490438318140161_0a44de7ec321c9f4f4fdcb40db3cbbc4.jpg,b21a90d23f1c84ccd948650fd3dbbd82,
/content/flood_dataset_v4/Dataset_Flood/non_flood/images (24)1.jpg,non_flood/images (24)1.jpg,non_flood,3,images (24)1.jpg,aaa4da4b5930f9a9a77effd939aff709,
/content/flood_dataset_v4/Dataset_Flood/non_flood/다운로드 (43) 3.jpg,non_flood/다운로드 (43) 3.jpg,non_flood,3,다운로드 (43) 3.jpg,4500b8d079281e21d9dec9a92ced09d9,
/content/flood_dataset_v4/Dataset_Flood/non_flood/p1065569336329878_240_thum.jpg,non_flood/p1065569336329878_240_thum.jpg,non_flood,3,p1065569336329878_240_thum.jpg,dd0cda5dabcac98863b171a0c4c00bbb,
/content/flood_dataset_v4/Dataset_Flood/non_flood/화면 캡처 2025-03-05 153657.jpg,non_flood/화면 캡처 2025-03-05 153657.jpg,non_flood,3,화면 캡처 2025-03-05 153657.jpg,4901c01faa40015fdd4a1d8068e0e9ef,
/content/flood_dataset_v4/Dataset_Flood/non_flood/화면 캡처 2025-03-05 172739.jpg,non_flood/화면 캡처 2025-03-05 172739.jpg,non_flood,3,화면 캡처 2025-03-05 172739.jpg,63a8e16cb57faa9b61a3c2242b881e00,
/content/flood_dataset_v4/Dataset_Flood/non_flood/화면 캡처 2025-03-05 175311.jpg,non_flood/화면 캡처 2025-03-05 175311.jpg,non_flood,3,화면 캡처 2025-03-05 175311.jpg,77c2c40352563d822988f1562b8a228a,
/content/flood_dataset_v4/Dataset_Flood/non_flood/20241029050605_0.jpg,non_flood/20241029050605_0.jpg,non_flood,3,20241029050605_0.jpg,480b9498356b2563f1d828de7df2cda1,
/content/flood_dataset_v4/Dataset_Flood/non_flood/다운로드 (11) 3.jpg,non_flood/다운로드 (11) 3.jpg,non_flood,3,다운로드 (11) 3.jpg,c424ffb02f65d5715b39ac3bb6fbcb78,
/content/flood_dataset_v4/Dataset_Flood/non_flood/화면 캡처 2025-03-05 152809.jpg,non_flood/화면 캡처 2025-03-05 152809.jpg,non_flood,3,화면 캡처 2025-03-05 152809.jpg,8383f9c5511594c8e73efb331fdc790a,
/content/flood_dataset_v4/Dataset_Flood/non_flood/images - 2025-01-28T164907.844.jpg,non_flood/images - 2025-01-28T164907.844.jpg,non_flood,3,images - 2025-01-28T164907.844.jpg,7e5a86f1872247fc85022f360f942c74,
/content/flood_dataset_v4/Dataset_Flood/non_flood/화면 캡처 2025-03-05 173950.jpg,non_flood/화면 캡처 2025-03-05 173950.jpg,non_flood,3,화면 캡처 2025-03-05 173950.jpg,c6664c402e6f902b812f3956f76df0e2,
/content/flood_dataset_v4/Dataset_Flood/non_flood/화면 캡처 2025-03-05 174439.jpg,non_flood/화면 캡처 2025-03-05 174439.jpg,non_flood,3,화면 캡처 2025-03-05 174439.jpg,11f7a8625004c24a2b89d5bde00fce12,
/content/flood_dataset_v4/Dataset_Flood/non_flood/다운로드 (36) 3.jpg,non_flood/다운로드 (36) 3.jpg,non_flood,3,다운로드 (36) 3.jpg,3978277fa34d464c4fb58c14680cb301,
/content/flood_dataset_v4/Dataset_Flood/non_flood/화면 캡처 2025-03-05 175927.jpg,non_flood/화면 캡처 2025-03-05 175927.jpg,non_flood,3,화면 캡처 2025-03-05 175927.jpg,8eb5cfddb8eba44f7bbea803271d69a7,
/content/flood_dataset_v4/Dataset_Flood/non_flood/images (33).jpg,non_flood/images (33).jpg,non_flood,3,images (33).jpg,89693270866711295e686abbbbf4c2b5,
/content/flood_dataset_v4/Dataset_Flood/non_flood/images (67).jpg,non_flood/images (67).jpg,non_flood,3,images (67).jpg,870c899701bdd57666ea63a1c5db22f2,
/content/flood_dataset_v4/Dataset_Flood/non_flood/images (54).jpg,non_flood/images (54).jpg,non_flood,3,images (54).jpg,46b3ae8160d50bcc5cc5c8a7880104cc,
/content/flood_dataset_v4/Dataset_Flood/non_flood/화면 캡처 2025-03-05 175319.jpg,non_flood/화면 캡처 2025-03-05 175319.jpg,non_flood,3,화면 캡처 2025-03-05 175319.jpg,415ea08cb6687cca2ef7d27ccac7c198,
/content/flood_dataset_v4/Dataset_Flood/non_flood/화면 캡처 2025-03-05 172224.jpg,non_flood/화면 캡처 2025-03-05 172224.jpg,non_flood,3,화면 캡처 2025-03-05 172224.jpg,76653370b173bc6055cd2079900e8286,
/content/flood_dataset_v4/Dataset_Flood/non_flood/13382_13779_4019.jpg,non_flood/13382_13779_4019.jpg,non_flood,3,13382_13779_4019.jpg,f9de061c7b89188a46e77198dd467791,
/content/flood_dataset_v4/Dataset_Flood/non_flood/화면 캡처 2025-03-05 151856.jpg,non_flood/화면 캡처 2025-03-05 151856.jpg,non_flood,3,화면 캡처 2025-03-05 151856.jpg,877c682df45707b1ad255b9ee538da12,
/content/flood_dataset_v4/Dataset_Flood/non_flood/화면 캡처 2025-03-05 183016.jpg,non_flood/화면 캡처 2025-03-05 183016.jpg,non_flood,3,화면 캡처 2025-03-05 183016.jpg,a4f0792d2c589d253afc81d0b4d74fc9,
/content/flood_dataset_v4/Dataset_Flood/non_flood/images (30).jpg,non_flood/images (30).jpg,non_flood,3,images (30).jpg,3ad5ce26ea39840f7dc5a8aa73a6f5dd,
/content/flood_dataset_v4/Dataset_Flood/non_flood/다운로드 (10).jpg,non_flood/다운로드 (10).jpg,non_flood,3,다운로드 (10).jpg,d805cca209a73a91cd6e67f42bb64a9c,
/content/flood_dataset_v4/Dataset_Flood/non_flood/화면 캡처 2025-03-05 153117.jpg,non_flood/화면 캡처 2025-03-05 153117.jpg,non_flood,3,화면 캡처 2025-03-05 153117.jpg,6df954874179081457bd864792455a0f,
/content/flood_dataset_v4/Dataset_Flood/non_flood/hq720.jpg,non_flood/hq720.jpg,non_flood,3,hq720.jpg,0b1ebf5679d2efede6d95c6cee30b108,
/content/flood_dataset_v4/Dataset_Flood/non_flood/images (8)1.jpg,non_flood/images (8)1.jpg,non_flood,3,images (8)1.jpg,70740a566b174b080a12ad489f5e5e03,
/content/flood_dataset_v4/Dataset_Flood/non_flood/화면 캡처 2025-03-05 183135.jpg,non_flood/화면 캡처 2025-03-05 183135.jpg,non_flood,3,화면 캡처 2025-03-05 183135.jpg,4c31fc11b9ee19f384004597dda3192b,
/content/flood_dataset_v4/Dataset_Flood/non_flood/다운로드 (37) 3.jpg,non_flood/다운로드 (37) 3.jpg,non_flood,3,다운로드 (37) 3.jpg,9600d4d16038e080e2ebe98fd70b3c36,
/content/flood_dataset_v4/Dataset_Flood/non_flood/23031215004403700.jpg,non_flood/23031215004403700.jpg,non_flood,3,23031215004403700.jpg,3026e252bbf5419e14243ecef7991e3d,
/content/flood_dataset_v4/Dataset_Flood/non_flood/화면 캡처 2025-03-05 181358.jpg,non_flood/화면 캡처 2025-03-05 181358.jpg,non_flood,3,화면 캡처 2025-03-05 181358.jpg,a8f6a97a4d8a9345e9528fd0c7aba3ae,
/content/flood_dataset_v4/Dataset_Flood/non_flood/다운로드 (64) 3.jpg,non_flood/다운로드 (64) 3.jpg,non_flood,3,다운로드 (64) 3.jpg,9d2e7690876894394301c8e0f8b58892,
/content/flood_dataset_v4/Dataset_Flood/non_flood/화면 캡처 2025-03-05 164114.jpg,non_flood/화면 캡처 2025-03-05 164114.jpg,non_flood,3,화면 캡처 2025-03-05 164114.jpg,3c3aa8325b3f6c606609dec8a5b508e5,
/content/flood_dataset_v4/Dataset_Flood/non_flood/16965057946_026c7cb314_c.jpg,non_flood/16965057946_026c7cb314_c.jpg,non_flood,3,16965057946_026c7cb314_c.jpg,a5190b3a09ebbb67457b931c2ecb1bf3,
/content/flood_dataset_v4/Dataset_Flood/non_flood/RPR20231226002000353_01_i.jpg,non_flood/RPR20231226002000353_01_i.jpg,non_flood,3,RPR20231226002000353_01_i.jpg,05256038a843c73c25bee774d458ae22,
/content/flood_dataset_v4/Dataset_Flood/non_flood/images (25)1.jpg,non_flood/images (25)1.jpg,non_flood,3,images (25)1.jpg,19b65345d184ce7dc8cd5efa3aa97238,
/content/flood_dataset_v4/Dataset_Flood/non_flood/images (42).jpg,non_flood/images (42).jpg,non_flood,3,images (42).jpg,48dfba92631b588716eb0690c92fcdd7,
/content/flood_dataset_v4/Dataset_Flood/non_flood/화면 캡처 2025-03-05 172356.jpg,non_flood/화면 캡처 2025-03-05 172356.jpg,non_flood,3,화면 캡처 2025-03-05 172356.jpg,5f85f39213cfded314c96c385dd4c06b,
/content/flood_dataset_v4/Dataset_Flood/non_flood/화면 캡처 2025-03-05 172047.jpg,non_flood/화면 캡처 2025-03-05 172047.jpg,non_flood,3,화면 캡처 2025-03-05 172047.jpg,c3cb72811ad3baf369cc90ea6a38c7d2,
/content/flood_dataset_v4/Dataset_Flood/non_flood/화면 캡처 2025-03-05 164238.jpg,non_flood/화면 캡처 2025-03-05 164238.jpg,non_flood,3,화면 캡처 2025-03-05 164238.jpg,2fa05d83bd0544474f5167c5a3bcfb5a,
/content/flood_dataset_v4/Dataset_Flood/non_flood/화면 캡처 2025-03-05 173938.jpg,non_flood/화면 캡처 2025-03-05 173938.jpg,non_flood,3,화면 캡처 2025-03-05 173938.jpg,b8e243c3194778e3f1a49334e65777ff,
/content/flood_dataset_v4/Dataset_Flood/non_flood/화면 캡처 2025-03-05 172203.jpg,non_flood/화면 캡처 2025-03-05 172203.jpg,non_flood,3,화면 캡처 2025-03-05 172203.jpg,2a986a610e6fef870a4aa2e62df1e10d,
/content/flood_dataset_v4/Dataset_Flood/non_flood/화면 캡처 2025-03-05 173824.jpg,non_flood/화면 캡처 2025-03-05 173824.jpg,non_flood,3,화면 캡처 2025-03-05 173824.jpg,726ac050c7c027458aaaa65d008032cf,
/content/flood_dataset_v4/Dataset_Flood/non_flood/1789568749350_282700609501588260_7406490438318140161_b930dfafaad0eba1f7c3fb6f654ed4b6.jpg,non_flood/1789568749350_282700609501588260_7406490438318140161_b930dfafaad0eba1f7c3fb6f654ed4b6.jpg,non_flood,3,1789568749350_282700609501588260_7406490438318140161_b930dfafaad0eba1f7c3fb6f654ed4b6.jpg,b92e9226569a67b69c58e1a123f78ada,
/content/flood_dataset_v4/Dataset_Flood/non_flood/1789568749466_282700609501588260_7406490438318140161_e53eb2986265816190aa4974d70719d6.jpg,non_flood/1789568749466_282700609501588260_7406490438318140161_e53eb2986265816190aa4974d70719d6.jpg,non_flood,3,1789568749466_282700609501588260_7406490438318140161_e53eb2986265816190aa4974d70719d6.jpg,d5d23f06a01d8833769bec3b5fd970b0,
/content/flood_dataset_v4/Dataset_Flood/non_flood/다운로드 (34) 3.jpg,non_flood/다운로드 (34) 3.jpg,non_flood,3,다운로드 (34) 3.jpg,672a0180a4970c79c47f697cdb79c6b9,
/content/flood_dataset_v4/Dataset_Flood/non_flood/화면 캡처 2025-03-05 153712.jpg,non_flood/화면 캡처 2025-03-05 153712.jpg,non_flood,3,화면 캡처 2025-03-05 153712.jpg,bce01738129c255bbd3ce71dc2954803,
/content/flood_dataset_v4/Dataset_Flood/non_flood/다운로드 (9).jpg,non_flood/다운로드 (9).jpg,non_flood,3,다운로드 (9).jpg,bf1e372f60fced1470e7ecb3ea3eb2cb,
/content/flood_dataset_v4/Dataset_Flood/non_flood/다운로드 (30).jpg,non_flood/다운로드 (30).jpg,non_flood,3,다운로드 (30).jpg,4fc3e309f834749e299a0ec5893c2edf,
/content/flood_dataset_v4/Dataset_Flood/non_flood/1789568749452_282700609501588260_7406490438318140161_27f20da03aed7425178793bf0e655ec5.jpg,non_flood/1789568749452_282700609501588260_7406490438318140161_27f20da03aed7425178793bf0e655ec5.jpg,non_flood,3,1789568749452_282700609501588260_7406490438318140161_27f20da03aed7425178793bf0e655ec5.jpg,d5e3963d2f3323d3d1b3a345089ae5b1,
/content/flood_dataset_v4/Dataset_Flood/non_flood/다운로드 (38).jpg,non_flood/다운로드 (38).jpg,non_flood,3,다운로드 (38).jpg,9488b44d291ecca6ae8d25949028c8e5,
/content/flood_dataset_v4/Dataset_Flood/non_flood/2810089_image2_1.jpg,non_flood/2810089_image2_1.jpg,non_flood,3,2810089_image2_1.jpg,da68e378f0f5f6d0047f65eb113b8831,
/content/flood_dataset_v4/Dataset_Flood/non_flood/images (19)1.jpg,non_flood/images (19)1.jpg,non_flood,3,images (19)1.jpg,768e50dca214f4fcc1c01c3acdebd5eb,
/content/flood_dataset_v4/Dataset_Flood/non_flood/화면 캡처 2025-03-05 173652.jpg,non_flood/화면 캡처 2025-03-05 173652.jpg,non_flood,3,화면 캡처 2025-03-05 173652.jpg,ac573b24d9ad82978f077f6961649829,
/content/flood_dataset_v4/Dataset_Flood/non_flood/화면 캡처 2025-03-05 174110.jpg,non_flood/화면 캡처 2025-03-05 174110.jpg,non_flood,3,화면 캡처 2025-03-05 174110.jpg,0438c2c7da306763742b81949b05ade3,
/content/flood_dataset_v4/Dataset_Flood/non_flood/화면 캡처 2025-03-05 174358.jpg,non_flood/화면 캡처 2025-03-05 174358.jpg,non_flood,3,화면 캡처 2025-03-05 174358.jpg,c524609c40898a77975b21a2501dda5e,
/content/flood_dataset_v4/Dataset_Flood/non_flood/사진-1.jpg,non_flood/사진-1.jpg,non_flood,3,사진-1.jpg,f811552837d0ee8138fbd61c887deb86,
/content/flood_dataset_v4/Dataset_Flood/non_flood/images (62).jpg,non_flood/images (62).jpg,non_flood,3,images (62).jpg,5304bcf9eee27f0aa76a6ec1ca645470,
/content/flood_dataset_v4/Dataset_Flood/non_flood/1789568749273_282700609501588260_7406490438318140161_861b986f93e2d55cdd0f624f76e0eac3.jpg,non_flood/1789568749273_282700609501588260_7406490438318140161_861b986f93e2d55cdd0f624f76e0eac3.jpg,non_flood,3,1789568749273_282700609501588260_7406490438318140161_861b986f93e2d55cdd0f624f76e0eac3.jpg,506986c16b96eafe9927f68367433569,
/content/flood_dataset_v4/Dataset_Flood/non_flood/다운로드 (66) 3.jpg,non_flood/다운로드 (66) 3.jpg,non_flood,3,다운로드 (66) 3.jpg,79ef18add58f46a6c6911f4ccffa6821,
/content/flood_dataset_v4/Dataset_Flood/non_flood/images (58).jpg,non_flood/images (58).jpg,non_flood,3,images (58).jpg,607d154e82dd727694cfe6e0fc4fde5e,
/content/flood_dataset_v4/Dataset_Flood/non_flood/화면 캡처 2025-03-05 175530.jpg,non_flood/화면 캡처 2025-03-05 175530.jpg,non_flood,3,화면 캡처 2025-03-05 175530.jpg,d62561214b1b0b66b423ec07396049e8,
/content/flood_dataset_v4/Dataset_Flood/non_flood/img-20171122-183945-largejpg.jpg,non_flood/img-20171122-183945-largejpg.jpg,non_flood,3,img-20171122-183945-largejpg.jpg,34ac786a2a547bade7fb2786f1f30e99,
/content/flood_dataset_v4/Dataset_Flood/non_flood/images (18)1.jpg,non_flood/images (18)1.jpg,non_flood,3,images (18)1.jpg,c4bdb2d2e6d18d063483fee5adf40a3d,
/content/flood_dataset_v4/Dataset_Flood/non_flood/1184178968.jpg,non_flood/1184178968.jpg,non_flood,3,1184178968.jpg,21f1898326518c23447de0e17506b073,
/content/flood_dataset_v4/Dataset_Flood/non_flood/images - 2025-01-28T184436.464.jpg,non_flood/images - 2025-01-28T184436.464.jpg,non_flood,3,images - 2025-01-28T184436.464.jpg,485c4c18fbb339796c4b1e87a8ae8fdc,
/content/flood_dataset_v4/Dataset_Flood/non_flood/unnamed (1).jpg,non_flood/unnamed (1).jpg,non_flood,3,unnamed (1).jpg,a69c6b6522035201ec2d26747ff3938e,
/content/flood_dataset_v4/Dataset_Flood/non_flood/화면 캡처 2025-03-05 172657.jpg,non_flood/화면 캡처 2025-03-05 172657.jpg,non_flood,3,화면 캡처 2025-03-05 172657.jpg,692a02afb5cbbf19e3b61b8ca0a864c4,
/content/flood_dataset_v4/Dataset_Flood/non_flood/다운로드 (59) 3.jpg,non_flood/다운로드 (59) 3.jpg,non_flood,3,다운로드 (59) 3.jpg,01f84bb5f3c4767980aa20941272e0a0,
/content/flood_dataset_v4/Dataset_Flood/non_flood/화면 캡처 2025-03-05 175615.jpg,non_flood/화면 캡처 2025-03-05 175615.jpg,non_flood,3,화면 캡처 2025-03-05 175615.jpg,10a02d93b215e38cb9465c871a7cec3c,
/content/flood_dataset_v4/Dataset_Flood/non_flood/다운로드 (36).jpg,non_flood/다운로드 (36).jpg,non_flood,3,다운로드 (36).jpg,cfd1c126d536f51da58e5a3ace041800,
/content/flood_dataset_v4/Dataset_Flood/non_flood/화면 캡처 2025-03-05 172321.jpg,non_flood/화면 캡처 2025-03-05 172321.jpg,non_flood,3,화면 캡처 2025-03-05 172321.jpg,df6e5d1b022720cb1784feeca6c2e82f,
/content/flood_dataset_v4/Dataset_Flood/non_flood/화면 캡처 2025-03-05 172345.jpg,non_flood/화면 캡처 2025-03-05 172345.jpg,non_flood,3,화면 캡처 2025-03-05 172345.jpg,78f12f03659b7228c11a547d0b7f050e,
/content/flood_dataset_v4/Dataset_Flood/non_flood/화면 캡처 2025-03-05 182737.jpg,non_flood/화면 캡처 2025-03-05 182737.jpg,non_flood,3,화면 캡처 2025-03-05 182737.jpg,cfb675212aa961be614e2ce174415e65,
/content/flood_dataset_v4/Dataset_Flood/non_flood/다운로드 (37).jpg,non_flood/다운로드 (37).jpg,non_flood,3,다운로드 (37).jpg,66f582ec66658f6647f70711fdd6abe3,
/content/flood_dataset_v4/Dataset_Flood/non_flood/20230113501845.jpg,non_flood/20230113501845.jpg,non_flood,3,20230113501845.jpg,873ab518f272f0800f41a33d94290a80,
/content/flood_dataset_v4/Dataset_Flood/non_flood/images (61).jpg,non_flood/images (61).jpg,non_flood,3,images (61).jpg,755210a68095d2a0b1cf3b386f4e370e,
/content/flood_dataset_v4/Dataset_Flood/non_flood/화면 캡처 2025-03-05 175812.jpg,non_flood/화면 캡처 2025-03-05 175812.jpg,non_flood,3,화면 캡처 2025-03-05 175812.jpg,145ff9781783cd2b4e3a9fd1212a9a69,
/content/flood_dataset_v4/Dataset_Flood/non_flood/6f96ee2dccebef312d63aaac40b10bf7.jpg,non_flood/6f96ee2dccebef312d63aaac40b10bf7.jpg,non_flood,3,6f96ee2dccebef312d63aaac40b10bf7.jpg,844d7c9278a6c782aa69e5b174c2d8b9,
/content/flood_dataset_v4/Dataset_Flood/non_flood/다운로드 (39).jpg,non_flood/다운로드 (39).jpg,non_flood,3,다운로드 (39).jpg,17d01ea2e981b9d924c31cb8f6761086,
/content/flood_dataset_v4/Dataset_Flood/non_flood/화면 캡처 2025-03-05 152726.jpg,non_flood/화면 캡처 2025-03-05 152726.jpg,non_flood,3,화면 캡처 2025-03-05 152726.jpg,3fd6d72b001cd0150af1d3381e6efb76,
/content/flood_dataset_v4/Dataset_Flood/non_flood/1789568749048_282700609501588260_7406490438318140161_0319aab00bd0538b66cbc0db2ef908de.jpg,non_flood/1789568749048_282700609501588260_7406490438318140161_0319aab00bd0538b66cbc0db2ef908de.jpg,non_flood,3,1789568749048_282700609501588260_7406490438318140161_0319aab00bd0538b66cbc0db2ef908de.jpg,9900d2a6a508b75e58e1eaa3637db85f,
/content/flood_dataset_v4/Dataset_Flood/non_flood/화면 캡처 2025-03-05 151816.jpg,non_flood/화면 캡처 2025-03-05 151816.jpg,non_flood,3,화면 캡처 2025-03-05 151816.jpg,e093368e8c85d5f47c41d33d8ce33c6e,
/content/flood_dataset_v4/Dataset_Flood/non_flood/화면 캡처 2025-03-05 152112.jpg,non_flood/화면 캡처 2025-03-05 152112.jpg,non_flood,3,화면 캡처 2025-03-05 152112.jpg,40fd8bf62ed08306afdb948a313d3de6,
/content/flood_dataset_v4/Dataset_Flood/non_flood/다운로드 (41).jpg,non_flood/다운로드 (41).jpg,non_flood,3,다운로드 (41).jpg,00a502b9b48f00fbc89212e5d517a369,
/content/flood_dataset_v4/Dataset_Flood/non_flood/images (18).jpg,non_flood/images (18).jpg,non_flood,3,images (18).jpg,41dcbf4186d35662ff0c7bb8dad12428,
/content/flood_dataset_v4/Dataset_Flood/non_flood/다운로드 (1).jpg,non_flood/다운로드 (1).jpg,non_flood,3,다운로드 (1).jpg,26cd0189f3d897931cab82cbe8fe290c,
/content/flood_dataset_v4/Dataset_Flood/non_flood/20180405_152525.jpg,non_flood/20180405_152525.jpg,non_flood,3,20180405_152525.jpg,5857709eb2222803bf6bad01365d1ab1,
/content/flood_dataset_v4/Dataset_Flood/non_flood/1789568749169_282700609501588260_7406490438318140161_8c4c72e81ecf43ca40eeedfcbf1e4049.jpg,non_flood/1789568749169_282700609501588260_7406490438318140161_8c4c72e81ecf43ca40eeedfcbf1e4049.jpg,non_flood,3,1789568749169_282700609501588260_7406490438318140161_8c4c72e81ecf43ca40eeedfcbf1e4049.jpg,752670bda3f5ae3f2e2aedde4f627319,
/content/flood_dataset_v4/Dataset_Flood/non_flood/화면 캡처 2025-03-05 152934.jpg,non_flood/화면 캡처 2025-03-05 152934.jpg,non_flood,3,화면 캡처 2025-03-05 152934.jpg,98cf1afd455c3804d719b5305603301c,
/content/flood_dataset_v4/Dataset_Flood/non_flood/화면 캡처 2025-03-05 175647.jpg,non_flood/화면 캡처 2025-03-05 175647.jpg,non_flood,3,화면 캡처 2025-03-05 175647.jpg,5f62c254dec093c2cf88201449bf47a0,
/content/flood_dataset_v4/Dataset_Flood/non_flood/NISI20241012_0001674606_web.jpg,non_flood/NISI20241012_0001674606_web.jpg,non_flood,3,NISI20241012_0001674606_web.jpg,362fe2ac00a40345bcf547a499a56e81,
/content/flood_dataset_v4/Dataset_Flood/non_flood/images (9)1.jpg,non_flood/images (9)1.jpg,non_flood,3,images (9)1.jpg,8c797a4b7bc63a21640c02f7f3e1384d,
/content/flood_dataset_v4/Dataset_Flood/non_flood/다운로드 (24) 3.jpg,non_flood/다운로드 (24) 3.jpg,non_flood,3,다운로드 (24) 3.jpg,6c63d515f077d24f3fa27d71eb4fbff1,
/content/flood_dataset_v4/Dataset_Flood/non_flood/다운로드 (47) 3.jpg,non_flood/다운로드 (47) 3.jpg,non_flood,3,다운로드 (47) 3.jpg,0e3d1f5e8dc07ced19eef4b5f7d2d7f1,
/content/flood_dataset_v4/Dataset_Flood/non_flood/화면 캡처 2025-03-05 153417.jpg,non_flood/화면 캡처 2025-03-05 153417.jpg,non_flood,3,화면 캡처 2025-03-05 153417.jpg,68865734a7ad0ac2205afa735793f96a,
/content/flood_dataset_v4/Dataset_Flood/non_flood/화면 캡처 2025-03-05 153447.jpg,non_flood/화면 캡처 2025-03-05 153447.jpg,non_flood,3,화면 캡처 2025-03-05 153447.jpg,3df333673623bf34061a0d4ebae3aa0b,
/content/flood_dataset_v4/Dataset_Flood/non_flood/화면 캡처 2025-03-05 183025.jpg,non_flood/화면 캡처 2025-03-05 183025.jpg,non_flood,3,화면 캡처 2025-03-05 183025.jpg,2cc68b9e82886bd83a33a4bae40e93d7,
/content/flood_dataset_v4/Dataset_Flood/non_flood/화면 캡처 2025-03-05 153100.jpg,non_flood/화면 캡처 2025-03-05 153100.jpg,non_flood,3,화면 캡처 2025-03-05 153100.jpg,c2d98e57f33643618d04938f33edb07d,
/content/flood_dataset_v4/Dataset_Flood/non_flood/AKR20190427044100004_15_i.jpg,non_flood/AKR20190427044100004_15_i.jpg,non_flood,3,AKR20190427044100004_15_i.jpg,556875c81bd021eacf8d510d5448d01c,
/content/flood_dataset_v4/Dataset_Flood/non_flood/화면 캡처 2025-03-05 174410.jpg,non_flood/화면 캡처 2025-03-05 174410.jpg,non_flood,3,화면 캡처 2025-03-05 174410.jpg,094980a204e3c3292bfca9a1f34b2026,
/content/flood_dataset_v4/Dataset_Flood/non_flood/images (35).jpg,non_flood/images (35).jpg,non_flood,3,images (35).jpg,7b24b51527ec03a4ff964aaa551dc245,
/content/flood_dataset_v4/Dataset_Flood/non_flood/화면 캡처 2025-03-05 175038.jpg,non_flood/화면 캡처 2025-03-05 175038.jpg,non_flood,3,화면 캡처 2025-03-05 175038.jpg,d2001e71c347981bef5f974b3c2cc968,
/content/flood_dataset_v4/Dataset_Flood/non_flood/화면 캡처 2025-03-05 164255.jpg,non_flood/화면 캡처 2025-03-05 164255.jpg,non_flood,3,화면 캡처 2025-03-05 164255.jpg,eda3ff9ca852635f30b0e9f47e23eed5,
/content/flood_dataset_v4/Dataset_Flood/non_flood/화면 캡처 2025-03-05 175802.jpg,non_flood/화면 캡처 2025-03-05 175802.jpg,non_flood,3,화면 캡처 2025-03-05 175802.jpg,49ab346d177d1f25e63fb9c5d9be4874,
/content/flood_dataset_v4/Dataset_Flood/non_flood/9d3ea15d0f52a3bdcae7c68fcbbe700b_res.jpeg,non_flood/9d3ea15d0f52a3bdcae7c68fcbbe700b_res.jpeg,non_flood,3,9d3ea15d0f52a3bdcae7c68fcbbe700b_res.jpeg,8a84f2febe5e56a38568ffb373fad1d4,
/content/flood_dataset_v4/Dataset_Flood/non_flood/화면 캡처 2025-03-05 164129.jpg,non_flood/화면 캡처 2025-03-05 164129.jpg,non_flood,3,화면 캡처 2025-03-05 164129.jpg,54b7cf15b651bc79e6c35394174415bf,
/content/flood_dataset_v4/Dataset_Flood/non_flood/다운로드 (23).jpg,non_flood/다운로드 (23).jpg,non_flood,3,다운로드 (23).jpg,b9acc96a1fc6810e63aa8028a8b762a2,
/content/flood_dataset_v4/Dataset_Flood/non_flood/1789568754318_282700609501588260_7406490438318140161_9f193b83134d1099c7ba4b403f6f7cd4.jpg,non_flood/1789568754318_282700609501588260_7406490438318140161_9f193b83134d1099c7ba4b403f6f7cd4.jpg,non_flood,3,1789568754318_282700609501588260_7406490438318140161_9f193b83134d1099c7ba4b403f6f7cd4.jpg,6703b7d8c1de303ce677d0f7a96efcdb,
/content/flood_dataset_v4/Dataset_Flood/non_flood/다운로드 (9) 3.jpg,non_flood/다운로드 (9) 3.jpg,non_flood,3,다운로드 (9) 3.jpg,cb556237b6c41a4135bf57a408300d1f,
/content/flood_dataset_v4/Dataset_Flood/non_flood/1789568749531_282700609501588260_7406490438318140161_bea2323eb3bd6a9504e98226ccf20a6e.jpg,non_flood/1789568749531_282700609501588260_7406490438318140161_bea2323eb3bd6a9504e98226ccf20a6e.jpg,non_flood,3,1789568749531_282700609501588260_7406490438318140161_bea2323eb3bd6a9504e98226ccf20a6e.jpg,50794071a810991b5564d4c75a85c55d,
/content/flood_dataset_v4/Dataset_Flood/non_flood/화면 캡처 2025-03-05 152904.jpg,non_flood/화면 캡처 2025-03-05 152904.jpg,non_flood,3,화면 캡처 2025-03-05 152904.jpg,6f71004d63214db127ebfb9f3ede54fd,
/content/flood_dataset_v4/Dataset_Flood/non_flood/화면 캡처 2025-03-05 153554.jpg,non_flood/화면 캡처 2025-03-05 153554.jpg,non_flood,3,화면 캡처 2025-03-05 153554.jpg,204358563cd96677059901b4145b6a8d,
/content/flood_dataset_v4/Dataset_Flood/non_flood/images (27).jpg,non_flood/images (27).jpg,non_flood,3,images (27).jpg,43abc4996ba96dfebcf7fc25103e94db,
/content/flood_dataset_v4/Dataset_Flood/non_flood/sddefault.jpg,non_flood/sddefault.jpg,non_flood,3,sddefault.jpg,a39c87f96c43a8107c7ce04bc38e5dfa,
/content/flood_dataset_v4/Dataset_Flood/non_flood/화면 캡처 2025-03-05 175329.jpg,non_flood/화면 캡처 2025-03-05 175329.jpg,non_flood,3,화면 캡처 2025-03-05 175329.jpg,89067d39cc8ddd36a0ef7b27bc080b4d,
/content/flood_dataset_v4/Dataset_Flood/non_flood/화면 캡처 2025-03-05 181141.jpg,non_flood/화면 캡처 2025-03-05 181141.jpg,non_flood,3,화면 캡처 2025-03-05 181141.jpg,f6a76fafcfec9f9cd4903df269b0c8db,
/content/flood_dataset_v4/Dataset_Flood/non_flood/1789568749505_282700609501588260_7406490438318140161_7f7103dbcf707bb355238e657d31fb7c.jpg,non_flood/1789568749505_282700609501588260_7406490438318140161_7f7103dbcf707bb355238e657d31fb7c.jpg,non_flood,3,1789568749505_282700609501588260_7406490438318140161_7f7103dbcf707bb355238e657d31fb7c.jpg,7d06f7f74938b5c1d861bfec33494ca4,
/content/flood_dataset_v4/Dataset_Flood/non_flood/다운로드 (54) 3.jpg,non_flood/다운로드 (54) 3.jpg,non_flood,3,다운로드 (54) 3.jpg,b12d423db885b134806b9c266f0bdfca,
/content/flood_dataset_v4/Dataset_Flood/non_flood/화면 캡처 2025-03-05 181159.jpg,non_flood/화면 캡처 2025-03-05 181159.jpg,non_flood,3,화면 캡처 2025-03-05 181159.jpg,95d75516ee79150e7ec272f51b11e3a8,
/content/flood_dataset_v4/Dataset_Flood/non_flood/다운로드 (40) 3.jpg,non_flood/다운로드 (40) 3.jpg,non_flood,3,다운로드 (40) 3.jpg,529c03f035e803ccb8309021c7e80a74,
/content/flood_dataset_v4/Dataset_Flood/non_flood/다운로드 (24).jpg,non_flood/다운로드 (24).jpg,non_flood,3,다운로드 (24).jpg,3d4eedf2fd98b05f2505903002fc3178,
/content/flood_dataset_v4/Dataset_Flood/non_flood/화면 캡처 2025-03-05 151926.jpg,non_flood/화면 캡처 2025-03-05 151926.jpg,non_flood,3,화면 캡처 2025-03-05 151926.jpg,0fec924b18054edab55bc666215669d1,
/content/flood_dataset_v4/Dataset_Flood/non_flood/화면 캡처 2025-03-05 152659.jpg,non_flood/화면 캡처 2025-03-05 152659.jpg,non_flood,3,화면 캡처 2025-03-05 152659.jpg,e1fc4fa8bf4040df8d1a2b12726e195c,
/content/flood_dataset_v4/Dataset_Flood/non_flood/화면 캡처 2025-03-05 153513.jpg,non_flood/화면 캡처 2025-03-05 153513.jpg,non_flood,3,화면 캡처 2025-03-05 153513.jpg,82a9a5e0269acd650fbffef5578c48f7,
/content/flood_dataset_v4/Dataset_Flood/non_flood/images - 2025-01-28T184427.744.jpg,non_flood/images - 2025-01-28T184427.744.jpg,non_flood,3,images - 2025-01-28T184427.744.jpg,f14342c09e87bca7f0fab6cc836b098b,
/content/flood_dataset_v4/Dataset_Flood/non_flood/DSC05846-01.jpg,non_flood/DSC05846-01.jpg,non_flood,3,DSC05846-01.jpg,088bb7c99c261e1cc458385e9a56a930,
/content/flood_dataset_v4/Dataset_Flood/non_flood/1789568748890_282700609501588260_7406490438318140161_6f9723ffbe97a4e5fbe1f2809f447878.jpg,non_flood/1789568748890_282700609501588260_7406490438318140161_6f9723ffbe97a4e5fbe1f2809f447878.jpg,non_flood,3,1789568748890_282700609501588260_7406490438318140161_6f9723ffbe97a4e5fbe1f2809f447878.jpg,67f9670b2f48661d45fdd7d32234fbaf,
/content/flood_dataset_v4/Dataset_Flood/non_flood/5f420ab85477f0364be7a38916496632.jpg,non_flood/5f420ab85477f0364be7a38916496632.jpg,non_flood,3,5f420ab85477f0364be7a38916496632.jpg,541f81e993d7b9f455f0825c88871270,
/content/flood_dataset_v4/Dataset_Flood/non_flood/다운로드 (34).jpg,non_flood/다운로드 (34).jpg,non_flood,3,다운로드 (34).jpg,da77fbf0f0553f601aa90ba8d76b2b26,
/content/flood_dataset_v4/Dataset_Flood/non_flood/20230502503386.jpg,non_flood/20230502503386.jpg,non_flood,3,20230502503386.jpg,cd6617c8e6e216f9c9bb808bd85df5bf,
/content/flood_dataset_v4/Dataset_Flood/non_flood/화면 캡처 2025-03-05 175713.jpg,non_flood/화면 캡처 2025-03-05 175713.jpg,non_flood,3,화면 캡처 2025-03-05 175713.jpg,10c66d4b614155d8d622c170e951a513,
/content/flood_dataset_v4/Dataset_Flood/non_flood/images (23)1.jpg,non_flood/images (23)1.jpg,non_flood,3,images (23)1.jpg,4cdc349828d0b9943526afef630be9ee,
/content/flood_dataset_v4/Dataset_Flood/non_flood/1789568749492_282700609501588260_7406490438318140161_74dd38212d0aaecb1ba3f02160ef25f6.jpg,non_flood/1789568749492_282700609501588260_7406490438318140161_74dd38212d0aaecb1ba3f02160ef25f6.jpg,non_flood,3,1789568749492_282700609501588260_7406490438318140161_74dd38212d0aaecb1ba3f02160ef25f6.jpg,908e9653a3476b482302ff823635f9d6,
/content/flood_dataset_v4/Dataset_Flood/non_flood/화면 캡처 2025-03-05 153152.jpg,non_flood/화면 캡처 2025-03-05 153152.jpg,non_flood,3,화면 캡처 2025-03-05 153152.jpg,8e4eb94adbea4ab14157f8a293f77103,
/content/flood_dataset_v4/Dataset_Flood/non_flood/화면 캡처 2025-03-05 173811.jpg,non_flood/화면 캡처 2025-03-05 173811.jpg,non_flood,3,화면 캡처 2025-03-05 173811.jpg,be37903716fc386ea0d1d73eab06b794,
/content/flood_dataset_v4/Dataset_Flood/non_flood/heavy+rain+and+flooding+safety.jpg,non_flood/heavy+rain+and+flooding+safety.jpg,non_flood,3,heavy+rain+and+flooding+safety.jpg,28440c1124280b61b32e8f5360bb93ad,
/content/flood_dataset_v4/Dataset_Flood/non_flood/화면 캡처 2025-03-05 181547.jpg,non_flood/화면 캡처 2025-03-05 181547.jpg,non_flood,3,화면 캡처 2025-03-05 181547.jpg,a544e31401ba3a53333cbb796e344044,
/content/flood_dataset_v4/Dataset_Flood/non_flood/1210_5594_1621.jpg,non_flood/1210_5594_1621.jpg,non_flood,3,1210_5594_1621.jpg,476ed088c0e94bebbc59d46405a1ed39,
/content/flood_dataset_v4/Dataset_Flood/non_flood/다운로드 (19) 3.jpg,non_flood/다운로드 (19) 3.jpg,non_flood,3,다운로드 (19) 3.jpg,110bd7e03fd5401023753b61a2f6e7d2,
/content/flood_dataset_v4/Dataset_Flood/non_flood/a4a8bf528a64a86dcbe3f2fa4de26ca7.jpg,non_flood/a4a8bf528a64a86dcbe3f2fa4de26ca7.jpg,non_flood,3,a4a8bf528a64a86dcbe3f2fa4de26ca7.jpg,3c7000b11ab364b93f317da0c100a7e3,
/content/flood_dataset_v4/Dataset_Flood/non_flood/화면 캡처 2025-03-05 182915.jpg,non_flood/화면 캡처 2025-03-05 182915.jpg,non_flood,3,화면 캡처 2025-03-05 182915.jpg,52d433b5b7ce18a60b2bd5cd660d2292,
/content/flood_dataset_v4/Dataset_Flood/non_flood/다운로드 (17) 3.jpg,non_flood/다운로드 (17) 3.jpg,non_flood,3,다운로드 (17) 3.jpg,504f202d27959ea1e0118085120a5d20,
/content/flood_dataset_v4/Dataset_Flood/non_flood/화면 캡처 2025-03-05 153812.jpg,non_flood/화면 캡처 2025-03-05 153812.jpg,non_flood,3,화면 캡처 2025-03-05 153812.jpg,018ac70283a1f586bc9b43861f78fe19,
/content/flood_dataset_v4/Dataset_Flood/non_flood/화면 캡처 2025-03-05 172144.jpg,non_flood/화면 캡처 2025-03-05 172144.jpg,non_flood,3,화면 캡처 2025-03-05 172144.jpg,dbc4c4501d7150c7623d01ed76ef5ff2,
/content/flood_dataset_v4/Dataset_Flood/non_flood/다운로드 (53) 3.jpg,non_flood/다운로드 (53) 3.jpg,non_flood,3,다운로드 (53) 3.jpg,155e370ad30ba5e89061a3c30aceaf90,
/content/flood_dataset_v4/Dataset_Flood/non_flood/다운로드 (51) 3.jpg,non_flood/다운로드 (51) 3.jpg,non_flood,3,다운로드 (51) 3.jpg,7c4bb409373382f03c63ad90100d68f7,
/content/flood_dataset_v4/Dataset_Flood/non_flood/화면 캡처 2025-03-05 152624.jpg,non_flood/화면 캡처 2025-03-05 152624.jpg,non_flood,3,화면 캡처 2025-03-05 152624.jpg,3d38ca67549275c4204d586dc9f2a4e6,
/content/flood_dataset_v4/Dataset_Flood/non_flood/images (2)1.jpg,non_flood/images (2)1.jpg,non_flood,3,images (2)1.jpg,0653eed0fd0fbdd689fa5bb726e45eb2,
/content/flood_dataset_v4/Dataset_Flood/non_flood/images - 2025-01-28T184942.058.jpg,non_flood/images - 2025-01-28T184942.058.jpg,non_flood,3,images - 2025-01-28T184942.058.jpg,7c436ef3f0370c13a1be6bcb9f4cbaf4,
/content/flood_dataset_v4/Dataset_Flood/non_flood/화면 캡처 2025-03-05 152054.jpg,non_flood/화면 캡처 2025-03-05 152054.jpg,non_flood,3,화면 캡처 2025-03-05 152054.jpg,591c0488357d61662e8f86f6cd9e720e,
/content/flood_dataset_v4/Dataset_Flood/non_flood/화면 캡처 2025-03-05 174904.jpg,non_flood/화면 캡처 2025-03-05 174904.jpg,non_flood,3,화면 캡처 2025-03-05 174904.jpg,9b2a4633dddc2b10de79b22831a6df94,
/content/flood_dataset_v4/Dataset_Flood/non_flood/화면 캡처 2025-03-05 175752.jpg,non_flood/화면 캡처 2025-03-05 175752.jpg,non_flood,3,화면 캡처 2025-03-05 175752.jpg,56c3e1f855daf8db3e121f8c916b91fb,
/content/flood_dataset_v4/Dataset_Flood/non_flood/다운로드 (22) 3.jpg,non_flood/다운로드 (22) 3.jpg,non_flood,3,다운로드 (22) 3.jpg,cff9b075c1c5771d77b9e86d3955a1ee,
/content/flood_dataset_v4/Dataset_Flood/non_flood/img (2).jpg,non_flood/img (2).jpg,non_flood,3,img (2).jpg,b7a4d8f2774a49e7241b0f5cfe63dfd5,
/content/flood_dataset_v4/Dataset_Flood/non_flood/화면 캡처 2025-03-05 153533.jpg,non_flood/화면 캡처 2025-03-05 153533.jpg,non_flood,3,화면 캡처 2025-03-05 153533.jpg,af62501c36bae8520dc9f2c93b1d06b3,
/content/flood_dataset_v4/Dataset_Flood/non_flood/953056_345891_5555.jpeg,non_flood/953056_345891_5555.jpeg,non_flood,3,953056_345891_5555.jpeg,108889e2a15c7d2d8fb32bb47fcd16de,
/content/flood_dataset_v4/Dataset_Flood/non_flood/화면 캡처 2025-03-05 153209.jpg,non_flood/화면 캡처 2025-03-05 153209.jpg,non_flood,3,화면 캡처 2025-03-05 153209.jpg,1fd309852f729fa6867fdb49382714a2,
/content/flood_dataset_v4/Dataset_Flood/non_flood/images (26)1.jpg,non_flood/images (26)1.jpg,non_flood,3,images (26)1.jpg,86adba01aab3c377d945d83ced18efee,
/content/flood_dataset_v4/Dataset_Flood/non_flood/화면 캡처 2025-03-05 164154.jpg,non_flood/화면 캡처 2025-03-05 164154.jpg,non_flood,3,화면 캡처 2025-03-05 164154.jpg,acb9160ee7e45815e918d2bc1d2af701,
/content/flood_dataset_v4/Dataset_Flood/non_flood/화면 캡처 2025-03-05 175626.jpg,non_flood/화면 캡처 2025-03-05 175626.jpg,non_flood,3,화면 캡처 2025-03-05 175626.jpg,eb2613635a36254a06f67432e4394cd2,
/content/flood_dataset_v4/Dataset_Flood/non_flood/화면 캡처 2025-03-05 173737.jpg,non_flood/화면 캡처 2025-03-05 173737.jpg,non_flood,3,화면 캡처 2025-03-05 173737.jpg,2a1770fcf5a4b8a29cb3ca2b6fe05262,
/content/flood_dataset_v4/Dataset_Flood/non_flood/images (20)1.jpg,non_flood/images (20)1.jpg,non_flood,3,images (20)1.jpg,89e472ca55e198fe65c623a4120f8deb,
/content/flood_dataset_v4/Dataset_Flood/non_flood/화면 캡처 2025-03-05 174348.jpg,non_flood/화면 캡처 2025-03-05 174348.jpg,non_flood,3,화면 캡처 2025-03-05 174348.jpg,6189e1c4bbe789a28a0bc22f240f47c5,
/content/flood_dataset_v4/Dataset_Flood/non_flood/images (41).jpg,non_flood/images (41).jpg,non_flood,3,images (41).jpg,486bfc4d94276325174a008434d80996,
/content/flood_dataset_v4/Dataset_Flood/non_flood/pngtree-an-alleyway-in-a-japanese-village-with-no-street-lights-picture-image_2507160.jpg,non_flood/pngtree-an-alleyway-in-a-japanese-village-with-no-street-lights-picture-image_2507160.jpg,non_flood,3,pngtree-an-alleyway-in-a-japanese-village-with-no-street-lights-picture-image_2507160.jpg,140ee9740c8664ca7f54a1ea66336965,
/content/flood_dataset_v4/Dataset_Flood/non_flood/화면 캡처 2025-03-05 152821.jpg,non_flood/화면 캡처 2025-03-05 152821.jpg,non_flood,3,화면 캡처 2025-03-05 152821.jpg,c9baae129126a6a8a8313a669fd27dd3,
/content/flood_dataset_v4/Dataset_Flood/non_flood/202004131748333233_e.jpg,non_flood/202004131748333233_e.jpg,non_flood,3,202004131748333233_e.jpg,b6363da6334eca0e52975cea4f07c5f4,
/content/flood_dataset_v4/Dataset_Flood/non_flood/IMG_7678.jpg,non_flood/IMG_7678.jpg,non_flood,3,IMG_7678.jpg,40c38f43886e2256ca21312868838d6b,
/content/flood_dataset_v4/Dataset_Flood/non_flood/pngtree-an-alleyway-with-buildings-leading-up-to-a-sidewalk-image_13024957.jpg,non_flood/pngtree-an-alleyway-with-buildings-leading-up-to-a-sidewalk-image_13024957.jpg,non_flood,3,pngtree-an-alleyway-with-buildings-leading-up-to-a-sidewalk-image_13024957.jpg,419dfe68d2da91b53232c41d1a31f47f,
/content/flood_dataset_v4/Dataset_Flood/non_flood/230415135444359_w.jpg,non_flood/230415135444359_w.jpg,non_flood,3,230415135444359_w.jpg,84bafb8bfa5a2975641a56af4691a93e,
/content/flood_dataset_v4/Dataset_Flood/non_flood/images (32).jpg,non_flood/images (32).jpg,non_flood,3,images (32).jpg,86bef30cbfe9964e77d63e9db9038d70,
/content/flood_dataset_v4/Dataset_Flood/non_flood/다운로드 (27).jpg,non_flood/다운로드 (27).jpg,non_flood,3,다운로드 (27).jpg,a14e8208594efbd14601a856c3cfb7de,
/content/flood_dataset_v4/Dataset_Flood/non_flood/다운로드 (13).jpg,non_flood/다운로드 (13).jpg,non_flood,3,다운로드 (13).jpg,c0f8957772a2127b239bfdaa7942dfad,
/content/flood_dataset_v4/Dataset_Flood/non_flood/화면 캡처 2025-03-05 173907.jpg,non_flood/화면 캡처 2025-03-05 173907.jpg,non_flood,3,화면 캡처 2025-03-05 173907.jpg,5a99352ca19c96153e2946ba7f2bc54a,
/content/flood_dataset_v4/Dataset_Flood/non_flood/화면 캡처 2025-03-05 153850.jpg,non_flood/화면 캡처 2025-03-05 153850.jpg,non_flood,3,화면 캡처 2025-03-05 153850.jpg,eb1e1f958c54baaf6d1b4b751f325fc9,
/content/flood_dataset_v4/Dataset_Flood/non_flood/images (5)1.jpg,non_flood/images (5)1.jpg,non_flood,3,images (5)1.jpg,5fee18df0809b65b3e9b2037e8e32d93,
/content/flood_dataset_v4/Dataset_Flood/non_flood/화면 캡처 2025-03-05 174000.jpg,non_flood/화면 캡처 2025-03-05 174000.jpg,non_flood,3,화면 캡처 2025-03-05 174000.jpg,481fcd46b50057b4a3eec85ab997175c,
/content/flood_dataset_v4/Dataset_Flood/non_flood/다운로드 (18) 3.jpg,non_flood/다운로드 (18) 3.jpg,non_flood,3,다운로드 (18) 3.jpg,0cb61f3d0540d15eeb3d4ef2f288dba8,
/content/flood_dataset_v4/Dataset_Flood/non_flood/다운로드 (22).jpg,non_flood/다운로드 (22).jpg,non_flood,3,다운로드 (22).jpg,0c4845f44245a071cd9dc92b169aa596,
/content/flood_dataset_v4/Dataset_Flood/non_flood/images (37).jpg,non_flood/images (37).jpg,non_flood,3,images (37).jpg,00b1235b4afa51b79086103666ad692b,
/content/flood_dataset_v4/Dataset_Flood/non_flood/images (29).jpg,non_flood/images (29).jpg,non_flood,3,images (29).jpg,299da4420e84cde68e262bfe153bf90d,
/content/flood_dataset_v4/Dataset_Flood/non_flood/images (13).jpg,non_flood/images (13).jpg,non_flood,3,images (13).jpg,efe6879e24f1792183c88938a887baf5,
/content/flood_dataset_v4/Dataset_Flood/non_flood/다운로드 (21).jpg,non_flood/다운로드 (21).jpg,non_flood,3,다운로드 (21).jpg,0882af12ebe1df16d6fc3983e47e85c5,
/content/flood_dataset_v4/Dataset_Flood/non_flood/1789568749022_282700609501588260_7406490438318140161_e59a160960ff6aab4139ef93e6451eaa.jpg,non_flood/1789568749022_282700609501588260_7406490438318140161_e59a160960ff6aab4139ef93e6451eaa.jpg,non_flood,3,1789568749022_282700609501588260_7406490438318140161_e59a160960ff6aab4139ef93e6451eaa.jpg,697e1e61f7fe7e82c004f8b12d948fcd,
/content/flood_dataset_v4/Dataset_Flood/non_flood/p1065625174472492_706.jpg,non_flood/p1065625174472492_706.jpg,non_flood,3,p1065625174472492_706.jpg,48b14be938a9248d9af17de89b59b0a0,
/content/flood_dataset_v4/Dataset_Flood/non_flood/화면 캡처 2025-03-05 181215.jpg,non_flood/화면 캡처 2025-03-05 181215.jpg,non_flood,3,화면 캡처 2025-03-05 181215.jpg,170774fde4a1966e5c91615ded897e1c,
/content/flood_dataset_v4/Dataset_Flood/non_flood/images (64).jpg,non_flood/images (64).jpg,non_flood,3,images (64).jpg,314d07a5c4dc2e3efbcbf61441bcaa32,
/content/flood_dataset_v4/Dataset_Flood/non_flood/827778_739893_3348.jpg,non_flood/827778_739893_3348.jpg,non_flood,3,827778_739893_3348.jpg,0afd9bd09400e52d968967098f9823fe,
/content/flood_dataset_v4/Dataset_Flood/non_flood/maxresdefault.jpg,non_flood/maxresdefault.jpg,non_flood,3,maxresdefault.jpg,e37628fac75e4b71cc7bd8adb92bb2f3,
/content/flood_dataset_v4/Dataset_Flood/non_flood/화면 캡처 2025-03-05 175053.jpg,non_flood/화면 캡처 2025-03-05 175053.jpg,non_flood,3,화면 캡처 2025-03-05 175053.jpg,d3459bd72867095dddaf6f059343bc35,
/content/flood_dataset_v4/Dataset_Flood/non_flood/화면 캡처 2025-03-05 183036.jpg,non_flood/화면 캡처 2025-03-05 183036.jpg,non_flood,3,화면 캡처 2025-03-05 183036.jpg,ebf81ef72edb2a5033f22ab382fa92f7,
/content/flood_dataset_v4/Dataset_Flood/non_flood/IMG_7684.jpg,non_flood/IMG_7684.jpg,non_flood,3,IMG_7684.jpg,b29abc1f51a8ec6ea1d107597036ec6d,
/content/flood_dataset_v4/Dataset_Flood/non_flood/img.jpg,non_flood/img.jpg,non_flood,3,img.jpg,77a26208eafdbf4a8adbbfd8902ccbf1,
/content/flood_dataset_v4/Dataset_Flood/non_flood/화면 캡처 2025-03-05 180137.jpg,non_flood/화면 캡처 2025-03-05 180137.jpg,non_flood,3,화면 캡처 2025-03-05 180137.jpg,456d876ca4e9a39d55653b035a5d059b,
/content/flood_dataset_v4/Dataset_Flood/non_flood/화면 캡처 2025-03-05 151958.jpg,non_flood/화면 캡처 2025-03-05 151958.jpg,non_flood,3,화면 캡처 2025-03-05 151958.jpg,3ad25a130a3ac18faf6eec290c48753c,
/content/flood_dataset_v4/Dataset_Flood/non_flood/1789568749388_282700609501588260_7406490438318140161_795ea49e4f9c9bee6f07e2236848872c.jpg,non_flood/1789568749388_282700609501588260_7406490438318140161_795ea49e4f9c9bee6f07e2236848872c.jpg,non_flood,3,1789568749388_282700609501588260_7406490438318140161_795ea49e4f9c9bee6f07e2236848872c.jpg,3b6ea86bb9686afbe58515eebf91c085,
/content/flood_dataset_v4/Dataset_Flood/non_flood/화면 캡처 2025-03-05 153633.jpg,non_flood/화면 캡처 2025-03-05 153633.jpg,non_flood,3,화면 캡처 2025-03-05 153633.jpg,78bc564429d4b9ff2929d7434a4d10db,
/content/flood_dataset_v4/Dataset_Flood/non_flood/다운로드 (29) 3.jpg,non_flood/다운로드 (29) 3.jpg,non_flood,3,다운로드 (29) 3.jpg,4df8afe0b9734936bbf4a210b0703898,
/content/flood_dataset_v4/Dataset_Flood/non_flood/images (55).jpg,non_flood/images (55).jpg,non_flood,3,images (55).jpg,7b198fd2459fbdcd749fc24ff1f0d85f,
/content/flood_dataset_v4/Dataset_Flood/non_flood/화면 캡처 2025-03-05 172300.jpg,non_flood/화면 캡처 2025-03-05 172300.jpg,non_flood,3,화면 캡처 2025-03-05 172300.jpg,a4d81b8fd5fc0f3f12cfaacd2d16ee82,
/content/flood_dataset_v4/Dataset_Flood/non_flood/화면 캡처 2025-03-05 153135.jpg,non_flood/화면 캡처 2025-03-05 153135.jpg,non_flood,3,화면 캡처 2025-03-05 153135.jpg,82f247f32d572f34586de92868854dc5,
/content/flood_dataset_v4/Dataset_Flood/non_flood/1789568749413_282700609501588260_7406490438318140161_f7f91b6103e9f188abce62c51f87e385.jpg,non_flood/1789568749413_282700609501588260_7406490438318140161_f7f91b6103e9f188abce62c51f87e385.jpg,non_flood,3,1789568749413_282700609501588260_7406490438318140161_f7f91b6103e9f188abce62c51f87e385.jpg,c093411ed557563a0f75020a6cca72fc,
/content/flood_dataset_v4/Dataset_Flood/non_flood/3060579_image2_1.jpg,non_flood/3060579_image2_1.jpg,non_flood,3,3060579_image2_1.jpg,d3539a8820e19c496328d7b1b2001e4e,
/content/flood_dataset_v4/Dataset_Flood/non_flood/images - 2025-01-28T164453.238.jpg,non_flood/images - 2025-01-28T164453.238.jpg,non_flood,3,images - 2025-01-28T164453.238.jpg,14323f647c9942fcebc2123c7ecc4934,
/content/flood_dataset_v4/Dataset_Flood/non_flood/화면 캡처 2025-03-05 151842.jpg,non_flood/화면 캡처 2025-03-05 151842.jpg,non_flood,3,화면 캡처 2025-03-05 151842.jpg,1789361403158de754d1f12eab0f56c2,
/content/flood_dataset_v4/Dataset_Flood/non_flood/images (52).jpg,non_flood/images (52).jpg,non_flood,3,images (52).jpg,bd8d792df30cebab025517b8e0b07a0f,
/content/flood_dataset_v4/Dataset_Flood/non_flood/화면 캡처 2025-03-05 172215.jpg,non_flood/화면 캡처 2025-03-05 172215.jpg,non_flood,3,화면 캡처 2025-03-05 172215.jpg,e46ae217b9b737c8e9ef95aabbf47df3,
/content/flood_dataset_v4/Dataset_Flood/non_flood/flood_9078.png,non_flood/flood_9078.png,non_flood,3,flood_9078.png,000e360ca6c8b10ca93436de903a760d,
/content/flood_dataset_v4/Dataset_Flood/non_flood/images (34).jpg,non_flood/images (34).jpg,non_flood,3,images (34).jpg,531d4cc77ce7d4e0b699356a40256f21,
/content/flood_dataset_v4/Dataset_Flood/non_flood/442136_460425_0108.jpg,non_flood/442136_460425_0108.jpg,non_flood,3,442136_460425_0108.jpg,94933816407fb66b38f1a3e108a04a8e,
/content/flood_dataset_v4/Dataset_Flood/non_flood/화면 캡처 2025-03-05 151943.jpg,non_flood/화면 캡처 2025-03-05 151943.jpg,non_flood,3,화면 캡처 2025-03-05 151943.jpg,cc30d95c72eb9360b2354fce04900ff1,
/content/flood_dataset_v4/Dataset_Flood/non_flood/20200521151920959_oen.jpg,non_flood/20200521151920959_oen.jpg,non_flood,3,20200521151920959_oen.jpg,17fb7039e288edce974cbe24139dca9d,
/content/flood_dataset_v4/Dataset_Flood/non_flood/restmb_allidxmake.jpg,non_flood/restmb_allidxmake.jpg,non_flood,3,restmb_allidxmake.jpg,ab7d8dbddd379acb7918bd9a49803b55,
/content/flood_dataset_v4/Dataset_Flood/non_flood/images (26).jpg,non_flood/images (26).jpg,non_flood,3,images (26).jpg,420cf6a48d510d2a7deb0dae68e0fdca,
/content/flood_dataset_v4/Dataset_Flood/non_flood/화면 캡처 2025-03-05 153429.jpg,non_flood/화면 캡처 2025-03-05 153429.jpg,non_flood,3,화면 캡처 2025-03-05 153429.jpg,41a6f8fb7ebc8f4234b8093ae3c36c05,
/content/flood_dataset_v4/Dataset_Flood/non_flood/다운로드 (28).jpg,non_flood/다운로드 (28).jpg,non_flood,3,다운로드 (28).jpg,19bd808eeb55ed64e761982a6144bdad,
/content/flood_dataset_v4/Dataset_Flood/non_flood/images (56).jpg,non_flood/images (56).jpg,non_flood,3,images (56).jpg,3116e5bbf19af8b06d7ce5ae59cdd376,
/content/flood_dataset_v4/Dataset_Flood/non_flood/화면 캡처 2025-03-05 182805.jpg,non_flood/화면 캡처 2025-03-05 182805.jpg,non_flood,3,화면 캡처 2025-03-05 182805.jpg,1ab2f20dcae11d34b6b9e25e71086a49,
/content/flood_dataset_v4/Dataset_Flood/non_flood/화면 캡처 2025-03-05 173752.jpg,non_flood/화면 캡처 2025-03-05 173752.jpg,non_flood,3,화면 캡처 2025-03-05 173752.jpg,8711bd04d13bb2c34b5d1df39afa5c1b,
/content/flood_dataset_v4/Dataset_Flood/non_flood/다운로드 (4).jpg,non_flood/다운로드 (4).jpg,non_flood,3,다운로드 (4).jpg,e3423d2689de203964d7f65d1e80eb70,
/content/flood_dataset_v4/Dataset_Flood/non_flood/화면 캡처 2025-03-05 175024.jpg,non_flood/화면 캡처 2025-03-05 175024.jpg,non_flood,3,화면 캡처 2025-03-05 175024.jpg,b20008198d03a49c49d5dc1ce3b2336e,
/content/flood_dataset_v4/Dataset_Flood/non_flood/images (16).jpg,non_flood/images (16).jpg,non_flood,3,images (16).jpg,f6746c82da456b7043c5480ae910091c,
/content/flood_dataset_v4/Dataset_Flood/non_flood/images (1).jpg,non_flood/images (1).jpg,non_flood,3,images (1).jpg,38b5319e2e29e369e173f9d1c30ea896,
/content/flood_dataset_v4/Dataset_Flood/non_flood/화면 캡처 2025-03-05 180214.jpg,non_flood/화면 캡처 2025-03-05 180214.jpg,non_flood,3,화면 캡처 2025-03-05 180214.jpg,daf00daa297b0ceb9fbca67e2e944712,
/content/flood_dataset_v4/Dataset_Flood/non_flood/화면 캡처 2025-03-05 153835.jpg,non_flood/화면 캡처 2025-03-05 153835.jpg,non_flood,3,화면 캡처 2025-03-05 153835.jpg,563396523c5e3d9e5248f3605614a621,
/content/flood_dataset_v4/Dataset_Flood/non_flood/다운로드 (44) 3.jpg,non_flood/다운로드 (44) 3.jpg,non_flood,3,다운로드 (44) 3.jpg,9ebb1af11c3ec0a8764e906e9868816a,
/content/flood_dataset_v4/Dataset_Flood/non_flood/다운로드 (6).jpg,non_flood/다운로드 (6).jpg,non_flood,3,다운로드 (6).jpg,2673627c0ba86e8539886ec1c761764b,
/content/flood_dataset_v4/Dataset_Flood/non_flood/화면 캡처 2025-03-05 183110.jpg,non_flood/화면 캡처 2025-03-05 183110.jpg,non_flood,3,화면 캡처 2025-03-05 183110.jpg,0f96b16efdb2420444911af9ee850e5d,
/content/flood_dataset_v4/Dataset_Flood/non_flood/다운로드 (63) 3.jpg,non_flood/다운로드 (63) 3.jpg,non_flood,3,다운로드 (63) 3.jpg,4fdf9adbe8786837d0e838e55b5c53e9,
/content/flood_dataset_v4/Dataset_Flood/non_flood/화면 캡처 2025-03-05 172439.jpg,non_flood/화면 캡처 2025-03-05 172439.jpg,non_flood,3,화면 캡처 2025-03-05 172439.jpg,597c84fd204dcc76213b725a9f00d37f,
/content/flood_dataset_v4/Dataset_Flood/non_flood/images (53).jpg,non_flood/images (53).jpg,non_flood,3,images (53).jpg,bfb692adc04553d2ac4b31f963976036,
/content/flood_dataset_v4/Dataset_Flood/non_flood/images (20).jpg,non_flood/images (20).jpg,non_flood,3,images (20).jpg,78a66a6bf432c5717d86daba0a695c7a,
/content/flood_dataset_v4/Dataset_Flood/non_flood/다운로드 (17).jpg,non_flood/다운로드 (17).jpg,non_flood,3,다운로드 (17).jpg,9a35dfdd7519eabc7d6d33bdbb1108c4,
/content/flood_dataset_v4/Dataset_Flood/non_flood/images (44).jpg,non_flood/images (44).jpg,non_flood,3,images (44).jpg,2e76fb28aaad2a7a2b9c763b19612896,
/content/flood_dataset_v4/Dataset_Flood/non_flood/화면 캡처 2025-03-05 172001.jpg,non_flood/화면 캡처 2025-03-05 172001.jpg,non_flood,3,화면 캡처 2025-03-05 172001.jpg,2601926edb5fc313c9c88ef2055e8685,
/content/flood_dataset_v4/Dataset_Flood/non_flood/화면 캡처 2025-03-05 181132.jpg,non_flood/화면 캡처 2025-03-05 181132.jpg,non_flood,3,화면 캡처 2025-03-05 181132.jpg,f34d0a57df18891c35d3b60e97c1705a,
/content/flood_dataset_v4/Dataset_Flood/non_flood/화면 캡처 2025-03-05 181348.jpg,non_flood/화면 캡처 2025-03-05 181348.jpg,non_flood,3,화면 캡처 2025-03-05 181348.jpg,9e92aaced4192e4e85d7bda009019c8b,
/content/flood_dataset_v4/Dataset_Flood/non_flood/화면 캡처 2025-03-05 153232.jpg,non_flood/화면 캡처 2025-03-05 153232.jpg,non_flood,3,화면 캡처 2025-03-05 153232.jpg,5df038f205f259abe427a494ef2541cf,
/content/flood_dataset_v4/Dataset_Flood/non_flood/1789568749142_282700609501588260_7406490438318140161_60a903bb0a101ea37e1d753b9dee89d7.jpg,non_flood/1789568749142_282700609501588260_7406490438318140161_60a903bb0a101ea37e1d753b9dee89d7.jpg,non_flood,3,1789568749142_282700609501588260_7406490438318140161_60a903bb0a101ea37e1d753b9dee89d7.jpg,5923b50024ade6fb06d2dbf82e7d1702,
/content/flood_dataset_v4/Dataset_Flood/non_flood/1789568749518_282700609501588260_7406490438318140161_457e5b27ff82f5cc09a9054090d4d3c2.jpg,non_flood/1789568749518_282700609501588260_7406490438318140161_457e5b27ff82f5cc09a9054090d4d3c2.jpg,non_flood,3,1789568749518_282700609501588260_7406490438318140161_457e5b27ff82f5cc09a9054090d4d3c2.jpg,574bbf0dedc2d10037ea3be9a78ee717,
/content/flood_dataset_v4/Dataset_Flood/non_flood/화면 캡처 2025-03-05 174026.jpg,non_flood/화면 캡처 2025-03-05 174026.jpg,non_flood,3,화면 캡처 2025-03-05 174026.jpg,ee93c03082fe39346e702086b1ebf7bf,
/content/flood_dataset_v4/Dataset_Flood/non_flood/1789568754305_282700609501588260_7406490438318140161_d8a8d242988605b04d1ce450fe6b34f8.jpg,non_flood/1789568754305_282700609501588260_7406490438318140161_d8a8d242988605b04d1ce450fe6b34f8.jpg,non_flood,3,1789568754305_282700609501588260_7406490438318140161_d8a8d242988605b04d1ce450fe6b34f8.jpg,b80cc993e6f1bd7c89e7f52058bc4c7e,
/content/flood_dataset_v4/Dataset_Flood/non_flood/다운로드 (25) 3.jpg,non_flood/다운로드 (25) 3.jpg,non_flood,3,다운로드 (25) 3.jpg,670b260950fa212e40809a220a41c608,
/content/flood_dataset_v4/Dataset_Flood/non_flood/다운로드 (18).jpg,non_flood/다운로드 (18).jpg,non_flood,3,다운로드 (18).jpg,6cf83dd2e25e43f7a02a1b1abbe1f0ec,
/content/flood_dataset_v4/Dataset_Flood/non_flood/화면 캡처 2025-03-05 174423.jpg,non_flood/화면 캡처 2025-03-05 174423.jpg,non_flood,3,화면 캡처 2025-03-05 174423.jpg,65db3cb7cd08ccdd8824ffa085e1f3a7,
/content/flood_dataset_v4/Dataset_Flood/non_flood/pngtree-quaint-little-alleyway-in-japan-picture-image_2507159.jpg,non_flood/pngtree-quaint-little-alleyway-in-japan-picture-image_2507159.jpg,non_flood,3,pngtree-quaint-little-alleyway-in-japan-picture-image_2507159.jpg,78e0e69ef916712bc17b88e3a0bda248,
/content/flood_dataset_v4/Dataset_Flood/non_flood/화면 캡처 2025-03-05 153459.jpg,non_flood/화면 캡처 2025-03-05 153459.jpg,non_flood,3,화면 캡처 2025-03-05 153459.jpg,91528460400bbf74fdbaccf76a03d17a,
/content/flood_dataset_v4/Dataset_Flood/non_flood/svcKHNYsxdUofszkcGPLASHtXKWLHVrs.jpg,non_flood/svcKHNYsxdUofszkcGPLASHtXKWLHVrs.jpg,non_flood,3,svcKHNYsxdUofszkcGPLASHtXKWLHVrs.jpg,dc9023c420983f678b537a3261d869df,
/content/flood_dataset_v4/Dataset_Flood/non_flood/화면 캡처 2025-03-05 181150.jpg,non_flood/화면 캡처 2025-03-05 181150.jpg,non_flood,3,화면 캡처 2025-03-05 181150.jpg,7cb7b22cc921e724b958f9459e53ffbc,
/content/flood_dataset_v4/Dataset_Flood/non_flood/다운로드 (35) 3.jpg,non_flood/다운로드 (35) 3.jpg,non_flood,3,다운로드 (35) 3.jpg,0212e3ae039de8ff35ca91f6558f0a79,
/content/flood_dataset_v4/Dataset_Flood/non_flood/화면 캡처 2025-03-05 174046.jpg,non_flood/화면 캡처 2025-03-05 174046.jpg,non_flood,3,화면 캡처 2025-03-05 174046.jpg,344a6719b4c513aec096992b816bf755,
/content/flood_dataset_v4/Dataset_Flood/non_flood/1789568748982_282700609501588260_7406490438318140161_b665a05059650350698d36d289e6ddf0.jpg,non_flood/1789568748982_282700609501588260_7406490438318140161_b665a05059650350698d36d289e6ddf0.jpg,non_flood,3,1789568748982_282700609501588260_7406490438318140161_b665a05059650350698d36d289e6ddf0.jpg,7cac21fd34ae8d05a5aa4b363fa7c2db,
/content/flood_dataset_v4/Dataset_Flood/non_flood/다운로드 (42).jpg,non_flood/다운로드 (42).jpg,non_flood,3,다운로드 (42).jpg,e03675f8afda575edace7c881e7a4fda,
/content/flood_dataset_v4/Dataset_Flood/non_flood/AKR20211228058800052_01_i_P4.jpg,non_flood/AKR20211228058800052_01_i_P4.jpg,non_flood,3,AKR20211228058800052_01_i_P4.jpg,75ba25079564d562aeb551be20a97c0f,
/content/flood_dataset_v4/Dataset_Flood/non_flood/다운로드 (14).jpg,non_flood/다운로드 (14).jpg,non_flood,3,다운로드 (14).jpg,58f1f9a3f23419483b4cb7893dd2532d,
/content/flood_dataset_v4/Dataset_Flood/non_flood/images (1)1.jpg,non_flood/images (1)1.jpg,non_flood,3,images (1)1.jpg,5d00882fe5b2dcae5ec4cc260ecbb61d,
/content/flood_dataset_v4/Dataset_Flood/non_flood/화면 캡처 2025-03-05 175914.jpg,non_flood/화면 캡처 2025-03-05 175914.jpg,non_flood,3,화면 캡처 2025-03-05 175914.jpg,53a33f342f247de6e140569a9f603be0,
/content/flood_dataset_v4/Dataset_Flood/non_flood/1789568749439_282700609501588260_7406490438318140161_cac7ef4d6166a23636e500a5780cf040.jpg,non_flood/1789568749439_282700609501588260_7406490438318140161_cac7ef4d6166a23636e500a5780cf040.jpg,non_flood,3,1789568749439_282700609501588260_7406490438318140161_cac7ef4d6166a23636e500a5780cf040.jpg,a72afaa18c3e72649cc49b8c84f57181,
/content/flood_dataset_v4/Dataset_Flood/non_flood/noise_mua (2).jpg,non_flood/noise_mua (2).jpg,non_flood,3,noise_mua (2).jpg,b7300867c4380e0975b130274d2df759,
/content/flood_dataset_v4/Dataset_Flood/non_flood/화면 캡처 2025-03-05 152437.jpg,non_flood/화면 캡처 2025-03-05 152437.jpg,non_flood,3,화면 캡처 2025-03-05 152437.jpg,a633791d4c7dd35d03c2b25cf28f5802,
/content/flood_dataset_v4/Dataset_Flood/non_flood/화면 캡처 2025-03-05 164421.jpg,non_flood/화면 캡처 2025-03-05 164421.jpg,non_flood,3,화면 캡처 2025-03-05 164421.jpg,cd61dcd7b1604f2b03d3bc26efbc93ff,
/content/flood_dataset_v4/Dataset_Flood/non_flood/화면 캡처 2025-03-05 153259.jpg,non_flood/화면 캡처 2025-03-05 153259.jpg,non_flood,3,화면 캡처 2025-03-05 153259.jpg,b5a720a1995fef1e4e4f866e3ec37484,
/content/flood_dataset_v4/Dataset_Flood/non_flood/images (48).jpg,non_flood/images (48).jpg,non_flood,3,images (48).jpg,d1281f4d496dcf9d45ce4525b816fde8,
/content/flood_dataset_v4/Dataset_Flood/non_flood/화면 캡처 2025-03-05 174514.jpg,non_flood/화면 캡처 2025-03-05 174514.jpg,non_flood,3,화면 캡처 2025-03-05 174514.jpg,46abfa3bda306ddd2d45e889ac00d5d0,
/content/flood_dataset_v4/Dataset_Flood/non_flood/flood_8873.png,non_flood/flood_8873.png,non_flood,3,flood_8873.png,8e46091a2f5826bb5beaa625f0319ee1,
/content/flood_dataset_v4/Dataset_Flood/non_flood/1789568749196_282700609501588260_7406490438318140161_1c6009c2a77bfa996d8a4d22d9c3fd58.jpg,non_flood/1789568749196_282700609501588260_7406490438318140161_1c6009c2a77bfa996d8a4d22d9c3fd58.jpg,non_flood,3,1789568749196_282700609501588260_7406490438318140161_1c6009c2a77bfa996d8a4d22d9c3fd58.jpg,72f610855613b4b5efc70fed2401f806,
/content/flood_dataset_v4/Dataset_Flood/non_flood/images (39).jpg,non_flood/images (39).jpg,non_flood,3,images (39).jpg,73934abc2caaf06dbb222c462e1adc11,
/content/flood_dataset_v4/Dataset_Flood/non_flood/다운로드 (15).jpg,non_flood/다운로드 (15).jpg,non_flood,3,다운로드 (15).jpg,78d9f11099a7f6b798d7e2aa5809a0c5,
/content/flood_dataset_v4/Dataset_Flood/non_flood/images (27)1.jpg,non_flood/images (27)1.jpg,non_flood,3,images (27)1.jpg,aa3206250ec5058389d5b4a2a22483d5,
/content/flood_dataset_v4/Dataset_Flood/non_flood/다운로드 (43).jpg,non_flood/다운로드 (43).jpg,non_flood,3,다운로드 (43).jpg,7c5088d19df314254da12643145b38e8,
/content/flood_dataset_v4/Dataset_Flood/non_flood/화면 캡처 2025-03-05 181236.jpg,non_flood/화면 캡처 2025-03-05 181236.jpg,non_flood,3,화면 캡처 2025-03-05 181236.jpg,50503dc4a1e5b962b1f19b6759870c11,
/content/flood_dataset_v4/Dataset_Flood/non_flood/img (1).jpg,non_flood/img (1).jpg,non_flood,3,img (1).jpg,2216b5c8b47db23d1a12a10dc276ab0a,
/content/flood_dataset_v4/Dataset_Flood/non_flood/202309111114430145_l.jpg,non_flood/202309111114430145_l.jpg,non_flood,3,202309111114430145_l.jpg,e908fcd0f05003ca79d58d2d8cd35097,
/content/flood_dataset_v4/Dataset_Flood/non_flood/1789568749426_282700609501588260_7406490438318140161_e0636f76a853b687346593e18356c6ba.jpg,non_flood/1789568749426_282700609501588260_7406490438318140161_e0636f76a853b687346593e18356c6ba.jpg,non_flood,3,1789568749426_282700609501588260_7406490438318140161_e0636f76a853b687346593e18356c6ba.jpg,55a13cef847ec3651d3586265254697e,
/content/flood_dataset_v4/Dataset_Flood/non_flood/flood_9268.png,non_flood/flood_9268.png,non_flood,3,flood_9268.png,e51e8f1de6dc3de98539efc2a7403e22,
/content/flood_dataset_v4/Dataset_Flood/non_flood/images (60).jpg,non_flood/images (60).jpg,non_flood,3,images (60).jpg,b1edcc26818eeaa85552e91fe4179eb5,
/content/flood_dataset_v4/Dataset_Flood/non_flood/32382_91800_4727.jpg,non_flood/32382_91800_4727.jpg,non_flood,3,32382_91800_4727.jpg,e2753a53e6481c19ad06f535f098eed3,
/content/flood_dataset_v4/Dataset_Flood/non_flood/images.jpg,non_flood/images.jpg,non_flood,3,images.jpg,a0206fd95a62061858cc1f5481bc4f85,
/content/flood_dataset_v4/Dataset_Flood/non_flood/다운로드 (33).jpg,non_flood/다운로드 (33).jpg,non_flood,3,다운로드 (33).jpg,6efe284afec5c90eea1df5a9088b2166,
/content/flood_dataset_v4/Dataset_Flood/non_flood/화면 캡처 2025-03-05 180321.jpg,non_flood/화면 캡처 2025-03-05 180321.jpg,non_flood,3,화면 캡처 2025-03-05 180321.jpg,fbe761b36c5333a2c643324211c178fb,
/content/flood_dataset_v4/Dataset_Flood/non_flood/다운로드 (49).jpg,non_flood/다운로드 (49).jpg,non_flood,3,다운로드 (49).jpg,7f55606b5b96165adf01d949cb9bd45f,
/content/flood_dataset_v4/Dataset_Flood/non_flood/다운로드 (58) 3.jpg,non_flood/다운로드 (58) 3.jpg,non_flood,3,다운로드 (58) 3.jpg,a36a9b5235c91beaa8fa6f3c3facce92,
/content/flood_dataset_v4/Dataset_Flood/non_flood/images (23).jpg,non_flood/images (23).jpg,non_flood,3,images (23).jpg,138500007ff4aca86285cddac6916217,
/content/flood_dataset_v4/Dataset_Flood/non_flood/화면 캡처 2025-03-05 175015.jpg,non_flood/화면 캡처 2025-03-05 175015.jpg,non_flood,3,화면 캡처 2025-03-05 175015.jpg,1c5871814f3c0c4c7eb34c42b0caa8cf,
/content/flood_dataset_v4/Dataset_Flood/non_flood/다운로드 (16).jpg,non_flood/다운로드 (16).jpg,non_flood,3,다운로드 (16).jpg,43561f662966192c47aca4ac6640c6ca,
/content/flood_dataset_v4/Dataset_Flood/non_flood/6.jpg,non_flood/6.jpg,non_flood,3,6.jpg,5314374e550cade6ca8b486c4a34678c,
/content/flood_dataset_v4/Dataset_Flood/non_flood/화면 캡처 2025-03-05 180300.jpg,non_flood/화면 캡처 2025-03-05 180300.jpg,non_flood,3,화면 캡처 2025-03-05 180300.jpg,b265b44820e30e10616e6bc7dd980db1,
/content/flood_dataset_v4/Dataset_Flood/non_flood/화면 캡처 2025-03-05 152259.jpg,non_flood/화면 캡처 2025-03-05 152259.jpg,non_flood,3,화면 캡처 2025-03-05 152259.jpg,afeceffb727fc5ab983321506572d4e8,
/content/flood_dataset_v4/Dataset_Flood/non_flood/화면 캡처 2025-03-05 183124.jpg,non_flood/화면 캡처 2025-03-05 183124.jpg,non_flood,3,화면 캡처 2025-03-05 183124.jpg,92f27003d851ed6672e51402809bd175,
/content/flood_dataset_v4/Dataset_Flood/non_flood/화면 캡처 2025-03-05 153324.jpg,non_flood/화면 캡처 2025-03-05 153324.jpg,non_flood,3,화면 캡처 2025-03-05 153324.jpg,c41605addb4445563476441b064f8fbc,
/content/flood_dataset_v4/Dataset_Flood/non_flood/화면 캡처 2025-03-05 175003.jpg,non_flood/화면 캡처 2025-03-05 175003.jpg,non_flood,3,화면 캡처 2025-03-05 175003.jpg,41f13495c83e81a7049152f9fd6c8cd2,
/content/flood_dataset_v4/Dataset_Flood/non_flood/화면 캡처 2025-03-05 175902.jpg,non_flood/화면 캡처 2025-03-05 175902.jpg,non_flood,3,화면 캡처 2025-03-05 175902.jpg,28235f5d075aa942b261ffe3da57c50d,
/content/flood_dataset_v4/Dataset_Flood/non_flood/다운로드 (65) 3.jpg,non_flood/다운로드 (65) 3.jpg,non_flood,3,다운로드 (65) 3.jpg,21311be5d746290dde1c0996930f26c3,
/content/flood_dataset_v4/Dataset_Flood/non_flood/다운로드 (57) 3.jpg,non_flood/다운로드 (57) 3.jpg,non_flood,3,다운로드 (57) 3.jpg,46e4eebd69017a20e4b4310d7aa51b12,
/content/flood_dataset_v4/Dataset_Flood/non_flood/화면 캡처 2025-03-05 181429.jpg,non_flood/화면 캡처 2025-03-05 181429.jpg,non_flood,3,화면 캡처 2025-03-05 181429.jpg,7d637e69c140a061ac8cbfbf2274d01d,
/content/flood_dataset_v4/Dataset_Flood/non_flood/다운로드 (27) 3.jpg,non_flood/다운로드 (27) 3.jpg,non_flood,3,다운로드 (27) 3.jpg,1a0dc55cebf34bc173b0cbc68a499d5a,
/content/flood_dataset_v4/Dataset_Flood/non_flood/1789568749260_282700609501588260_7406490438318140161_24bd52f144d117011111331d67754e5b.jpg,non_flood/1789568749260_282700609501588260_7406490438318140161_24bd52f144d117011111331d67754e5b.jpg,non_flood,3,1789568749260_282700609501588260_7406490438318140161_24bd52f144d117011111331d67754e5b.jpg,eb87af59d279e6ca375b8a9e66f488b0,
/content/flood_dataset_v4/Dataset_Flood/non_flood/화면 캡처 2025-03-05 161503.jpg,non_flood/화면 캡처 2025-03-05 161503.jpg,non_flood,3,화면 캡처 2025-03-05 161503.jpg,51ece91d5f92397b784760837f6d3353,
/content/flood_dataset_v4/Dataset_Flood/non_flood/images (14).jpg,non_flood/images (14).jpg,non_flood,3,images (14).jpg,e02b42fa32ba354acff8f13f414aeb04,
/content/flood_dataset_v4/Dataset_Flood/non_flood/images (28)1.jpg,non_flood/images (28)1.jpg,non_flood,3,images (28)1.jpg,7cc368061baebab72de54ef2af23303e,
/content/flood_dataset_v4/Dataset_Flood/non_flood/화면 캡처 2025-03-05 181226.jpg,non_flood/화면 캡처 2025-03-05 181226.jpg,non_flood,3,화면 캡처 2025-03-05 181226.jpg,0fe40d9f07c2e89bc45c5bbcf7994b9a,
/content/flood_dataset_v4/Dataset_Flood/non_flood/images (65).jpg,non_flood/images (65).jpg,non_flood,3,images (65).jpg,235bfe7c28e746328bf9b15877c2d0d2,
/content/flood_dataset_v4/Dataset_Flood/non_flood/images - 2025-01-28T164753.512.jpg,non_flood/images - 2025-01-28T164753.512.jpg,non_flood,3,images - 2025-01-28T164753.512.jpg,8c76c577eaccf203b3eaadfde7a2f1f5,
/content/flood_dataset_v4/Dataset_Flood/non_flood/images (68).jpg,non_flood/images (68).jpg,non_flood,3,images (68).jpg,344653bde06e57ec56ca9fe144c1621e,
/content/flood_dataset_v4/Dataset_Flood/non_flood/화면 캡처 2025-03-05 153618.jpg,non_flood/화면 캡처 2025-03-05 153618.jpg,non_flood,3,화면 캡처 2025-03-05 153618.jpg,16499b0cf20917abf1a8fe3fc65b808e,
/content/flood_dataset_v4/Dataset_Flood/non_flood/1789568749222_282700609501588260_7406490438318140161_252d56e682395c7bebf8921689643574.jpg,non_flood/1789568749222_282700609501588260_7406490438318140161_252d56e682395c7bebf8921689643574.jpg,non_flood,3,1789568749222_282700609501588260_7406490438318140161_252d56e682395c7bebf8921689643574.jpg,f19ff36be168677ab18a8f39dbd66f25,
/content/flood_dataset_v4/Dataset_Flood/non_flood/images (28).jpg,non_flood/images (28).jpg,non_flood,3,images (28).jpg,b64e559d64ae0e08bb20c190975ede46,
/content/flood_dataset_v4/Dataset_Flood/non_flood/다운로드 (26) 3.jpg,non_flood/다운로드 (26) 3.jpg,non_flood,3,다운로드 (26) 3.jpg,c53f084af7e02454fd38e2655aea2bed,
/content/flood_dataset_v4/Dataset_Flood/non_flood/화면 캡처 2025-03-05 172612.jpg,non_flood/화면 캡처 2025-03-05 172612.jpg,non_flood,3,화면 캡처 2025-03-05 172612.jpg,8a5f1772b40b3e0645144c11f67ff0b7,
/content/flood_dataset_v4/Dataset_Flood/non_flood/images (3)1.jpg,non_flood/images (3)1.jpg,non_flood,3,images (3)1.jpg,3b90fd59ee18e81df1ba749057dad38c,
/content/flood_dataset_v4/Dataset_Flood/non_flood/화면 캡처 2025-03-05 153800.jpg,non_flood/화면 캡처 2025-03-05 153800.jpg,non_flood,3,화면 캡처 2025-03-05 153800.jpg,f668103c394737e5d63e602a0acb0aec,
/content/flood_dataset_v4/Dataset_Flood/non_flood/화면 캡처 2025-03-05 173839.jpg,non_flood/화면 캡처 2025-03-05 173839.jpg,non_flood,3,화면 캡처 2025-03-05 173839.jpg,aacf211162af96162f69ae6a2aa86510,
/content/flood_dataset_v4/Dataset_Flood/non_flood/다운로드 (35).jpg,non_flood/다운로드 (35).jpg,non_flood,3,다운로드 (35).jpg,b58d7ecc0f92f0d55435106d8a18235c,
/content/flood_dataset_v4/Dataset_Flood/non_flood/화면 캡처 2025-03-05 152504.jpg,non_flood/화면 캡처 2025-03-05 152504.jpg,non_flood,3,화면 캡처 2025-03-05 152504.jpg,becc468d85e8cdfa4f94a75c29270d71,
/content/flood_dataset_v4/Dataset_Flood/non_flood/City-Backdrop-Vibrant-Pink-Cherry-Trees-Blossom-Along-a-Charming_2461205_wh860.png,non_flood/City-Backdrop-Vibrant-Pink-Cherry-Trees-Blossom-Along-a-Charming_2461205_wh860.png,non_flood,3,City-Backdrop-Vibrant-Pink-Cherry-Trees-Blossom-Along-a-Charming_2461205_wh860.png,52108838728e0440decb9740ab4660a5,
/content/flood_dataset_v4/Dataset_Flood/non_flood/다운로드 (28) 3.jpg,non_flood/다운로드 (28) 3.jpg,non_flood,3,다운로드 (28) 3.jpg,dec7204f7653de86410fe9109d69a84b,
/content/flood_dataset_v4/Dataset_Flood/non_flood/images (7)1.jpg,non_flood/images (7)1.jpg,non_flood,3,images (7)1.jpg,3b8a8b0001fce53129b1d2c8579f4763,
/content/flood_dataset_v4/Dataset_Flood/non_flood/1789568749401_282700609501588260_7406490438318140161_809558c7d8fed1dd6848f8a62d9a4ed5.jpg,non_flood/1789568749401_282700609501588260_7406490438318140161_809558c7d8fed1dd6848f8a62d9a4ed5.jpg,non_flood,3,1789568749401_282700609501588260_7406490438318140161_809558c7d8fed1dd6848f8a62d9a4ed5.jpg,60fd0c56742295bae48c47b914c8979c,
/content/flood_dataset_v4/Dataset_Flood/non_flood/1000_F_456742052_YudLlJwZCJdCGsCjS95JW1leO2jQrZcp.jpg,non_flood/1000_F_456742052_YudLlJwZCJdCGsCjS95JW1leO2jQrZcp.jpg,non_flood,3,1000_F_456742052_YudLlJwZCJdCGsCjS95JW1leO2jQrZcp.jpg,cefb422e3c41b2abee3178a78a41fa23,
/content/flood_dataset_v4/Dataset_Flood/non_flood/images (15)1.jpg,non_flood/images (15)1.jpg,non_flood,3,images (15)1.jpg,fdcb01933462e10ae3831a935bc48651,
/content/flood_dataset_v4/Dataset_Flood/non_flood/화면 캡처 2025-03-05 182928.jpg,non_flood/화면 캡처 2025-03-05 182928.jpg,non_flood,3,화면 캡처 2025-03-05 182928.jpg,e8525f5ec7cf4a5f9daa8fffe5a2e181,
/content/flood_dataset_v4/Dataset_Flood/non_flood/busan_market.jpg,non_flood/busan_market.jpg,non_flood,3,busan_market.jpg,f5967187f9098f7beebe5b993ad6672f,
/content/flood_dataset_v4/Dataset_Flood/non_flood/다운로드 (29).jpg,non_flood/다운로드 (29).jpg,non_flood,3,다운로드 (29).jpg,4cfe00d5876c706022df83559f1effaf,
/content/flood_dataset_v4/Dataset_Flood/non_flood/다운로드 (38) 3.jpg,non_flood/다운로드 (38) 3.jpg,non_flood,3,다운로드 (38) 3.jpg,784b31639dda06a480e92a492cb8b7ba,
/content/flood_dataset_v4/Dataset_Flood/non_flood/다운로드 (31) 3.jpg,non_flood/다운로드 (31) 3.jpg,non_flood,3,다운로드 (31) 3.jpg,854a6a1ab7ef53f83d547b1e2d0976fd,
/content/flood_dataset_v4/Dataset_Flood/non_flood/다운로드 (39) 3.jpg,non_flood/다운로드 (39) 3.jpg,non_flood,3,다운로드 (39) 3.jpg,1888bb720b7b825af97e036b0edd2d49,
/content/flood_dataset_v4/Dataset_Flood/non_flood/다운로드 (14) 3.jpg,non_flood/다운로드 (14) 3.jpg,non_flood,3,다운로드 (14) 3.jpg,278d7574a2f1aa2869fcd4fe30c775a2,
/content/flood_dataset_v4/Dataset_Flood/non_flood/images (21)1.jpg,non_flood/images (21)1.jpg,non_flood,3,images (21)1.jpg,b4ff551813754312b346d621aae4023e,
/content/flood_dataset_v4/Dataset_Flood/non_flood/화면 캡처 2025-03-05 174451.jpg,non_flood/화면 캡처 2025-03-05 174451.jpg,non_flood,3,화면 캡처 2025-03-05 174451.jpg,fbeeca112d0f49043807f4115a4db9b0,
/content/flood_dataset_v4/Dataset_Flood/non_flood/화면 캡처 2025-03-05 152345.jpg,non_flood/화면 캡처 2025-03-05 152345.jpg,non_flood,3,화면 캡처 2025-03-05 152345.jpg,787c923a71304d1819e2d56153aa6974,
/content/flood_dataset_v4/Dataset_Flood/non_flood/20200212_134749.jpg,non_flood/20200212_134749.jpg,non_flood,3,20200212_134749.jpg,aa675dc0c8f0c99640c826e644dbdf5f,
/content/flood_dataset_v4/Dataset_Flood/non_flood/images - 2025-01-28T185039.760.jpg,non_flood/images - 2025-01-28T185039.760.jpg,non_flood,3,images - 2025-01-28T185039.760.jpg,6a5f10f23ae4201a8c9770720f6bad8c,
/content/flood_dataset_v4/Dataset_Flood/non_flood/화면 캡처 2025-03-05 164447.jpg,non_flood/화면 캡처 2025-03-05 164447.jpg,non_flood,3,화면 캡처 2025-03-05 164447.jpg,4d9719e30a1edd8a3fd7471e2fc4b2c3,
/content/flood_dataset_v4/Dataset_Flood/non_flood/화면 캡처 2025-03-05 172557.jpg,non_flood/화면 캡처 2025-03-05 172557.jpg,non_flood,3,화면 캡처 2025-03-05 172557.jpg,a7327f0c5e6a62779248033e89b9ff41,
/content/flood_dataset_v4/Dataset_Flood/non_flood/화면 캡처 2025-03-05 174619.jpg,non_flood/화면 캡처 2025-03-05 174619.jpg,non_flood,3,화면 캡처 2025-03-05 174619.jpg,179cfaaefbe4aeae090fa4510692e0b9,
/content/flood_dataset_v4/Dataset_Flood/non_flood/images (51).jpg,non_flood/images (51).jpg,non_flood,3,images (51).jpg,642968a35dffd5daa36fb5926c932446,
/content/flood_dataset_v4/Dataset_Flood/non_flood/다운로드 (8).jpg,non_flood/다운로드 (8).jpg,non_flood,3,다운로드 (8).jpg,8096ba6799392ba1824acce5735e43e1,
/content/flood_dataset_v4/Dataset_Flood/non_flood/화면 캡처 2025-03-05 164210.jpg,non_flood/화면 캡처 2025-03-05 164210.jpg,non_flood,3,화면 캡처 2025-03-05 164210.jpg,c5b7500253e45364cdaae156d7dd0c9f,
/content/flood_dataset_v4/Dataset_Flood/non_flood/화면 캡처 2025-03-05 182937.jpg,non_flood/화면 캡처 2025-03-05 182937.jpg,non_flood,3,화면 캡처 2025-03-05 182937.jpg,faecca60ff1dfe8afa6b4ab2c19607cc,
/content/flood_dataset_v4/Dataset_Flood/non_flood/1789568748968_282700609501588260_7406490438318140161_e9934bee16064ed674b0aedb5a202a92.jpg,non_flood/1789568748968_282700609501588260_7406490438318140161_e9934bee16064ed674b0aedb5a202a92.jpg,non_flood,3,1789568748968_282700609501588260_7406490438318140161_e9934bee16064ed674b0aedb5a202a92.jpg,15c885984e55ac6a180dcfc432b47cb0,
/content/flood_dataset_v4/Dataset_Flood/non_flood/화면 캡처 2025-03-05 152921.jpg,non_flood/화면 캡처 2025-03-05 152921.jpg,non_flood,3,화면 캡처 2025-03-05 152921.jpg,4e03df30338379df8f7bc918527ea8ed,
/content/flood_dataset_v4/Dataset_Flood/non_flood/화면 캡처 2025-03-05 153313.jpg,non_flood/화면 캡처 2025-03-05 153313.jpg,non_flood,3,화면 캡처 2025-03-05 153313.jpg,2625617a0a8a6321a33b71dbccf236a1,
/content/flood_dataset_v4/Dataset_Flood/non_flood/화면 캡처 2025-03-05 153403.jpg,non_flood/화면 캡처 2025-03-05 153403.jpg,non_flood,3,화면 캡처 2025-03-05 153403.jpg,36b943d78f0f90ed8098cb8d4230c93a,
/content/flood_dataset_v4/Dataset_Flood/non_flood/1789568749235_282700609501588260_7406490438318140161_838714dbe181c2681e9bddf04e5e0892.jpg,non_flood/1789568749235_282700609501588260_7406490438318140161_838714dbe181c2681e9bddf04e5e0892.jpg,non_flood,3,1789568749235_282700609501588260_7406490438318140161_838714dbe181c2681e9bddf04e5e0892.jpg,42fe7fb79697bdc3c194a14ffe0317a8,
/content/flood_dataset_v4/Dataset_Flood/non_flood/화면 캡처 2025-03-05 172154.jpg,non_flood/화면 캡처 2025-03-05 172154.jpg,non_flood,3,화면 캡처 2025-03-05 172154.jpg,2803f9cbd0232c5a5749f3915ebd1153,
/content/flood_dataset_v4/Dataset_Flood/non_flood/다운로드 (42) 3.jpg,non_flood/다운로드 (42) 3.jpg,non_flood,3,다운로드 (42) 3.jpg,3b2cb5545f5694adc5aadc14526b0ba8,
/content/flood_dataset_v4/Dataset_Flood/non_flood/화면 캡처 2025-03-05 172249.jpg,non_flood/화면 캡처 2025-03-05 172249.jpg,non_flood,3,화면 캡처 2025-03-05 172249.jpg,8dd43906b7926322e84380fd8019184b,
/content/flood_dataset_v4/Dataset_Flood/non_flood/화면 캡처 2025-03-05 172100.jpg,non_flood/화면 캡처 2025-03-05 172100.jpg,non_flood,3,화면 캡처 2025-03-05 172100.jpg,7e4b5d3ac311e7fe155fc64efedb4ac9,
/content/flood_dataset_v4/Dataset_Flood/non_flood/화면 캡처 2025-03-05 174059.jpg,non_flood/화면 캡처 2025-03-05 174059.jpg,non_flood,3,화면 캡처 2025-03-05 174059.jpg,3e0eec270f9652ab616e3ff5a6440333,
/content/flood_dataset_v4/Dataset_Flood/non_flood/images (63).jpg,non_flood/images (63).jpg,non_flood,3,images (63).jpg,7679e4ea912ed37829fe5b42ecd449ec,
/content/flood_dataset_v4/Dataset_Flood/non_flood/images (6).jpg,non_flood/images (6).jpg,non_flood,3,images (6).jpg,cb3a7fdd78d601e89a9afca0db6002ee,
/content/flood_dataset_v4/Dataset_Flood/non_flood/화면 캡처 2025-03-05 152545.jpg,non_flood/화면 캡처 2025-03-05 152545.jpg,non_flood,3,화면 캡처 2025-03-05 152545.jpg,bc634b8c59ade0afcf9d2d8c4b0409ff,
/content/flood_dataset_v4/Dataset_Flood/non_flood/화면 캡처 2025-03-05 165942.jpg,non_flood/화면 캡처 2025-03-05 165942.jpg,non_flood,3,화면 캡처 2025-03-05 165942.jpg,fb0d42f44a637a699a4d3045eadc7137,
/content/flood_dataset_v4/Dataset_Flood/non_flood/images (24).jpg,non_flood/images (24).jpg,non_flood,3,images (24).jpg,8f6c6999d9d3468534550eac9c5db9ad,
/content/flood_dataset_v4/Dataset_Flood/non_flood/다운로드 (15) 3.jpg,non_flood/다운로드 (15) 3.jpg,non_flood,3,다운로드 (15) 3.jpg,492697e834cf22516ca8f64e5aedef37,
/content/flood_dataset_v4/Dataset_Flood/non_flood/화면 캡처 2025-03-05 160308.jpg,non_flood/화면 캡처 2025-03-05 160308.jpg,non_flood,3,화면 캡처 2025-03-05 160308.jpg,4db843eeca56bc398ac46b38049ce5a9,
/content/flood_dataset_v4/Dataset_Flood/non_flood/화면 캡처 2025-03-05 182746.jpg,non_flood/화면 캡처 2025-03-05 182746.jpg,non_flood,3,화면 캡처 2025-03-05 182746.jpg,58539eb3cf865c920e90a33544230ab9,
/content/flood_dataset_v4/Dataset_Flood/non_flood/images (50).jpg,non_flood/images (50).jpg,non_flood,3,images (50).jpg,a6bf531b28e402fb64f6ca28bdcfcc4d,
/content/flood_dataset_v4/Dataset_Flood/non_flood/images (47).jpg,non_flood/images (47).jpg,non_flood,3,images (47).jpg,081c115eabecc2b6a32a8af241a25bbc,
/content/flood_dataset_v4/Dataset_Flood/non_flood/화면 캡처 2025-03-05 152609.jpg,non_flood/화면 캡처 2025-03-05 152609.jpg,non_flood,3,화면 캡처 2025-03-05 152609.jpg,191fedca16f441d0ee720de92e6f0cfa,
/content/flood_dataset_v4/Dataset_Flood/non_flood/화면 캡처 2025-03-05 153747.jpg,non_flood/화면 캡처 2025-03-05 153747.jpg,non_flood,3,화면 캡처 2025-03-05 153747.jpg,3df9c7e7c1ea448d7582ff4519ef87b1,
/content/flood_dataset_v4/Dataset_Flood/non_flood/화면 캡처 2025-03-05 160126.jpg,non_flood/화면 캡처 2025-03-05 160126.jpg,non_flood,3,화면 캡처 2025-03-05 160126.jpg,76ae1ac5fd119097941e8546a40f3016,
/content/flood_dataset_v4/Dataset_Flood/non_flood/화면 캡처 2025-03-05 152513.jpg,non_flood/화면 캡처 2025-03-05 152513.jpg,non_flood,3,화면 캡처 2025-03-05 152513.jpg,8559a24ae532c987df8bd3677383fdd5,
/content/flood_dataset_v4/Dataset_Flood/non_flood/화면 캡처 2025-03-05 152042.jpg,non_flood/화면 캡처 2025-03-05 152042.jpg,non_flood,3,화면 캡처 2025-03-05 152042.jpg,6cef1211b2ffa4d4371fea1dff82d10b,
/content/flood_dataset_v4/Dataset_Flood/non_flood/images (43).jpg,non_flood/images (43).jpg,non_flood,3,images (43).jpg,a062a21d646e03fe21a96d31a9a38534,
/content/flood_dataset_v4/Dataset_Flood/non_flood/다운로드 (20).jpg,non_flood/다운로드 (20).jpg,non_flood,3,다운로드 (20).jpg,28c79f32e38e25a5d4c56ae7d28b4ad1,
/content/flood_dataset_v4/Dataset_Flood/non_flood/다운로드 (46) 3.jpg,non_flood/다운로드 (46) 3.jpg,non_flood,3,다운로드 (46) 3.jpg,fdd4537743a5623f2f6fb1c1e32dfde0,
/content/flood_dataset_v4/Dataset_Flood/non_flood/다운로드 (49) 3.jpg,non_flood/다운로드 (49) 3.jpg,non_flood,3,다운로드 (49) 3.jpg,193c5a39caead38201db3559c323cc90,
/content/flood_dataset_v4/Dataset_Flood/non_flood/images (19).jpg,non_flood/images (19).jpg,non_flood,3,images (19).jpg,a8d4b971ddc16e780cdefaf118f55cd4,
/content/flood_dataset_v4/Dataset_Flood/non_flood/화면 캡처 2025-03-05 152852.jpg,non_flood/화면 캡처 2025-03-05 152852.jpg,non_flood,3,화면 캡처 2025-03-05 152852.jpg,4884cd8bfd11d28c5874a13cd0d12b93,
/content/flood_dataset_v4/Dataset_Flood/non_flood/화면 캡처 2025-03-05 181325.jpg,non_flood/화면 캡처 2025-03-05 181325.jpg,non_flood,3,화면 캡처 2025-03-05 181325.jpg,b6b1218c6edcdd79a73586ca3e428aaa,
/content/flood_dataset_v4/Dataset_Flood/non_flood/images (5).jpg,non_flood/images (5).jpg,non_flood,3,images (5).jpg,21e36803d150b7df3ac2b86b4600d692,
/content/flood_dataset_v4/Dataset_Flood/non_flood/화면 캡처 2025-03-05 152524.jpg,non_flood/화면 캡처 2025-03-05 152524.jpg,non_flood,3,화면 캡처 2025-03-05 152524.jpg,bae0ee717f3fe7794a392db51a58d5e4,
/content/flood_dataset_v4/Dataset_Flood/non_flood/3471ac30863afcbdc6989dc78f03fcb7_res.jpeg,non_flood/3471ac30863afcbdc6989dc78f03fcb7_res.jpeg,non_flood,3,3471ac30863afcbdc6989dc78f03fcb7_res.jpeg,e9f5193041bf163dc46cd201eff4b9a8,
/content/flood_dataset_v4/Dataset_Flood/non_flood/화면 캡처 2025-03-05 172133.jpg,non_flood/화면 캡처 2025-03-05 172133.jpg,non_flood,3,화면 캡처 2025-03-05 172133.jpg,cd5372c8d389d771c2268879b233ad51,
/content/flood_dataset_v4/Dataset_Flood/non_flood/다운로드 (11).jpg,non_flood/다운로드 (11).jpg,non_flood,3,다운로드 (11).jpg,590112b5b6702b6c2c7735f05405d1f7,
/content/flood_dataset_v4/Dataset_Flood/non_flood/images (16)1.jpg,non_flood/images (16)1.jpg,non_flood,3,images (16)1.jpg,36eefb68909fbd301aca31253fc51fa0,
/content/flood_dataset_v4/Dataset_Flood/non_flood/화면 캡처 2025-03-05 174840.jpg,non_flood/화면 캡처 2025-03-05 174840.jpg,non_flood,3,화면 캡처 2025-03-05 174840.jpg,2e5998ef3afbdc6e2300b272f5810df5,
/content/flood_dataset_v4/Dataset_Flood/non_flood/1789568749182_282700609501588260_7406490438318140161_2b83d19559cd368a3d61d19f42433de3.jpg,non_flood/1789568749182_282700609501588260_7406490438318140161_2b83d19559cd368a3d61d19f42433de3.jpg,non_flood,3,1789568749182_282700609501588260_7406490438318140161_2b83d19559cd368a3d61d19f42433de3.jpg,9083369b0bf98c746d229f0c0769f1e2,
/content/flood_dataset_v4/Dataset_Flood/non_flood/화면 캡처 2025-03-05 153645.jpg,non_flood/화면 캡처 2025-03-05 153645.jpg,non_flood,3,화면 캡처 2025-03-05 153645.jpg,32da541e5196d5e7186b4d00b9c30789,
/content/flood_dataset_v4/Dataset_Flood/non_flood/화면 캡처 2025-03-05 164144.jpg,non_flood/화면 캡처 2025-03-05 164144.jpg,non_flood,3,화면 캡처 2025-03-05 164144.jpg,eb3de2b3ade59e760d2197f9e0d66a3d,
/content/flood_dataset_v4/Dataset_Flood/non_flood/1789568749061_282700609501588260_7406490438318140161_adc0a85e3101ebb2221f4d23d99d3daa.jpg,non_flood/1789568749061_282700609501588260_7406490438318140161_adc0a85e3101ebb2221f4d23d99d3daa.jpg,non_flood,3,1789568749061_282700609501588260_7406490438318140161_adc0a85e3101ebb2221f4d23d99d3daa.jpg,30584f52bd5d2eab08d3e5a3dc968eab,
/content/flood_dataset_v4/Dataset_Flood/non_flood/images (25).jpg,non_flood/images (25).jpg,non_flood,3,images (25).jpg,664042d3c41f2e1f833c5c1dc1b7adda,
/content/flood_dataset_v4/Dataset_Flood/non_flood/다운로드 (19).jpg,non_flood/다운로드 (19).jpg,non_flood,3,다운로드 (19).jpg,6077b6ddca320955144b8ac06769e2dd,
/content/flood_dataset_v4/Dataset_Flood/non_flood/화면 캡처 2025-03-05 175845.jpg,non_flood/화면 캡처 2025-03-05 175845.jpg,non_flood,3,화면 캡처 2025-03-05 175845.jpg,79d1bfd5d7cd0bb31cf5c327009cab13,
/content/flood_dataset_v4/Dataset_Flood/non_flood/화면 캡처 2025-03-05 175246.jpg,non_flood/화면 캡처 2025-03-05 175246.jpg,non_flood,3,화면 캡처 2025-03-05 175246.jpg,bd84b29063b1ab1bd18c5a034fa51c34,
